

================================================================
== Vitis HLS Report for 'concatenate1d_ap_ufixed_ap_ufixed_ap_fixed_16_6_5_3_0_config13_s'
================================================================
* Date:           Mon Oct 27 14:27:48 2025

* Version:        2024.1 (Build 5069499 on May 21 2024)
* Project:        myproject_prj
* Solution:       solution1 (Vivado IP Flow Target)
* Product family: zynq
* Target device:  xc7z020-clg400-1


================================================================
== Performance Estimates
================================================================
+ Timing: 
    * Summary: 
    +--------+---------+----------+------------+
    |  Clock |  Target | Estimated| Uncertainty|
    +--------+---------+----------+------------+
    |ap_clk  |  5.00 ns|      0 ns|     0.62 ns|
    +--------+---------+----------+------------+

+ Latency: 
    * Summary: 
    +---------+---------+----------+----------+-----+-----+---------+
    |  Latency (cycles) |  Latency (absolute) |  Interval | Pipeline|
    |   min   |   max   |    min   |    max   | min | max |   Type  |
    +---------+---------+----------+----------+-----+-----+---------+
    |        0|        0|      0 ns|      0 ns|    1|    1|      yes|
    +---------+---------+----------+----------+-----+-----+---------+

    + Detail: 
        * Instance: 
        N/A

        * Loop: 
        N/A



================================================================
== Utilization Estimates
================================================================
* Summary: 
+-----------------+---------+-----+--------+-------+-----+
|       Name      | BRAM_18K| DSP |   FF   |  LUT  | URAM|
+-----------------+---------+-----+--------+-------+-----+
|DSP              |        -|    -|       -|      -|    -|
|Expression       |        -|    -|       -|      -|    -|
|FIFO             |        -|    -|       -|      -|    -|
|Instance         |        -|    -|       -|      -|    -|
|Memory           |        -|    -|       -|      -|    -|
|Multiplexer      |        -|    -|       -|      -|    -|
|Register         |        -|    -|       -|      -|    -|
+-----------------+---------+-----+--------+-------+-----+
|Total            |        0|    0|       0|      0|    0|
+-----------------+---------+-----+--------+-------+-----+
|Available        |      280|  220|  106400|  53200|    0|
+-----------------+---------+-----+--------+-------+-----+
|Utilization (%)  |        0|    0|       0|      0|    0|
+-----------------+---------+-----+--------+-------+-----+

+ Detail: 
    * Instance: 
    N/A

    * DSP: 
    N/A

    * Memory: 
    N/A

    * FIFO: 
    N/A

    * Expression: 
    N/A

    * Multiplexer: 
    N/A

    * Register: 
    N/A



================================================================
== Interface
================================================================
* Summary: 
+--------------+-----+-----+------------+------------------------------------------------------------------+--------------+
|   RTL Ports  | Dir | Bits|  Protocol  |                           Source Object                          |    C Type    |
+--------------+-----+-----+------------+------------------------------------------------------------------+--------------+
|ap_ready      |  out|    1|  ap_ctrl_hs|  concatenate1d<ap_ufixed,ap_ufixed,ap_fixed<16,6,5,3,0>,config13>|  return value|
|ap_return_0   |  out|   16|  ap_ctrl_hs|  concatenate1d<ap_ufixed,ap_ufixed,ap_fixed<16,6,5,3,0>,config13>|  return value|
|ap_return_1   |  out|   16|  ap_ctrl_hs|  concatenate1d<ap_ufixed,ap_ufixed,ap_fixed<16,6,5,3,0>,config13>|  return value|
|ap_return_2   |  out|   16|  ap_ctrl_hs|  concatenate1d<ap_ufixed,ap_ufixed,ap_fixed<16,6,5,3,0>,config13>|  return value|
|ap_return_3   |  out|   16|  ap_ctrl_hs|  concatenate1d<ap_ufixed,ap_ufixed,ap_fixed<16,6,5,3,0>,config13>|  return value|
|ap_return_4   |  out|   16|  ap_ctrl_hs|  concatenate1d<ap_ufixed,ap_ufixed,ap_fixed<16,6,5,3,0>,config13>|  return value|
|ap_return_5   |  out|   16|  ap_ctrl_hs|  concatenate1d<ap_ufixed,ap_ufixed,ap_fixed<16,6,5,3,0>,config13>|  return value|
|ap_return_6   |  out|   16|  ap_ctrl_hs|  concatenate1d<ap_ufixed,ap_ufixed,ap_fixed<16,6,5,3,0>,config13>|  return value|
|ap_return_7   |  out|   16|  ap_ctrl_hs|  concatenate1d<ap_ufixed,ap_ufixed,ap_fixed<16,6,5,3,0>,config13>|  return value|
|ap_return_8   |  out|   16|  ap_ctrl_hs|  concatenate1d<ap_ufixed,ap_ufixed,ap_fixed<16,6,5,3,0>,config13>|  return value|
|ap_return_9   |  out|   16|  ap_ctrl_hs|  concatenate1d<ap_ufixed,ap_ufixed,ap_fixed<16,6,5,3,0>,config13>|  return value|
|ap_return_10  |  out|   16|  ap_ctrl_hs|  concatenate1d<ap_ufixed,ap_ufixed,ap_fixed<16,6,5,3,0>,config13>|  return value|
|ap_return_11  |  out|   16|  ap_ctrl_hs|  concatenate1d<ap_ufixed,ap_ufixed,ap_fixed<16,6,5,3,0>,config13>|  return value|
|ap_return_12  |  out|   16|  ap_ctrl_hs|  concatenate1d<ap_ufixed,ap_ufixed,ap_fixed<16,6,5,3,0>,config13>|  return value|
|ap_return_13  |  out|   16|  ap_ctrl_hs|  concatenate1d<ap_ufixed,ap_ufixed,ap_fixed<16,6,5,3,0>,config13>|  return value|
|ap_return_14  |  out|   16|  ap_ctrl_hs|  concatenate1d<ap_ufixed,ap_ufixed,ap_fixed<16,6,5,3,0>,config13>|  return value|
|ap_return_15  |  out|   16|  ap_ctrl_hs|  concatenate1d<ap_ufixed,ap_ufixed,ap_fixed<16,6,5,3,0>,config13>|  return value|
|ap_return_16  |  out|   16|  ap_ctrl_hs|  concatenate1d<ap_ufixed,ap_ufixed,ap_fixed<16,6,5,3,0>,config13>|  return value|
|ap_return_17  |  out|   16|  ap_ctrl_hs|  concatenate1d<ap_ufixed,ap_ufixed,ap_fixed<16,6,5,3,0>,config13>|  return value|
|ap_return_18  |  out|   16|  ap_ctrl_hs|  concatenate1d<ap_ufixed,ap_ufixed,ap_fixed<16,6,5,3,0>,config13>|  return value|
|ap_return_19  |  out|   16|  ap_ctrl_hs|  concatenate1d<ap_ufixed,ap_ufixed,ap_fixed<16,6,5,3,0>,config13>|  return value|
|ap_return_20  |  out|   16|  ap_ctrl_hs|  concatenate1d<ap_ufixed,ap_ufixed,ap_fixed<16,6,5,3,0>,config13>|  return value|
|ap_return_21  |  out|   16|  ap_ctrl_hs|  concatenate1d<ap_ufixed,ap_ufixed,ap_fixed<16,6,5,3,0>,config13>|  return value|
|ap_return_22  |  out|   16|  ap_ctrl_hs|  concatenate1d<ap_ufixed,ap_ufixed,ap_fixed<16,6,5,3,0>,config13>|  return value|
|ap_return_23  |  out|   16|  ap_ctrl_hs|  concatenate1d<ap_ufixed,ap_ufixed,ap_fixed<16,6,5,3,0>,config13>|  return value|
|ap_return_24  |  out|   16|  ap_ctrl_hs|  concatenate1d<ap_ufixed,ap_ufixed,ap_fixed<16,6,5,3,0>,config13>|  return value|
|ap_return_25  |  out|   16|  ap_ctrl_hs|  concatenate1d<ap_ufixed,ap_ufixed,ap_fixed<16,6,5,3,0>,config13>|  return value|
|ap_return_26  |  out|   16|  ap_ctrl_hs|  concatenate1d<ap_ufixed,ap_ufixed,ap_fixed<16,6,5,3,0>,config13>|  return value|
|ap_return_27  |  out|   16|  ap_ctrl_hs|  concatenate1d<ap_ufixed,ap_ufixed,ap_fixed<16,6,5,3,0>,config13>|  return value|
|ap_return_28  |  out|   16|  ap_ctrl_hs|  concatenate1d<ap_ufixed,ap_ufixed,ap_fixed<16,6,5,3,0>,config13>|  return value|
|ap_return_29  |  out|   16|  ap_ctrl_hs|  concatenate1d<ap_ufixed,ap_ufixed,ap_fixed<16,6,5,3,0>,config13>|  return value|
|ap_return_30  |  out|   16|  ap_ctrl_hs|  concatenate1d<ap_ufixed,ap_ufixed,ap_fixed<16,6,5,3,0>,config13>|  return value|
|ap_return_31  |  out|   16|  ap_ctrl_hs|  concatenate1d<ap_ufixed,ap_ufixed,ap_fixed<16,6,5,3,0>,config13>|  return value|
|ap_return_32  |  out|   16|  ap_ctrl_hs|  concatenate1d<ap_ufixed,ap_ufixed,ap_fixed<16,6,5,3,0>,config13>|  return value|
|ap_return_33  |  out|   16|  ap_ctrl_hs|  concatenate1d<ap_ufixed,ap_ufixed,ap_fixed<16,6,5,3,0>,config13>|  return value|
|ap_return_34  |  out|   16|  ap_ctrl_hs|  concatenate1d<ap_ufixed,ap_ufixed,ap_fixed<16,6,5,3,0>,config13>|  return value|
|ap_return_35  |  out|   16|  ap_ctrl_hs|  concatenate1d<ap_ufixed,ap_ufixed,ap_fixed<16,6,5,3,0>,config13>|  return value|
|ap_return_36  |  out|   16|  ap_ctrl_hs|  concatenate1d<ap_ufixed,ap_ufixed,ap_fixed<16,6,5,3,0>,config13>|  return value|
|ap_return_37  |  out|   16|  ap_ctrl_hs|  concatenate1d<ap_ufixed,ap_ufixed,ap_fixed<16,6,5,3,0>,config13>|  return value|
|ap_return_38  |  out|   16|  ap_ctrl_hs|  concatenate1d<ap_ufixed,ap_ufixed,ap_fixed<16,6,5,3,0>,config13>|  return value|
|ap_return_39  |  out|   16|  ap_ctrl_hs|  concatenate1d<ap_ufixed,ap_ufixed,ap_fixed<16,6,5,3,0>,config13>|  return value|
|ap_return_40  |  out|   16|  ap_ctrl_hs|  concatenate1d<ap_ufixed,ap_ufixed,ap_fixed<16,6,5,3,0>,config13>|  return value|
|ap_return_41  |  out|   16|  ap_ctrl_hs|  concatenate1d<ap_ufixed,ap_ufixed,ap_fixed<16,6,5,3,0>,config13>|  return value|
|ap_return_42  |  out|   16|  ap_ctrl_hs|  concatenate1d<ap_ufixed,ap_ufixed,ap_fixed<16,6,5,3,0>,config13>|  return value|
|ap_return_43  |  out|   16|  ap_ctrl_hs|  concatenate1d<ap_ufixed,ap_ufixed,ap_fixed<16,6,5,3,0>,config13>|  return value|
|ap_return_44  |  out|   16|  ap_ctrl_hs|  concatenate1d<ap_ufixed,ap_ufixed,ap_fixed<16,6,5,3,0>,config13>|  return value|
|ap_return_45  |  out|   16|  ap_ctrl_hs|  concatenate1d<ap_ufixed,ap_ufixed,ap_fixed<16,6,5,3,0>,config13>|  return value|
|ap_return_46  |  out|   16|  ap_ctrl_hs|  concatenate1d<ap_ufixed,ap_ufixed,ap_fixed<16,6,5,3,0>,config13>|  return value|
|ap_return_47  |  out|   16|  ap_ctrl_hs|  concatenate1d<ap_ufixed,ap_ufixed,ap_fixed<16,6,5,3,0>,config13>|  return value|
|ap_return_48  |  out|   16|  ap_ctrl_hs|  concatenate1d<ap_ufixed,ap_ufixed,ap_fixed<16,6,5,3,0>,config13>|  return value|
|ap_return_49  |  out|   16|  ap_ctrl_hs|  concatenate1d<ap_ufixed,ap_ufixed,ap_fixed<16,6,5,3,0>,config13>|  return value|
|ap_return_50  |  out|   16|  ap_ctrl_hs|  concatenate1d<ap_ufixed,ap_ufixed,ap_fixed<16,6,5,3,0>,config13>|  return value|
|ap_return_51  |  out|   16|  ap_ctrl_hs|  concatenate1d<ap_ufixed,ap_ufixed,ap_fixed<16,6,5,3,0>,config13>|  return value|
|ap_return_52  |  out|   16|  ap_ctrl_hs|  concatenate1d<ap_ufixed,ap_ufixed,ap_fixed<16,6,5,3,0>,config13>|  return value|
|ap_return_53  |  out|   16|  ap_ctrl_hs|  concatenate1d<ap_ufixed,ap_ufixed,ap_fixed<16,6,5,3,0>,config13>|  return value|
|ap_return_54  |  out|   16|  ap_ctrl_hs|  concatenate1d<ap_ufixed,ap_ufixed,ap_fixed<16,6,5,3,0>,config13>|  return value|
|ap_return_55  |  out|   16|  ap_ctrl_hs|  concatenate1d<ap_ufixed,ap_ufixed,ap_fixed<16,6,5,3,0>,config13>|  return value|
|ap_return_56  |  out|   16|  ap_ctrl_hs|  concatenate1d<ap_ufixed,ap_ufixed,ap_fixed<16,6,5,3,0>,config13>|  return value|
|ap_return_57  |  out|   16|  ap_ctrl_hs|  concatenate1d<ap_ufixed,ap_ufixed,ap_fixed<16,6,5,3,0>,config13>|  return value|
|ap_return_58  |  out|   16|  ap_ctrl_hs|  concatenate1d<ap_ufixed,ap_ufixed,ap_fixed<16,6,5,3,0>,config13>|  return value|
|ap_return_59  |  out|   16|  ap_ctrl_hs|  concatenate1d<ap_ufixed,ap_ufixed,ap_fixed<16,6,5,3,0>,config13>|  return value|
|ap_return_60  |  out|   16|  ap_ctrl_hs|  concatenate1d<ap_ufixed,ap_ufixed,ap_fixed<16,6,5,3,0>,config13>|  return value|
|ap_return_61  |  out|   16|  ap_ctrl_hs|  concatenate1d<ap_ufixed,ap_ufixed,ap_fixed<16,6,5,3,0>,config13>|  return value|
|ap_return_62  |  out|   16|  ap_ctrl_hs|  concatenate1d<ap_ufixed,ap_ufixed,ap_fixed<16,6,5,3,0>,config13>|  return value|
|ap_return_63  |  out|   16|  ap_ctrl_hs|  concatenate1d<ap_ufixed,ap_ufixed,ap_fixed<16,6,5,3,0>,config13>|  return value|
|ap_rst        |   in|    1|  ap_ctrl_hs|  concatenate1d<ap_ufixed,ap_ufixed,ap_fixed<16,6,5,3,0>,config13>|  return value|
|data1_0_val   |   in|    8|     ap_none|                                                       data1_0_val|        scalar|
|data1_1_val   |   in|    8|     ap_none|                                                       data1_1_val|        scalar|
|data1_2_val   |   in|    8|     ap_none|                                                       data1_2_val|        scalar|
|data1_3_val   |   in|    8|     ap_none|                                                       data1_3_val|        scalar|
|data1_4_val   |   in|    8|     ap_none|                                                       data1_4_val|        scalar|
|data1_5_val   |   in|    8|     ap_none|                                                       data1_5_val|        scalar|
|data1_6_val   |   in|    8|     ap_none|                                                       data1_6_val|        scalar|
|data1_7_val   |   in|    8|     ap_none|                                                       data1_7_val|        scalar|
|data1_8_val   |   in|    8|     ap_none|                                                       data1_8_val|        scalar|
|data1_9_val   |   in|    8|     ap_none|                                                       data1_9_val|        scalar|
|data1_10_val  |   in|    8|     ap_none|                                                      data1_10_val|        scalar|
|data1_11_val  |   in|    8|     ap_none|                                                      data1_11_val|        scalar|
|data1_12_val  |   in|    8|     ap_none|                                                      data1_12_val|        scalar|
|data1_13_val  |   in|    8|     ap_none|                                                      data1_13_val|        scalar|
|data1_14_val  |   in|    8|     ap_none|                                                      data1_14_val|        scalar|
|data1_15_val  |   in|    8|     ap_none|                                                      data1_15_val|        scalar|
|data1_16_val  |   in|    8|     ap_none|                                                      data1_16_val|        scalar|
|data1_17_val  |   in|    8|     ap_none|                                                      data1_17_val|        scalar|
|data1_18_val  |   in|    8|     ap_none|                                                      data1_18_val|        scalar|
|data1_19_val  |   in|    8|     ap_none|                                                      data1_19_val|        scalar|
|data1_20_val  |   in|    8|     ap_none|                                                      data1_20_val|        scalar|
|data1_21_val  |   in|    8|     ap_none|                                                      data1_21_val|        scalar|
|data1_22_val  |   in|    8|     ap_none|                                                      data1_22_val|        scalar|
|data1_23_val  |   in|    8|     ap_none|                                                      data1_23_val|        scalar|
|data1_24_val  |   in|    8|     ap_none|                                                      data1_24_val|        scalar|
|data1_25_val  |   in|    8|     ap_none|                                                      data1_25_val|        scalar|
|data1_26_val  |   in|    8|     ap_none|                                                      data1_26_val|        scalar|
|data1_27_val  |   in|    8|     ap_none|                                                      data1_27_val|        scalar|
|data1_28_val  |   in|    8|     ap_none|                                                      data1_28_val|        scalar|
|data1_29_val  |   in|    8|     ap_none|                                                      data1_29_val|        scalar|
|data1_30_val  |   in|    8|     ap_none|                                                      data1_30_val|        scalar|
|data1_31_val  |   in|    8|     ap_none|                                                      data1_31_val|        scalar|
|data2_0_val   |   in|    8|     ap_none|                                                       data2_0_val|        scalar|
|data2_1_val   |   in|    8|     ap_none|                                                       data2_1_val|        scalar|
|data2_2_val   |   in|    8|     ap_none|                                                       data2_2_val|        scalar|
|data2_3_val   |   in|    8|     ap_none|                                                       data2_3_val|        scalar|
|data2_4_val   |   in|    8|     ap_none|                                                       data2_4_val|        scalar|
|data2_5_val   |   in|    8|     ap_none|                                                       data2_5_val|        scalar|
|data2_6_val   |   in|    8|     ap_none|                                                       data2_6_val|        scalar|
|data2_7_val   |   in|    8|     ap_none|                                                       data2_7_val|        scalar|
|data2_8_val   |   in|    8|     ap_none|                                                       data2_8_val|        scalar|
|data2_9_val   |   in|    8|     ap_none|                                                       data2_9_val|        scalar|
|data2_10_val  |   in|    8|     ap_none|                                                      data2_10_val|        scalar|
|data2_11_val  |   in|    8|     ap_none|                                                      data2_11_val|        scalar|
|data2_12_val  |   in|    8|     ap_none|                                                      data2_12_val|        scalar|
|data2_13_val  |   in|    8|     ap_none|                                                      data2_13_val|        scalar|
|data2_14_val  |   in|    8|     ap_none|                                                      data2_14_val|        scalar|
|data2_15_val  |   in|    8|     ap_none|                                                      data2_15_val|        scalar|
|data2_16_val  |   in|    8|     ap_none|                                                      data2_16_val|        scalar|
|data2_17_val  |   in|    8|     ap_none|                                                      data2_17_val|        scalar|
|data2_18_val  |   in|    8|     ap_none|                                                      data2_18_val|        scalar|
|data2_19_val  |   in|    8|     ap_none|                                                      data2_19_val|        scalar|
|data2_20_val  |   in|    8|     ap_none|                                                      data2_20_val|        scalar|
|data2_21_val  |   in|    8|     ap_none|                                                      data2_21_val|        scalar|
|data2_22_val  |   in|    8|     ap_none|                                                      data2_22_val|        scalar|
|data2_23_val  |   in|    8|     ap_none|                                                      data2_23_val|        scalar|
|data2_24_val  |   in|    8|     ap_none|                                                      data2_24_val|        scalar|
|data2_25_val  |   in|    8|     ap_none|                                                      data2_25_val|        scalar|
|data2_26_val  |   in|    8|     ap_none|                                                      data2_26_val|        scalar|
|data2_27_val  |   in|    8|     ap_none|                                                      data2_27_val|        scalar|
|data2_28_val  |   in|    8|     ap_none|                                                      data2_28_val|        scalar|
|data2_29_val  |   in|    8|     ap_none|                                                      data2_29_val|        scalar|
|data2_30_val  |   in|    8|     ap_none|                                                      data2_30_val|        scalar|
|data2_31_val  |   in|    8|     ap_none|                                                      data2_31_val|        scalar|
+--------------+-----+-----+------------+------------------------------------------------------------------+--------------+

============================================================
+ Verbose Summary: Synthesis Manager
============================================================
InlineROM: 1
ExposeGlobal: 0
============================================================
+ Verbose Summary: CDFG Model
============================================================
IsTopModel: 0
ResetActiveHigh: 1
IsCombinational: 1
IsDatapathOnly: 2
HasWiredReturn: 1
HasMFsm: 2
HasVarLatency: 0
IsPipeline: 1
IsRtlPipelined: 0
IsInstanceOverlapped: 0
IsDontTouch: 0
HasImplIP: 0
IsGatedGlobalClock: 0

+ Individual pipeline summary: 
  * Pipeline-0: initiation interval (II) = 1, depth = 1


============================================================
+ Verbose Summary: Schedule
============================================================
* Number of FSM states : 1
* Pipeline : 1
  Pipeline-0 : II = 1, D = 1, States = { 1 }
* Dataflow Pipeline: 0

* FSM state transitions: 
1 --> 

* FSM state operations: 

State 1 <SV = 0> <Delay = 0.00>
ST_1 : Operation 2 [1/1] (0.00ns)   --->   "%specpipeline_ln120 = specpipeline void @_ssdm_op_SpecPipeline, i32 4294967295, i32 0, i32 0, i32 0, void @empty_0" [firmware/nnet_utils/nnet_merge.h:120]   --->   Operation 2 'specpipeline' 'specpipeline_ln120' <Predicate = true> <Delay = 0.00>
ST_1 : Operation 3 [1/1] (0.00ns)   --->   "%data2_31_val_read = read i8 @_ssdm_op_Read.ap_auto.i8, i8 %data2_31_val" [firmware/nnet_utils/nnet_merge.h:120]   --->   Operation 3 'read' 'data2_31_val_read' <Predicate = true> <Delay = 0.00>
ST_1 : Operation 4 [1/1] (0.00ns)   --->   "%data2_30_val_read = read i8 @_ssdm_op_Read.ap_auto.i8, i8 %data2_30_val" [firmware/nnet_utils/nnet_merge.h:120]   --->   Operation 4 'read' 'data2_30_val_read' <Predicate = true> <Delay = 0.00>
ST_1 : Operation 5 [1/1] (0.00ns)   --->   "%data2_29_val_read = read i8 @_ssdm_op_Read.ap_auto.i8, i8 %data2_29_val" [firmware/nnet_utils/nnet_merge.h:120]   --->   Operation 5 'read' 'data2_29_val_read' <Predicate = true> <Delay = 0.00>
ST_1 : Operation 6 [1/1] (0.00ns)   --->   "%data2_28_val_read = read i8 @_ssdm_op_Read.ap_auto.i8, i8 %data2_28_val" [firmware/nnet_utils/nnet_merge.h:120]   --->   Operation 6 'read' 'data2_28_val_read' <Predicate = true> <Delay = 0.00>
ST_1 : Operation 7 [1/1] (0.00ns)   --->   "%data2_27_val_read = read i8 @_ssdm_op_Read.ap_auto.i8, i8 %data2_27_val" [firmware/nnet_utils/nnet_merge.h:120]   --->   Operation 7 'read' 'data2_27_val_read' <Predicate = true> <Delay = 0.00>
ST_1 : Operation 8 [1/1] (0.00ns)   --->   "%data2_26_val_read = read i8 @_ssdm_op_Read.ap_auto.i8, i8 %data2_26_val" [firmware/nnet_utils/nnet_merge.h:120]   --->   Operation 8 'read' 'data2_26_val_read' <Predicate = true> <Delay = 0.00>
ST_1 : Operation 9 [1/1] (0.00ns)   --->   "%data2_25_val_read = read i8 @_ssdm_op_Read.ap_auto.i8, i8 %data2_25_val" [firmware/nnet_utils/nnet_merge.h:120]   --->   Operation 9 'read' 'data2_25_val_read' <Predicate = true> <Delay = 0.00>
ST_1 : Operation 10 [1/1] (0.00ns)   --->   "%data2_24_val_read = read i8 @_ssdm_op_Read.ap_auto.i8, i8 %data2_24_val" [firmware/nnet_utils/nnet_merge.h:120]   --->   Operation 10 'read' 'data2_24_val_read' <Predicate = true> <Delay = 0.00>
ST_1 : Operation 11 [1/1] (0.00ns)   --->   "%data2_23_val_read = read i8 @_ssdm_op_Read.ap_auto.i8, i8 %data2_23_val" [firmware/nnet_utils/nnet_merge.h:120]   --->   Operation 11 'read' 'data2_23_val_read' <Predicate = true> <Delay = 0.00>
ST_1 : Operation 12 [1/1] (0.00ns)   --->   "%data2_22_val_read = read i8 @_ssdm_op_Read.ap_auto.i8, i8 %data2_22_val" [firmware/nnet_utils/nnet_merge.h:120]   --->   Operation 12 'read' 'data2_22_val_read' <Predicate = true> <Delay = 0.00>
ST_1 : Operation 13 [1/1] (0.00ns)   --->   "%data2_21_val_read = read i8 @_ssdm_op_Read.ap_auto.i8, i8 %data2_21_val" [firmware/nnet_utils/nnet_merge.h:120]   --->   Operation 13 'read' 'data2_21_val_read' <Predicate = true> <Delay = 0.00>
ST_1 : Operation 14 [1/1] (0.00ns)   --->   "%data2_20_val_read = read i8 @_ssdm_op_Read.ap_auto.i8, i8 %data2_20_val" [firmware/nnet_utils/nnet_merge.h:120]   --->   Operation 14 'read' 'data2_20_val_read' <Predicate = true> <Delay = 0.00>
ST_1 : Operation 15 [1/1] (0.00ns)   --->   "%data2_19_val_read = read i8 @_ssdm_op_Read.ap_auto.i8, i8 %data2_19_val" [firmware/nnet_utils/nnet_merge.h:120]   --->   Operation 15 'read' 'data2_19_val_read' <Predicate = true> <Delay = 0.00>
ST_1 : Operation 16 [1/1] (0.00ns)   --->   "%data2_18_val_read = read i8 @_ssdm_op_Read.ap_auto.i8, i8 %data2_18_val" [firmware/nnet_utils/nnet_merge.h:120]   --->   Operation 16 'read' 'data2_18_val_read' <Predicate = true> <Delay = 0.00>
ST_1 : Operation 17 [1/1] (0.00ns)   --->   "%data2_17_val_read = read i8 @_ssdm_op_Read.ap_auto.i8, i8 %data2_17_val" [firmware/nnet_utils/nnet_merge.h:120]   --->   Operation 17 'read' 'data2_17_val_read' <Predicate = true> <Delay = 0.00>
ST_1 : Operation 18 [1/1] (0.00ns)   --->   "%data2_16_val_read = read i8 @_ssdm_op_Read.ap_auto.i8, i8 %data2_16_val" [firmware/nnet_utils/nnet_merge.h:120]   --->   Operation 18 'read' 'data2_16_val_read' <Predicate = true> <Delay = 0.00>
ST_1 : Operation 19 [1/1] (0.00ns)   --->   "%data2_15_val_read = read i8 @_ssdm_op_Read.ap_auto.i8, i8 %data2_15_val" [firmware/nnet_utils/nnet_merge.h:120]   --->   Operation 19 'read' 'data2_15_val_read' <Predicate = true> <Delay = 0.00>
ST_1 : Operation 20 [1/1] (0.00ns)   --->   "%data2_14_val_read = read i8 @_ssdm_op_Read.ap_auto.i8, i8 %data2_14_val" [firmware/nnet_utils/nnet_merge.h:120]   --->   Operation 20 'read' 'data2_14_val_read' <Predicate = true> <Delay = 0.00>
ST_1 : Operation 21 [1/1] (0.00ns)   --->   "%data2_13_val_read = read i8 @_ssdm_op_Read.ap_auto.i8, i8 %data2_13_val" [firmware/nnet_utils/nnet_merge.h:120]   --->   Operation 21 'read' 'data2_13_val_read' <Predicate = true> <Delay = 0.00>
ST_1 : Operation 22 [1/1] (0.00ns)   --->   "%data2_12_val_read = read i8 @_ssdm_op_Read.ap_auto.i8, i8 %data2_12_val" [firmware/nnet_utils/nnet_merge.h:120]   --->   Operation 22 'read' 'data2_12_val_read' <Predicate = true> <Delay = 0.00>
ST_1 : Operation 23 [1/1] (0.00ns)   --->   "%data2_11_val_read = read i8 @_ssdm_op_Read.ap_auto.i8, i8 %data2_11_val" [firmware/nnet_utils/nnet_merge.h:120]   --->   Operation 23 'read' 'data2_11_val_read' <Predicate = true> <Delay = 0.00>
ST_1 : Operation 24 [1/1] (0.00ns)   --->   "%data2_10_val_read = read i8 @_ssdm_op_Read.ap_auto.i8, i8 %data2_10_val" [firmware/nnet_utils/nnet_merge.h:120]   --->   Operation 24 'read' 'data2_10_val_read' <Predicate = true> <Delay = 0.00>
ST_1 : Operation 25 [1/1] (0.00ns)   --->   "%data2_9_val_read = read i8 @_ssdm_op_Read.ap_auto.i8, i8 %data2_9_val" [firmware/nnet_utils/nnet_merge.h:120]   --->   Operation 25 'read' 'data2_9_val_read' <Predicate = true> <Delay = 0.00>
ST_1 : Operation 26 [1/1] (0.00ns)   --->   "%data2_8_val_read = read i8 @_ssdm_op_Read.ap_auto.i8, i8 %data2_8_val" [firmware/nnet_utils/nnet_merge.h:120]   --->   Operation 26 'read' 'data2_8_val_read' <Predicate = true> <Delay = 0.00>
ST_1 : Operation 27 [1/1] (0.00ns)   --->   "%data2_7_val_read = read i8 @_ssdm_op_Read.ap_auto.i8, i8 %data2_7_val" [firmware/nnet_utils/nnet_merge.h:120]   --->   Operation 27 'read' 'data2_7_val_read' <Predicate = true> <Delay = 0.00>
ST_1 : Operation 28 [1/1] (0.00ns)   --->   "%data2_6_val_read = read i8 @_ssdm_op_Read.ap_auto.i8, i8 %data2_6_val" [firmware/nnet_utils/nnet_merge.h:120]   --->   Operation 28 'read' 'data2_6_val_read' <Predicate = true> <Delay = 0.00>
ST_1 : Operation 29 [1/1] (0.00ns)   --->   "%data2_5_val_read = read i8 @_ssdm_op_Read.ap_auto.i8, i8 %data2_5_val" [firmware/nnet_utils/nnet_merge.h:120]   --->   Operation 29 'read' 'data2_5_val_read' <Predicate = true> <Delay = 0.00>
ST_1 : Operation 30 [1/1] (0.00ns)   --->   "%data2_4_val_read = read i8 @_ssdm_op_Read.ap_auto.i8, i8 %data2_4_val" [firmware/nnet_utils/nnet_merge.h:120]   --->   Operation 30 'read' 'data2_4_val_read' <Predicate = true> <Delay = 0.00>
ST_1 : Operation 31 [1/1] (0.00ns)   --->   "%data2_3_val_read = read i8 @_ssdm_op_Read.ap_auto.i8, i8 %data2_3_val" [firmware/nnet_utils/nnet_merge.h:120]   --->   Operation 31 'read' 'data2_3_val_read' <Predicate = true> <Delay = 0.00>
ST_1 : Operation 32 [1/1] (0.00ns)   --->   "%data2_2_val_read = read i8 @_ssdm_op_Read.ap_auto.i8, i8 %data2_2_val" [firmware/nnet_utils/nnet_merge.h:120]   --->   Operation 32 'read' 'data2_2_val_read' <Predicate = true> <Delay = 0.00>
ST_1 : Operation 33 [1/1] (0.00ns)   --->   "%data2_1_val_read = read i8 @_ssdm_op_Read.ap_auto.i8, i8 %data2_1_val" [firmware/nnet_utils/nnet_merge.h:120]   --->   Operation 33 'read' 'data2_1_val_read' <Predicate = true> <Delay = 0.00>
ST_1 : Operation 34 [1/1] (0.00ns)   --->   "%data2_0_val_read = read i8 @_ssdm_op_Read.ap_auto.i8, i8 %data2_0_val" [firmware/nnet_utils/nnet_merge.h:120]   --->   Operation 34 'read' 'data2_0_val_read' <Predicate = true> <Delay = 0.00>
ST_1 : Operation 35 [1/1] (0.00ns)   --->   "%data1_31_val_read = read i8 @_ssdm_op_Read.ap_auto.i8, i8 %data1_31_val" [firmware/nnet_utils/nnet_merge.h:120]   --->   Operation 35 'read' 'data1_31_val_read' <Predicate = true> <Delay = 0.00>
ST_1 : Operation 36 [1/1] (0.00ns)   --->   "%data1_30_val_read = read i8 @_ssdm_op_Read.ap_auto.i8, i8 %data1_30_val" [firmware/nnet_utils/nnet_merge.h:120]   --->   Operation 36 'read' 'data1_30_val_read' <Predicate = true> <Delay = 0.00>
ST_1 : Operation 37 [1/1] (0.00ns)   --->   "%data1_29_val_read = read i8 @_ssdm_op_Read.ap_auto.i8, i8 %data1_29_val" [firmware/nnet_utils/nnet_merge.h:120]   --->   Operation 37 'read' 'data1_29_val_read' <Predicate = true> <Delay = 0.00>
ST_1 : Operation 38 [1/1] (0.00ns)   --->   "%data1_28_val_read = read i8 @_ssdm_op_Read.ap_auto.i8, i8 %data1_28_val" [firmware/nnet_utils/nnet_merge.h:120]   --->   Operation 38 'read' 'data1_28_val_read' <Predicate = true> <Delay = 0.00>
ST_1 : Operation 39 [1/1] (0.00ns)   --->   "%data1_27_val_read = read i8 @_ssdm_op_Read.ap_auto.i8, i8 %data1_27_val" [firmware/nnet_utils/nnet_merge.h:120]   --->   Operation 39 'read' 'data1_27_val_read' <Predicate = true> <Delay = 0.00>
ST_1 : Operation 40 [1/1] (0.00ns)   --->   "%data1_26_val_read = read i8 @_ssdm_op_Read.ap_auto.i8, i8 %data1_26_val" [firmware/nnet_utils/nnet_merge.h:120]   --->   Operation 40 'read' 'data1_26_val_read' <Predicate = true> <Delay = 0.00>
ST_1 : Operation 41 [1/1] (0.00ns)   --->   "%data1_25_val_read = read i8 @_ssdm_op_Read.ap_auto.i8, i8 %data1_25_val" [firmware/nnet_utils/nnet_merge.h:120]   --->   Operation 41 'read' 'data1_25_val_read' <Predicate = true> <Delay = 0.00>
ST_1 : Operation 42 [1/1] (0.00ns)   --->   "%data1_24_val_read = read i8 @_ssdm_op_Read.ap_auto.i8, i8 %data1_24_val" [firmware/nnet_utils/nnet_merge.h:120]   --->   Operation 42 'read' 'data1_24_val_read' <Predicate = true> <Delay = 0.00>
ST_1 : Operation 43 [1/1] (0.00ns)   --->   "%data1_23_val_read = read i8 @_ssdm_op_Read.ap_auto.i8, i8 %data1_23_val" [firmware/nnet_utils/nnet_merge.h:120]   --->   Operation 43 'read' 'data1_23_val_read' <Predicate = true> <Delay = 0.00>
ST_1 : Operation 44 [1/1] (0.00ns)   --->   "%data1_22_val_read = read i8 @_ssdm_op_Read.ap_auto.i8, i8 %data1_22_val" [firmware/nnet_utils/nnet_merge.h:120]   --->   Operation 44 'read' 'data1_22_val_read' <Predicate = true> <Delay = 0.00>
ST_1 : Operation 45 [1/1] (0.00ns)   --->   "%data1_21_val_read = read i8 @_ssdm_op_Read.ap_auto.i8, i8 %data1_21_val" [firmware/nnet_utils/nnet_merge.h:120]   --->   Operation 45 'read' 'data1_21_val_read' <Predicate = true> <Delay = 0.00>
ST_1 : Operation 46 [1/1] (0.00ns)   --->   "%data1_20_val_read = read i8 @_ssdm_op_Read.ap_auto.i8, i8 %data1_20_val" [firmware/nnet_utils/nnet_merge.h:120]   --->   Operation 46 'read' 'data1_20_val_read' <Predicate = true> <Delay = 0.00>
ST_1 : Operation 47 [1/1] (0.00ns)   --->   "%data1_19_val_read = read i8 @_ssdm_op_Read.ap_auto.i8, i8 %data1_19_val" [firmware/nnet_utils/nnet_merge.h:120]   --->   Operation 47 'read' 'data1_19_val_read' <Predicate = true> <Delay = 0.00>
ST_1 : Operation 48 [1/1] (0.00ns)   --->   "%data1_18_val_read = read i8 @_ssdm_op_Read.ap_auto.i8, i8 %data1_18_val" [firmware/nnet_utils/nnet_merge.h:120]   --->   Operation 48 'read' 'data1_18_val_read' <Predicate = true> <Delay = 0.00>
ST_1 : Operation 49 [1/1] (0.00ns)   --->   "%data1_17_val_read = read i8 @_ssdm_op_Read.ap_auto.i8, i8 %data1_17_val" [firmware/nnet_utils/nnet_merge.h:120]   --->   Operation 49 'read' 'data1_17_val_read' <Predicate = true> <Delay = 0.00>
ST_1 : Operation 50 [1/1] (0.00ns)   --->   "%data1_16_val_read = read i8 @_ssdm_op_Read.ap_auto.i8, i8 %data1_16_val" [firmware/nnet_utils/nnet_merge.h:120]   --->   Operation 50 'read' 'data1_16_val_read' <Predicate = true> <Delay = 0.00>
ST_1 : Operation 51 [1/1] (0.00ns)   --->   "%data1_15_val_read = read i8 @_ssdm_op_Read.ap_auto.i8, i8 %data1_15_val" [firmware/nnet_utils/nnet_merge.h:120]   --->   Operation 51 'read' 'data1_15_val_read' <Predicate = true> <Delay = 0.00>
ST_1 : Operation 52 [1/1] (0.00ns)   --->   "%data1_14_val_read = read i8 @_ssdm_op_Read.ap_auto.i8, i8 %data1_14_val" [firmware/nnet_utils/nnet_merge.h:120]   --->   Operation 52 'read' 'data1_14_val_read' <Predicate = true> <Delay = 0.00>
ST_1 : Operation 53 [1/1] (0.00ns)   --->   "%data1_13_val_read = read i8 @_ssdm_op_Read.ap_auto.i8, i8 %data1_13_val" [firmware/nnet_utils/nnet_merge.h:120]   --->   Operation 53 'read' 'data1_13_val_read' <Predicate = true> <Delay = 0.00>
ST_1 : Operation 54 [1/1] (0.00ns)   --->   "%data1_12_val_read = read i8 @_ssdm_op_Read.ap_auto.i8, i8 %data1_12_val" [firmware/nnet_utils/nnet_merge.h:120]   --->   Operation 54 'read' 'data1_12_val_read' <Predicate = true> <Delay = 0.00>
ST_1 : Operation 55 [1/1] (0.00ns)   --->   "%data1_11_val_read = read i8 @_ssdm_op_Read.ap_auto.i8, i8 %data1_11_val" [firmware/nnet_utils/nnet_merge.h:120]   --->   Operation 55 'read' 'data1_11_val_read' <Predicate = true> <Delay = 0.00>
ST_1 : Operation 56 [1/1] (0.00ns)   --->   "%data1_10_val_read = read i8 @_ssdm_op_Read.ap_auto.i8, i8 %data1_10_val" [firmware/nnet_utils/nnet_merge.h:120]   --->   Operation 56 'read' 'data1_10_val_read' <Predicate = true> <Delay = 0.00>
ST_1 : Operation 57 [1/1] (0.00ns)   --->   "%data1_9_val_read = read i8 @_ssdm_op_Read.ap_auto.i8, i8 %data1_9_val" [firmware/nnet_utils/nnet_merge.h:120]   --->   Operation 57 'read' 'data1_9_val_read' <Predicate = true> <Delay = 0.00>
ST_1 : Operation 58 [1/1] (0.00ns)   --->   "%data1_8_val_read = read i8 @_ssdm_op_Read.ap_auto.i8, i8 %data1_8_val" [firmware/nnet_utils/nnet_merge.h:120]   --->   Operation 58 'read' 'data1_8_val_read' <Predicate = true> <Delay = 0.00>
ST_1 : Operation 59 [1/1] (0.00ns)   --->   "%data1_7_val_read = read i8 @_ssdm_op_Read.ap_auto.i8, i8 %data1_7_val" [firmware/nnet_utils/nnet_merge.h:120]   --->   Operation 59 'read' 'data1_7_val_read' <Predicate = true> <Delay = 0.00>
ST_1 : Operation 60 [1/1] (0.00ns)   --->   "%data1_6_val_read = read i8 @_ssdm_op_Read.ap_auto.i8, i8 %data1_6_val" [firmware/nnet_utils/nnet_merge.h:120]   --->   Operation 60 'read' 'data1_6_val_read' <Predicate = true> <Delay = 0.00>
ST_1 : Operation 61 [1/1] (0.00ns)   --->   "%data1_5_val_read = read i8 @_ssdm_op_Read.ap_auto.i8, i8 %data1_5_val" [firmware/nnet_utils/nnet_merge.h:120]   --->   Operation 61 'read' 'data1_5_val_read' <Predicate = true> <Delay = 0.00>
ST_1 : Operation 62 [1/1] (0.00ns)   --->   "%data1_4_val_read = read i8 @_ssdm_op_Read.ap_auto.i8, i8 %data1_4_val" [firmware/nnet_utils/nnet_merge.h:120]   --->   Operation 62 'read' 'data1_4_val_read' <Predicate = true> <Delay = 0.00>
ST_1 : Operation 63 [1/1] (0.00ns)   --->   "%data1_3_val_read = read i8 @_ssdm_op_Read.ap_auto.i8, i8 %data1_3_val" [firmware/nnet_utils/nnet_merge.h:120]   --->   Operation 63 'read' 'data1_3_val_read' <Predicate = true> <Delay = 0.00>
ST_1 : Operation 64 [1/1] (0.00ns)   --->   "%data1_2_val_read = read i8 @_ssdm_op_Read.ap_auto.i8, i8 %data1_2_val" [firmware/nnet_utils/nnet_merge.h:120]   --->   Operation 64 'read' 'data1_2_val_read' <Predicate = true> <Delay = 0.00>
ST_1 : Operation 65 [1/1] (0.00ns)   --->   "%data1_1_val_read = read i8 @_ssdm_op_Read.ap_auto.i8, i8 %data1_1_val" [firmware/nnet_utils/nnet_merge.h:120]   --->   Operation 65 'read' 'data1_1_val_read' <Predicate = true> <Delay = 0.00>
ST_1 : Operation 66 [1/1] (0.00ns)   --->   "%data1_0_val_read = read i8 @_ssdm_op_Read.ap_auto.i8, i8 %data1_0_val" [firmware/nnet_utils/nnet_merge.h:120]   --->   Operation 66 'read' 'data1_0_val_read' <Predicate = true> <Delay = 0.00>
ST_1 : Operation 67 [1/1] (0.00ns)   --->   "%shl_ln = bitconcatenate i10 @_ssdm_op_BitConcatenate.i10.i8.i2, i8 %data1_0_val_read, i2 0" [firmware/nnet_utils/nnet_merge.h:120]   --->   Operation 67 'bitconcatenate' 'shl_ln' <Predicate = true> <Delay = 0.00>
ST_1 : Operation 68 [1/1] (0.00ns)   --->   "%zext_ln120 = zext i10 %shl_ln" [firmware/nnet_utils/nnet_merge.h:120]   --->   Operation 68 'zext' 'zext_ln120' <Predicate = true> <Delay = 0.00>
ST_1 : Operation 69 [1/1] (0.00ns)   --->   "%shl_ln120_1 = bitconcatenate i10 @_ssdm_op_BitConcatenate.i10.i8.i2, i8 %data1_1_val_read, i2 0" [firmware/nnet_utils/nnet_merge.h:120]   --->   Operation 69 'bitconcatenate' 'shl_ln120_1' <Predicate = true> <Delay = 0.00>
ST_1 : Operation 70 [1/1] (0.00ns)   --->   "%zext_ln120_1 = zext i10 %shl_ln120_1" [firmware/nnet_utils/nnet_merge.h:120]   --->   Operation 70 'zext' 'zext_ln120_1' <Predicate = true> <Delay = 0.00>
ST_1 : Operation 71 [1/1] (0.00ns)   --->   "%shl_ln120_2 = bitconcatenate i10 @_ssdm_op_BitConcatenate.i10.i8.i2, i8 %data1_2_val_read, i2 0" [firmware/nnet_utils/nnet_merge.h:120]   --->   Operation 71 'bitconcatenate' 'shl_ln120_2' <Predicate = true> <Delay = 0.00>
ST_1 : Operation 72 [1/1] (0.00ns)   --->   "%zext_ln120_2 = zext i10 %shl_ln120_2" [firmware/nnet_utils/nnet_merge.h:120]   --->   Operation 72 'zext' 'zext_ln120_2' <Predicate = true> <Delay = 0.00>
ST_1 : Operation 73 [1/1] (0.00ns)   --->   "%shl_ln120_3 = bitconcatenate i10 @_ssdm_op_BitConcatenate.i10.i8.i2, i8 %data1_3_val_read, i2 0" [firmware/nnet_utils/nnet_merge.h:120]   --->   Operation 73 'bitconcatenate' 'shl_ln120_3' <Predicate = true> <Delay = 0.00>
ST_1 : Operation 74 [1/1] (0.00ns)   --->   "%zext_ln120_3 = zext i10 %shl_ln120_3" [firmware/nnet_utils/nnet_merge.h:120]   --->   Operation 74 'zext' 'zext_ln120_3' <Predicate = true> <Delay = 0.00>
ST_1 : Operation 75 [1/1] (0.00ns)   --->   "%shl_ln120_4 = bitconcatenate i10 @_ssdm_op_BitConcatenate.i10.i8.i2, i8 %data1_4_val_read, i2 0" [firmware/nnet_utils/nnet_merge.h:120]   --->   Operation 75 'bitconcatenate' 'shl_ln120_4' <Predicate = true> <Delay = 0.00>
ST_1 : Operation 76 [1/1] (0.00ns)   --->   "%zext_ln120_4 = zext i10 %shl_ln120_4" [firmware/nnet_utils/nnet_merge.h:120]   --->   Operation 76 'zext' 'zext_ln120_4' <Predicate = true> <Delay = 0.00>
ST_1 : Operation 77 [1/1] (0.00ns)   --->   "%shl_ln120_5 = bitconcatenate i10 @_ssdm_op_BitConcatenate.i10.i8.i2, i8 %data1_5_val_read, i2 0" [firmware/nnet_utils/nnet_merge.h:120]   --->   Operation 77 'bitconcatenate' 'shl_ln120_5' <Predicate = true> <Delay = 0.00>
ST_1 : Operation 78 [1/1] (0.00ns)   --->   "%zext_ln120_5 = zext i10 %shl_ln120_5" [firmware/nnet_utils/nnet_merge.h:120]   --->   Operation 78 'zext' 'zext_ln120_5' <Predicate = true> <Delay = 0.00>
ST_1 : Operation 79 [1/1] (0.00ns)   --->   "%shl_ln120_6 = bitconcatenate i10 @_ssdm_op_BitConcatenate.i10.i8.i2, i8 %data1_6_val_read, i2 0" [firmware/nnet_utils/nnet_merge.h:120]   --->   Operation 79 'bitconcatenate' 'shl_ln120_6' <Predicate = true> <Delay = 0.00>
ST_1 : Operation 80 [1/1] (0.00ns)   --->   "%zext_ln120_6 = zext i10 %shl_ln120_6" [firmware/nnet_utils/nnet_merge.h:120]   --->   Operation 80 'zext' 'zext_ln120_6' <Predicate = true> <Delay = 0.00>
ST_1 : Operation 81 [1/1] (0.00ns)   --->   "%shl_ln120_7 = bitconcatenate i10 @_ssdm_op_BitConcatenate.i10.i8.i2, i8 %data1_7_val_read, i2 0" [firmware/nnet_utils/nnet_merge.h:120]   --->   Operation 81 'bitconcatenate' 'shl_ln120_7' <Predicate = true> <Delay = 0.00>
ST_1 : Operation 82 [1/1] (0.00ns)   --->   "%zext_ln120_7 = zext i10 %shl_ln120_7" [firmware/nnet_utils/nnet_merge.h:120]   --->   Operation 82 'zext' 'zext_ln120_7' <Predicate = true> <Delay = 0.00>
ST_1 : Operation 83 [1/1] (0.00ns)   --->   "%shl_ln120_8 = bitconcatenate i10 @_ssdm_op_BitConcatenate.i10.i8.i2, i8 %data1_8_val_read, i2 0" [firmware/nnet_utils/nnet_merge.h:120]   --->   Operation 83 'bitconcatenate' 'shl_ln120_8' <Predicate = true> <Delay = 0.00>
ST_1 : Operation 84 [1/1] (0.00ns)   --->   "%zext_ln120_8 = zext i10 %shl_ln120_8" [firmware/nnet_utils/nnet_merge.h:120]   --->   Operation 84 'zext' 'zext_ln120_8' <Predicate = true> <Delay = 0.00>
ST_1 : Operation 85 [1/1] (0.00ns)   --->   "%shl_ln120_9 = bitconcatenate i10 @_ssdm_op_BitConcatenate.i10.i8.i2, i8 %data1_9_val_read, i2 0" [firmware/nnet_utils/nnet_merge.h:120]   --->   Operation 85 'bitconcatenate' 'shl_ln120_9' <Predicate = true> <Delay = 0.00>
ST_1 : Operation 86 [1/1] (0.00ns)   --->   "%zext_ln120_9 = zext i10 %shl_ln120_9" [firmware/nnet_utils/nnet_merge.h:120]   --->   Operation 86 'zext' 'zext_ln120_9' <Predicate = true> <Delay = 0.00>
ST_1 : Operation 87 [1/1] (0.00ns)   --->   "%shl_ln120_s = bitconcatenate i10 @_ssdm_op_BitConcatenate.i10.i8.i2, i8 %data1_10_val_read, i2 0" [firmware/nnet_utils/nnet_merge.h:120]   --->   Operation 87 'bitconcatenate' 'shl_ln120_s' <Predicate = true> <Delay = 0.00>
ST_1 : Operation 88 [1/1] (0.00ns)   --->   "%zext_ln120_10 = zext i10 %shl_ln120_s" [firmware/nnet_utils/nnet_merge.h:120]   --->   Operation 88 'zext' 'zext_ln120_10' <Predicate = true> <Delay = 0.00>
ST_1 : Operation 89 [1/1] (0.00ns)   --->   "%shl_ln120_10 = bitconcatenate i10 @_ssdm_op_BitConcatenate.i10.i8.i2, i8 %data1_11_val_read, i2 0" [firmware/nnet_utils/nnet_merge.h:120]   --->   Operation 89 'bitconcatenate' 'shl_ln120_10' <Predicate = true> <Delay = 0.00>
ST_1 : Operation 90 [1/1] (0.00ns)   --->   "%zext_ln120_11 = zext i10 %shl_ln120_10" [firmware/nnet_utils/nnet_merge.h:120]   --->   Operation 90 'zext' 'zext_ln120_11' <Predicate = true> <Delay = 0.00>
ST_1 : Operation 91 [1/1] (0.00ns)   --->   "%shl_ln120_11 = bitconcatenate i10 @_ssdm_op_BitConcatenate.i10.i8.i2, i8 %data1_12_val_read, i2 0" [firmware/nnet_utils/nnet_merge.h:120]   --->   Operation 91 'bitconcatenate' 'shl_ln120_11' <Predicate = true> <Delay = 0.00>
ST_1 : Operation 92 [1/1] (0.00ns)   --->   "%zext_ln120_12 = zext i10 %shl_ln120_11" [firmware/nnet_utils/nnet_merge.h:120]   --->   Operation 92 'zext' 'zext_ln120_12' <Predicate = true> <Delay = 0.00>
ST_1 : Operation 93 [1/1] (0.00ns)   --->   "%shl_ln120_12 = bitconcatenate i10 @_ssdm_op_BitConcatenate.i10.i8.i2, i8 %data1_13_val_read, i2 0" [firmware/nnet_utils/nnet_merge.h:120]   --->   Operation 93 'bitconcatenate' 'shl_ln120_12' <Predicate = true> <Delay = 0.00>
ST_1 : Operation 94 [1/1] (0.00ns)   --->   "%zext_ln120_13 = zext i10 %shl_ln120_12" [firmware/nnet_utils/nnet_merge.h:120]   --->   Operation 94 'zext' 'zext_ln120_13' <Predicate = true> <Delay = 0.00>
ST_1 : Operation 95 [1/1] (0.00ns)   --->   "%shl_ln120_13 = bitconcatenate i10 @_ssdm_op_BitConcatenate.i10.i8.i2, i8 %data1_14_val_read, i2 0" [firmware/nnet_utils/nnet_merge.h:120]   --->   Operation 95 'bitconcatenate' 'shl_ln120_13' <Predicate = true> <Delay = 0.00>
ST_1 : Operation 96 [1/1] (0.00ns)   --->   "%zext_ln120_14 = zext i10 %shl_ln120_13" [firmware/nnet_utils/nnet_merge.h:120]   --->   Operation 96 'zext' 'zext_ln120_14' <Predicate = true> <Delay = 0.00>
ST_1 : Operation 97 [1/1] (0.00ns)   --->   "%shl_ln120_14 = bitconcatenate i10 @_ssdm_op_BitConcatenate.i10.i8.i2, i8 %data1_15_val_read, i2 0" [firmware/nnet_utils/nnet_merge.h:120]   --->   Operation 97 'bitconcatenate' 'shl_ln120_14' <Predicate = true> <Delay = 0.00>
ST_1 : Operation 98 [1/1] (0.00ns)   --->   "%zext_ln120_15 = zext i10 %shl_ln120_14" [firmware/nnet_utils/nnet_merge.h:120]   --->   Operation 98 'zext' 'zext_ln120_15' <Predicate = true> <Delay = 0.00>
ST_1 : Operation 99 [1/1] (0.00ns)   --->   "%shl_ln120_15 = bitconcatenate i10 @_ssdm_op_BitConcatenate.i10.i8.i2, i8 %data1_16_val_read, i2 0" [firmware/nnet_utils/nnet_merge.h:120]   --->   Operation 99 'bitconcatenate' 'shl_ln120_15' <Predicate = true> <Delay = 0.00>
ST_1 : Operation 100 [1/1] (0.00ns)   --->   "%zext_ln120_16 = zext i10 %shl_ln120_15" [firmware/nnet_utils/nnet_merge.h:120]   --->   Operation 100 'zext' 'zext_ln120_16' <Predicate = true> <Delay = 0.00>
ST_1 : Operation 101 [1/1] (0.00ns)   --->   "%shl_ln120_16 = bitconcatenate i10 @_ssdm_op_BitConcatenate.i10.i8.i2, i8 %data1_17_val_read, i2 0" [firmware/nnet_utils/nnet_merge.h:120]   --->   Operation 101 'bitconcatenate' 'shl_ln120_16' <Predicate = true> <Delay = 0.00>
ST_1 : Operation 102 [1/1] (0.00ns)   --->   "%zext_ln120_17 = zext i10 %shl_ln120_16" [firmware/nnet_utils/nnet_merge.h:120]   --->   Operation 102 'zext' 'zext_ln120_17' <Predicate = true> <Delay = 0.00>
ST_1 : Operation 103 [1/1] (0.00ns)   --->   "%shl_ln120_17 = bitconcatenate i10 @_ssdm_op_BitConcatenate.i10.i8.i2, i8 %data1_18_val_read, i2 0" [firmware/nnet_utils/nnet_merge.h:120]   --->   Operation 103 'bitconcatenate' 'shl_ln120_17' <Predicate = true> <Delay = 0.00>
ST_1 : Operation 104 [1/1] (0.00ns)   --->   "%zext_ln120_18 = zext i10 %shl_ln120_17" [firmware/nnet_utils/nnet_merge.h:120]   --->   Operation 104 'zext' 'zext_ln120_18' <Predicate = true> <Delay = 0.00>
ST_1 : Operation 105 [1/1] (0.00ns)   --->   "%shl_ln120_18 = bitconcatenate i10 @_ssdm_op_BitConcatenate.i10.i8.i2, i8 %data1_19_val_read, i2 0" [firmware/nnet_utils/nnet_merge.h:120]   --->   Operation 105 'bitconcatenate' 'shl_ln120_18' <Predicate = true> <Delay = 0.00>
ST_1 : Operation 106 [1/1] (0.00ns)   --->   "%zext_ln120_19 = zext i10 %shl_ln120_18" [firmware/nnet_utils/nnet_merge.h:120]   --->   Operation 106 'zext' 'zext_ln120_19' <Predicate = true> <Delay = 0.00>
ST_1 : Operation 107 [1/1] (0.00ns)   --->   "%shl_ln120_19 = bitconcatenate i10 @_ssdm_op_BitConcatenate.i10.i8.i2, i8 %data1_20_val_read, i2 0" [firmware/nnet_utils/nnet_merge.h:120]   --->   Operation 107 'bitconcatenate' 'shl_ln120_19' <Predicate = true> <Delay = 0.00>
ST_1 : Operation 108 [1/1] (0.00ns)   --->   "%zext_ln120_20 = zext i10 %shl_ln120_19" [firmware/nnet_utils/nnet_merge.h:120]   --->   Operation 108 'zext' 'zext_ln120_20' <Predicate = true> <Delay = 0.00>
ST_1 : Operation 109 [1/1] (0.00ns)   --->   "%shl_ln120_20 = bitconcatenate i10 @_ssdm_op_BitConcatenate.i10.i8.i2, i8 %data1_21_val_read, i2 0" [firmware/nnet_utils/nnet_merge.h:120]   --->   Operation 109 'bitconcatenate' 'shl_ln120_20' <Predicate = true> <Delay = 0.00>
ST_1 : Operation 110 [1/1] (0.00ns)   --->   "%zext_ln120_21 = zext i10 %shl_ln120_20" [firmware/nnet_utils/nnet_merge.h:120]   --->   Operation 110 'zext' 'zext_ln120_21' <Predicate = true> <Delay = 0.00>
ST_1 : Operation 111 [1/1] (0.00ns)   --->   "%shl_ln120_21 = bitconcatenate i10 @_ssdm_op_BitConcatenate.i10.i8.i2, i8 %data1_22_val_read, i2 0" [firmware/nnet_utils/nnet_merge.h:120]   --->   Operation 111 'bitconcatenate' 'shl_ln120_21' <Predicate = true> <Delay = 0.00>
ST_1 : Operation 112 [1/1] (0.00ns)   --->   "%zext_ln120_22 = zext i10 %shl_ln120_21" [firmware/nnet_utils/nnet_merge.h:120]   --->   Operation 112 'zext' 'zext_ln120_22' <Predicate = true> <Delay = 0.00>
ST_1 : Operation 113 [1/1] (0.00ns)   --->   "%shl_ln120_22 = bitconcatenate i10 @_ssdm_op_BitConcatenate.i10.i8.i2, i8 %data1_23_val_read, i2 0" [firmware/nnet_utils/nnet_merge.h:120]   --->   Operation 113 'bitconcatenate' 'shl_ln120_22' <Predicate = true> <Delay = 0.00>
ST_1 : Operation 114 [1/1] (0.00ns)   --->   "%zext_ln120_23 = zext i10 %shl_ln120_22" [firmware/nnet_utils/nnet_merge.h:120]   --->   Operation 114 'zext' 'zext_ln120_23' <Predicate = true> <Delay = 0.00>
ST_1 : Operation 115 [1/1] (0.00ns)   --->   "%shl_ln120_23 = bitconcatenate i10 @_ssdm_op_BitConcatenate.i10.i8.i2, i8 %data1_24_val_read, i2 0" [firmware/nnet_utils/nnet_merge.h:120]   --->   Operation 115 'bitconcatenate' 'shl_ln120_23' <Predicate = true> <Delay = 0.00>
ST_1 : Operation 116 [1/1] (0.00ns)   --->   "%zext_ln120_24 = zext i10 %shl_ln120_23" [firmware/nnet_utils/nnet_merge.h:120]   --->   Operation 116 'zext' 'zext_ln120_24' <Predicate = true> <Delay = 0.00>
ST_1 : Operation 117 [1/1] (0.00ns)   --->   "%shl_ln120_24 = bitconcatenate i10 @_ssdm_op_BitConcatenate.i10.i8.i2, i8 %data1_25_val_read, i2 0" [firmware/nnet_utils/nnet_merge.h:120]   --->   Operation 117 'bitconcatenate' 'shl_ln120_24' <Predicate = true> <Delay = 0.00>
ST_1 : Operation 118 [1/1] (0.00ns)   --->   "%zext_ln120_25 = zext i10 %shl_ln120_24" [firmware/nnet_utils/nnet_merge.h:120]   --->   Operation 118 'zext' 'zext_ln120_25' <Predicate = true> <Delay = 0.00>
ST_1 : Operation 119 [1/1] (0.00ns)   --->   "%shl_ln120_25 = bitconcatenate i10 @_ssdm_op_BitConcatenate.i10.i8.i2, i8 %data1_26_val_read, i2 0" [firmware/nnet_utils/nnet_merge.h:120]   --->   Operation 119 'bitconcatenate' 'shl_ln120_25' <Predicate = true> <Delay = 0.00>
ST_1 : Operation 120 [1/1] (0.00ns)   --->   "%zext_ln120_26 = zext i10 %shl_ln120_25" [firmware/nnet_utils/nnet_merge.h:120]   --->   Operation 120 'zext' 'zext_ln120_26' <Predicate = true> <Delay = 0.00>
ST_1 : Operation 121 [1/1] (0.00ns)   --->   "%shl_ln120_26 = bitconcatenate i10 @_ssdm_op_BitConcatenate.i10.i8.i2, i8 %data1_27_val_read, i2 0" [firmware/nnet_utils/nnet_merge.h:120]   --->   Operation 121 'bitconcatenate' 'shl_ln120_26' <Predicate = true> <Delay = 0.00>
ST_1 : Operation 122 [1/1] (0.00ns)   --->   "%zext_ln120_27 = zext i10 %shl_ln120_26" [firmware/nnet_utils/nnet_merge.h:120]   --->   Operation 122 'zext' 'zext_ln120_27' <Predicate = true> <Delay = 0.00>
ST_1 : Operation 123 [1/1] (0.00ns)   --->   "%shl_ln120_27 = bitconcatenate i10 @_ssdm_op_BitConcatenate.i10.i8.i2, i8 %data1_28_val_read, i2 0" [firmware/nnet_utils/nnet_merge.h:120]   --->   Operation 123 'bitconcatenate' 'shl_ln120_27' <Predicate = true> <Delay = 0.00>
ST_1 : Operation 124 [1/1] (0.00ns)   --->   "%zext_ln120_28 = zext i10 %shl_ln120_27" [firmware/nnet_utils/nnet_merge.h:120]   --->   Operation 124 'zext' 'zext_ln120_28' <Predicate = true> <Delay = 0.00>
ST_1 : Operation 125 [1/1] (0.00ns)   --->   "%shl_ln120_28 = bitconcatenate i10 @_ssdm_op_BitConcatenate.i10.i8.i2, i8 %data1_29_val_read, i2 0" [firmware/nnet_utils/nnet_merge.h:120]   --->   Operation 125 'bitconcatenate' 'shl_ln120_28' <Predicate = true> <Delay = 0.00>
ST_1 : Operation 126 [1/1] (0.00ns)   --->   "%zext_ln120_29 = zext i10 %shl_ln120_28" [firmware/nnet_utils/nnet_merge.h:120]   --->   Operation 126 'zext' 'zext_ln120_29' <Predicate = true> <Delay = 0.00>
ST_1 : Operation 127 [1/1] (0.00ns)   --->   "%shl_ln120_29 = bitconcatenate i10 @_ssdm_op_BitConcatenate.i10.i8.i2, i8 %data1_30_val_read, i2 0" [firmware/nnet_utils/nnet_merge.h:120]   --->   Operation 127 'bitconcatenate' 'shl_ln120_29' <Predicate = true> <Delay = 0.00>
ST_1 : Operation 128 [1/1] (0.00ns)   --->   "%zext_ln120_30 = zext i10 %shl_ln120_29" [firmware/nnet_utils/nnet_merge.h:120]   --->   Operation 128 'zext' 'zext_ln120_30' <Predicate = true> <Delay = 0.00>
ST_1 : Operation 129 [1/1] (0.00ns)   --->   "%shl_ln120_30 = bitconcatenate i10 @_ssdm_op_BitConcatenate.i10.i8.i2, i8 %data1_31_val_read, i2 0" [firmware/nnet_utils/nnet_merge.h:120]   --->   Operation 129 'bitconcatenate' 'shl_ln120_30' <Predicate = true> <Delay = 0.00>
ST_1 : Operation 130 [1/1] (0.00ns)   --->   "%zext_ln123 = zext i10 %shl_ln120_30" [firmware/nnet_utils/nnet_merge.h:123]   --->   Operation 130 'zext' 'zext_ln123' <Predicate = true> <Delay = 0.00>
ST_1 : Operation 131 [1/1] (0.00ns)   --->   "%shl_ln2 = bitconcatenate i10 @_ssdm_op_BitConcatenate.i10.i8.i2, i8 %data2_0_val_read, i2 0" [firmware/nnet_utils/nnet_merge.h:123]   --->   Operation 131 'bitconcatenate' 'shl_ln2' <Predicate = true> <Delay = 0.00>
ST_1 : Operation 132 [1/1] (0.00ns)   --->   "%zext_ln123_1 = zext i10 %shl_ln2" [firmware/nnet_utils/nnet_merge.h:123]   --->   Operation 132 'zext' 'zext_ln123_1' <Predicate = true> <Delay = 0.00>
ST_1 : Operation 133 [1/1] (0.00ns)   --->   "%shl_ln123_1 = bitconcatenate i10 @_ssdm_op_BitConcatenate.i10.i8.i2, i8 %data2_1_val_read, i2 0" [firmware/nnet_utils/nnet_merge.h:123]   --->   Operation 133 'bitconcatenate' 'shl_ln123_1' <Predicate = true> <Delay = 0.00>
ST_1 : Operation 134 [1/1] (0.00ns)   --->   "%zext_ln123_2 = zext i10 %shl_ln123_1" [firmware/nnet_utils/nnet_merge.h:123]   --->   Operation 134 'zext' 'zext_ln123_2' <Predicate = true> <Delay = 0.00>
ST_1 : Operation 135 [1/1] (0.00ns)   --->   "%shl_ln123_2 = bitconcatenate i10 @_ssdm_op_BitConcatenate.i10.i8.i2, i8 %data2_2_val_read, i2 0" [firmware/nnet_utils/nnet_merge.h:123]   --->   Operation 135 'bitconcatenate' 'shl_ln123_2' <Predicate = true> <Delay = 0.00>
ST_1 : Operation 136 [1/1] (0.00ns)   --->   "%zext_ln123_3 = zext i10 %shl_ln123_2" [firmware/nnet_utils/nnet_merge.h:123]   --->   Operation 136 'zext' 'zext_ln123_3' <Predicate = true> <Delay = 0.00>
ST_1 : Operation 137 [1/1] (0.00ns)   --->   "%shl_ln123_3 = bitconcatenate i10 @_ssdm_op_BitConcatenate.i10.i8.i2, i8 %data2_3_val_read, i2 0" [firmware/nnet_utils/nnet_merge.h:123]   --->   Operation 137 'bitconcatenate' 'shl_ln123_3' <Predicate = true> <Delay = 0.00>
ST_1 : Operation 138 [1/1] (0.00ns)   --->   "%zext_ln123_4 = zext i10 %shl_ln123_3" [firmware/nnet_utils/nnet_merge.h:123]   --->   Operation 138 'zext' 'zext_ln123_4' <Predicate = true> <Delay = 0.00>
ST_1 : Operation 139 [1/1] (0.00ns)   --->   "%shl_ln123_4 = bitconcatenate i10 @_ssdm_op_BitConcatenate.i10.i8.i2, i8 %data2_4_val_read, i2 0" [firmware/nnet_utils/nnet_merge.h:123]   --->   Operation 139 'bitconcatenate' 'shl_ln123_4' <Predicate = true> <Delay = 0.00>
ST_1 : Operation 140 [1/1] (0.00ns)   --->   "%zext_ln123_5 = zext i10 %shl_ln123_4" [firmware/nnet_utils/nnet_merge.h:123]   --->   Operation 140 'zext' 'zext_ln123_5' <Predicate = true> <Delay = 0.00>
ST_1 : Operation 141 [1/1] (0.00ns)   --->   "%shl_ln123_5 = bitconcatenate i10 @_ssdm_op_BitConcatenate.i10.i8.i2, i8 %data2_5_val_read, i2 0" [firmware/nnet_utils/nnet_merge.h:123]   --->   Operation 141 'bitconcatenate' 'shl_ln123_5' <Predicate = true> <Delay = 0.00>
ST_1 : Operation 142 [1/1] (0.00ns)   --->   "%zext_ln123_6 = zext i10 %shl_ln123_5" [firmware/nnet_utils/nnet_merge.h:123]   --->   Operation 142 'zext' 'zext_ln123_6' <Predicate = true> <Delay = 0.00>
ST_1 : Operation 143 [1/1] (0.00ns)   --->   "%shl_ln123_6 = bitconcatenate i10 @_ssdm_op_BitConcatenate.i10.i8.i2, i8 %data2_6_val_read, i2 0" [firmware/nnet_utils/nnet_merge.h:123]   --->   Operation 143 'bitconcatenate' 'shl_ln123_6' <Predicate = true> <Delay = 0.00>
ST_1 : Operation 144 [1/1] (0.00ns)   --->   "%zext_ln123_7 = zext i10 %shl_ln123_6" [firmware/nnet_utils/nnet_merge.h:123]   --->   Operation 144 'zext' 'zext_ln123_7' <Predicate = true> <Delay = 0.00>
ST_1 : Operation 145 [1/1] (0.00ns)   --->   "%shl_ln123_7 = bitconcatenate i10 @_ssdm_op_BitConcatenate.i10.i8.i2, i8 %data2_7_val_read, i2 0" [firmware/nnet_utils/nnet_merge.h:123]   --->   Operation 145 'bitconcatenate' 'shl_ln123_7' <Predicate = true> <Delay = 0.00>
ST_1 : Operation 146 [1/1] (0.00ns)   --->   "%zext_ln123_8 = zext i10 %shl_ln123_7" [firmware/nnet_utils/nnet_merge.h:123]   --->   Operation 146 'zext' 'zext_ln123_8' <Predicate = true> <Delay = 0.00>
ST_1 : Operation 147 [1/1] (0.00ns)   --->   "%shl_ln123_8 = bitconcatenate i10 @_ssdm_op_BitConcatenate.i10.i8.i2, i8 %data2_8_val_read, i2 0" [firmware/nnet_utils/nnet_merge.h:123]   --->   Operation 147 'bitconcatenate' 'shl_ln123_8' <Predicate = true> <Delay = 0.00>
ST_1 : Operation 148 [1/1] (0.00ns)   --->   "%zext_ln123_9 = zext i10 %shl_ln123_8" [firmware/nnet_utils/nnet_merge.h:123]   --->   Operation 148 'zext' 'zext_ln123_9' <Predicate = true> <Delay = 0.00>
ST_1 : Operation 149 [1/1] (0.00ns)   --->   "%shl_ln123_9 = bitconcatenate i10 @_ssdm_op_BitConcatenate.i10.i8.i2, i8 %data2_9_val_read, i2 0" [firmware/nnet_utils/nnet_merge.h:123]   --->   Operation 149 'bitconcatenate' 'shl_ln123_9' <Predicate = true> <Delay = 0.00>
ST_1 : Operation 150 [1/1] (0.00ns)   --->   "%zext_ln123_10 = zext i10 %shl_ln123_9" [firmware/nnet_utils/nnet_merge.h:123]   --->   Operation 150 'zext' 'zext_ln123_10' <Predicate = true> <Delay = 0.00>
ST_1 : Operation 151 [1/1] (0.00ns)   --->   "%shl_ln123_s = bitconcatenate i10 @_ssdm_op_BitConcatenate.i10.i8.i2, i8 %data2_10_val_read, i2 0" [firmware/nnet_utils/nnet_merge.h:123]   --->   Operation 151 'bitconcatenate' 'shl_ln123_s' <Predicate = true> <Delay = 0.00>
ST_1 : Operation 152 [1/1] (0.00ns)   --->   "%zext_ln123_11 = zext i10 %shl_ln123_s" [firmware/nnet_utils/nnet_merge.h:123]   --->   Operation 152 'zext' 'zext_ln123_11' <Predicate = true> <Delay = 0.00>
ST_1 : Operation 153 [1/1] (0.00ns)   --->   "%shl_ln123_10 = bitconcatenate i10 @_ssdm_op_BitConcatenate.i10.i8.i2, i8 %data2_11_val_read, i2 0" [firmware/nnet_utils/nnet_merge.h:123]   --->   Operation 153 'bitconcatenate' 'shl_ln123_10' <Predicate = true> <Delay = 0.00>
ST_1 : Operation 154 [1/1] (0.00ns)   --->   "%zext_ln123_12 = zext i10 %shl_ln123_10" [firmware/nnet_utils/nnet_merge.h:123]   --->   Operation 154 'zext' 'zext_ln123_12' <Predicate = true> <Delay = 0.00>
ST_1 : Operation 155 [1/1] (0.00ns)   --->   "%shl_ln123_11 = bitconcatenate i10 @_ssdm_op_BitConcatenate.i10.i8.i2, i8 %data2_12_val_read, i2 0" [firmware/nnet_utils/nnet_merge.h:123]   --->   Operation 155 'bitconcatenate' 'shl_ln123_11' <Predicate = true> <Delay = 0.00>
ST_1 : Operation 156 [1/1] (0.00ns)   --->   "%zext_ln123_13 = zext i10 %shl_ln123_11" [firmware/nnet_utils/nnet_merge.h:123]   --->   Operation 156 'zext' 'zext_ln123_13' <Predicate = true> <Delay = 0.00>
ST_1 : Operation 157 [1/1] (0.00ns)   --->   "%shl_ln123_12 = bitconcatenate i10 @_ssdm_op_BitConcatenate.i10.i8.i2, i8 %data2_13_val_read, i2 0" [firmware/nnet_utils/nnet_merge.h:123]   --->   Operation 157 'bitconcatenate' 'shl_ln123_12' <Predicate = true> <Delay = 0.00>
ST_1 : Operation 158 [1/1] (0.00ns)   --->   "%zext_ln123_14 = zext i10 %shl_ln123_12" [firmware/nnet_utils/nnet_merge.h:123]   --->   Operation 158 'zext' 'zext_ln123_14' <Predicate = true> <Delay = 0.00>
ST_1 : Operation 159 [1/1] (0.00ns)   --->   "%shl_ln123_13 = bitconcatenate i10 @_ssdm_op_BitConcatenate.i10.i8.i2, i8 %data2_14_val_read, i2 0" [firmware/nnet_utils/nnet_merge.h:123]   --->   Operation 159 'bitconcatenate' 'shl_ln123_13' <Predicate = true> <Delay = 0.00>
ST_1 : Operation 160 [1/1] (0.00ns)   --->   "%zext_ln123_15 = zext i10 %shl_ln123_13" [firmware/nnet_utils/nnet_merge.h:123]   --->   Operation 160 'zext' 'zext_ln123_15' <Predicate = true> <Delay = 0.00>
ST_1 : Operation 161 [1/1] (0.00ns)   --->   "%shl_ln123_14 = bitconcatenate i10 @_ssdm_op_BitConcatenate.i10.i8.i2, i8 %data2_15_val_read, i2 0" [firmware/nnet_utils/nnet_merge.h:123]   --->   Operation 161 'bitconcatenate' 'shl_ln123_14' <Predicate = true> <Delay = 0.00>
ST_1 : Operation 162 [1/1] (0.00ns)   --->   "%zext_ln123_16 = zext i10 %shl_ln123_14" [firmware/nnet_utils/nnet_merge.h:123]   --->   Operation 162 'zext' 'zext_ln123_16' <Predicate = true> <Delay = 0.00>
ST_1 : Operation 163 [1/1] (0.00ns)   --->   "%shl_ln123_15 = bitconcatenate i10 @_ssdm_op_BitConcatenate.i10.i8.i2, i8 %data2_16_val_read, i2 0" [firmware/nnet_utils/nnet_merge.h:123]   --->   Operation 163 'bitconcatenate' 'shl_ln123_15' <Predicate = true> <Delay = 0.00>
ST_1 : Operation 164 [1/1] (0.00ns)   --->   "%zext_ln123_17 = zext i10 %shl_ln123_15" [firmware/nnet_utils/nnet_merge.h:123]   --->   Operation 164 'zext' 'zext_ln123_17' <Predicate = true> <Delay = 0.00>
ST_1 : Operation 165 [1/1] (0.00ns)   --->   "%shl_ln123_16 = bitconcatenate i10 @_ssdm_op_BitConcatenate.i10.i8.i2, i8 %data2_17_val_read, i2 0" [firmware/nnet_utils/nnet_merge.h:123]   --->   Operation 165 'bitconcatenate' 'shl_ln123_16' <Predicate = true> <Delay = 0.00>
ST_1 : Operation 166 [1/1] (0.00ns)   --->   "%zext_ln123_18 = zext i10 %shl_ln123_16" [firmware/nnet_utils/nnet_merge.h:123]   --->   Operation 166 'zext' 'zext_ln123_18' <Predicate = true> <Delay = 0.00>
ST_1 : Operation 167 [1/1] (0.00ns)   --->   "%shl_ln123_17 = bitconcatenate i10 @_ssdm_op_BitConcatenate.i10.i8.i2, i8 %data2_18_val_read, i2 0" [firmware/nnet_utils/nnet_merge.h:123]   --->   Operation 167 'bitconcatenate' 'shl_ln123_17' <Predicate = true> <Delay = 0.00>
ST_1 : Operation 168 [1/1] (0.00ns)   --->   "%zext_ln123_19 = zext i10 %shl_ln123_17" [firmware/nnet_utils/nnet_merge.h:123]   --->   Operation 168 'zext' 'zext_ln123_19' <Predicate = true> <Delay = 0.00>
ST_1 : Operation 169 [1/1] (0.00ns)   --->   "%shl_ln123_18 = bitconcatenate i10 @_ssdm_op_BitConcatenate.i10.i8.i2, i8 %data2_19_val_read, i2 0" [firmware/nnet_utils/nnet_merge.h:123]   --->   Operation 169 'bitconcatenate' 'shl_ln123_18' <Predicate = true> <Delay = 0.00>
ST_1 : Operation 170 [1/1] (0.00ns)   --->   "%zext_ln123_20 = zext i10 %shl_ln123_18" [firmware/nnet_utils/nnet_merge.h:123]   --->   Operation 170 'zext' 'zext_ln123_20' <Predicate = true> <Delay = 0.00>
ST_1 : Operation 171 [1/1] (0.00ns)   --->   "%shl_ln123_19 = bitconcatenate i10 @_ssdm_op_BitConcatenate.i10.i8.i2, i8 %data2_20_val_read, i2 0" [firmware/nnet_utils/nnet_merge.h:123]   --->   Operation 171 'bitconcatenate' 'shl_ln123_19' <Predicate = true> <Delay = 0.00>
ST_1 : Operation 172 [1/1] (0.00ns)   --->   "%zext_ln123_21 = zext i10 %shl_ln123_19" [firmware/nnet_utils/nnet_merge.h:123]   --->   Operation 172 'zext' 'zext_ln123_21' <Predicate = true> <Delay = 0.00>
ST_1 : Operation 173 [1/1] (0.00ns)   --->   "%shl_ln123_20 = bitconcatenate i10 @_ssdm_op_BitConcatenate.i10.i8.i2, i8 %data2_21_val_read, i2 0" [firmware/nnet_utils/nnet_merge.h:123]   --->   Operation 173 'bitconcatenate' 'shl_ln123_20' <Predicate = true> <Delay = 0.00>
ST_1 : Operation 174 [1/1] (0.00ns)   --->   "%zext_ln123_22 = zext i10 %shl_ln123_20" [firmware/nnet_utils/nnet_merge.h:123]   --->   Operation 174 'zext' 'zext_ln123_22' <Predicate = true> <Delay = 0.00>
ST_1 : Operation 175 [1/1] (0.00ns)   --->   "%shl_ln123_21 = bitconcatenate i10 @_ssdm_op_BitConcatenate.i10.i8.i2, i8 %data2_22_val_read, i2 0" [firmware/nnet_utils/nnet_merge.h:123]   --->   Operation 175 'bitconcatenate' 'shl_ln123_21' <Predicate = true> <Delay = 0.00>
ST_1 : Operation 176 [1/1] (0.00ns)   --->   "%zext_ln123_23 = zext i10 %shl_ln123_21" [firmware/nnet_utils/nnet_merge.h:123]   --->   Operation 176 'zext' 'zext_ln123_23' <Predicate = true> <Delay = 0.00>
ST_1 : Operation 177 [1/1] (0.00ns)   --->   "%shl_ln123_22 = bitconcatenate i10 @_ssdm_op_BitConcatenate.i10.i8.i2, i8 %data2_23_val_read, i2 0" [firmware/nnet_utils/nnet_merge.h:123]   --->   Operation 177 'bitconcatenate' 'shl_ln123_22' <Predicate = true> <Delay = 0.00>
ST_1 : Operation 178 [1/1] (0.00ns)   --->   "%zext_ln123_24 = zext i10 %shl_ln123_22" [firmware/nnet_utils/nnet_merge.h:123]   --->   Operation 178 'zext' 'zext_ln123_24' <Predicate = true> <Delay = 0.00>
ST_1 : Operation 179 [1/1] (0.00ns)   --->   "%shl_ln123_23 = bitconcatenate i10 @_ssdm_op_BitConcatenate.i10.i8.i2, i8 %data2_24_val_read, i2 0" [firmware/nnet_utils/nnet_merge.h:123]   --->   Operation 179 'bitconcatenate' 'shl_ln123_23' <Predicate = true> <Delay = 0.00>
ST_1 : Operation 180 [1/1] (0.00ns)   --->   "%zext_ln123_25 = zext i10 %shl_ln123_23" [firmware/nnet_utils/nnet_merge.h:123]   --->   Operation 180 'zext' 'zext_ln123_25' <Predicate = true> <Delay = 0.00>
ST_1 : Operation 181 [1/1] (0.00ns)   --->   "%shl_ln123_24 = bitconcatenate i10 @_ssdm_op_BitConcatenate.i10.i8.i2, i8 %data2_25_val_read, i2 0" [firmware/nnet_utils/nnet_merge.h:123]   --->   Operation 181 'bitconcatenate' 'shl_ln123_24' <Predicate = true> <Delay = 0.00>
ST_1 : Operation 182 [1/1] (0.00ns)   --->   "%zext_ln123_26 = zext i10 %shl_ln123_24" [firmware/nnet_utils/nnet_merge.h:123]   --->   Operation 182 'zext' 'zext_ln123_26' <Predicate = true> <Delay = 0.00>
ST_1 : Operation 183 [1/1] (0.00ns)   --->   "%shl_ln123_25 = bitconcatenate i10 @_ssdm_op_BitConcatenate.i10.i8.i2, i8 %data2_26_val_read, i2 0" [firmware/nnet_utils/nnet_merge.h:123]   --->   Operation 183 'bitconcatenate' 'shl_ln123_25' <Predicate = true> <Delay = 0.00>
ST_1 : Operation 184 [1/1] (0.00ns)   --->   "%zext_ln123_27 = zext i10 %shl_ln123_25" [firmware/nnet_utils/nnet_merge.h:123]   --->   Operation 184 'zext' 'zext_ln123_27' <Predicate = true> <Delay = 0.00>
ST_1 : Operation 185 [1/1] (0.00ns)   --->   "%shl_ln123_26 = bitconcatenate i10 @_ssdm_op_BitConcatenate.i10.i8.i2, i8 %data2_27_val_read, i2 0" [firmware/nnet_utils/nnet_merge.h:123]   --->   Operation 185 'bitconcatenate' 'shl_ln123_26' <Predicate = true> <Delay = 0.00>
ST_1 : Operation 186 [1/1] (0.00ns)   --->   "%zext_ln123_28 = zext i10 %shl_ln123_26" [firmware/nnet_utils/nnet_merge.h:123]   --->   Operation 186 'zext' 'zext_ln123_28' <Predicate = true> <Delay = 0.00>
ST_1 : Operation 187 [1/1] (0.00ns)   --->   "%shl_ln123_27 = bitconcatenate i10 @_ssdm_op_BitConcatenate.i10.i8.i2, i8 %data2_28_val_read, i2 0" [firmware/nnet_utils/nnet_merge.h:123]   --->   Operation 187 'bitconcatenate' 'shl_ln123_27' <Predicate = true> <Delay = 0.00>
ST_1 : Operation 188 [1/1] (0.00ns)   --->   "%zext_ln123_29 = zext i10 %shl_ln123_27" [firmware/nnet_utils/nnet_merge.h:123]   --->   Operation 188 'zext' 'zext_ln123_29' <Predicate = true> <Delay = 0.00>
ST_1 : Operation 189 [1/1] (0.00ns)   --->   "%shl_ln123_28 = bitconcatenate i10 @_ssdm_op_BitConcatenate.i10.i8.i2, i8 %data2_29_val_read, i2 0" [firmware/nnet_utils/nnet_merge.h:123]   --->   Operation 189 'bitconcatenate' 'shl_ln123_28' <Predicate = true> <Delay = 0.00>
ST_1 : Operation 190 [1/1] (0.00ns)   --->   "%zext_ln123_30 = zext i10 %shl_ln123_28" [firmware/nnet_utils/nnet_merge.h:123]   --->   Operation 190 'zext' 'zext_ln123_30' <Predicate = true> <Delay = 0.00>
ST_1 : Operation 191 [1/1] (0.00ns)   --->   "%shl_ln123_29 = bitconcatenate i10 @_ssdm_op_BitConcatenate.i10.i8.i2, i8 %data2_30_val_read, i2 0" [firmware/nnet_utils/nnet_merge.h:123]   --->   Operation 191 'bitconcatenate' 'shl_ln123_29' <Predicate = true> <Delay = 0.00>
ST_1 : Operation 192 [1/1] (0.00ns)   --->   "%zext_ln123_31 = zext i10 %shl_ln123_29" [firmware/nnet_utils/nnet_merge.h:123]   --->   Operation 192 'zext' 'zext_ln123_31' <Predicate = true> <Delay = 0.00>
ST_1 : Operation 193 [1/1] (0.00ns)   --->   "%shl_ln123_30 = bitconcatenate i10 @_ssdm_op_BitConcatenate.i10.i8.i2, i8 %data2_31_val_read, i2 0" [firmware/nnet_utils/nnet_merge.h:123]   --->   Operation 193 'bitconcatenate' 'shl_ln123_30' <Predicate = true> <Delay = 0.00>
ST_1 : Operation 194 [1/1] (0.00ns)   --->   "%zext_ln125 = zext i10 %shl_ln123_30" [firmware/nnet_utils/nnet_merge.h:125]   --->   Operation 194 'zext' 'zext_ln125' <Predicate = true> <Delay = 0.00>
ST_1 : Operation 195 [1/1] (0.00ns)   --->   "%mrv = insertvalue i1024 <undef>, i16 %zext_ln120" [firmware/nnet_utils/nnet_merge.h:125]   --->   Operation 195 'insertvalue' 'mrv' <Predicate = true> <Delay = 0.00>
ST_1 : Operation 196 [1/1] (0.00ns)   --->   "%mrv_1 = insertvalue i1024 %mrv, i16 %zext_ln120_1" [firmware/nnet_utils/nnet_merge.h:125]   --->   Operation 196 'insertvalue' 'mrv_1' <Predicate = true> <Delay = 0.00>
ST_1 : Operation 197 [1/1] (0.00ns)   --->   "%mrv_2 = insertvalue i1024 %mrv_1, i16 %zext_ln120_2" [firmware/nnet_utils/nnet_merge.h:125]   --->   Operation 197 'insertvalue' 'mrv_2' <Predicate = true> <Delay = 0.00>
ST_1 : Operation 198 [1/1] (0.00ns)   --->   "%mrv_3 = insertvalue i1024 %mrv_2, i16 %zext_ln120_3" [firmware/nnet_utils/nnet_merge.h:125]   --->   Operation 198 'insertvalue' 'mrv_3' <Predicate = true> <Delay = 0.00>
ST_1 : Operation 199 [1/1] (0.00ns)   --->   "%mrv_4 = insertvalue i1024 %mrv_3, i16 %zext_ln120_4" [firmware/nnet_utils/nnet_merge.h:125]   --->   Operation 199 'insertvalue' 'mrv_4' <Predicate = true> <Delay = 0.00>
ST_1 : Operation 200 [1/1] (0.00ns)   --->   "%mrv_5 = insertvalue i1024 %mrv_4, i16 %zext_ln120_5" [firmware/nnet_utils/nnet_merge.h:125]   --->   Operation 200 'insertvalue' 'mrv_5' <Predicate = true> <Delay = 0.00>
ST_1 : Operation 201 [1/1] (0.00ns)   --->   "%mrv_6 = insertvalue i1024 %mrv_5, i16 %zext_ln120_6" [firmware/nnet_utils/nnet_merge.h:125]   --->   Operation 201 'insertvalue' 'mrv_6' <Predicate = true> <Delay = 0.00>
ST_1 : Operation 202 [1/1] (0.00ns)   --->   "%mrv_7 = insertvalue i1024 %mrv_6, i16 %zext_ln120_7" [firmware/nnet_utils/nnet_merge.h:125]   --->   Operation 202 'insertvalue' 'mrv_7' <Predicate = true> <Delay = 0.00>
ST_1 : Operation 203 [1/1] (0.00ns)   --->   "%mrv_8 = insertvalue i1024 %mrv_7, i16 %zext_ln120_8" [firmware/nnet_utils/nnet_merge.h:125]   --->   Operation 203 'insertvalue' 'mrv_8' <Predicate = true> <Delay = 0.00>
ST_1 : Operation 204 [1/1] (0.00ns)   --->   "%mrv_9 = insertvalue i1024 %mrv_8, i16 %zext_ln120_9" [firmware/nnet_utils/nnet_merge.h:125]   --->   Operation 204 'insertvalue' 'mrv_9' <Predicate = true> <Delay = 0.00>
ST_1 : Operation 205 [1/1] (0.00ns)   --->   "%mrv_10 = insertvalue i1024 %mrv_9, i16 %zext_ln120_10" [firmware/nnet_utils/nnet_merge.h:125]   --->   Operation 205 'insertvalue' 'mrv_10' <Predicate = true> <Delay = 0.00>
ST_1 : Operation 206 [1/1] (0.00ns)   --->   "%mrv_11 = insertvalue i1024 %mrv_10, i16 %zext_ln120_11" [firmware/nnet_utils/nnet_merge.h:125]   --->   Operation 206 'insertvalue' 'mrv_11' <Predicate = true> <Delay = 0.00>
ST_1 : Operation 207 [1/1] (0.00ns)   --->   "%mrv_12 = insertvalue i1024 %mrv_11, i16 %zext_ln120_12" [firmware/nnet_utils/nnet_merge.h:125]   --->   Operation 207 'insertvalue' 'mrv_12' <Predicate = true> <Delay = 0.00>
ST_1 : Operation 208 [1/1] (0.00ns)   --->   "%mrv_13 = insertvalue i1024 %mrv_12, i16 %zext_ln120_13" [firmware/nnet_utils/nnet_merge.h:125]   --->   Operation 208 'insertvalue' 'mrv_13' <Predicate = true> <Delay = 0.00>
ST_1 : Operation 209 [1/1] (0.00ns)   --->   "%mrv_14 = insertvalue i1024 %mrv_13, i16 %zext_ln120_14" [firmware/nnet_utils/nnet_merge.h:125]   --->   Operation 209 'insertvalue' 'mrv_14' <Predicate = true> <Delay = 0.00>
ST_1 : Operation 210 [1/1] (0.00ns)   --->   "%mrv_15 = insertvalue i1024 %mrv_14, i16 %zext_ln120_15" [firmware/nnet_utils/nnet_merge.h:125]   --->   Operation 210 'insertvalue' 'mrv_15' <Predicate = true> <Delay = 0.00>
ST_1 : Operation 211 [1/1] (0.00ns)   --->   "%mrv_16 = insertvalue i1024 %mrv_15, i16 %zext_ln120_16" [firmware/nnet_utils/nnet_merge.h:125]   --->   Operation 211 'insertvalue' 'mrv_16' <Predicate = true> <Delay = 0.00>
ST_1 : Operation 212 [1/1] (0.00ns)   --->   "%mrv_17 = insertvalue i1024 %mrv_16, i16 %zext_ln120_17" [firmware/nnet_utils/nnet_merge.h:125]   --->   Operation 212 'insertvalue' 'mrv_17' <Predicate = true> <Delay = 0.00>
ST_1 : Operation 213 [1/1] (0.00ns)   --->   "%mrv_18 = insertvalue i1024 %mrv_17, i16 %zext_ln120_18" [firmware/nnet_utils/nnet_merge.h:125]   --->   Operation 213 'insertvalue' 'mrv_18' <Predicate = true> <Delay = 0.00>
ST_1 : Operation 214 [1/1] (0.00ns)   --->   "%mrv_19 = insertvalue i1024 %mrv_18, i16 %zext_ln120_19" [firmware/nnet_utils/nnet_merge.h:125]   --->   Operation 214 'insertvalue' 'mrv_19' <Predicate = true> <Delay = 0.00>
ST_1 : Operation 215 [1/1] (0.00ns)   --->   "%mrv_20 = insertvalue i1024 %mrv_19, i16 %zext_ln120_20" [firmware/nnet_utils/nnet_merge.h:125]   --->   Operation 215 'insertvalue' 'mrv_20' <Predicate = true> <Delay = 0.00>
ST_1 : Operation 216 [1/1] (0.00ns)   --->   "%mrv_21 = insertvalue i1024 %mrv_20, i16 %zext_ln120_21" [firmware/nnet_utils/nnet_merge.h:125]   --->   Operation 216 'insertvalue' 'mrv_21' <Predicate = true> <Delay = 0.00>
ST_1 : Operation 217 [1/1] (0.00ns)   --->   "%mrv_22 = insertvalue i1024 %mrv_21, i16 %zext_ln120_22" [firmware/nnet_utils/nnet_merge.h:125]   --->   Operation 217 'insertvalue' 'mrv_22' <Predicate = true> <Delay = 0.00>
ST_1 : Operation 218 [1/1] (0.00ns)   --->   "%mrv_23 = insertvalue i1024 %mrv_22, i16 %zext_ln120_23" [firmware/nnet_utils/nnet_merge.h:125]   --->   Operation 218 'insertvalue' 'mrv_23' <Predicate = true> <Delay = 0.00>
ST_1 : Operation 219 [1/1] (0.00ns)   --->   "%mrv_24 = insertvalue i1024 %mrv_23, i16 %zext_ln120_24" [firmware/nnet_utils/nnet_merge.h:125]   --->   Operation 219 'insertvalue' 'mrv_24' <Predicate = true> <Delay = 0.00>
ST_1 : Operation 220 [1/1] (0.00ns)   --->   "%mrv_25 = insertvalue i1024 %mrv_24, i16 %zext_ln120_25" [firmware/nnet_utils/nnet_merge.h:125]   --->   Operation 220 'insertvalue' 'mrv_25' <Predicate = true> <Delay = 0.00>
ST_1 : Operation 221 [1/1] (0.00ns)   --->   "%mrv_26 = insertvalue i1024 %mrv_25, i16 %zext_ln120_26" [firmware/nnet_utils/nnet_merge.h:125]   --->   Operation 221 'insertvalue' 'mrv_26' <Predicate = true> <Delay = 0.00>
ST_1 : Operation 222 [1/1] (0.00ns)   --->   "%mrv_27 = insertvalue i1024 %mrv_26, i16 %zext_ln120_27" [firmware/nnet_utils/nnet_merge.h:125]   --->   Operation 222 'insertvalue' 'mrv_27' <Predicate = true> <Delay = 0.00>
ST_1 : Operation 223 [1/1] (0.00ns)   --->   "%mrv_28 = insertvalue i1024 %mrv_27, i16 %zext_ln120_28" [firmware/nnet_utils/nnet_merge.h:125]   --->   Operation 223 'insertvalue' 'mrv_28' <Predicate = true> <Delay = 0.00>
ST_1 : Operation 224 [1/1] (0.00ns)   --->   "%mrv_29 = insertvalue i1024 %mrv_28, i16 %zext_ln120_29" [firmware/nnet_utils/nnet_merge.h:125]   --->   Operation 224 'insertvalue' 'mrv_29' <Predicate = true> <Delay = 0.00>
ST_1 : Operation 225 [1/1] (0.00ns)   --->   "%mrv_30 = insertvalue i1024 %mrv_29, i16 %zext_ln120_30" [firmware/nnet_utils/nnet_merge.h:125]   --->   Operation 225 'insertvalue' 'mrv_30' <Predicate = true> <Delay = 0.00>
ST_1 : Operation 226 [1/1] (0.00ns)   --->   "%mrv_31 = insertvalue i1024 %mrv_30, i16 %zext_ln123" [firmware/nnet_utils/nnet_merge.h:125]   --->   Operation 226 'insertvalue' 'mrv_31' <Predicate = true> <Delay = 0.00>
ST_1 : Operation 227 [1/1] (0.00ns)   --->   "%mrv_32 = insertvalue i1024 %mrv_31, i16 %zext_ln123_1" [firmware/nnet_utils/nnet_merge.h:125]   --->   Operation 227 'insertvalue' 'mrv_32' <Predicate = true> <Delay = 0.00>
ST_1 : Operation 228 [1/1] (0.00ns)   --->   "%mrv_33 = insertvalue i1024 %mrv_32, i16 %zext_ln123_2" [firmware/nnet_utils/nnet_merge.h:125]   --->   Operation 228 'insertvalue' 'mrv_33' <Predicate = true> <Delay = 0.00>
ST_1 : Operation 229 [1/1] (0.00ns)   --->   "%mrv_34 = insertvalue i1024 %mrv_33, i16 %zext_ln123_3" [firmware/nnet_utils/nnet_merge.h:125]   --->   Operation 229 'insertvalue' 'mrv_34' <Predicate = true> <Delay = 0.00>
ST_1 : Operation 230 [1/1] (0.00ns)   --->   "%mrv_35 = insertvalue i1024 %mrv_34, i16 %zext_ln123_4" [firmware/nnet_utils/nnet_merge.h:125]   --->   Operation 230 'insertvalue' 'mrv_35' <Predicate = true> <Delay = 0.00>
ST_1 : Operation 231 [1/1] (0.00ns)   --->   "%mrv_36 = insertvalue i1024 %mrv_35, i16 %zext_ln123_5" [firmware/nnet_utils/nnet_merge.h:125]   --->   Operation 231 'insertvalue' 'mrv_36' <Predicate = true> <Delay = 0.00>
ST_1 : Operation 232 [1/1] (0.00ns)   --->   "%mrv_37 = insertvalue i1024 %mrv_36, i16 %zext_ln123_6" [firmware/nnet_utils/nnet_merge.h:125]   --->   Operation 232 'insertvalue' 'mrv_37' <Predicate = true> <Delay = 0.00>
ST_1 : Operation 233 [1/1] (0.00ns)   --->   "%mrv_38 = insertvalue i1024 %mrv_37, i16 %zext_ln123_7" [firmware/nnet_utils/nnet_merge.h:125]   --->   Operation 233 'insertvalue' 'mrv_38' <Predicate = true> <Delay = 0.00>
ST_1 : Operation 234 [1/1] (0.00ns)   --->   "%mrv_39 = insertvalue i1024 %mrv_38, i16 %zext_ln123_8" [firmware/nnet_utils/nnet_merge.h:125]   --->   Operation 234 'insertvalue' 'mrv_39' <Predicate = true> <Delay = 0.00>
ST_1 : Operation 235 [1/1] (0.00ns)   --->   "%mrv_40 = insertvalue i1024 %mrv_39, i16 %zext_ln123_9" [firmware/nnet_utils/nnet_merge.h:125]   --->   Operation 235 'insertvalue' 'mrv_40' <Predicate = true> <Delay = 0.00>
ST_1 : Operation 236 [1/1] (0.00ns)   --->   "%mrv_41 = insertvalue i1024 %mrv_40, i16 %zext_ln123_10" [firmware/nnet_utils/nnet_merge.h:125]   --->   Operation 236 'insertvalue' 'mrv_41' <Predicate = true> <Delay = 0.00>
ST_1 : Operation 237 [1/1] (0.00ns)   --->   "%mrv_42 = insertvalue i1024 %mrv_41, i16 %zext_ln123_11" [firmware/nnet_utils/nnet_merge.h:125]   --->   Operation 237 'insertvalue' 'mrv_42' <Predicate = true> <Delay = 0.00>
ST_1 : Operation 238 [1/1] (0.00ns)   --->   "%mrv_43 = insertvalue i1024 %mrv_42, i16 %zext_ln123_12" [firmware/nnet_utils/nnet_merge.h:125]   --->   Operation 238 'insertvalue' 'mrv_43' <Predicate = true> <Delay = 0.00>
ST_1 : Operation 239 [1/1] (0.00ns)   --->   "%mrv_44 = insertvalue i1024 %mrv_43, i16 %zext_ln123_13" [firmware/nnet_utils/nnet_merge.h:125]   --->   Operation 239 'insertvalue' 'mrv_44' <Predicate = true> <Delay = 0.00>
ST_1 : Operation 240 [1/1] (0.00ns)   --->   "%mrv_45 = insertvalue i1024 %mrv_44, i16 %zext_ln123_14" [firmware/nnet_utils/nnet_merge.h:125]   --->   Operation 240 'insertvalue' 'mrv_45' <Predicate = true> <Delay = 0.00>
ST_1 : Operation 241 [1/1] (0.00ns)   --->   "%mrv_46 = insertvalue i1024 %mrv_45, i16 %zext_ln123_15" [firmware/nnet_utils/nnet_merge.h:125]   --->   Operation 241 'insertvalue' 'mrv_46' <Predicate = true> <Delay = 0.00>
ST_1 : Operation 242 [1/1] (0.00ns)   --->   "%mrv_47 = insertvalue i1024 %mrv_46, i16 %zext_ln123_16" [firmware/nnet_utils/nnet_merge.h:125]   --->   Operation 242 'insertvalue' 'mrv_47' <Predicate = true> <Delay = 0.00>
ST_1 : Operation 243 [1/1] (0.00ns)   --->   "%mrv_48 = insertvalue i1024 %mrv_47, i16 %zext_ln123_17" [firmware/nnet_utils/nnet_merge.h:125]   --->   Operation 243 'insertvalue' 'mrv_48' <Predicate = true> <Delay = 0.00>
ST_1 : Operation 244 [1/1] (0.00ns)   --->   "%mrv_49 = insertvalue i1024 %mrv_48, i16 %zext_ln123_18" [firmware/nnet_utils/nnet_merge.h:125]   --->   Operation 244 'insertvalue' 'mrv_49' <Predicate = true> <Delay = 0.00>
ST_1 : Operation 245 [1/1] (0.00ns)   --->   "%mrv_50 = insertvalue i1024 %mrv_49, i16 %zext_ln123_19" [firmware/nnet_utils/nnet_merge.h:125]   --->   Operation 245 'insertvalue' 'mrv_50' <Predicate = true> <Delay = 0.00>
ST_1 : Operation 246 [1/1] (0.00ns)   --->   "%mrv_51 = insertvalue i1024 %mrv_50, i16 %zext_ln123_20" [firmware/nnet_utils/nnet_merge.h:125]   --->   Operation 246 'insertvalue' 'mrv_51' <Predicate = true> <Delay = 0.00>
ST_1 : Operation 247 [1/1] (0.00ns)   --->   "%mrv_52 = insertvalue i1024 %mrv_51, i16 %zext_ln123_21" [firmware/nnet_utils/nnet_merge.h:125]   --->   Operation 247 'insertvalue' 'mrv_52' <Predicate = true> <Delay = 0.00>
ST_1 : Operation 248 [1/1] (0.00ns)   --->   "%mrv_53 = insertvalue i1024 %mrv_52, i16 %zext_ln123_22" [firmware/nnet_utils/nnet_merge.h:125]   --->   Operation 248 'insertvalue' 'mrv_53' <Predicate = true> <Delay = 0.00>
ST_1 : Operation 249 [1/1] (0.00ns)   --->   "%mrv_54 = insertvalue i1024 %mrv_53, i16 %zext_ln123_23" [firmware/nnet_utils/nnet_merge.h:125]   --->   Operation 249 'insertvalue' 'mrv_54' <Predicate = true> <Delay = 0.00>
ST_1 : Operation 250 [1/1] (0.00ns)   --->   "%mrv_55 = insertvalue i1024 %mrv_54, i16 %zext_ln123_24" [firmware/nnet_utils/nnet_merge.h:125]   --->   Operation 250 'insertvalue' 'mrv_55' <Predicate = true> <Delay = 0.00>
ST_1 : Operation 251 [1/1] (0.00ns)   --->   "%mrv_56 = insertvalue i1024 %mrv_55, i16 %zext_ln123_25" [firmware/nnet_utils/nnet_merge.h:125]   --->   Operation 251 'insertvalue' 'mrv_56' <Predicate = true> <Delay = 0.00>
ST_1 : Operation 252 [1/1] (0.00ns)   --->   "%mrv_57 = insertvalue i1024 %mrv_56, i16 %zext_ln123_26" [firmware/nnet_utils/nnet_merge.h:125]   --->   Operation 252 'insertvalue' 'mrv_57' <Predicate = true> <Delay = 0.00>
ST_1 : Operation 253 [1/1] (0.00ns)   --->   "%mrv_58 = insertvalue i1024 %mrv_57, i16 %zext_ln123_27" [firmware/nnet_utils/nnet_merge.h:125]   --->   Operation 253 'insertvalue' 'mrv_58' <Predicate = true> <Delay = 0.00>
ST_1 : Operation 254 [1/1] (0.00ns)   --->   "%mrv_59 = insertvalue i1024 %mrv_58, i16 %zext_ln123_28" [firmware/nnet_utils/nnet_merge.h:125]   --->   Operation 254 'insertvalue' 'mrv_59' <Predicate = true> <Delay = 0.00>
ST_1 : Operation 255 [1/1] (0.00ns)   --->   "%mrv_60 = insertvalue i1024 %mrv_59, i16 %zext_ln123_29" [firmware/nnet_utils/nnet_merge.h:125]   --->   Operation 255 'insertvalue' 'mrv_60' <Predicate = true> <Delay = 0.00>
ST_1 : Operation 256 [1/1] (0.00ns)   --->   "%mrv_61 = insertvalue i1024 %mrv_60, i16 %zext_ln123_30" [firmware/nnet_utils/nnet_merge.h:125]   --->   Operation 256 'insertvalue' 'mrv_61' <Predicate = true> <Delay = 0.00>
ST_1 : Operation 257 [1/1] (0.00ns)   --->   "%mrv_62 = insertvalue i1024 %mrv_61, i16 %zext_ln123_31" [firmware/nnet_utils/nnet_merge.h:125]   --->   Operation 257 'insertvalue' 'mrv_62' <Predicate = true> <Delay = 0.00>
ST_1 : Operation 258 [1/1] (0.00ns)   --->   "%mrv_63 = insertvalue i1024 %mrv_62, i16 %zext_ln125" [firmware/nnet_utils/nnet_merge.h:125]   --->   Operation 258 'insertvalue' 'mrv_63' <Predicate = true> <Delay = 0.00>
ST_1 : Operation 259 [1/1] (0.00ns)   --->   "%ret_ln125 = ret i1024 %mrv_63" [firmware/nnet_utils/nnet_merge.h:125]   --->   Operation 259 'ret' 'ret_ln125' <Predicate = true> <Delay = 0.00>


============================================================
+ Verbose Summary: Binding
============================================================
STG Binding: 
---------------- STG Properties BEGIN ----------------
- Is combinational: 1
- Is one-state seq: 0
- Is datapath-only: 0
- Is pipelined: 1
- Is top level: 0
Port [ Return ] is wired: 1; IO mode=ap_ctrl_hs:ce=0
Port [ data1_0_val]:  wired=1; compound=0; hidden=0; nouse=0; global=0; static=0; extern=0; dir=0; type=0; pingpong=0; private_global=0; IO mode=ap_none:ce=0
Port [ data1_1_val]:  wired=1; compound=0; hidden=0; nouse=0; global=0; static=0; extern=0; dir=0; type=0; pingpong=0; private_global=0; IO mode=ap_none:ce=0
Port [ data1_2_val]:  wired=1; compound=0; hidden=0; nouse=0; global=0; static=0; extern=0; dir=0; type=0; pingpong=0; private_global=0; IO mode=ap_none:ce=0
Port [ data1_3_val]:  wired=1; compound=0; hidden=0; nouse=0; global=0; static=0; extern=0; dir=0; type=0; pingpong=0; private_global=0; IO mode=ap_none:ce=0
Port [ data1_4_val]:  wired=1; compound=0; hidden=0; nouse=0; global=0; static=0; extern=0; dir=0; type=0; pingpong=0; private_global=0; IO mode=ap_none:ce=0
Port [ data1_5_val]:  wired=1; compound=0; hidden=0; nouse=0; global=0; static=0; extern=0; dir=0; type=0; pingpong=0; private_global=0; IO mode=ap_none:ce=0
Port [ data1_6_val]:  wired=1; compound=0; hidden=0; nouse=0; global=0; static=0; extern=0; dir=0; type=0; pingpong=0; private_global=0; IO mode=ap_none:ce=0
Port [ data1_7_val]:  wired=1; compound=0; hidden=0; nouse=0; global=0; static=0; extern=0; dir=0; type=0; pingpong=0; private_global=0; IO mode=ap_none:ce=0
Port [ data1_8_val]:  wired=1; compound=0; hidden=0; nouse=0; global=0; static=0; extern=0; dir=0; type=0; pingpong=0; private_global=0; IO mode=ap_none:ce=0
Port [ data1_9_val]:  wired=1; compound=0; hidden=0; nouse=0; global=0; static=0; extern=0; dir=0; type=0; pingpong=0; private_global=0; IO mode=ap_none:ce=0
Port [ data1_10_val]:  wired=1; compound=0; hidden=0; nouse=0; global=0; static=0; extern=0; dir=0; type=0; pingpong=0; private_global=0; IO mode=ap_none:ce=0
Port [ data1_11_val]:  wired=1; compound=0; hidden=0; nouse=0; global=0; static=0; extern=0; dir=0; type=0; pingpong=0; private_global=0; IO mode=ap_none:ce=0
Port [ data1_12_val]:  wired=1; compound=0; hidden=0; nouse=0; global=0; static=0; extern=0; dir=0; type=0; pingpong=0; private_global=0; IO mode=ap_none:ce=0
Port [ data1_13_val]:  wired=1; compound=0; hidden=0; nouse=0; global=0; static=0; extern=0; dir=0; type=0; pingpong=0; private_global=0; IO mode=ap_none:ce=0
Port [ data1_14_val]:  wired=1; compound=0; hidden=0; nouse=0; global=0; static=0; extern=0; dir=0; type=0; pingpong=0; private_global=0; IO mode=ap_none:ce=0
Port [ data1_15_val]:  wired=1; compound=0; hidden=0; nouse=0; global=0; static=0; extern=0; dir=0; type=0; pingpong=0; private_global=0; IO mode=ap_none:ce=0
Port [ data1_16_val]:  wired=1; compound=0; hidden=0; nouse=0; global=0; static=0; extern=0; dir=0; type=0; pingpong=0; private_global=0; IO mode=ap_none:ce=0
Port [ data1_17_val]:  wired=1; compound=0; hidden=0; nouse=0; global=0; static=0; extern=0; dir=0; type=0; pingpong=0; private_global=0; IO mode=ap_none:ce=0
Port [ data1_18_val]:  wired=1; compound=0; hidden=0; nouse=0; global=0; static=0; extern=0; dir=0; type=0; pingpong=0; private_global=0; IO mode=ap_none:ce=0
Port [ data1_19_val]:  wired=1; compound=0; hidden=0; nouse=0; global=0; static=0; extern=0; dir=0; type=0; pingpong=0; private_global=0; IO mode=ap_none:ce=0
Port [ data1_20_val]:  wired=1; compound=0; hidden=0; nouse=0; global=0; static=0; extern=0; dir=0; type=0; pingpong=0; private_global=0; IO mode=ap_none:ce=0
Port [ data1_21_val]:  wired=1; compound=0; hidden=0; nouse=0; global=0; static=0; extern=0; dir=0; type=0; pingpong=0; private_global=0; IO mode=ap_none:ce=0
Port [ data1_22_val]:  wired=1; compound=0; hidden=0; nouse=0; global=0; static=0; extern=0; dir=0; type=0; pingpong=0; private_global=0; IO mode=ap_none:ce=0
Port [ data1_23_val]:  wired=1; compound=0; hidden=0; nouse=0; global=0; static=0; extern=0; dir=0; type=0; pingpong=0; private_global=0; IO mode=ap_none:ce=0
Port [ data1_24_val]:  wired=1; compound=0; hidden=0; nouse=0; global=0; static=0; extern=0; dir=0; type=0; pingpong=0; private_global=0; IO mode=ap_none:ce=0
Port [ data1_25_val]:  wired=1; compound=0; hidden=0; nouse=0; global=0; static=0; extern=0; dir=0; type=0; pingpong=0; private_global=0; IO mode=ap_none:ce=0
Port [ data1_26_val]:  wired=1; compound=0; hidden=0; nouse=0; global=0; static=0; extern=0; dir=0; type=0; pingpong=0; private_global=0; IO mode=ap_none:ce=0
Port [ data1_27_val]:  wired=1; compound=0; hidden=0; nouse=0; global=0; static=0; extern=0; dir=0; type=0; pingpong=0; private_global=0; IO mode=ap_none:ce=0
Port [ data1_28_val]:  wired=1; compound=0; hidden=0; nouse=0; global=0; static=0; extern=0; dir=0; type=0; pingpong=0; private_global=0; IO mode=ap_none:ce=0
Port [ data1_29_val]:  wired=1; compound=0; hidden=0; nouse=0; global=0; static=0; extern=0; dir=0; type=0; pingpong=0; private_global=0; IO mode=ap_none:ce=0
Port [ data1_30_val]:  wired=1; compound=0; hidden=0; nouse=0; global=0; static=0; extern=0; dir=0; type=0; pingpong=0; private_global=0; IO mode=ap_none:ce=0
Port [ data1_31_val]:  wired=1; compound=0; hidden=0; nouse=0; global=0; static=0; extern=0; dir=0; type=0; pingpong=0; private_global=0; IO mode=ap_none:ce=0
Port [ data2_0_val]:  wired=1; compound=0; hidden=0; nouse=0; global=0; static=0; extern=0; dir=0; type=0; pingpong=0; private_global=0; IO mode=ap_none:ce=0
Port [ data2_1_val]:  wired=1; compound=0; hidden=0; nouse=0; global=0; static=0; extern=0; dir=0; type=0; pingpong=0; private_global=0; IO mode=ap_none:ce=0
Port [ data2_2_val]:  wired=1; compound=0; hidden=0; nouse=0; global=0; static=0; extern=0; dir=0; type=0; pingpong=0; private_global=0; IO mode=ap_none:ce=0
Port [ data2_3_val]:  wired=1; compound=0; hidden=0; nouse=0; global=0; static=0; extern=0; dir=0; type=0; pingpong=0; private_global=0; IO mode=ap_none:ce=0
Port [ data2_4_val]:  wired=1; compound=0; hidden=0; nouse=0; global=0; static=0; extern=0; dir=0; type=0; pingpong=0; private_global=0; IO mode=ap_none:ce=0
Port [ data2_5_val]:  wired=1; compound=0; hidden=0; nouse=0; global=0; static=0; extern=0; dir=0; type=0; pingpong=0; private_global=0; IO mode=ap_none:ce=0
Port [ data2_6_val]:  wired=1; compound=0; hidden=0; nouse=0; global=0; static=0; extern=0; dir=0; type=0; pingpong=0; private_global=0; IO mode=ap_none:ce=0
Port [ data2_7_val]:  wired=1; compound=0; hidden=0; nouse=0; global=0; static=0; extern=0; dir=0; type=0; pingpong=0; private_global=0; IO mode=ap_none:ce=0
Port [ data2_8_val]:  wired=1; compound=0; hidden=0; nouse=0; global=0; static=0; extern=0; dir=0; type=0; pingpong=0; private_global=0; IO mode=ap_none:ce=0
Port [ data2_9_val]:  wired=1; compound=0; hidden=0; nouse=0; global=0; static=0; extern=0; dir=0; type=0; pingpong=0; private_global=0; IO mode=ap_none:ce=0
Port [ data2_10_val]:  wired=1; compound=0; hidden=0; nouse=0; global=0; static=0; extern=0; dir=0; type=0; pingpong=0; private_global=0; IO mode=ap_none:ce=0
Port [ data2_11_val]:  wired=1; compound=0; hidden=0; nouse=0; global=0; static=0; extern=0; dir=0; type=0; pingpong=0; private_global=0; IO mode=ap_none:ce=0
Port [ data2_12_val]:  wired=1; compound=0; hidden=0; nouse=0; global=0; static=0; extern=0; dir=0; type=0; pingpong=0; private_global=0; IO mode=ap_none:ce=0
Port [ data2_13_val]:  wired=1; compound=0; hidden=0; nouse=0; global=0; static=0; extern=0; dir=0; type=0; pingpong=0; private_global=0; IO mode=ap_none:ce=0
Port [ data2_14_val]:  wired=1; compound=0; hidden=0; nouse=0; global=0; static=0; extern=0; dir=0; type=0; pingpong=0; private_global=0; IO mode=ap_none:ce=0
Port [ data2_15_val]:  wired=1; compound=0; hidden=0; nouse=0; global=0; static=0; extern=0; dir=0; type=0; pingpong=0; private_global=0; IO mode=ap_none:ce=0
Port [ data2_16_val]:  wired=1; compound=0; hidden=0; nouse=0; global=0; static=0; extern=0; dir=0; type=0; pingpong=0; private_global=0; IO mode=ap_none:ce=0
Port [ data2_17_val]:  wired=1; compound=0; hidden=0; nouse=0; global=0; static=0; extern=0; dir=0; type=0; pingpong=0; private_global=0; IO mode=ap_none:ce=0
Port [ data2_18_val]:  wired=1; compound=0; hidden=0; nouse=0; global=0; static=0; extern=0; dir=0; type=0; pingpong=0; private_global=0; IO mode=ap_none:ce=0
Port [ data2_19_val]:  wired=1; compound=0; hidden=0; nouse=0; global=0; static=0; extern=0; dir=0; type=0; pingpong=0; private_global=0; IO mode=ap_none:ce=0
Port [ data2_20_val]:  wired=1; compound=0; hidden=0; nouse=0; global=0; static=0; extern=0; dir=0; type=0; pingpong=0; private_global=0; IO mode=ap_none:ce=0
Port [ data2_21_val]:  wired=1; compound=0; hidden=0; nouse=0; global=0; static=0; extern=0; dir=0; type=0; pingpong=0; private_global=0; IO mode=ap_none:ce=0
Port [ data2_22_val]:  wired=1; compound=0; hidden=0; nouse=0; global=0; static=0; extern=0; dir=0; type=0; pingpong=0; private_global=0; IO mode=ap_none:ce=0
Port [ data2_23_val]:  wired=1; compound=0; hidden=0; nouse=0; global=0; static=0; extern=0; dir=0; type=0; pingpong=0; private_global=0; IO mode=ap_none:ce=0
Port [ data2_24_val]:  wired=1; compound=0; hidden=0; nouse=0; global=0; static=0; extern=0; dir=0; type=0; pingpong=0; private_global=0; IO mode=ap_none:ce=0
Port [ data2_25_val]:  wired=1; compound=0; hidden=0; nouse=0; global=0; static=0; extern=0; dir=0; type=0; pingpong=0; private_global=0; IO mode=ap_none:ce=0
Port [ data2_26_val]:  wired=1; compound=0; hidden=0; nouse=0; global=0; static=0; extern=0; dir=0; type=0; pingpong=0; private_global=0; IO mode=ap_none:ce=0
Port [ data2_27_val]:  wired=1; compound=0; hidden=0; nouse=0; global=0; static=0; extern=0; dir=0; type=0; pingpong=0; private_global=0; IO mode=ap_none:ce=0
Port [ data2_28_val]:  wired=1; compound=0; hidden=0; nouse=0; global=0; static=0; extern=0; dir=0; type=0; pingpong=0; private_global=0; IO mode=ap_none:ce=0
Port [ data2_29_val]:  wired=1; compound=0; hidden=0; nouse=0; global=0; static=0; extern=0; dir=0; type=0; pingpong=0; private_global=0; IO mode=ap_none:ce=0
Port [ data2_30_val]:  wired=1; compound=0; hidden=0; nouse=0; global=0; static=0; extern=0; dir=0; type=0; pingpong=0; private_global=0; IO mode=ap_none:ce=0
Port [ data2_31_val]:  wired=1; compound=0; hidden=0; nouse=0; global=0; static=0; extern=0; dir=0; type=0; pingpong=0; private_global=0; IO mode=ap_none:ce=0
---------------- STG Properties END ------------------

---------------- Datapath Model BEGIN ----------------

<LifeTime>
<method=bitvector/>
specpipeline_ln120 (specpipeline  ) [ 00]
data2_31_val_read  (read          ) [ 00]
data2_30_val_read  (read          ) [ 00]
data2_29_val_read  (read          ) [ 00]
data2_28_val_read  (read          ) [ 00]
data2_27_val_read  (read          ) [ 00]
data2_26_val_read  (read          ) [ 00]
data2_25_val_read  (read          ) [ 00]
data2_24_val_read  (read          ) [ 00]
data2_23_val_read  (read          ) [ 00]
data2_22_val_read  (read          ) [ 00]
data2_21_val_read  (read          ) [ 00]
data2_20_val_read  (read          ) [ 00]
data2_19_val_read  (read          ) [ 00]
data2_18_val_read  (read          ) [ 00]
data2_17_val_read  (read          ) [ 00]
data2_16_val_read  (read          ) [ 00]
data2_15_val_read  (read          ) [ 00]
data2_14_val_read  (read          ) [ 00]
data2_13_val_read  (read          ) [ 00]
data2_12_val_read  (read          ) [ 00]
data2_11_val_read  (read          ) [ 00]
data2_10_val_read  (read          ) [ 00]
data2_9_val_read   (read          ) [ 00]
data2_8_val_read   (read          ) [ 00]
data2_7_val_read   (read          ) [ 00]
data2_6_val_read   (read          ) [ 00]
data2_5_val_read   (read          ) [ 00]
data2_4_val_read   (read          ) [ 00]
data2_3_val_read   (read          ) [ 00]
data2_2_val_read   (read          ) [ 00]
data2_1_val_read   (read          ) [ 00]
data2_0_val_read   (read          ) [ 00]
data1_31_val_read  (read          ) [ 00]
data1_30_val_read  (read          ) [ 00]
data1_29_val_read  (read          ) [ 00]
data1_28_val_read  (read          ) [ 00]
data1_27_val_read  (read          ) [ 00]
data1_26_val_read  (read          ) [ 00]
data1_25_val_read  (read          ) [ 00]
data1_24_val_read  (read          ) [ 00]
data1_23_val_read  (read          ) [ 00]
data1_22_val_read  (read          ) [ 00]
data1_21_val_read  (read          ) [ 00]
data1_20_val_read  (read          ) [ 00]
data1_19_val_read  (read          ) [ 00]
data1_18_val_read  (read          ) [ 00]
data1_17_val_read  (read          ) [ 00]
data1_16_val_read  (read          ) [ 00]
data1_15_val_read  (read          ) [ 00]
data1_14_val_read  (read          ) [ 00]
data1_13_val_read  (read          ) [ 00]
data1_12_val_read  (read          ) [ 00]
data1_11_val_read  (read          ) [ 00]
data1_10_val_read  (read          ) [ 00]
data1_9_val_read   (read          ) [ 00]
data1_8_val_read   (read          ) [ 00]
data1_7_val_read   (read          ) [ 00]
data1_6_val_read   (read          ) [ 00]
data1_5_val_read   (read          ) [ 00]
data1_4_val_read   (read          ) [ 00]
data1_3_val_read   (read          ) [ 00]
data1_2_val_read   (read          ) [ 00]
data1_1_val_read   (read          ) [ 00]
data1_0_val_read   (read          ) [ 00]
shl_ln             (bitconcatenate) [ 00]
zext_ln120         (zext          ) [ 00]
shl_ln120_1        (bitconcatenate) [ 00]
zext_ln120_1       (zext          ) [ 00]
shl_ln120_2        (bitconcatenate) [ 00]
zext_ln120_2       (zext          ) [ 00]
shl_ln120_3        (bitconcatenate) [ 00]
zext_ln120_3       (zext          ) [ 00]
shl_ln120_4        (bitconcatenate) [ 00]
zext_ln120_4       (zext          ) [ 00]
shl_ln120_5        (bitconcatenate) [ 00]
zext_ln120_5       (zext          ) [ 00]
shl_ln120_6        (bitconcatenate) [ 00]
zext_ln120_6       (zext          ) [ 00]
shl_ln120_7        (bitconcatenate) [ 00]
zext_ln120_7       (zext          ) [ 00]
shl_ln120_8        (bitconcatenate) [ 00]
zext_ln120_8       (zext          ) [ 00]
shl_ln120_9        (bitconcatenate) [ 00]
zext_ln120_9       (zext          ) [ 00]
shl_ln120_s        (bitconcatenate) [ 00]
zext_ln120_10      (zext          ) [ 00]
shl_ln120_10       (bitconcatenate) [ 00]
zext_ln120_11      (zext          ) [ 00]
shl_ln120_11       (bitconcatenate) [ 00]
zext_ln120_12      (zext          ) [ 00]
shl_ln120_12       (bitconcatenate) [ 00]
zext_ln120_13      (zext          ) [ 00]
shl_ln120_13       (bitconcatenate) [ 00]
zext_ln120_14      (zext          ) [ 00]
shl_ln120_14       (bitconcatenate) [ 00]
zext_ln120_15      (zext          ) [ 00]
shl_ln120_15       (bitconcatenate) [ 00]
zext_ln120_16      (zext          ) [ 00]
shl_ln120_16       (bitconcatenate) [ 00]
zext_ln120_17      (zext          ) [ 00]
shl_ln120_17       (bitconcatenate) [ 00]
zext_ln120_18      (zext          ) [ 00]
shl_ln120_18       (bitconcatenate) [ 00]
zext_ln120_19      (zext          ) [ 00]
shl_ln120_19       (bitconcatenate) [ 00]
zext_ln120_20      (zext          ) [ 00]
shl_ln120_20       (bitconcatenate) [ 00]
zext_ln120_21      (zext          ) [ 00]
shl_ln120_21       (bitconcatenate) [ 00]
zext_ln120_22      (zext          ) [ 00]
shl_ln120_22       (bitconcatenate) [ 00]
zext_ln120_23      (zext          ) [ 00]
shl_ln120_23       (bitconcatenate) [ 00]
zext_ln120_24      (zext          ) [ 00]
shl_ln120_24       (bitconcatenate) [ 00]
zext_ln120_25      (zext          ) [ 00]
shl_ln120_25       (bitconcatenate) [ 00]
zext_ln120_26      (zext          ) [ 00]
shl_ln120_26       (bitconcatenate) [ 00]
zext_ln120_27      (zext          ) [ 00]
shl_ln120_27       (bitconcatenate) [ 00]
zext_ln120_28      (zext          ) [ 00]
shl_ln120_28       (bitconcatenate) [ 00]
zext_ln120_29      (zext          ) [ 00]
shl_ln120_29       (bitconcatenate) [ 00]
zext_ln120_30      (zext          ) [ 00]
shl_ln120_30       (bitconcatenate) [ 00]
zext_ln123         (zext          ) [ 00]
shl_ln2            (bitconcatenate) [ 00]
zext_ln123_1       (zext          ) [ 00]
shl_ln123_1        (bitconcatenate) [ 00]
zext_ln123_2       (zext          ) [ 00]
shl_ln123_2        (bitconcatenate) [ 00]
zext_ln123_3       (zext          ) [ 00]
shl_ln123_3        (bitconcatenate) [ 00]
zext_ln123_4       (zext          ) [ 00]
shl_ln123_4        (bitconcatenate) [ 00]
zext_ln123_5       (zext          ) [ 00]
shl_ln123_5        (bitconcatenate) [ 00]
zext_ln123_6       (zext          ) [ 00]
shl_ln123_6        (bitconcatenate) [ 00]
zext_ln123_7       (zext          ) [ 00]
shl_ln123_7        (bitconcatenate) [ 00]
zext_ln123_8       (zext          ) [ 00]
shl_ln123_8        (bitconcatenate) [ 00]
zext_ln123_9       (zext          ) [ 00]
shl_ln123_9        (bitconcatenate) [ 00]
zext_ln123_10      (zext          ) [ 00]
shl_ln123_s        (bitconcatenate) [ 00]
zext_ln123_11      (zext          ) [ 00]
shl_ln123_10       (bitconcatenate) [ 00]
zext_ln123_12      (zext          ) [ 00]
shl_ln123_11       (bitconcatenate) [ 00]
zext_ln123_13      (zext          ) [ 00]
shl_ln123_12       (bitconcatenate) [ 00]
zext_ln123_14      (zext          ) [ 00]
shl_ln123_13       (bitconcatenate) [ 00]
zext_ln123_15      (zext          ) [ 00]
shl_ln123_14       (bitconcatenate) [ 00]
zext_ln123_16      (zext          ) [ 00]
shl_ln123_15       (bitconcatenate) [ 00]
zext_ln123_17      (zext          ) [ 00]
shl_ln123_16       (bitconcatenate) [ 00]
zext_ln123_18      (zext          ) [ 00]
shl_ln123_17       (bitconcatenate) [ 00]
zext_ln123_19      (zext          ) [ 00]
shl_ln123_18       (bitconcatenate) [ 00]
zext_ln123_20      (zext          ) [ 00]
shl_ln123_19       (bitconcatenate) [ 00]
zext_ln123_21      (zext          ) [ 00]
shl_ln123_20       (bitconcatenate) [ 00]
zext_ln123_22      (zext          ) [ 00]
shl_ln123_21       (bitconcatenate) [ 00]
zext_ln123_23      (zext          ) [ 00]
shl_ln123_22       (bitconcatenate) [ 00]
zext_ln123_24      (zext          ) [ 00]
shl_ln123_23       (bitconcatenate) [ 00]
zext_ln123_25      (zext          ) [ 00]
shl_ln123_24       (bitconcatenate) [ 00]
zext_ln123_26      (zext          ) [ 00]
shl_ln123_25       (bitconcatenate) [ 00]
zext_ln123_27      (zext          ) [ 00]
shl_ln123_26       (bitconcatenate) [ 00]
zext_ln123_28      (zext          ) [ 00]
shl_ln123_27       (bitconcatenate) [ 00]
zext_ln123_29      (zext          ) [ 00]
shl_ln123_28       (bitconcatenate) [ 00]
zext_ln123_30      (zext          ) [ 00]
shl_ln123_29       (bitconcatenate) [ 00]
zext_ln123_31      (zext          ) [ 00]
shl_ln123_30       (bitconcatenate) [ 00]
zext_ln125         (zext          ) [ 00]
mrv                (insertvalue   ) [ 00]
mrv_1              (insertvalue   ) [ 00]
mrv_2              (insertvalue   ) [ 00]
mrv_3              (insertvalue   ) [ 00]
mrv_4              (insertvalue   ) [ 00]
mrv_5              (insertvalue   ) [ 00]
mrv_6              (insertvalue   ) [ 00]
mrv_7              (insertvalue   ) [ 00]
mrv_8              (insertvalue   ) [ 00]
mrv_9              (insertvalue   ) [ 00]
mrv_10             (insertvalue   ) [ 00]
mrv_11             (insertvalue   ) [ 00]
mrv_12             (insertvalue   ) [ 00]
mrv_13             (insertvalue   ) [ 00]
mrv_14             (insertvalue   ) [ 00]
mrv_15             (insertvalue   ) [ 00]
mrv_16             (insertvalue   ) [ 00]
mrv_17             (insertvalue   ) [ 00]
mrv_18             (insertvalue   ) [ 00]
mrv_19             (insertvalue   ) [ 00]
mrv_20             (insertvalue   ) [ 00]
mrv_21             (insertvalue   ) [ 00]
mrv_22             (insertvalue   ) [ 00]
mrv_23             (insertvalue   ) [ 00]
mrv_24             (insertvalue   ) [ 00]
mrv_25             (insertvalue   ) [ 00]
mrv_26             (insertvalue   ) [ 00]
mrv_27             (insertvalue   ) [ 00]
mrv_28             (insertvalue   ) [ 00]
mrv_29             (insertvalue   ) [ 00]
mrv_30             (insertvalue   ) [ 00]
mrv_31             (insertvalue   ) [ 00]
mrv_32             (insertvalue   ) [ 00]
mrv_33             (insertvalue   ) [ 00]
mrv_34             (insertvalue   ) [ 00]
mrv_35             (insertvalue   ) [ 00]
mrv_36             (insertvalue   ) [ 00]
mrv_37             (insertvalue   ) [ 00]
mrv_38             (insertvalue   ) [ 00]
mrv_39             (insertvalue   ) [ 00]
mrv_40             (insertvalue   ) [ 00]
mrv_41             (insertvalue   ) [ 00]
mrv_42             (insertvalue   ) [ 00]
mrv_43             (insertvalue   ) [ 00]
mrv_44             (insertvalue   ) [ 00]
mrv_45             (insertvalue   ) [ 00]
mrv_46             (insertvalue   ) [ 00]
mrv_47             (insertvalue   ) [ 00]
mrv_48             (insertvalue   ) [ 00]
mrv_49             (insertvalue   ) [ 00]
mrv_50             (insertvalue   ) [ 00]
mrv_51             (insertvalue   ) [ 00]
mrv_52             (insertvalue   ) [ 00]
mrv_53             (insertvalue   ) [ 00]
mrv_54             (insertvalue   ) [ 00]
mrv_55             (insertvalue   ) [ 00]
mrv_56             (insertvalue   ) [ 00]
mrv_57             (insertvalue   ) [ 00]
mrv_58             (insertvalue   ) [ 00]
mrv_59             (insertvalue   ) [ 00]
mrv_60             (insertvalue   ) [ 00]
mrv_61             (insertvalue   ) [ 00]
mrv_62             (insertvalue   ) [ 00]
mrv_63             (insertvalue   ) [ 00]
ret_ln125          (ret           ) [ 00]
</LifeTime>

<model>

<comp_list>
<comp id="0" class="1000" name="data1_0_val">
<pin_list>
<pin id="1" dir="1" index="0" bw="1" slack="0"/>
</pin_list>
<bind>
<StgValue><ssdm name="data1_0_val"/></StgValue>
</bind>
</comp>

<comp id="2" class="1000" name="data1_1_val">
<pin_list>
<pin id="3" dir="1" index="0" bw="1" slack="0"/>
</pin_list>
<bind>
<StgValue><ssdm name="data1_1_val"/></StgValue>
</bind>
</comp>

<comp id="4" class="1000" name="data1_2_val">
<pin_list>
<pin id="5" dir="1" index="0" bw="1" slack="0"/>
</pin_list>
<bind>
<StgValue><ssdm name="data1_2_val"/></StgValue>
</bind>
</comp>

<comp id="6" class="1000" name="data1_3_val">
<pin_list>
<pin id="7" dir="1" index="0" bw="1" slack="0"/>
</pin_list>
<bind>
<StgValue><ssdm name="data1_3_val"/></StgValue>
</bind>
</comp>

<comp id="8" class="1000" name="data1_4_val">
<pin_list>
<pin id="9" dir="1" index="0" bw="1" slack="0"/>
</pin_list>
<bind>
<StgValue><ssdm name="data1_4_val"/></StgValue>
</bind>
</comp>

<comp id="10" class="1000" name="data1_5_val">
<pin_list>
<pin id="11" dir="1" index="0" bw="1" slack="0"/>
</pin_list>
<bind>
<StgValue><ssdm name="data1_5_val"/></StgValue>
</bind>
</comp>

<comp id="12" class="1000" name="data1_6_val">
<pin_list>
<pin id="13" dir="1" index="0" bw="1" slack="0"/>
</pin_list>
<bind>
<StgValue><ssdm name="data1_6_val"/></StgValue>
</bind>
</comp>

<comp id="14" class="1000" name="data1_7_val">
<pin_list>
<pin id="15" dir="1" index="0" bw="1" slack="0"/>
</pin_list>
<bind>
<StgValue><ssdm name="data1_7_val"/></StgValue>
</bind>
</comp>

<comp id="16" class="1000" name="data1_8_val">
<pin_list>
<pin id="17" dir="1" index="0" bw="1" slack="0"/>
</pin_list>
<bind>
<StgValue><ssdm name="data1_8_val"/></StgValue>
</bind>
</comp>

<comp id="18" class="1000" name="data1_9_val">
<pin_list>
<pin id="19" dir="1" index="0" bw="1" slack="0"/>
</pin_list>
<bind>
<StgValue><ssdm name="data1_9_val"/></StgValue>
</bind>
</comp>

<comp id="20" class="1000" name="data1_10_val">
<pin_list>
<pin id="21" dir="1" index="0" bw="1" slack="0"/>
</pin_list>
<bind>
<StgValue><ssdm name="data1_10_val"/></StgValue>
</bind>
</comp>

<comp id="22" class="1000" name="data1_11_val">
<pin_list>
<pin id="23" dir="1" index="0" bw="1" slack="0"/>
</pin_list>
<bind>
<StgValue><ssdm name="data1_11_val"/></StgValue>
</bind>
</comp>

<comp id="24" class="1000" name="data1_12_val">
<pin_list>
<pin id="25" dir="1" index="0" bw="1" slack="0"/>
</pin_list>
<bind>
<StgValue><ssdm name="data1_12_val"/></StgValue>
</bind>
</comp>

<comp id="26" class="1000" name="data1_13_val">
<pin_list>
<pin id="27" dir="1" index="0" bw="1" slack="0"/>
</pin_list>
<bind>
<StgValue><ssdm name="data1_13_val"/></StgValue>
</bind>
</comp>

<comp id="28" class="1000" name="data1_14_val">
<pin_list>
<pin id="29" dir="1" index="0" bw="1" slack="0"/>
</pin_list>
<bind>
<StgValue><ssdm name="data1_14_val"/></StgValue>
</bind>
</comp>

<comp id="30" class="1000" name="data1_15_val">
<pin_list>
<pin id="31" dir="1" index="0" bw="1" slack="0"/>
</pin_list>
<bind>
<StgValue><ssdm name="data1_15_val"/></StgValue>
</bind>
</comp>

<comp id="32" class="1000" name="data1_16_val">
<pin_list>
<pin id="33" dir="1" index="0" bw="1" slack="0"/>
</pin_list>
<bind>
<StgValue><ssdm name="data1_16_val"/></StgValue>
</bind>
</comp>

<comp id="34" class="1000" name="data1_17_val">
<pin_list>
<pin id="35" dir="1" index="0" bw="1" slack="0"/>
</pin_list>
<bind>
<StgValue><ssdm name="data1_17_val"/></StgValue>
</bind>
</comp>

<comp id="36" class="1000" name="data1_18_val">
<pin_list>
<pin id="37" dir="1" index="0" bw="1" slack="0"/>
</pin_list>
<bind>
<StgValue><ssdm name="data1_18_val"/></StgValue>
</bind>
</comp>

<comp id="38" class="1000" name="data1_19_val">
<pin_list>
<pin id="39" dir="1" index="0" bw="1" slack="0"/>
</pin_list>
<bind>
<StgValue><ssdm name="data1_19_val"/></StgValue>
</bind>
</comp>

<comp id="40" class="1000" name="data1_20_val">
<pin_list>
<pin id="41" dir="1" index="0" bw="1" slack="0"/>
</pin_list>
<bind>
<StgValue><ssdm name="data1_20_val"/></StgValue>
</bind>
</comp>

<comp id="42" class="1000" name="data1_21_val">
<pin_list>
<pin id="43" dir="1" index="0" bw="1" slack="0"/>
</pin_list>
<bind>
<StgValue><ssdm name="data1_21_val"/></StgValue>
</bind>
</comp>

<comp id="44" class="1000" name="data1_22_val">
<pin_list>
<pin id="45" dir="1" index="0" bw="1" slack="0"/>
</pin_list>
<bind>
<StgValue><ssdm name="data1_22_val"/></StgValue>
</bind>
</comp>

<comp id="46" class="1000" name="data1_23_val">
<pin_list>
<pin id="47" dir="1" index="0" bw="1" slack="0"/>
</pin_list>
<bind>
<StgValue><ssdm name="data1_23_val"/></StgValue>
</bind>
</comp>

<comp id="48" class="1000" name="data1_24_val">
<pin_list>
<pin id="49" dir="1" index="0" bw="1" slack="0"/>
</pin_list>
<bind>
<StgValue><ssdm name="data1_24_val"/></StgValue>
</bind>
</comp>

<comp id="50" class="1000" name="data1_25_val">
<pin_list>
<pin id="51" dir="1" index="0" bw="1" slack="0"/>
</pin_list>
<bind>
<StgValue><ssdm name="data1_25_val"/></StgValue>
</bind>
</comp>

<comp id="52" class="1000" name="data1_26_val">
<pin_list>
<pin id="53" dir="1" index="0" bw="1" slack="0"/>
</pin_list>
<bind>
<StgValue><ssdm name="data1_26_val"/></StgValue>
</bind>
</comp>

<comp id="54" class="1000" name="data1_27_val">
<pin_list>
<pin id="55" dir="1" index="0" bw="1" slack="0"/>
</pin_list>
<bind>
<StgValue><ssdm name="data1_27_val"/></StgValue>
</bind>
</comp>

<comp id="56" class="1000" name="data1_28_val">
<pin_list>
<pin id="57" dir="1" index="0" bw="1" slack="0"/>
</pin_list>
<bind>
<StgValue><ssdm name="data1_28_val"/></StgValue>
</bind>
</comp>

<comp id="58" class="1000" name="data1_29_val">
<pin_list>
<pin id="59" dir="1" index="0" bw="1" slack="0"/>
</pin_list>
<bind>
<StgValue><ssdm name="data1_29_val"/></StgValue>
</bind>
</comp>

<comp id="60" class="1000" name="data1_30_val">
<pin_list>
<pin id="61" dir="1" index="0" bw="1" slack="0"/>
</pin_list>
<bind>
<StgValue><ssdm name="data1_30_val"/></StgValue>
</bind>
</comp>

<comp id="62" class="1000" name="data1_31_val">
<pin_list>
<pin id="63" dir="1" index="0" bw="1" slack="0"/>
</pin_list>
<bind>
<StgValue><ssdm name="data1_31_val"/></StgValue>
</bind>
</comp>

<comp id="64" class="1000" name="data2_0_val">
<pin_list>
<pin id="65" dir="1" index="0" bw="1" slack="0"/>
</pin_list>
<bind>
<StgValue><ssdm name="data2_0_val"/></StgValue>
</bind>
</comp>

<comp id="66" class="1000" name="data2_1_val">
<pin_list>
<pin id="67" dir="1" index="0" bw="1" slack="0"/>
</pin_list>
<bind>
<StgValue><ssdm name="data2_1_val"/></StgValue>
</bind>
</comp>

<comp id="68" class="1000" name="data2_2_val">
<pin_list>
<pin id="69" dir="1" index="0" bw="1" slack="0"/>
</pin_list>
<bind>
<StgValue><ssdm name="data2_2_val"/></StgValue>
</bind>
</comp>

<comp id="70" class="1000" name="data2_3_val">
<pin_list>
<pin id="71" dir="1" index="0" bw="1" slack="0"/>
</pin_list>
<bind>
<StgValue><ssdm name="data2_3_val"/></StgValue>
</bind>
</comp>

<comp id="72" class="1000" name="data2_4_val">
<pin_list>
<pin id="73" dir="1" index="0" bw="1" slack="0"/>
</pin_list>
<bind>
<StgValue><ssdm name="data2_4_val"/></StgValue>
</bind>
</comp>

<comp id="74" class="1000" name="data2_5_val">
<pin_list>
<pin id="75" dir="1" index="0" bw="1" slack="0"/>
</pin_list>
<bind>
<StgValue><ssdm name="data2_5_val"/></StgValue>
</bind>
</comp>

<comp id="76" class="1000" name="data2_6_val">
<pin_list>
<pin id="77" dir="1" index="0" bw="1" slack="0"/>
</pin_list>
<bind>
<StgValue><ssdm name="data2_6_val"/></StgValue>
</bind>
</comp>

<comp id="78" class="1000" name="data2_7_val">
<pin_list>
<pin id="79" dir="1" index="0" bw="1" slack="0"/>
</pin_list>
<bind>
<StgValue><ssdm name="data2_7_val"/></StgValue>
</bind>
</comp>

<comp id="80" class="1000" name="data2_8_val">
<pin_list>
<pin id="81" dir="1" index="0" bw="1" slack="0"/>
</pin_list>
<bind>
<StgValue><ssdm name="data2_8_val"/></StgValue>
</bind>
</comp>

<comp id="82" class="1000" name="data2_9_val">
<pin_list>
<pin id="83" dir="1" index="0" bw="1" slack="0"/>
</pin_list>
<bind>
<StgValue><ssdm name="data2_9_val"/></StgValue>
</bind>
</comp>

<comp id="84" class="1000" name="data2_10_val">
<pin_list>
<pin id="85" dir="1" index="0" bw="1" slack="0"/>
</pin_list>
<bind>
<StgValue><ssdm name="data2_10_val"/></StgValue>
</bind>
</comp>

<comp id="86" class="1000" name="data2_11_val">
<pin_list>
<pin id="87" dir="1" index="0" bw="1" slack="0"/>
</pin_list>
<bind>
<StgValue><ssdm name="data2_11_val"/></StgValue>
</bind>
</comp>

<comp id="88" class="1000" name="data2_12_val">
<pin_list>
<pin id="89" dir="1" index="0" bw="1" slack="0"/>
</pin_list>
<bind>
<StgValue><ssdm name="data2_12_val"/></StgValue>
</bind>
</comp>

<comp id="90" class="1000" name="data2_13_val">
<pin_list>
<pin id="91" dir="1" index="0" bw="1" slack="0"/>
</pin_list>
<bind>
<StgValue><ssdm name="data2_13_val"/></StgValue>
</bind>
</comp>

<comp id="92" class="1000" name="data2_14_val">
<pin_list>
<pin id="93" dir="1" index="0" bw="1" slack="0"/>
</pin_list>
<bind>
<StgValue><ssdm name="data2_14_val"/></StgValue>
</bind>
</comp>

<comp id="94" class="1000" name="data2_15_val">
<pin_list>
<pin id="95" dir="1" index="0" bw="1" slack="0"/>
</pin_list>
<bind>
<StgValue><ssdm name="data2_15_val"/></StgValue>
</bind>
</comp>

<comp id="96" class="1000" name="data2_16_val">
<pin_list>
<pin id="97" dir="1" index="0" bw="1" slack="0"/>
</pin_list>
<bind>
<StgValue><ssdm name="data2_16_val"/></StgValue>
</bind>
</comp>

<comp id="98" class="1000" name="data2_17_val">
<pin_list>
<pin id="99" dir="1" index="0" bw="1" slack="0"/>
</pin_list>
<bind>
<StgValue><ssdm name="data2_17_val"/></StgValue>
</bind>
</comp>

<comp id="100" class="1000" name="data2_18_val">
<pin_list>
<pin id="101" dir="1" index="0" bw="1" slack="0"/>
</pin_list>
<bind>
<StgValue><ssdm name="data2_18_val"/></StgValue>
</bind>
</comp>

<comp id="102" class="1000" name="data2_19_val">
<pin_list>
<pin id="103" dir="1" index="0" bw="1" slack="0"/>
</pin_list>
<bind>
<StgValue><ssdm name="data2_19_val"/></StgValue>
</bind>
</comp>

<comp id="104" class="1000" name="data2_20_val">
<pin_list>
<pin id="105" dir="1" index="0" bw="1" slack="0"/>
</pin_list>
<bind>
<StgValue><ssdm name="data2_20_val"/></StgValue>
</bind>
</comp>

<comp id="106" class="1000" name="data2_21_val">
<pin_list>
<pin id="107" dir="1" index="0" bw="1" slack="0"/>
</pin_list>
<bind>
<StgValue><ssdm name="data2_21_val"/></StgValue>
</bind>
</comp>

<comp id="108" class="1000" name="data2_22_val">
<pin_list>
<pin id="109" dir="1" index="0" bw="1" slack="0"/>
</pin_list>
<bind>
<StgValue><ssdm name="data2_22_val"/></StgValue>
</bind>
</comp>

<comp id="110" class="1000" name="data2_23_val">
<pin_list>
<pin id="111" dir="1" index="0" bw="1" slack="0"/>
</pin_list>
<bind>
<StgValue><ssdm name="data2_23_val"/></StgValue>
</bind>
</comp>

<comp id="112" class="1000" name="data2_24_val">
<pin_list>
<pin id="113" dir="1" index="0" bw="1" slack="0"/>
</pin_list>
<bind>
<StgValue><ssdm name="data2_24_val"/></StgValue>
</bind>
</comp>

<comp id="114" class="1000" name="data2_25_val">
<pin_list>
<pin id="115" dir="1" index="0" bw="1" slack="0"/>
</pin_list>
<bind>
<StgValue><ssdm name="data2_25_val"/></StgValue>
</bind>
</comp>

<comp id="116" class="1000" name="data2_26_val">
<pin_list>
<pin id="117" dir="1" index="0" bw="1" slack="0"/>
</pin_list>
<bind>
<StgValue><ssdm name="data2_26_val"/></StgValue>
</bind>
</comp>

<comp id="118" class="1000" name="data2_27_val">
<pin_list>
<pin id="119" dir="1" index="0" bw="1" slack="0"/>
</pin_list>
<bind>
<StgValue><ssdm name="data2_27_val"/></StgValue>
</bind>
</comp>

<comp id="120" class="1000" name="data2_28_val">
<pin_list>
<pin id="121" dir="1" index="0" bw="1" slack="0"/>
</pin_list>
<bind>
<StgValue><ssdm name="data2_28_val"/></StgValue>
</bind>
</comp>

<comp id="122" class="1000" name="data2_29_val">
<pin_list>
<pin id="123" dir="1" index="0" bw="1" slack="0"/>
</pin_list>
<bind>
<StgValue><ssdm name="data2_29_val"/></StgValue>
</bind>
</comp>

<comp id="124" class="1000" name="data2_30_val">
<pin_list>
<pin id="125" dir="1" index="0" bw="1" slack="0"/>
</pin_list>
<bind>
<StgValue><ssdm name="data2_30_val"/></StgValue>
</bind>
</comp>

<comp id="126" class="1000" name="data2_31_val">
<pin_list>
<pin id="127" dir="1" index="0" bw="1" slack="0"/>
</pin_list>
<bind>
<StgValue><ssdm name="data2_31_val"/></StgValue>
</bind>
</comp>

<comp id="128" class="1001" name="const_128">
<pin_list>
<pin id="129" dir="1" index="0" bw="1" slack="2147483647"/>
</pin_list>
<bind>
<StgValue><ssdm name="_ssdm_op_SpecPipeline"/></StgValue>
</bind>
</comp>

<comp id="130" class="1001" name="const_130">
<pin_list>
<pin id="131" dir="1" index="0" bw="1" slack="2147483647"/>
</pin_list>
<bind>
<StgValue><ssdm name=""/></StgValue>
</bind>
</comp>

<comp id="132" class="1001" name="const_132">
<pin_list>
<pin id="133" dir="1" index="0" bw="1" slack="2147483647"/>
</pin_list>
<bind>
<StgValue><ssdm name=""/></StgValue>
</bind>
</comp>

<comp id="134" class="1001" name="const_134">
<pin_list>
<pin id="135" dir="1" index="0" bw="1" slack="2147483647"/>
</pin_list>
<bind>
<StgValue><ssdm name="empty_0"/></StgValue>
</bind>
</comp>

<comp id="136" class="1001" name="const_136">
<pin_list>
<pin id="137" dir="1" index="0" bw="1" slack="0"/>
</pin_list>
<bind>
<StgValue><ssdm name="_ssdm_op_Read.ap_auto.i8"/></StgValue>
</bind>
</comp>

<comp id="138" class="1001" name="const_138">
<pin_list>
<pin id="139" dir="1" index="0" bw="1" slack="0"/>
</pin_list>
<bind>
<StgValue><ssdm name="_ssdm_op_BitConcatenate.i10.i8.i2"/></StgValue>
</bind>
</comp>

<comp id="140" class="1001" name="const_140">
<pin_list>
<pin id="141" dir="1" index="0" bw="1" slack="0"/>
</pin_list>
<bind>
<StgValue><ssdm name=""/></StgValue>
</bind>
</comp>

<comp id="142" class="1001" name="const_142">
<pin_list>
<pin id="143" dir="1" index="0" bw="1" slack="0"/>
</pin_list>
<bind>
<StgValue><ssdm name=""/></StgValue>
</bind>
</comp>

<comp id="144" class="1004" name="data2_31_val_read_read_fu_144">
<pin_list>
<pin id="145" dir="0" index="0" bw="8" slack="0"/>
<pin id="146" dir="0" index="1" bw="8" slack="0"/>
<pin id="147" dir="1" index="2" bw="8" slack="0"/>
</pin_list>
<bind>
<opcode="read(1150) " fcode="read"/>
<opset="data2_31_val_read/1 "/>
</bind>
</comp>

<comp id="150" class="1004" name="data2_30_val_read_read_fu_150">
<pin_list>
<pin id="151" dir="0" index="0" bw="8" slack="0"/>
<pin id="152" dir="0" index="1" bw="8" slack="0"/>
<pin id="153" dir="1" index="2" bw="8" slack="0"/>
</pin_list>
<bind>
<opcode="read(1150) " fcode="read"/>
<opset="data2_30_val_read/1 "/>
</bind>
</comp>

<comp id="156" class="1004" name="data2_29_val_read_read_fu_156">
<pin_list>
<pin id="157" dir="0" index="0" bw="8" slack="0"/>
<pin id="158" dir="0" index="1" bw="8" slack="0"/>
<pin id="159" dir="1" index="2" bw="8" slack="0"/>
</pin_list>
<bind>
<opcode="read(1150) " fcode="read"/>
<opset="data2_29_val_read/1 "/>
</bind>
</comp>

<comp id="162" class="1004" name="data2_28_val_read_read_fu_162">
<pin_list>
<pin id="163" dir="0" index="0" bw="8" slack="0"/>
<pin id="164" dir="0" index="1" bw="8" slack="0"/>
<pin id="165" dir="1" index="2" bw="8" slack="0"/>
</pin_list>
<bind>
<opcode="read(1150) " fcode="read"/>
<opset="data2_28_val_read/1 "/>
</bind>
</comp>

<comp id="168" class="1004" name="data2_27_val_read_read_fu_168">
<pin_list>
<pin id="169" dir="0" index="0" bw="8" slack="0"/>
<pin id="170" dir="0" index="1" bw="8" slack="0"/>
<pin id="171" dir="1" index="2" bw="8" slack="0"/>
</pin_list>
<bind>
<opcode="read(1150) " fcode="read"/>
<opset="data2_27_val_read/1 "/>
</bind>
</comp>

<comp id="174" class="1004" name="data2_26_val_read_read_fu_174">
<pin_list>
<pin id="175" dir="0" index="0" bw="8" slack="0"/>
<pin id="176" dir="0" index="1" bw="8" slack="0"/>
<pin id="177" dir="1" index="2" bw="8" slack="0"/>
</pin_list>
<bind>
<opcode="read(1150) " fcode="read"/>
<opset="data2_26_val_read/1 "/>
</bind>
</comp>

<comp id="180" class="1004" name="data2_25_val_read_read_fu_180">
<pin_list>
<pin id="181" dir="0" index="0" bw="8" slack="0"/>
<pin id="182" dir="0" index="1" bw="8" slack="0"/>
<pin id="183" dir="1" index="2" bw="8" slack="0"/>
</pin_list>
<bind>
<opcode="read(1150) " fcode="read"/>
<opset="data2_25_val_read/1 "/>
</bind>
</comp>

<comp id="186" class="1004" name="data2_24_val_read_read_fu_186">
<pin_list>
<pin id="187" dir="0" index="0" bw="8" slack="0"/>
<pin id="188" dir="0" index="1" bw="8" slack="0"/>
<pin id="189" dir="1" index="2" bw="8" slack="0"/>
</pin_list>
<bind>
<opcode="read(1150) " fcode="read"/>
<opset="data2_24_val_read/1 "/>
</bind>
</comp>

<comp id="192" class="1004" name="data2_23_val_read_read_fu_192">
<pin_list>
<pin id="193" dir="0" index="0" bw="8" slack="0"/>
<pin id="194" dir="0" index="1" bw="8" slack="0"/>
<pin id="195" dir="1" index="2" bw="8" slack="0"/>
</pin_list>
<bind>
<opcode="read(1150) " fcode="read"/>
<opset="data2_23_val_read/1 "/>
</bind>
</comp>

<comp id="198" class="1004" name="data2_22_val_read_read_fu_198">
<pin_list>
<pin id="199" dir="0" index="0" bw="8" slack="0"/>
<pin id="200" dir="0" index="1" bw="8" slack="0"/>
<pin id="201" dir="1" index="2" bw="8" slack="0"/>
</pin_list>
<bind>
<opcode="read(1150) " fcode="read"/>
<opset="data2_22_val_read/1 "/>
</bind>
</comp>

<comp id="204" class="1004" name="data2_21_val_read_read_fu_204">
<pin_list>
<pin id="205" dir="0" index="0" bw="8" slack="0"/>
<pin id="206" dir="0" index="1" bw="8" slack="0"/>
<pin id="207" dir="1" index="2" bw="8" slack="0"/>
</pin_list>
<bind>
<opcode="read(1150) " fcode="read"/>
<opset="data2_21_val_read/1 "/>
</bind>
</comp>

<comp id="210" class="1004" name="data2_20_val_read_read_fu_210">
<pin_list>
<pin id="211" dir="0" index="0" bw="8" slack="0"/>
<pin id="212" dir="0" index="1" bw="8" slack="0"/>
<pin id="213" dir="1" index="2" bw="8" slack="0"/>
</pin_list>
<bind>
<opcode="read(1150) " fcode="read"/>
<opset="data2_20_val_read/1 "/>
</bind>
</comp>

<comp id="216" class="1004" name="data2_19_val_read_read_fu_216">
<pin_list>
<pin id="217" dir="0" index="0" bw="8" slack="0"/>
<pin id="218" dir="0" index="1" bw="8" slack="0"/>
<pin id="219" dir="1" index="2" bw="8" slack="0"/>
</pin_list>
<bind>
<opcode="read(1150) " fcode="read"/>
<opset="data2_19_val_read/1 "/>
</bind>
</comp>

<comp id="222" class="1004" name="data2_18_val_read_read_fu_222">
<pin_list>
<pin id="223" dir="0" index="0" bw="8" slack="0"/>
<pin id="224" dir="0" index="1" bw="8" slack="0"/>
<pin id="225" dir="1" index="2" bw="8" slack="0"/>
</pin_list>
<bind>
<opcode="read(1150) " fcode="read"/>
<opset="data2_18_val_read/1 "/>
</bind>
</comp>

<comp id="228" class="1004" name="data2_17_val_read_read_fu_228">
<pin_list>
<pin id="229" dir="0" index="0" bw="8" slack="0"/>
<pin id="230" dir="0" index="1" bw="8" slack="0"/>
<pin id="231" dir="1" index="2" bw="8" slack="0"/>
</pin_list>
<bind>
<opcode="read(1150) " fcode="read"/>
<opset="data2_17_val_read/1 "/>
</bind>
</comp>

<comp id="234" class="1004" name="data2_16_val_read_read_fu_234">
<pin_list>
<pin id="235" dir="0" index="0" bw="8" slack="0"/>
<pin id="236" dir="0" index="1" bw="8" slack="0"/>
<pin id="237" dir="1" index="2" bw="8" slack="0"/>
</pin_list>
<bind>
<opcode="read(1150) " fcode="read"/>
<opset="data2_16_val_read/1 "/>
</bind>
</comp>

<comp id="240" class="1004" name="data2_15_val_read_read_fu_240">
<pin_list>
<pin id="241" dir="0" index="0" bw="8" slack="0"/>
<pin id="242" dir="0" index="1" bw="8" slack="0"/>
<pin id="243" dir="1" index="2" bw="8" slack="0"/>
</pin_list>
<bind>
<opcode="read(1150) " fcode="read"/>
<opset="data2_15_val_read/1 "/>
</bind>
</comp>

<comp id="246" class="1004" name="data2_14_val_read_read_fu_246">
<pin_list>
<pin id="247" dir="0" index="0" bw="8" slack="0"/>
<pin id="248" dir="0" index="1" bw="8" slack="0"/>
<pin id="249" dir="1" index="2" bw="8" slack="0"/>
</pin_list>
<bind>
<opcode="read(1150) " fcode="read"/>
<opset="data2_14_val_read/1 "/>
</bind>
</comp>

<comp id="252" class="1004" name="data2_13_val_read_read_fu_252">
<pin_list>
<pin id="253" dir="0" index="0" bw="8" slack="0"/>
<pin id="254" dir="0" index="1" bw="8" slack="0"/>
<pin id="255" dir="1" index="2" bw="8" slack="0"/>
</pin_list>
<bind>
<opcode="read(1150) " fcode="read"/>
<opset="data2_13_val_read/1 "/>
</bind>
</comp>

<comp id="258" class="1004" name="data2_12_val_read_read_fu_258">
<pin_list>
<pin id="259" dir="0" index="0" bw="8" slack="0"/>
<pin id="260" dir="0" index="1" bw="8" slack="0"/>
<pin id="261" dir="1" index="2" bw="8" slack="0"/>
</pin_list>
<bind>
<opcode="read(1150) " fcode="read"/>
<opset="data2_12_val_read/1 "/>
</bind>
</comp>

<comp id="264" class="1004" name="data2_11_val_read_read_fu_264">
<pin_list>
<pin id="265" dir="0" index="0" bw="8" slack="0"/>
<pin id="266" dir="0" index="1" bw="8" slack="0"/>
<pin id="267" dir="1" index="2" bw="8" slack="0"/>
</pin_list>
<bind>
<opcode="read(1150) " fcode="read"/>
<opset="data2_11_val_read/1 "/>
</bind>
</comp>

<comp id="270" class="1004" name="data2_10_val_read_read_fu_270">
<pin_list>
<pin id="271" dir="0" index="0" bw="8" slack="0"/>
<pin id="272" dir="0" index="1" bw="8" slack="0"/>
<pin id="273" dir="1" index="2" bw="8" slack="0"/>
</pin_list>
<bind>
<opcode="read(1150) " fcode="read"/>
<opset="data2_10_val_read/1 "/>
</bind>
</comp>

<comp id="276" class="1004" name="data2_9_val_read_read_fu_276">
<pin_list>
<pin id="277" dir="0" index="0" bw="8" slack="0"/>
<pin id="278" dir="0" index="1" bw="8" slack="0"/>
<pin id="279" dir="1" index="2" bw="8" slack="0"/>
</pin_list>
<bind>
<opcode="read(1150) " fcode="read"/>
<opset="data2_9_val_read/1 "/>
</bind>
</comp>

<comp id="282" class="1004" name="data2_8_val_read_read_fu_282">
<pin_list>
<pin id="283" dir="0" index="0" bw="8" slack="0"/>
<pin id="284" dir="0" index="1" bw="8" slack="0"/>
<pin id="285" dir="1" index="2" bw="8" slack="0"/>
</pin_list>
<bind>
<opcode="read(1150) " fcode="read"/>
<opset="data2_8_val_read/1 "/>
</bind>
</comp>

<comp id="288" class="1004" name="data2_7_val_read_read_fu_288">
<pin_list>
<pin id="289" dir="0" index="0" bw="8" slack="0"/>
<pin id="290" dir="0" index="1" bw="8" slack="0"/>
<pin id="291" dir="1" index="2" bw="8" slack="0"/>
</pin_list>
<bind>
<opcode="read(1150) " fcode="read"/>
<opset="data2_7_val_read/1 "/>
</bind>
</comp>

<comp id="294" class="1004" name="data2_6_val_read_read_fu_294">
<pin_list>
<pin id="295" dir="0" index="0" bw="8" slack="0"/>
<pin id="296" dir="0" index="1" bw="8" slack="0"/>
<pin id="297" dir="1" index="2" bw="8" slack="0"/>
</pin_list>
<bind>
<opcode="read(1150) " fcode="read"/>
<opset="data2_6_val_read/1 "/>
</bind>
</comp>

<comp id="300" class="1004" name="data2_5_val_read_read_fu_300">
<pin_list>
<pin id="301" dir="0" index="0" bw="8" slack="0"/>
<pin id="302" dir="0" index="1" bw="8" slack="0"/>
<pin id="303" dir="1" index="2" bw="8" slack="0"/>
</pin_list>
<bind>
<opcode="read(1150) " fcode="read"/>
<opset="data2_5_val_read/1 "/>
</bind>
</comp>

<comp id="306" class="1004" name="data2_4_val_read_read_fu_306">
<pin_list>
<pin id="307" dir="0" index="0" bw="8" slack="0"/>
<pin id="308" dir="0" index="1" bw="8" slack="0"/>
<pin id="309" dir="1" index="2" bw="8" slack="0"/>
</pin_list>
<bind>
<opcode="read(1150) " fcode="read"/>
<opset="data2_4_val_read/1 "/>
</bind>
</comp>

<comp id="312" class="1004" name="data2_3_val_read_read_fu_312">
<pin_list>
<pin id="313" dir="0" index="0" bw="8" slack="0"/>
<pin id="314" dir="0" index="1" bw="8" slack="0"/>
<pin id="315" dir="1" index="2" bw="8" slack="0"/>
</pin_list>
<bind>
<opcode="read(1150) " fcode="read"/>
<opset="data2_3_val_read/1 "/>
</bind>
</comp>

<comp id="318" class="1004" name="data2_2_val_read_read_fu_318">
<pin_list>
<pin id="319" dir="0" index="0" bw="8" slack="0"/>
<pin id="320" dir="0" index="1" bw="8" slack="0"/>
<pin id="321" dir="1" index="2" bw="8" slack="0"/>
</pin_list>
<bind>
<opcode="read(1150) " fcode="read"/>
<opset="data2_2_val_read/1 "/>
</bind>
</comp>

<comp id="324" class="1004" name="data2_1_val_read_read_fu_324">
<pin_list>
<pin id="325" dir="0" index="0" bw="8" slack="0"/>
<pin id="326" dir="0" index="1" bw="8" slack="0"/>
<pin id="327" dir="1" index="2" bw="8" slack="0"/>
</pin_list>
<bind>
<opcode="read(1150) " fcode="read"/>
<opset="data2_1_val_read/1 "/>
</bind>
</comp>

<comp id="330" class="1004" name="data2_0_val_read_read_fu_330">
<pin_list>
<pin id="331" dir="0" index="0" bw="8" slack="0"/>
<pin id="332" dir="0" index="1" bw="8" slack="0"/>
<pin id="333" dir="1" index="2" bw="8" slack="0"/>
</pin_list>
<bind>
<opcode="read(1150) " fcode="read"/>
<opset="data2_0_val_read/1 "/>
</bind>
</comp>

<comp id="336" class="1004" name="data1_31_val_read_read_fu_336">
<pin_list>
<pin id="337" dir="0" index="0" bw="8" slack="0"/>
<pin id="338" dir="0" index="1" bw="8" slack="0"/>
<pin id="339" dir="1" index="2" bw="8" slack="0"/>
</pin_list>
<bind>
<opcode="read(1150) " fcode="read"/>
<opset="data1_31_val_read/1 "/>
</bind>
</comp>

<comp id="342" class="1004" name="data1_30_val_read_read_fu_342">
<pin_list>
<pin id="343" dir="0" index="0" bw="8" slack="0"/>
<pin id="344" dir="0" index="1" bw="8" slack="0"/>
<pin id="345" dir="1" index="2" bw="8" slack="0"/>
</pin_list>
<bind>
<opcode="read(1150) " fcode="read"/>
<opset="data1_30_val_read/1 "/>
</bind>
</comp>

<comp id="348" class="1004" name="data1_29_val_read_read_fu_348">
<pin_list>
<pin id="349" dir="0" index="0" bw="8" slack="0"/>
<pin id="350" dir="0" index="1" bw="8" slack="0"/>
<pin id="351" dir="1" index="2" bw="8" slack="0"/>
</pin_list>
<bind>
<opcode="read(1150) " fcode="read"/>
<opset="data1_29_val_read/1 "/>
</bind>
</comp>

<comp id="354" class="1004" name="data1_28_val_read_read_fu_354">
<pin_list>
<pin id="355" dir="0" index="0" bw="8" slack="0"/>
<pin id="356" dir="0" index="1" bw="8" slack="0"/>
<pin id="357" dir="1" index="2" bw="8" slack="0"/>
</pin_list>
<bind>
<opcode="read(1150) " fcode="read"/>
<opset="data1_28_val_read/1 "/>
</bind>
</comp>

<comp id="360" class="1004" name="data1_27_val_read_read_fu_360">
<pin_list>
<pin id="361" dir="0" index="0" bw="8" slack="0"/>
<pin id="362" dir="0" index="1" bw="8" slack="0"/>
<pin id="363" dir="1" index="2" bw="8" slack="0"/>
</pin_list>
<bind>
<opcode="read(1150) " fcode="read"/>
<opset="data1_27_val_read/1 "/>
</bind>
</comp>

<comp id="366" class="1004" name="data1_26_val_read_read_fu_366">
<pin_list>
<pin id="367" dir="0" index="0" bw="8" slack="0"/>
<pin id="368" dir="0" index="1" bw="8" slack="0"/>
<pin id="369" dir="1" index="2" bw="8" slack="0"/>
</pin_list>
<bind>
<opcode="read(1150) " fcode="read"/>
<opset="data1_26_val_read/1 "/>
</bind>
</comp>

<comp id="372" class="1004" name="data1_25_val_read_read_fu_372">
<pin_list>
<pin id="373" dir="0" index="0" bw="8" slack="0"/>
<pin id="374" dir="0" index="1" bw="8" slack="0"/>
<pin id="375" dir="1" index="2" bw="8" slack="0"/>
</pin_list>
<bind>
<opcode="read(1150) " fcode="read"/>
<opset="data1_25_val_read/1 "/>
</bind>
</comp>

<comp id="378" class="1004" name="data1_24_val_read_read_fu_378">
<pin_list>
<pin id="379" dir="0" index="0" bw="8" slack="0"/>
<pin id="380" dir="0" index="1" bw="8" slack="0"/>
<pin id="381" dir="1" index="2" bw="8" slack="0"/>
</pin_list>
<bind>
<opcode="read(1150) " fcode="read"/>
<opset="data1_24_val_read/1 "/>
</bind>
</comp>

<comp id="384" class="1004" name="data1_23_val_read_read_fu_384">
<pin_list>
<pin id="385" dir="0" index="0" bw="8" slack="0"/>
<pin id="386" dir="0" index="1" bw="8" slack="0"/>
<pin id="387" dir="1" index="2" bw="8" slack="0"/>
</pin_list>
<bind>
<opcode="read(1150) " fcode="read"/>
<opset="data1_23_val_read/1 "/>
</bind>
</comp>

<comp id="390" class="1004" name="data1_22_val_read_read_fu_390">
<pin_list>
<pin id="391" dir="0" index="0" bw="8" slack="0"/>
<pin id="392" dir="0" index="1" bw="8" slack="0"/>
<pin id="393" dir="1" index="2" bw="8" slack="0"/>
</pin_list>
<bind>
<opcode="read(1150) " fcode="read"/>
<opset="data1_22_val_read/1 "/>
</bind>
</comp>

<comp id="396" class="1004" name="data1_21_val_read_read_fu_396">
<pin_list>
<pin id="397" dir="0" index="0" bw="8" slack="0"/>
<pin id="398" dir="0" index="1" bw="8" slack="0"/>
<pin id="399" dir="1" index="2" bw="8" slack="0"/>
</pin_list>
<bind>
<opcode="read(1150) " fcode="read"/>
<opset="data1_21_val_read/1 "/>
</bind>
</comp>

<comp id="402" class="1004" name="data1_20_val_read_read_fu_402">
<pin_list>
<pin id="403" dir="0" index="0" bw="8" slack="0"/>
<pin id="404" dir="0" index="1" bw="8" slack="0"/>
<pin id="405" dir="1" index="2" bw="8" slack="0"/>
</pin_list>
<bind>
<opcode="read(1150) " fcode="read"/>
<opset="data1_20_val_read/1 "/>
</bind>
</comp>

<comp id="408" class="1004" name="data1_19_val_read_read_fu_408">
<pin_list>
<pin id="409" dir="0" index="0" bw="8" slack="0"/>
<pin id="410" dir="0" index="1" bw="8" slack="0"/>
<pin id="411" dir="1" index="2" bw="8" slack="0"/>
</pin_list>
<bind>
<opcode="read(1150) " fcode="read"/>
<opset="data1_19_val_read/1 "/>
</bind>
</comp>

<comp id="414" class="1004" name="data1_18_val_read_read_fu_414">
<pin_list>
<pin id="415" dir="0" index="0" bw="8" slack="0"/>
<pin id="416" dir="0" index="1" bw="8" slack="0"/>
<pin id="417" dir="1" index="2" bw="8" slack="0"/>
</pin_list>
<bind>
<opcode="read(1150) " fcode="read"/>
<opset="data1_18_val_read/1 "/>
</bind>
</comp>

<comp id="420" class="1004" name="data1_17_val_read_read_fu_420">
<pin_list>
<pin id="421" dir="0" index="0" bw="8" slack="0"/>
<pin id="422" dir="0" index="1" bw="8" slack="0"/>
<pin id="423" dir="1" index="2" bw="8" slack="0"/>
</pin_list>
<bind>
<opcode="read(1150) " fcode="read"/>
<opset="data1_17_val_read/1 "/>
</bind>
</comp>

<comp id="426" class="1004" name="data1_16_val_read_read_fu_426">
<pin_list>
<pin id="427" dir="0" index="0" bw="8" slack="0"/>
<pin id="428" dir="0" index="1" bw="8" slack="0"/>
<pin id="429" dir="1" index="2" bw="8" slack="0"/>
</pin_list>
<bind>
<opcode="read(1150) " fcode="read"/>
<opset="data1_16_val_read/1 "/>
</bind>
</comp>

<comp id="432" class="1004" name="data1_15_val_read_read_fu_432">
<pin_list>
<pin id="433" dir="0" index="0" bw="8" slack="0"/>
<pin id="434" dir="0" index="1" bw="8" slack="0"/>
<pin id="435" dir="1" index="2" bw="8" slack="0"/>
</pin_list>
<bind>
<opcode="read(1150) " fcode="read"/>
<opset="data1_15_val_read/1 "/>
</bind>
</comp>

<comp id="438" class="1004" name="data1_14_val_read_read_fu_438">
<pin_list>
<pin id="439" dir="0" index="0" bw="8" slack="0"/>
<pin id="440" dir="0" index="1" bw="8" slack="0"/>
<pin id="441" dir="1" index="2" bw="8" slack="0"/>
</pin_list>
<bind>
<opcode="read(1150) " fcode="read"/>
<opset="data1_14_val_read/1 "/>
</bind>
</comp>

<comp id="444" class="1004" name="data1_13_val_read_read_fu_444">
<pin_list>
<pin id="445" dir="0" index="0" bw="8" slack="0"/>
<pin id="446" dir="0" index="1" bw="8" slack="0"/>
<pin id="447" dir="1" index="2" bw="8" slack="0"/>
</pin_list>
<bind>
<opcode="read(1150) " fcode="read"/>
<opset="data1_13_val_read/1 "/>
</bind>
</comp>

<comp id="450" class="1004" name="data1_12_val_read_read_fu_450">
<pin_list>
<pin id="451" dir="0" index="0" bw="8" slack="0"/>
<pin id="452" dir="0" index="1" bw="8" slack="0"/>
<pin id="453" dir="1" index="2" bw="8" slack="0"/>
</pin_list>
<bind>
<opcode="read(1150) " fcode="read"/>
<opset="data1_12_val_read/1 "/>
</bind>
</comp>

<comp id="456" class="1004" name="data1_11_val_read_read_fu_456">
<pin_list>
<pin id="457" dir="0" index="0" bw="8" slack="0"/>
<pin id="458" dir="0" index="1" bw="8" slack="0"/>
<pin id="459" dir="1" index="2" bw="8" slack="0"/>
</pin_list>
<bind>
<opcode="read(1150) " fcode="read"/>
<opset="data1_11_val_read/1 "/>
</bind>
</comp>

<comp id="462" class="1004" name="data1_10_val_read_read_fu_462">
<pin_list>
<pin id="463" dir="0" index="0" bw="8" slack="0"/>
<pin id="464" dir="0" index="1" bw="8" slack="0"/>
<pin id="465" dir="1" index="2" bw="8" slack="0"/>
</pin_list>
<bind>
<opcode="read(1150) " fcode="read"/>
<opset="data1_10_val_read/1 "/>
</bind>
</comp>

<comp id="468" class="1004" name="data1_9_val_read_read_fu_468">
<pin_list>
<pin id="469" dir="0" index="0" bw="8" slack="0"/>
<pin id="470" dir="0" index="1" bw="8" slack="0"/>
<pin id="471" dir="1" index="2" bw="8" slack="0"/>
</pin_list>
<bind>
<opcode="read(1150) " fcode="read"/>
<opset="data1_9_val_read/1 "/>
</bind>
</comp>

<comp id="474" class="1004" name="data1_8_val_read_read_fu_474">
<pin_list>
<pin id="475" dir="0" index="0" bw="8" slack="0"/>
<pin id="476" dir="0" index="1" bw="8" slack="0"/>
<pin id="477" dir="1" index="2" bw="8" slack="0"/>
</pin_list>
<bind>
<opcode="read(1150) " fcode="read"/>
<opset="data1_8_val_read/1 "/>
</bind>
</comp>

<comp id="480" class="1004" name="data1_7_val_read_read_fu_480">
<pin_list>
<pin id="481" dir="0" index="0" bw="8" slack="0"/>
<pin id="482" dir="0" index="1" bw="8" slack="0"/>
<pin id="483" dir="1" index="2" bw="8" slack="0"/>
</pin_list>
<bind>
<opcode="read(1150) " fcode="read"/>
<opset="data1_7_val_read/1 "/>
</bind>
</comp>

<comp id="486" class="1004" name="data1_6_val_read_read_fu_486">
<pin_list>
<pin id="487" dir="0" index="0" bw="8" slack="0"/>
<pin id="488" dir="0" index="1" bw="8" slack="0"/>
<pin id="489" dir="1" index="2" bw="8" slack="0"/>
</pin_list>
<bind>
<opcode="read(1150) " fcode="read"/>
<opset="data1_6_val_read/1 "/>
</bind>
</comp>

<comp id="492" class="1004" name="data1_5_val_read_read_fu_492">
<pin_list>
<pin id="493" dir="0" index="0" bw="8" slack="0"/>
<pin id="494" dir="0" index="1" bw="8" slack="0"/>
<pin id="495" dir="1" index="2" bw="8" slack="0"/>
</pin_list>
<bind>
<opcode="read(1150) " fcode="read"/>
<opset="data1_5_val_read/1 "/>
</bind>
</comp>

<comp id="498" class="1004" name="data1_4_val_read_read_fu_498">
<pin_list>
<pin id="499" dir="0" index="0" bw="8" slack="0"/>
<pin id="500" dir="0" index="1" bw="8" slack="0"/>
<pin id="501" dir="1" index="2" bw="8" slack="0"/>
</pin_list>
<bind>
<opcode="read(1150) " fcode="read"/>
<opset="data1_4_val_read/1 "/>
</bind>
</comp>

<comp id="504" class="1004" name="data1_3_val_read_read_fu_504">
<pin_list>
<pin id="505" dir="0" index="0" bw="8" slack="0"/>
<pin id="506" dir="0" index="1" bw="8" slack="0"/>
<pin id="507" dir="1" index="2" bw="8" slack="0"/>
</pin_list>
<bind>
<opcode="read(1150) " fcode="read"/>
<opset="data1_3_val_read/1 "/>
</bind>
</comp>

<comp id="510" class="1004" name="data1_2_val_read_read_fu_510">
<pin_list>
<pin id="511" dir="0" index="0" bw="8" slack="0"/>
<pin id="512" dir="0" index="1" bw="8" slack="0"/>
<pin id="513" dir="1" index="2" bw="8" slack="0"/>
</pin_list>
<bind>
<opcode="read(1150) " fcode="read"/>
<opset="data1_2_val_read/1 "/>
</bind>
</comp>

<comp id="516" class="1004" name="data1_1_val_read_read_fu_516">
<pin_list>
<pin id="517" dir="0" index="0" bw="8" slack="0"/>
<pin id="518" dir="0" index="1" bw="8" slack="0"/>
<pin id="519" dir="1" index="2" bw="8" slack="0"/>
</pin_list>
<bind>
<opcode="read(1150) " fcode="read"/>
<opset="data1_1_val_read/1 "/>
</bind>
</comp>

<comp id="522" class="1004" name="data1_0_val_read_read_fu_522">
<pin_list>
<pin id="523" dir="0" index="0" bw="8" slack="0"/>
<pin id="524" dir="0" index="1" bw="8" slack="0"/>
<pin id="525" dir="1" index="2" bw="8" slack="0"/>
</pin_list>
<bind>
<opcode="read(1150) " fcode="read"/>
<opset="data1_0_val_read/1 "/>
</bind>
</comp>

<comp id="528" class="1004" name="shl_ln_fu_528">
<pin_list>
<pin id="529" dir="0" index="0" bw="10" slack="0"/>
<pin id="530" dir="0" index="1" bw="8" slack="0"/>
<pin id="531" dir="0" index="2" bw="1" slack="0"/>
<pin id="532" dir="1" index="3" bw="10" slack="0"/>
</pin_list>
<bind>
<opcode="bitconcatenate(1004) " fcode="bitconcatenate"/>
<opset="shl_ln/1 "/>
</bind>
</comp>

<comp id="536" class="1004" name="zext_ln120_fu_536">
<pin_list>
<pin id="537" dir="0" index="0" bw="10" slack="0"/>
<pin id="538" dir="1" index="1" bw="16" slack="0"/>
</pin_list>
<bind>
<opcode="zext(34) " fcode="zext"/>
<opset="zext_ln120/1 "/>
</bind>
</comp>

<comp id="540" class="1004" name="shl_ln120_1_fu_540">
<pin_list>
<pin id="541" dir="0" index="0" bw="10" slack="0"/>
<pin id="542" dir="0" index="1" bw="8" slack="0"/>
<pin id="543" dir="0" index="2" bw="1" slack="0"/>
<pin id="544" dir="1" index="3" bw="10" slack="0"/>
</pin_list>
<bind>
<opcode="bitconcatenate(1004) " fcode="bitconcatenate"/>
<opset="shl_ln120_1/1 "/>
</bind>
</comp>

<comp id="548" class="1004" name="zext_ln120_1_fu_548">
<pin_list>
<pin id="549" dir="0" index="0" bw="10" slack="0"/>
<pin id="550" dir="1" index="1" bw="16" slack="0"/>
</pin_list>
<bind>
<opcode="zext(34) " fcode="zext"/>
<opset="zext_ln120_1/1 "/>
</bind>
</comp>

<comp id="552" class="1004" name="shl_ln120_2_fu_552">
<pin_list>
<pin id="553" dir="0" index="0" bw="10" slack="0"/>
<pin id="554" dir="0" index="1" bw="8" slack="0"/>
<pin id="555" dir="0" index="2" bw="1" slack="0"/>
<pin id="556" dir="1" index="3" bw="10" slack="0"/>
</pin_list>
<bind>
<opcode="bitconcatenate(1004) " fcode="bitconcatenate"/>
<opset="shl_ln120_2/1 "/>
</bind>
</comp>

<comp id="560" class="1004" name="zext_ln120_2_fu_560">
<pin_list>
<pin id="561" dir="0" index="0" bw="10" slack="0"/>
<pin id="562" dir="1" index="1" bw="16" slack="0"/>
</pin_list>
<bind>
<opcode="zext(34) " fcode="zext"/>
<opset="zext_ln120_2/1 "/>
</bind>
</comp>

<comp id="564" class="1004" name="shl_ln120_3_fu_564">
<pin_list>
<pin id="565" dir="0" index="0" bw="10" slack="0"/>
<pin id="566" dir="0" index="1" bw="8" slack="0"/>
<pin id="567" dir="0" index="2" bw="1" slack="0"/>
<pin id="568" dir="1" index="3" bw="10" slack="0"/>
</pin_list>
<bind>
<opcode="bitconcatenate(1004) " fcode="bitconcatenate"/>
<opset="shl_ln120_3/1 "/>
</bind>
</comp>

<comp id="572" class="1004" name="zext_ln120_3_fu_572">
<pin_list>
<pin id="573" dir="0" index="0" bw="10" slack="0"/>
<pin id="574" dir="1" index="1" bw="16" slack="0"/>
</pin_list>
<bind>
<opcode="zext(34) " fcode="zext"/>
<opset="zext_ln120_3/1 "/>
</bind>
</comp>

<comp id="576" class="1004" name="shl_ln120_4_fu_576">
<pin_list>
<pin id="577" dir="0" index="0" bw="10" slack="0"/>
<pin id="578" dir="0" index="1" bw="8" slack="0"/>
<pin id="579" dir="0" index="2" bw="1" slack="0"/>
<pin id="580" dir="1" index="3" bw="10" slack="0"/>
</pin_list>
<bind>
<opcode="bitconcatenate(1004) " fcode="bitconcatenate"/>
<opset="shl_ln120_4/1 "/>
</bind>
</comp>

<comp id="584" class="1004" name="zext_ln120_4_fu_584">
<pin_list>
<pin id="585" dir="0" index="0" bw="10" slack="0"/>
<pin id="586" dir="1" index="1" bw="16" slack="0"/>
</pin_list>
<bind>
<opcode="zext(34) " fcode="zext"/>
<opset="zext_ln120_4/1 "/>
</bind>
</comp>

<comp id="588" class="1004" name="shl_ln120_5_fu_588">
<pin_list>
<pin id="589" dir="0" index="0" bw="10" slack="0"/>
<pin id="590" dir="0" index="1" bw="8" slack="0"/>
<pin id="591" dir="0" index="2" bw="1" slack="0"/>
<pin id="592" dir="1" index="3" bw="10" slack="0"/>
</pin_list>
<bind>
<opcode="bitconcatenate(1004) " fcode="bitconcatenate"/>
<opset="shl_ln120_5/1 "/>
</bind>
</comp>

<comp id="596" class="1004" name="zext_ln120_5_fu_596">
<pin_list>
<pin id="597" dir="0" index="0" bw="10" slack="0"/>
<pin id="598" dir="1" index="1" bw="16" slack="0"/>
</pin_list>
<bind>
<opcode="zext(34) " fcode="zext"/>
<opset="zext_ln120_5/1 "/>
</bind>
</comp>

<comp id="600" class="1004" name="shl_ln120_6_fu_600">
<pin_list>
<pin id="601" dir="0" index="0" bw="10" slack="0"/>
<pin id="602" dir="0" index="1" bw="8" slack="0"/>
<pin id="603" dir="0" index="2" bw="1" slack="0"/>
<pin id="604" dir="1" index="3" bw="10" slack="0"/>
</pin_list>
<bind>
<opcode="bitconcatenate(1004) " fcode="bitconcatenate"/>
<opset="shl_ln120_6/1 "/>
</bind>
</comp>

<comp id="608" class="1004" name="zext_ln120_6_fu_608">
<pin_list>
<pin id="609" dir="0" index="0" bw="10" slack="0"/>
<pin id="610" dir="1" index="1" bw="16" slack="0"/>
</pin_list>
<bind>
<opcode="zext(34) " fcode="zext"/>
<opset="zext_ln120_6/1 "/>
</bind>
</comp>

<comp id="612" class="1004" name="shl_ln120_7_fu_612">
<pin_list>
<pin id="613" dir="0" index="0" bw="10" slack="0"/>
<pin id="614" dir="0" index="1" bw="8" slack="0"/>
<pin id="615" dir="0" index="2" bw="1" slack="0"/>
<pin id="616" dir="1" index="3" bw="10" slack="0"/>
</pin_list>
<bind>
<opcode="bitconcatenate(1004) " fcode="bitconcatenate"/>
<opset="shl_ln120_7/1 "/>
</bind>
</comp>

<comp id="620" class="1004" name="zext_ln120_7_fu_620">
<pin_list>
<pin id="621" dir="0" index="0" bw="10" slack="0"/>
<pin id="622" dir="1" index="1" bw="16" slack="0"/>
</pin_list>
<bind>
<opcode="zext(34) " fcode="zext"/>
<opset="zext_ln120_7/1 "/>
</bind>
</comp>

<comp id="624" class="1004" name="shl_ln120_8_fu_624">
<pin_list>
<pin id="625" dir="0" index="0" bw="10" slack="0"/>
<pin id="626" dir="0" index="1" bw="8" slack="0"/>
<pin id="627" dir="0" index="2" bw="1" slack="0"/>
<pin id="628" dir="1" index="3" bw="10" slack="0"/>
</pin_list>
<bind>
<opcode="bitconcatenate(1004) " fcode="bitconcatenate"/>
<opset="shl_ln120_8/1 "/>
</bind>
</comp>

<comp id="632" class="1004" name="zext_ln120_8_fu_632">
<pin_list>
<pin id="633" dir="0" index="0" bw="10" slack="0"/>
<pin id="634" dir="1" index="1" bw="16" slack="0"/>
</pin_list>
<bind>
<opcode="zext(34) " fcode="zext"/>
<opset="zext_ln120_8/1 "/>
</bind>
</comp>

<comp id="636" class="1004" name="shl_ln120_9_fu_636">
<pin_list>
<pin id="637" dir="0" index="0" bw="10" slack="0"/>
<pin id="638" dir="0" index="1" bw="8" slack="0"/>
<pin id="639" dir="0" index="2" bw="1" slack="0"/>
<pin id="640" dir="1" index="3" bw="10" slack="0"/>
</pin_list>
<bind>
<opcode="bitconcatenate(1004) " fcode="bitconcatenate"/>
<opset="shl_ln120_9/1 "/>
</bind>
</comp>

<comp id="644" class="1004" name="zext_ln120_9_fu_644">
<pin_list>
<pin id="645" dir="0" index="0" bw="10" slack="0"/>
<pin id="646" dir="1" index="1" bw="16" slack="0"/>
</pin_list>
<bind>
<opcode="zext(34) " fcode="zext"/>
<opset="zext_ln120_9/1 "/>
</bind>
</comp>

<comp id="648" class="1004" name="shl_ln120_s_fu_648">
<pin_list>
<pin id="649" dir="0" index="0" bw="10" slack="0"/>
<pin id="650" dir="0" index="1" bw="8" slack="0"/>
<pin id="651" dir="0" index="2" bw="1" slack="0"/>
<pin id="652" dir="1" index="3" bw="10" slack="0"/>
</pin_list>
<bind>
<opcode="bitconcatenate(1004) " fcode="bitconcatenate"/>
<opset="shl_ln120_s/1 "/>
</bind>
</comp>

<comp id="656" class="1004" name="zext_ln120_10_fu_656">
<pin_list>
<pin id="657" dir="0" index="0" bw="10" slack="0"/>
<pin id="658" dir="1" index="1" bw="16" slack="0"/>
</pin_list>
<bind>
<opcode="zext(34) " fcode="zext"/>
<opset="zext_ln120_10/1 "/>
</bind>
</comp>

<comp id="660" class="1004" name="shl_ln120_10_fu_660">
<pin_list>
<pin id="661" dir="0" index="0" bw="10" slack="0"/>
<pin id="662" dir="0" index="1" bw="8" slack="0"/>
<pin id="663" dir="0" index="2" bw="1" slack="0"/>
<pin id="664" dir="1" index="3" bw="10" slack="0"/>
</pin_list>
<bind>
<opcode="bitconcatenate(1004) " fcode="bitconcatenate"/>
<opset="shl_ln120_10/1 "/>
</bind>
</comp>

<comp id="668" class="1004" name="zext_ln120_11_fu_668">
<pin_list>
<pin id="669" dir="0" index="0" bw="10" slack="0"/>
<pin id="670" dir="1" index="1" bw="16" slack="0"/>
</pin_list>
<bind>
<opcode="zext(34) " fcode="zext"/>
<opset="zext_ln120_11/1 "/>
</bind>
</comp>

<comp id="672" class="1004" name="shl_ln120_11_fu_672">
<pin_list>
<pin id="673" dir="0" index="0" bw="10" slack="0"/>
<pin id="674" dir="0" index="1" bw="8" slack="0"/>
<pin id="675" dir="0" index="2" bw="1" slack="0"/>
<pin id="676" dir="1" index="3" bw="10" slack="0"/>
</pin_list>
<bind>
<opcode="bitconcatenate(1004) " fcode="bitconcatenate"/>
<opset="shl_ln120_11/1 "/>
</bind>
</comp>

<comp id="680" class="1004" name="zext_ln120_12_fu_680">
<pin_list>
<pin id="681" dir="0" index="0" bw="10" slack="0"/>
<pin id="682" dir="1" index="1" bw="16" slack="0"/>
</pin_list>
<bind>
<opcode="zext(34) " fcode="zext"/>
<opset="zext_ln120_12/1 "/>
</bind>
</comp>

<comp id="684" class="1004" name="shl_ln120_12_fu_684">
<pin_list>
<pin id="685" dir="0" index="0" bw="10" slack="0"/>
<pin id="686" dir="0" index="1" bw="8" slack="0"/>
<pin id="687" dir="0" index="2" bw="1" slack="0"/>
<pin id="688" dir="1" index="3" bw="10" slack="0"/>
</pin_list>
<bind>
<opcode="bitconcatenate(1004) " fcode="bitconcatenate"/>
<opset="shl_ln120_12/1 "/>
</bind>
</comp>

<comp id="692" class="1004" name="zext_ln120_13_fu_692">
<pin_list>
<pin id="693" dir="0" index="0" bw="10" slack="0"/>
<pin id="694" dir="1" index="1" bw="16" slack="0"/>
</pin_list>
<bind>
<opcode="zext(34) " fcode="zext"/>
<opset="zext_ln120_13/1 "/>
</bind>
</comp>

<comp id="696" class="1004" name="shl_ln120_13_fu_696">
<pin_list>
<pin id="697" dir="0" index="0" bw="10" slack="0"/>
<pin id="698" dir="0" index="1" bw="8" slack="0"/>
<pin id="699" dir="0" index="2" bw="1" slack="0"/>
<pin id="700" dir="1" index="3" bw="10" slack="0"/>
</pin_list>
<bind>
<opcode="bitconcatenate(1004) " fcode="bitconcatenate"/>
<opset="shl_ln120_13/1 "/>
</bind>
</comp>

<comp id="704" class="1004" name="zext_ln120_14_fu_704">
<pin_list>
<pin id="705" dir="0" index="0" bw="10" slack="0"/>
<pin id="706" dir="1" index="1" bw="16" slack="0"/>
</pin_list>
<bind>
<opcode="zext(34) " fcode="zext"/>
<opset="zext_ln120_14/1 "/>
</bind>
</comp>

<comp id="708" class="1004" name="shl_ln120_14_fu_708">
<pin_list>
<pin id="709" dir="0" index="0" bw="10" slack="0"/>
<pin id="710" dir="0" index="1" bw="8" slack="0"/>
<pin id="711" dir="0" index="2" bw="1" slack="0"/>
<pin id="712" dir="1" index="3" bw="10" slack="0"/>
</pin_list>
<bind>
<opcode="bitconcatenate(1004) " fcode="bitconcatenate"/>
<opset="shl_ln120_14/1 "/>
</bind>
</comp>

<comp id="716" class="1004" name="zext_ln120_15_fu_716">
<pin_list>
<pin id="717" dir="0" index="0" bw="10" slack="0"/>
<pin id="718" dir="1" index="1" bw="16" slack="0"/>
</pin_list>
<bind>
<opcode="zext(34) " fcode="zext"/>
<opset="zext_ln120_15/1 "/>
</bind>
</comp>

<comp id="720" class="1004" name="shl_ln120_15_fu_720">
<pin_list>
<pin id="721" dir="0" index="0" bw="10" slack="0"/>
<pin id="722" dir="0" index="1" bw="8" slack="0"/>
<pin id="723" dir="0" index="2" bw="1" slack="0"/>
<pin id="724" dir="1" index="3" bw="10" slack="0"/>
</pin_list>
<bind>
<opcode="bitconcatenate(1004) " fcode="bitconcatenate"/>
<opset="shl_ln120_15/1 "/>
</bind>
</comp>

<comp id="728" class="1004" name="zext_ln120_16_fu_728">
<pin_list>
<pin id="729" dir="0" index="0" bw="10" slack="0"/>
<pin id="730" dir="1" index="1" bw="16" slack="0"/>
</pin_list>
<bind>
<opcode="zext(34) " fcode="zext"/>
<opset="zext_ln120_16/1 "/>
</bind>
</comp>

<comp id="732" class="1004" name="shl_ln120_16_fu_732">
<pin_list>
<pin id="733" dir="0" index="0" bw="10" slack="0"/>
<pin id="734" dir="0" index="1" bw="8" slack="0"/>
<pin id="735" dir="0" index="2" bw="1" slack="0"/>
<pin id="736" dir="1" index="3" bw="10" slack="0"/>
</pin_list>
<bind>
<opcode="bitconcatenate(1004) " fcode="bitconcatenate"/>
<opset="shl_ln120_16/1 "/>
</bind>
</comp>

<comp id="740" class="1004" name="zext_ln120_17_fu_740">
<pin_list>
<pin id="741" dir="0" index="0" bw="10" slack="0"/>
<pin id="742" dir="1" index="1" bw="16" slack="0"/>
</pin_list>
<bind>
<opcode="zext(34) " fcode="zext"/>
<opset="zext_ln120_17/1 "/>
</bind>
</comp>

<comp id="744" class="1004" name="shl_ln120_17_fu_744">
<pin_list>
<pin id="745" dir="0" index="0" bw="10" slack="0"/>
<pin id="746" dir="0" index="1" bw="8" slack="0"/>
<pin id="747" dir="0" index="2" bw="1" slack="0"/>
<pin id="748" dir="1" index="3" bw="10" slack="0"/>
</pin_list>
<bind>
<opcode="bitconcatenate(1004) " fcode="bitconcatenate"/>
<opset="shl_ln120_17/1 "/>
</bind>
</comp>

<comp id="752" class="1004" name="zext_ln120_18_fu_752">
<pin_list>
<pin id="753" dir="0" index="0" bw="10" slack="0"/>
<pin id="754" dir="1" index="1" bw="16" slack="0"/>
</pin_list>
<bind>
<opcode="zext(34) " fcode="zext"/>
<opset="zext_ln120_18/1 "/>
</bind>
</comp>

<comp id="756" class="1004" name="shl_ln120_18_fu_756">
<pin_list>
<pin id="757" dir="0" index="0" bw="10" slack="0"/>
<pin id="758" dir="0" index="1" bw="8" slack="0"/>
<pin id="759" dir="0" index="2" bw="1" slack="0"/>
<pin id="760" dir="1" index="3" bw="10" slack="0"/>
</pin_list>
<bind>
<opcode="bitconcatenate(1004) " fcode="bitconcatenate"/>
<opset="shl_ln120_18/1 "/>
</bind>
</comp>

<comp id="764" class="1004" name="zext_ln120_19_fu_764">
<pin_list>
<pin id="765" dir="0" index="0" bw="10" slack="0"/>
<pin id="766" dir="1" index="1" bw="16" slack="0"/>
</pin_list>
<bind>
<opcode="zext(34) " fcode="zext"/>
<opset="zext_ln120_19/1 "/>
</bind>
</comp>

<comp id="768" class="1004" name="shl_ln120_19_fu_768">
<pin_list>
<pin id="769" dir="0" index="0" bw="10" slack="0"/>
<pin id="770" dir="0" index="1" bw="8" slack="0"/>
<pin id="771" dir="0" index="2" bw="1" slack="0"/>
<pin id="772" dir="1" index="3" bw="10" slack="0"/>
</pin_list>
<bind>
<opcode="bitconcatenate(1004) " fcode="bitconcatenate"/>
<opset="shl_ln120_19/1 "/>
</bind>
</comp>

<comp id="776" class="1004" name="zext_ln120_20_fu_776">
<pin_list>
<pin id="777" dir="0" index="0" bw="10" slack="0"/>
<pin id="778" dir="1" index="1" bw="16" slack="0"/>
</pin_list>
<bind>
<opcode="zext(34) " fcode="zext"/>
<opset="zext_ln120_20/1 "/>
</bind>
</comp>

<comp id="780" class="1004" name="shl_ln120_20_fu_780">
<pin_list>
<pin id="781" dir="0" index="0" bw="10" slack="0"/>
<pin id="782" dir="0" index="1" bw="8" slack="0"/>
<pin id="783" dir="0" index="2" bw="1" slack="0"/>
<pin id="784" dir="1" index="3" bw="10" slack="0"/>
</pin_list>
<bind>
<opcode="bitconcatenate(1004) " fcode="bitconcatenate"/>
<opset="shl_ln120_20/1 "/>
</bind>
</comp>

<comp id="788" class="1004" name="zext_ln120_21_fu_788">
<pin_list>
<pin id="789" dir="0" index="0" bw="10" slack="0"/>
<pin id="790" dir="1" index="1" bw="16" slack="0"/>
</pin_list>
<bind>
<opcode="zext(34) " fcode="zext"/>
<opset="zext_ln120_21/1 "/>
</bind>
</comp>

<comp id="792" class="1004" name="shl_ln120_21_fu_792">
<pin_list>
<pin id="793" dir="0" index="0" bw="10" slack="0"/>
<pin id="794" dir="0" index="1" bw="8" slack="0"/>
<pin id="795" dir="0" index="2" bw="1" slack="0"/>
<pin id="796" dir="1" index="3" bw="10" slack="0"/>
</pin_list>
<bind>
<opcode="bitconcatenate(1004) " fcode="bitconcatenate"/>
<opset="shl_ln120_21/1 "/>
</bind>
</comp>

<comp id="800" class="1004" name="zext_ln120_22_fu_800">
<pin_list>
<pin id="801" dir="0" index="0" bw="10" slack="0"/>
<pin id="802" dir="1" index="1" bw="16" slack="0"/>
</pin_list>
<bind>
<opcode="zext(34) " fcode="zext"/>
<opset="zext_ln120_22/1 "/>
</bind>
</comp>

<comp id="804" class="1004" name="shl_ln120_22_fu_804">
<pin_list>
<pin id="805" dir="0" index="0" bw="10" slack="0"/>
<pin id="806" dir="0" index="1" bw="8" slack="0"/>
<pin id="807" dir="0" index="2" bw="1" slack="0"/>
<pin id="808" dir="1" index="3" bw="10" slack="0"/>
</pin_list>
<bind>
<opcode="bitconcatenate(1004) " fcode="bitconcatenate"/>
<opset="shl_ln120_22/1 "/>
</bind>
</comp>

<comp id="812" class="1004" name="zext_ln120_23_fu_812">
<pin_list>
<pin id="813" dir="0" index="0" bw="10" slack="0"/>
<pin id="814" dir="1" index="1" bw="16" slack="0"/>
</pin_list>
<bind>
<opcode="zext(34) " fcode="zext"/>
<opset="zext_ln120_23/1 "/>
</bind>
</comp>

<comp id="816" class="1004" name="shl_ln120_23_fu_816">
<pin_list>
<pin id="817" dir="0" index="0" bw="10" slack="0"/>
<pin id="818" dir="0" index="1" bw="8" slack="0"/>
<pin id="819" dir="0" index="2" bw="1" slack="0"/>
<pin id="820" dir="1" index="3" bw="10" slack="0"/>
</pin_list>
<bind>
<opcode="bitconcatenate(1004) " fcode="bitconcatenate"/>
<opset="shl_ln120_23/1 "/>
</bind>
</comp>

<comp id="824" class="1004" name="zext_ln120_24_fu_824">
<pin_list>
<pin id="825" dir="0" index="0" bw="10" slack="0"/>
<pin id="826" dir="1" index="1" bw="16" slack="0"/>
</pin_list>
<bind>
<opcode="zext(34) " fcode="zext"/>
<opset="zext_ln120_24/1 "/>
</bind>
</comp>

<comp id="828" class="1004" name="shl_ln120_24_fu_828">
<pin_list>
<pin id="829" dir="0" index="0" bw="10" slack="0"/>
<pin id="830" dir="0" index="1" bw="8" slack="0"/>
<pin id="831" dir="0" index="2" bw="1" slack="0"/>
<pin id="832" dir="1" index="3" bw="10" slack="0"/>
</pin_list>
<bind>
<opcode="bitconcatenate(1004) " fcode="bitconcatenate"/>
<opset="shl_ln120_24/1 "/>
</bind>
</comp>

<comp id="836" class="1004" name="zext_ln120_25_fu_836">
<pin_list>
<pin id="837" dir="0" index="0" bw="10" slack="0"/>
<pin id="838" dir="1" index="1" bw="16" slack="0"/>
</pin_list>
<bind>
<opcode="zext(34) " fcode="zext"/>
<opset="zext_ln120_25/1 "/>
</bind>
</comp>

<comp id="840" class="1004" name="shl_ln120_25_fu_840">
<pin_list>
<pin id="841" dir="0" index="0" bw="10" slack="0"/>
<pin id="842" dir="0" index="1" bw="8" slack="0"/>
<pin id="843" dir="0" index="2" bw="1" slack="0"/>
<pin id="844" dir="1" index="3" bw="10" slack="0"/>
</pin_list>
<bind>
<opcode="bitconcatenate(1004) " fcode="bitconcatenate"/>
<opset="shl_ln120_25/1 "/>
</bind>
</comp>

<comp id="848" class="1004" name="zext_ln120_26_fu_848">
<pin_list>
<pin id="849" dir="0" index="0" bw="10" slack="0"/>
<pin id="850" dir="1" index="1" bw="16" slack="0"/>
</pin_list>
<bind>
<opcode="zext(34) " fcode="zext"/>
<opset="zext_ln120_26/1 "/>
</bind>
</comp>

<comp id="852" class="1004" name="shl_ln120_26_fu_852">
<pin_list>
<pin id="853" dir="0" index="0" bw="10" slack="0"/>
<pin id="854" dir="0" index="1" bw="8" slack="0"/>
<pin id="855" dir="0" index="2" bw="1" slack="0"/>
<pin id="856" dir="1" index="3" bw="10" slack="0"/>
</pin_list>
<bind>
<opcode="bitconcatenate(1004) " fcode="bitconcatenate"/>
<opset="shl_ln120_26/1 "/>
</bind>
</comp>

<comp id="860" class="1004" name="zext_ln120_27_fu_860">
<pin_list>
<pin id="861" dir="0" index="0" bw="10" slack="0"/>
<pin id="862" dir="1" index="1" bw="16" slack="0"/>
</pin_list>
<bind>
<opcode="zext(34) " fcode="zext"/>
<opset="zext_ln120_27/1 "/>
</bind>
</comp>

<comp id="864" class="1004" name="shl_ln120_27_fu_864">
<pin_list>
<pin id="865" dir="0" index="0" bw="10" slack="0"/>
<pin id="866" dir="0" index="1" bw="8" slack="0"/>
<pin id="867" dir="0" index="2" bw="1" slack="0"/>
<pin id="868" dir="1" index="3" bw="10" slack="0"/>
</pin_list>
<bind>
<opcode="bitconcatenate(1004) " fcode="bitconcatenate"/>
<opset="shl_ln120_27/1 "/>
</bind>
</comp>

<comp id="872" class="1004" name="zext_ln120_28_fu_872">
<pin_list>
<pin id="873" dir="0" index="0" bw="10" slack="0"/>
<pin id="874" dir="1" index="1" bw="16" slack="0"/>
</pin_list>
<bind>
<opcode="zext(34) " fcode="zext"/>
<opset="zext_ln120_28/1 "/>
</bind>
</comp>

<comp id="876" class="1004" name="shl_ln120_28_fu_876">
<pin_list>
<pin id="877" dir="0" index="0" bw="10" slack="0"/>
<pin id="878" dir="0" index="1" bw="8" slack="0"/>
<pin id="879" dir="0" index="2" bw="1" slack="0"/>
<pin id="880" dir="1" index="3" bw="10" slack="0"/>
</pin_list>
<bind>
<opcode="bitconcatenate(1004) " fcode="bitconcatenate"/>
<opset="shl_ln120_28/1 "/>
</bind>
</comp>

<comp id="884" class="1004" name="zext_ln120_29_fu_884">
<pin_list>
<pin id="885" dir="0" index="0" bw="10" slack="0"/>
<pin id="886" dir="1" index="1" bw="16" slack="0"/>
</pin_list>
<bind>
<opcode="zext(34) " fcode="zext"/>
<opset="zext_ln120_29/1 "/>
</bind>
</comp>

<comp id="888" class="1004" name="shl_ln120_29_fu_888">
<pin_list>
<pin id="889" dir="0" index="0" bw="10" slack="0"/>
<pin id="890" dir="0" index="1" bw="8" slack="0"/>
<pin id="891" dir="0" index="2" bw="1" slack="0"/>
<pin id="892" dir="1" index="3" bw="10" slack="0"/>
</pin_list>
<bind>
<opcode="bitconcatenate(1004) " fcode="bitconcatenate"/>
<opset="shl_ln120_29/1 "/>
</bind>
</comp>

<comp id="896" class="1004" name="zext_ln120_30_fu_896">
<pin_list>
<pin id="897" dir="0" index="0" bw="10" slack="0"/>
<pin id="898" dir="1" index="1" bw="16" slack="0"/>
</pin_list>
<bind>
<opcode="zext(34) " fcode="zext"/>
<opset="zext_ln120_30/1 "/>
</bind>
</comp>

<comp id="900" class="1004" name="shl_ln120_30_fu_900">
<pin_list>
<pin id="901" dir="0" index="0" bw="10" slack="0"/>
<pin id="902" dir="0" index="1" bw="8" slack="0"/>
<pin id="903" dir="0" index="2" bw="1" slack="0"/>
<pin id="904" dir="1" index="3" bw="10" slack="0"/>
</pin_list>
<bind>
<opcode="bitconcatenate(1004) " fcode="bitconcatenate"/>
<opset="shl_ln120_30/1 "/>
</bind>
</comp>

<comp id="908" class="1004" name="zext_ln123_fu_908">
<pin_list>
<pin id="909" dir="0" index="0" bw="10" slack="0"/>
<pin id="910" dir="1" index="1" bw="16" slack="0"/>
</pin_list>
<bind>
<opcode="zext(34) " fcode="zext"/>
<opset="zext_ln123/1 "/>
</bind>
</comp>

<comp id="912" class="1004" name="shl_ln2_fu_912">
<pin_list>
<pin id="913" dir="0" index="0" bw="10" slack="0"/>
<pin id="914" dir="0" index="1" bw="8" slack="0"/>
<pin id="915" dir="0" index="2" bw="1" slack="0"/>
<pin id="916" dir="1" index="3" bw="10" slack="0"/>
</pin_list>
<bind>
<opcode="bitconcatenate(1004) " fcode="bitconcatenate"/>
<opset="shl_ln2/1 "/>
</bind>
</comp>

<comp id="920" class="1004" name="zext_ln123_1_fu_920">
<pin_list>
<pin id="921" dir="0" index="0" bw="10" slack="0"/>
<pin id="922" dir="1" index="1" bw="16" slack="0"/>
</pin_list>
<bind>
<opcode="zext(34) " fcode="zext"/>
<opset="zext_ln123_1/1 "/>
</bind>
</comp>

<comp id="924" class="1004" name="shl_ln123_1_fu_924">
<pin_list>
<pin id="925" dir="0" index="0" bw="10" slack="0"/>
<pin id="926" dir="0" index="1" bw="8" slack="0"/>
<pin id="927" dir="0" index="2" bw="1" slack="0"/>
<pin id="928" dir="1" index="3" bw="10" slack="0"/>
</pin_list>
<bind>
<opcode="bitconcatenate(1004) " fcode="bitconcatenate"/>
<opset="shl_ln123_1/1 "/>
</bind>
</comp>

<comp id="932" class="1004" name="zext_ln123_2_fu_932">
<pin_list>
<pin id="933" dir="0" index="0" bw="10" slack="0"/>
<pin id="934" dir="1" index="1" bw="16" slack="0"/>
</pin_list>
<bind>
<opcode="zext(34) " fcode="zext"/>
<opset="zext_ln123_2/1 "/>
</bind>
</comp>

<comp id="936" class="1004" name="shl_ln123_2_fu_936">
<pin_list>
<pin id="937" dir="0" index="0" bw="10" slack="0"/>
<pin id="938" dir="0" index="1" bw="8" slack="0"/>
<pin id="939" dir="0" index="2" bw="1" slack="0"/>
<pin id="940" dir="1" index="3" bw="10" slack="0"/>
</pin_list>
<bind>
<opcode="bitconcatenate(1004) " fcode="bitconcatenate"/>
<opset="shl_ln123_2/1 "/>
</bind>
</comp>

<comp id="944" class="1004" name="zext_ln123_3_fu_944">
<pin_list>
<pin id="945" dir="0" index="0" bw="10" slack="0"/>
<pin id="946" dir="1" index="1" bw="16" slack="0"/>
</pin_list>
<bind>
<opcode="zext(34) " fcode="zext"/>
<opset="zext_ln123_3/1 "/>
</bind>
</comp>

<comp id="948" class="1004" name="shl_ln123_3_fu_948">
<pin_list>
<pin id="949" dir="0" index="0" bw="10" slack="0"/>
<pin id="950" dir="0" index="1" bw="8" slack="0"/>
<pin id="951" dir="0" index="2" bw="1" slack="0"/>
<pin id="952" dir="1" index="3" bw="10" slack="0"/>
</pin_list>
<bind>
<opcode="bitconcatenate(1004) " fcode="bitconcatenate"/>
<opset="shl_ln123_3/1 "/>
</bind>
</comp>

<comp id="956" class="1004" name="zext_ln123_4_fu_956">
<pin_list>
<pin id="957" dir="0" index="0" bw="10" slack="0"/>
<pin id="958" dir="1" index="1" bw="16" slack="0"/>
</pin_list>
<bind>
<opcode="zext(34) " fcode="zext"/>
<opset="zext_ln123_4/1 "/>
</bind>
</comp>

<comp id="960" class="1004" name="shl_ln123_4_fu_960">
<pin_list>
<pin id="961" dir="0" index="0" bw="10" slack="0"/>
<pin id="962" dir="0" index="1" bw="8" slack="0"/>
<pin id="963" dir="0" index="2" bw="1" slack="0"/>
<pin id="964" dir="1" index="3" bw="10" slack="0"/>
</pin_list>
<bind>
<opcode="bitconcatenate(1004) " fcode="bitconcatenate"/>
<opset="shl_ln123_4/1 "/>
</bind>
</comp>

<comp id="968" class="1004" name="zext_ln123_5_fu_968">
<pin_list>
<pin id="969" dir="0" index="0" bw="10" slack="0"/>
<pin id="970" dir="1" index="1" bw="16" slack="0"/>
</pin_list>
<bind>
<opcode="zext(34) " fcode="zext"/>
<opset="zext_ln123_5/1 "/>
</bind>
</comp>

<comp id="972" class="1004" name="shl_ln123_5_fu_972">
<pin_list>
<pin id="973" dir="0" index="0" bw="10" slack="0"/>
<pin id="974" dir="0" index="1" bw="8" slack="0"/>
<pin id="975" dir="0" index="2" bw="1" slack="0"/>
<pin id="976" dir="1" index="3" bw="10" slack="0"/>
</pin_list>
<bind>
<opcode="bitconcatenate(1004) " fcode="bitconcatenate"/>
<opset="shl_ln123_5/1 "/>
</bind>
</comp>

<comp id="980" class="1004" name="zext_ln123_6_fu_980">
<pin_list>
<pin id="981" dir="0" index="0" bw="10" slack="0"/>
<pin id="982" dir="1" index="1" bw="16" slack="0"/>
</pin_list>
<bind>
<opcode="zext(34) " fcode="zext"/>
<opset="zext_ln123_6/1 "/>
</bind>
</comp>

<comp id="984" class="1004" name="shl_ln123_6_fu_984">
<pin_list>
<pin id="985" dir="0" index="0" bw="10" slack="0"/>
<pin id="986" dir="0" index="1" bw="8" slack="0"/>
<pin id="987" dir="0" index="2" bw="1" slack="0"/>
<pin id="988" dir="1" index="3" bw="10" slack="0"/>
</pin_list>
<bind>
<opcode="bitconcatenate(1004) " fcode="bitconcatenate"/>
<opset="shl_ln123_6/1 "/>
</bind>
</comp>

<comp id="992" class="1004" name="zext_ln123_7_fu_992">
<pin_list>
<pin id="993" dir="0" index="0" bw="10" slack="0"/>
<pin id="994" dir="1" index="1" bw="16" slack="0"/>
</pin_list>
<bind>
<opcode="zext(34) " fcode="zext"/>
<opset="zext_ln123_7/1 "/>
</bind>
</comp>

<comp id="996" class="1004" name="shl_ln123_7_fu_996">
<pin_list>
<pin id="997" dir="0" index="0" bw="10" slack="0"/>
<pin id="998" dir="0" index="1" bw="8" slack="0"/>
<pin id="999" dir="0" index="2" bw="1" slack="0"/>
<pin id="1000" dir="1" index="3" bw="10" slack="0"/>
</pin_list>
<bind>
<opcode="bitconcatenate(1004) " fcode="bitconcatenate"/>
<opset="shl_ln123_7/1 "/>
</bind>
</comp>

<comp id="1004" class="1004" name="zext_ln123_8_fu_1004">
<pin_list>
<pin id="1005" dir="0" index="0" bw="10" slack="0"/>
<pin id="1006" dir="1" index="1" bw="16" slack="0"/>
</pin_list>
<bind>
<opcode="zext(34) " fcode="zext"/>
<opset="zext_ln123_8/1 "/>
</bind>
</comp>

<comp id="1008" class="1004" name="shl_ln123_8_fu_1008">
<pin_list>
<pin id="1009" dir="0" index="0" bw="10" slack="0"/>
<pin id="1010" dir="0" index="1" bw="8" slack="0"/>
<pin id="1011" dir="0" index="2" bw="1" slack="0"/>
<pin id="1012" dir="1" index="3" bw="10" slack="0"/>
</pin_list>
<bind>
<opcode="bitconcatenate(1004) " fcode="bitconcatenate"/>
<opset="shl_ln123_8/1 "/>
</bind>
</comp>

<comp id="1016" class="1004" name="zext_ln123_9_fu_1016">
<pin_list>
<pin id="1017" dir="0" index="0" bw="10" slack="0"/>
<pin id="1018" dir="1" index="1" bw="16" slack="0"/>
</pin_list>
<bind>
<opcode="zext(34) " fcode="zext"/>
<opset="zext_ln123_9/1 "/>
</bind>
</comp>

<comp id="1020" class="1004" name="shl_ln123_9_fu_1020">
<pin_list>
<pin id="1021" dir="0" index="0" bw="10" slack="0"/>
<pin id="1022" dir="0" index="1" bw="8" slack="0"/>
<pin id="1023" dir="0" index="2" bw="1" slack="0"/>
<pin id="1024" dir="1" index="3" bw="10" slack="0"/>
</pin_list>
<bind>
<opcode="bitconcatenate(1004) " fcode="bitconcatenate"/>
<opset="shl_ln123_9/1 "/>
</bind>
</comp>

<comp id="1028" class="1004" name="zext_ln123_10_fu_1028">
<pin_list>
<pin id="1029" dir="0" index="0" bw="10" slack="0"/>
<pin id="1030" dir="1" index="1" bw="16" slack="0"/>
</pin_list>
<bind>
<opcode="zext(34) " fcode="zext"/>
<opset="zext_ln123_10/1 "/>
</bind>
</comp>

<comp id="1032" class="1004" name="shl_ln123_s_fu_1032">
<pin_list>
<pin id="1033" dir="0" index="0" bw="10" slack="0"/>
<pin id="1034" dir="0" index="1" bw="8" slack="0"/>
<pin id="1035" dir="0" index="2" bw="1" slack="0"/>
<pin id="1036" dir="1" index="3" bw="10" slack="0"/>
</pin_list>
<bind>
<opcode="bitconcatenate(1004) " fcode="bitconcatenate"/>
<opset="shl_ln123_s/1 "/>
</bind>
</comp>

<comp id="1040" class="1004" name="zext_ln123_11_fu_1040">
<pin_list>
<pin id="1041" dir="0" index="0" bw="10" slack="0"/>
<pin id="1042" dir="1" index="1" bw="16" slack="0"/>
</pin_list>
<bind>
<opcode="zext(34) " fcode="zext"/>
<opset="zext_ln123_11/1 "/>
</bind>
</comp>

<comp id="1044" class="1004" name="shl_ln123_10_fu_1044">
<pin_list>
<pin id="1045" dir="0" index="0" bw="10" slack="0"/>
<pin id="1046" dir="0" index="1" bw="8" slack="0"/>
<pin id="1047" dir="0" index="2" bw="1" slack="0"/>
<pin id="1048" dir="1" index="3" bw="10" slack="0"/>
</pin_list>
<bind>
<opcode="bitconcatenate(1004) " fcode="bitconcatenate"/>
<opset="shl_ln123_10/1 "/>
</bind>
</comp>

<comp id="1052" class="1004" name="zext_ln123_12_fu_1052">
<pin_list>
<pin id="1053" dir="0" index="0" bw="10" slack="0"/>
<pin id="1054" dir="1" index="1" bw="16" slack="0"/>
</pin_list>
<bind>
<opcode="zext(34) " fcode="zext"/>
<opset="zext_ln123_12/1 "/>
</bind>
</comp>

<comp id="1056" class="1004" name="shl_ln123_11_fu_1056">
<pin_list>
<pin id="1057" dir="0" index="0" bw="10" slack="0"/>
<pin id="1058" dir="0" index="1" bw="8" slack="0"/>
<pin id="1059" dir="0" index="2" bw="1" slack="0"/>
<pin id="1060" dir="1" index="3" bw="10" slack="0"/>
</pin_list>
<bind>
<opcode="bitconcatenate(1004) " fcode="bitconcatenate"/>
<opset="shl_ln123_11/1 "/>
</bind>
</comp>

<comp id="1064" class="1004" name="zext_ln123_13_fu_1064">
<pin_list>
<pin id="1065" dir="0" index="0" bw="10" slack="0"/>
<pin id="1066" dir="1" index="1" bw="16" slack="0"/>
</pin_list>
<bind>
<opcode="zext(34) " fcode="zext"/>
<opset="zext_ln123_13/1 "/>
</bind>
</comp>

<comp id="1068" class="1004" name="shl_ln123_12_fu_1068">
<pin_list>
<pin id="1069" dir="0" index="0" bw="10" slack="0"/>
<pin id="1070" dir="0" index="1" bw="8" slack="0"/>
<pin id="1071" dir="0" index="2" bw="1" slack="0"/>
<pin id="1072" dir="1" index="3" bw="10" slack="0"/>
</pin_list>
<bind>
<opcode="bitconcatenate(1004) " fcode="bitconcatenate"/>
<opset="shl_ln123_12/1 "/>
</bind>
</comp>

<comp id="1076" class="1004" name="zext_ln123_14_fu_1076">
<pin_list>
<pin id="1077" dir="0" index="0" bw="10" slack="0"/>
<pin id="1078" dir="1" index="1" bw="16" slack="0"/>
</pin_list>
<bind>
<opcode="zext(34) " fcode="zext"/>
<opset="zext_ln123_14/1 "/>
</bind>
</comp>

<comp id="1080" class="1004" name="shl_ln123_13_fu_1080">
<pin_list>
<pin id="1081" dir="0" index="0" bw="10" slack="0"/>
<pin id="1082" dir="0" index="1" bw="8" slack="0"/>
<pin id="1083" dir="0" index="2" bw="1" slack="0"/>
<pin id="1084" dir="1" index="3" bw="10" slack="0"/>
</pin_list>
<bind>
<opcode="bitconcatenate(1004) " fcode="bitconcatenate"/>
<opset="shl_ln123_13/1 "/>
</bind>
</comp>

<comp id="1088" class="1004" name="zext_ln123_15_fu_1088">
<pin_list>
<pin id="1089" dir="0" index="0" bw="10" slack="0"/>
<pin id="1090" dir="1" index="1" bw="16" slack="0"/>
</pin_list>
<bind>
<opcode="zext(34) " fcode="zext"/>
<opset="zext_ln123_15/1 "/>
</bind>
</comp>

<comp id="1092" class="1004" name="shl_ln123_14_fu_1092">
<pin_list>
<pin id="1093" dir="0" index="0" bw="10" slack="0"/>
<pin id="1094" dir="0" index="1" bw="8" slack="0"/>
<pin id="1095" dir="0" index="2" bw="1" slack="0"/>
<pin id="1096" dir="1" index="3" bw="10" slack="0"/>
</pin_list>
<bind>
<opcode="bitconcatenate(1004) " fcode="bitconcatenate"/>
<opset="shl_ln123_14/1 "/>
</bind>
</comp>

<comp id="1100" class="1004" name="zext_ln123_16_fu_1100">
<pin_list>
<pin id="1101" dir="0" index="0" bw="10" slack="0"/>
<pin id="1102" dir="1" index="1" bw="16" slack="0"/>
</pin_list>
<bind>
<opcode="zext(34) " fcode="zext"/>
<opset="zext_ln123_16/1 "/>
</bind>
</comp>

<comp id="1104" class="1004" name="shl_ln123_15_fu_1104">
<pin_list>
<pin id="1105" dir="0" index="0" bw="10" slack="0"/>
<pin id="1106" dir="0" index="1" bw="8" slack="0"/>
<pin id="1107" dir="0" index="2" bw="1" slack="0"/>
<pin id="1108" dir="1" index="3" bw="10" slack="0"/>
</pin_list>
<bind>
<opcode="bitconcatenate(1004) " fcode="bitconcatenate"/>
<opset="shl_ln123_15/1 "/>
</bind>
</comp>

<comp id="1112" class="1004" name="zext_ln123_17_fu_1112">
<pin_list>
<pin id="1113" dir="0" index="0" bw="10" slack="0"/>
<pin id="1114" dir="1" index="1" bw="16" slack="0"/>
</pin_list>
<bind>
<opcode="zext(34) " fcode="zext"/>
<opset="zext_ln123_17/1 "/>
</bind>
</comp>

<comp id="1116" class="1004" name="shl_ln123_16_fu_1116">
<pin_list>
<pin id="1117" dir="0" index="0" bw="10" slack="0"/>
<pin id="1118" dir="0" index="1" bw="8" slack="0"/>
<pin id="1119" dir="0" index="2" bw="1" slack="0"/>
<pin id="1120" dir="1" index="3" bw="10" slack="0"/>
</pin_list>
<bind>
<opcode="bitconcatenate(1004) " fcode="bitconcatenate"/>
<opset="shl_ln123_16/1 "/>
</bind>
</comp>

<comp id="1124" class="1004" name="zext_ln123_18_fu_1124">
<pin_list>
<pin id="1125" dir="0" index="0" bw="10" slack="0"/>
<pin id="1126" dir="1" index="1" bw="16" slack="0"/>
</pin_list>
<bind>
<opcode="zext(34) " fcode="zext"/>
<opset="zext_ln123_18/1 "/>
</bind>
</comp>

<comp id="1128" class="1004" name="shl_ln123_17_fu_1128">
<pin_list>
<pin id="1129" dir="0" index="0" bw="10" slack="0"/>
<pin id="1130" dir="0" index="1" bw="8" slack="0"/>
<pin id="1131" dir="0" index="2" bw="1" slack="0"/>
<pin id="1132" dir="1" index="3" bw="10" slack="0"/>
</pin_list>
<bind>
<opcode="bitconcatenate(1004) " fcode="bitconcatenate"/>
<opset="shl_ln123_17/1 "/>
</bind>
</comp>

<comp id="1136" class="1004" name="zext_ln123_19_fu_1136">
<pin_list>
<pin id="1137" dir="0" index="0" bw="10" slack="0"/>
<pin id="1138" dir="1" index="1" bw="16" slack="0"/>
</pin_list>
<bind>
<opcode="zext(34) " fcode="zext"/>
<opset="zext_ln123_19/1 "/>
</bind>
</comp>

<comp id="1140" class="1004" name="shl_ln123_18_fu_1140">
<pin_list>
<pin id="1141" dir="0" index="0" bw="10" slack="0"/>
<pin id="1142" dir="0" index="1" bw="8" slack="0"/>
<pin id="1143" dir="0" index="2" bw="1" slack="0"/>
<pin id="1144" dir="1" index="3" bw="10" slack="0"/>
</pin_list>
<bind>
<opcode="bitconcatenate(1004) " fcode="bitconcatenate"/>
<opset="shl_ln123_18/1 "/>
</bind>
</comp>

<comp id="1148" class="1004" name="zext_ln123_20_fu_1148">
<pin_list>
<pin id="1149" dir="0" index="0" bw="10" slack="0"/>
<pin id="1150" dir="1" index="1" bw="16" slack="0"/>
</pin_list>
<bind>
<opcode="zext(34) " fcode="zext"/>
<opset="zext_ln123_20/1 "/>
</bind>
</comp>

<comp id="1152" class="1004" name="shl_ln123_19_fu_1152">
<pin_list>
<pin id="1153" dir="0" index="0" bw="10" slack="0"/>
<pin id="1154" dir="0" index="1" bw="8" slack="0"/>
<pin id="1155" dir="0" index="2" bw="1" slack="0"/>
<pin id="1156" dir="1" index="3" bw="10" slack="0"/>
</pin_list>
<bind>
<opcode="bitconcatenate(1004) " fcode="bitconcatenate"/>
<opset="shl_ln123_19/1 "/>
</bind>
</comp>

<comp id="1160" class="1004" name="zext_ln123_21_fu_1160">
<pin_list>
<pin id="1161" dir="0" index="0" bw="10" slack="0"/>
<pin id="1162" dir="1" index="1" bw="16" slack="0"/>
</pin_list>
<bind>
<opcode="zext(34) " fcode="zext"/>
<opset="zext_ln123_21/1 "/>
</bind>
</comp>

<comp id="1164" class="1004" name="shl_ln123_20_fu_1164">
<pin_list>
<pin id="1165" dir="0" index="0" bw="10" slack="0"/>
<pin id="1166" dir="0" index="1" bw="8" slack="0"/>
<pin id="1167" dir="0" index="2" bw="1" slack="0"/>
<pin id="1168" dir="1" index="3" bw="10" slack="0"/>
</pin_list>
<bind>
<opcode="bitconcatenate(1004) " fcode="bitconcatenate"/>
<opset="shl_ln123_20/1 "/>
</bind>
</comp>

<comp id="1172" class="1004" name="zext_ln123_22_fu_1172">
<pin_list>
<pin id="1173" dir="0" index="0" bw="10" slack="0"/>
<pin id="1174" dir="1" index="1" bw="16" slack="0"/>
</pin_list>
<bind>
<opcode="zext(34) " fcode="zext"/>
<opset="zext_ln123_22/1 "/>
</bind>
</comp>

<comp id="1176" class="1004" name="shl_ln123_21_fu_1176">
<pin_list>
<pin id="1177" dir="0" index="0" bw="10" slack="0"/>
<pin id="1178" dir="0" index="1" bw="8" slack="0"/>
<pin id="1179" dir="0" index="2" bw="1" slack="0"/>
<pin id="1180" dir="1" index="3" bw="10" slack="0"/>
</pin_list>
<bind>
<opcode="bitconcatenate(1004) " fcode="bitconcatenate"/>
<opset="shl_ln123_21/1 "/>
</bind>
</comp>

<comp id="1184" class="1004" name="zext_ln123_23_fu_1184">
<pin_list>
<pin id="1185" dir="0" index="0" bw="10" slack="0"/>
<pin id="1186" dir="1" index="1" bw="16" slack="0"/>
</pin_list>
<bind>
<opcode="zext(34) " fcode="zext"/>
<opset="zext_ln123_23/1 "/>
</bind>
</comp>

<comp id="1188" class="1004" name="shl_ln123_22_fu_1188">
<pin_list>
<pin id="1189" dir="0" index="0" bw="10" slack="0"/>
<pin id="1190" dir="0" index="1" bw="8" slack="0"/>
<pin id="1191" dir="0" index="2" bw="1" slack="0"/>
<pin id="1192" dir="1" index="3" bw="10" slack="0"/>
</pin_list>
<bind>
<opcode="bitconcatenate(1004) " fcode="bitconcatenate"/>
<opset="shl_ln123_22/1 "/>
</bind>
</comp>

<comp id="1196" class="1004" name="zext_ln123_24_fu_1196">
<pin_list>
<pin id="1197" dir="0" index="0" bw="10" slack="0"/>
<pin id="1198" dir="1" index="1" bw="16" slack="0"/>
</pin_list>
<bind>
<opcode="zext(34) " fcode="zext"/>
<opset="zext_ln123_24/1 "/>
</bind>
</comp>

<comp id="1200" class="1004" name="shl_ln123_23_fu_1200">
<pin_list>
<pin id="1201" dir="0" index="0" bw="10" slack="0"/>
<pin id="1202" dir="0" index="1" bw="8" slack="0"/>
<pin id="1203" dir="0" index="2" bw="1" slack="0"/>
<pin id="1204" dir="1" index="3" bw="10" slack="0"/>
</pin_list>
<bind>
<opcode="bitconcatenate(1004) " fcode="bitconcatenate"/>
<opset="shl_ln123_23/1 "/>
</bind>
</comp>

<comp id="1208" class="1004" name="zext_ln123_25_fu_1208">
<pin_list>
<pin id="1209" dir="0" index="0" bw="10" slack="0"/>
<pin id="1210" dir="1" index="1" bw="16" slack="0"/>
</pin_list>
<bind>
<opcode="zext(34) " fcode="zext"/>
<opset="zext_ln123_25/1 "/>
</bind>
</comp>

<comp id="1212" class="1004" name="shl_ln123_24_fu_1212">
<pin_list>
<pin id="1213" dir="0" index="0" bw="10" slack="0"/>
<pin id="1214" dir="0" index="1" bw="8" slack="0"/>
<pin id="1215" dir="0" index="2" bw="1" slack="0"/>
<pin id="1216" dir="1" index="3" bw="10" slack="0"/>
</pin_list>
<bind>
<opcode="bitconcatenate(1004) " fcode="bitconcatenate"/>
<opset="shl_ln123_24/1 "/>
</bind>
</comp>

<comp id="1220" class="1004" name="zext_ln123_26_fu_1220">
<pin_list>
<pin id="1221" dir="0" index="0" bw="10" slack="0"/>
<pin id="1222" dir="1" index="1" bw="16" slack="0"/>
</pin_list>
<bind>
<opcode="zext(34) " fcode="zext"/>
<opset="zext_ln123_26/1 "/>
</bind>
</comp>

<comp id="1224" class="1004" name="shl_ln123_25_fu_1224">
<pin_list>
<pin id="1225" dir="0" index="0" bw="10" slack="0"/>
<pin id="1226" dir="0" index="1" bw="8" slack="0"/>
<pin id="1227" dir="0" index="2" bw="1" slack="0"/>
<pin id="1228" dir="1" index="3" bw="10" slack="0"/>
</pin_list>
<bind>
<opcode="bitconcatenate(1004) " fcode="bitconcatenate"/>
<opset="shl_ln123_25/1 "/>
</bind>
</comp>

<comp id="1232" class="1004" name="zext_ln123_27_fu_1232">
<pin_list>
<pin id="1233" dir="0" index="0" bw="10" slack="0"/>
<pin id="1234" dir="1" index="1" bw="16" slack="0"/>
</pin_list>
<bind>
<opcode="zext(34) " fcode="zext"/>
<opset="zext_ln123_27/1 "/>
</bind>
</comp>

<comp id="1236" class="1004" name="shl_ln123_26_fu_1236">
<pin_list>
<pin id="1237" dir="0" index="0" bw="10" slack="0"/>
<pin id="1238" dir="0" index="1" bw="8" slack="0"/>
<pin id="1239" dir="0" index="2" bw="1" slack="0"/>
<pin id="1240" dir="1" index="3" bw="10" slack="0"/>
</pin_list>
<bind>
<opcode="bitconcatenate(1004) " fcode="bitconcatenate"/>
<opset="shl_ln123_26/1 "/>
</bind>
</comp>

<comp id="1244" class="1004" name="zext_ln123_28_fu_1244">
<pin_list>
<pin id="1245" dir="0" index="0" bw="10" slack="0"/>
<pin id="1246" dir="1" index="1" bw="16" slack="0"/>
</pin_list>
<bind>
<opcode="zext(34) " fcode="zext"/>
<opset="zext_ln123_28/1 "/>
</bind>
</comp>

<comp id="1248" class="1004" name="shl_ln123_27_fu_1248">
<pin_list>
<pin id="1249" dir="0" index="0" bw="10" slack="0"/>
<pin id="1250" dir="0" index="1" bw="8" slack="0"/>
<pin id="1251" dir="0" index="2" bw="1" slack="0"/>
<pin id="1252" dir="1" index="3" bw="10" slack="0"/>
</pin_list>
<bind>
<opcode="bitconcatenate(1004) " fcode="bitconcatenate"/>
<opset="shl_ln123_27/1 "/>
</bind>
</comp>

<comp id="1256" class="1004" name="zext_ln123_29_fu_1256">
<pin_list>
<pin id="1257" dir="0" index="0" bw="10" slack="0"/>
<pin id="1258" dir="1" index="1" bw="16" slack="0"/>
</pin_list>
<bind>
<opcode="zext(34) " fcode="zext"/>
<opset="zext_ln123_29/1 "/>
</bind>
</comp>

<comp id="1260" class="1004" name="shl_ln123_28_fu_1260">
<pin_list>
<pin id="1261" dir="0" index="0" bw="10" slack="0"/>
<pin id="1262" dir="0" index="1" bw="8" slack="0"/>
<pin id="1263" dir="0" index="2" bw="1" slack="0"/>
<pin id="1264" dir="1" index="3" bw="10" slack="0"/>
</pin_list>
<bind>
<opcode="bitconcatenate(1004) " fcode="bitconcatenate"/>
<opset="shl_ln123_28/1 "/>
</bind>
</comp>

<comp id="1268" class="1004" name="zext_ln123_30_fu_1268">
<pin_list>
<pin id="1269" dir="0" index="0" bw="10" slack="0"/>
<pin id="1270" dir="1" index="1" bw="16" slack="0"/>
</pin_list>
<bind>
<opcode="zext(34) " fcode="zext"/>
<opset="zext_ln123_30/1 "/>
</bind>
</comp>

<comp id="1272" class="1004" name="shl_ln123_29_fu_1272">
<pin_list>
<pin id="1273" dir="0" index="0" bw="10" slack="0"/>
<pin id="1274" dir="0" index="1" bw="8" slack="0"/>
<pin id="1275" dir="0" index="2" bw="1" slack="0"/>
<pin id="1276" dir="1" index="3" bw="10" slack="0"/>
</pin_list>
<bind>
<opcode="bitconcatenate(1004) " fcode="bitconcatenate"/>
<opset="shl_ln123_29/1 "/>
</bind>
</comp>

<comp id="1280" class="1004" name="zext_ln123_31_fu_1280">
<pin_list>
<pin id="1281" dir="0" index="0" bw="10" slack="0"/>
<pin id="1282" dir="1" index="1" bw="16" slack="0"/>
</pin_list>
<bind>
<opcode="zext(34) " fcode="zext"/>
<opset="zext_ln123_31/1 "/>
</bind>
</comp>

<comp id="1284" class="1004" name="shl_ln123_30_fu_1284">
<pin_list>
<pin id="1285" dir="0" index="0" bw="10" slack="0"/>
<pin id="1286" dir="0" index="1" bw="8" slack="0"/>
<pin id="1287" dir="0" index="2" bw="1" slack="0"/>
<pin id="1288" dir="1" index="3" bw="10" slack="0"/>
</pin_list>
<bind>
<opcode="bitconcatenate(1004) " fcode="bitconcatenate"/>
<opset="shl_ln123_30/1 "/>
</bind>
</comp>

<comp id="1292" class="1004" name="zext_ln125_fu_1292">
<pin_list>
<pin id="1293" dir="0" index="0" bw="10" slack="0"/>
<pin id="1294" dir="1" index="1" bw="16" slack="0"/>
</pin_list>
<bind>
<opcode="zext(34) " fcode="zext"/>
<opset="zext_ln125/1 "/>
</bind>
</comp>

<comp id="1296" class="1004" name="mrv_fu_1296">
<pin_list>
<pin id="1297" dir="0" index="0" bw="1024" slack="0"/>
<pin id="1298" dir="0" index="1" bw="10" slack="0"/>
<pin id="1299" dir="1" index="2" bw="1024" slack="0"/>
</pin_list>
<bind>
<opcode="insertvalue(57) " fcode="insertvalue"/>
<opset="mrv/1 "/>
</bind>
</comp>

<comp id="1302" class="1004" name="mrv_1_fu_1302">
<pin_list>
<pin id="1303" dir="0" index="0" bw="1024" slack="0"/>
<pin id="1304" dir="0" index="1" bw="10" slack="0"/>
<pin id="1305" dir="1" index="2" bw="1024" slack="0"/>
</pin_list>
<bind>
<opcode="insertvalue(57) " fcode="insertvalue"/>
<opset="mrv_1/1 "/>
</bind>
</comp>

<comp id="1308" class="1004" name="mrv_2_fu_1308">
<pin_list>
<pin id="1309" dir="0" index="0" bw="1024" slack="0"/>
<pin id="1310" dir="0" index="1" bw="10" slack="0"/>
<pin id="1311" dir="1" index="2" bw="1024" slack="0"/>
</pin_list>
<bind>
<opcode="insertvalue(57) " fcode="insertvalue"/>
<opset="mrv_2/1 "/>
</bind>
</comp>

<comp id="1314" class="1004" name="mrv_3_fu_1314">
<pin_list>
<pin id="1315" dir="0" index="0" bw="1024" slack="0"/>
<pin id="1316" dir="0" index="1" bw="10" slack="0"/>
<pin id="1317" dir="1" index="2" bw="1024" slack="0"/>
</pin_list>
<bind>
<opcode="insertvalue(57) " fcode="insertvalue"/>
<opset="mrv_3/1 "/>
</bind>
</comp>

<comp id="1320" class="1004" name="mrv_4_fu_1320">
<pin_list>
<pin id="1321" dir="0" index="0" bw="1024" slack="0"/>
<pin id="1322" dir="0" index="1" bw="10" slack="0"/>
<pin id="1323" dir="1" index="2" bw="1024" slack="0"/>
</pin_list>
<bind>
<opcode="insertvalue(57) " fcode="insertvalue"/>
<opset="mrv_4/1 "/>
</bind>
</comp>

<comp id="1326" class="1004" name="mrv_5_fu_1326">
<pin_list>
<pin id="1327" dir="0" index="0" bw="1024" slack="0"/>
<pin id="1328" dir="0" index="1" bw="10" slack="0"/>
<pin id="1329" dir="1" index="2" bw="1024" slack="0"/>
</pin_list>
<bind>
<opcode="insertvalue(57) " fcode="insertvalue"/>
<opset="mrv_5/1 "/>
</bind>
</comp>

<comp id="1332" class="1004" name="mrv_6_fu_1332">
<pin_list>
<pin id="1333" dir="0" index="0" bw="1024" slack="0"/>
<pin id="1334" dir="0" index="1" bw="10" slack="0"/>
<pin id="1335" dir="1" index="2" bw="1024" slack="0"/>
</pin_list>
<bind>
<opcode="insertvalue(57) " fcode="insertvalue"/>
<opset="mrv_6/1 "/>
</bind>
</comp>

<comp id="1338" class="1004" name="mrv_7_fu_1338">
<pin_list>
<pin id="1339" dir="0" index="0" bw="1024" slack="0"/>
<pin id="1340" dir="0" index="1" bw="10" slack="0"/>
<pin id="1341" dir="1" index="2" bw="1024" slack="0"/>
</pin_list>
<bind>
<opcode="insertvalue(57) " fcode="insertvalue"/>
<opset="mrv_7/1 "/>
</bind>
</comp>

<comp id="1344" class="1004" name="mrv_8_fu_1344">
<pin_list>
<pin id="1345" dir="0" index="0" bw="1024" slack="0"/>
<pin id="1346" dir="0" index="1" bw="10" slack="0"/>
<pin id="1347" dir="1" index="2" bw="1024" slack="0"/>
</pin_list>
<bind>
<opcode="insertvalue(57) " fcode="insertvalue"/>
<opset="mrv_8/1 "/>
</bind>
</comp>

<comp id="1350" class="1004" name="mrv_9_fu_1350">
<pin_list>
<pin id="1351" dir="0" index="0" bw="1024" slack="0"/>
<pin id="1352" dir="0" index="1" bw="10" slack="0"/>
<pin id="1353" dir="1" index="2" bw="1024" slack="0"/>
</pin_list>
<bind>
<opcode="insertvalue(57) " fcode="insertvalue"/>
<opset="mrv_9/1 "/>
</bind>
</comp>

<comp id="1356" class="1004" name="mrv_10_fu_1356">
<pin_list>
<pin id="1357" dir="0" index="0" bw="1024" slack="0"/>
<pin id="1358" dir="0" index="1" bw="10" slack="0"/>
<pin id="1359" dir="1" index="2" bw="1024" slack="0"/>
</pin_list>
<bind>
<opcode="insertvalue(57) " fcode="insertvalue"/>
<opset="mrv_10/1 "/>
</bind>
</comp>

<comp id="1362" class="1004" name="mrv_11_fu_1362">
<pin_list>
<pin id="1363" dir="0" index="0" bw="1024" slack="0"/>
<pin id="1364" dir="0" index="1" bw="10" slack="0"/>
<pin id="1365" dir="1" index="2" bw="1024" slack="0"/>
</pin_list>
<bind>
<opcode="insertvalue(57) " fcode="insertvalue"/>
<opset="mrv_11/1 "/>
</bind>
</comp>

<comp id="1368" class="1004" name="mrv_12_fu_1368">
<pin_list>
<pin id="1369" dir="0" index="0" bw="1024" slack="0"/>
<pin id="1370" dir="0" index="1" bw="10" slack="0"/>
<pin id="1371" dir="1" index="2" bw="1024" slack="0"/>
</pin_list>
<bind>
<opcode="insertvalue(57) " fcode="insertvalue"/>
<opset="mrv_12/1 "/>
</bind>
</comp>

<comp id="1374" class="1004" name="mrv_13_fu_1374">
<pin_list>
<pin id="1375" dir="0" index="0" bw="1024" slack="0"/>
<pin id="1376" dir="0" index="1" bw="10" slack="0"/>
<pin id="1377" dir="1" index="2" bw="1024" slack="0"/>
</pin_list>
<bind>
<opcode="insertvalue(57) " fcode="insertvalue"/>
<opset="mrv_13/1 "/>
</bind>
</comp>

<comp id="1380" class="1004" name="mrv_14_fu_1380">
<pin_list>
<pin id="1381" dir="0" index="0" bw="1024" slack="0"/>
<pin id="1382" dir="0" index="1" bw="10" slack="0"/>
<pin id="1383" dir="1" index="2" bw="1024" slack="0"/>
</pin_list>
<bind>
<opcode="insertvalue(57) " fcode="insertvalue"/>
<opset="mrv_14/1 "/>
</bind>
</comp>

<comp id="1386" class="1004" name="mrv_15_fu_1386">
<pin_list>
<pin id="1387" dir="0" index="0" bw="1024" slack="0"/>
<pin id="1388" dir="0" index="1" bw="10" slack="0"/>
<pin id="1389" dir="1" index="2" bw="1024" slack="0"/>
</pin_list>
<bind>
<opcode="insertvalue(57) " fcode="insertvalue"/>
<opset="mrv_15/1 "/>
</bind>
</comp>

<comp id="1392" class="1004" name="mrv_16_fu_1392">
<pin_list>
<pin id="1393" dir="0" index="0" bw="1024" slack="0"/>
<pin id="1394" dir="0" index="1" bw="10" slack="0"/>
<pin id="1395" dir="1" index="2" bw="1024" slack="0"/>
</pin_list>
<bind>
<opcode="insertvalue(57) " fcode="insertvalue"/>
<opset="mrv_16/1 "/>
</bind>
</comp>

<comp id="1398" class="1004" name="mrv_17_fu_1398">
<pin_list>
<pin id="1399" dir="0" index="0" bw="1024" slack="0"/>
<pin id="1400" dir="0" index="1" bw="10" slack="0"/>
<pin id="1401" dir="1" index="2" bw="1024" slack="0"/>
</pin_list>
<bind>
<opcode="insertvalue(57) " fcode="insertvalue"/>
<opset="mrv_17/1 "/>
</bind>
</comp>

<comp id="1404" class="1004" name="mrv_18_fu_1404">
<pin_list>
<pin id="1405" dir="0" index="0" bw="1024" slack="0"/>
<pin id="1406" dir="0" index="1" bw="10" slack="0"/>
<pin id="1407" dir="1" index="2" bw="1024" slack="0"/>
</pin_list>
<bind>
<opcode="insertvalue(57) " fcode="insertvalue"/>
<opset="mrv_18/1 "/>
</bind>
</comp>

<comp id="1410" class="1004" name="mrv_19_fu_1410">
<pin_list>
<pin id="1411" dir="0" index="0" bw="1024" slack="0"/>
<pin id="1412" dir="0" index="1" bw="10" slack="0"/>
<pin id="1413" dir="1" index="2" bw="1024" slack="0"/>
</pin_list>
<bind>
<opcode="insertvalue(57) " fcode="insertvalue"/>
<opset="mrv_19/1 "/>
</bind>
</comp>

<comp id="1416" class="1004" name="mrv_20_fu_1416">
<pin_list>
<pin id="1417" dir="0" index="0" bw="1024" slack="0"/>
<pin id="1418" dir="0" index="1" bw="10" slack="0"/>
<pin id="1419" dir="1" index="2" bw="1024" slack="0"/>
</pin_list>
<bind>
<opcode="insertvalue(57) " fcode="insertvalue"/>
<opset="mrv_20/1 "/>
</bind>
</comp>

<comp id="1422" class="1004" name="mrv_21_fu_1422">
<pin_list>
<pin id="1423" dir="0" index="0" bw="1024" slack="0"/>
<pin id="1424" dir="0" index="1" bw="10" slack="0"/>
<pin id="1425" dir="1" index="2" bw="1024" slack="0"/>
</pin_list>
<bind>
<opcode="insertvalue(57) " fcode="insertvalue"/>
<opset="mrv_21/1 "/>
</bind>
</comp>

<comp id="1428" class="1004" name="mrv_22_fu_1428">
<pin_list>
<pin id="1429" dir="0" index="0" bw="1024" slack="0"/>
<pin id="1430" dir="0" index="1" bw="10" slack="0"/>
<pin id="1431" dir="1" index="2" bw="1024" slack="0"/>
</pin_list>
<bind>
<opcode="insertvalue(57) " fcode="insertvalue"/>
<opset="mrv_22/1 "/>
</bind>
</comp>

<comp id="1434" class="1004" name="mrv_23_fu_1434">
<pin_list>
<pin id="1435" dir="0" index="0" bw="1024" slack="0"/>
<pin id="1436" dir="0" index="1" bw="10" slack="0"/>
<pin id="1437" dir="1" index="2" bw="1024" slack="0"/>
</pin_list>
<bind>
<opcode="insertvalue(57) " fcode="insertvalue"/>
<opset="mrv_23/1 "/>
</bind>
</comp>

<comp id="1440" class="1004" name="mrv_24_fu_1440">
<pin_list>
<pin id="1441" dir="0" index="0" bw="1024" slack="0"/>
<pin id="1442" dir="0" index="1" bw="10" slack="0"/>
<pin id="1443" dir="1" index="2" bw="1024" slack="0"/>
</pin_list>
<bind>
<opcode="insertvalue(57) " fcode="insertvalue"/>
<opset="mrv_24/1 "/>
</bind>
</comp>

<comp id="1446" class="1004" name="mrv_25_fu_1446">
<pin_list>
<pin id="1447" dir="0" index="0" bw="1024" slack="0"/>
<pin id="1448" dir="0" index="1" bw="10" slack="0"/>
<pin id="1449" dir="1" index="2" bw="1024" slack="0"/>
</pin_list>
<bind>
<opcode="insertvalue(57) " fcode="insertvalue"/>
<opset="mrv_25/1 "/>
</bind>
</comp>

<comp id="1452" class="1004" name="mrv_26_fu_1452">
<pin_list>
<pin id="1453" dir="0" index="0" bw="1024" slack="0"/>
<pin id="1454" dir="0" index="1" bw="10" slack="0"/>
<pin id="1455" dir="1" index="2" bw="1024" slack="0"/>
</pin_list>
<bind>
<opcode="insertvalue(57) " fcode="insertvalue"/>
<opset="mrv_26/1 "/>
</bind>
</comp>

<comp id="1458" class="1004" name="mrv_27_fu_1458">
<pin_list>
<pin id="1459" dir="0" index="0" bw="1024" slack="0"/>
<pin id="1460" dir="0" index="1" bw="10" slack="0"/>
<pin id="1461" dir="1" index="2" bw="1024" slack="0"/>
</pin_list>
<bind>
<opcode="insertvalue(57) " fcode="insertvalue"/>
<opset="mrv_27/1 "/>
</bind>
</comp>

<comp id="1464" class="1004" name="mrv_28_fu_1464">
<pin_list>
<pin id="1465" dir="0" index="0" bw="1024" slack="0"/>
<pin id="1466" dir="0" index="1" bw="10" slack="0"/>
<pin id="1467" dir="1" index="2" bw="1024" slack="0"/>
</pin_list>
<bind>
<opcode="insertvalue(57) " fcode="insertvalue"/>
<opset="mrv_28/1 "/>
</bind>
</comp>

<comp id="1470" class="1004" name="mrv_29_fu_1470">
<pin_list>
<pin id="1471" dir="0" index="0" bw="1024" slack="0"/>
<pin id="1472" dir="0" index="1" bw="10" slack="0"/>
<pin id="1473" dir="1" index="2" bw="1024" slack="0"/>
</pin_list>
<bind>
<opcode="insertvalue(57) " fcode="insertvalue"/>
<opset="mrv_29/1 "/>
</bind>
</comp>

<comp id="1476" class="1004" name="mrv_30_fu_1476">
<pin_list>
<pin id="1477" dir="0" index="0" bw="1024" slack="0"/>
<pin id="1478" dir="0" index="1" bw="10" slack="0"/>
<pin id="1479" dir="1" index="2" bw="1024" slack="0"/>
</pin_list>
<bind>
<opcode="insertvalue(57) " fcode="insertvalue"/>
<opset="mrv_30/1 "/>
</bind>
</comp>

<comp id="1482" class="1004" name="mrv_31_fu_1482">
<pin_list>
<pin id="1483" dir="0" index="0" bw="1024" slack="0"/>
<pin id="1484" dir="0" index="1" bw="10" slack="0"/>
<pin id="1485" dir="1" index="2" bw="1024" slack="0"/>
</pin_list>
<bind>
<opcode="insertvalue(57) " fcode="insertvalue"/>
<opset="mrv_31/1 "/>
</bind>
</comp>

<comp id="1488" class="1004" name="mrv_32_fu_1488">
<pin_list>
<pin id="1489" dir="0" index="0" bw="1024" slack="0"/>
<pin id="1490" dir="0" index="1" bw="10" slack="0"/>
<pin id="1491" dir="1" index="2" bw="1024" slack="0"/>
</pin_list>
<bind>
<opcode="insertvalue(57) " fcode="insertvalue"/>
<opset="mrv_32/1 "/>
</bind>
</comp>

<comp id="1494" class="1004" name="mrv_33_fu_1494">
<pin_list>
<pin id="1495" dir="0" index="0" bw="1024" slack="0"/>
<pin id="1496" dir="0" index="1" bw="10" slack="0"/>
<pin id="1497" dir="1" index="2" bw="1024" slack="0"/>
</pin_list>
<bind>
<opcode="insertvalue(57) " fcode="insertvalue"/>
<opset="mrv_33/1 "/>
</bind>
</comp>

<comp id="1500" class="1004" name="mrv_34_fu_1500">
<pin_list>
<pin id="1501" dir="0" index="0" bw="1024" slack="0"/>
<pin id="1502" dir="0" index="1" bw="10" slack="0"/>
<pin id="1503" dir="1" index="2" bw="1024" slack="0"/>
</pin_list>
<bind>
<opcode="insertvalue(57) " fcode="insertvalue"/>
<opset="mrv_34/1 "/>
</bind>
</comp>

<comp id="1506" class="1004" name="mrv_35_fu_1506">
<pin_list>
<pin id="1507" dir="0" index="0" bw="1024" slack="0"/>
<pin id="1508" dir="0" index="1" bw="10" slack="0"/>
<pin id="1509" dir="1" index="2" bw="1024" slack="0"/>
</pin_list>
<bind>
<opcode="insertvalue(57) " fcode="insertvalue"/>
<opset="mrv_35/1 "/>
</bind>
</comp>

<comp id="1512" class="1004" name="mrv_36_fu_1512">
<pin_list>
<pin id="1513" dir="0" index="0" bw="1024" slack="0"/>
<pin id="1514" dir="0" index="1" bw="10" slack="0"/>
<pin id="1515" dir="1" index="2" bw="1024" slack="0"/>
</pin_list>
<bind>
<opcode="insertvalue(57) " fcode="insertvalue"/>
<opset="mrv_36/1 "/>
</bind>
</comp>

<comp id="1518" class="1004" name="mrv_37_fu_1518">
<pin_list>
<pin id="1519" dir="0" index="0" bw="1024" slack="0"/>
<pin id="1520" dir="0" index="1" bw="10" slack="0"/>
<pin id="1521" dir="1" index="2" bw="1024" slack="0"/>
</pin_list>
<bind>
<opcode="insertvalue(57) " fcode="insertvalue"/>
<opset="mrv_37/1 "/>
</bind>
</comp>

<comp id="1524" class="1004" name="mrv_38_fu_1524">
<pin_list>
<pin id="1525" dir="0" index="0" bw="1024" slack="0"/>
<pin id="1526" dir="0" index="1" bw="10" slack="0"/>
<pin id="1527" dir="1" index="2" bw="1024" slack="0"/>
</pin_list>
<bind>
<opcode="insertvalue(57) " fcode="insertvalue"/>
<opset="mrv_38/1 "/>
</bind>
</comp>

<comp id="1530" class="1004" name="mrv_39_fu_1530">
<pin_list>
<pin id="1531" dir="0" index="0" bw="1024" slack="0"/>
<pin id="1532" dir="0" index="1" bw="10" slack="0"/>
<pin id="1533" dir="1" index="2" bw="1024" slack="0"/>
</pin_list>
<bind>
<opcode="insertvalue(57) " fcode="insertvalue"/>
<opset="mrv_39/1 "/>
</bind>
</comp>

<comp id="1536" class="1004" name="mrv_40_fu_1536">
<pin_list>
<pin id="1537" dir="0" index="0" bw="1024" slack="0"/>
<pin id="1538" dir="0" index="1" bw="10" slack="0"/>
<pin id="1539" dir="1" index="2" bw="1024" slack="0"/>
</pin_list>
<bind>
<opcode="insertvalue(57) " fcode="insertvalue"/>
<opset="mrv_40/1 "/>
</bind>
</comp>

<comp id="1542" class="1004" name="mrv_41_fu_1542">
<pin_list>
<pin id="1543" dir="0" index="0" bw="1024" slack="0"/>
<pin id="1544" dir="0" index="1" bw="10" slack="0"/>
<pin id="1545" dir="1" index="2" bw="1024" slack="0"/>
</pin_list>
<bind>
<opcode="insertvalue(57) " fcode="insertvalue"/>
<opset="mrv_41/1 "/>
</bind>
</comp>

<comp id="1548" class="1004" name="mrv_42_fu_1548">
<pin_list>
<pin id="1549" dir="0" index="0" bw="1024" slack="0"/>
<pin id="1550" dir="0" index="1" bw="10" slack="0"/>
<pin id="1551" dir="1" index="2" bw="1024" slack="0"/>
</pin_list>
<bind>
<opcode="insertvalue(57) " fcode="insertvalue"/>
<opset="mrv_42/1 "/>
</bind>
</comp>

<comp id="1554" class="1004" name="mrv_43_fu_1554">
<pin_list>
<pin id="1555" dir="0" index="0" bw="1024" slack="0"/>
<pin id="1556" dir="0" index="1" bw="10" slack="0"/>
<pin id="1557" dir="1" index="2" bw="1024" slack="0"/>
</pin_list>
<bind>
<opcode="insertvalue(57) " fcode="insertvalue"/>
<opset="mrv_43/1 "/>
</bind>
</comp>

<comp id="1560" class="1004" name="mrv_44_fu_1560">
<pin_list>
<pin id="1561" dir="0" index="0" bw="1024" slack="0"/>
<pin id="1562" dir="0" index="1" bw="10" slack="0"/>
<pin id="1563" dir="1" index="2" bw="1024" slack="0"/>
</pin_list>
<bind>
<opcode="insertvalue(57) " fcode="insertvalue"/>
<opset="mrv_44/1 "/>
</bind>
</comp>

<comp id="1566" class="1004" name="mrv_45_fu_1566">
<pin_list>
<pin id="1567" dir="0" index="0" bw="1024" slack="0"/>
<pin id="1568" dir="0" index="1" bw="10" slack="0"/>
<pin id="1569" dir="1" index="2" bw="1024" slack="0"/>
</pin_list>
<bind>
<opcode="insertvalue(57) " fcode="insertvalue"/>
<opset="mrv_45/1 "/>
</bind>
</comp>

<comp id="1572" class="1004" name="mrv_46_fu_1572">
<pin_list>
<pin id="1573" dir="0" index="0" bw="1024" slack="0"/>
<pin id="1574" dir="0" index="1" bw="10" slack="0"/>
<pin id="1575" dir="1" index="2" bw="1024" slack="0"/>
</pin_list>
<bind>
<opcode="insertvalue(57) " fcode="insertvalue"/>
<opset="mrv_46/1 "/>
</bind>
</comp>

<comp id="1578" class="1004" name="mrv_47_fu_1578">
<pin_list>
<pin id="1579" dir="0" index="0" bw="1024" slack="0"/>
<pin id="1580" dir="0" index="1" bw="10" slack="0"/>
<pin id="1581" dir="1" index="2" bw="1024" slack="0"/>
</pin_list>
<bind>
<opcode="insertvalue(57) " fcode="insertvalue"/>
<opset="mrv_47/1 "/>
</bind>
</comp>

<comp id="1584" class="1004" name="mrv_48_fu_1584">
<pin_list>
<pin id="1585" dir="0" index="0" bw="1024" slack="0"/>
<pin id="1586" dir="0" index="1" bw="10" slack="0"/>
<pin id="1587" dir="1" index="2" bw="1024" slack="0"/>
</pin_list>
<bind>
<opcode="insertvalue(57) " fcode="insertvalue"/>
<opset="mrv_48/1 "/>
</bind>
</comp>

<comp id="1590" class="1004" name="mrv_49_fu_1590">
<pin_list>
<pin id="1591" dir="0" index="0" bw="1024" slack="0"/>
<pin id="1592" dir="0" index="1" bw="10" slack="0"/>
<pin id="1593" dir="1" index="2" bw="1024" slack="0"/>
</pin_list>
<bind>
<opcode="insertvalue(57) " fcode="insertvalue"/>
<opset="mrv_49/1 "/>
</bind>
</comp>

<comp id="1596" class="1004" name="mrv_50_fu_1596">
<pin_list>
<pin id="1597" dir="0" index="0" bw="1024" slack="0"/>
<pin id="1598" dir="0" index="1" bw="10" slack="0"/>
<pin id="1599" dir="1" index="2" bw="1024" slack="0"/>
</pin_list>
<bind>
<opcode="insertvalue(57) " fcode="insertvalue"/>
<opset="mrv_50/1 "/>
</bind>
</comp>

<comp id="1602" class="1004" name="mrv_51_fu_1602">
<pin_list>
<pin id="1603" dir="0" index="0" bw="1024" slack="0"/>
<pin id="1604" dir="0" index="1" bw="10" slack="0"/>
<pin id="1605" dir="1" index="2" bw="1024" slack="0"/>
</pin_list>
<bind>
<opcode="insertvalue(57) " fcode="insertvalue"/>
<opset="mrv_51/1 "/>
</bind>
</comp>

<comp id="1608" class="1004" name="mrv_52_fu_1608">
<pin_list>
<pin id="1609" dir="0" index="0" bw="1024" slack="0"/>
<pin id="1610" dir="0" index="1" bw="10" slack="0"/>
<pin id="1611" dir="1" index="2" bw="1024" slack="0"/>
</pin_list>
<bind>
<opcode="insertvalue(57) " fcode="insertvalue"/>
<opset="mrv_52/1 "/>
</bind>
</comp>

<comp id="1614" class="1004" name="mrv_53_fu_1614">
<pin_list>
<pin id="1615" dir="0" index="0" bw="1024" slack="0"/>
<pin id="1616" dir="0" index="1" bw="10" slack="0"/>
<pin id="1617" dir="1" index="2" bw="1024" slack="0"/>
</pin_list>
<bind>
<opcode="insertvalue(57) " fcode="insertvalue"/>
<opset="mrv_53/1 "/>
</bind>
</comp>

<comp id="1620" class="1004" name="mrv_54_fu_1620">
<pin_list>
<pin id="1621" dir="0" index="0" bw="1024" slack="0"/>
<pin id="1622" dir="0" index="1" bw="10" slack="0"/>
<pin id="1623" dir="1" index="2" bw="1024" slack="0"/>
</pin_list>
<bind>
<opcode="insertvalue(57) " fcode="insertvalue"/>
<opset="mrv_54/1 "/>
</bind>
</comp>

<comp id="1626" class="1004" name="mrv_55_fu_1626">
<pin_list>
<pin id="1627" dir="0" index="0" bw="1024" slack="0"/>
<pin id="1628" dir="0" index="1" bw="10" slack="0"/>
<pin id="1629" dir="1" index="2" bw="1024" slack="0"/>
</pin_list>
<bind>
<opcode="insertvalue(57) " fcode="insertvalue"/>
<opset="mrv_55/1 "/>
</bind>
</comp>

<comp id="1632" class="1004" name="mrv_56_fu_1632">
<pin_list>
<pin id="1633" dir="0" index="0" bw="1024" slack="0"/>
<pin id="1634" dir="0" index="1" bw="10" slack="0"/>
<pin id="1635" dir="1" index="2" bw="1024" slack="0"/>
</pin_list>
<bind>
<opcode="insertvalue(57) " fcode="insertvalue"/>
<opset="mrv_56/1 "/>
</bind>
</comp>

<comp id="1638" class="1004" name="mrv_57_fu_1638">
<pin_list>
<pin id="1639" dir="0" index="0" bw="1024" slack="0"/>
<pin id="1640" dir="0" index="1" bw="10" slack="0"/>
<pin id="1641" dir="1" index="2" bw="1024" slack="0"/>
</pin_list>
<bind>
<opcode="insertvalue(57) " fcode="insertvalue"/>
<opset="mrv_57/1 "/>
</bind>
</comp>

<comp id="1644" class="1004" name="mrv_58_fu_1644">
<pin_list>
<pin id="1645" dir="0" index="0" bw="1024" slack="0"/>
<pin id="1646" dir="0" index="1" bw="10" slack="0"/>
<pin id="1647" dir="1" index="2" bw="1024" slack="0"/>
</pin_list>
<bind>
<opcode="insertvalue(57) " fcode="insertvalue"/>
<opset="mrv_58/1 "/>
</bind>
</comp>

<comp id="1650" class="1004" name="mrv_59_fu_1650">
<pin_list>
<pin id="1651" dir="0" index="0" bw="1024" slack="0"/>
<pin id="1652" dir="0" index="1" bw="10" slack="0"/>
<pin id="1653" dir="1" index="2" bw="1024" slack="0"/>
</pin_list>
<bind>
<opcode="insertvalue(57) " fcode="insertvalue"/>
<opset="mrv_59/1 "/>
</bind>
</comp>

<comp id="1656" class="1004" name="mrv_60_fu_1656">
<pin_list>
<pin id="1657" dir="0" index="0" bw="1024" slack="0"/>
<pin id="1658" dir="0" index="1" bw="10" slack="0"/>
<pin id="1659" dir="1" index="2" bw="1024" slack="0"/>
</pin_list>
<bind>
<opcode="insertvalue(57) " fcode="insertvalue"/>
<opset="mrv_60/1 "/>
</bind>
</comp>

<comp id="1662" class="1004" name="mrv_61_fu_1662">
<pin_list>
<pin id="1663" dir="0" index="0" bw="1024" slack="0"/>
<pin id="1664" dir="0" index="1" bw="10" slack="0"/>
<pin id="1665" dir="1" index="2" bw="1024" slack="0"/>
</pin_list>
<bind>
<opcode="insertvalue(57) " fcode="insertvalue"/>
<opset="mrv_61/1 "/>
</bind>
</comp>

<comp id="1668" class="1004" name="mrv_62_fu_1668">
<pin_list>
<pin id="1669" dir="0" index="0" bw="1024" slack="0"/>
<pin id="1670" dir="0" index="1" bw="10" slack="0"/>
<pin id="1671" dir="1" index="2" bw="1024" slack="0"/>
</pin_list>
<bind>
<opcode="insertvalue(57) " fcode="insertvalue"/>
<opset="mrv_62/1 "/>
</bind>
</comp>

<comp id="1674" class="1004" name="mrv_63_fu_1674">
<pin_list>
<pin id="1675" dir="0" index="0" bw="1024" slack="0"/>
<pin id="1676" dir="0" index="1" bw="10" slack="0"/>
<pin id="1677" dir="1" index="2" bw="1024" slack="2147483647"/>
</pin_list>
<bind>
<opcode="insertvalue(57) " fcode="insertvalue"/>
<opset="mrv_63/1 "/>
</bind>
</comp>

</comp_list>

<net_list>
<net id="148"><net_src comp="136" pin="0"/><net_sink comp="144" pin=0"/></net>

<net id="149"><net_src comp="126" pin="0"/><net_sink comp="144" pin=1"/></net>

<net id="154"><net_src comp="136" pin="0"/><net_sink comp="150" pin=0"/></net>

<net id="155"><net_src comp="124" pin="0"/><net_sink comp="150" pin=1"/></net>

<net id="160"><net_src comp="136" pin="0"/><net_sink comp="156" pin=0"/></net>

<net id="161"><net_src comp="122" pin="0"/><net_sink comp="156" pin=1"/></net>

<net id="166"><net_src comp="136" pin="0"/><net_sink comp="162" pin=0"/></net>

<net id="167"><net_src comp="120" pin="0"/><net_sink comp="162" pin=1"/></net>

<net id="172"><net_src comp="136" pin="0"/><net_sink comp="168" pin=0"/></net>

<net id="173"><net_src comp="118" pin="0"/><net_sink comp="168" pin=1"/></net>

<net id="178"><net_src comp="136" pin="0"/><net_sink comp="174" pin=0"/></net>

<net id="179"><net_src comp="116" pin="0"/><net_sink comp="174" pin=1"/></net>

<net id="184"><net_src comp="136" pin="0"/><net_sink comp="180" pin=0"/></net>

<net id="185"><net_src comp="114" pin="0"/><net_sink comp="180" pin=1"/></net>

<net id="190"><net_src comp="136" pin="0"/><net_sink comp="186" pin=0"/></net>

<net id="191"><net_src comp="112" pin="0"/><net_sink comp="186" pin=1"/></net>

<net id="196"><net_src comp="136" pin="0"/><net_sink comp="192" pin=0"/></net>

<net id="197"><net_src comp="110" pin="0"/><net_sink comp="192" pin=1"/></net>

<net id="202"><net_src comp="136" pin="0"/><net_sink comp="198" pin=0"/></net>

<net id="203"><net_src comp="108" pin="0"/><net_sink comp="198" pin=1"/></net>

<net id="208"><net_src comp="136" pin="0"/><net_sink comp="204" pin=0"/></net>

<net id="209"><net_src comp="106" pin="0"/><net_sink comp="204" pin=1"/></net>

<net id="214"><net_src comp="136" pin="0"/><net_sink comp="210" pin=0"/></net>

<net id="215"><net_src comp="104" pin="0"/><net_sink comp="210" pin=1"/></net>

<net id="220"><net_src comp="136" pin="0"/><net_sink comp="216" pin=0"/></net>

<net id="221"><net_src comp="102" pin="0"/><net_sink comp="216" pin=1"/></net>

<net id="226"><net_src comp="136" pin="0"/><net_sink comp="222" pin=0"/></net>

<net id="227"><net_src comp="100" pin="0"/><net_sink comp="222" pin=1"/></net>

<net id="232"><net_src comp="136" pin="0"/><net_sink comp="228" pin=0"/></net>

<net id="233"><net_src comp="98" pin="0"/><net_sink comp="228" pin=1"/></net>

<net id="238"><net_src comp="136" pin="0"/><net_sink comp="234" pin=0"/></net>

<net id="239"><net_src comp="96" pin="0"/><net_sink comp="234" pin=1"/></net>

<net id="244"><net_src comp="136" pin="0"/><net_sink comp="240" pin=0"/></net>

<net id="245"><net_src comp="94" pin="0"/><net_sink comp="240" pin=1"/></net>

<net id="250"><net_src comp="136" pin="0"/><net_sink comp="246" pin=0"/></net>

<net id="251"><net_src comp="92" pin="0"/><net_sink comp="246" pin=1"/></net>

<net id="256"><net_src comp="136" pin="0"/><net_sink comp="252" pin=0"/></net>

<net id="257"><net_src comp="90" pin="0"/><net_sink comp="252" pin=1"/></net>

<net id="262"><net_src comp="136" pin="0"/><net_sink comp="258" pin=0"/></net>

<net id="263"><net_src comp="88" pin="0"/><net_sink comp="258" pin=1"/></net>

<net id="268"><net_src comp="136" pin="0"/><net_sink comp="264" pin=0"/></net>

<net id="269"><net_src comp="86" pin="0"/><net_sink comp="264" pin=1"/></net>

<net id="274"><net_src comp="136" pin="0"/><net_sink comp="270" pin=0"/></net>

<net id="275"><net_src comp="84" pin="0"/><net_sink comp="270" pin=1"/></net>

<net id="280"><net_src comp="136" pin="0"/><net_sink comp="276" pin=0"/></net>

<net id="281"><net_src comp="82" pin="0"/><net_sink comp="276" pin=1"/></net>

<net id="286"><net_src comp="136" pin="0"/><net_sink comp="282" pin=0"/></net>

<net id="287"><net_src comp="80" pin="0"/><net_sink comp="282" pin=1"/></net>

<net id="292"><net_src comp="136" pin="0"/><net_sink comp="288" pin=0"/></net>

<net id="293"><net_src comp="78" pin="0"/><net_sink comp="288" pin=1"/></net>

<net id="298"><net_src comp="136" pin="0"/><net_sink comp="294" pin=0"/></net>

<net id="299"><net_src comp="76" pin="0"/><net_sink comp="294" pin=1"/></net>

<net id="304"><net_src comp="136" pin="0"/><net_sink comp="300" pin=0"/></net>

<net id="305"><net_src comp="74" pin="0"/><net_sink comp="300" pin=1"/></net>

<net id="310"><net_src comp="136" pin="0"/><net_sink comp="306" pin=0"/></net>

<net id="311"><net_src comp="72" pin="0"/><net_sink comp="306" pin=1"/></net>

<net id="316"><net_src comp="136" pin="0"/><net_sink comp="312" pin=0"/></net>

<net id="317"><net_src comp="70" pin="0"/><net_sink comp="312" pin=1"/></net>

<net id="322"><net_src comp="136" pin="0"/><net_sink comp="318" pin=0"/></net>

<net id="323"><net_src comp="68" pin="0"/><net_sink comp="318" pin=1"/></net>

<net id="328"><net_src comp="136" pin="0"/><net_sink comp="324" pin=0"/></net>

<net id="329"><net_src comp="66" pin="0"/><net_sink comp="324" pin=1"/></net>

<net id="334"><net_src comp="136" pin="0"/><net_sink comp="330" pin=0"/></net>

<net id="335"><net_src comp="64" pin="0"/><net_sink comp="330" pin=1"/></net>

<net id="340"><net_src comp="136" pin="0"/><net_sink comp="336" pin=0"/></net>

<net id="341"><net_src comp="62" pin="0"/><net_sink comp="336" pin=1"/></net>

<net id="346"><net_src comp="136" pin="0"/><net_sink comp="342" pin=0"/></net>

<net id="347"><net_src comp="60" pin="0"/><net_sink comp="342" pin=1"/></net>

<net id="352"><net_src comp="136" pin="0"/><net_sink comp="348" pin=0"/></net>

<net id="353"><net_src comp="58" pin="0"/><net_sink comp="348" pin=1"/></net>

<net id="358"><net_src comp="136" pin="0"/><net_sink comp="354" pin=0"/></net>

<net id="359"><net_src comp="56" pin="0"/><net_sink comp="354" pin=1"/></net>

<net id="364"><net_src comp="136" pin="0"/><net_sink comp="360" pin=0"/></net>

<net id="365"><net_src comp="54" pin="0"/><net_sink comp="360" pin=1"/></net>

<net id="370"><net_src comp="136" pin="0"/><net_sink comp="366" pin=0"/></net>

<net id="371"><net_src comp="52" pin="0"/><net_sink comp="366" pin=1"/></net>

<net id="376"><net_src comp="136" pin="0"/><net_sink comp="372" pin=0"/></net>

<net id="377"><net_src comp="50" pin="0"/><net_sink comp="372" pin=1"/></net>

<net id="382"><net_src comp="136" pin="0"/><net_sink comp="378" pin=0"/></net>

<net id="383"><net_src comp="48" pin="0"/><net_sink comp="378" pin=1"/></net>

<net id="388"><net_src comp="136" pin="0"/><net_sink comp="384" pin=0"/></net>

<net id="389"><net_src comp="46" pin="0"/><net_sink comp="384" pin=1"/></net>

<net id="394"><net_src comp="136" pin="0"/><net_sink comp="390" pin=0"/></net>

<net id="395"><net_src comp="44" pin="0"/><net_sink comp="390" pin=1"/></net>

<net id="400"><net_src comp="136" pin="0"/><net_sink comp="396" pin=0"/></net>

<net id="401"><net_src comp="42" pin="0"/><net_sink comp="396" pin=1"/></net>

<net id="406"><net_src comp="136" pin="0"/><net_sink comp="402" pin=0"/></net>

<net id="407"><net_src comp="40" pin="0"/><net_sink comp="402" pin=1"/></net>

<net id="412"><net_src comp="136" pin="0"/><net_sink comp="408" pin=0"/></net>

<net id="413"><net_src comp="38" pin="0"/><net_sink comp="408" pin=1"/></net>

<net id="418"><net_src comp="136" pin="0"/><net_sink comp="414" pin=0"/></net>

<net id="419"><net_src comp="36" pin="0"/><net_sink comp="414" pin=1"/></net>

<net id="424"><net_src comp="136" pin="0"/><net_sink comp="420" pin=0"/></net>

<net id="425"><net_src comp="34" pin="0"/><net_sink comp="420" pin=1"/></net>

<net id="430"><net_src comp="136" pin="0"/><net_sink comp="426" pin=0"/></net>

<net id="431"><net_src comp="32" pin="0"/><net_sink comp="426" pin=1"/></net>

<net id="436"><net_src comp="136" pin="0"/><net_sink comp="432" pin=0"/></net>

<net id="437"><net_src comp="30" pin="0"/><net_sink comp="432" pin=1"/></net>

<net id="442"><net_src comp="136" pin="0"/><net_sink comp="438" pin=0"/></net>

<net id="443"><net_src comp="28" pin="0"/><net_sink comp="438" pin=1"/></net>

<net id="448"><net_src comp="136" pin="0"/><net_sink comp="444" pin=0"/></net>

<net id="449"><net_src comp="26" pin="0"/><net_sink comp="444" pin=1"/></net>

<net id="454"><net_src comp="136" pin="0"/><net_sink comp="450" pin=0"/></net>

<net id="455"><net_src comp="24" pin="0"/><net_sink comp="450" pin=1"/></net>

<net id="460"><net_src comp="136" pin="0"/><net_sink comp="456" pin=0"/></net>

<net id="461"><net_src comp="22" pin="0"/><net_sink comp="456" pin=1"/></net>

<net id="466"><net_src comp="136" pin="0"/><net_sink comp="462" pin=0"/></net>

<net id="467"><net_src comp="20" pin="0"/><net_sink comp="462" pin=1"/></net>

<net id="472"><net_src comp="136" pin="0"/><net_sink comp="468" pin=0"/></net>

<net id="473"><net_src comp="18" pin="0"/><net_sink comp="468" pin=1"/></net>

<net id="478"><net_src comp="136" pin="0"/><net_sink comp="474" pin=0"/></net>

<net id="479"><net_src comp="16" pin="0"/><net_sink comp="474" pin=1"/></net>

<net id="484"><net_src comp="136" pin="0"/><net_sink comp="480" pin=0"/></net>

<net id="485"><net_src comp="14" pin="0"/><net_sink comp="480" pin=1"/></net>

<net id="490"><net_src comp="136" pin="0"/><net_sink comp="486" pin=0"/></net>

<net id="491"><net_src comp="12" pin="0"/><net_sink comp="486" pin=1"/></net>

<net id="496"><net_src comp="136" pin="0"/><net_sink comp="492" pin=0"/></net>

<net id="497"><net_src comp="10" pin="0"/><net_sink comp="492" pin=1"/></net>

<net id="502"><net_src comp="136" pin="0"/><net_sink comp="498" pin=0"/></net>

<net id="503"><net_src comp="8" pin="0"/><net_sink comp="498" pin=1"/></net>

<net id="508"><net_src comp="136" pin="0"/><net_sink comp="504" pin=0"/></net>

<net id="509"><net_src comp="6" pin="0"/><net_sink comp="504" pin=1"/></net>

<net id="514"><net_src comp="136" pin="0"/><net_sink comp="510" pin=0"/></net>

<net id="515"><net_src comp="4" pin="0"/><net_sink comp="510" pin=1"/></net>

<net id="520"><net_src comp="136" pin="0"/><net_sink comp="516" pin=0"/></net>

<net id="521"><net_src comp="2" pin="0"/><net_sink comp="516" pin=1"/></net>

<net id="526"><net_src comp="136" pin="0"/><net_sink comp="522" pin=0"/></net>

<net id="527"><net_src comp="0" pin="0"/><net_sink comp="522" pin=1"/></net>

<net id="533"><net_src comp="138" pin="0"/><net_sink comp="528" pin=0"/></net>

<net id="534"><net_src comp="522" pin="2"/><net_sink comp="528" pin=1"/></net>

<net id="535"><net_src comp="140" pin="0"/><net_sink comp="528" pin=2"/></net>

<net id="539"><net_src comp="528" pin="3"/><net_sink comp="536" pin=0"/></net>

<net id="545"><net_src comp="138" pin="0"/><net_sink comp="540" pin=0"/></net>

<net id="546"><net_src comp="516" pin="2"/><net_sink comp="540" pin=1"/></net>

<net id="547"><net_src comp="140" pin="0"/><net_sink comp="540" pin=2"/></net>

<net id="551"><net_src comp="540" pin="3"/><net_sink comp="548" pin=0"/></net>

<net id="557"><net_src comp="138" pin="0"/><net_sink comp="552" pin=0"/></net>

<net id="558"><net_src comp="510" pin="2"/><net_sink comp="552" pin=1"/></net>

<net id="559"><net_src comp="140" pin="0"/><net_sink comp="552" pin=2"/></net>

<net id="563"><net_src comp="552" pin="3"/><net_sink comp="560" pin=0"/></net>

<net id="569"><net_src comp="138" pin="0"/><net_sink comp="564" pin=0"/></net>

<net id="570"><net_src comp="504" pin="2"/><net_sink comp="564" pin=1"/></net>

<net id="571"><net_src comp="140" pin="0"/><net_sink comp="564" pin=2"/></net>

<net id="575"><net_src comp="564" pin="3"/><net_sink comp="572" pin=0"/></net>

<net id="581"><net_src comp="138" pin="0"/><net_sink comp="576" pin=0"/></net>

<net id="582"><net_src comp="498" pin="2"/><net_sink comp="576" pin=1"/></net>

<net id="583"><net_src comp="140" pin="0"/><net_sink comp="576" pin=2"/></net>

<net id="587"><net_src comp="576" pin="3"/><net_sink comp="584" pin=0"/></net>

<net id="593"><net_src comp="138" pin="0"/><net_sink comp="588" pin=0"/></net>

<net id="594"><net_src comp="492" pin="2"/><net_sink comp="588" pin=1"/></net>

<net id="595"><net_src comp="140" pin="0"/><net_sink comp="588" pin=2"/></net>

<net id="599"><net_src comp="588" pin="3"/><net_sink comp="596" pin=0"/></net>

<net id="605"><net_src comp="138" pin="0"/><net_sink comp="600" pin=0"/></net>

<net id="606"><net_src comp="486" pin="2"/><net_sink comp="600" pin=1"/></net>

<net id="607"><net_src comp="140" pin="0"/><net_sink comp="600" pin=2"/></net>

<net id="611"><net_src comp="600" pin="3"/><net_sink comp="608" pin=0"/></net>

<net id="617"><net_src comp="138" pin="0"/><net_sink comp="612" pin=0"/></net>

<net id="618"><net_src comp="480" pin="2"/><net_sink comp="612" pin=1"/></net>

<net id="619"><net_src comp="140" pin="0"/><net_sink comp="612" pin=2"/></net>

<net id="623"><net_src comp="612" pin="3"/><net_sink comp="620" pin=0"/></net>

<net id="629"><net_src comp="138" pin="0"/><net_sink comp="624" pin=0"/></net>

<net id="630"><net_src comp="474" pin="2"/><net_sink comp="624" pin=1"/></net>

<net id="631"><net_src comp="140" pin="0"/><net_sink comp="624" pin=2"/></net>

<net id="635"><net_src comp="624" pin="3"/><net_sink comp="632" pin=0"/></net>

<net id="641"><net_src comp="138" pin="0"/><net_sink comp="636" pin=0"/></net>

<net id="642"><net_src comp="468" pin="2"/><net_sink comp="636" pin=1"/></net>

<net id="643"><net_src comp="140" pin="0"/><net_sink comp="636" pin=2"/></net>

<net id="647"><net_src comp="636" pin="3"/><net_sink comp="644" pin=0"/></net>

<net id="653"><net_src comp="138" pin="0"/><net_sink comp="648" pin=0"/></net>

<net id="654"><net_src comp="462" pin="2"/><net_sink comp="648" pin=1"/></net>

<net id="655"><net_src comp="140" pin="0"/><net_sink comp="648" pin=2"/></net>

<net id="659"><net_src comp="648" pin="3"/><net_sink comp="656" pin=0"/></net>

<net id="665"><net_src comp="138" pin="0"/><net_sink comp="660" pin=0"/></net>

<net id="666"><net_src comp="456" pin="2"/><net_sink comp="660" pin=1"/></net>

<net id="667"><net_src comp="140" pin="0"/><net_sink comp="660" pin=2"/></net>

<net id="671"><net_src comp="660" pin="3"/><net_sink comp="668" pin=0"/></net>

<net id="677"><net_src comp="138" pin="0"/><net_sink comp="672" pin=0"/></net>

<net id="678"><net_src comp="450" pin="2"/><net_sink comp="672" pin=1"/></net>

<net id="679"><net_src comp="140" pin="0"/><net_sink comp="672" pin=2"/></net>

<net id="683"><net_src comp="672" pin="3"/><net_sink comp="680" pin=0"/></net>

<net id="689"><net_src comp="138" pin="0"/><net_sink comp="684" pin=0"/></net>

<net id="690"><net_src comp="444" pin="2"/><net_sink comp="684" pin=1"/></net>

<net id="691"><net_src comp="140" pin="0"/><net_sink comp="684" pin=2"/></net>

<net id="695"><net_src comp="684" pin="3"/><net_sink comp="692" pin=0"/></net>

<net id="701"><net_src comp="138" pin="0"/><net_sink comp="696" pin=0"/></net>

<net id="702"><net_src comp="438" pin="2"/><net_sink comp="696" pin=1"/></net>

<net id="703"><net_src comp="140" pin="0"/><net_sink comp="696" pin=2"/></net>

<net id="707"><net_src comp="696" pin="3"/><net_sink comp="704" pin=0"/></net>

<net id="713"><net_src comp="138" pin="0"/><net_sink comp="708" pin=0"/></net>

<net id="714"><net_src comp="432" pin="2"/><net_sink comp="708" pin=1"/></net>

<net id="715"><net_src comp="140" pin="0"/><net_sink comp="708" pin=2"/></net>

<net id="719"><net_src comp="708" pin="3"/><net_sink comp="716" pin=0"/></net>

<net id="725"><net_src comp="138" pin="0"/><net_sink comp="720" pin=0"/></net>

<net id="726"><net_src comp="426" pin="2"/><net_sink comp="720" pin=1"/></net>

<net id="727"><net_src comp="140" pin="0"/><net_sink comp="720" pin=2"/></net>

<net id="731"><net_src comp="720" pin="3"/><net_sink comp="728" pin=0"/></net>

<net id="737"><net_src comp="138" pin="0"/><net_sink comp="732" pin=0"/></net>

<net id="738"><net_src comp="420" pin="2"/><net_sink comp="732" pin=1"/></net>

<net id="739"><net_src comp="140" pin="0"/><net_sink comp="732" pin=2"/></net>

<net id="743"><net_src comp="732" pin="3"/><net_sink comp="740" pin=0"/></net>

<net id="749"><net_src comp="138" pin="0"/><net_sink comp="744" pin=0"/></net>

<net id="750"><net_src comp="414" pin="2"/><net_sink comp="744" pin=1"/></net>

<net id="751"><net_src comp="140" pin="0"/><net_sink comp="744" pin=2"/></net>

<net id="755"><net_src comp="744" pin="3"/><net_sink comp="752" pin=0"/></net>

<net id="761"><net_src comp="138" pin="0"/><net_sink comp="756" pin=0"/></net>

<net id="762"><net_src comp="408" pin="2"/><net_sink comp="756" pin=1"/></net>

<net id="763"><net_src comp="140" pin="0"/><net_sink comp="756" pin=2"/></net>

<net id="767"><net_src comp="756" pin="3"/><net_sink comp="764" pin=0"/></net>

<net id="773"><net_src comp="138" pin="0"/><net_sink comp="768" pin=0"/></net>

<net id="774"><net_src comp="402" pin="2"/><net_sink comp="768" pin=1"/></net>

<net id="775"><net_src comp="140" pin="0"/><net_sink comp="768" pin=2"/></net>

<net id="779"><net_src comp="768" pin="3"/><net_sink comp="776" pin=0"/></net>

<net id="785"><net_src comp="138" pin="0"/><net_sink comp="780" pin=0"/></net>

<net id="786"><net_src comp="396" pin="2"/><net_sink comp="780" pin=1"/></net>

<net id="787"><net_src comp="140" pin="0"/><net_sink comp="780" pin=2"/></net>

<net id="791"><net_src comp="780" pin="3"/><net_sink comp="788" pin=0"/></net>

<net id="797"><net_src comp="138" pin="0"/><net_sink comp="792" pin=0"/></net>

<net id="798"><net_src comp="390" pin="2"/><net_sink comp="792" pin=1"/></net>

<net id="799"><net_src comp="140" pin="0"/><net_sink comp="792" pin=2"/></net>

<net id="803"><net_src comp="792" pin="3"/><net_sink comp="800" pin=0"/></net>

<net id="809"><net_src comp="138" pin="0"/><net_sink comp="804" pin=0"/></net>

<net id="810"><net_src comp="384" pin="2"/><net_sink comp="804" pin=1"/></net>

<net id="811"><net_src comp="140" pin="0"/><net_sink comp="804" pin=2"/></net>

<net id="815"><net_src comp="804" pin="3"/><net_sink comp="812" pin=0"/></net>

<net id="821"><net_src comp="138" pin="0"/><net_sink comp="816" pin=0"/></net>

<net id="822"><net_src comp="378" pin="2"/><net_sink comp="816" pin=1"/></net>

<net id="823"><net_src comp="140" pin="0"/><net_sink comp="816" pin=2"/></net>

<net id="827"><net_src comp="816" pin="3"/><net_sink comp="824" pin=0"/></net>

<net id="833"><net_src comp="138" pin="0"/><net_sink comp="828" pin=0"/></net>

<net id="834"><net_src comp="372" pin="2"/><net_sink comp="828" pin=1"/></net>

<net id="835"><net_src comp="140" pin="0"/><net_sink comp="828" pin=2"/></net>

<net id="839"><net_src comp="828" pin="3"/><net_sink comp="836" pin=0"/></net>

<net id="845"><net_src comp="138" pin="0"/><net_sink comp="840" pin=0"/></net>

<net id="846"><net_src comp="366" pin="2"/><net_sink comp="840" pin=1"/></net>

<net id="847"><net_src comp="140" pin="0"/><net_sink comp="840" pin=2"/></net>

<net id="851"><net_src comp="840" pin="3"/><net_sink comp="848" pin=0"/></net>

<net id="857"><net_src comp="138" pin="0"/><net_sink comp="852" pin=0"/></net>

<net id="858"><net_src comp="360" pin="2"/><net_sink comp="852" pin=1"/></net>

<net id="859"><net_src comp="140" pin="0"/><net_sink comp="852" pin=2"/></net>

<net id="863"><net_src comp="852" pin="3"/><net_sink comp="860" pin=0"/></net>

<net id="869"><net_src comp="138" pin="0"/><net_sink comp="864" pin=0"/></net>

<net id="870"><net_src comp="354" pin="2"/><net_sink comp="864" pin=1"/></net>

<net id="871"><net_src comp="140" pin="0"/><net_sink comp="864" pin=2"/></net>

<net id="875"><net_src comp="864" pin="3"/><net_sink comp="872" pin=0"/></net>

<net id="881"><net_src comp="138" pin="0"/><net_sink comp="876" pin=0"/></net>

<net id="882"><net_src comp="348" pin="2"/><net_sink comp="876" pin=1"/></net>

<net id="883"><net_src comp="140" pin="0"/><net_sink comp="876" pin=2"/></net>

<net id="887"><net_src comp="876" pin="3"/><net_sink comp="884" pin=0"/></net>

<net id="893"><net_src comp="138" pin="0"/><net_sink comp="888" pin=0"/></net>

<net id="894"><net_src comp="342" pin="2"/><net_sink comp="888" pin=1"/></net>

<net id="895"><net_src comp="140" pin="0"/><net_sink comp="888" pin=2"/></net>

<net id="899"><net_src comp="888" pin="3"/><net_sink comp="896" pin=0"/></net>

<net id="905"><net_src comp="138" pin="0"/><net_sink comp="900" pin=0"/></net>

<net id="906"><net_src comp="336" pin="2"/><net_sink comp="900" pin=1"/></net>

<net id="907"><net_src comp="140" pin="0"/><net_sink comp="900" pin=2"/></net>

<net id="911"><net_src comp="900" pin="3"/><net_sink comp="908" pin=0"/></net>

<net id="917"><net_src comp="138" pin="0"/><net_sink comp="912" pin=0"/></net>

<net id="918"><net_src comp="330" pin="2"/><net_sink comp="912" pin=1"/></net>

<net id="919"><net_src comp="140" pin="0"/><net_sink comp="912" pin=2"/></net>

<net id="923"><net_src comp="912" pin="3"/><net_sink comp="920" pin=0"/></net>

<net id="929"><net_src comp="138" pin="0"/><net_sink comp="924" pin=0"/></net>

<net id="930"><net_src comp="324" pin="2"/><net_sink comp="924" pin=1"/></net>

<net id="931"><net_src comp="140" pin="0"/><net_sink comp="924" pin=2"/></net>

<net id="935"><net_src comp="924" pin="3"/><net_sink comp="932" pin=0"/></net>

<net id="941"><net_src comp="138" pin="0"/><net_sink comp="936" pin=0"/></net>

<net id="942"><net_src comp="318" pin="2"/><net_sink comp="936" pin=1"/></net>

<net id="943"><net_src comp="140" pin="0"/><net_sink comp="936" pin=2"/></net>

<net id="947"><net_src comp="936" pin="3"/><net_sink comp="944" pin=0"/></net>

<net id="953"><net_src comp="138" pin="0"/><net_sink comp="948" pin=0"/></net>

<net id="954"><net_src comp="312" pin="2"/><net_sink comp="948" pin=1"/></net>

<net id="955"><net_src comp="140" pin="0"/><net_sink comp="948" pin=2"/></net>

<net id="959"><net_src comp="948" pin="3"/><net_sink comp="956" pin=0"/></net>

<net id="965"><net_src comp="138" pin="0"/><net_sink comp="960" pin=0"/></net>

<net id="966"><net_src comp="306" pin="2"/><net_sink comp="960" pin=1"/></net>

<net id="967"><net_src comp="140" pin="0"/><net_sink comp="960" pin=2"/></net>

<net id="971"><net_src comp="960" pin="3"/><net_sink comp="968" pin=0"/></net>

<net id="977"><net_src comp="138" pin="0"/><net_sink comp="972" pin=0"/></net>

<net id="978"><net_src comp="300" pin="2"/><net_sink comp="972" pin=1"/></net>

<net id="979"><net_src comp="140" pin="0"/><net_sink comp="972" pin=2"/></net>

<net id="983"><net_src comp="972" pin="3"/><net_sink comp="980" pin=0"/></net>

<net id="989"><net_src comp="138" pin="0"/><net_sink comp="984" pin=0"/></net>

<net id="990"><net_src comp="294" pin="2"/><net_sink comp="984" pin=1"/></net>

<net id="991"><net_src comp="140" pin="0"/><net_sink comp="984" pin=2"/></net>

<net id="995"><net_src comp="984" pin="3"/><net_sink comp="992" pin=0"/></net>

<net id="1001"><net_src comp="138" pin="0"/><net_sink comp="996" pin=0"/></net>

<net id="1002"><net_src comp="288" pin="2"/><net_sink comp="996" pin=1"/></net>

<net id="1003"><net_src comp="140" pin="0"/><net_sink comp="996" pin=2"/></net>

<net id="1007"><net_src comp="996" pin="3"/><net_sink comp="1004" pin=0"/></net>

<net id="1013"><net_src comp="138" pin="0"/><net_sink comp="1008" pin=0"/></net>

<net id="1014"><net_src comp="282" pin="2"/><net_sink comp="1008" pin=1"/></net>

<net id="1015"><net_src comp="140" pin="0"/><net_sink comp="1008" pin=2"/></net>

<net id="1019"><net_src comp="1008" pin="3"/><net_sink comp="1016" pin=0"/></net>

<net id="1025"><net_src comp="138" pin="0"/><net_sink comp="1020" pin=0"/></net>

<net id="1026"><net_src comp="276" pin="2"/><net_sink comp="1020" pin=1"/></net>

<net id="1027"><net_src comp="140" pin="0"/><net_sink comp="1020" pin=2"/></net>

<net id="1031"><net_src comp="1020" pin="3"/><net_sink comp="1028" pin=0"/></net>

<net id="1037"><net_src comp="138" pin="0"/><net_sink comp="1032" pin=0"/></net>

<net id="1038"><net_src comp="270" pin="2"/><net_sink comp="1032" pin=1"/></net>

<net id="1039"><net_src comp="140" pin="0"/><net_sink comp="1032" pin=2"/></net>

<net id="1043"><net_src comp="1032" pin="3"/><net_sink comp="1040" pin=0"/></net>

<net id="1049"><net_src comp="138" pin="0"/><net_sink comp="1044" pin=0"/></net>

<net id="1050"><net_src comp="264" pin="2"/><net_sink comp="1044" pin=1"/></net>

<net id="1051"><net_src comp="140" pin="0"/><net_sink comp="1044" pin=2"/></net>

<net id="1055"><net_src comp="1044" pin="3"/><net_sink comp="1052" pin=0"/></net>

<net id="1061"><net_src comp="138" pin="0"/><net_sink comp="1056" pin=0"/></net>

<net id="1062"><net_src comp="258" pin="2"/><net_sink comp="1056" pin=1"/></net>

<net id="1063"><net_src comp="140" pin="0"/><net_sink comp="1056" pin=2"/></net>

<net id="1067"><net_src comp="1056" pin="3"/><net_sink comp="1064" pin=0"/></net>

<net id="1073"><net_src comp="138" pin="0"/><net_sink comp="1068" pin=0"/></net>

<net id="1074"><net_src comp="252" pin="2"/><net_sink comp="1068" pin=1"/></net>

<net id="1075"><net_src comp="140" pin="0"/><net_sink comp="1068" pin=2"/></net>

<net id="1079"><net_src comp="1068" pin="3"/><net_sink comp="1076" pin=0"/></net>

<net id="1085"><net_src comp="138" pin="0"/><net_sink comp="1080" pin=0"/></net>

<net id="1086"><net_src comp="246" pin="2"/><net_sink comp="1080" pin=1"/></net>

<net id="1087"><net_src comp="140" pin="0"/><net_sink comp="1080" pin=2"/></net>

<net id="1091"><net_src comp="1080" pin="3"/><net_sink comp="1088" pin=0"/></net>

<net id="1097"><net_src comp="138" pin="0"/><net_sink comp="1092" pin=0"/></net>

<net id="1098"><net_src comp="240" pin="2"/><net_sink comp="1092" pin=1"/></net>

<net id="1099"><net_src comp="140" pin="0"/><net_sink comp="1092" pin=2"/></net>

<net id="1103"><net_src comp="1092" pin="3"/><net_sink comp="1100" pin=0"/></net>

<net id="1109"><net_src comp="138" pin="0"/><net_sink comp="1104" pin=0"/></net>

<net id="1110"><net_src comp="234" pin="2"/><net_sink comp="1104" pin=1"/></net>

<net id="1111"><net_src comp="140" pin="0"/><net_sink comp="1104" pin=2"/></net>

<net id="1115"><net_src comp="1104" pin="3"/><net_sink comp="1112" pin=0"/></net>

<net id="1121"><net_src comp="138" pin="0"/><net_sink comp="1116" pin=0"/></net>

<net id="1122"><net_src comp="228" pin="2"/><net_sink comp="1116" pin=1"/></net>

<net id="1123"><net_src comp="140" pin="0"/><net_sink comp="1116" pin=2"/></net>

<net id="1127"><net_src comp="1116" pin="3"/><net_sink comp="1124" pin=0"/></net>

<net id="1133"><net_src comp="138" pin="0"/><net_sink comp="1128" pin=0"/></net>

<net id="1134"><net_src comp="222" pin="2"/><net_sink comp="1128" pin=1"/></net>

<net id="1135"><net_src comp="140" pin="0"/><net_sink comp="1128" pin=2"/></net>

<net id="1139"><net_src comp="1128" pin="3"/><net_sink comp="1136" pin=0"/></net>

<net id="1145"><net_src comp="138" pin="0"/><net_sink comp="1140" pin=0"/></net>

<net id="1146"><net_src comp="216" pin="2"/><net_sink comp="1140" pin=1"/></net>

<net id="1147"><net_src comp="140" pin="0"/><net_sink comp="1140" pin=2"/></net>

<net id="1151"><net_src comp="1140" pin="3"/><net_sink comp="1148" pin=0"/></net>

<net id="1157"><net_src comp="138" pin="0"/><net_sink comp="1152" pin=0"/></net>

<net id="1158"><net_src comp="210" pin="2"/><net_sink comp="1152" pin=1"/></net>

<net id="1159"><net_src comp="140" pin="0"/><net_sink comp="1152" pin=2"/></net>

<net id="1163"><net_src comp="1152" pin="3"/><net_sink comp="1160" pin=0"/></net>

<net id="1169"><net_src comp="138" pin="0"/><net_sink comp="1164" pin=0"/></net>

<net id="1170"><net_src comp="204" pin="2"/><net_sink comp="1164" pin=1"/></net>

<net id="1171"><net_src comp="140" pin="0"/><net_sink comp="1164" pin=2"/></net>

<net id="1175"><net_src comp="1164" pin="3"/><net_sink comp="1172" pin=0"/></net>

<net id="1181"><net_src comp="138" pin="0"/><net_sink comp="1176" pin=0"/></net>

<net id="1182"><net_src comp="198" pin="2"/><net_sink comp="1176" pin=1"/></net>

<net id="1183"><net_src comp="140" pin="0"/><net_sink comp="1176" pin=2"/></net>

<net id="1187"><net_src comp="1176" pin="3"/><net_sink comp="1184" pin=0"/></net>

<net id="1193"><net_src comp="138" pin="0"/><net_sink comp="1188" pin=0"/></net>

<net id="1194"><net_src comp="192" pin="2"/><net_sink comp="1188" pin=1"/></net>

<net id="1195"><net_src comp="140" pin="0"/><net_sink comp="1188" pin=2"/></net>

<net id="1199"><net_src comp="1188" pin="3"/><net_sink comp="1196" pin=0"/></net>

<net id="1205"><net_src comp="138" pin="0"/><net_sink comp="1200" pin=0"/></net>

<net id="1206"><net_src comp="186" pin="2"/><net_sink comp="1200" pin=1"/></net>

<net id="1207"><net_src comp="140" pin="0"/><net_sink comp="1200" pin=2"/></net>

<net id="1211"><net_src comp="1200" pin="3"/><net_sink comp="1208" pin=0"/></net>

<net id="1217"><net_src comp="138" pin="0"/><net_sink comp="1212" pin=0"/></net>

<net id="1218"><net_src comp="180" pin="2"/><net_sink comp="1212" pin=1"/></net>

<net id="1219"><net_src comp="140" pin="0"/><net_sink comp="1212" pin=2"/></net>

<net id="1223"><net_src comp="1212" pin="3"/><net_sink comp="1220" pin=0"/></net>

<net id="1229"><net_src comp="138" pin="0"/><net_sink comp="1224" pin=0"/></net>

<net id="1230"><net_src comp="174" pin="2"/><net_sink comp="1224" pin=1"/></net>

<net id="1231"><net_src comp="140" pin="0"/><net_sink comp="1224" pin=2"/></net>

<net id="1235"><net_src comp="1224" pin="3"/><net_sink comp="1232" pin=0"/></net>

<net id="1241"><net_src comp="138" pin="0"/><net_sink comp="1236" pin=0"/></net>

<net id="1242"><net_src comp="168" pin="2"/><net_sink comp="1236" pin=1"/></net>

<net id="1243"><net_src comp="140" pin="0"/><net_sink comp="1236" pin=2"/></net>

<net id="1247"><net_src comp="1236" pin="3"/><net_sink comp="1244" pin=0"/></net>

<net id="1253"><net_src comp="138" pin="0"/><net_sink comp="1248" pin=0"/></net>

<net id="1254"><net_src comp="162" pin="2"/><net_sink comp="1248" pin=1"/></net>

<net id="1255"><net_src comp="140" pin="0"/><net_sink comp="1248" pin=2"/></net>

<net id="1259"><net_src comp="1248" pin="3"/><net_sink comp="1256" pin=0"/></net>

<net id="1265"><net_src comp="138" pin="0"/><net_sink comp="1260" pin=0"/></net>

<net id="1266"><net_src comp="156" pin="2"/><net_sink comp="1260" pin=1"/></net>

<net id="1267"><net_src comp="140" pin="0"/><net_sink comp="1260" pin=2"/></net>

<net id="1271"><net_src comp="1260" pin="3"/><net_sink comp="1268" pin=0"/></net>

<net id="1277"><net_src comp="138" pin="0"/><net_sink comp="1272" pin=0"/></net>

<net id="1278"><net_src comp="150" pin="2"/><net_sink comp="1272" pin=1"/></net>

<net id="1279"><net_src comp="140" pin="0"/><net_sink comp="1272" pin=2"/></net>

<net id="1283"><net_src comp="1272" pin="3"/><net_sink comp="1280" pin=0"/></net>

<net id="1289"><net_src comp="138" pin="0"/><net_sink comp="1284" pin=0"/></net>

<net id="1290"><net_src comp="144" pin="2"/><net_sink comp="1284" pin=1"/></net>

<net id="1291"><net_src comp="140" pin="0"/><net_sink comp="1284" pin=2"/></net>

<net id="1295"><net_src comp="1284" pin="3"/><net_sink comp="1292" pin=0"/></net>

<net id="1300"><net_src comp="142" pin="0"/><net_sink comp="1296" pin=0"/></net>

<net id="1301"><net_src comp="536" pin="1"/><net_sink comp="1296" pin=1"/></net>

<net id="1306"><net_src comp="1296" pin="2"/><net_sink comp="1302" pin=0"/></net>

<net id="1307"><net_src comp="548" pin="1"/><net_sink comp="1302" pin=1"/></net>

<net id="1312"><net_src comp="1302" pin="2"/><net_sink comp="1308" pin=0"/></net>

<net id="1313"><net_src comp="560" pin="1"/><net_sink comp="1308" pin=1"/></net>

<net id="1318"><net_src comp="1308" pin="2"/><net_sink comp="1314" pin=0"/></net>

<net id="1319"><net_src comp="572" pin="1"/><net_sink comp="1314" pin=1"/></net>

<net id="1324"><net_src comp="1314" pin="2"/><net_sink comp="1320" pin=0"/></net>

<net id="1325"><net_src comp="584" pin="1"/><net_sink comp="1320" pin=1"/></net>

<net id="1330"><net_src comp="1320" pin="2"/><net_sink comp="1326" pin=0"/></net>

<net id="1331"><net_src comp="596" pin="1"/><net_sink comp="1326" pin=1"/></net>

<net id="1336"><net_src comp="1326" pin="2"/><net_sink comp="1332" pin=0"/></net>

<net id="1337"><net_src comp="608" pin="1"/><net_sink comp="1332" pin=1"/></net>

<net id="1342"><net_src comp="1332" pin="2"/><net_sink comp="1338" pin=0"/></net>

<net id="1343"><net_src comp="620" pin="1"/><net_sink comp="1338" pin=1"/></net>

<net id="1348"><net_src comp="1338" pin="2"/><net_sink comp="1344" pin=0"/></net>

<net id="1349"><net_src comp="632" pin="1"/><net_sink comp="1344" pin=1"/></net>

<net id="1354"><net_src comp="1344" pin="2"/><net_sink comp="1350" pin=0"/></net>

<net id="1355"><net_src comp="644" pin="1"/><net_sink comp="1350" pin=1"/></net>

<net id="1360"><net_src comp="1350" pin="2"/><net_sink comp="1356" pin=0"/></net>

<net id="1361"><net_src comp="656" pin="1"/><net_sink comp="1356" pin=1"/></net>

<net id="1366"><net_src comp="1356" pin="2"/><net_sink comp="1362" pin=0"/></net>

<net id="1367"><net_src comp="668" pin="1"/><net_sink comp="1362" pin=1"/></net>

<net id="1372"><net_src comp="1362" pin="2"/><net_sink comp="1368" pin=0"/></net>

<net id="1373"><net_src comp="680" pin="1"/><net_sink comp="1368" pin=1"/></net>

<net id="1378"><net_src comp="1368" pin="2"/><net_sink comp="1374" pin=0"/></net>

<net id="1379"><net_src comp="692" pin="1"/><net_sink comp="1374" pin=1"/></net>

<net id="1384"><net_src comp="1374" pin="2"/><net_sink comp="1380" pin=0"/></net>

<net id="1385"><net_src comp="704" pin="1"/><net_sink comp="1380" pin=1"/></net>

<net id="1390"><net_src comp="1380" pin="2"/><net_sink comp="1386" pin=0"/></net>

<net id="1391"><net_src comp="716" pin="1"/><net_sink comp="1386" pin=1"/></net>

<net id="1396"><net_src comp="1386" pin="2"/><net_sink comp="1392" pin=0"/></net>

<net id="1397"><net_src comp="728" pin="1"/><net_sink comp="1392" pin=1"/></net>

<net id="1402"><net_src comp="1392" pin="2"/><net_sink comp="1398" pin=0"/></net>

<net id="1403"><net_src comp="740" pin="1"/><net_sink comp="1398" pin=1"/></net>

<net id="1408"><net_src comp="1398" pin="2"/><net_sink comp="1404" pin=0"/></net>

<net id="1409"><net_src comp="752" pin="1"/><net_sink comp="1404" pin=1"/></net>

<net id="1414"><net_src comp="1404" pin="2"/><net_sink comp="1410" pin=0"/></net>

<net id="1415"><net_src comp="764" pin="1"/><net_sink comp="1410" pin=1"/></net>

<net id="1420"><net_src comp="1410" pin="2"/><net_sink comp="1416" pin=0"/></net>

<net id="1421"><net_src comp="776" pin="1"/><net_sink comp="1416" pin=1"/></net>

<net id="1426"><net_src comp="1416" pin="2"/><net_sink comp="1422" pin=0"/></net>

<net id="1427"><net_src comp="788" pin="1"/><net_sink comp="1422" pin=1"/></net>

<net id="1432"><net_src comp="1422" pin="2"/><net_sink comp="1428" pin=0"/></net>

<net id="1433"><net_src comp="800" pin="1"/><net_sink comp="1428" pin=1"/></net>

<net id="1438"><net_src comp="1428" pin="2"/><net_sink comp="1434" pin=0"/></net>

<net id="1439"><net_src comp="812" pin="1"/><net_sink comp="1434" pin=1"/></net>

<net id="1444"><net_src comp="1434" pin="2"/><net_sink comp="1440" pin=0"/></net>

<net id="1445"><net_src comp="824" pin="1"/><net_sink comp="1440" pin=1"/></net>

<net id="1450"><net_src comp="1440" pin="2"/><net_sink comp="1446" pin=0"/></net>

<net id="1451"><net_src comp="836" pin="1"/><net_sink comp="1446" pin=1"/></net>

<net id="1456"><net_src comp="1446" pin="2"/><net_sink comp="1452" pin=0"/></net>

<net id="1457"><net_src comp="848" pin="1"/><net_sink comp="1452" pin=1"/></net>

<net id="1462"><net_src comp="1452" pin="2"/><net_sink comp="1458" pin=0"/></net>

<net id="1463"><net_src comp="860" pin="1"/><net_sink comp="1458" pin=1"/></net>

<net id="1468"><net_src comp="1458" pin="2"/><net_sink comp="1464" pin=0"/></net>

<net id="1469"><net_src comp="872" pin="1"/><net_sink comp="1464" pin=1"/></net>

<net id="1474"><net_src comp="1464" pin="2"/><net_sink comp="1470" pin=0"/></net>

<net id="1475"><net_src comp="884" pin="1"/><net_sink comp="1470" pin=1"/></net>

<net id="1480"><net_src comp="1470" pin="2"/><net_sink comp="1476" pin=0"/></net>

<net id="1481"><net_src comp="896" pin="1"/><net_sink comp="1476" pin=1"/></net>

<net id="1486"><net_src comp="1476" pin="2"/><net_sink comp="1482" pin=0"/></net>

<net id="1487"><net_src comp="908" pin="1"/><net_sink comp="1482" pin=1"/></net>

<net id="1492"><net_src comp="1482" pin="2"/><net_sink comp="1488" pin=0"/></net>

<net id="1493"><net_src comp="920" pin="1"/><net_sink comp="1488" pin=1"/></net>

<net id="1498"><net_src comp="1488" pin="2"/><net_sink comp="1494" pin=0"/></net>

<net id="1499"><net_src comp="932" pin="1"/><net_sink comp="1494" pin=1"/></net>

<net id="1504"><net_src comp="1494" pin="2"/><net_sink comp="1500" pin=0"/></net>

<net id="1505"><net_src comp="944" pin="1"/><net_sink comp="1500" pin=1"/></net>

<net id="1510"><net_src comp="1500" pin="2"/><net_sink comp="1506" pin=0"/></net>

<net id="1511"><net_src comp="956" pin="1"/><net_sink comp="1506" pin=1"/></net>

<net id="1516"><net_src comp="1506" pin="2"/><net_sink comp="1512" pin=0"/></net>

<net id="1517"><net_src comp="968" pin="1"/><net_sink comp="1512" pin=1"/></net>

<net id="1522"><net_src comp="1512" pin="2"/><net_sink comp="1518" pin=0"/></net>

<net id="1523"><net_src comp="980" pin="1"/><net_sink comp="1518" pin=1"/></net>

<net id="1528"><net_src comp="1518" pin="2"/><net_sink comp="1524" pin=0"/></net>

<net id="1529"><net_src comp="992" pin="1"/><net_sink comp="1524" pin=1"/></net>

<net id="1534"><net_src comp="1524" pin="2"/><net_sink comp="1530" pin=0"/></net>

<net id="1535"><net_src comp="1004" pin="1"/><net_sink comp="1530" pin=1"/></net>

<net id="1540"><net_src comp="1530" pin="2"/><net_sink comp="1536" pin=0"/></net>

<net id="1541"><net_src comp="1016" pin="1"/><net_sink comp="1536" pin=1"/></net>

<net id="1546"><net_src comp="1536" pin="2"/><net_sink comp="1542" pin=0"/></net>

<net id="1547"><net_src comp="1028" pin="1"/><net_sink comp="1542" pin=1"/></net>

<net id="1552"><net_src comp="1542" pin="2"/><net_sink comp="1548" pin=0"/></net>

<net id="1553"><net_src comp="1040" pin="1"/><net_sink comp="1548" pin=1"/></net>

<net id="1558"><net_src comp="1548" pin="2"/><net_sink comp="1554" pin=0"/></net>

<net id="1559"><net_src comp="1052" pin="1"/><net_sink comp="1554" pin=1"/></net>

<net id="1564"><net_src comp="1554" pin="2"/><net_sink comp="1560" pin=0"/></net>

<net id="1565"><net_src comp="1064" pin="1"/><net_sink comp="1560" pin=1"/></net>

<net id="1570"><net_src comp="1560" pin="2"/><net_sink comp="1566" pin=0"/></net>

<net id="1571"><net_src comp="1076" pin="1"/><net_sink comp="1566" pin=1"/></net>

<net id="1576"><net_src comp="1566" pin="2"/><net_sink comp="1572" pin=0"/></net>

<net id="1577"><net_src comp="1088" pin="1"/><net_sink comp="1572" pin=1"/></net>

<net id="1582"><net_src comp="1572" pin="2"/><net_sink comp="1578" pin=0"/></net>

<net id="1583"><net_src comp="1100" pin="1"/><net_sink comp="1578" pin=1"/></net>

<net id="1588"><net_src comp="1578" pin="2"/><net_sink comp="1584" pin=0"/></net>

<net id="1589"><net_src comp="1112" pin="1"/><net_sink comp="1584" pin=1"/></net>

<net id="1594"><net_src comp="1584" pin="2"/><net_sink comp="1590" pin=0"/></net>

<net id="1595"><net_src comp="1124" pin="1"/><net_sink comp="1590" pin=1"/></net>

<net id="1600"><net_src comp="1590" pin="2"/><net_sink comp="1596" pin=0"/></net>

<net id="1601"><net_src comp="1136" pin="1"/><net_sink comp="1596" pin=1"/></net>

<net id="1606"><net_src comp="1596" pin="2"/><net_sink comp="1602" pin=0"/></net>

<net id="1607"><net_src comp="1148" pin="1"/><net_sink comp="1602" pin=1"/></net>

<net id="1612"><net_src comp="1602" pin="2"/><net_sink comp="1608" pin=0"/></net>

<net id="1613"><net_src comp="1160" pin="1"/><net_sink comp="1608" pin=1"/></net>

<net id="1618"><net_src comp="1608" pin="2"/><net_sink comp="1614" pin=0"/></net>

<net id="1619"><net_src comp="1172" pin="1"/><net_sink comp="1614" pin=1"/></net>

<net id="1624"><net_src comp="1614" pin="2"/><net_sink comp="1620" pin=0"/></net>

<net id="1625"><net_src comp="1184" pin="1"/><net_sink comp="1620" pin=1"/></net>

<net id="1630"><net_src comp="1620" pin="2"/><net_sink comp="1626" pin=0"/></net>

<net id="1631"><net_src comp="1196" pin="1"/><net_sink comp="1626" pin=1"/></net>

<net id="1636"><net_src comp="1626" pin="2"/><net_sink comp="1632" pin=0"/></net>

<net id="1637"><net_src comp="1208" pin="1"/><net_sink comp="1632" pin=1"/></net>

<net id="1642"><net_src comp="1632" pin="2"/><net_sink comp="1638" pin=0"/></net>

<net id="1643"><net_src comp="1220" pin="1"/><net_sink comp="1638" pin=1"/></net>

<net id="1648"><net_src comp="1638" pin="2"/><net_sink comp="1644" pin=0"/></net>

<net id="1649"><net_src comp="1232" pin="1"/><net_sink comp="1644" pin=1"/></net>

<net id="1654"><net_src comp="1644" pin="2"/><net_sink comp="1650" pin=0"/></net>

<net id="1655"><net_src comp="1244" pin="1"/><net_sink comp="1650" pin=1"/></net>

<net id="1660"><net_src comp="1650" pin="2"/><net_sink comp="1656" pin=0"/></net>

<net id="1661"><net_src comp="1256" pin="1"/><net_sink comp="1656" pin=1"/></net>

<net id="1666"><net_src comp="1656" pin="2"/><net_sink comp="1662" pin=0"/></net>

<net id="1667"><net_src comp="1268" pin="1"/><net_sink comp="1662" pin=1"/></net>

<net id="1672"><net_src comp="1662" pin="2"/><net_sink comp="1668" pin=0"/></net>

<net id="1673"><net_src comp="1280" pin="1"/><net_sink comp="1668" pin=1"/></net>

<net id="1678"><net_src comp="1668" pin="2"/><net_sink comp="1674" pin=0"/></net>

<net id="1679"><net_src comp="1292" pin="1"/><net_sink comp="1674" pin=1"/></net>

</net_list>

</model> 
---------------- Datapath Model END ------------------

* FSMD analyzer results:
  - Output states:
 - Input state : 
	Port: concatenate1d<ap_ufixed,ap_ufixed,ap_fixed<16,6,5,3,0>,config13> : data1_0_val | {1 }
	Port: concatenate1d<ap_ufixed,ap_ufixed,ap_fixed<16,6,5,3,0>,config13> : data1_1_val | {1 }
	Port: concatenate1d<ap_ufixed,ap_ufixed,ap_fixed<16,6,5,3,0>,config13> : data1_2_val | {1 }
	Port: concatenate1d<ap_ufixed,ap_ufixed,ap_fixed<16,6,5,3,0>,config13> : data1_3_val | {1 }
	Port: concatenate1d<ap_ufixed,ap_ufixed,ap_fixed<16,6,5,3,0>,config13> : data1_4_val | {1 }
	Port: concatenate1d<ap_ufixed,ap_ufixed,ap_fixed<16,6,5,3,0>,config13> : data1_5_val | {1 }
	Port: concatenate1d<ap_ufixed,ap_ufixed,ap_fixed<16,6,5,3,0>,config13> : data1_6_val | {1 }
	Port: concatenate1d<ap_ufixed,ap_ufixed,ap_fixed<16,6,5,3,0>,config13> : data1_7_val | {1 }
	Port: concatenate1d<ap_ufixed,ap_ufixed,ap_fixed<16,6,5,3,0>,config13> : data1_8_val | {1 }
	Port: concatenate1d<ap_ufixed,ap_ufixed,ap_fixed<16,6,5,3,0>,config13> : data1_9_val | {1 }
	Port: concatenate1d<ap_ufixed,ap_ufixed,ap_fixed<16,6,5,3,0>,config13> : data1_10_val | {1 }
	Port: concatenate1d<ap_ufixed,ap_ufixed,ap_fixed<16,6,5,3,0>,config13> : data1_11_val | {1 }
	Port: concatenate1d<ap_ufixed,ap_ufixed,ap_fixed<16,6,5,3,0>,config13> : data1_12_val | {1 }
	Port: concatenate1d<ap_ufixed,ap_ufixed,ap_fixed<16,6,5,3,0>,config13> : data1_13_val | {1 }
	Port: concatenate1d<ap_ufixed,ap_ufixed,ap_fixed<16,6,5,3,0>,config13> : data1_14_val | {1 }
	Port: concatenate1d<ap_ufixed,ap_ufixed,ap_fixed<16,6,5,3,0>,config13> : data1_15_val | {1 }
	Port: concatenate1d<ap_ufixed,ap_ufixed,ap_fixed<16,6,5,3,0>,config13> : data1_16_val | {1 }
	Port: concatenate1d<ap_ufixed,ap_ufixed,ap_fixed<16,6,5,3,0>,config13> : data1_17_val | {1 }
	Port: concatenate1d<ap_ufixed,ap_ufixed,ap_fixed<16,6,5,3,0>,config13> : data1_18_val | {1 }
	Port: concatenate1d<ap_ufixed,ap_ufixed,ap_fixed<16,6,5,3,0>,config13> : data1_19_val | {1 }
	Port: concatenate1d<ap_ufixed,ap_ufixed,ap_fixed<16,6,5,3,0>,config13> : data1_20_val | {1 }
	Port: concatenate1d<ap_ufixed,ap_ufixed,ap_fixed<16,6,5,3,0>,config13> : data1_21_val | {1 }
	Port: concatenate1d<ap_ufixed,ap_ufixed,ap_fixed<16,6,5,3,0>,config13> : data1_22_val | {1 }
	Port: concatenate1d<ap_ufixed,ap_ufixed,ap_fixed<16,6,5,3,0>,config13> : data1_23_val | {1 }
	Port: concatenate1d<ap_ufixed,ap_ufixed,ap_fixed<16,6,5,3,0>,config13> : data1_24_val | {1 }
	Port: concatenate1d<ap_ufixed,ap_ufixed,ap_fixed<16,6,5,3,0>,config13> : data1_25_val | {1 }
	Port: concatenate1d<ap_ufixed,ap_ufixed,ap_fixed<16,6,5,3,0>,config13> : data1_26_val | {1 }
	Port: concatenate1d<ap_ufixed,ap_ufixed,ap_fixed<16,6,5,3,0>,config13> : data1_27_val | {1 }
	Port: concatenate1d<ap_ufixed,ap_ufixed,ap_fixed<16,6,5,3,0>,config13> : data1_28_val | {1 }
	Port: concatenate1d<ap_ufixed,ap_ufixed,ap_fixed<16,6,5,3,0>,config13> : data1_29_val | {1 }
	Port: concatenate1d<ap_ufixed,ap_ufixed,ap_fixed<16,6,5,3,0>,config13> : data1_30_val | {1 }
	Port: concatenate1d<ap_ufixed,ap_ufixed,ap_fixed<16,6,5,3,0>,config13> : data1_31_val | {1 }
	Port: concatenate1d<ap_ufixed,ap_ufixed,ap_fixed<16,6,5,3,0>,config13> : data2_0_val | {1 }
	Port: concatenate1d<ap_ufixed,ap_ufixed,ap_fixed<16,6,5,3,0>,config13> : data2_1_val | {1 }
	Port: concatenate1d<ap_ufixed,ap_ufixed,ap_fixed<16,6,5,3,0>,config13> : data2_2_val | {1 }
	Port: concatenate1d<ap_ufixed,ap_ufixed,ap_fixed<16,6,5,3,0>,config13> : data2_3_val | {1 }
	Port: concatenate1d<ap_ufixed,ap_ufixed,ap_fixed<16,6,5,3,0>,config13> : data2_4_val | {1 }
	Port: concatenate1d<ap_ufixed,ap_ufixed,ap_fixed<16,6,5,3,0>,config13> : data2_5_val | {1 }
	Port: concatenate1d<ap_ufixed,ap_ufixed,ap_fixed<16,6,5,3,0>,config13> : data2_6_val | {1 }
	Port: concatenate1d<ap_ufixed,ap_ufixed,ap_fixed<16,6,5,3,0>,config13> : data2_7_val | {1 }
	Port: concatenate1d<ap_ufixed,ap_ufixed,ap_fixed<16,6,5,3,0>,config13> : data2_8_val | {1 }
	Port: concatenate1d<ap_ufixed,ap_ufixed,ap_fixed<16,6,5,3,0>,config13> : data2_9_val | {1 }
	Port: concatenate1d<ap_ufixed,ap_ufixed,ap_fixed<16,6,5,3,0>,config13> : data2_10_val | {1 }
	Port: concatenate1d<ap_ufixed,ap_ufixed,ap_fixed<16,6,5,3,0>,config13> : data2_11_val | {1 }
	Port: concatenate1d<ap_ufixed,ap_ufixed,ap_fixed<16,6,5,3,0>,config13> : data2_12_val | {1 }
	Port: concatenate1d<ap_ufixed,ap_ufixed,ap_fixed<16,6,5,3,0>,config13> : data2_13_val | {1 }
	Port: concatenate1d<ap_ufixed,ap_ufixed,ap_fixed<16,6,5,3,0>,config13> : data2_14_val | {1 }
	Port: concatenate1d<ap_ufixed,ap_ufixed,ap_fixed<16,6,5,3,0>,config13> : data2_15_val | {1 }
	Port: concatenate1d<ap_ufixed,ap_ufixed,ap_fixed<16,6,5,3,0>,config13> : data2_16_val | {1 }
	Port: concatenate1d<ap_ufixed,ap_ufixed,ap_fixed<16,6,5,3,0>,config13> : data2_17_val | {1 }
	Port: concatenate1d<ap_ufixed,ap_ufixed,ap_fixed<16,6,5,3,0>,config13> : data2_18_val | {1 }
	Port: concatenate1d<ap_ufixed,ap_ufixed,ap_fixed<16,6,5,3,0>,config13> : data2_19_val | {1 }
	Port: concatenate1d<ap_ufixed,ap_ufixed,ap_fixed<16,6,5,3,0>,config13> : data2_20_val | {1 }
	Port: concatenate1d<ap_ufixed,ap_ufixed,ap_fixed<16,6,5,3,0>,config13> : data2_21_val | {1 }
	Port: concatenate1d<ap_ufixed,ap_ufixed,ap_fixed<16,6,5,3,0>,config13> : data2_22_val | {1 }
	Port: concatenate1d<ap_ufixed,ap_ufixed,ap_fixed<16,6,5,3,0>,config13> : data2_23_val | {1 }
	Port: concatenate1d<ap_ufixed,ap_ufixed,ap_fixed<16,6,5,3,0>,config13> : data2_24_val | {1 }
	Port: concatenate1d<ap_ufixed,ap_ufixed,ap_fixed<16,6,5,3,0>,config13> : data2_25_val | {1 }
	Port: concatenate1d<ap_ufixed,ap_ufixed,ap_fixed<16,6,5,3,0>,config13> : data2_26_val | {1 }
	Port: concatenate1d<ap_ufixed,ap_ufixed,ap_fixed<16,6,5,3,0>,config13> : data2_27_val | {1 }
	Port: concatenate1d<ap_ufixed,ap_ufixed,ap_fixed<16,6,5,3,0>,config13> : data2_28_val | {1 }
	Port: concatenate1d<ap_ufixed,ap_ufixed,ap_fixed<16,6,5,3,0>,config13> : data2_29_val | {1 }
	Port: concatenate1d<ap_ufixed,ap_ufixed,ap_fixed<16,6,5,3,0>,config13> : data2_30_val | {1 }
	Port: concatenate1d<ap_ufixed,ap_ufixed,ap_fixed<16,6,5,3,0>,config13> : data2_31_val | {1 }
  - Chain level:
	State 1
		zext_ln120 : 1
		zext_ln120_1 : 1
		zext_ln120_2 : 1
		zext_ln120_3 : 1
		zext_ln120_4 : 1
		zext_ln120_5 : 1
		zext_ln120_6 : 1
		zext_ln120_7 : 1
		zext_ln120_8 : 1
		zext_ln120_9 : 1
		zext_ln120_10 : 1
		zext_ln120_11 : 1
		zext_ln120_12 : 1
		zext_ln120_13 : 1
		zext_ln120_14 : 1
		zext_ln120_15 : 1
		zext_ln120_16 : 1
		zext_ln120_17 : 1
		zext_ln120_18 : 1
		zext_ln120_19 : 1
		zext_ln120_20 : 1
		zext_ln120_21 : 1
		zext_ln120_22 : 1
		zext_ln120_23 : 1
		zext_ln120_24 : 1
		zext_ln120_25 : 1
		zext_ln120_26 : 1
		zext_ln120_27 : 1
		zext_ln120_28 : 1
		zext_ln120_29 : 1
		zext_ln120_30 : 1
		zext_ln123 : 1
		zext_ln123_1 : 1
		zext_ln123_2 : 1
		zext_ln123_3 : 1
		zext_ln123_4 : 1
		zext_ln123_5 : 1
		zext_ln123_6 : 1
		zext_ln123_7 : 1
		zext_ln123_8 : 1
		zext_ln123_9 : 1
		zext_ln123_10 : 1
		zext_ln123_11 : 1
		zext_ln123_12 : 1
		zext_ln123_13 : 1
		zext_ln123_14 : 1
		zext_ln123_15 : 1
		zext_ln123_16 : 1
		zext_ln123_17 : 1
		zext_ln123_18 : 1
		zext_ln123_19 : 1
		zext_ln123_20 : 1
		zext_ln123_21 : 1
		zext_ln123_22 : 1
		zext_ln123_23 : 1
		zext_ln123_24 : 1
		zext_ln123_25 : 1
		zext_ln123_26 : 1
		zext_ln123_27 : 1
		zext_ln123_28 : 1
		zext_ln123_29 : 1
		zext_ln123_30 : 1
		zext_ln123_31 : 1
		zext_ln125 : 1
		mrv : 2
		mrv_1 : 3
		mrv_2 : 4
		mrv_3 : 5
		mrv_4 : 6
		mrv_5 : 7
		mrv_6 : 8
		mrv_7 : 9
		mrv_8 : 10
		mrv_9 : 11
		mrv_10 : 12
		mrv_11 : 13
		mrv_12 : 14
		mrv_13 : 15
		mrv_14 : 16
		mrv_15 : 17
		mrv_16 : 18
		mrv_17 : 19
		mrv_18 : 20
		mrv_19 : 21
		mrv_20 : 22
		mrv_21 : 23
		mrv_22 : 24
		mrv_23 : 25
		mrv_24 : 26
		mrv_25 : 27
		mrv_26 : 28
		mrv_27 : 29
		mrv_28 : 30
		mrv_29 : 31
		mrv_30 : 32
		mrv_31 : 33
		mrv_32 : 34
		mrv_33 : 35
		mrv_34 : 36
		mrv_35 : 37
		mrv_36 : 38
		mrv_37 : 39
		mrv_38 : 40
		mrv_39 : 41
		mrv_40 : 42
		mrv_41 : 43
		mrv_42 : 44
		mrv_43 : 45
		mrv_44 : 46
		mrv_45 : 47
		mrv_46 : 48
		mrv_47 : 49
		mrv_48 : 50
		mrv_49 : 51
		mrv_50 : 52
		mrv_51 : 53
		mrv_52 : 54
		mrv_53 : 55
		mrv_54 : 56
		mrv_55 : 57
		mrv_56 : 58
		mrv_57 : 59
		mrv_58 : 60
		mrv_59 : 61
		mrv_60 : 62
		mrv_61 : 63
		mrv_62 : 64
		mrv_63 : 65
		ret_ln125 : 66


============================================================
+ Verbose Summary: Datapath Resource usage 
============================================================

* Functional unit list:
|----------|-------------------------------|
| Operation|        Functional Unit        |
|----------|-------------------------------|
|          | data2_31_val_read_read_fu_144 |
|          | data2_30_val_read_read_fu_150 |
|          | data2_29_val_read_read_fu_156 |
|          | data2_28_val_read_read_fu_162 |
|          | data2_27_val_read_read_fu_168 |
|          | data2_26_val_read_read_fu_174 |
|          | data2_25_val_read_read_fu_180 |
|          | data2_24_val_read_read_fu_186 |
|          | data2_23_val_read_read_fu_192 |
|          | data2_22_val_read_read_fu_198 |
|          | data2_21_val_read_read_fu_204 |
|          | data2_20_val_read_read_fu_210 |
|          | data2_19_val_read_read_fu_216 |
|          | data2_18_val_read_read_fu_222 |
|          | data2_17_val_read_read_fu_228 |
|          | data2_16_val_read_read_fu_234 |
|          | data2_15_val_read_read_fu_240 |
|          | data2_14_val_read_read_fu_246 |
|          | data2_13_val_read_read_fu_252 |
|          | data2_12_val_read_read_fu_258 |
|          | data2_11_val_read_read_fu_264 |
|          | data2_10_val_read_read_fu_270 |
|          |  data2_9_val_read_read_fu_276 |
|          |  data2_8_val_read_read_fu_282 |
|          |  data2_7_val_read_read_fu_288 |
|          |  data2_6_val_read_read_fu_294 |
|          |  data2_5_val_read_read_fu_300 |
|          |  data2_4_val_read_read_fu_306 |
|          |  data2_3_val_read_read_fu_312 |
|          |  data2_2_val_read_read_fu_318 |
|          |  data2_1_val_read_read_fu_324 |
|   read   |  data2_0_val_read_read_fu_330 |
|          | data1_31_val_read_read_fu_336 |
|          | data1_30_val_read_read_fu_342 |
|          | data1_29_val_read_read_fu_348 |
|          | data1_28_val_read_read_fu_354 |
|          | data1_27_val_read_read_fu_360 |
|          | data1_26_val_read_read_fu_366 |
|          | data1_25_val_read_read_fu_372 |
|          | data1_24_val_read_read_fu_378 |
|          | data1_23_val_read_read_fu_384 |
|          | data1_22_val_read_read_fu_390 |
|          | data1_21_val_read_read_fu_396 |
|          | data1_20_val_read_read_fu_402 |
|          | data1_19_val_read_read_fu_408 |
|          | data1_18_val_read_read_fu_414 |
|          | data1_17_val_read_read_fu_420 |
|          | data1_16_val_read_read_fu_426 |
|          | data1_15_val_read_read_fu_432 |
|          | data1_14_val_read_read_fu_438 |
|          | data1_13_val_read_read_fu_444 |
|          | data1_12_val_read_read_fu_450 |
|          | data1_11_val_read_read_fu_456 |
|          | data1_10_val_read_read_fu_462 |
|          |  data1_9_val_read_read_fu_468 |
|          |  data1_8_val_read_read_fu_474 |
|          |  data1_7_val_read_read_fu_480 |
|          |  data1_6_val_read_read_fu_486 |
|          |  data1_5_val_read_read_fu_492 |
|          |  data1_4_val_read_read_fu_498 |
|          |  data1_3_val_read_read_fu_504 |
|          |  data1_2_val_read_read_fu_510 |
|          |  data1_1_val_read_read_fu_516 |
|          |  data1_0_val_read_read_fu_522 |
|----------|-------------------------------|
|          |         shl_ln_fu_528         |
|          |       shl_ln120_1_fu_540      |
|          |       shl_ln120_2_fu_552      |
|          |       shl_ln120_3_fu_564      |
|          |       shl_ln120_4_fu_576      |
|          |       shl_ln120_5_fu_588      |
|          |       shl_ln120_6_fu_600      |
|          |       shl_ln120_7_fu_612      |
|          |       shl_ln120_8_fu_624      |
|          |       shl_ln120_9_fu_636      |
|          |       shl_ln120_s_fu_648      |
|          |      shl_ln120_10_fu_660      |
|          |      shl_ln120_11_fu_672      |
|          |      shl_ln120_12_fu_684      |
|          |      shl_ln120_13_fu_696      |
|          |      shl_ln120_14_fu_708      |
|          |      shl_ln120_15_fu_720      |
|          |      shl_ln120_16_fu_732      |
|          |      shl_ln120_17_fu_744      |
|          |      shl_ln120_18_fu_756      |
|          |      shl_ln120_19_fu_768      |
|          |      shl_ln120_20_fu_780      |
|          |      shl_ln120_21_fu_792      |
|          |      shl_ln120_22_fu_804      |
|          |      shl_ln120_23_fu_816      |
|          |      shl_ln120_24_fu_828      |
|          |      shl_ln120_25_fu_840      |
|          |      shl_ln120_26_fu_852      |
|          |      shl_ln120_27_fu_864      |
|          |      shl_ln120_28_fu_876      |
|          |      shl_ln120_29_fu_888      |
|bitconcatenate|      shl_ln120_30_fu_900      |
|          |         shl_ln2_fu_912        |
|          |       shl_ln123_1_fu_924      |
|          |       shl_ln123_2_fu_936      |
|          |       shl_ln123_3_fu_948      |
|          |       shl_ln123_4_fu_960      |
|          |       shl_ln123_5_fu_972      |
|          |       shl_ln123_6_fu_984      |
|          |       shl_ln123_7_fu_996      |
|          |      shl_ln123_8_fu_1008      |
|          |      shl_ln123_9_fu_1020      |
|          |      shl_ln123_s_fu_1032      |
|          |      shl_ln123_10_fu_1044     |
|          |      shl_ln123_11_fu_1056     |
|          |      shl_ln123_12_fu_1068     |
|          |      shl_ln123_13_fu_1080     |
|          |      shl_ln123_14_fu_1092     |
|          |      shl_ln123_15_fu_1104     |
|          |      shl_ln123_16_fu_1116     |
|          |      shl_ln123_17_fu_1128     |
|          |      shl_ln123_18_fu_1140     |
|          |      shl_ln123_19_fu_1152     |
|          |      shl_ln123_20_fu_1164     |
|          |      shl_ln123_21_fu_1176     |
|          |      shl_ln123_22_fu_1188     |
|          |      shl_ln123_23_fu_1200     |
|          |      shl_ln123_24_fu_1212     |
|          |      shl_ln123_25_fu_1224     |
|          |      shl_ln123_26_fu_1236     |
|          |      shl_ln123_27_fu_1248     |
|          |      shl_ln123_28_fu_1260     |
|          |      shl_ln123_29_fu_1272     |
|          |      shl_ln123_30_fu_1284     |
|----------|-------------------------------|
|          |       zext_ln120_fu_536       |
|          |      zext_ln120_1_fu_548      |
|          |      zext_ln120_2_fu_560      |
|          |      zext_ln120_3_fu_572      |
|          |      zext_ln120_4_fu_584      |
|          |      zext_ln120_5_fu_596      |
|          |      zext_ln120_6_fu_608      |
|          |      zext_ln120_7_fu_620      |
|          |      zext_ln120_8_fu_632      |
|          |      zext_ln120_9_fu_644      |
|          |      zext_ln120_10_fu_656     |
|          |      zext_ln120_11_fu_668     |
|          |      zext_ln120_12_fu_680     |
|          |      zext_ln120_13_fu_692     |
|          |      zext_ln120_14_fu_704     |
|          |      zext_ln120_15_fu_716     |
|          |      zext_ln120_16_fu_728     |
|          |      zext_ln120_17_fu_740     |
|          |      zext_ln120_18_fu_752     |
|          |      zext_ln120_19_fu_764     |
|          |      zext_ln120_20_fu_776     |
|          |      zext_ln120_21_fu_788     |
|          |      zext_ln120_22_fu_800     |
|          |      zext_ln120_23_fu_812     |
|          |      zext_ln120_24_fu_824     |
|          |      zext_ln120_25_fu_836     |
|          |      zext_ln120_26_fu_848     |
|          |      zext_ln120_27_fu_860     |
|          |      zext_ln120_28_fu_872     |
|          |      zext_ln120_29_fu_884     |
|          |      zext_ln120_30_fu_896     |
|   zext   |       zext_ln123_fu_908       |
|          |      zext_ln123_1_fu_920      |
|          |      zext_ln123_2_fu_932      |
|          |      zext_ln123_3_fu_944      |
|          |      zext_ln123_4_fu_956      |
|          |      zext_ln123_5_fu_968      |
|          |      zext_ln123_6_fu_980      |
|          |      zext_ln123_7_fu_992      |
|          |      zext_ln123_8_fu_1004     |
|          |      zext_ln123_9_fu_1016     |
|          |     zext_ln123_10_fu_1028     |
|          |     zext_ln123_11_fu_1040     |
|          |     zext_ln123_12_fu_1052     |
|          |     zext_ln123_13_fu_1064     |
|          |     zext_ln123_14_fu_1076     |
|          |     zext_ln123_15_fu_1088     |
|          |     zext_ln123_16_fu_1100     |
|          |     zext_ln123_17_fu_1112     |
|          |     zext_ln123_18_fu_1124     |
|          |     zext_ln123_19_fu_1136     |
|          |     zext_ln123_20_fu_1148     |
|          |     zext_ln123_21_fu_1160     |
|          |     zext_ln123_22_fu_1172     |
|          |     zext_ln123_23_fu_1184     |
|          |     zext_ln123_24_fu_1196     |
|          |     zext_ln123_25_fu_1208     |
|          |     zext_ln123_26_fu_1220     |
|          |     zext_ln123_27_fu_1232     |
|          |     zext_ln123_28_fu_1244     |
|          |     zext_ln123_29_fu_1256     |
|          |     zext_ln123_30_fu_1268     |
|          |     zext_ln123_31_fu_1280     |
|          |       zext_ln125_fu_1292      |
|----------|-------------------------------|
|          |          mrv_fu_1296          |
|          |         mrv_1_fu_1302         |
|          |         mrv_2_fu_1308         |
|          |         mrv_3_fu_1314         |
|          |         mrv_4_fu_1320         |
|          |         mrv_5_fu_1326         |
|          |         mrv_6_fu_1332         |
|          |         mrv_7_fu_1338         |
|          |         mrv_8_fu_1344         |
|          |         mrv_9_fu_1350         |
|          |         mrv_10_fu_1356        |
|          |         mrv_11_fu_1362        |
|          |         mrv_12_fu_1368        |
|          |         mrv_13_fu_1374        |
|          |         mrv_14_fu_1380        |
|          |         mrv_15_fu_1386        |
|          |         mrv_16_fu_1392        |
|          |         mrv_17_fu_1398        |
|          |         mrv_18_fu_1404        |
|          |         mrv_19_fu_1410        |
|          |         mrv_20_fu_1416        |
|          |         mrv_21_fu_1422        |
|          |         mrv_22_fu_1428        |
|          |         mrv_23_fu_1434        |
|          |         mrv_24_fu_1440        |
|          |         mrv_25_fu_1446        |
|          |         mrv_26_fu_1452        |
|          |         mrv_27_fu_1458        |
|          |         mrv_28_fu_1464        |
|          |         mrv_29_fu_1470        |
|          |         mrv_30_fu_1476        |
|insertvalue|         mrv_31_fu_1482        |
|          |         mrv_32_fu_1488        |
|          |         mrv_33_fu_1494        |
|          |         mrv_34_fu_1500        |
|          |         mrv_35_fu_1506        |
|          |         mrv_36_fu_1512        |
|          |         mrv_37_fu_1518        |
|          |         mrv_38_fu_1524        |
|          |         mrv_39_fu_1530        |
|          |         mrv_40_fu_1536        |
|          |         mrv_41_fu_1542        |
|          |         mrv_42_fu_1548        |
|          |         mrv_43_fu_1554        |
|          |         mrv_44_fu_1560        |
|          |         mrv_45_fu_1566        |
|          |         mrv_46_fu_1572        |
|          |         mrv_47_fu_1578        |
|          |         mrv_48_fu_1584        |
|          |         mrv_49_fu_1590        |
|          |         mrv_50_fu_1596        |
|          |         mrv_51_fu_1602        |
|          |         mrv_52_fu_1608        |
|          |         mrv_53_fu_1614        |
|          |         mrv_54_fu_1620        |
|          |         mrv_55_fu_1626        |
|          |         mrv_56_fu_1632        |
|          |         mrv_57_fu_1638        |
|          |         mrv_58_fu_1644        |
|          |         mrv_59_fu_1650        |
|          |         mrv_60_fu_1656        |
|          |         mrv_61_fu_1662        |
|          |         mrv_62_fu_1668        |
|          |         mrv_63_fu_1674        |
|----------|-------------------------------|
|   Total  |                               |
|----------|-------------------------------|

Memories:
N/A

* Register list:
N/A

* Multiplexer (MUX) list: 
|--------|------|------|------|--------|
|  Comp  |  Pin | Size |  BW  | S x BW |
|--------|------|------|------|--------|
|  Total |      |      |      |    0   |
|--------|------|------|------|--------|



* Summary:
+-----------+
|           |
+-----------+
|  Function |
|   Memory  |
|Multiplexer|
|  Register |
+-----------+
|   Total   |
+-----------+
