

================================================================
== Vitis HLS Report for 'dense_latency_ap_fixed_16_6_5_3_0_ap_fixed_16_6_5_3_0_config7_s'
================================================================
* Date:           Mon Oct 27 14:27:02 2025

* Version:        2024.1 (Build 5069499 on May 21 2024)
* Project:        myproject_prj
* Solution:       solution1 (Vivado IP Flow Target)
* Product family: zynq
* Target device:  xc7z020-clg400-1


================================================================
== Performance Estimates
================================================================
+ Timing: 
    * Summary: 
    +--------+---------+----------+------------+
    |  Clock |  Target | Estimated| Uncertainty|
    +--------+---------+----------+------------+
    |ap_clk  |  5.00 ns|  4.302 ns|     0.62 ns|
    +--------+---------+----------+------------+

+ Latency: 
    * Summary: 
    +---------+---------+-----------+-----------+-----+-----+---------+
    |  Latency (cycles) |   Latency (absolute)  |  Interval | Pipeline|
    |   min   |   max   |    min    |    max    | min | max |   Type  |
    +---------+---------+-----------+-----------+-----+-----+---------+
    |        3|        3|  15.000 ns|  15.000 ns|    1|    1|      yes|
    +---------+---------+-----------+-----------+-----+-----+---------+

    + Detail: 
        * Instance: 
        N/A

        * Loop: 
        N/A

============================================================
+ Verbose Summary: Synthesis Manager
============================================================
InlineROM: 1
ExposeGlobal: 0
============================================================
+ Verbose Summary: CDFG Model
============================================================
IsTopModel: 0
ResetActiveHigh: 1
IsCombinational: 0
IsDatapathOnly: 0
HasWiredReturn: 1
HasMFsm: 2
HasVarLatency: 0
IsPipeline: 1
IsRtlPipelined: 1
IsInstanceOverlapped: 0
IsDontTouch: 0
HasImplIP: 0
IsGatedGlobalClock: 0

+ Individual pipeline summary: 
  * Pipeline-0: initiation interval (II) = 1, depth = 4


============================================================
+ Verbose Summary: Schedule
============================================================
* Number of FSM states : 4
* Pipeline : 1
  Pipeline-0 : II = 1, D = 4, States = { 1 2 3 4 }
* Dataflow Pipeline: 0

* FSM state transitions: 
1 --> 2 
2 --> 3 
3 --> 4 
4 --> 

* FSM state operations: 

State 1 <SV = 0> <Delay = 4.30>
ST_1 : Operation 5 [1/1] (0.00ns)   --->   "%data_21_val_read = read i16 @_ssdm_op_Read.ap_auto.i16, i16 %data_21_val" [firmware/nnet_utils/nnet_mult.h:70->firmware/nnet_utils/nnet_dense_latency.h:42]   --->   Operation 5 'read' 'data_21_val_read' <Predicate = true> <Delay = 0.00>
ST_1 : Operation 6 [1/1] (0.00ns)   --->   "%data_20_val_read = read i16 @_ssdm_op_Read.ap_auto.i16, i16 %data_20_val" [firmware/nnet_utils/nnet_mult.h:70->firmware/nnet_utils/nnet_dense_latency.h:42]   --->   Operation 6 'read' 'data_20_val_read' <Predicate = true> <Delay = 0.00>
ST_1 : Operation 7 [1/1] (0.00ns)   --->   "%data_19_val_read = read i16 @_ssdm_op_Read.ap_auto.i16, i16 %data_19_val" [firmware/nnet_utils/nnet_mult.h:70->firmware/nnet_utils/nnet_dense_latency.h:42]   --->   Operation 7 'read' 'data_19_val_read' <Predicate = true> <Delay = 0.00>
ST_1 : Operation 8 [1/1] (0.00ns)   --->   "%data_18_val_read = read i16 @_ssdm_op_Read.ap_auto.i16, i16 %data_18_val" [firmware/nnet_utils/nnet_mult.h:70->firmware/nnet_utils/nnet_dense_latency.h:42]   --->   Operation 8 'read' 'data_18_val_read' <Predicate = true> <Delay = 0.00>
ST_1 : Operation 9 [1/1] (0.00ns)   --->   "%data_17_val_read = read i16 @_ssdm_op_Read.ap_auto.i16, i16 %data_17_val" [firmware/nnet_utils/nnet_mult.h:70->firmware/nnet_utils/nnet_dense_latency.h:42]   --->   Operation 9 'read' 'data_17_val_read' <Predicate = true> <Delay = 0.00>
ST_1 : Operation 10 [1/1] (0.00ns)   --->   "%data_16_val_read = read i16 @_ssdm_op_Read.ap_auto.i16, i16 %data_16_val" [firmware/nnet_utils/nnet_mult.h:70->firmware/nnet_utils/nnet_dense_latency.h:42]   --->   Operation 10 'read' 'data_16_val_read' <Predicate = true> <Delay = 0.00>
ST_1 : Operation 11 [1/1] (0.00ns)   --->   "%data_15_val_read = read i16 @_ssdm_op_Read.ap_auto.i16, i16 %data_15_val" [firmware/nnet_utils/nnet_mult.h:70->firmware/nnet_utils/nnet_dense_latency.h:42]   --->   Operation 11 'read' 'data_15_val_read' <Predicate = true> <Delay = 0.00>
ST_1 : Operation 12 [1/1] (0.00ns)   --->   "%data_14_val_read = read i16 @_ssdm_op_Read.ap_auto.i16, i16 %data_14_val" [firmware/nnet_utils/nnet_mult.h:70->firmware/nnet_utils/nnet_dense_latency.h:42]   --->   Operation 12 'read' 'data_14_val_read' <Predicate = true> <Delay = 0.00>
ST_1 : Operation 13 [1/1] (0.00ns)   --->   "%data_13_val_read = read i16 @_ssdm_op_Read.ap_auto.i16, i16 %data_13_val" [firmware/nnet_utils/nnet_mult.h:70->firmware/nnet_utils/nnet_dense_latency.h:42]   --->   Operation 13 'read' 'data_13_val_read' <Predicate = true> <Delay = 0.00>
ST_1 : Operation 14 [1/1] (0.00ns)   --->   "%data_12_val_read = read i16 @_ssdm_op_Read.ap_auto.i16, i16 %data_12_val" [firmware/nnet_utils/nnet_mult.h:70->firmware/nnet_utils/nnet_dense_latency.h:42]   --->   Operation 14 'read' 'data_12_val_read' <Predicate = true> <Delay = 0.00>
ST_1 : Operation 15 [1/1] (0.00ns)   --->   "%data_11_val_read = read i16 @_ssdm_op_Read.ap_auto.i16, i16 %data_11_val" [firmware/nnet_utils/nnet_mult.h:70->firmware/nnet_utils/nnet_dense_latency.h:42]   --->   Operation 15 'read' 'data_11_val_read' <Predicate = true> <Delay = 0.00>
ST_1 : Operation 16 [1/1] (0.00ns)   --->   "%data_10_val_read = read i16 @_ssdm_op_Read.ap_auto.i16, i16 %data_10_val" [firmware/nnet_utils/nnet_mult.h:70->firmware/nnet_utils/nnet_dense_latency.h:42]   --->   Operation 16 'read' 'data_10_val_read' <Predicate = true> <Delay = 0.00>
ST_1 : Operation 17 [1/1] (0.00ns)   --->   "%data_9_val_read = read i16 @_ssdm_op_Read.ap_auto.i16, i16 %data_9_val" [firmware/nnet_utils/nnet_mult.h:70->firmware/nnet_utils/nnet_dense_latency.h:42]   --->   Operation 17 'read' 'data_9_val_read' <Predicate = true> <Delay = 0.00>
ST_1 : Operation 18 [1/1] (0.00ns)   --->   "%data_8_val_read = read i16 @_ssdm_op_Read.ap_auto.i16, i16 %data_8_val" [firmware/nnet_utils/nnet_mult.h:70->firmware/nnet_utils/nnet_dense_latency.h:42]   --->   Operation 18 'read' 'data_8_val_read' <Predicate = true> <Delay = 0.00>
ST_1 : Operation 19 [1/1] (0.00ns)   --->   "%data_7_val_read = read i16 @_ssdm_op_Read.ap_auto.i16, i16 %data_7_val" [firmware/nnet_utils/nnet_mult.h:70->firmware/nnet_utils/nnet_dense_latency.h:42]   --->   Operation 19 'read' 'data_7_val_read' <Predicate = true> <Delay = 0.00>
ST_1 : Operation 20 [1/1] (0.00ns)   --->   "%data_6_val_read = read i16 @_ssdm_op_Read.ap_auto.i16, i16 %data_6_val" [firmware/nnet_utils/nnet_mult.h:70->firmware/nnet_utils/nnet_dense_latency.h:42]   --->   Operation 20 'read' 'data_6_val_read' <Predicate = true> <Delay = 0.00>
ST_1 : Operation 21 [1/1] (0.00ns)   --->   "%data_5_val_read = read i16 @_ssdm_op_Read.ap_auto.i16, i16 %data_5_val" [firmware/nnet_utils/nnet_mult.h:70->firmware/nnet_utils/nnet_dense_latency.h:42]   --->   Operation 21 'read' 'data_5_val_read' <Predicate = true> <Delay = 0.00>
ST_1 : Operation 22 [1/1] (0.00ns)   --->   "%data_4_val_read = read i16 @_ssdm_op_Read.ap_auto.i16, i16 %data_4_val" [firmware/nnet_utils/nnet_mult.h:70->firmware/nnet_utils/nnet_dense_latency.h:42]   --->   Operation 22 'read' 'data_4_val_read' <Predicate = true> <Delay = 0.00>
ST_1 : Operation 23 [1/1] (0.00ns)   --->   "%data_3_val_read = read i16 @_ssdm_op_Read.ap_auto.i16, i16 %data_3_val" [firmware/nnet_utils/nnet_mult.h:70->firmware/nnet_utils/nnet_dense_latency.h:42]   --->   Operation 23 'read' 'data_3_val_read' <Predicate = true> <Delay = 0.00>
ST_1 : Operation 24 [1/1] (0.00ns)   --->   "%data_2_val_read = read i16 @_ssdm_op_Read.ap_auto.i16, i16 %data_2_val" [firmware/nnet_utils/nnet_mult.h:70->firmware/nnet_utils/nnet_dense_latency.h:42]   --->   Operation 24 'read' 'data_2_val_read' <Predicate = true> <Delay = 0.00>
ST_1 : Operation 25 [1/1] (0.00ns)   --->   "%data_1_val_read = read i16 @_ssdm_op_Read.ap_auto.i16, i16 %data_1_val" [firmware/nnet_utils/nnet_mult.h:70->firmware/nnet_utils/nnet_dense_latency.h:42]   --->   Operation 25 'read' 'data_1_val_read' <Predicate = true> <Delay = 0.00>
ST_1 : Operation 26 [1/1] (0.00ns)   --->   "%data_0_val_read = read i16 @_ssdm_op_Read.ap_auto.i16, i16 %data_0_val" [firmware/nnet_utils/nnet_mult.h:70->firmware/nnet_utils/nnet_dense_latency.h:42]   --->   Operation 26 'read' 'data_0_val_read' <Predicate = true> <Delay = 0.00>
ST_1 : Operation 27 [1/1] (0.00ns)   --->   "%mult = partselect i15 @_ssdm_op_PartSelect.i15.i16.i32.i32, i16 %data_0_val_read, i32 1, i32 15" [firmware/nnet_utils/nnet_dense_latency.h:42]   --->   Operation 27 'partselect' 'mult' <Predicate = true> <Delay = 0.00>
ST_1 : Operation 28 [1/1] (0.00ns)   --->   "%mult_506 = partselect i14 @_ssdm_op_PartSelect.i14.i16.i32.i32, i16 %data_0_val_read, i32 2, i32 15" [firmware/nnet_utils/nnet_dense_latency.h:42]   --->   Operation 28 'partselect' 'mult_506' <Predicate = true> <Delay = 0.00>
ST_1 : Operation 29 [1/1] (0.00ns)   --->   "%mult_510 = partselect i13 @_ssdm_op_PartSelect.i13.i16.i32.i32, i16 %data_0_val_read, i32 3, i32 15" [firmware/nnet_utils/nnet_dense_latency.h:42]   --->   Operation 29 'partselect' 'mult_510' <Predicate = true> <Delay = 0.00>
ST_1 : Operation 30 [1/1] (0.00ns)   --->   "%sext_ln17_506 = sext i13 %mult_510" [firmware/nnet_utils/nnet_dense_latency.h:17]   --->   Operation 30 'sext' 'sext_ln17_506' <Predicate = true> <Delay = 0.00>
ST_1 : Operation 31 [1/1] (0.00ns)   --->   "%sext_ln73 = sext i16 %data_1_val_read" [firmware/nnet_utils/nnet_mult.h:73->firmware/nnet_utils/nnet_dense_latency.h:42]   --->   Operation 31 'sext' 'sext_ln73' <Predicate = true> <Delay = 0.00>
ST_1 : Operation 32 [1/1] (2.07ns)   --->   "%sub_ln73_209 = sub i17 0, i17 %sext_ln73" [firmware/nnet_utils/nnet_mult.h:73->firmware/nnet_utils/nnet_dense_latency.h:42]   --->   Operation 32 'sub' 'sub_ln73_209' <Predicate = true> <Delay = 2.07> <CoreInst = "Adder">   --->   Core 1 'Adder' <Latency = 0> <II = 1> <Delay = 2.07> <FuncUnit> <Opcode : 'add' 'sub'> <InPorts = 2> <OutPorts = 1>
ST_1 : Operation 33 [1/1] (0.00ns)   --->   "%mult_515 = partselect i14 @_ssdm_op_PartSelect.i14.i17.i32.i32, i17 %sub_ln73_209, i32 3, i32 16" [firmware/nnet_utils/nnet_dense_latency.h:42]   --->   Operation 33 'partselect' 'mult_515' <Predicate = true> <Delay = 0.00>
ST_1 : Operation 34 [1/1] (0.00ns)   --->   "%mult_519 = partselect i15 @_ssdm_op_PartSelect.i15.i16.i32.i32, i16 %data_1_val_read, i32 1, i32 15" [firmware/nnet_utils/nnet_dense_latency.h:42]   --->   Operation 34 'partselect' 'mult_519' <Predicate = true> <Delay = 0.00>
ST_1 : Operation 35 [1/1] (0.00ns)   --->   "%mult_520 = partselect i14 @_ssdm_op_PartSelect.i14.i16.i32.i32, i16 %data_1_val_read, i32 2, i32 15" [firmware/nnet_utils/nnet_dense_latency.h:42]   --->   Operation 35 'partselect' 'mult_520' <Predicate = true> <Delay = 0.00>
ST_1 : Operation 36 [1/1] (0.00ns)   --->   "%sext_ln42_81 = sext i14 %mult_520" [firmware/nnet_utils/nnet_dense_latency.h:42]   --->   Operation 36 'sext' 'sext_ln42_81' <Predicate = true> <Delay = 0.00>
ST_1 : Operation 37 [1/1] (0.00ns)   --->   "%mult_521 = partselect i13 @_ssdm_op_PartSelect.i13.i16.i32.i32, i16 %data_1_val_read, i32 3, i32 15" [firmware/nnet_utils/nnet_dense_latency.h:42]   --->   Operation 37 'partselect' 'mult_521' <Predicate = true> <Delay = 0.00>
ST_1 : Operation 38 [1/1] (0.00ns)   --->   "%sext_ln17_509 = sext i13 %mult_521" [firmware/nnet_utils/nnet_dense_latency.h:17]   --->   Operation 38 'sext' 'sext_ln17_509' <Predicate = true> <Delay = 0.00>
ST_1 : Operation 39 [1/1] (0.00ns)   --->   "%mult_522 = partselect i13 @_ssdm_op_PartSelect.i13.i16.i32.i32, i16 %data_2_val_read, i32 3, i32 15" [firmware/nnet_utils/nnet_dense_latency.h:42]   --->   Operation 39 'partselect' 'mult_522' <Predicate = true> <Delay = 0.00>
ST_1 : Operation 40 [1/1] (0.00ns)   --->   "%sext_ln17_510 = sext i13 %mult_522" [firmware/nnet_utils/nnet_dense_latency.h:17]   --->   Operation 40 'sext' 'sext_ln17_510' <Predicate = true> <Delay = 0.00>
ST_1 : Operation 41 [1/1] (0.00ns)   --->   "%sext_ln17_511 = sext i13 %mult_522" [firmware/nnet_utils/nnet_dense_latency.h:17]   --->   Operation 41 'sext' 'sext_ln17_511' <Predicate = true> <Delay = 0.00>
ST_1 : Operation 42 [1/1] (0.00ns)   --->   "%sext_ln42_82 = sext i16 %data_2_val_read" [firmware/nnet_utils/nnet_dense_latency.h:42]   --->   Operation 42 'sext' 'sext_ln42_82' <Predicate = true> <Delay = 0.00>
ST_1 : Operation 43 [1/1] (0.00ns)   --->   "%sext_ln42_84 = sext i16 %data_2_val_read" [firmware/nnet_utils/nnet_dense_latency.h:42]   --->   Operation 43 'sext' 'sext_ln42_84' <Predicate = true> <Delay = 0.00>
ST_1 : Operation 44 [1/1] (0.00ns)   --->   "%mult_523 = partselect i14 @_ssdm_op_PartSelect.i14.i16.i32.i32, i16 %data_2_val_read, i32 2, i32 15" [firmware/nnet_utils/nnet_dense_latency.h:42]   --->   Operation 44 'partselect' 'mult_523' <Predicate = true> <Delay = 0.00>
ST_1 : Operation 45 [1/1] (0.00ns)   --->   "%tmp_1945 = bitconcatenate i18 @_ssdm_op_BitConcatenate.i18.i16.i2, i16 %data_2_val_read, i2 0" [firmware/nnet_utils/nnet_mult.h:73->firmware/nnet_utils/nnet_dense_latency.h:42]   --->   Operation 45 'bitconcatenate' 'tmp_1945' <Predicate = true> <Delay = 0.00>
ST_1 : Operation 46 [1/1] (0.00ns)   --->   "%sext_ln73_153 = sext i18 %tmp_1945" [firmware/nnet_utils/nnet_mult.h:73->firmware/nnet_utils/nnet_dense_latency.h:42]   --->   Operation 46 'sext' 'sext_ln73_153' <Predicate = true> <Delay = 0.00>
ST_1 : Operation 47 [1/1] (2.07ns)   --->   "%sub_ln73_210 = sub i17 0, i17 %sext_ln42_84" [firmware/nnet_utils/nnet_mult.h:73->firmware/nnet_utils/nnet_dense_latency.h:42]   --->   Operation 47 'sub' 'sub_ln73_210' <Predicate = true> <Delay = 2.07> <CoreInst = "Adder">   --->   Core 1 'Adder' <Latency = 0> <II = 1> <Delay = 2.07> <FuncUnit> <Opcode : 'add' 'sub'> <InPorts = 2> <OutPorts = 1>
ST_1 : Operation 48 [1/1] (0.00ns)   --->   "%mult_526 = partselect i14 @_ssdm_op_PartSelect.i14.i17.i32.i32, i17 %sub_ln73_210, i32 3, i32 16" [firmware/nnet_utils/nnet_dense_latency.h:42]   --->   Operation 48 'partselect' 'mult_526' <Predicate = true> <Delay = 0.00>
ST_1 : Operation 49 [1/1] (2.13ns)   --->   "%sub_ln73_409 = sub i19 %sext_ln42_82, i19 %sext_ln73_153" [firmware/nnet_utils/nnet_mult.h:73->firmware/nnet_utils/nnet_dense_latency.h:42]   --->   Operation 49 'sub' 'sub_ln73_409' <Predicate = true> <Delay = 2.13> <CoreInst = "Adder">   --->   Core 1 'Adder' <Latency = 0> <II = 1> <Delay = 2.13> <FuncUnit> <Opcode : 'add' 'sub'> <InPorts = 2> <OutPorts = 1>
ST_1 : Operation 50 [1/1] (0.00ns)   --->   "%mult_528 = partselect i16 @_ssdm_op_PartSelect.i16.i19.i32.i32, i19 %sub_ln73_409, i32 3, i32 18" [firmware/nnet_utils/nnet_dense_latency.h:42]   --->   Operation 50 'partselect' 'mult_528' <Predicate = true> <Delay = 0.00>
ST_1 : Operation 51 [1/1] (0.00ns)   --->   "%mult_529 = partselect i15 @_ssdm_op_PartSelect.i15.i16.i32.i32, i16 %data_2_val_read, i32 1, i32 15" [firmware/nnet_utils/nnet_dense_latency.h:42]   --->   Operation 51 'partselect' 'mult_529' <Predicate = true> <Delay = 0.00>
ST_1 : Operation 52 [1/1] (0.00ns)   --->   "%tmp_1946 = bitconcatenate i17 @_ssdm_op_BitConcatenate.i17.i16.i1, i16 %data_2_val_read, i1 0" [firmware/nnet_utils/nnet_mult.h:73->firmware/nnet_utils/nnet_dense_latency.h:42]   --->   Operation 52 'bitconcatenate' 'tmp_1946' <Predicate = true> <Delay = 0.00>
ST_1 : Operation 53 [1/1] (0.00ns)   --->   "%sext_ln73_154 = sext i17 %tmp_1946" [firmware/nnet_utils/nnet_mult.h:73->firmware/nnet_utils/nnet_dense_latency.h:42]   --->   Operation 53 'sext' 'sext_ln73_154' <Predicate = true> <Delay = 0.00>
ST_1 : Operation 54 [1/1] (2.10ns)   --->   "%sub_ln73_410 = sub i18 0, i18 %sext_ln73_154" [firmware/nnet_utils/nnet_mult.h:73->firmware/nnet_utils/nnet_dense_latency.h:42]   --->   Operation 54 'sub' 'sub_ln73_410' <Predicate = true> <Delay = 2.10> <CoreInst = "Adder">   --->   Core 1 'Adder' <Latency = 0> <II = 1> <Delay = 2.10> <FuncUnit> <Opcode : 'add' 'sub'> <InPorts = 2> <OutPorts = 1>
ST_1 : Operation 55 [1/1] (0.00ns)   --->   "%mult_530 = partselect i15 @_ssdm_op_PartSelect.i15.i18.i32.i32, i18 %sub_ln73_410, i32 3, i32 17" [firmware/nnet_utils/nnet_dense_latency.h:42]   --->   Operation 55 'partselect' 'mult_530' <Predicate = true> <Delay = 0.00>
ST_1 : Operation 56 [1/1] (0.00ns)   --->   "%sext_ln73_27 = sext i16 %data_3_val_read" [firmware/nnet_utils/nnet_mult.h:73->firmware/nnet_utils/nnet_dense_latency.h:42]   --->   Operation 56 'sext' 'sext_ln73_27' <Predicate = true> <Delay = 0.00>
ST_1 : Operation 57 [1/1] (0.00ns)   --->   "%sext_ln73_28 = sext i16 %data_3_val_read" [firmware/nnet_utils/nnet_mult.h:73->firmware/nnet_utils/nnet_dense_latency.h:42]   --->   Operation 57 'sext' 'sext_ln73_28' <Predicate = true> <Delay = 0.00>
ST_1 : Operation 58 [1/1] (0.00ns)   --->   "%tmp_1947 = bitconcatenate i17 @_ssdm_op_BitConcatenate.i17.i16.i1, i16 %data_3_val_read, i1 0" [firmware/nnet_utils/nnet_mult.h:73->firmware/nnet_utils/nnet_dense_latency.h:42]   --->   Operation 58 'bitconcatenate' 'tmp_1947' <Predicate = true> <Delay = 0.00>
ST_1 : Operation 59 [1/1] (0.00ns)   --->   "%sext_ln73_155 = sext i17 %tmp_1947" [firmware/nnet_utils/nnet_mult.h:73->firmware/nnet_utils/nnet_dense_latency.h:42]   --->   Operation 59 'sext' 'sext_ln73_155' <Predicate = true> <Delay = 0.00>
ST_1 : Operation 60 [1/1] (2.10ns)   --->   "%sub_ln73_411 = sub i18 0, i18 %sext_ln73_155" [firmware/nnet_utils/nnet_mult.h:73->firmware/nnet_utils/nnet_dense_latency.h:42]   --->   Operation 60 'sub' 'sub_ln73_411' <Predicate = true> <Delay = 2.10> <CoreInst = "Adder">   --->   Core 1 'Adder' <Latency = 0> <II = 1> <Delay = 2.10> <FuncUnit> <Opcode : 'add' 'sub'> <InPorts = 2> <OutPorts = 1>
ST_1 : Operation 61 [1/1] (0.00ns)   --->   "%mult_531 = partselect i15 @_ssdm_op_PartSelect.i15.i18.i32.i32, i18 %sub_ln73_411, i32 3, i32 17" [firmware/nnet_utils/nnet_dense_latency.h:42]   --->   Operation 61 'partselect' 'mult_531' <Predicate = true> <Delay = 0.00>
ST_1 : Operation 62 [1/1] (0.00ns)   --->   "%mult_532 = partselect i15 @_ssdm_op_PartSelect.i15.i16.i32.i32, i16 %data_3_val_read, i32 1, i32 15" [firmware/nnet_utils/nnet_dense_latency.h:42]   --->   Operation 62 'partselect' 'mult_532' <Predicate = true> <Delay = 0.00>
ST_1 : Operation 63 [1/1] (0.00ns)   --->   "%tmp_1948 = bitconcatenate i18 @_ssdm_op_BitConcatenate.i18.i16.i2, i16 %data_3_val_read, i2 0" [firmware/nnet_utils/nnet_dense_latency.h:42]   --->   Operation 63 'bitconcatenate' 'tmp_1948' <Predicate = true> <Delay = 0.00>
ST_1 : Operation 64 [1/1] (0.00ns)   --->   "%sext_ln42_137 = sext i18 %tmp_1948" [firmware/nnet_utils/nnet_dense_latency.h:42]   --->   Operation 64 'sext' 'sext_ln42_137' <Predicate = true> <Delay = 0.00>
ST_1 : Operation 65 [1/1] (2.13ns)   --->   "%add_ln42_8 = add i19 %sext_ln42_137, i19 %sext_ln73_28" [firmware/nnet_utils/nnet_dense_latency.h:42]   --->   Operation 65 'add' 'add_ln42_8' <Predicate = true> <Delay = 2.13> <CoreInst = "Adder">   --->   Core 1 'Adder' <Latency = 0> <II = 1> <Delay = 2.13> <FuncUnit> <Opcode : 'add' 'sub'> <InPorts = 2> <OutPorts = 1>
ST_1 : Operation 66 [1/1] (0.00ns)   --->   "%mult_533 = partselect i16 @_ssdm_op_PartSelect.i16.i19.i32.i32, i19 %add_ln42_8, i32 3, i32 18" [firmware/nnet_utils/nnet_dense_latency.h:42]   --->   Operation 66 'partselect' 'mult_533' <Predicate = true> <Delay = 0.00>
ST_1 : Operation 67 [1/1] (2.13ns)   --->   "%sub_ln73_412 = sub i19 %sext_ln42_137, i19 %sext_ln73_28" [firmware/nnet_utils/nnet_mult.h:73->firmware/nnet_utils/nnet_dense_latency.h:42]   --->   Operation 67 'sub' 'sub_ln73_412' <Predicate = true> <Delay = 2.13> <CoreInst = "Adder">   --->   Core 1 'Adder' <Latency = 0> <II = 1> <Delay = 2.13> <FuncUnit> <Opcode : 'add' 'sub'> <InPorts = 2> <OutPorts = 1>
ST_1 : Operation 68 [1/1] (0.00ns)   --->   "%mult_534 = partselect i16 @_ssdm_op_PartSelect.i16.i19.i32.i32, i19 %sub_ln73_412, i32 3, i32 18" [firmware/nnet_utils/nnet_dense_latency.h:42]   --->   Operation 68 'partselect' 'mult_534' <Predicate = true> <Delay = 0.00>
ST_1 : Operation 69 [1/1] (2.13ns)   --->   "%sub_ln73_413 = sub i19 %sext_ln73_28, i19 %sext_ln42_137" [firmware/nnet_utils/nnet_mult.h:73->firmware/nnet_utils/nnet_dense_latency.h:42]   --->   Operation 69 'sub' 'sub_ln73_413' <Predicate = true> <Delay = 2.13> <CoreInst = "Adder">   --->   Core 1 'Adder' <Latency = 0> <II = 1> <Delay = 2.13> <FuncUnit> <Opcode : 'add' 'sub'> <InPorts = 2> <OutPorts = 1>
ST_1 : Operation 70 [1/1] (0.00ns)   --->   "%mult_535 = partselect i16 @_ssdm_op_PartSelect.i16.i19.i32.i32, i19 %sub_ln73_413, i32 3, i32 18" [firmware/nnet_utils/nnet_dense_latency.h:42]   --->   Operation 70 'partselect' 'mult_535' <Predicate = true> <Delay = 0.00>
ST_1 : Operation 71 [1/1] (2.07ns)   --->   "%sub_ln73_211 = sub i17 0, i17 %sext_ln73_27" [firmware/nnet_utils/nnet_mult.h:73->firmware/nnet_utils/nnet_dense_latency.h:42]   --->   Operation 71 'sub' 'sub_ln73_211' <Predicate = true> <Delay = 2.07> <CoreInst = "Adder">   --->   Core 1 'Adder' <Latency = 0> <II = 1> <Delay = 2.07> <FuncUnit> <Opcode : 'add' 'sub'> <InPorts = 2> <OutPorts = 1>
ST_1 : Operation 72 [1/1] (0.00ns)   --->   "%mult_536 = partselect i14 @_ssdm_op_PartSelect.i14.i17.i32.i32, i17 %sub_ln73_211, i32 3, i32 16" [firmware/nnet_utils/nnet_dense_latency.h:42]   --->   Operation 72 'partselect' 'mult_536' <Predicate = true> <Delay = 0.00>
ST_1 : Operation 73 [1/1] (2.13ns)   --->   "%sub_ln42_40 = sub i19 0, i19 %sext_ln42_137" [firmware/nnet_utils/nnet_dense_latency.h:42]   --->   Operation 73 'sub' 'sub_ln42_40' <Predicate = true> <Delay = 2.13> <CoreInst = "Adder">   --->   Core 1 'Adder' <Latency = 0> <II = 1> <Delay = 2.13> <FuncUnit> <Opcode : 'add' 'sub'> <InPorts = 2> <OutPorts = 1>
ST_1 : Operation 74 [1/1] (2.16ns)   --->   "%sub_ln42_41 = sub i19 %sub_ln42_40, i19 %sext_ln73_28" [firmware/nnet_utils/nnet_dense_latency.h:42]   --->   Operation 74 'sub' 'sub_ln42_41' <Predicate = true> <Delay = 2.16> <CoreInst = "Adder">   --->   Core 1 'Adder' <Latency = 0> <II = 1> <Delay = 2.16> <FuncUnit> <Opcode : 'add' 'sub'> <InPorts = 2> <OutPorts = 1>
ST_1 : Operation 75 [1/1] (0.00ns)   --->   "%mult_537 = partselect i16 @_ssdm_op_PartSelect.i16.i19.i32.i32, i19 %sub_ln42_41, i32 3, i32 18" [firmware/nnet_utils/nnet_dense_latency.h:42]   --->   Operation 75 'partselect' 'mult_537' <Predicate = true> <Delay = 0.00>
ST_1 : Operation 76 [1/1] (0.00ns)   --->   "%mult_538 = partselect i13 @_ssdm_op_PartSelect.i13.i16.i32.i32, i16 %data_3_val_read, i32 3, i32 15" [firmware/nnet_utils/nnet_dense_latency.h:42]   --->   Operation 76 'partselect' 'mult_538' <Predicate = true> <Delay = 0.00>
ST_1 : Operation 77 [1/1] (0.00ns)   --->   "%sext_ln17_514 = sext i13 %mult_538" [firmware/nnet_utils/nnet_dense_latency.h:17]   --->   Operation 77 'sext' 'sext_ln17_514' <Predicate = true> <Delay = 0.00>
ST_1 : Operation 78 [1/1] (0.00ns)   --->   "%mult_539 = partselect i16 @_ssdm_op_PartSelect.i16.i19.i32.i32, i19 %sub_ln42_40, i32 3, i32 18" [firmware/nnet_utils/nnet_dense_latency.h:42]   --->   Operation 78 'partselect' 'mult_539' <Predicate = true> <Delay = 0.00>
ST_1 : Operation 79 [1/1] (0.00ns)   --->   "%sext_ln73_31 = sext i16 %data_4_val_read" [firmware/nnet_utils/nnet_mult.h:73->firmware/nnet_utils/nnet_dense_latency.h:42]   --->   Operation 79 'sext' 'sext_ln73_31' <Predicate = true> <Delay = 0.00>
ST_1 : Operation 80 [1/1] (0.00ns)   --->   "%mult_541 = partselect i14 @_ssdm_op_PartSelect.i14.i16.i32.i32, i16 %data_4_val_read, i32 2, i32 15" [firmware/nnet_utils/nnet_dense_latency.h:42]   --->   Operation 80 'partselect' 'mult_541' <Predicate = true> <Delay = 0.00>
ST_1 : Operation 81 [1/1] (0.00ns)   --->   "%mult_542 = partselect i13 @_ssdm_op_PartSelect.i13.i16.i32.i32, i16 %data_4_val_read, i32 3, i32 15" [firmware/nnet_utils/nnet_dense_latency.h:42]   --->   Operation 81 'partselect' 'mult_542' <Predicate = true> <Delay = 0.00>
ST_1 : Operation 82 [1/1] (0.00ns)   --->   "%sext_ln17_517 = sext i13 %mult_542" [firmware/nnet_utils/nnet_dense_latency.h:17]   --->   Operation 82 'sext' 'sext_ln17_517' <Predicate = true> <Delay = 0.00>
ST_1 : Operation 83 [1/1] (0.00ns)   --->   "%sext_ln17_518 = sext i13 %mult_542" [firmware/nnet_utils/nnet_dense_latency.h:17]   --->   Operation 83 'sext' 'sext_ln17_518' <Predicate = true> <Delay = 0.00>
ST_1 : Operation 84 [1/1] (2.07ns)   --->   "%sub_ln73_212 = sub i17 0, i17 %sext_ln73_31" [firmware/nnet_utils/nnet_mult.h:73->firmware/nnet_utils/nnet_dense_latency.h:42]   --->   Operation 84 'sub' 'sub_ln73_212' <Predicate = true> <Delay = 2.07> <CoreInst = "Adder">   --->   Core 1 'Adder' <Latency = 0> <II = 1> <Delay = 2.07> <FuncUnit> <Opcode : 'add' 'sub'> <InPorts = 2> <OutPorts = 1>
ST_1 : Operation 85 [1/1] (0.00ns)   --->   "%mult_543 = partselect i14 @_ssdm_op_PartSelect.i14.i17.i32.i32, i17 %sub_ln73_212, i32 3, i32 16" [firmware/nnet_utils/nnet_dense_latency.h:42]   --->   Operation 85 'partselect' 'mult_543' <Predicate = true> <Delay = 0.00>
ST_1 : Operation 86 [1/1] (0.00ns)   --->   "%tmp_1950 = bitconcatenate i17 @_ssdm_op_BitConcatenate.i17.i16.i1, i16 %data_4_val_read, i1 0" [firmware/nnet_utils/nnet_mult.h:73->firmware/nnet_utils/nnet_dense_latency.h:42]   --->   Operation 86 'bitconcatenate' 'tmp_1950' <Predicate = true> <Delay = 0.00>
ST_1 : Operation 87 [1/1] (0.00ns)   --->   "%sext_ln73_157 = sext i17 %tmp_1950" [firmware/nnet_utils/nnet_mult.h:73->firmware/nnet_utils/nnet_dense_latency.h:42]   --->   Operation 87 'sext' 'sext_ln73_157' <Predicate = true> <Delay = 0.00>
ST_1 : Operation 88 [1/1] (2.10ns)   --->   "%sub_ln73_416 = sub i18 0, i18 %sext_ln73_157" [firmware/nnet_utils/nnet_mult.h:73->firmware/nnet_utils/nnet_dense_latency.h:42]   --->   Operation 88 'sub' 'sub_ln73_416' <Predicate = true> <Delay = 2.10> <CoreInst = "Adder">   --->   Core 1 'Adder' <Latency = 0> <II = 1> <Delay = 2.10> <FuncUnit> <Opcode : 'add' 'sub'> <InPorts = 2> <OutPorts = 1>
ST_1 : Operation 89 [1/1] (0.00ns)   --->   "%mult_545 = partselect i15 @_ssdm_op_PartSelect.i15.i18.i32.i32, i18 %sub_ln73_416, i32 3, i32 17" [firmware/nnet_utils/nnet_dense_latency.h:42]   --->   Operation 89 'partselect' 'mult_545' <Predicate = true> <Delay = 0.00>
ST_1 : Operation 90 [1/1] (0.00ns)   --->   "%sext_ln73_32 = sext i16 %data_5_val_read" [firmware/nnet_utils/nnet_mult.h:73->firmware/nnet_utils/nnet_dense_latency.h:42]   --->   Operation 90 'sext' 'sext_ln73_32' <Predicate = true> <Delay = 0.00>
ST_1 : Operation 91 [1/1] (0.00ns)   --->   "%mult_549 = partselect i14 @_ssdm_op_PartSelect.i14.i16.i32.i32, i16 %data_5_val_read, i32 2, i32 15" [firmware/nnet_utils/nnet_dense_latency.h:42]   --->   Operation 91 'partselect' 'mult_549' <Predicate = true> <Delay = 0.00>
ST_1 : Operation 92 [1/1] (0.00ns)   --->   "%sext_ln17_520 = sext i14 %mult_549" [firmware/nnet_utils/nnet_dense_latency.h:17]   --->   Operation 92 'sext' 'sext_ln17_520' <Predicate = true> <Delay = 0.00>
ST_1 : Operation 93 [1/1] (2.07ns)   --->   "%sub_ln73_213 = sub i17 0, i17 %sext_ln73_32" [firmware/nnet_utils/nnet_mult.h:73->firmware/nnet_utils/nnet_dense_latency.h:42]   --->   Operation 93 'sub' 'sub_ln73_213' <Predicate = true> <Delay = 2.07> <CoreInst = "Adder">   --->   Core 1 'Adder' <Latency = 0> <II = 1> <Delay = 2.07> <FuncUnit> <Opcode : 'add' 'sub'> <InPorts = 2> <OutPorts = 1>
ST_1 : Operation 94 [1/1] (0.00ns)   --->   "%mult_550 = partselect i14 @_ssdm_op_PartSelect.i14.i17.i32.i32, i17 %sub_ln73_213, i32 3, i32 16" [firmware/nnet_utils/nnet_dense_latency.h:42]   --->   Operation 94 'partselect' 'mult_550' <Predicate = true> <Delay = 0.00>
ST_1 : Operation 95 [1/1] (0.00ns)   --->   "%mult_551 = partselect i13 @_ssdm_op_PartSelect.i13.i16.i32.i32, i16 %data_5_val_read, i32 3, i32 15" [firmware/nnet_utils/nnet_dense_latency.h:42]   --->   Operation 95 'partselect' 'mult_551' <Predicate = true> <Delay = 0.00>
ST_1 : Operation 96 [1/1] (0.00ns)   --->   "%sext_ln17_522 = sext i13 %mult_551" [firmware/nnet_utils/nnet_dense_latency.h:17]   --->   Operation 96 'sext' 'sext_ln17_522' <Predicate = true> <Delay = 0.00>
ST_1 : Operation 97 [1/1] (0.00ns)   --->   "%sext_ln17_523 = sext i13 %mult_551" [firmware/nnet_utils/nnet_dense_latency.h:17]   --->   Operation 97 'sext' 'sext_ln17_523' <Predicate = true> <Delay = 0.00>
ST_1 : Operation 98 [1/1] (0.00ns)   --->   "%tmp_1952 = bitconcatenate i18 @_ssdm_op_BitConcatenate.i18.i16.i2, i16 %data_5_val_read, i2 0" [firmware/nnet_utils/nnet_mult.h:73->firmware/nnet_utils/nnet_dense_latency.h:42]   --->   Operation 98 'bitconcatenate' 'tmp_1952' <Predicate = true> <Delay = 0.00>
ST_1 : Operation 99 [1/1] (0.00ns)   --->   "%sext_ln73_159 = sext i18 %tmp_1952" [firmware/nnet_utils/nnet_mult.h:73->firmware/nnet_utils/nnet_dense_latency.h:42]   --->   Operation 99 'sext' 'sext_ln73_159' <Predicate = true> <Delay = 0.00>
ST_1 : Operation 100 [1/1] (2.13ns)   --->   "%sub_ln73_419 = sub i19 0, i19 %sext_ln73_159" [firmware/nnet_utils/nnet_mult.h:73->firmware/nnet_utils/nnet_dense_latency.h:42]   --->   Operation 100 'sub' 'sub_ln73_419' <Predicate = true> <Delay = 2.13> <CoreInst = "Adder">   --->   Core 1 'Adder' <Latency = 0> <II = 1> <Delay = 2.13> <FuncUnit> <Opcode : 'add' 'sub'> <InPorts = 2> <OutPorts = 1>
ST_1 : Operation 101 [1/1] (0.00ns)   --->   "%mult_552 = partselect i16 @_ssdm_op_PartSelect.i16.i19.i32.i32, i19 %sub_ln73_419, i32 3, i32 18" [firmware/nnet_utils/nnet_dense_latency.h:42]   --->   Operation 101 'partselect' 'mult_552' <Predicate = true> <Delay = 0.00>
ST_1 : Operation 102 [1/1] (0.00ns)   --->   "%mult_555 = partselect i15 @_ssdm_op_PartSelect.i15.i16.i32.i32, i16 %data_5_val_read, i32 1, i32 15" [firmware/nnet_utils/nnet_dense_latency.h:42]   --->   Operation 102 'partselect' 'mult_555' <Predicate = true> <Delay = 0.00>
ST_1 : Operation 103 [1/1] (0.00ns)   --->   "%sext_ln42_101 = sext i15 %mult_555" [firmware/nnet_utils/nnet_dense_latency.h:42]   --->   Operation 103 'sext' 'sext_ln42_101' <Predicate = true> <Delay = 0.00>
ST_1 : Operation 104 [1/1] (0.00ns)   --->   "%sext_ln42_103 = sext i16 %data_6_val_read" [firmware/nnet_utils/nnet_dense_latency.h:42]   --->   Operation 104 'sext' 'sext_ln42_103' <Predicate = true> <Delay = 0.00>
ST_1 : Operation 105 [1/1] (0.00ns)   --->   "%sext_ln42_104 = sext i16 %data_6_val_read" [firmware/nnet_utils/nnet_dense_latency.h:42]   --->   Operation 105 'sext' 'sext_ln42_104' <Predicate = true> <Delay = 0.00>
ST_1 : Operation 106 [1/1] (0.00ns)   --->   "%mult_557 = partselect i14 @_ssdm_op_PartSelect.i14.i16.i32.i32, i16 %data_6_val_read, i32 2, i32 15" [firmware/nnet_utils/nnet_dense_latency.h:42]   --->   Operation 106 'partselect' 'mult_557' <Predicate = true> <Delay = 0.00>
ST_1 : Operation 107 [1/1] (0.00ns)   --->   "%sext_ln17_524 = sext i14 %mult_557" [firmware/nnet_utils/nnet_dense_latency.h:17]   --->   Operation 107 'sext' 'sext_ln17_524' <Predicate = true> <Delay = 0.00>
ST_1 : Operation 108 [1/1] (0.00ns)   --->   "%mult_558 = partselect i13 @_ssdm_op_PartSelect.i13.i16.i32.i32, i16 %data_6_val_read, i32 3, i32 15" [firmware/nnet_utils/nnet_dense_latency.h:42]   --->   Operation 108 'partselect' 'mult_558' <Predicate = true> <Delay = 0.00>
ST_1 : Operation 109 [1/1] (0.00ns)   --->   "%sext_ln17_525 = sext i13 %mult_558" [firmware/nnet_utils/nnet_dense_latency.h:17]   --->   Operation 109 'sext' 'sext_ln17_525' <Predicate = true> <Delay = 0.00>
ST_1 : Operation 110 [1/1] (0.00ns)   --->   "%sext_ln17_526 = sext i13 %mult_558" [firmware/nnet_utils/nnet_dense_latency.h:17]   --->   Operation 110 'sext' 'sext_ln17_526' <Predicate = true> <Delay = 0.00>
ST_1 : Operation 111 [1/1] (0.00ns)   --->   "%tmp_1953 = bitconcatenate i18 @_ssdm_op_BitConcatenate.i18.i16.i2, i16 %data_6_val_read, i2 0" [firmware/nnet_utils/nnet_mult.h:73->firmware/nnet_utils/nnet_dense_latency.h:42]   --->   Operation 111 'bitconcatenate' 'tmp_1953' <Predicate = true> <Delay = 0.00>
ST_1 : Operation 112 [1/1] (0.00ns)   --->   "%sext_ln73_160 = sext i18 %tmp_1953" [firmware/nnet_utils/nnet_mult.h:73->firmware/nnet_utils/nnet_dense_latency.h:42]   --->   Operation 112 'sext' 'sext_ln73_160' <Predicate = true> <Delay = 0.00>
ST_1 : Operation 113 [1/1] (2.13ns)   --->   "%sub_ln73_422 = sub i19 %sext_ln42_104, i19 %sext_ln73_160" [firmware/nnet_utils/nnet_mult.h:73->firmware/nnet_utils/nnet_dense_latency.h:42]   --->   Operation 113 'sub' 'sub_ln73_422' <Predicate = true> <Delay = 2.13> <CoreInst = "Adder">   --->   Core 1 'Adder' <Latency = 0> <II = 1> <Delay = 2.13> <FuncUnit> <Opcode : 'add' 'sub'> <InPorts = 2> <OutPorts = 1>
ST_1 : Operation 114 [1/1] (0.00ns)   --->   "%mult_559 = partselect i16 @_ssdm_op_PartSelect.i16.i19.i32.i32, i19 %sub_ln73_422, i32 3, i32 18" [firmware/nnet_utils/nnet_dense_latency.h:42]   --->   Operation 114 'partselect' 'mult_559' <Predicate = true> <Delay = 0.00>
ST_1 : Operation 115 [1/1] (2.07ns)   --->   "%sub_ln73_214 = sub i17 0, i17 %sext_ln42_103" [firmware/nnet_utils/nnet_mult.h:73->firmware/nnet_utils/nnet_dense_latency.h:42]   --->   Operation 115 'sub' 'sub_ln73_214' <Predicate = true> <Delay = 2.07> <CoreInst = "Adder">   --->   Core 1 'Adder' <Latency = 0> <II = 1> <Delay = 2.07> <FuncUnit> <Opcode : 'add' 'sub'> <InPorts = 2> <OutPorts = 1>
ST_1 : Operation 116 [1/1] (0.00ns)   --->   "%mult_560 = partselect i14 @_ssdm_op_PartSelect.i14.i17.i32.i32, i17 %sub_ln73_214, i32 3, i32 16" [firmware/nnet_utils/nnet_dense_latency.h:42]   --->   Operation 116 'partselect' 'mult_560' <Predicate = true> <Delay = 0.00>
ST_1 : Operation 117 [1/1] (2.13ns)   --->   "%add_ln42_11 = add i19 %sext_ln73_160, i19 %sext_ln42_104" [firmware/nnet_utils/nnet_dense_latency.h:42]   --->   Operation 117 'add' 'add_ln42_11' <Predicate = true> <Delay = 2.13> <CoreInst = "Adder">   --->   Core 1 'Adder' <Latency = 0> <II = 1> <Delay = 2.13> <FuncUnit> <Opcode : 'add' 'sub'> <InPorts = 2> <OutPorts = 1>
ST_1 : Operation 118 [1/1] (0.00ns)   --->   "%mult_561 = partselect i16 @_ssdm_op_PartSelect.i16.i19.i32.i32, i19 %add_ln42_11, i32 3, i32 18" [firmware/nnet_utils/nnet_dense_latency.h:42]   --->   Operation 118 'partselect' 'mult_561' <Predicate = true> <Delay = 0.00>
ST_1 : Operation 119 [1/1] (2.13ns)   --->   "%sub_ln42_42 = sub i19 0, i19 %sext_ln73_160" [firmware/nnet_utils/nnet_dense_latency.h:42]   --->   Operation 119 'sub' 'sub_ln42_42' <Predicate = true> <Delay = 2.13> <CoreInst = "Adder">   --->   Core 1 'Adder' <Latency = 0> <II = 1> <Delay = 2.13> <FuncUnit> <Opcode : 'add' 'sub'> <InPorts = 2> <OutPorts = 1>
ST_1 : Operation 120 [1/1] (2.16ns)   --->   "%sub_ln42_43 = sub i19 %sub_ln42_42, i19 %sext_ln42_104" [firmware/nnet_utils/nnet_dense_latency.h:42]   --->   Operation 120 'sub' 'sub_ln42_43' <Predicate = true> <Delay = 2.16> <CoreInst = "Adder">   --->   Core 1 'Adder' <Latency = 0> <II = 1> <Delay = 2.16> <FuncUnit> <Opcode : 'add' 'sub'> <InPorts = 2> <OutPorts = 1>
ST_1 : Operation 121 [1/1] (0.00ns)   --->   "%mult_562 = partselect i16 @_ssdm_op_PartSelect.i16.i19.i32.i32, i19 %sub_ln42_43, i32 3, i32 18" [firmware/nnet_utils/nnet_dense_latency.h:42]   --->   Operation 121 'partselect' 'mult_562' <Predicate = true> <Delay = 0.00>
ST_1 : Operation 122 [1/1] (2.13ns)   --->   "%sub_ln73_423 = sub i19 %sext_ln73_160, i19 %sext_ln42_104" [firmware/nnet_utils/nnet_mult.h:73->firmware/nnet_utils/nnet_dense_latency.h:42]   --->   Operation 122 'sub' 'sub_ln73_423' <Predicate = true> <Delay = 2.13> <CoreInst = "Adder">   --->   Core 1 'Adder' <Latency = 0> <II = 1> <Delay = 2.13> <FuncUnit> <Opcode : 'add' 'sub'> <InPorts = 2> <OutPorts = 1>
ST_1 : Operation 123 [1/1] (0.00ns)   --->   "%mult_563 = partselect i16 @_ssdm_op_PartSelect.i16.i19.i32.i32, i19 %sub_ln73_423, i32 3, i32 18" [firmware/nnet_utils/nnet_dense_latency.h:42]   --->   Operation 123 'partselect' 'mult_563' <Predicate = true> <Delay = 0.00>
ST_1 : Operation 124 [1/1] (0.00ns)   --->   "%mult_564 = partselect i15 @_ssdm_op_PartSelect.i15.i16.i32.i32, i16 %data_6_val_read, i32 1, i32 15" [firmware/nnet_utils/nnet_dense_latency.h:42]   --->   Operation 124 'partselect' 'mult_564' <Predicate = true> <Delay = 0.00>
ST_1 : Operation 125 [1/1] (0.00ns)   --->   "%mult_565 = partselect i16 @_ssdm_op_PartSelect.i16.i19.i32.i32, i19 %sub_ln42_42, i32 3, i32 18" [firmware/nnet_utils/nnet_dense_latency.h:42]   --->   Operation 125 'partselect' 'mult_565' <Predicate = true> <Delay = 0.00>
ST_1 : Operation 126 [1/1] (0.00ns)   --->   "%tmp_1954 = bitconcatenate i17 @_ssdm_op_BitConcatenate.i17.i16.i1, i16 %data_6_val_read, i1 0" [firmware/nnet_utils/nnet_mult.h:73->firmware/nnet_utils/nnet_dense_latency.h:42]   --->   Operation 126 'bitconcatenate' 'tmp_1954' <Predicate = true> <Delay = 0.00>
ST_1 : Operation 127 [1/1] (0.00ns)   --->   "%sext_ln73_161 = sext i17 %tmp_1954" [firmware/nnet_utils/nnet_mult.h:73->firmware/nnet_utils/nnet_dense_latency.h:42]   --->   Operation 127 'sext' 'sext_ln73_161' <Predicate = true> <Delay = 0.00>
ST_1 : Operation 128 [1/1] (2.10ns)   --->   "%sub_ln73_424 = sub i18 0, i18 %sext_ln73_161" [firmware/nnet_utils/nnet_mult.h:73->firmware/nnet_utils/nnet_dense_latency.h:42]   --->   Operation 128 'sub' 'sub_ln73_424' <Predicate = true> <Delay = 2.10> <CoreInst = "Adder">   --->   Core 1 'Adder' <Latency = 0> <II = 1> <Delay = 2.10> <FuncUnit> <Opcode : 'add' 'sub'> <InPorts = 2> <OutPorts = 1>
ST_1 : Operation 129 [1/1] (0.00ns)   --->   "%mult_566 = partselect i15 @_ssdm_op_PartSelect.i15.i18.i32.i32, i18 %sub_ln73_424, i32 3, i32 17" [firmware/nnet_utils/nnet_dense_latency.h:42]   --->   Operation 129 'partselect' 'mult_566' <Predicate = true> <Delay = 0.00>
ST_1 : Operation 130 [1/1] (0.00ns)   --->   "%mult_567 = partselect i13 @_ssdm_op_PartSelect.i13.i16.i32.i32, i16 %data_7_val_read, i32 3, i32 15" [firmware/nnet_utils/nnet_dense_latency.h:42]   --->   Operation 130 'partselect' 'mult_567' <Predicate = true> <Delay = 0.00>
ST_1 : Operation 131 [1/1] (0.00ns)   --->   "%sext_ln17_528 = sext i13 %mult_567" [firmware/nnet_utils/nnet_dense_latency.h:17]   --->   Operation 131 'sext' 'sext_ln17_528' <Predicate = true> <Delay = 0.00>
ST_1 : Operation 132 [1/1] (0.00ns)   --->   "%sext_ln17_529 = sext i13 %mult_567" [firmware/nnet_utils/nnet_dense_latency.h:17]   --->   Operation 132 'sext' 'sext_ln17_529' <Predicate = true> <Delay = 0.00>
ST_1 : Operation 133 [1/1] (0.00ns)   --->   "%sext_ln42_109 = sext i16 %data_7_val_read" [firmware/nnet_utils/nnet_dense_latency.h:42]   --->   Operation 133 'sext' 'sext_ln42_109' <Predicate = true> <Delay = 0.00>
ST_1 : Operation 134 [1/1] (0.00ns)   --->   "%sext_ln73_35 = sext i16 %data_7_val_read" [firmware/nnet_utils/nnet_mult.h:73->firmware/nnet_utils/nnet_dense_latency.h:42]   --->   Operation 134 'sext' 'sext_ln73_35' <Predicate = true> <Delay = 0.00>
ST_1 : Operation 135 [1/1] (2.07ns)   --->   "%sub_ln73_215 = sub i17 0, i17 %sext_ln73_35" [firmware/nnet_utils/nnet_mult.h:73->firmware/nnet_utils/nnet_dense_latency.h:42]   --->   Operation 135 'sub' 'sub_ln73_215' <Predicate = true> <Delay = 2.07> <CoreInst = "Adder">   --->   Core 1 'Adder' <Latency = 0> <II = 1> <Delay = 2.07> <FuncUnit> <Opcode : 'add' 'sub'> <InPorts = 2> <OutPorts = 1>
ST_1 : Operation 136 [1/1] (0.00ns)   --->   "%mult_568 = partselect i14 @_ssdm_op_PartSelect.i14.i17.i32.i32, i17 %sub_ln73_215, i32 3, i32 16" [firmware/nnet_utils/nnet_dense_latency.h:42]   --->   Operation 136 'partselect' 'mult_568' <Predicate = true> <Delay = 0.00>
ST_1 : Operation 137 [1/1] (0.00ns)   --->   "%tmp_1955 = bitconcatenate i18 @_ssdm_op_BitConcatenate.i18.i16.i2, i16 %data_7_val_read, i2 0" [firmware/nnet_utils/nnet_mult.h:73->firmware/nnet_utils/nnet_dense_latency.h:42]   --->   Operation 137 'bitconcatenate' 'tmp_1955' <Predicate = true> <Delay = 0.00>
ST_1 : Operation 138 [1/1] (0.00ns)   --->   "%sext_ln73_162 = sext i18 %tmp_1955" [firmware/nnet_utils/nnet_mult.h:73->firmware/nnet_utils/nnet_dense_latency.h:42]   --->   Operation 138 'sext' 'sext_ln73_162' <Predicate = true> <Delay = 0.00>
ST_1 : Operation 139 [1/1] (0.00ns)   --->   "%tmp_1956 = bitconcatenate i17 @_ssdm_op_BitConcatenate.i17.i16.i1, i16 %data_7_val_read, i1 0" [firmware/nnet_utils/nnet_mult.h:73->firmware/nnet_utils/nnet_dense_latency.h:42]   --->   Operation 139 'bitconcatenate' 'tmp_1956' <Predicate = true> <Delay = 0.00>
ST_1 : Operation 140 [1/1] (0.00ns)   --->   "%sext_ln73_163 = sext i17 %tmp_1956" [firmware/nnet_utils/nnet_mult.h:73->firmware/nnet_utils/nnet_dense_latency.h:42]   --->   Operation 140 'sext' 'sext_ln73_163' <Predicate = true> <Delay = 0.00>
ST_1 : Operation 141 [1/1] (2.10ns)   --->   "%sub_ln73_426 = sub i18 0, i18 %sext_ln73_163" [firmware/nnet_utils/nnet_mult.h:73->firmware/nnet_utils/nnet_dense_latency.h:42]   --->   Operation 141 'sub' 'sub_ln73_426' <Predicate = true> <Delay = 2.10> <CoreInst = "Adder">   --->   Core 1 'Adder' <Latency = 0> <II = 1> <Delay = 2.10> <FuncUnit> <Opcode : 'add' 'sub'> <InPorts = 2> <OutPorts = 1>
ST_1 : Operation 142 [1/1] (0.00ns)   --->   "%mult_570 = partselect i15 @_ssdm_op_PartSelect.i15.i18.i32.i32, i18 %sub_ln73_426, i32 3, i32 17" [firmware/nnet_utils/nnet_dense_latency.h:42]   --->   Operation 142 'partselect' 'mult_570' <Predicate = true> <Delay = 0.00>
ST_1 : Operation 143 [1/1] (0.00ns)   --->   "%mult_572 = partselect i15 @_ssdm_op_PartSelect.i15.i16.i32.i32, i16 %data_7_val_read, i32 1, i32 15" [firmware/nnet_utils/nnet_dense_latency.h:42]   --->   Operation 143 'partselect' 'mult_572' <Predicate = true> <Delay = 0.00>
ST_1 : Operation 144 [1/1] (0.00ns)   --->   "%mult_573 = partselect i14 @_ssdm_op_PartSelect.i14.i16.i32.i32, i16 %data_7_val_read, i32 2, i32 15" [firmware/nnet_utils/nnet_dense_latency.h:42]   --->   Operation 144 'partselect' 'mult_573' <Predicate = true> <Delay = 0.00>
ST_1 : Operation 145 [1/1] (0.00ns)   --->   "%sext_ln17_531 = sext i14 %mult_573" [firmware/nnet_utils/nnet_dense_latency.h:17]   --->   Operation 145 'sext' 'sext_ln17_531' <Predicate = true> <Delay = 0.00>
ST_1 : Operation 146 [1/1] (2.13ns)   --->   "%sub_ln73_428 = sub i19 %sext_ln42_109, i19 %sext_ln73_162" [firmware/nnet_utils/nnet_mult.h:73->firmware/nnet_utils/nnet_dense_latency.h:42]   --->   Operation 146 'sub' 'sub_ln73_428' <Predicate = true> <Delay = 2.13> <CoreInst = "Adder">   --->   Core 1 'Adder' <Latency = 0> <II = 1> <Delay = 2.13> <FuncUnit> <Opcode : 'add' 'sub'> <InPorts = 2> <OutPorts = 1>
ST_1 : Operation 147 [1/1] (0.00ns)   --->   "%mult_575 = partselect i16 @_ssdm_op_PartSelect.i16.i19.i32.i32, i19 %sub_ln73_428, i32 3, i32 18" [firmware/nnet_utils/nnet_dense_latency.h:42]   --->   Operation 147 'partselect' 'mult_575' <Predicate = true> <Delay = 0.00>
ST_1 : Operation 148 [1/1] (0.00ns)   --->   "%sext_ln73_36 = sext i16 %data_8_val_read" [firmware/nnet_utils/nnet_mult.h:73->firmware/nnet_utils/nnet_dense_latency.h:42]   --->   Operation 148 'sext' 'sext_ln73_36' <Predicate = true> <Delay = 0.00>
ST_1 : Operation 149 [1/1] (0.00ns)   --->   "%tmp_1958 = bitconcatenate i17 @_ssdm_op_BitConcatenate.i17.i16.i1, i16 %data_8_val_read, i1 0" [firmware/nnet_utils/nnet_mult.h:73->firmware/nnet_utils/nnet_dense_latency.h:42]   --->   Operation 149 'bitconcatenate' 'tmp_1958' <Predicate = true> <Delay = 0.00>
ST_1 : Operation 150 [1/1] (0.00ns)   --->   "%sext_ln73_164 = sext i17 %tmp_1958" [firmware/nnet_utils/nnet_mult.h:73->firmware/nnet_utils/nnet_dense_latency.h:42]   --->   Operation 150 'sext' 'sext_ln73_164' <Predicate = true> <Delay = 0.00>
ST_1 : Operation 151 [1/1] (2.10ns)   --->   "%sub_ln73_429 = sub i18 0, i18 %sext_ln73_164" [firmware/nnet_utils/nnet_mult.h:73->firmware/nnet_utils/nnet_dense_latency.h:42]   --->   Operation 151 'sub' 'sub_ln73_429' <Predicate = true> <Delay = 2.10> <CoreInst = "Adder">   --->   Core 1 'Adder' <Latency = 0> <II = 1> <Delay = 2.10> <FuncUnit> <Opcode : 'add' 'sub'> <InPorts = 2> <OutPorts = 1>
ST_1 : Operation 152 [1/1] (0.00ns)   --->   "%mult_577 = partselect i15 @_ssdm_op_PartSelect.i15.i18.i32.i32, i18 %sub_ln73_429, i32 3, i32 17" [firmware/nnet_utils/nnet_dense_latency.h:42]   --->   Operation 152 'partselect' 'mult_577' <Predicate = true> <Delay = 0.00>
ST_1 : Operation 153 [1/1] (0.00ns)   --->   "%mult_578 = partselect i13 @_ssdm_op_PartSelect.i13.i16.i32.i32, i16 %data_8_val_read, i32 3, i32 15" [firmware/nnet_utils/nnet_dense_latency.h:42]   --->   Operation 153 'partselect' 'mult_578' <Predicate = true> <Delay = 0.00>
ST_1 : Operation 154 [1/1] (0.00ns)   --->   "%sext_ln17_532 = sext i13 %mult_578" [firmware/nnet_utils/nnet_dense_latency.h:17]   --->   Operation 154 'sext' 'sext_ln17_532' <Predicate = true> <Delay = 0.00>
ST_1 : Operation 155 [1/1] (0.00ns)   --->   "%mult_580 = partselect i14 @_ssdm_op_PartSelect.i14.i16.i32.i32, i16 %data_8_val_read, i32 2, i32 15" [firmware/nnet_utils/nnet_dense_latency.h:42]   --->   Operation 155 'partselect' 'mult_580' <Predicate = true> <Delay = 0.00>
ST_1 : Operation 156 [1/1] (2.07ns)   --->   "%sub_ln73_216 = sub i17 0, i17 %sext_ln73_36" [firmware/nnet_utils/nnet_mult.h:73->firmware/nnet_utils/nnet_dense_latency.h:42]   --->   Operation 156 'sub' 'sub_ln73_216' <Predicate = true> <Delay = 2.07> <CoreInst = "Adder">   --->   Core 1 'Adder' <Latency = 0> <II = 1> <Delay = 2.07> <FuncUnit> <Opcode : 'add' 'sub'> <InPorts = 2> <OutPorts = 1>
ST_1 : Operation 157 [1/1] (0.00ns)   --->   "%mult_582 = partselect i14 @_ssdm_op_PartSelect.i14.i17.i32.i32, i17 %sub_ln73_216, i32 3, i32 16" [firmware/nnet_utils/nnet_dense_latency.h:42]   --->   Operation 157 'partselect' 'mult_582' <Predicate = true> <Delay = 0.00>
ST_1 : Operation 158 [1/1] (0.00ns)   --->   "%mult_583 = partselect i15 @_ssdm_op_PartSelect.i15.i16.i32.i32, i16 %data_8_val_read, i32 1, i32 15" [firmware/nnet_utils/nnet_dense_latency.h:42]   --->   Operation 158 'partselect' 'mult_583' <Predicate = true> <Delay = 0.00>
ST_1 : Operation 159 [1/1] (0.00ns)   --->   "%sext_ln73_39 = sext i16 %data_9_val_read" [firmware/nnet_utils/nnet_mult.h:73->firmware/nnet_utils/nnet_dense_latency.h:42]   --->   Operation 159 'sext' 'sext_ln73_39' <Predicate = true> <Delay = 0.00>
ST_1 : Operation 160 [1/1] (0.00ns)   --->   "%sext_ln73_40 = sext i16 %data_9_val_read" [firmware/nnet_utils/nnet_mult.h:73->firmware/nnet_utils/nnet_dense_latency.h:42]   --->   Operation 160 'sext' 'sext_ln73_40' <Predicate = true> <Delay = 0.00>
ST_1 : Operation 161 [1/1] (2.07ns)   --->   "%sub_ln73_217 = sub i17 0, i17 %sext_ln73_40" [firmware/nnet_utils/nnet_mult.h:73->firmware/nnet_utils/nnet_dense_latency.h:42]   --->   Operation 161 'sub' 'sub_ln73_217' <Predicate = true> <Delay = 2.07> <CoreInst = "Adder">   --->   Core 1 'Adder' <Latency = 0> <II = 1> <Delay = 2.07> <FuncUnit> <Opcode : 'add' 'sub'> <InPorts = 2> <OutPorts = 1>
ST_1 : Operation 162 [1/1] (0.00ns)   --->   "%mult_585 = partselect i14 @_ssdm_op_PartSelect.i14.i17.i32.i32, i17 %sub_ln73_217, i32 3, i32 16" [firmware/nnet_utils/nnet_dense_latency.h:42]   --->   Operation 162 'partselect' 'mult_585' <Predicate = true> <Delay = 0.00>
ST_1 : Operation 163 [1/1] (0.00ns)   --->   "%mult_586 = partselect i14 @_ssdm_op_PartSelect.i14.i16.i32.i32, i16 %data_9_val_read, i32 2, i32 15" [firmware/nnet_utils/nnet_dense_latency.h:42]   --->   Operation 163 'partselect' 'mult_586' <Predicate = true> <Delay = 0.00>
ST_1 : Operation 164 [1/1] (0.00ns)   --->   "%sext_ln17_536 = sext i14 %mult_586" [firmware/nnet_utils/nnet_dense_latency.h:17]   --->   Operation 164 'sext' 'sext_ln17_536' <Predicate = true> <Delay = 0.00>
ST_1 : Operation 165 [1/1] (0.00ns)   --->   "%tmp_1959 = bitconcatenate i18 @_ssdm_op_BitConcatenate.i18.i16.i2, i16 %data_9_val_read, i2 0" [firmware/nnet_utils/nnet_mult.h:73->firmware/nnet_utils/nnet_dense_latency.h:42]   --->   Operation 165 'bitconcatenate' 'tmp_1959' <Predicate = true> <Delay = 0.00>
ST_1 : Operation 166 [1/1] (0.00ns)   --->   "%sext_ln73_165 = sext i18 %tmp_1959" [firmware/nnet_utils/nnet_mult.h:73->firmware/nnet_utils/nnet_dense_latency.h:42]   --->   Operation 166 'sext' 'sext_ln73_165' <Predicate = true> <Delay = 0.00>
ST_1 : Operation 167 [1/1] (2.13ns)   --->   "%sub_ln73_433 = sub i19 %sext_ln73_39, i19 %sext_ln73_165" [firmware/nnet_utils/nnet_mult.h:73->firmware/nnet_utils/nnet_dense_latency.h:42]   --->   Operation 167 'sub' 'sub_ln73_433' <Predicate = true> <Delay = 2.13> <CoreInst = "Adder">   --->   Core 1 'Adder' <Latency = 0> <II = 1> <Delay = 2.13> <FuncUnit> <Opcode : 'add' 'sub'> <InPorts = 2> <OutPorts = 1>
ST_1 : Operation 168 [1/1] (0.00ns)   --->   "%mult_587 = partselect i16 @_ssdm_op_PartSelect.i16.i19.i32.i32, i19 %sub_ln73_433, i32 3, i32 18" [firmware/nnet_utils/nnet_dense_latency.h:42]   --->   Operation 168 'partselect' 'mult_587' <Predicate = true> <Delay = 0.00>
ST_1 : Operation 169 [1/1] (0.00ns)   --->   "%mult_588 = partselect i13 @_ssdm_op_PartSelect.i13.i16.i32.i32, i16 %data_9_val_read, i32 3, i32 15" [firmware/nnet_utils/nnet_dense_latency.h:42]   --->   Operation 169 'partselect' 'mult_588' <Predicate = true> <Delay = 0.00>
ST_1 : Operation 170 [1/1] (0.00ns)   --->   "%sext_ln17_537 = sext i13 %mult_588" [firmware/nnet_utils/nnet_dense_latency.h:17]   --->   Operation 170 'sext' 'sext_ln17_537' <Predicate = true> <Delay = 0.00>
ST_1 : Operation 171 [1/1] (0.00ns)   --->   "%sext_ln17_538 = sext i13 %mult_588" [firmware/nnet_utils/nnet_dense_latency.h:17]   --->   Operation 171 'sext' 'sext_ln17_538' <Predicate = true> <Delay = 0.00>
ST_1 : Operation 172 [1/1] (2.13ns)   --->   "%sub_ln73_434 = sub i19 0, i19 %sext_ln73_165" [firmware/nnet_utils/nnet_mult.h:73->firmware/nnet_utils/nnet_dense_latency.h:42]   --->   Operation 172 'sub' 'sub_ln73_434' <Predicate = true> <Delay = 2.13> <CoreInst = "Adder">   --->   Core 1 'Adder' <Latency = 0> <II = 1> <Delay = 2.13> <FuncUnit> <Opcode : 'add' 'sub'> <InPorts = 2> <OutPorts = 1>
ST_1 : Operation 173 [1/1] (0.00ns)   --->   "%mult_589 = partselect i16 @_ssdm_op_PartSelect.i16.i19.i32.i32, i19 %sub_ln73_434, i32 3, i32 18" [firmware/nnet_utils/nnet_dense_latency.h:42]   --->   Operation 173 'partselect' 'mult_589' <Predicate = true> <Delay = 0.00>
ST_1 : Operation 174 [1/1] (2.16ns)   --->   "%sub_ln42_44 = sub i19 %sub_ln73_434, i19 %sext_ln73_39" [firmware/nnet_utils/nnet_dense_latency.h:42]   --->   Operation 174 'sub' 'sub_ln42_44' <Predicate = true> <Delay = 2.16> <CoreInst = "Adder">   --->   Core 1 'Adder' <Latency = 0> <II = 1> <Delay = 2.16> <FuncUnit> <Opcode : 'add' 'sub'> <InPorts = 2> <OutPorts = 1>
ST_1 : Operation 175 [1/1] (0.00ns)   --->   "%mult_590 = partselect i16 @_ssdm_op_PartSelect.i16.i19.i32.i32, i19 %sub_ln42_44, i32 3, i32 18" [firmware/nnet_utils/nnet_dense_latency.h:42]   --->   Operation 175 'partselect' 'mult_590' <Predicate = true> <Delay = 0.00>
ST_1 : Operation 176 [1/1] (0.00ns)   --->   "%tmp_1960 = bitconcatenate i17 @_ssdm_op_BitConcatenate.i17.i16.i1, i16 %data_9_val_read, i1 0" [firmware/nnet_utils/nnet_mult.h:73->firmware/nnet_utils/nnet_dense_latency.h:42]   --->   Operation 176 'bitconcatenate' 'tmp_1960' <Predicate = true> <Delay = 0.00>
ST_1 : Operation 177 [1/1] (0.00ns)   --->   "%sext_ln73_166 = sext i17 %tmp_1960" [firmware/nnet_utils/nnet_mult.h:73->firmware/nnet_utils/nnet_dense_latency.h:42]   --->   Operation 177 'sext' 'sext_ln73_166' <Predicate = true> <Delay = 0.00>
ST_1 : Operation 178 [1/1] (2.10ns)   --->   "%sub_ln73_435 = sub i18 0, i18 %sext_ln73_166" [firmware/nnet_utils/nnet_mult.h:73->firmware/nnet_utils/nnet_dense_latency.h:42]   --->   Operation 178 'sub' 'sub_ln73_435' <Predicate = true> <Delay = 2.10> <CoreInst = "Adder">   --->   Core 1 'Adder' <Latency = 0> <II = 1> <Delay = 2.10> <FuncUnit> <Opcode : 'add' 'sub'> <InPorts = 2> <OutPorts = 1>
ST_1 : Operation 179 [1/1] (0.00ns)   --->   "%mult_591 = partselect i15 @_ssdm_op_PartSelect.i15.i18.i32.i32, i18 %sub_ln73_435, i32 3, i32 17" [firmware/nnet_utils/nnet_dense_latency.h:42]   --->   Operation 179 'partselect' 'mult_591' <Predicate = true> <Delay = 0.00>
ST_1 : Operation 180 [1/1] (0.00ns)   --->   "%mult_592 = partselect i15 @_ssdm_op_PartSelect.i15.i16.i32.i32, i16 %data_9_val_read, i32 1, i32 15" [firmware/nnet_utils/nnet_dense_latency.h:42]   --->   Operation 180 'partselect' 'mult_592' <Predicate = true> <Delay = 0.00>
ST_1 : Operation 181 [1/1] (2.13ns)   --->   "%sub_ln73_436 = sub i19 %sext_ln73_165, i19 %sext_ln73_39" [firmware/nnet_utils/nnet_mult.h:73->firmware/nnet_utils/nnet_dense_latency.h:42]   --->   Operation 181 'sub' 'sub_ln73_436' <Predicate = true> <Delay = 2.13> <CoreInst = "Adder">   --->   Core 1 'Adder' <Latency = 0> <II = 1> <Delay = 2.13> <FuncUnit> <Opcode : 'add' 'sub'> <InPorts = 2> <OutPorts = 1>
ST_1 : Operation 182 [1/1] (0.00ns)   --->   "%mult_593 = partselect i16 @_ssdm_op_PartSelect.i16.i19.i32.i32, i19 %sub_ln73_436, i32 3, i32 18" [firmware/nnet_utils/nnet_dense_latency.h:42]   --->   Operation 182 'partselect' 'mult_593' <Predicate = true> <Delay = 0.00>
ST_1 : Operation 183 [1/1] (2.13ns)   --->   "%add_ln42_14 = add i19 %sext_ln73_165, i19 %sext_ln73_39" [firmware/nnet_utils/nnet_dense_latency.h:42]   --->   Operation 183 'add' 'add_ln42_14' <Predicate = true> <Delay = 2.13> <CoreInst = "Adder">   --->   Core 1 'Adder' <Latency = 0> <II = 1> <Delay = 2.13> <FuncUnit> <Opcode : 'add' 'sub'> <InPorts = 2> <OutPorts = 1>
ST_1 : Operation 184 [1/1] (0.00ns)   --->   "%mult_594 = partselect i16 @_ssdm_op_PartSelect.i16.i19.i32.i32, i19 %add_ln42_14, i32 3, i32 18" [firmware/nnet_utils/nnet_dense_latency.h:42]   --->   Operation 184 'partselect' 'mult_594' <Predicate = true> <Delay = 0.00>
ST_1 : Operation 185 [1/1] (0.00ns)   --->   "%sext_ln42_122 = sext i16 %data_10_val_read" [firmware/nnet_utils/nnet_dense_latency.h:42]   --->   Operation 185 'sext' 'sext_ln42_122' <Predicate = true> <Delay = 0.00>
ST_1 : Operation 186 [1/1] (0.00ns)   --->   "%sext_ln73_42 = sext i16 %data_10_val_read" [firmware/nnet_utils/nnet_mult.h:73->firmware/nnet_utils/nnet_dense_latency.h:42]   --->   Operation 186 'sext' 'sext_ln73_42' <Predicate = true> <Delay = 0.00>
ST_1 : Operation 187 [1/1] (2.07ns)   --->   "%sub_ln73_218 = sub i17 0, i17 %sext_ln73_42" [firmware/nnet_utils/nnet_mult.h:73->firmware/nnet_utils/nnet_dense_latency.h:42]   --->   Operation 187 'sub' 'sub_ln73_218' <Predicate = true> <Delay = 2.07> <CoreInst = "Adder">   --->   Core 1 'Adder' <Latency = 0> <II = 1> <Delay = 2.07> <FuncUnit> <Opcode : 'add' 'sub'> <InPorts = 2> <OutPorts = 1>
ST_1 : Operation 188 [1/1] (0.00ns)   --->   "%mult_595 = partselect i14 @_ssdm_op_PartSelect.i14.i17.i32.i32, i17 %sub_ln73_218, i32 3, i32 16" [firmware/nnet_utils/nnet_dense_latency.h:42]   --->   Operation 188 'partselect' 'mult_595' <Predicate = true> <Delay = 0.00>
ST_1 : Operation 189 [1/1] (0.00ns)   --->   "%tmp_1961 = bitconcatenate i17 @_ssdm_op_BitConcatenate.i17.i16.i1, i16 %data_10_val_read, i1 0" [firmware/nnet_utils/nnet_mult.h:73->firmware/nnet_utils/nnet_dense_latency.h:42]   --->   Operation 189 'bitconcatenate' 'tmp_1961' <Predicate = true> <Delay = 0.00>
ST_1 : Operation 190 [1/1] (0.00ns)   --->   "%sext_ln73_167 = sext i17 %tmp_1961" [firmware/nnet_utils/nnet_mult.h:73->firmware/nnet_utils/nnet_dense_latency.h:42]   --->   Operation 190 'sext' 'sext_ln73_167' <Predicate = true> <Delay = 0.00>
ST_1 : Operation 191 [1/1] (2.10ns)   --->   "%sub_ln73_437 = sub i18 0, i18 %sext_ln73_167" [firmware/nnet_utils/nnet_mult.h:73->firmware/nnet_utils/nnet_dense_latency.h:42]   --->   Operation 191 'sub' 'sub_ln73_437' <Predicate = true> <Delay = 2.10> <CoreInst = "Adder">   --->   Core 1 'Adder' <Latency = 0> <II = 1> <Delay = 2.10> <FuncUnit> <Opcode : 'add' 'sub'> <InPorts = 2> <OutPorts = 1>
ST_1 : Operation 192 [1/1] (0.00ns)   --->   "%mult_596 = partselect i15 @_ssdm_op_PartSelect.i15.i18.i32.i32, i18 %sub_ln73_437, i32 3, i32 17" [firmware/nnet_utils/nnet_dense_latency.h:42]   --->   Operation 192 'partselect' 'mult_596' <Predicate = true> <Delay = 0.00>
ST_1 : Operation 193 [1/1] (0.00ns)   --->   "%tmp_1962 = bitconcatenate i18 @_ssdm_op_BitConcatenate.i18.i16.i2, i16 %data_10_val_read, i2 0" [firmware/nnet_utils/nnet_mult.h:73->firmware/nnet_utils/nnet_dense_latency.h:42]   --->   Operation 193 'bitconcatenate' 'tmp_1962' <Predicate = true> <Delay = 0.00>
ST_1 : Operation 194 [1/1] (0.00ns)   --->   "%sext_ln73_168 = sext i18 %tmp_1962" [firmware/nnet_utils/nnet_mult.h:73->firmware/nnet_utils/nnet_dense_latency.h:42]   --->   Operation 194 'sext' 'sext_ln73_168' <Predicate = true> <Delay = 0.00>
ST_1 : Operation 195 [1/1] (2.13ns)   --->   "%sub_ln73_438 = sub i19 0, i19 %sext_ln73_168" [firmware/nnet_utils/nnet_mult.h:73->firmware/nnet_utils/nnet_dense_latency.h:42]   --->   Operation 195 'sub' 'sub_ln73_438' <Predicate = true> <Delay = 2.13> <CoreInst = "Adder">   --->   Core 1 'Adder' <Latency = 0> <II = 1> <Delay = 2.13> <FuncUnit> <Opcode : 'add' 'sub'> <InPorts = 2> <OutPorts = 1>
ST_1 : Operation 196 [1/1] (0.00ns)   --->   "%mult_597 = partselect i16 @_ssdm_op_PartSelect.i16.i19.i32.i32, i19 %sub_ln73_438, i32 3, i32 18" [firmware/nnet_utils/nnet_dense_latency.h:42]   --->   Operation 196 'partselect' 'mult_597' <Predicate = true> <Delay = 0.00>
ST_1 : Operation 197 [1/1] (2.13ns)   --->   "%sub_ln73_439 = sub i19 %sext_ln42_122, i19 %sext_ln73_168" [firmware/nnet_utils/nnet_mult.h:73->firmware/nnet_utils/nnet_dense_latency.h:42]   --->   Operation 197 'sub' 'sub_ln73_439' <Predicate = true> <Delay = 2.13> <CoreInst = "Adder">   --->   Core 1 'Adder' <Latency = 0> <II = 1> <Delay = 2.13> <FuncUnit> <Opcode : 'add' 'sub'> <InPorts = 2> <OutPorts = 1>
ST_1 : Operation 198 [1/1] (0.00ns)   --->   "%mult_598 = partselect i16 @_ssdm_op_PartSelect.i16.i19.i32.i32, i19 %sub_ln73_439, i32 3, i32 18" [firmware/nnet_utils/nnet_dense_latency.h:42]   --->   Operation 198 'partselect' 'mult_598' <Predicate = true> <Delay = 0.00>
ST_1 : Operation 199 [1/1] (0.00ns)   --->   "%mult_599 = partselect i13 @_ssdm_op_PartSelect.i13.i16.i32.i32, i16 %data_10_val_read, i32 3, i32 15" [firmware/nnet_utils/nnet_dense_latency.h:42]   --->   Operation 199 'partselect' 'mult_599' <Predicate = true> <Delay = 0.00>
ST_1 : Operation 200 [1/1] (0.00ns)   --->   "%sext_ln17_540 = sext i13 %mult_599" [firmware/nnet_utils/nnet_dense_latency.h:17]   --->   Operation 200 'sext' 'sext_ln17_540' <Predicate = true> <Delay = 0.00>
ST_1 : Operation 201 [1/1] (0.00ns)   --->   "%sext_ln17_541 = sext i13 %mult_599" [firmware/nnet_utils/nnet_dense_latency.h:17]   --->   Operation 201 'sext' 'sext_ln17_541' <Predicate = true> <Delay = 0.00>
ST_1 : Operation 202 [1/1] (2.13ns)   --->   "%sub_ln73_440 = sub i19 %sext_ln73_168, i19 %sext_ln42_122" [firmware/nnet_utils/nnet_mult.h:73->firmware/nnet_utils/nnet_dense_latency.h:42]   --->   Operation 202 'sub' 'sub_ln73_440' <Predicate = true> <Delay = 2.13> <CoreInst = "Adder">   --->   Core 1 'Adder' <Latency = 0> <II = 1> <Delay = 2.13> <FuncUnit> <Opcode : 'add' 'sub'> <InPorts = 2> <OutPorts = 1>
ST_1 : Operation 203 [1/1] (0.00ns)   --->   "%mult_600 = partselect i16 @_ssdm_op_PartSelect.i16.i19.i32.i32, i19 %sub_ln73_440, i32 3, i32 18" [firmware/nnet_utils/nnet_dense_latency.h:42]   --->   Operation 203 'partselect' 'mult_600' <Predicate = true> <Delay = 0.00>
ST_1 : Operation 204 [1/1] (2.16ns)   --->   "%sub_ln42_45 = sub i19 %sub_ln73_438, i19 %sext_ln42_122" [firmware/nnet_utils/nnet_dense_latency.h:42]   --->   Operation 204 'sub' 'sub_ln42_45' <Predicate = true> <Delay = 2.16> <CoreInst = "Adder">   --->   Core 1 'Adder' <Latency = 0> <II = 1> <Delay = 2.16> <FuncUnit> <Opcode : 'add' 'sub'> <InPorts = 2> <OutPorts = 1>
ST_1 : Operation 205 [1/1] (0.00ns)   --->   "%mult_601 = partselect i16 @_ssdm_op_PartSelect.i16.i19.i32.i32, i19 %sub_ln42_45, i32 3, i32 18" [firmware/nnet_utils/nnet_dense_latency.h:42]   --->   Operation 205 'partselect' 'mult_601' <Predicate = true> <Delay = 0.00>
ST_1 : Operation 206 [1/1] (0.00ns)   --->   "%mult_602 = partselect i15 @_ssdm_op_PartSelect.i15.i16.i32.i32, i16 %data_10_val_read, i32 1, i32 15" [firmware/nnet_utils/nnet_dense_latency.h:42]   --->   Operation 206 'partselect' 'mult_602' <Predicate = true> <Delay = 0.00>
ST_1 : Operation 207 [1/1] (0.00ns)   --->   "%mult_603 = partselect i14 @_ssdm_op_PartSelect.i14.i16.i32.i32, i16 %data_10_val_read, i32 2, i32 15" [firmware/nnet_utils/nnet_dense_latency.h:42]   --->   Operation 207 'partselect' 'mult_603' <Predicate = true> <Delay = 0.00>
ST_1 : Operation 208 [1/1] (0.00ns)   --->   "%sext_ln73_43 = sext i16 %data_11_val_read" [firmware/nnet_utils/nnet_mult.h:73->firmware/nnet_utils/nnet_dense_latency.h:42]   --->   Operation 208 'sext' 'sext_ln73_43' <Predicate = true> <Delay = 0.00>
ST_1 : Operation 209 [1/1] (0.00ns)   --->   "%sext_ln73_45 = sext i16 %data_11_val_read" [firmware/nnet_utils/nnet_mult.h:73->firmware/nnet_utils/nnet_dense_latency.h:42]   --->   Operation 209 'sext' 'sext_ln73_45' <Predicate = true> <Delay = 0.00>
ST_1 : Operation 210 [1/1] (0.00ns)   --->   "%tmp_1963 = bitconcatenate i18 @_ssdm_op_BitConcatenate.i18.i16.i2, i16 %data_11_val_read, i2 0" [firmware/nnet_utils/nnet_mult.h:73->firmware/nnet_utils/nnet_dense_latency.h:42]   --->   Operation 210 'bitconcatenate' 'tmp_1963' <Predicate = true> <Delay = 0.00>
ST_1 : Operation 211 [1/1] (0.00ns)   --->   "%sext_ln73_169 = sext i18 %tmp_1963" [firmware/nnet_utils/nnet_mult.h:73->firmware/nnet_utils/nnet_dense_latency.h:42]   --->   Operation 211 'sext' 'sext_ln73_169' <Predicate = true> <Delay = 0.00>
ST_1 : Operation 212 [1/1] (2.13ns)   --->   "%sub_ln73_441 = sub i19 %sext_ln73_45, i19 %sext_ln73_169" [firmware/nnet_utils/nnet_mult.h:73->firmware/nnet_utils/nnet_dense_latency.h:42]   --->   Operation 212 'sub' 'sub_ln73_441' <Predicate = true> <Delay = 2.13> <CoreInst = "Adder">   --->   Core 1 'Adder' <Latency = 0> <II = 1> <Delay = 2.13> <FuncUnit> <Opcode : 'add' 'sub'> <InPorts = 2> <OutPorts = 1>
ST_1 : Operation 213 [1/1] (0.00ns)   --->   "%mult_604 = partselect i16 @_ssdm_op_PartSelect.i16.i19.i32.i32, i19 %sub_ln73_441, i32 3, i32 18" [firmware/nnet_utils/nnet_dense_latency.h:42]   --->   Operation 213 'partselect' 'mult_604' <Predicate = true> <Delay = 0.00>
ST_1 : Operation 214 [1/1] (0.00ns)   --->   "%tmp_1964 = bitconcatenate i17 @_ssdm_op_BitConcatenate.i17.i16.i1, i16 %data_11_val_read, i1 0" [firmware/nnet_utils/nnet_mult.h:73->firmware/nnet_utils/nnet_dense_latency.h:42]   --->   Operation 214 'bitconcatenate' 'tmp_1964' <Predicate = true> <Delay = 0.00>
ST_1 : Operation 215 [1/1] (0.00ns)   --->   "%sext_ln73_170 = sext i17 %tmp_1964" [firmware/nnet_utils/nnet_mult.h:73->firmware/nnet_utils/nnet_dense_latency.h:42]   --->   Operation 215 'sext' 'sext_ln73_170' <Predicate = true> <Delay = 0.00>
ST_1 : Operation 216 [1/1] (2.10ns)   --->   "%sub_ln73_442 = sub i18 0, i18 %sext_ln73_170" [firmware/nnet_utils/nnet_mult.h:73->firmware/nnet_utils/nnet_dense_latency.h:42]   --->   Operation 216 'sub' 'sub_ln73_442' <Predicate = true> <Delay = 2.10> <CoreInst = "Adder">   --->   Core 1 'Adder' <Latency = 0> <II = 1> <Delay = 2.10> <FuncUnit> <Opcode : 'add' 'sub'> <InPorts = 2> <OutPorts = 1>
ST_1 : Operation 217 [1/1] (0.00ns)   --->   "%mult_605 = partselect i15 @_ssdm_op_PartSelect.i15.i18.i32.i32, i18 %sub_ln73_442, i32 3, i32 17" [firmware/nnet_utils/nnet_dense_latency.h:42]   --->   Operation 217 'partselect' 'mult_605' <Predicate = true> <Delay = 0.00>
ST_1 : Operation 218 [1/1] (0.00ns)   --->   "%sext_ln42_171 = sext i15 %mult_605" [firmware/nnet_utils/nnet_dense_latency.h:42]   --->   Operation 218 'sext' 'sext_ln42_171' <Predicate = true> <Delay = 0.00>
ST_1 : Operation 219 [1/1] (2.13ns)   --->   "%sub_ln73_443 = sub i19 0, i19 %sext_ln73_169" [firmware/nnet_utils/nnet_mult.h:73->firmware/nnet_utils/nnet_dense_latency.h:42]   --->   Operation 219 'sub' 'sub_ln73_443' <Predicate = true> <Delay = 2.13> <CoreInst = "Adder">   --->   Core 1 'Adder' <Latency = 0> <II = 1> <Delay = 2.13> <FuncUnit> <Opcode : 'add' 'sub'> <InPorts = 2> <OutPorts = 1>
ST_1 : Operation 220 [1/1] (0.00ns)   --->   "%mult_606 = partselect i16 @_ssdm_op_PartSelect.i16.i19.i32.i32, i19 %sub_ln73_443, i32 3, i32 18" [firmware/nnet_utils/nnet_dense_latency.h:42]   --->   Operation 220 'partselect' 'mult_606' <Predicate = true> <Delay = 0.00>
ST_1 : Operation 221 [1/1] (0.00ns)   --->   "%mult_607 = partselect i13 @_ssdm_op_PartSelect.i13.i16.i32.i32, i16 %data_11_val_read, i32 3, i32 15" [firmware/nnet_utils/nnet_dense_latency.h:42]   --->   Operation 221 'partselect' 'mult_607' <Predicate = true> <Delay = 0.00>
ST_1 : Operation 222 [1/1] (0.00ns)   --->   "%sext_ln17_543 = sext i13 %mult_607" [firmware/nnet_utils/nnet_dense_latency.h:17]   --->   Operation 222 'sext' 'sext_ln17_543' <Predicate = true> <Delay = 0.00>
ST_1 : Operation 223 [1/1] (0.00ns)   --->   "%sext_ln17_544 = sext i13 %mult_607" [firmware/nnet_utils/nnet_dense_latency.h:17]   --->   Operation 223 'sext' 'sext_ln17_544' <Predicate = true> <Delay = 0.00>
ST_1 : Operation 224 [1/1] (2.13ns)   --->   "%sub_ln73_444 = sub i19 %sext_ln73_169, i19 %sext_ln73_45" [firmware/nnet_utils/nnet_mult.h:73->firmware/nnet_utils/nnet_dense_latency.h:42]   --->   Operation 224 'sub' 'sub_ln73_444' <Predicate = true> <Delay = 2.13> <CoreInst = "Adder">   --->   Core 1 'Adder' <Latency = 0> <II = 1> <Delay = 2.13> <FuncUnit> <Opcode : 'add' 'sub'> <InPorts = 2> <OutPorts = 1>
ST_1 : Operation 225 [1/1] (0.00ns)   --->   "%mult_608 = partselect i16 @_ssdm_op_PartSelect.i16.i19.i32.i32, i19 %sub_ln73_444, i32 3, i32 18" [firmware/nnet_utils/nnet_dense_latency.h:42]   --->   Operation 225 'partselect' 'mult_608' <Predicate = true> <Delay = 0.00>
ST_1 : Operation 226 [1/1] (2.07ns)   --->   "%sub_ln73_219 = sub i17 0, i17 %sext_ln73_43" [firmware/nnet_utils/nnet_mult.h:73->firmware/nnet_utils/nnet_dense_latency.h:42]   --->   Operation 226 'sub' 'sub_ln73_219' <Predicate = true> <Delay = 2.07> <CoreInst = "Adder">   --->   Core 1 'Adder' <Latency = 0> <II = 1> <Delay = 2.07> <FuncUnit> <Opcode : 'add' 'sub'> <InPorts = 2> <OutPorts = 1>
ST_1 : Operation 227 [1/1] (0.00ns)   --->   "%mult_609 = partselect i14 @_ssdm_op_PartSelect.i14.i17.i32.i32, i17 %sub_ln73_219, i32 3, i32 16" [firmware/nnet_utils/nnet_dense_latency.h:42]   --->   Operation 227 'partselect' 'mult_609' <Predicate = true> <Delay = 0.00>
ST_1 : Operation 228 [1/1] (0.00ns)   --->   "%mult_610 = partselect i14 @_ssdm_op_PartSelect.i14.i16.i32.i32, i16 %data_11_val_read, i32 2, i32 15" [firmware/nnet_utils/nnet_dense_latency.h:42]   --->   Operation 228 'partselect' 'mult_610' <Predicate = true> <Delay = 0.00>
ST_1 : Operation 229 [1/1] (0.00ns)   --->   "%sext_ln17_545 = sext i14 %mult_610" [firmware/nnet_utils/nnet_dense_latency.h:17]   --->   Operation 229 'sext' 'sext_ln17_545' <Predicate = true> <Delay = 0.00>
ST_1 : Operation 230 [1/1] (0.00ns)   --->   "%mult_611 = partselect i15 @_ssdm_op_PartSelect.i15.i16.i32.i32, i16 %data_11_val_read, i32 1, i32 15" [firmware/nnet_utils/nnet_dense_latency.h:42]   --->   Operation 230 'partselect' 'mult_611' <Predicate = true> <Delay = 0.00>
ST_1 : Operation 231 [1/1] (0.00ns)   --->   "%sext_ln42_130 = sext i16 %data_12_val_read" [firmware/nnet_utils/nnet_dense_latency.h:42]   --->   Operation 231 'sext' 'sext_ln42_130' <Predicate = true> <Delay = 0.00>
ST_1 : Operation 232 [1/1] (0.00ns)   --->   "%sext_ln73_46 = sext i16 %data_12_val_read" [firmware/nnet_utils/nnet_mult.h:73->firmware/nnet_utils/nnet_dense_latency.h:42]   --->   Operation 232 'sext' 'sext_ln73_46' <Predicate = true> <Delay = 0.00>
ST_1 : Operation 233 [1/1] (0.00ns)   --->   "%tmp_1965 = bitconcatenate i18 @_ssdm_op_BitConcatenate.i18.i16.i2, i16 %data_12_val_read, i2 0" [firmware/nnet_utils/nnet_mult.h:73->firmware/nnet_utils/nnet_dense_latency.h:42]   --->   Operation 233 'bitconcatenate' 'tmp_1965' <Predicate = true> <Delay = 0.00>
ST_1 : Operation 234 [1/1] (0.00ns)   --->   "%sext_ln73_171 = sext i18 %tmp_1965" [firmware/nnet_utils/nnet_mult.h:73->firmware/nnet_utils/nnet_dense_latency.h:42]   --->   Operation 234 'sext' 'sext_ln73_171' <Predicate = true> <Delay = 0.00>
ST_1 : Operation 235 [1/1] (2.13ns)   --->   "%sub_ln73_445 = sub i19 %sext_ln42_130, i19 %sext_ln73_171" [firmware/nnet_utils/nnet_mult.h:73->firmware/nnet_utils/nnet_dense_latency.h:42]   --->   Operation 235 'sub' 'sub_ln73_445' <Predicate = true> <Delay = 2.13> <CoreInst = "Adder">   --->   Core 1 'Adder' <Latency = 0> <II = 1> <Delay = 2.13> <FuncUnit> <Opcode : 'add' 'sub'> <InPorts = 2> <OutPorts = 1>
ST_1 : Operation 236 [1/1] (0.00ns)   --->   "%mult_612 = partselect i16 @_ssdm_op_PartSelect.i16.i19.i32.i32, i19 %sub_ln73_445, i32 3, i32 18" [firmware/nnet_utils/nnet_dense_latency.h:42]   --->   Operation 236 'partselect' 'mult_612' <Predicate = true> <Delay = 0.00>
ST_1 : Operation 237 [1/1] (2.13ns)   --->   "%sub_ln73_446 = sub i19 %sext_ln73_171, i19 %sext_ln42_130" [firmware/nnet_utils/nnet_mult.h:73->firmware/nnet_utils/nnet_dense_latency.h:42]   --->   Operation 237 'sub' 'sub_ln73_446' <Predicate = true> <Delay = 2.13> <CoreInst = "Adder">   --->   Core 1 'Adder' <Latency = 0> <II = 1> <Delay = 2.13> <FuncUnit> <Opcode : 'add' 'sub'> <InPorts = 2> <OutPorts = 1>
ST_1 : Operation 238 [1/1] (0.00ns)   --->   "%mult_613 = partselect i16 @_ssdm_op_PartSelect.i16.i19.i32.i32, i19 %sub_ln73_446, i32 3, i32 18" [firmware/nnet_utils/nnet_dense_latency.h:42]   --->   Operation 238 'partselect' 'mult_613' <Predicate = true> <Delay = 0.00>
ST_1 : Operation 239 [1/1] (0.00ns)   --->   "%tmp_1966 = bitconcatenate i17 @_ssdm_op_BitConcatenate.i17.i16.i1, i16 %data_12_val_read, i1 0" [firmware/nnet_utils/nnet_mult.h:73->firmware/nnet_utils/nnet_dense_latency.h:42]   --->   Operation 239 'bitconcatenate' 'tmp_1966' <Predicate = true> <Delay = 0.00>
ST_1 : Operation 240 [1/1] (0.00ns)   --->   "%sext_ln73_172 = sext i17 %tmp_1966" [firmware/nnet_utils/nnet_mult.h:73->firmware/nnet_utils/nnet_dense_latency.h:42]   --->   Operation 240 'sext' 'sext_ln73_172' <Predicate = true> <Delay = 0.00>
ST_1 : Operation 241 [1/1] (2.10ns)   --->   "%sub_ln73_447 = sub i18 0, i18 %sext_ln73_172" [firmware/nnet_utils/nnet_mult.h:73->firmware/nnet_utils/nnet_dense_latency.h:42]   --->   Operation 241 'sub' 'sub_ln73_447' <Predicate = true> <Delay = 2.10> <CoreInst = "Adder">   --->   Core 1 'Adder' <Latency = 0> <II = 1> <Delay = 2.10> <FuncUnit> <Opcode : 'add' 'sub'> <InPorts = 2> <OutPorts = 1>
ST_1 : Operation 242 [1/1] (0.00ns)   --->   "%mult_614 = partselect i15 @_ssdm_op_PartSelect.i15.i18.i32.i32, i18 %sub_ln73_447, i32 3, i32 17" [firmware/nnet_utils/nnet_dense_latency.h:42]   --->   Operation 242 'partselect' 'mult_614' <Predicate = true> <Delay = 0.00>
ST_1 : Operation 243 [1/1] (0.00ns)   --->   "%mult_615 = partselect i15 @_ssdm_op_PartSelect.i15.i16.i32.i32, i16 %data_12_val_read, i32 1, i32 15" [firmware/nnet_utils/nnet_dense_latency.h:42]   --->   Operation 243 'partselect' 'mult_615' <Predicate = true> <Delay = 0.00>
ST_1 : Operation 244 [1/1] (0.00ns)   --->   "%mult_616 = partselect i14 @_ssdm_op_PartSelect.i14.i16.i32.i32, i16 %data_12_val_read, i32 2, i32 15" [firmware/nnet_utils/nnet_dense_latency.h:42]   --->   Operation 244 'partselect' 'mult_616' <Predicate = true> <Delay = 0.00>
ST_1 : Operation 245 [1/1] (0.00ns)   --->   "%sext_ln42_133 = sext i14 %mult_616" [firmware/nnet_utils/nnet_dense_latency.h:42]   --->   Operation 245 'sext' 'sext_ln42_133' <Predicate = true> <Delay = 0.00>
ST_1 : Operation 246 [1/1] (0.00ns)   --->   "%sext_ln17_546 = sext i14 %mult_616" [firmware/nnet_utils/nnet_dense_latency.h:17]   --->   Operation 246 'sext' 'sext_ln17_546' <Predicate = true> <Delay = 0.00>
ST_1 : Operation 247 [1/1] (0.00ns)   --->   "%mult_617 = partselect i13 @_ssdm_op_PartSelect.i13.i16.i32.i32, i16 %data_12_val_read, i32 3, i32 15" [firmware/nnet_utils/nnet_dense_latency.h:42]   --->   Operation 247 'partselect' 'mult_617' <Predicate = true> <Delay = 0.00>
ST_1 : Operation 248 [1/1] (0.00ns)   --->   "%sext_ln17_547 = sext i13 %mult_617" [firmware/nnet_utils/nnet_dense_latency.h:17]   --->   Operation 248 'sext' 'sext_ln17_547' <Predicate = true> <Delay = 0.00>
ST_1 : Operation 249 [1/1] (0.00ns)   --->   "%sext_ln17_548 = sext i13 %mult_617" [firmware/nnet_utils/nnet_dense_latency.h:17]   --->   Operation 249 'sext' 'sext_ln17_548' <Predicate = true> <Delay = 0.00>
ST_1 : Operation 250 [1/1] (2.07ns)   --->   "%sub_ln73_220 = sub i17 0, i17 %sext_ln73_46" [firmware/nnet_utils/nnet_mult.h:73->firmware/nnet_utils/nnet_dense_latency.h:42]   --->   Operation 250 'sub' 'sub_ln73_220' <Predicate = true> <Delay = 2.07> <CoreInst = "Adder">   --->   Core 1 'Adder' <Latency = 0> <II = 1> <Delay = 2.07> <FuncUnit> <Opcode : 'add' 'sub'> <InPorts = 2> <OutPorts = 1>
ST_1 : Operation 251 [1/1] (0.00ns)   --->   "%mult_618 = partselect i14 @_ssdm_op_PartSelect.i14.i17.i32.i32, i17 %sub_ln73_220, i32 3, i32 16" [firmware/nnet_utils/nnet_dense_latency.h:42]   --->   Operation 251 'partselect' 'mult_618' <Predicate = true> <Delay = 0.00>
ST_1 : Operation 252 [1/1] (2.13ns)   --->   "%add_ln42_15 = add i19 %sext_ln73_171, i19 %sext_ln42_130" [firmware/nnet_utils/nnet_dense_latency.h:42]   --->   Operation 252 'add' 'add_ln42_15' <Predicate = true> <Delay = 2.13> <CoreInst = "Adder">   --->   Core 1 'Adder' <Latency = 0> <II = 1> <Delay = 2.13> <FuncUnit> <Opcode : 'add' 'sub'> <InPorts = 2> <OutPorts = 1>
ST_1 : Operation 253 [1/1] (0.00ns)   --->   "%mult_619 = partselect i16 @_ssdm_op_PartSelect.i16.i19.i32.i32, i19 %add_ln42_15, i32 3, i32 18" [firmware/nnet_utils/nnet_dense_latency.h:42]   --->   Operation 253 'partselect' 'mult_619' <Predicate = true> <Delay = 0.00>
ST_1 : Operation 254 [1/1] (2.13ns)   --->   "%sub_ln73_448 = sub i19 0, i19 %sext_ln73_171" [firmware/nnet_utils/nnet_mult.h:73->firmware/nnet_utils/nnet_dense_latency.h:42]   --->   Operation 254 'sub' 'sub_ln73_448' <Predicate = true> <Delay = 2.13> <CoreInst = "Adder">   --->   Core 1 'Adder' <Latency = 0> <II = 1> <Delay = 2.13> <FuncUnit> <Opcode : 'add' 'sub'> <InPorts = 2> <OutPorts = 1>
ST_1 : Operation 255 [1/1] (0.00ns)   --->   "%mult_620 = partselect i16 @_ssdm_op_PartSelect.i16.i19.i32.i32, i19 %sub_ln73_448, i32 3, i32 18" [firmware/nnet_utils/nnet_dense_latency.h:42]   --->   Operation 255 'partselect' 'mult_620' <Predicate = true> <Delay = 0.00>
ST_1 : Operation 256 [1/1] (0.00ns)   --->   "%sext_ln73_48 = sext i16 %data_13_val_read" [firmware/nnet_utils/nnet_mult.h:73->firmware/nnet_utils/nnet_dense_latency.h:42]   --->   Operation 256 'sext' 'sext_ln73_48' <Predicate = true> <Delay = 0.00>
ST_1 : Operation 257 [1/1] (0.00ns)   --->   "%sext_ln73_50 = sext i16 %data_13_val_read" [firmware/nnet_utils/nnet_mult.h:73->firmware/nnet_utils/nnet_dense_latency.h:42]   --->   Operation 257 'sext' 'sext_ln73_50' <Predicate = true> <Delay = 0.00>
ST_1 : Operation 258 [1/1] (2.07ns)   --->   "%sub_ln73_221 = sub i17 0, i17 %sext_ln73_50" [firmware/nnet_utils/nnet_mult.h:73->firmware/nnet_utils/nnet_dense_latency.h:42]   --->   Operation 258 'sub' 'sub_ln73_221' <Predicate = true> <Delay = 2.07> <CoreInst = "Adder">   --->   Core 1 'Adder' <Latency = 0> <II = 1> <Delay = 2.07> <FuncUnit> <Opcode : 'add' 'sub'> <InPorts = 2> <OutPorts = 1>
ST_1 : Operation 259 [1/1] (0.00ns)   --->   "%mult_621 = partselect i14 @_ssdm_op_PartSelect.i14.i17.i32.i32, i17 %sub_ln73_221, i32 3, i32 16" [firmware/nnet_utils/nnet_dense_latency.h:42]   --->   Operation 259 'partselect' 'mult_621' <Predicate = true> <Delay = 0.00>
ST_1 : Operation 260 [1/1] (0.00ns)   --->   "%mult_622 = partselect i14 @_ssdm_op_PartSelect.i14.i16.i32.i32, i16 %data_13_val_read, i32 2, i32 15" [firmware/nnet_utils/nnet_dense_latency.h:42]   --->   Operation 260 'partselect' 'mult_622' <Predicate = true> <Delay = 0.00>
ST_1 : Operation 261 [1/1] (0.00ns)   --->   "%sext_ln42_136 = sext i14 %mult_622" [firmware/nnet_utils/nnet_dense_latency.h:42]   --->   Operation 261 'sext' 'sext_ln42_136' <Predicate = true> <Delay = 0.00>
ST_1 : Operation 262 [1/1] (0.00ns)   --->   "%sext_ln17_550 = sext i14 %mult_622" [firmware/nnet_utils/nnet_dense_latency.h:17]   --->   Operation 262 'sext' 'sext_ln17_550' <Predicate = true> <Delay = 0.00>
ST_1 : Operation 263 [1/1] (0.00ns)   --->   "%tmp_1967 = bitconcatenate i17 @_ssdm_op_BitConcatenate.i17.i16.i1, i16 %data_13_val_read, i1 0" [firmware/nnet_utils/nnet_mult.h:73->firmware/nnet_utils/nnet_dense_latency.h:42]   --->   Operation 263 'bitconcatenate' 'tmp_1967' <Predicate = true> <Delay = 0.00>
ST_1 : Operation 264 [1/1] (0.00ns)   --->   "%sext_ln73_173 = sext i17 %tmp_1967" [firmware/nnet_utils/nnet_mult.h:73->firmware/nnet_utils/nnet_dense_latency.h:42]   --->   Operation 264 'sext' 'sext_ln73_173' <Predicate = true> <Delay = 0.00>
ST_1 : Operation 265 [1/1] (2.10ns)   --->   "%sub_ln73_449 = sub i18 0, i18 %sext_ln73_173" [firmware/nnet_utils/nnet_mult.h:73->firmware/nnet_utils/nnet_dense_latency.h:42]   --->   Operation 265 'sub' 'sub_ln73_449' <Predicate = true> <Delay = 2.10> <CoreInst = "Adder">   --->   Core 1 'Adder' <Latency = 0> <II = 1> <Delay = 2.10> <FuncUnit> <Opcode : 'add' 'sub'> <InPorts = 2> <OutPorts = 1>
ST_1 : Operation 266 [1/1] (0.00ns)   --->   "%mult_623 = partselect i15 @_ssdm_op_PartSelect.i15.i18.i32.i32, i18 %sub_ln73_449, i32 3, i32 17" [firmware/nnet_utils/nnet_dense_latency.h:42]   --->   Operation 266 'partselect' 'mult_623' <Predicate = true> <Delay = 0.00>
ST_1 : Operation 267 [1/1] (0.00ns)   --->   "%mult_624 = partselect i15 @_ssdm_op_PartSelect.i15.i16.i32.i32, i16 %data_13_val_read, i32 1, i32 15" [firmware/nnet_utils/nnet_dense_latency.h:42]   --->   Operation 267 'partselect' 'mult_624' <Predicate = true> <Delay = 0.00>
ST_1 : Operation 268 [1/1] (0.00ns)   --->   "%mult_625 = partselect i13 @_ssdm_op_PartSelect.i13.i16.i32.i32, i16 %data_13_val_read, i32 3, i32 15" [firmware/nnet_utils/nnet_dense_latency.h:42]   --->   Operation 268 'partselect' 'mult_625' <Predicate = true> <Delay = 0.00>
ST_1 : Operation 269 [1/1] (0.00ns)   --->   "%sext_ln17_551 = sext i13 %mult_625" [firmware/nnet_utils/nnet_dense_latency.h:17]   --->   Operation 269 'sext' 'sext_ln17_551' <Predicate = true> <Delay = 0.00>
ST_1 : Operation 270 [1/1] (0.00ns)   --->   "%sext_ln17_552 = sext i13 %mult_625" [firmware/nnet_utils/nnet_dense_latency.h:17]   --->   Operation 270 'sext' 'sext_ln17_552' <Predicate = true> <Delay = 0.00>
ST_1 : Operation 271 [1/1] (0.00ns)   --->   "%tmp_1968 = bitconcatenate i18 @_ssdm_op_BitConcatenate.i18.i16.i2, i16 %data_13_val_read, i2 0" [firmware/nnet_utils/nnet_mult.h:73->firmware/nnet_utils/nnet_dense_latency.h:42]   --->   Operation 271 'bitconcatenate' 'tmp_1968' <Predicate = true> <Delay = 0.00>
ST_1 : Operation 272 [1/1] (0.00ns)   --->   "%sext_ln73_174 = sext i18 %tmp_1968" [firmware/nnet_utils/nnet_mult.h:73->firmware/nnet_utils/nnet_dense_latency.h:42]   --->   Operation 272 'sext' 'sext_ln73_174' <Predicate = true> <Delay = 0.00>
ST_1 : Operation 273 [1/1] (2.13ns)   --->   "%sub_ln73_450 = sub i19 %sext_ln73_48, i19 %sext_ln73_174" [firmware/nnet_utils/nnet_mult.h:73->firmware/nnet_utils/nnet_dense_latency.h:42]   --->   Operation 273 'sub' 'sub_ln73_450' <Predicate = true> <Delay = 2.13> <CoreInst = "Adder">   --->   Core 1 'Adder' <Latency = 0> <II = 1> <Delay = 2.13> <FuncUnit> <Opcode : 'add' 'sub'> <InPorts = 2> <OutPorts = 1>
ST_1 : Operation 274 [1/1] (0.00ns)   --->   "%mult_626 = partselect i16 @_ssdm_op_PartSelect.i16.i19.i32.i32, i19 %sub_ln73_450, i32 3, i32 18" [firmware/nnet_utils/nnet_dense_latency.h:42]   --->   Operation 274 'partselect' 'mult_626' <Predicate = true> <Delay = 0.00>
ST_1 : Operation 275 [1/1] (2.13ns)   --->   "%sub_ln42_46 = sub i19 0, i19 %sext_ln73_174" [firmware/nnet_utils/nnet_dense_latency.h:42]   --->   Operation 275 'sub' 'sub_ln42_46' <Predicate = true> <Delay = 2.13> <CoreInst = "Adder">   --->   Core 1 'Adder' <Latency = 0> <II = 1> <Delay = 2.13> <FuncUnit> <Opcode : 'add' 'sub'> <InPorts = 2> <OutPorts = 1>
ST_1 : Operation 276 [1/1] (2.16ns)   --->   "%sub_ln42_47 = sub i19 %sub_ln42_46, i19 %sext_ln73_48" [firmware/nnet_utils/nnet_dense_latency.h:42]   --->   Operation 276 'sub' 'sub_ln42_47' <Predicate = true> <Delay = 2.16> <CoreInst = "Adder">   --->   Core 1 'Adder' <Latency = 0> <II = 1> <Delay = 2.16> <FuncUnit> <Opcode : 'add' 'sub'> <InPorts = 2> <OutPorts = 1>
ST_1 : Operation 277 [1/1] (0.00ns)   --->   "%mult_627 = partselect i16 @_ssdm_op_PartSelect.i16.i19.i32.i32, i19 %sub_ln42_47, i32 3, i32 18" [firmware/nnet_utils/nnet_dense_latency.h:42]   --->   Operation 277 'partselect' 'mult_627' <Predicate = true> <Delay = 0.00>
ST_1 : Operation 278 [1/1] (0.00ns)   --->   "%mult_628 = partselect i16 @_ssdm_op_PartSelect.i16.i19.i32.i32, i19 %sub_ln42_46, i32 3, i32 18" [firmware/nnet_utils/nnet_dense_latency.h:42]   --->   Operation 278 'partselect' 'mult_628' <Predicate = true> <Delay = 0.00>
ST_1 : Operation 279 [1/1] (2.13ns)   --->   "%add_ln42_16 = add i19 %sext_ln73_174, i19 %sext_ln73_48" [firmware/nnet_utils/nnet_dense_latency.h:42]   --->   Operation 279 'add' 'add_ln42_16' <Predicate = true> <Delay = 2.13> <CoreInst = "Adder">   --->   Core 1 'Adder' <Latency = 0> <II = 1> <Delay = 2.13> <FuncUnit> <Opcode : 'add' 'sub'> <InPorts = 2> <OutPorts = 1>
ST_1 : Operation 280 [1/1] (0.00ns)   --->   "%mult_629 = partselect i16 @_ssdm_op_PartSelect.i16.i19.i32.i32, i19 %add_ln42_16, i32 3, i32 18" [firmware/nnet_utils/nnet_dense_latency.h:42]   --->   Operation 280 'partselect' 'mult_629' <Predicate = true> <Delay = 0.00>
ST_1 : Operation 281 [1/1] (0.00ns)   --->   "%sext_ln73_51 = sext i16 %data_14_val_read" [firmware/nnet_utils/nnet_mult.h:73->firmware/nnet_utils/nnet_dense_latency.h:42]   --->   Operation 281 'sext' 'sext_ln73_51' <Predicate = true> <Delay = 0.00>
ST_1 : Operation 282 [1/1] (0.00ns)   --->   "%sext_ln73_53 = sext i16 %data_14_val_read" [firmware/nnet_utils/nnet_mult.h:73->firmware/nnet_utils/nnet_dense_latency.h:42]   --->   Operation 282 'sext' 'sext_ln73_53' <Predicate = true> <Delay = 0.00>
ST_1 : Operation 283 [1/1] (0.00ns)   --->   "%tmp_1969 = bitconcatenate i18 @_ssdm_op_BitConcatenate.i18.i16.i2, i16 %data_14_val_read, i2 0" [firmware/nnet_utils/nnet_mult.h:73->firmware/nnet_utils/nnet_dense_latency.h:42]   --->   Operation 283 'bitconcatenate' 'tmp_1969' <Predicate = true> <Delay = 0.00>
ST_1 : Operation 284 [1/1] (0.00ns)   --->   "%sext_ln73_175 = sext i18 %tmp_1969" [firmware/nnet_utils/nnet_mult.h:73->firmware/nnet_utils/nnet_dense_latency.h:42]   --->   Operation 284 'sext' 'sext_ln73_175' <Predicate = true> <Delay = 0.00>
ST_1 : Operation 285 [1/1] (2.13ns)   --->   "%sub_ln73_451 = sub i19 %sext_ln73_175, i19 %sext_ln73_53" [firmware/nnet_utils/nnet_mult.h:73->firmware/nnet_utils/nnet_dense_latency.h:42]   --->   Operation 285 'sub' 'sub_ln73_451' <Predicate = true> <Delay = 2.13> <CoreInst = "Adder">   --->   Core 1 'Adder' <Latency = 0> <II = 1> <Delay = 2.13> <FuncUnit> <Opcode : 'add' 'sub'> <InPorts = 2> <OutPorts = 1>
ST_1 : Operation 286 [1/1] (0.00ns)   --->   "%mult_630 = partselect i16 @_ssdm_op_PartSelect.i16.i19.i32.i32, i19 %sub_ln73_451, i32 3, i32 18" [firmware/nnet_utils/nnet_dense_latency.h:42]   --->   Operation 286 'partselect' 'mult_630' <Predicate = true> <Delay = 0.00>
ST_1 : Operation 287 [1/1] (0.00ns)   --->   "%tmp_1970 = bitconcatenate i17 @_ssdm_op_BitConcatenate.i17.i16.i1, i16 %data_14_val_read, i1 0" [firmware/nnet_utils/nnet_mult.h:73->firmware/nnet_utils/nnet_dense_latency.h:42]   --->   Operation 287 'bitconcatenate' 'tmp_1970' <Predicate = true> <Delay = 0.00>
ST_1 : Operation 288 [1/1] (0.00ns)   --->   "%sext_ln73_176 = sext i17 %tmp_1970" [firmware/nnet_utils/nnet_mult.h:73->firmware/nnet_utils/nnet_dense_latency.h:42]   --->   Operation 288 'sext' 'sext_ln73_176' <Predicate = true> <Delay = 0.00>
ST_1 : Operation 289 [1/1] (2.10ns)   --->   "%sub_ln73_452 = sub i18 0, i18 %sext_ln73_176" [firmware/nnet_utils/nnet_mult.h:73->firmware/nnet_utils/nnet_dense_latency.h:42]   --->   Operation 289 'sub' 'sub_ln73_452' <Predicate = true> <Delay = 2.10> <CoreInst = "Adder">   --->   Core 1 'Adder' <Latency = 0> <II = 1> <Delay = 2.10> <FuncUnit> <Opcode : 'add' 'sub'> <InPorts = 2> <OutPorts = 1>
ST_1 : Operation 290 [1/1] (0.00ns)   --->   "%mult_631 = partselect i15 @_ssdm_op_PartSelect.i15.i18.i32.i32, i18 %sub_ln73_452, i32 3, i32 17" [firmware/nnet_utils/nnet_dense_latency.h:42]   --->   Operation 290 'partselect' 'mult_631' <Predicate = true> <Delay = 0.00>
ST_1 : Operation 291 [1/1] (2.07ns)   --->   "%sub_ln73_222 = sub i17 0, i17 %sext_ln73_51" [firmware/nnet_utils/nnet_mult.h:73->firmware/nnet_utils/nnet_dense_latency.h:42]   --->   Operation 291 'sub' 'sub_ln73_222' <Predicate = true> <Delay = 2.07> <CoreInst = "Adder">   --->   Core 1 'Adder' <Latency = 0> <II = 1> <Delay = 2.07> <FuncUnit> <Opcode : 'add' 'sub'> <InPorts = 2> <OutPorts = 1>
ST_1 : Operation 292 [1/1] (0.00ns)   --->   "%mult_632 = partselect i14 @_ssdm_op_PartSelect.i14.i17.i32.i32, i17 %sub_ln73_222, i32 3, i32 16" [firmware/nnet_utils/nnet_dense_latency.h:42]   --->   Operation 292 'partselect' 'mult_632' <Predicate = true> <Delay = 0.00>
ST_1 : Operation 293 [1/1] (2.13ns)   --->   "%sub_ln73_453 = sub i19 %sext_ln73_53, i19 %sext_ln73_175" [firmware/nnet_utils/nnet_mult.h:73->firmware/nnet_utils/nnet_dense_latency.h:42]   --->   Operation 293 'sub' 'sub_ln73_453' <Predicate = true> <Delay = 2.13> <CoreInst = "Adder">   --->   Core 1 'Adder' <Latency = 0> <II = 1> <Delay = 2.13> <FuncUnit> <Opcode : 'add' 'sub'> <InPorts = 2> <OutPorts = 1>
ST_1 : Operation 294 [1/1] (0.00ns)   --->   "%mult_633 = partselect i16 @_ssdm_op_PartSelect.i16.i19.i32.i32, i19 %sub_ln73_453, i32 3, i32 18" [firmware/nnet_utils/nnet_dense_latency.h:42]   --->   Operation 294 'partselect' 'mult_633' <Predicate = true> <Delay = 0.00>
ST_1 : Operation 295 [1/1] (0.00ns)   --->   "%mult_634 = partselect i13 @_ssdm_op_PartSelect.i13.i16.i32.i32, i16 %data_14_val_read, i32 3, i32 15" [firmware/nnet_utils/nnet_dense_latency.h:42]   --->   Operation 295 'partselect' 'mult_634' <Predicate = true> <Delay = 0.00>
ST_1 : Operation 296 [1/1] (0.00ns)   --->   "%sext_ln17_554 = sext i13 %mult_634" [firmware/nnet_utils/nnet_dense_latency.h:17]   --->   Operation 296 'sext' 'sext_ln17_554' <Predicate = true> <Delay = 0.00>
ST_1 : Operation 297 [1/1] (2.13ns)   --->   "%sub_ln73_454 = sub i19 0, i19 %sext_ln73_175" [firmware/nnet_utils/nnet_mult.h:73->firmware/nnet_utils/nnet_dense_latency.h:42]   --->   Operation 297 'sub' 'sub_ln73_454' <Predicate = true> <Delay = 2.13> <CoreInst = "Adder">   --->   Core 1 'Adder' <Latency = 0> <II = 1> <Delay = 2.13> <FuncUnit> <Opcode : 'add' 'sub'> <InPorts = 2> <OutPorts = 1>
ST_1 : Operation 298 [1/1] (0.00ns)   --->   "%mult_635 = partselect i16 @_ssdm_op_PartSelect.i16.i19.i32.i32, i19 %sub_ln73_454, i32 3, i32 18" [firmware/nnet_utils/nnet_dense_latency.h:42]   --->   Operation 298 'partselect' 'mult_635' <Predicate = true> <Delay = 0.00>
ST_1 : Operation 299 [1/1] (0.00ns)   --->   "%mult_636 = partselect i14 @_ssdm_op_PartSelect.i14.i16.i32.i32, i16 %data_14_val_read, i32 2, i32 15" [firmware/nnet_utils/nnet_dense_latency.h:42]   --->   Operation 299 'partselect' 'mult_636' <Predicate = true> <Delay = 0.00>
ST_1 : Operation 300 [1/1] (0.00ns)   --->   "%mult_637 = partselect i15 @_ssdm_op_PartSelect.i15.i16.i32.i32, i16 %data_14_val_read, i32 1, i32 15" [firmware/nnet_utils/nnet_dense_latency.h:42]   --->   Operation 300 'partselect' 'mult_637' <Predicate = true> <Delay = 0.00>
ST_1 : Operation 301 [1/1] (0.00ns)   --->   "%sext_ln42_142 = sext i16 %data_15_val_read" [firmware/nnet_utils/nnet_dense_latency.h:42]   --->   Operation 301 'sext' 'sext_ln42_142' <Predicate = true> <Delay = 0.00>
ST_1 : Operation 302 [1/1] (0.00ns)   --->   "%sext_ln73_55 = sext i16 %data_15_val_read" [firmware/nnet_utils/nnet_mult.h:73->firmware/nnet_utils/nnet_dense_latency.h:42]   --->   Operation 302 'sext' 'sext_ln73_55' <Predicate = true> <Delay = 0.00>
ST_1 : Operation 303 [1/1] (2.07ns)   --->   "%sub_ln73_223 = sub i17 0, i17 %sext_ln73_55" [firmware/nnet_utils/nnet_mult.h:73->firmware/nnet_utils/nnet_dense_latency.h:42]   --->   Operation 303 'sub' 'sub_ln73_223' <Predicate = true> <Delay = 2.07> <CoreInst = "Adder">   --->   Core 1 'Adder' <Latency = 0> <II = 1> <Delay = 2.07> <FuncUnit> <Opcode : 'add' 'sub'> <InPorts = 2> <OutPorts = 1>
ST_1 : Operation 304 [1/1] (0.00ns)   --->   "%mult_638 = partselect i14 @_ssdm_op_PartSelect.i14.i17.i32.i32, i17 %sub_ln73_223, i32 3, i32 16" [firmware/nnet_utils/nnet_dense_latency.h:42]   --->   Operation 304 'partselect' 'mult_638' <Predicate = true> <Delay = 0.00>
ST_1 : Operation 305 [1/1] (0.00ns)   --->   "%mult_639 = partselect i14 @_ssdm_op_PartSelect.i14.i16.i32.i32, i16 %data_15_val_read, i32 2, i32 15" [firmware/nnet_utils/nnet_dense_latency.h:42]   --->   Operation 305 'partselect' 'mult_639' <Predicate = true> <Delay = 0.00>
ST_1 : Operation 306 [1/1] (0.00ns)   --->   "%tmp_1971 = bitconcatenate i18 @_ssdm_op_BitConcatenate.i18.i16.i2, i16 %data_15_val_read, i2 0" [firmware/nnet_utils/nnet_mult.h:73->firmware/nnet_utils/nnet_dense_latency.h:42]   --->   Operation 306 'bitconcatenate' 'tmp_1971' <Predicate = true> <Delay = 0.00>
ST_1 : Operation 307 [1/1] (0.00ns)   --->   "%sext_ln73_177 = sext i18 %tmp_1971" [firmware/nnet_utils/nnet_mult.h:73->firmware/nnet_utils/nnet_dense_latency.h:42]   --->   Operation 307 'sext' 'sext_ln73_177' <Predicate = true> <Delay = 0.00>
ST_1 : Operation 308 [1/1] (2.13ns)   --->   "%sub_ln73_455 = sub i19 %sext_ln73_177, i19 %sext_ln42_142" [firmware/nnet_utils/nnet_mult.h:73->firmware/nnet_utils/nnet_dense_latency.h:42]   --->   Operation 308 'sub' 'sub_ln73_455' <Predicate = true> <Delay = 2.13> <CoreInst = "Adder">   --->   Core 1 'Adder' <Latency = 0> <II = 1> <Delay = 2.13> <FuncUnit> <Opcode : 'add' 'sub'> <InPorts = 2> <OutPorts = 1>
ST_1 : Operation 309 [1/1] (0.00ns)   --->   "%mult_640 = partselect i16 @_ssdm_op_PartSelect.i16.i19.i32.i32, i19 %sub_ln73_455, i32 3, i32 18" [firmware/nnet_utils/nnet_dense_latency.h:42]   --->   Operation 309 'partselect' 'mult_640' <Predicate = true> <Delay = 0.00>
ST_1 : Operation 310 [1/1] (0.00ns)   --->   "%tmp_1972 = bitconcatenate i17 @_ssdm_op_BitConcatenate.i17.i16.i1, i16 %data_15_val_read, i1 0" [firmware/nnet_utils/nnet_mult.h:73->firmware/nnet_utils/nnet_dense_latency.h:42]   --->   Operation 310 'bitconcatenate' 'tmp_1972' <Predicate = true> <Delay = 0.00>
ST_1 : Operation 311 [1/1] (0.00ns)   --->   "%sext_ln73_178 = sext i17 %tmp_1972" [firmware/nnet_utils/nnet_mult.h:73->firmware/nnet_utils/nnet_dense_latency.h:42]   --->   Operation 311 'sext' 'sext_ln73_178' <Predicate = true> <Delay = 0.00>
ST_1 : Operation 312 [1/1] (2.10ns)   --->   "%sub_ln73_456 = sub i18 0, i18 %sext_ln73_178" [firmware/nnet_utils/nnet_mult.h:73->firmware/nnet_utils/nnet_dense_latency.h:42]   --->   Operation 312 'sub' 'sub_ln73_456' <Predicate = true> <Delay = 2.10> <CoreInst = "Adder">   --->   Core 1 'Adder' <Latency = 0> <II = 1> <Delay = 2.10> <FuncUnit> <Opcode : 'add' 'sub'> <InPorts = 2> <OutPorts = 1>
ST_1 : Operation 313 [1/1] (0.00ns)   --->   "%mult_641 = partselect i15 @_ssdm_op_PartSelect.i15.i18.i32.i32, i18 %sub_ln73_456, i32 3, i32 17" [firmware/nnet_utils/nnet_dense_latency.h:42]   --->   Operation 313 'partselect' 'mult_641' <Predicate = true> <Delay = 0.00>
ST_1 : Operation 314 [1/1] (2.13ns)   --->   "%sub_ln73_457 = sub i19 %sext_ln42_142, i19 %sext_ln73_177" [firmware/nnet_utils/nnet_mult.h:73->firmware/nnet_utils/nnet_dense_latency.h:42]   --->   Operation 314 'sub' 'sub_ln73_457' <Predicate = true> <Delay = 2.13> <CoreInst = "Adder">   --->   Core 1 'Adder' <Latency = 0> <II = 1> <Delay = 2.13> <FuncUnit> <Opcode : 'add' 'sub'> <InPorts = 2> <OutPorts = 1>
ST_1 : Operation 315 [1/1] (0.00ns)   --->   "%mult_642 = partselect i16 @_ssdm_op_PartSelect.i16.i19.i32.i32, i19 %sub_ln73_457, i32 3, i32 18" [firmware/nnet_utils/nnet_dense_latency.h:42]   --->   Operation 315 'partselect' 'mult_642' <Predicate = true> <Delay = 0.00>
ST_1 : Operation 316 [1/1] (2.13ns)   --->   "%sub_ln73_458 = sub i19 0, i19 %sext_ln73_177" [firmware/nnet_utils/nnet_mult.h:73->firmware/nnet_utils/nnet_dense_latency.h:42]   --->   Operation 316 'sub' 'sub_ln73_458' <Predicate = true> <Delay = 2.13> <CoreInst = "Adder">   --->   Core 1 'Adder' <Latency = 0> <II = 1> <Delay = 2.13> <FuncUnit> <Opcode : 'add' 'sub'> <InPorts = 2> <OutPorts = 1>
ST_1 : Operation 317 [1/1] (0.00ns)   --->   "%mult_643 = partselect i16 @_ssdm_op_PartSelect.i16.i19.i32.i32, i19 %sub_ln73_458, i32 3, i32 18" [firmware/nnet_utils/nnet_dense_latency.h:42]   --->   Operation 317 'partselect' 'mult_643' <Predicate = true> <Delay = 0.00>
ST_1 : Operation 318 [1/1] (2.13ns)   --->   "%add_ln42_17 = add i19 %sext_ln73_177, i19 %sext_ln42_142" [firmware/nnet_utils/nnet_dense_latency.h:42]   --->   Operation 318 'add' 'add_ln42_17' <Predicate = true> <Delay = 2.13> <CoreInst = "Adder">   --->   Core 1 'Adder' <Latency = 0> <II = 1> <Delay = 2.13> <FuncUnit> <Opcode : 'add' 'sub'> <InPorts = 2> <OutPorts = 1>
ST_1 : Operation 319 [1/1] (0.00ns)   --->   "%mult_644 = partselect i16 @_ssdm_op_PartSelect.i16.i19.i32.i32, i19 %add_ln42_17, i32 3, i32 18" [firmware/nnet_utils/nnet_dense_latency.h:42]   --->   Operation 319 'partselect' 'mult_644' <Predicate = true> <Delay = 0.00>
ST_1 : Operation 320 [1/1] (0.00ns)   --->   "%mult_645 = partselect i13 @_ssdm_op_PartSelect.i13.i16.i32.i32, i16 %data_15_val_read, i32 3, i32 15" [firmware/nnet_utils/nnet_dense_latency.h:42]   --->   Operation 320 'partselect' 'mult_645' <Predicate = true> <Delay = 0.00>
ST_1 : Operation 321 [1/1] (0.00ns)   --->   "%sext_ln17_558 = sext i13 %mult_645" [firmware/nnet_utils/nnet_dense_latency.h:17]   --->   Operation 321 'sext' 'sext_ln17_558' <Predicate = true> <Delay = 0.00>
ST_1 : Operation 322 [1/1] (0.00ns)   --->   "%sext_ln17_559 = sext i13 %mult_645" [firmware/nnet_utils/nnet_dense_latency.h:17]   --->   Operation 322 'sext' 'sext_ln17_559' <Predicate = true> <Delay = 0.00>
ST_1 : Operation 323 [1/1] (0.00ns)   --->   "%mult_646 = partselect i15 @_ssdm_op_PartSelect.i15.i16.i32.i32, i16 %data_15_val_read, i32 1, i32 15" [firmware/nnet_utils/nnet_dense_latency.h:42]   --->   Operation 323 'partselect' 'mult_646' <Predicate = true> <Delay = 0.00>
ST_1 : Operation 324 [1/1] (0.00ns)   --->   "%sext_ln42_147 = sext i16 %data_16_val_read" [firmware/nnet_utils/nnet_dense_latency.h:42]   --->   Operation 324 'sext' 'sext_ln42_147' <Predicate = true> <Delay = 0.00>
ST_1 : Operation 325 [1/1] (0.00ns)   --->   "%sext_ln42_148 = sext i16 %data_16_val_read" [firmware/nnet_utils/nnet_dense_latency.h:42]   --->   Operation 325 'sext' 'sext_ln42_148' <Predicate = true> <Delay = 0.00>
ST_1 : Operation 326 [1/1] (0.00ns)   --->   "%mult_647 = partselect i15 @_ssdm_op_PartSelect.i15.i16.i32.i32, i16 %data_16_val_read, i32 1, i32 15" [firmware/nnet_utils/nnet_dense_latency.h:42]   --->   Operation 326 'partselect' 'mult_647' <Predicate = true> <Delay = 0.00>
ST_1 : Operation 327 [1/1] (0.00ns)   --->   "%tmp_1973 = bitconcatenate i17 @_ssdm_op_BitConcatenate.i17.i16.i1, i16 %data_16_val_read, i1 0" [firmware/nnet_utils/nnet_mult.h:73->firmware/nnet_utils/nnet_dense_latency.h:42]   --->   Operation 327 'bitconcatenate' 'tmp_1973' <Predicate = true> <Delay = 0.00>
ST_1 : Operation 328 [1/1] (0.00ns)   --->   "%sext_ln73_179 = sext i17 %tmp_1973" [firmware/nnet_utils/nnet_mult.h:73->firmware/nnet_utils/nnet_dense_latency.h:42]   --->   Operation 328 'sext' 'sext_ln73_179' <Predicate = true> <Delay = 0.00>
ST_1 : Operation 329 [1/1] (2.10ns)   --->   "%sub_ln73_459 = sub i18 0, i18 %sext_ln73_179" [firmware/nnet_utils/nnet_mult.h:73->firmware/nnet_utils/nnet_dense_latency.h:42]   --->   Operation 329 'sub' 'sub_ln73_459' <Predicate = true> <Delay = 2.10> <CoreInst = "Adder">   --->   Core 1 'Adder' <Latency = 0> <II = 1> <Delay = 2.10> <FuncUnit> <Opcode : 'add' 'sub'> <InPorts = 2> <OutPorts = 1>
ST_1 : Operation 330 [1/1] (0.00ns)   --->   "%mult_648 = partselect i15 @_ssdm_op_PartSelect.i15.i18.i32.i32, i18 %sub_ln73_459, i32 3, i32 17" [firmware/nnet_utils/nnet_dense_latency.h:42]   --->   Operation 330 'partselect' 'mult_648' <Predicate = true> <Delay = 0.00>
ST_1 : Operation 331 [1/1] (2.07ns)   --->   "%sub_ln73_224 = sub i17 0, i17 %sext_ln42_148" [firmware/nnet_utils/nnet_mult.h:73->firmware/nnet_utils/nnet_dense_latency.h:42]   --->   Operation 331 'sub' 'sub_ln73_224' <Predicate = true> <Delay = 2.07> <CoreInst = "Adder">   --->   Core 1 'Adder' <Latency = 0> <II = 1> <Delay = 2.07> <FuncUnit> <Opcode : 'add' 'sub'> <InPorts = 2> <OutPorts = 1>
ST_1 : Operation 332 [1/1] (0.00ns)   --->   "%mult_649 = partselect i14 @_ssdm_op_PartSelect.i14.i17.i32.i32, i17 %sub_ln73_224, i32 3, i32 16" [firmware/nnet_utils/nnet_dense_latency.h:42]   --->   Operation 332 'partselect' 'mult_649' <Predicate = true> <Delay = 0.00>
ST_1 : Operation 333 [1/1] (0.00ns)   --->   "%tmp_1974 = bitconcatenate i18 @_ssdm_op_BitConcatenate.i18.i16.i2, i16 %data_16_val_read, i2 0" [firmware/nnet_utils/nnet_mult.h:73->firmware/nnet_utils/nnet_dense_latency.h:42]   --->   Operation 333 'bitconcatenate' 'tmp_1974' <Predicate = true> <Delay = 0.00>
ST_1 : Operation 334 [1/1] (0.00ns)   --->   "%sext_ln73_180 = sext i18 %tmp_1974" [firmware/nnet_utils/nnet_mult.h:73->firmware/nnet_utils/nnet_dense_latency.h:42]   --->   Operation 334 'sext' 'sext_ln73_180' <Predicate = true> <Delay = 0.00>
ST_1 : Operation 335 [1/1] (2.13ns)   --->   "%sub_ln73_460 = sub i19 %sext_ln42_147, i19 %sext_ln73_180" [firmware/nnet_utils/nnet_mult.h:73->firmware/nnet_utils/nnet_dense_latency.h:42]   --->   Operation 335 'sub' 'sub_ln73_460' <Predicate = true> <Delay = 2.13> <CoreInst = "Adder">   --->   Core 1 'Adder' <Latency = 0> <II = 1> <Delay = 2.13> <FuncUnit> <Opcode : 'add' 'sub'> <InPorts = 2> <OutPorts = 1>
ST_1 : Operation 336 [1/1] (0.00ns)   --->   "%mult_650 = partselect i16 @_ssdm_op_PartSelect.i16.i19.i32.i32, i19 %sub_ln73_460, i32 3, i32 18" [firmware/nnet_utils/nnet_dense_latency.h:42]   --->   Operation 336 'partselect' 'mult_650' <Predicate = true> <Delay = 0.00>
ST_1 : Operation 337 [1/1] (0.00ns)   --->   "%mult_651 = partselect i13 @_ssdm_op_PartSelect.i13.i16.i32.i32, i16 %data_16_val_read, i32 3, i32 15" [firmware/nnet_utils/nnet_dense_latency.h:42]   --->   Operation 337 'partselect' 'mult_651' <Predicate = true> <Delay = 0.00>
ST_1 : Operation 338 [1/1] (0.00ns)   --->   "%sext_ln17_560 = sext i13 %mult_651" [firmware/nnet_utils/nnet_dense_latency.h:17]   --->   Operation 338 'sext' 'sext_ln17_560' <Predicate = true> <Delay = 0.00>
ST_1 : Operation 339 [1/1] (0.00ns)   --->   "%sext_ln17_561 = sext i13 %mult_651" [firmware/nnet_utils/nnet_dense_latency.h:17]   --->   Operation 339 'sext' 'sext_ln17_561' <Predicate = true> <Delay = 0.00>
ST_1 : Operation 340 [1/1] (0.00ns)   --->   "%mult_652 = partselect i14 @_ssdm_op_PartSelect.i14.i16.i32.i32, i16 %data_16_val_read, i32 2, i32 15" [firmware/nnet_utils/nnet_dense_latency.h:42]   --->   Operation 340 'partselect' 'mult_652' <Predicate = true> <Delay = 0.00>
ST_1 : Operation 341 [1/1] (0.00ns)   --->   "%sext_ln17_562 = sext i14 %mult_652" [firmware/nnet_utils/nnet_dense_latency.h:17]   --->   Operation 341 'sext' 'sext_ln17_562' <Predicate = true> <Delay = 0.00>
ST_1 : Operation 342 [1/1] (2.13ns)   --->   "%sub_ln73_461 = sub i19 0, i19 %sext_ln73_180" [firmware/nnet_utils/nnet_mult.h:73->firmware/nnet_utils/nnet_dense_latency.h:42]   --->   Operation 342 'sub' 'sub_ln73_461' <Predicate = true> <Delay = 2.13> <CoreInst = "Adder">   --->   Core 1 'Adder' <Latency = 0> <II = 1> <Delay = 2.13> <FuncUnit> <Opcode : 'add' 'sub'> <InPorts = 2> <OutPorts = 1>
ST_1 : Operation 343 [1/1] (0.00ns)   --->   "%mult_653 = partselect i16 @_ssdm_op_PartSelect.i16.i19.i32.i32, i19 %sub_ln73_461, i32 3, i32 18" [firmware/nnet_utils/nnet_dense_latency.h:42]   --->   Operation 343 'partselect' 'mult_653' <Predicate = true> <Delay = 0.00>
ST_1 : Operation 344 [1/1] (2.13ns)   --->   "%sub_ln73_462 = sub i19 %sext_ln73_180, i19 %sext_ln42_147" [firmware/nnet_utils/nnet_mult.h:73->firmware/nnet_utils/nnet_dense_latency.h:42]   --->   Operation 344 'sub' 'sub_ln73_462' <Predicate = true> <Delay = 2.13> <CoreInst = "Adder">   --->   Core 1 'Adder' <Latency = 0> <II = 1> <Delay = 2.13> <FuncUnit> <Opcode : 'add' 'sub'> <InPorts = 2> <OutPorts = 1>
ST_1 : Operation 345 [1/1] (0.00ns)   --->   "%mult_654 = partselect i16 @_ssdm_op_PartSelect.i16.i19.i32.i32, i19 %sub_ln73_462, i32 3, i32 18" [firmware/nnet_utils/nnet_dense_latency.h:42]   --->   Operation 345 'partselect' 'mult_654' <Predicate = true> <Delay = 0.00>
ST_1 : Operation 346 [1/1] (2.16ns)   --->   "%sub_ln42_48 = sub i19 %sub_ln73_461, i19 %sext_ln42_147" [firmware/nnet_utils/nnet_dense_latency.h:42]   --->   Operation 346 'sub' 'sub_ln42_48' <Predicate = true> <Delay = 2.16> <CoreInst = "Adder">   --->   Core 1 'Adder' <Latency = 0> <II = 1> <Delay = 2.16> <FuncUnit> <Opcode : 'add' 'sub'> <InPorts = 2> <OutPorts = 1>
ST_1 : Operation 347 [1/1] (0.00ns)   --->   "%mult_655 = partselect i16 @_ssdm_op_PartSelect.i16.i19.i32.i32, i19 %sub_ln42_48, i32 3, i32 18" [firmware/nnet_utils/nnet_dense_latency.h:42]   --->   Operation 347 'partselect' 'mult_655' <Predicate = true> <Delay = 0.00>
ST_1 : Operation 348 [1/1] (0.00ns)   --->   "%sext_ln42_153 = sext i16 %data_17_val_read" [firmware/nnet_utils/nnet_dense_latency.h:42]   --->   Operation 348 'sext' 'sext_ln42_153' <Predicate = true> <Delay = 0.00>
ST_1 : Operation 349 [1/1] (0.00ns)   --->   "%sext_ln42_154 = sext i16 %data_17_val_read" [firmware/nnet_utils/nnet_dense_latency.h:42]   --->   Operation 349 'sext' 'sext_ln42_154' <Predicate = true> <Delay = 0.00>
ST_1 : Operation 350 [1/1] (0.00ns)   --->   "%mult_656 = partselect i14 @_ssdm_op_PartSelect.i14.i16.i32.i32, i16 %data_17_val_read, i32 2, i32 15" [firmware/nnet_utils/nnet_dense_latency.h:42]   --->   Operation 350 'partselect' 'mult_656' <Predicate = true> <Delay = 0.00>
ST_1 : Operation 351 [1/1] (0.00ns)   --->   "%tmp_1975 = bitconcatenate i17 @_ssdm_op_BitConcatenate.i17.i16.i1, i16 %data_17_val_read, i1 0" [firmware/nnet_utils/nnet_mult.h:73->firmware/nnet_utils/nnet_dense_latency.h:42]   --->   Operation 351 'bitconcatenate' 'tmp_1975' <Predicate = true> <Delay = 0.00>
ST_1 : Operation 352 [1/1] (0.00ns)   --->   "%sext_ln73_181 = sext i17 %tmp_1975" [firmware/nnet_utils/nnet_mult.h:73->firmware/nnet_utils/nnet_dense_latency.h:42]   --->   Operation 352 'sext' 'sext_ln73_181' <Predicate = true> <Delay = 0.00>
ST_1 : Operation 353 [1/1] (2.10ns)   --->   "%sub_ln73_463 = sub i18 0, i18 %sext_ln73_181" [firmware/nnet_utils/nnet_mult.h:73->firmware/nnet_utils/nnet_dense_latency.h:42]   --->   Operation 353 'sub' 'sub_ln73_463' <Predicate = true> <Delay = 2.10> <CoreInst = "Adder">   --->   Core 1 'Adder' <Latency = 0> <II = 1> <Delay = 2.10> <FuncUnit> <Opcode : 'add' 'sub'> <InPorts = 2> <OutPorts = 1>
ST_1 : Operation 354 [1/1] (0.00ns)   --->   "%mult_657 = partselect i15 @_ssdm_op_PartSelect.i15.i18.i32.i32, i18 %sub_ln73_463, i32 3, i32 17" [firmware/nnet_utils/nnet_dense_latency.h:42]   --->   Operation 354 'partselect' 'mult_657' <Predicate = true> <Delay = 0.00>
ST_1 : Operation 355 [1/1] (0.00ns)   --->   "%mult_658 = partselect i13 @_ssdm_op_PartSelect.i13.i16.i32.i32, i16 %data_17_val_read, i32 3, i32 15" [firmware/nnet_utils/nnet_dense_latency.h:42]   --->   Operation 355 'partselect' 'mult_658' <Predicate = true> <Delay = 0.00>
ST_1 : Operation 356 [1/1] (0.00ns)   --->   "%sext_ln17_564 = sext i13 %mult_658" [firmware/nnet_utils/nnet_dense_latency.h:17]   --->   Operation 356 'sext' 'sext_ln17_564' <Predicate = true> <Delay = 0.00>
ST_1 : Operation 357 [1/1] (0.00ns)   --->   "%sext_ln17_565 = sext i13 %mult_658" [firmware/nnet_utils/nnet_dense_latency.h:17]   --->   Operation 357 'sext' 'sext_ln17_565' <Predicate = true> <Delay = 0.00>
ST_1 : Operation 358 [1/1] (0.00ns)   --->   "%tmp_1976 = bitconcatenate i18 @_ssdm_op_BitConcatenate.i18.i16.i2, i16 %data_17_val_read, i2 0" [firmware/nnet_utils/nnet_mult.h:73->firmware/nnet_utils/nnet_dense_latency.h:42]   --->   Operation 358 'bitconcatenate' 'tmp_1976' <Predicate = true> <Delay = 0.00>
ST_1 : Operation 359 [1/1] (0.00ns)   --->   "%sext_ln73_182 = sext i18 %tmp_1976" [firmware/nnet_utils/nnet_mult.h:73->firmware/nnet_utils/nnet_dense_latency.h:42]   --->   Operation 359 'sext' 'sext_ln73_182' <Predicate = true> <Delay = 0.00>
ST_1 : Operation 360 [1/1] (2.13ns)   --->   "%sub_ln73_464 = sub i19 %sext_ln42_153, i19 %sext_ln73_182" [firmware/nnet_utils/nnet_mult.h:73->firmware/nnet_utils/nnet_dense_latency.h:42]   --->   Operation 360 'sub' 'sub_ln73_464' <Predicate = true> <Delay = 2.13> <CoreInst = "Adder">   --->   Core 1 'Adder' <Latency = 0> <II = 1> <Delay = 2.13> <FuncUnit> <Opcode : 'add' 'sub'> <InPorts = 2> <OutPorts = 1>
ST_1 : Operation 361 [1/1] (0.00ns)   --->   "%mult_659 = partselect i16 @_ssdm_op_PartSelect.i16.i19.i32.i32, i19 %sub_ln73_464, i32 3, i32 18" [firmware/nnet_utils/nnet_dense_latency.h:42]   --->   Operation 361 'partselect' 'mult_659' <Predicate = true> <Delay = 0.00>
ST_1 : Operation 362 [1/1] (2.07ns)   --->   "%sub_ln73_225 = sub i17 0, i17 %sext_ln42_154" [firmware/nnet_utils/nnet_mult.h:73->firmware/nnet_utils/nnet_dense_latency.h:42]   --->   Operation 362 'sub' 'sub_ln73_225' <Predicate = true> <Delay = 2.07> <CoreInst = "Adder">   --->   Core 1 'Adder' <Latency = 0> <II = 1> <Delay = 2.07> <FuncUnit> <Opcode : 'add' 'sub'> <InPorts = 2> <OutPorts = 1>
ST_1 : Operation 363 [1/1] (0.00ns)   --->   "%mult_660 = partselect i14 @_ssdm_op_PartSelect.i14.i17.i32.i32, i17 %sub_ln73_225, i32 3, i32 16" [firmware/nnet_utils/nnet_dense_latency.h:42]   --->   Operation 363 'partselect' 'mult_660' <Predicate = true> <Delay = 0.00>
ST_1 : Operation 364 [1/1] (2.13ns)   --->   "%sub_ln42_49 = sub i19 0, i19 %sext_ln73_182" [firmware/nnet_utils/nnet_dense_latency.h:42]   --->   Operation 364 'sub' 'sub_ln42_49' <Predicate = true> <Delay = 2.13> <CoreInst = "Adder">   --->   Core 1 'Adder' <Latency = 0> <II = 1> <Delay = 2.13> <FuncUnit> <Opcode : 'add' 'sub'> <InPorts = 2> <OutPorts = 1>
ST_1 : Operation 365 [1/1] (2.16ns)   --->   "%sub_ln42_50 = sub i19 %sub_ln42_49, i19 %sext_ln42_153" [firmware/nnet_utils/nnet_dense_latency.h:42]   --->   Operation 365 'sub' 'sub_ln42_50' <Predicate = true> <Delay = 2.16> <CoreInst = "Adder">   --->   Core 1 'Adder' <Latency = 0> <II = 1> <Delay = 2.16> <FuncUnit> <Opcode : 'add' 'sub'> <InPorts = 2> <OutPorts = 1>
ST_1 : Operation 366 [1/1] (0.00ns)   --->   "%mult_661 = partselect i16 @_ssdm_op_PartSelect.i16.i19.i32.i32, i19 %sub_ln42_50, i32 3, i32 18" [firmware/nnet_utils/nnet_dense_latency.h:42]   --->   Operation 366 'partselect' 'mult_661' <Predicate = true> <Delay = 0.00>
ST_1 : Operation 367 [1/1] (0.00ns)   --->   "%mult_662 = partselect i16 @_ssdm_op_PartSelect.i16.i19.i32.i32, i19 %sub_ln42_49, i32 3, i32 18" [firmware/nnet_utils/nnet_dense_latency.h:42]   --->   Operation 367 'partselect' 'mult_662' <Predicate = true> <Delay = 0.00>
ST_1 : Operation 368 [1/1] (0.00ns)   --->   "%sext_ln42_159 = sext i16 %data_18_val_read" [firmware/nnet_utils/nnet_dense_latency.h:42]   --->   Operation 368 'sext' 'sext_ln42_159' <Predicate = true> <Delay = 0.00>
ST_1 : Operation 369 [1/1] (0.00ns)   --->   "%sext_ln42_161 = sext i16 %data_18_val_read" [firmware/nnet_utils/nnet_dense_latency.h:42]   --->   Operation 369 'sext' 'sext_ln42_161' <Predicate = true> <Delay = 0.00>
ST_1 : Operation 370 [1/1] (0.00ns)   --->   "%mult_663 = partselect i14 @_ssdm_op_PartSelect.i14.i16.i32.i32, i16 %data_18_val_read, i32 2, i32 15" [firmware/nnet_utils/nnet_dense_latency.h:42]   --->   Operation 370 'partselect' 'mult_663' <Predicate = true> <Delay = 0.00>
ST_1 : Operation 371 [1/1] (0.00ns)   --->   "%sext_ln17_567 = sext i14 %mult_663" [firmware/nnet_utils/nnet_dense_latency.h:17]   --->   Operation 371 'sext' 'sext_ln17_567' <Predicate = true> <Delay = 0.00>
ST_1 : Operation 372 [1/1] (2.07ns)   --->   "%sub_ln73_226 = sub i17 0, i17 %sext_ln42_161" [firmware/nnet_utils/nnet_mult.h:73->firmware/nnet_utils/nnet_dense_latency.h:42]   --->   Operation 372 'sub' 'sub_ln73_226' <Predicate = true> <Delay = 2.07> <CoreInst = "Adder">   --->   Core 1 'Adder' <Latency = 0> <II = 1> <Delay = 2.07> <FuncUnit> <Opcode : 'add' 'sub'> <InPorts = 2> <OutPorts = 1>
ST_1 : Operation 373 [1/1] (0.00ns)   --->   "%mult_664 = partselect i14 @_ssdm_op_PartSelect.i14.i17.i32.i32, i17 %sub_ln73_226, i32 3, i32 16" [firmware/nnet_utils/nnet_dense_latency.h:42]   --->   Operation 373 'partselect' 'mult_664' <Predicate = true> <Delay = 0.00>
ST_1 : Operation 374 [1/1] (0.00ns)   --->   "%mult_665 = partselect i13 @_ssdm_op_PartSelect.i13.i16.i32.i32, i16 %data_18_val_read, i32 3, i32 15" [firmware/nnet_utils/nnet_dense_latency.h:42]   --->   Operation 374 'partselect' 'mult_665' <Predicate = true> <Delay = 0.00>
ST_1 : Operation 375 [1/1] (0.00ns)   --->   "%sext_ln17_569 = sext i13 %mult_665" [firmware/nnet_utils/nnet_dense_latency.h:17]   --->   Operation 375 'sext' 'sext_ln17_569' <Predicate = true> <Delay = 0.00>
ST_1 : Operation 376 [1/1] (0.00ns)   --->   "%tmp_1977 = bitconcatenate i17 @_ssdm_op_BitConcatenate.i17.i16.i1, i16 %data_18_val_read, i1 0" [firmware/nnet_utils/nnet_mult.h:73->firmware/nnet_utils/nnet_dense_latency.h:42]   --->   Operation 376 'bitconcatenate' 'tmp_1977' <Predicate = true> <Delay = 0.00>
ST_1 : Operation 377 [1/1] (0.00ns)   --->   "%sext_ln73_183 = sext i17 %tmp_1977" [firmware/nnet_utils/nnet_mult.h:73->firmware/nnet_utils/nnet_dense_latency.h:42]   --->   Operation 377 'sext' 'sext_ln73_183' <Predicate = true> <Delay = 0.00>
ST_1 : Operation 378 [1/1] (2.10ns)   --->   "%sub_ln73_465 = sub i18 0, i18 %sext_ln73_183" [firmware/nnet_utils/nnet_mult.h:73->firmware/nnet_utils/nnet_dense_latency.h:42]   --->   Operation 378 'sub' 'sub_ln73_465' <Predicate = true> <Delay = 2.10> <CoreInst = "Adder">   --->   Core 1 'Adder' <Latency = 0> <II = 1> <Delay = 2.10> <FuncUnit> <Opcode : 'add' 'sub'> <InPorts = 2> <OutPorts = 1>
ST_1 : Operation 379 [1/1] (0.00ns)   --->   "%mult_666 = partselect i15 @_ssdm_op_PartSelect.i15.i18.i32.i32, i18 %sub_ln73_465, i32 3, i32 17" [firmware/nnet_utils/nnet_dense_latency.h:42]   --->   Operation 379 'partselect' 'mult_666' <Predicate = true> <Delay = 0.00>
ST_1 : Operation 380 [1/1] (0.00ns)   --->   "%tmp_1978 = bitconcatenate i18 @_ssdm_op_BitConcatenate.i18.i16.i2, i16 %data_18_val_read, i2 0" [firmware/nnet_utils/nnet_mult.h:73->firmware/nnet_utils/nnet_dense_latency.h:42]   --->   Operation 380 'bitconcatenate' 'tmp_1978' <Predicate = true> <Delay = 0.00>
ST_1 : Operation 381 [1/1] (0.00ns)   --->   "%sext_ln73_184 = sext i18 %tmp_1978" [firmware/nnet_utils/nnet_mult.h:73->firmware/nnet_utils/nnet_dense_latency.h:42]   --->   Operation 381 'sext' 'sext_ln73_184' <Predicate = true> <Delay = 0.00>
ST_1 : Operation 382 [1/1] (2.13ns)   --->   "%sub_ln73_466 = sub i19 %sext_ln73_184, i19 %sext_ln42_159" [firmware/nnet_utils/nnet_mult.h:73->firmware/nnet_utils/nnet_dense_latency.h:42]   --->   Operation 382 'sub' 'sub_ln73_466' <Predicate = true> <Delay = 2.13> <CoreInst = "Adder">   --->   Core 1 'Adder' <Latency = 0> <II = 1> <Delay = 2.13> <FuncUnit> <Opcode : 'add' 'sub'> <InPorts = 2> <OutPorts = 1>
ST_1 : Operation 383 [1/1] (0.00ns)   --->   "%mult_667 = partselect i16 @_ssdm_op_PartSelect.i16.i19.i32.i32, i19 %sub_ln73_466, i32 3, i32 18" [firmware/nnet_utils/nnet_dense_latency.h:42]   --->   Operation 383 'partselect' 'mult_667' <Predicate = true> <Delay = 0.00>
ST_1 : Operation 384 [1/1] (0.00ns)   --->   "%mult_668 = partselect i15 @_ssdm_op_PartSelect.i15.i16.i32.i32, i16 %data_18_val_read, i32 1, i32 15" [firmware/nnet_utils/nnet_dense_latency.h:42]   --->   Operation 384 'partselect' 'mult_668' <Predicate = true> <Delay = 0.00>
ST_1 : Operation 385 [1/1] (0.00ns)   --->   "%sext_ln42_164 = sext i15 %mult_668" [firmware/nnet_utils/nnet_dense_latency.h:42]   --->   Operation 385 'sext' 'sext_ln42_164' <Predicate = true> <Delay = 0.00>
ST_1 : Operation 386 [1/1] (2.13ns)   --->   "%sub_ln73_467 = sub i19 %sext_ln42_159, i19 %sext_ln73_184" [firmware/nnet_utils/nnet_mult.h:73->firmware/nnet_utils/nnet_dense_latency.h:42]   --->   Operation 386 'sub' 'sub_ln73_467' <Predicate = true> <Delay = 2.13> <CoreInst = "Adder">   --->   Core 1 'Adder' <Latency = 0> <II = 1> <Delay = 2.13> <FuncUnit> <Opcode : 'add' 'sub'> <InPorts = 2> <OutPorts = 1>
ST_1 : Operation 387 [1/1] (0.00ns)   --->   "%mult_669 = partselect i16 @_ssdm_op_PartSelect.i16.i19.i32.i32, i19 %sub_ln73_467, i32 3, i32 18" [firmware/nnet_utils/nnet_dense_latency.h:42]   --->   Operation 387 'partselect' 'mult_669' <Predicate = true> <Delay = 0.00>
ST_1 : Operation 388 [1/1] (2.13ns)   --->   "%add_ln42_18 = add i19 %sext_ln73_184, i19 %sext_ln42_159" [firmware/nnet_utils/nnet_dense_latency.h:42]   --->   Operation 388 'add' 'add_ln42_18' <Predicate = true> <Delay = 2.13> <CoreInst = "Adder">   --->   Core 1 'Adder' <Latency = 0> <II = 1> <Delay = 2.13> <FuncUnit> <Opcode : 'add' 'sub'> <InPorts = 2> <OutPorts = 1>
ST_1 : Operation 389 [1/1] (0.00ns)   --->   "%mult_670 = partselect i16 @_ssdm_op_PartSelect.i16.i19.i32.i32, i19 %add_ln42_18, i32 3, i32 18" [firmware/nnet_utils/nnet_dense_latency.h:42]   --->   Operation 389 'partselect' 'mult_670' <Predicate = true> <Delay = 0.00>
ST_1 : Operation 390 [1/1] (2.13ns)   --->   "%sub_ln73_468 = sub i19 0, i19 %sext_ln73_184" [firmware/nnet_utils/nnet_mult.h:73->firmware/nnet_utils/nnet_dense_latency.h:42]   --->   Operation 390 'sub' 'sub_ln73_468' <Predicate = true> <Delay = 2.13> <CoreInst = "Adder">   --->   Core 1 'Adder' <Latency = 0> <II = 1> <Delay = 2.13> <FuncUnit> <Opcode : 'add' 'sub'> <InPorts = 2> <OutPorts = 1>
ST_1 : Operation 391 [1/1] (0.00ns)   --->   "%mult_671 = partselect i16 @_ssdm_op_PartSelect.i16.i19.i32.i32, i19 %sub_ln73_468, i32 3, i32 18" [firmware/nnet_utils/nnet_dense_latency.h:42]   --->   Operation 391 'partselect' 'mult_671' <Predicate = true> <Delay = 0.00>
ST_1 : Operation 392 [1/1] (0.00ns)   --->   "%sext_ln42_165 = sext i16 %data_19_val_read" [firmware/nnet_utils/nnet_dense_latency.h:42]   --->   Operation 392 'sext' 'sext_ln42_165' <Predicate = true> <Delay = 0.00>
ST_1 : Operation 393 [1/1] (0.00ns)   --->   "%sext_ln42_166 = sext i16 %data_19_val_read" [firmware/nnet_utils/nnet_dense_latency.h:42]   --->   Operation 393 'sext' 'sext_ln42_166' <Predicate = true> <Delay = 0.00>
ST_1 : Operation 394 [1/1] (0.00ns)   --->   "%mult_672 = partselect i15 @_ssdm_op_PartSelect.i15.i16.i32.i32, i16 %data_19_val_read, i32 1, i32 15" [firmware/nnet_utils/nnet_dense_latency.h:42]   --->   Operation 394 'partselect' 'mult_672' <Predicate = true> <Delay = 0.00>
ST_1 : Operation 395 [1/1] (0.00ns)   --->   "%tmp_1979 = bitconcatenate i17 @_ssdm_op_BitConcatenate.i17.i16.i1, i16 %data_19_val_read, i1 0" [firmware/nnet_utils/nnet_mult.h:73->firmware/nnet_utils/nnet_dense_latency.h:42]   --->   Operation 395 'bitconcatenate' 'tmp_1979' <Predicate = true> <Delay = 0.00>
ST_1 : Operation 396 [1/1] (0.00ns)   --->   "%sext_ln73_185 = sext i17 %tmp_1979" [firmware/nnet_utils/nnet_mult.h:73->firmware/nnet_utils/nnet_dense_latency.h:42]   --->   Operation 396 'sext' 'sext_ln73_185' <Predicate = true> <Delay = 0.00>
ST_1 : Operation 397 [1/1] (2.10ns)   --->   "%sub_ln73_469 = sub i18 0, i18 %sext_ln73_185" [firmware/nnet_utils/nnet_mult.h:73->firmware/nnet_utils/nnet_dense_latency.h:42]   --->   Operation 397 'sub' 'sub_ln73_469' <Predicate = true> <Delay = 2.10> <CoreInst = "Adder">   --->   Core 1 'Adder' <Latency = 0> <II = 1> <Delay = 2.10> <FuncUnit> <Opcode : 'add' 'sub'> <InPorts = 2> <OutPorts = 1>
ST_1 : Operation 398 [1/1] (0.00ns)   --->   "%mult_673 = partselect i15 @_ssdm_op_PartSelect.i15.i18.i32.i32, i18 %sub_ln73_469, i32 3, i32 17" [firmware/nnet_utils/nnet_dense_latency.h:42]   --->   Operation 398 'partselect' 'mult_673' <Predicate = true> <Delay = 0.00>
ST_1 : Operation 399 [1/1] (0.00ns)   --->   "%sext_ln42_189 = sext i15 %mult_673" [firmware/nnet_utils/nnet_dense_latency.h:42]   --->   Operation 399 'sext' 'sext_ln42_189' <Predicate = true> <Delay = 0.00>
ST_1 : Operation 400 [1/1] (0.00ns)   --->   "%tmp_1980 = bitconcatenate i18 @_ssdm_op_BitConcatenate.i18.i16.i2, i16 %data_19_val_read, i2 0" [firmware/nnet_utils/nnet_mult.h:73->firmware/nnet_utils/nnet_dense_latency.h:42]   --->   Operation 400 'bitconcatenate' 'tmp_1980' <Predicate = true> <Delay = 0.00>
ST_1 : Operation 401 [1/1] (0.00ns)   --->   "%sext_ln73_186 = sext i18 %tmp_1980" [firmware/nnet_utils/nnet_mult.h:73->firmware/nnet_utils/nnet_dense_latency.h:42]   --->   Operation 401 'sext' 'sext_ln73_186' <Predicate = true> <Delay = 0.00>
ST_1 : Operation 402 [1/1] (2.13ns)   --->   "%sub_ln73_470 = sub i19 %sext_ln42_165, i19 %sext_ln73_186" [firmware/nnet_utils/nnet_mult.h:73->firmware/nnet_utils/nnet_dense_latency.h:42]   --->   Operation 402 'sub' 'sub_ln73_470' <Predicate = true> <Delay = 2.13> <CoreInst = "Adder">   --->   Core 1 'Adder' <Latency = 0> <II = 1> <Delay = 2.13> <FuncUnit> <Opcode : 'add' 'sub'> <InPorts = 2> <OutPorts = 1>
ST_1 : Operation 403 [1/1] (0.00ns)   --->   "%mult_674 = partselect i16 @_ssdm_op_PartSelect.i16.i19.i32.i32, i19 %sub_ln73_470, i32 3, i32 18" [firmware/nnet_utils/nnet_dense_latency.h:42]   --->   Operation 403 'partselect' 'mult_674' <Predicate = true> <Delay = 0.00>
ST_1 : Operation 404 [1/1] (0.00ns)   --->   "%mult_675 = partselect i14 @_ssdm_op_PartSelect.i14.i16.i32.i32, i16 %data_19_val_read, i32 2, i32 15" [firmware/nnet_utils/nnet_dense_latency.h:42]   --->   Operation 404 'partselect' 'mult_675' <Predicate = true> <Delay = 0.00>
ST_1 : Operation 405 [1/1] (0.00ns)   --->   "%sext_ln17_570 = sext i14 %mult_675" [firmware/nnet_utils/nnet_dense_latency.h:17]   --->   Operation 405 'sext' 'sext_ln17_570' <Predicate = true> <Delay = 0.00>
ST_1 : Operation 406 [1/1] (2.13ns)   --->   "%sub_ln73_471 = sub i19 0, i19 %sext_ln73_186" [firmware/nnet_utils/nnet_mult.h:73->firmware/nnet_utils/nnet_dense_latency.h:42]   --->   Operation 406 'sub' 'sub_ln73_471' <Predicate = true> <Delay = 2.13> <CoreInst = "Adder">   --->   Core 1 'Adder' <Latency = 0> <II = 1> <Delay = 2.13> <FuncUnit> <Opcode : 'add' 'sub'> <InPorts = 2> <OutPorts = 1>
ST_1 : Operation 407 [1/1] (0.00ns)   --->   "%mult_676 = partselect i16 @_ssdm_op_PartSelect.i16.i19.i32.i32, i19 %sub_ln73_471, i32 3, i32 18" [firmware/nnet_utils/nnet_dense_latency.h:42]   --->   Operation 407 'partselect' 'mult_676' <Predicate = true> <Delay = 0.00>
ST_1 : Operation 408 [1/1] (2.07ns)   --->   "%sub_ln73_227 = sub i17 0, i17 %sext_ln42_166" [firmware/nnet_utils/nnet_mult.h:73->firmware/nnet_utils/nnet_dense_latency.h:42]   --->   Operation 408 'sub' 'sub_ln73_227' <Predicate = true> <Delay = 2.07> <CoreInst = "Adder">   --->   Core 1 'Adder' <Latency = 0> <II = 1> <Delay = 2.07> <FuncUnit> <Opcode : 'add' 'sub'> <InPorts = 2> <OutPorts = 1>
ST_1 : Operation 409 [1/1] (0.00ns)   --->   "%mult_677 = partselect i14 @_ssdm_op_PartSelect.i14.i17.i32.i32, i17 %sub_ln73_227, i32 3, i32 16" [firmware/nnet_utils/nnet_dense_latency.h:42]   --->   Operation 409 'partselect' 'mult_677' <Predicate = true> <Delay = 0.00>
ST_1 : Operation 410 [1/1] (0.00ns)   --->   "%mult_678 = partselect i13 @_ssdm_op_PartSelect.i13.i16.i32.i32, i16 %data_19_val_read, i32 3, i32 15" [firmware/nnet_utils/nnet_dense_latency.h:42]   --->   Operation 410 'partselect' 'mult_678' <Predicate = true> <Delay = 0.00>
ST_1 : Operation 411 [1/1] (0.00ns)   --->   "%sext_ln17_571 = sext i13 %mult_678" [firmware/nnet_utils/nnet_dense_latency.h:17]   --->   Operation 411 'sext' 'sext_ln17_571' <Predicate = true> <Delay = 0.00>
ST_1 : Operation 412 [1/1] (0.00ns)   --->   "%sext_ln17_572 = sext i13 %mult_678" [firmware/nnet_utils/nnet_dense_latency.h:17]   --->   Operation 412 'sext' 'sext_ln17_572' <Predicate = true> <Delay = 0.00>
ST_1 : Operation 413 [1/1] (2.13ns)   --->   "%sub_ln73_472 = sub i19 %sext_ln73_186, i19 %sext_ln42_165" [firmware/nnet_utils/nnet_mult.h:73->firmware/nnet_utils/nnet_dense_latency.h:42]   --->   Operation 413 'sub' 'sub_ln73_472' <Predicate = true> <Delay = 2.13> <CoreInst = "Adder">   --->   Core 1 'Adder' <Latency = 0> <II = 1> <Delay = 2.13> <FuncUnit> <Opcode : 'add' 'sub'> <InPorts = 2> <OutPorts = 1>
ST_1 : Operation 414 [1/1] (0.00ns)   --->   "%mult_679 = partselect i16 @_ssdm_op_PartSelect.i16.i19.i32.i32, i19 %sub_ln73_472, i32 3, i32 18" [firmware/nnet_utils/nnet_dense_latency.h:42]   --->   Operation 414 'partselect' 'mult_679' <Predicate = true> <Delay = 0.00>
ST_1 : Operation 415 [1/1] (2.16ns)   --->   "%sub_ln42_51 = sub i19 %sub_ln73_471, i19 %sext_ln42_165" [firmware/nnet_utils/nnet_dense_latency.h:42]   --->   Operation 415 'sub' 'sub_ln42_51' <Predicate = true> <Delay = 2.16> <CoreInst = "Adder">   --->   Core 1 'Adder' <Latency = 0> <II = 1> <Delay = 2.16> <FuncUnit> <Opcode : 'add' 'sub'> <InPorts = 2> <OutPorts = 1>
ST_1 : Operation 416 [1/1] (0.00ns)   --->   "%mult_680 = partselect i16 @_ssdm_op_PartSelect.i16.i19.i32.i32, i19 %sub_ln42_51, i32 3, i32 18" [firmware/nnet_utils/nnet_dense_latency.h:42]   --->   Operation 416 'partselect' 'mult_680' <Predicate = true> <Delay = 0.00>
ST_1 : Operation 417 [1/1] (0.00ns)   --->   "%sext_ln73_57 = sext i16 %data_20_val_read" [firmware/nnet_utils/nnet_mult.h:73->firmware/nnet_utils/nnet_dense_latency.h:42]   --->   Operation 417 'sext' 'sext_ln73_57' <Predicate = true> <Delay = 0.00>
ST_1 : Operation 418 [1/1] (0.00ns)   --->   "%sext_ln73_58 = sext i16 %data_20_val_read" [firmware/nnet_utils/nnet_mult.h:73->firmware/nnet_utils/nnet_dense_latency.h:42]   --->   Operation 418 'sext' 'sext_ln73_58' <Predicate = true> <Delay = 0.00>
ST_1 : Operation 419 [1/1] (2.07ns)   --->   "%sub_ln73_228 = sub i17 0, i17 %sext_ln73_58" [firmware/nnet_utils/nnet_mult.h:73->firmware/nnet_utils/nnet_dense_latency.h:42]   --->   Operation 419 'sub' 'sub_ln73_228' <Predicate = true> <Delay = 2.07> <CoreInst = "Adder">   --->   Core 1 'Adder' <Latency = 0> <II = 1> <Delay = 2.07> <FuncUnit> <Opcode : 'add' 'sub'> <InPorts = 2> <OutPorts = 1>
ST_1 : Operation 420 [1/1] (0.00ns)   --->   "%mult_681 = partselect i14 @_ssdm_op_PartSelect.i14.i17.i32.i32, i17 %sub_ln73_228, i32 3, i32 16" [firmware/nnet_utils/nnet_dense_latency.h:42]   --->   Operation 420 'partselect' 'mult_681' <Predicate = true> <Delay = 0.00>
ST_1 : Operation 421 [1/1] (0.00ns)   --->   "%tmp_1981 = bitconcatenate i18 @_ssdm_op_BitConcatenate.i18.i16.i2, i16 %data_20_val_read, i2 0" [firmware/nnet_utils/nnet_dense_latency.h:42]   --->   Operation 421 'bitconcatenate' 'tmp_1981' <Predicate = true> <Delay = 0.00>
ST_1 : Operation 422 [1/1] (0.00ns)   --->   "%sext_ln42_192 = sext i18 %tmp_1981" [firmware/nnet_utils/nnet_dense_latency.h:42]   --->   Operation 422 'sext' 'sext_ln42_192' <Predicate = true> <Delay = 0.00>
ST_1 : Operation 423 [1/1] (2.13ns)   --->   "%sub_ln42_52 = sub i19 0, i19 %sext_ln42_192" [firmware/nnet_utils/nnet_dense_latency.h:42]   --->   Operation 423 'sub' 'sub_ln42_52' <Predicate = true> <Delay = 2.13> <CoreInst = "Adder">   --->   Core 1 'Adder' <Latency = 0> <II = 1> <Delay = 2.13> <FuncUnit> <Opcode : 'add' 'sub'> <InPorts = 2> <OutPorts = 1>
ST_1 : Operation 424 [1/1] (2.16ns)   --->   "%sub_ln42_53 = sub i19 %sub_ln42_52, i19 %sext_ln73_57" [firmware/nnet_utils/nnet_dense_latency.h:42]   --->   Operation 424 'sub' 'sub_ln42_53' <Predicate = true> <Delay = 2.16> <CoreInst = "Adder">   --->   Core 1 'Adder' <Latency = 0> <II = 1> <Delay = 2.16> <FuncUnit> <Opcode : 'add' 'sub'> <InPorts = 2> <OutPorts = 1>
ST_1 : Operation 425 [1/1] (0.00ns)   --->   "%mult_682 = partselect i16 @_ssdm_op_PartSelect.i16.i19.i32.i32, i19 %sub_ln42_53, i32 3, i32 18" [firmware/nnet_utils/nnet_dense_latency.h:42]   --->   Operation 425 'partselect' 'mult_682' <Predicate = true> <Delay = 0.00>
ST_1 : Operation 426 [1/1] (2.13ns)   --->   "%add_ln42_19 = add i19 %sext_ln42_192, i19 %sext_ln73_57" [firmware/nnet_utils/nnet_dense_latency.h:42]   --->   Operation 426 'add' 'add_ln42_19' <Predicate = true> <Delay = 2.13> <CoreInst = "Adder">   --->   Core 1 'Adder' <Latency = 0> <II = 1> <Delay = 2.13> <FuncUnit> <Opcode : 'add' 'sub'> <InPorts = 2> <OutPorts = 1>
ST_1 : Operation 427 [1/1] (0.00ns)   --->   "%mult_683 = partselect i16 @_ssdm_op_PartSelect.i16.i19.i32.i32, i19 %add_ln42_19, i32 3, i32 18" [firmware/nnet_utils/nnet_dense_latency.h:42]   --->   Operation 427 'partselect' 'mult_683' <Predicate = true> <Delay = 0.00>
ST_1 : Operation 428 [1/1] (0.00ns)   --->   "%mult_684 = partselect i13 @_ssdm_op_PartSelect.i13.i16.i32.i32, i16 %data_20_val_read, i32 3, i32 15" [firmware/nnet_utils/nnet_dense_latency.h:42]   --->   Operation 428 'partselect' 'mult_684' <Predicate = true> <Delay = 0.00>
ST_1 : Operation 429 [1/1] (0.00ns)   --->   "%sext_ln17_574 = sext i13 %mult_684" [firmware/nnet_utils/nnet_dense_latency.h:17]   --->   Operation 429 'sext' 'sext_ln17_574' <Predicate = true> <Delay = 0.00>
ST_1 : Operation 430 [1/1] (0.00ns)   --->   "%mult_685 = partselect i16 @_ssdm_op_PartSelect.i16.i19.i32.i32, i19 %sub_ln42_52, i32 3, i32 18" [firmware/nnet_utils/nnet_dense_latency.h:42]   --->   Operation 430 'partselect' 'mult_685' <Predicate = true> <Delay = 0.00>
ST_1 : Operation 431 [1/1] (2.13ns)   --->   "%sub_ln73_473 = sub i19 %sext_ln42_192, i19 %sext_ln73_57" [firmware/nnet_utils/nnet_mult.h:73->firmware/nnet_utils/nnet_dense_latency.h:42]   --->   Operation 431 'sub' 'sub_ln73_473' <Predicate = true> <Delay = 2.13> <CoreInst = "Adder">   --->   Core 1 'Adder' <Latency = 0> <II = 1> <Delay = 2.13> <FuncUnit> <Opcode : 'add' 'sub'> <InPorts = 2> <OutPorts = 1>
ST_1 : Operation 432 [1/1] (0.00ns)   --->   "%mult_686 = partselect i16 @_ssdm_op_PartSelect.i16.i19.i32.i32, i19 %sub_ln73_473, i32 3, i32 18" [firmware/nnet_utils/nnet_dense_latency.h:42]   --->   Operation 432 'partselect' 'mult_686' <Predicate = true> <Delay = 0.00>
ST_1 : Operation 433 [1/1] (0.00ns)   --->   "%mult_687 = partselect i15 @_ssdm_op_PartSelect.i15.i16.i32.i32, i16 %data_20_val_read, i32 1, i32 15" [firmware/nnet_utils/nnet_dense_latency.h:42]   --->   Operation 433 'partselect' 'mult_687' <Predicate = true> <Delay = 0.00>
ST_1 : Operation 434 [1/1] (0.00ns)   --->   "%tmp_1982 = bitconcatenate i17 @_ssdm_op_BitConcatenate.i17.i16.i1, i16 %data_20_val_read, i1 0" [firmware/nnet_utils/nnet_mult.h:73->firmware/nnet_utils/nnet_dense_latency.h:42]   --->   Operation 434 'bitconcatenate' 'tmp_1982' <Predicate = true> <Delay = 0.00>
ST_1 : Operation 435 [1/1] (0.00ns)   --->   "%sext_ln73_187 = sext i17 %tmp_1982" [firmware/nnet_utils/nnet_mult.h:73->firmware/nnet_utils/nnet_dense_latency.h:42]   --->   Operation 435 'sext' 'sext_ln73_187' <Predicate = true> <Delay = 0.00>
ST_1 : Operation 436 [1/1] (2.10ns)   --->   "%sub_ln73_474 = sub i18 0, i18 %sext_ln73_187" [firmware/nnet_utils/nnet_mult.h:73->firmware/nnet_utils/nnet_dense_latency.h:42]   --->   Operation 436 'sub' 'sub_ln73_474' <Predicate = true> <Delay = 2.10> <CoreInst = "Adder">   --->   Core 1 'Adder' <Latency = 0> <II = 1> <Delay = 2.10> <FuncUnit> <Opcode : 'add' 'sub'> <InPorts = 2> <OutPorts = 1>
ST_1 : Operation 437 [1/1] (0.00ns)   --->   "%mult_688 = partselect i15 @_ssdm_op_PartSelect.i15.i18.i32.i32, i18 %sub_ln73_474, i32 3, i32 17" [firmware/nnet_utils/nnet_dense_latency.h:42]   --->   Operation 437 'partselect' 'mult_688' <Predicate = true> <Delay = 0.00>
ST_1 : Operation 438 [1/1] (0.00ns)   --->   "%mult_689 = partselect i14 @_ssdm_op_PartSelect.i14.i16.i32.i32, i16 %data_20_val_read, i32 2, i32 15" [firmware/nnet_utils/nnet_dense_latency.h:42]   --->   Operation 438 'partselect' 'mult_689' <Predicate = true> <Delay = 0.00>
ST_1 : Operation 439 [1/1] (0.00ns)   --->   "%sext_ln17_575 = sext i14 %mult_689" [firmware/nnet_utils/nnet_dense_latency.h:17]   --->   Operation 439 'sext' 'sext_ln17_575' <Predicate = true> <Delay = 0.00>
ST_1 : Operation 440 [1/1] (0.00ns)   --->   "%sext_ln73_60 = sext i16 %data_21_val_read" [firmware/nnet_utils/nnet_mult.h:73->firmware/nnet_utils/nnet_dense_latency.h:42]   --->   Operation 440 'sext' 'sext_ln73_60' <Predicate = true> <Delay = 0.00>
ST_1 : Operation 441 [1/1] (0.00ns)   --->   "%sext_ln73_61 = sext i16 %data_21_val_read" [firmware/nnet_utils/nnet_mult.h:73->firmware/nnet_utils/nnet_dense_latency.h:42]   --->   Operation 441 'sext' 'sext_ln73_61' <Predicate = true> <Delay = 0.00>
ST_1 : Operation 442 [1/1] (0.00ns)   --->   "%p_shl = bitconcatenate i19 @_ssdm_op_BitConcatenate.i19.i16.i3, i16 %data_21_val_read, i3 0" [firmware/nnet_utils/nnet_dense_latency.h:42]   --->   Operation 442 'bitconcatenate' 'p_shl' <Predicate = true> <Delay = 0.00>
ST_1 : Operation 443 [1/1] (0.00ns)   --->   "%tmp_1983 = bitconcatenate i17 @_ssdm_op_BitConcatenate.i17.i16.i1, i16 %data_21_val_read, i1 0" [firmware/nnet_utils/nnet_dense_latency.h:42]   --->   Operation 443 'bitconcatenate' 'tmp_1983' <Predicate = true> <Delay = 0.00>
ST_1 : Operation 444 [1/1] (0.00ns)   --->   "%sext_ln42_194 = sext i17 %tmp_1983" [firmware/nnet_utils/nnet_dense_latency.h:42]   --->   Operation 444 'sext' 'sext_ln42_194' <Predicate = true> <Delay = 0.00>
ST_1 : Operation 445 [1/1] (2.16ns)   --->   "%sub_ln42_54 = sub i19 %p_shl, i19 %sext_ln42_194" [firmware/nnet_utils/nnet_dense_latency.h:42]   --->   Operation 445 'sub' 'sub_ln42_54' <Predicate = true> <Delay = 2.16> <CoreInst = "Adder">   --->   Core 1 'Adder' <Latency = 0> <II = 1> <Delay = 2.16> <FuncUnit> <Opcode : 'add' 'sub'> <InPorts = 2> <OutPorts = 1>
ST_1 : Operation 446 [1/1] (0.00ns)   --->   "%mult_690 = partselect i16 @_ssdm_op_PartSelect.i16.i19.i32.i32, i19 %sub_ln42_54, i32 3, i32 18" [firmware/nnet_utils/nnet_dense_latency.h:42]   --->   Operation 446 'partselect' 'mult_690' <Predicate = true> <Delay = 0.00>
ST_1 : Operation 447 [1/1] (0.00ns)   --->   "%mult_691 = partselect i13 @_ssdm_op_PartSelect.i13.i16.i32.i32, i16 %data_21_val_read, i32 3, i32 15" [firmware/nnet_utils/nnet_dense_latency.h:42]   --->   Operation 447 'partselect' 'mult_691' <Predicate = true> <Delay = 0.00>
ST_1 : Operation 448 [1/1] (0.00ns)   --->   "%sext_ln17_576 = sext i13 %mult_691" [firmware/nnet_utils/nnet_dense_latency.h:17]   --->   Operation 448 'sext' 'sext_ln17_576' <Predicate = true> <Delay = 0.00>
ST_1 : Operation 449 [1/1] (0.00ns)   --->   "%tmp_1984 = bitconcatenate i18 @_ssdm_op_BitConcatenate.i18.i16.i2, i16 %data_21_val_read, i2 0" [firmware/nnet_utils/nnet_mult.h:73->firmware/nnet_utils/nnet_dense_latency.h:42]   --->   Operation 449 'bitconcatenate' 'tmp_1984' <Predicate = true> <Delay = 0.00>
ST_1 : Operation 450 [1/1] (0.00ns)   --->   "%sext_ln73_188 = sext i18 %tmp_1984" [firmware/nnet_utils/nnet_mult.h:73->firmware/nnet_utils/nnet_dense_latency.h:42]   --->   Operation 450 'sext' 'sext_ln73_188' <Predicate = true> <Delay = 0.00>
ST_1 : Operation 451 [1/1] (2.13ns)   --->   "%sub_ln73_475 = sub i19 %sext_ln73_61, i19 %sext_ln73_188" [firmware/nnet_utils/nnet_mult.h:73->firmware/nnet_utils/nnet_dense_latency.h:42]   --->   Operation 451 'sub' 'sub_ln73_475' <Predicate = true> <Delay = 2.13> <CoreInst = "Adder">   --->   Core 1 'Adder' <Latency = 0> <II = 1> <Delay = 2.13> <FuncUnit> <Opcode : 'add' 'sub'> <InPorts = 2> <OutPorts = 1>
ST_1 : Operation 452 [1/1] (0.00ns)   --->   "%mult_692 = partselect i16 @_ssdm_op_PartSelect.i16.i19.i32.i32, i19 %sub_ln73_475, i32 3, i32 18" [firmware/nnet_utils/nnet_dense_latency.h:42]   --->   Operation 452 'partselect' 'mult_692' <Predicate = true> <Delay = 0.00>
ST_1 : Operation 453 [1/1] (2.13ns)   --->   "%sub_ln73_476 = sub i19 %sext_ln73_188, i19 %sext_ln73_61" [firmware/nnet_utils/nnet_mult.h:73->firmware/nnet_utils/nnet_dense_latency.h:42]   --->   Operation 453 'sub' 'sub_ln73_476' <Predicate = true> <Delay = 2.13> <CoreInst = "Adder">   --->   Core 1 'Adder' <Latency = 0> <II = 1> <Delay = 2.13> <FuncUnit> <Opcode : 'add' 'sub'> <InPorts = 2> <OutPorts = 1>
ST_1 : Operation 454 [1/1] (0.00ns)   --->   "%mult_693 = partselect i16 @_ssdm_op_PartSelect.i16.i19.i32.i32, i19 %sub_ln73_476, i32 3, i32 18" [firmware/nnet_utils/nnet_dense_latency.h:42]   --->   Operation 454 'partselect' 'mult_693' <Predicate = true> <Delay = 0.00>
ST_1 : Operation 455 [1/1] (2.07ns)   --->   "%sub_ln73_229 = sub i17 0, i17 %sext_ln73_60" [firmware/nnet_utils/nnet_mult.h:73->firmware/nnet_utils/nnet_dense_latency.h:42]   --->   Operation 455 'sub' 'sub_ln73_229' <Predicate = true> <Delay = 2.07> <CoreInst = "Adder">   --->   Core 1 'Adder' <Latency = 0> <II = 1> <Delay = 2.07> <FuncUnit> <Opcode : 'add' 'sub'> <InPorts = 2> <OutPorts = 1>
ST_1 : Operation 456 [1/1] (0.00ns)   --->   "%mult_694 = partselect i14 @_ssdm_op_PartSelect.i14.i17.i32.i32, i17 %sub_ln73_229, i32 3, i32 16" [firmware/nnet_utils/nnet_dense_latency.h:42]   --->   Operation 456 'partselect' 'mult_694' <Predicate = true> <Delay = 0.00>
ST_1 : Operation 457 [1/1] (0.00ns)   --->   "%mult_695 = partselect i14 @_ssdm_op_PartSelect.i14.i16.i32.i32, i16 %data_21_val_read, i32 2, i32 15" [firmware/nnet_utils/nnet_dense_latency.h:42]   --->   Operation 457 'partselect' 'mult_695' <Predicate = true> <Delay = 0.00>
ST_1 : Operation 458 [1/1] (0.00ns)   --->   "%sext_ln17_578 = sext i14 %mult_695" [firmware/nnet_utils/nnet_dense_latency.h:17]   --->   Operation 458 'sext' 'sext_ln17_578' <Predicate = true> <Delay = 0.00>
ST_1 : Operation 459 [1/1] (2.13ns)   --->   "%add_ln42_20 = add i19 %sext_ln73_188, i19 %sext_ln73_61" [firmware/nnet_utils/nnet_dense_latency.h:42]   --->   Operation 459 'add' 'add_ln42_20' <Predicate = true> <Delay = 2.13> <CoreInst = "Adder">   --->   Core 1 'Adder' <Latency = 0> <II = 1> <Delay = 2.13> <FuncUnit> <Opcode : 'add' 'sub'> <InPorts = 2> <OutPorts = 1>
ST_1 : Operation 460 [1/1] (0.00ns)   --->   "%mult_696 = partselect i16 @_ssdm_op_PartSelect.i16.i19.i32.i32, i19 %add_ln42_20, i32 3, i32 18" [firmware/nnet_utils/nnet_dense_latency.h:42]   --->   Operation 460 'partselect' 'mult_696' <Predicate = true> <Delay = 0.00>
ST_1 : Operation 461 [1/1] (0.00ns) (grouped into TernaryAdder)   --->   "%sub_ln42_55 = sub i19 0, i19 %sext_ln73_188" [firmware/nnet_utils/nnet_dense_latency.h:42]   --->   Operation 461 'sub' 'sub_ln42_55' <Predicate = true> <Delay = 0.00> <CoreInst = "TAddSub">   --->   Core 10 'TAddSub' <Latency = 0> <II = 1> <Delay = 1.95> <IPBlock> <Opcode : '' 'add' 'sub'> <InPorts = 3> <OutPorts = 1> <Sync> <CReg>
ST_1 : Operation 462 [1/1] (3.99ns) (root node of TernaryAdder)   --->   "%sub_ln42_56 = sub i19 %sub_ln42_55, i19 %sext_ln73_61" [firmware/nnet_utils/nnet_dense_latency.h:42]   --->   Operation 462 'sub' 'sub_ln42_56' <Predicate = true> <Delay = 3.99> <CoreInst = "TAddSub">   --->   Core 10 'TAddSub' <Latency = 0> <II = 1> <Delay = 1.95> <IPBlock> <Opcode : '' 'add' 'sub'> <InPorts = 3> <OutPorts = 1> <Sync> <CReg>
ST_1 : Operation 463 [1/1] (0.00ns)   --->   "%mult_697 = partselect i16 @_ssdm_op_PartSelect.i16.i19.i32.i32, i19 %sub_ln42_56, i32 3, i32 18" [firmware/nnet_utils/nnet_dense_latency.h:42]   --->   Operation 463 'partselect' 'mult_697' <Predicate = true> <Delay = 0.00>
ST_1 : Operation 464 [1/1] (0.00ns)   --->   "%sext_ln73_189 = sext i17 %tmp_1983" [firmware/nnet_utils/nnet_mult.h:73->firmware/nnet_utils/nnet_dense_latency.h:42]   --->   Operation 464 'sext' 'sext_ln73_189' <Predicate = true> <Delay = 0.00>
ST_1 : Operation 465 [1/1] (2.10ns)   --->   "%sub_ln73_477 = sub i18 0, i18 %sext_ln73_189" [firmware/nnet_utils/nnet_mult.h:73->firmware/nnet_utils/nnet_dense_latency.h:42]   --->   Operation 465 'sub' 'sub_ln73_477' <Predicate = true> <Delay = 2.10> <CoreInst = "Adder">   --->   Core 1 'Adder' <Latency = 0> <II = 1> <Delay = 2.10> <FuncUnit> <Opcode : 'add' 'sub'> <InPorts = 2> <OutPorts = 1>
ST_1 : Operation 466 [1/1] (0.00ns)   --->   "%mult_698 = partselect i15 @_ssdm_op_PartSelect.i15.i18.i32.i32, i18 %sub_ln73_477, i32 3, i32 17" [firmware/nnet_utils/nnet_dense_latency.h:42]   --->   Operation 466 'partselect' 'mult_698' <Predicate = true> <Delay = 0.00>
ST_1 : Operation 467 [1/1] (2.16ns)   --->   "%sub_ln42_57 = sub i19 %sext_ln42_194, i19 %p_shl" [firmware/nnet_utils/nnet_dense_latency.h:42]   --->   Operation 467 'sub' 'sub_ln42_57' <Predicate = true> <Delay = 2.16> <CoreInst = "Adder">   --->   Core 1 'Adder' <Latency = 0> <II = 1> <Delay = 2.16> <FuncUnit> <Opcode : 'add' 'sub'> <InPorts = 2> <OutPorts = 1>
ST_1 : Operation 468 [1/1] (0.00ns)   --->   "%mult_699 = partselect i16 @_ssdm_op_PartSelect.i16.i19.i32.i32, i19 %sub_ln42_57, i32 3, i32 18" [firmware/nnet_utils/nnet_dense_latency.h:42]   --->   Operation 468 'partselect' 'mult_699' <Predicate = true> <Delay = 0.00>
ST_1 : Operation 469 [1/1] (0.00ns)   --->   "%mult_700 = partselect i15 @_ssdm_op_PartSelect.i15.i16.i32.i32, i16 %data_21_val_read, i32 1, i32 15" [firmware/nnet_utils/nnet_dense_latency.h:42]   --->   Operation 469 'partselect' 'mult_700' <Predicate = true> <Delay = 0.00>
ST_1 : Operation 470 [1/1] (0.00ns)   --->   "%sext_ln42_176 = sext i15 %mult_700" [firmware/nnet_utils/nnet_dense_latency.h:42]   --->   Operation 470 'sext' 'sext_ln42_176' <Predicate = true> <Delay = 0.00>
ST_1 : Operation 471 [1/1] (1.67ns)   --->   "%add_ln58_6290 = add i14 %sext_ln17_506, i14 %sext_ln17_518" [firmware/nnet_utils/nnet_dense_latency.h:58]   --->   Operation 471 'add' 'add_ln58_6290' <Predicate = true> <Delay = 1.67> <CoreInst = "Adder">   --->   Core 1 'Adder' <Latency = 0> <II = 1> <Delay = 1.67> <FuncUnit> <Opcode : 'add' 'sub'> <InPorts = 2> <OutPorts = 1>
ST_1 : Operation 472 [1/1] (1.67ns)   --->   "%add_ln58_6305 = add i14 %sext_ln17_565, i14 %sext_ln17_569" [firmware/nnet_utils/nnet_dense_latency.h:58]   --->   Operation 472 'add' 'add_ln58_6305' <Predicate = true> <Delay = 1.67> <CoreInst = "Adder">   --->   Core 1 'Adder' <Latency = 0> <II = 1> <Delay = 1.67> <FuncUnit> <Opcode : 'add' 'sub'> <InPorts = 2> <OutPorts = 1>
ST_1 : Operation 473 [1/1] (1.67ns)   --->   "%add_ln58_6322 = add i14 %sext_ln17_538, i14 %sext_ln17_559" [firmware/nnet_utils/nnet_dense_latency.h:58]   --->   Operation 473 'add' 'add_ln58_6322' <Predicate = true> <Delay = 1.67> <CoreInst = "Adder">   --->   Core 1 'Adder' <Latency = 0> <II = 1> <Delay = 1.67> <FuncUnit> <Opcode : 'add' 'sub'> <InPorts = 2> <OutPorts = 1>
ST_1 : Operation 474 [1/1] (1.67ns)   --->   "%add_ln58_6337 = add i14 %sext_ln17_554, i14 %sext_ln17_574" [firmware/nnet_utils/nnet_dense_latency.h:58]   --->   Operation 474 'add' 'add_ln58_6337' <Predicate = true> <Delay = 1.67> <CoreInst = "Adder">   --->   Core 1 'Adder' <Latency = 0> <II = 1> <Delay = 1.67> <FuncUnit> <Opcode : 'add' 'sub'> <InPorts = 2> <OutPorts = 1>
ST_1 : Operation 475 [1/1] (1.67ns)   --->   "%add_ln58_6353 = add i14 %sext_ln17_511, i14 %sext_ln17_529" [firmware/nnet_utils/nnet_dense_latency.h:58]   --->   Operation 475 'add' 'add_ln58_6353' <Predicate = true> <Delay = 1.67> <CoreInst = "Adder">   --->   Core 1 'Adder' <Latency = 0> <II = 1> <Delay = 1.67> <FuncUnit> <Opcode : 'add' 'sub'> <InPorts = 2> <OutPorts = 1>
ST_1 : Operation 476 [1/1] (0.00ns)   --->   "%sext_ln58_2273 = sext i14 %add_ln58_6353" [firmware/nnet_utils/nnet_dense_latency.h:58]   --->   Operation 476 'sext' 'sext_ln58_2273' <Predicate = true> <Delay = 0.00>
ST_1 : Operation 477 [1/1] (1.81ns)   --->   "%add_ln58_6354 = add i15 %sext_ln58_2273, i15 %sext_ln17_567" [firmware/nnet_utils/nnet_dense_latency.h:58]   --->   Operation 477 'add' 'add_ln58_6354' <Predicate = true> <Delay = 1.81> <CoreInst = "Adder">   --->   Core 1 'Adder' <Latency = 0> <II = 1> <Delay = 1.81> <FuncUnit> <Opcode : 'add' 'sub'> <InPorts = 2> <OutPorts = 1>
ST_1 : Operation 478 [1/1] (1.67ns)   --->   "%add_ln58_6372 = add i14 %sext_ln17_526, i14 %sext_ln17_576" [firmware/nnet_utils/nnet_dense_latency.h:58]   --->   Operation 478 'add' 'add_ln58_6372' <Predicate = true> <Delay = 1.67> <CoreInst = "Adder">   --->   Core 1 'Adder' <Latency = 0> <II = 1> <Delay = 1.67> <FuncUnit> <Opcode : 'add' 'sub'> <InPorts = 2> <OutPorts = 1>
ST_1 : Operation 479 [1/1] (2.07ns)   --->   "%add_ln58_6382 = add i16 %sext_ln42_171, i16 %mult_612" [firmware/nnet_utils/nnet_dense_latency.h:58]   --->   Operation 479 'add' 'add_ln58_6382' <Predicate = true> <Delay = 2.07> <CoreInst = "Adder">   --->   Core 1 'Adder' <Latency = 0> <II = 1> <Delay = 2.07> <FuncUnit> <Opcode : 'add' 'sub'> <InPorts = 2> <OutPorts = 1>
ST_1 : Operation 480 [1/1] (1.67ns)   --->   "%add_ln58_6391 = add i14 %sext_ln17_518, i14 %sext_ln17_576" [firmware/nnet_utils/nnet_dense_latency.h:58]   --->   Operation 480 'add' 'add_ln58_6391' <Predicate = true> <Delay = 1.67> <CoreInst = "Adder">   --->   Core 1 'Adder' <Latency = 0> <II = 1> <Delay = 1.67> <FuncUnit> <Opcode : 'add' 'sub'> <InPorts = 2> <OutPorts = 1>
ST_1 : Operation 481 [1/1] (1.67ns)   --->   "%add_ln58_6408 = add i14 %sext_ln17_529, i14 %sext_ln17_565" [firmware/nnet_utils/nnet_dense_latency.h:58]   --->   Operation 481 'add' 'add_ln58_6408' <Predicate = true> <Delay = 1.67> <CoreInst = "Adder">   --->   Core 1 'Adder' <Latency = 0> <II = 1> <Delay = 1.67> <FuncUnit> <Opcode : 'add' 'sub'> <InPorts = 2> <OutPorts = 1>
ST_1 : Operation 482 [1/1] (0.00ns)   --->   "%sext_ln58_2280 = sext i14 %add_ln58_6408" [firmware/nnet_utils/nnet_dense_latency.h:58]   --->   Operation 482 'sext' 'sext_ln58_2280' <Predicate = true> <Delay = 0.00>
ST_1 : Operation 483 [1/1] (1.81ns)   --->   "%add_ln58_6409 = add i15 %sext_ln58_2280, i15 %sext_ln17_525" [firmware/nnet_utils/nnet_dense_latency.h:58]   --->   Operation 483 'add' 'add_ln58_6409' <Predicate = true> <Delay = 1.81> <CoreInst = "Adder">   --->   Core 1 'Adder' <Latency = 0> <II = 1> <Delay = 1.81> <FuncUnit> <Opcode : 'add' 'sub'> <InPorts = 2> <OutPorts = 1>
ST_1 : Operation 484 [1/1] (1.67ns)   --->   "%add_ln58_6427 = add i14 %sext_ln17_565, i14 %sext_ln17_574" [firmware/nnet_utils/nnet_dense_latency.h:58]   --->   Operation 484 'add' 'add_ln58_6427' <Predicate = true> <Delay = 1.67> <CoreInst = "Adder">   --->   Core 1 'Adder' <Latency = 0> <II = 1> <Delay = 1.67> <FuncUnit> <Opcode : 'add' 'sub'> <InPorts = 2> <OutPorts = 1>
ST_1 : Operation 485 [1/1] (0.00ns)   --->   "%sext_ln58_2284 = sext i14 %add_ln58_6427" [firmware/nnet_utils/nnet_dense_latency.h:58]   --->   Operation 485 'sext' 'sext_ln58_2284' <Predicate = true> <Delay = 0.00>
ST_1 : Operation 486 [1/1] (1.81ns)   --->   "%add_ln58_6428 = add i15 %sext_ln58_2284, i15 %sext_ln17_561" [firmware/nnet_utils/nnet_dense_latency.h:58]   --->   Operation 486 'add' 'add_ln58_6428' <Predicate = true> <Delay = 1.81> <CoreInst = "Adder">   --->   Core 1 'Adder' <Latency = 0> <II = 1> <Delay = 1.81> <FuncUnit> <Opcode : 'add' 'sub'> <InPorts = 2> <OutPorts = 1>
ST_1 : Operation 487 [1/1] (1.67ns)   --->   "%add_ln58_6442 = add i14 %sext_ln17_538, i14 %sext_ln17_541" [firmware/nnet_utils/nnet_dense_latency.h:58]   --->   Operation 487 'add' 'add_ln58_6442' <Predicate = true> <Delay = 1.67> <CoreInst = "Adder">   --->   Core 1 'Adder' <Latency = 0> <II = 1> <Delay = 1.67> <FuncUnit> <Opcode : 'add' 'sub'> <InPorts = 2> <OutPorts = 1>
ST_1 : Operation 488 [1/1] (0.00ns)   --->   "%sext_ln58_2287 = sext i14 %add_ln58_6442" [firmware/nnet_utils/nnet_dense_latency.h:58]   --->   Operation 488 'sext' 'sext_ln58_2287' <Predicate = true> <Delay = 0.00>
ST_1 : Operation 489 [1/1] (1.81ns)   --->   "%add_ln58_6443 = add i15 %sext_ln58_2287, i15 %sext_ln17_567" [firmware/nnet_utils/nnet_dense_latency.h:58]   --->   Operation 489 'add' 'add_ln58_6443' <Predicate = true> <Delay = 1.81> <CoreInst = "Adder">   --->   Core 1 'Adder' <Latency = 0> <II = 1> <Delay = 1.81> <FuncUnit> <Opcode : 'add' 'sub'> <InPorts = 2> <OutPorts = 1>
ST_1 : Operation 490 [1/1] (1.81ns)   --->   "%add_ln58_6459 = add i15 %sext_ln17_550, i15 %sext_ln17_562" [firmware/nnet_utils/nnet_dense_latency.h:58]   --->   Operation 490 'add' 'add_ln58_6459' <Predicate = true> <Delay = 1.81> <CoreInst = "Adder">   --->   Core 1 'Adder' <Latency = 0> <II = 1> <Delay = 1.81> <FuncUnit> <Opcode : 'add' 'sub'> <InPorts = 2> <OutPorts = 1>
ST_1 : Operation 491 [1/1] (1.81ns)   --->   "%add_ln58_6460 = add i15 %sext_ln17_570, i15 %sext_ln17_528" [firmware/nnet_utils/nnet_dense_latency.h:58]   --->   Operation 491 'add' 'add_ln58_6460' <Predicate = true> <Delay = 1.81> <CoreInst = "Adder">   --->   Core 1 'Adder' <Latency = 0> <II = 1> <Delay = 1.81> <FuncUnit> <Opcode : 'add' 'sub'> <InPorts = 2> <OutPorts = 1>
ST_1 : Operation 492 [1/1] (1.67ns)   --->   "%add_ln58_6478 = add i14 %sext_ln17_544, i14 %sext_ln17_548" [firmware/nnet_utils/nnet_dense_latency.h:58]   --->   Operation 492 'add' 'add_ln58_6478' <Predicate = true> <Delay = 1.67> <CoreInst = "Adder">   --->   Core 1 'Adder' <Latency = 0> <II = 1> <Delay = 1.67> <FuncUnit> <Opcode : 'add' 'sub'> <InPorts = 2> <OutPorts = 1>
ST_1 : Operation 493 [1/1] (0.00ns)   --->   "%sext_ln58_2293 = sext i14 %add_ln58_6478" [firmware/nnet_utils/nnet_dense_latency.h:58]   --->   Operation 493 'sext' 'sext_ln58_2293' <Predicate = true> <Delay = 0.00>
ST_1 : Operation 494 [1/1] (1.81ns)   --->   "%add_ln58_6479 = add i15 %sext_ln58_2293, i15 %sext_ln17_537" [firmware/nnet_utils/nnet_dense_latency.h:58]   --->   Operation 494 'add' 'add_ln58_6479' <Predicate = true> <Delay = 1.81> <CoreInst = "Adder">   --->   Core 1 'Adder' <Latency = 0> <II = 1> <Delay = 1.81> <FuncUnit> <Opcode : 'add' 'sub'> <InPorts = 2> <OutPorts = 1>
ST_1 : Operation 495 [1/1] (1.67ns)   --->   "%add_ln58_6494 = add i14 %sext_ln17_552, i14 %sext_ln17_576" [firmware/nnet_utils/nnet_dense_latency.h:58]   --->   Operation 495 'add' 'add_ln58_6494' <Predicate = true> <Delay = 1.67> <CoreInst = "Adder">   --->   Core 1 'Adder' <Latency = 0> <II = 1> <Delay = 1.67> <FuncUnit> <Opcode : 'add' 'sub'> <InPorts = 2> <OutPorts = 1>
ST_1 : Operation 496 [1/1] (1.81ns)   --->   "%add_ln58_6512 = add i15 %sext_ln17_570, i15 %sext_ln17_564" [firmware/nnet_utils/nnet_dense_latency.h:58]   --->   Operation 496 'add' 'add_ln58_6512' <Predicate = true> <Delay = 1.81> <CoreInst = "Adder">   --->   Core 1 'Adder' <Latency = 0> <II = 1> <Delay = 1.81> <FuncUnit> <Opcode : 'add' 'sub'> <InPorts = 2> <OutPorts = 1>
ST_1 : Operation 497 [1/1] (0.00ns)   --->   "%sext_ln58_2297 = sext i15 %add_ln58_6512" [firmware/nnet_utils/nnet_dense_latency.h:58]   --->   Operation 497 'sext' 'sext_ln58_2297' <Predicate = true> <Delay = 0.00>
ST_1 : Operation 498 [1/1] (1.94ns)   --->   "%add_ln58_6513 = add i16 %sext_ln58_2297, i16 %sext_ln42_164" [firmware/nnet_utils/nnet_dense_latency.h:58]   --->   Operation 498 'add' 'add_ln58_6513' <Predicate = true> <Delay = 1.94> <CoreInst = "Adder">   --->   Core 1 'Adder' <Latency = 0> <II = 1> <Delay = 1.94> <FuncUnit> <Opcode : 'add' 'sub'> <InPorts = 2> <OutPorts = 1>
ST_1 : Operation 499 [1/1] (1.81ns)   --->   "%add_ln58_6531 = add i15 %sext_ln17_520, i15 %sext_ln17_524" [firmware/nnet_utils/nnet_dense_latency.h:58]   --->   Operation 499 'add' 'add_ln58_6531' <Predicate = true> <Delay = 1.81> <CoreInst = "Adder">   --->   Core 1 'Adder' <Latency = 0> <II = 1> <Delay = 1.81> <FuncUnit> <Opcode : 'add' 'sub'> <InPorts = 2> <OutPorts = 1>
ST_1 : Operation 500 [1/1] (1.67ns)   --->   "%add_ln58_6533 = add i14 %sext_ln17_548, i14 %sext_ln17_554" [firmware/nnet_utils/nnet_dense_latency.h:58]   --->   Operation 500 'add' 'add_ln58_6533' <Predicate = true> <Delay = 1.67> <CoreInst = "Adder">   --->   Core 1 'Adder' <Latency = 0> <II = 1> <Delay = 1.67> <FuncUnit> <Opcode : 'add' 'sub'> <InPorts = 2> <OutPorts = 1>
ST_1 : Operation 501 [1/1] (0.00ns)   --->   "%sext_ln58_2299 = sext i14 %add_ln58_6533" [firmware/nnet_utils/nnet_dense_latency.h:58]   --->   Operation 501 'sext' 'sext_ln58_2299' <Predicate = true> <Delay = 0.00>
ST_1 : Operation 502 [1/1] (1.81ns)   --->   "%add_ln58_6534 = add i15 %sext_ln58_2299, i15 %sext_ln17_545" [firmware/nnet_utils/nnet_dense_latency.h:58]   --->   Operation 502 'add' 'add_ln58_6534' <Predicate = true> <Delay = 1.81> <CoreInst = "Adder">   --->   Core 1 'Adder' <Latency = 0> <II = 1> <Delay = 1.81> <FuncUnit> <Opcode : 'add' 'sub'> <InPorts = 2> <OutPorts = 1>
ST_1 : Operation 503 [1/1] (1.81ns)   --->   "%add_ln58_6549 = add i15 %sext_ln17_578, i15 %sext_ln17_525" [firmware/nnet_utils/nnet_dense_latency.h:58]   --->   Operation 503 'add' 'add_ln58_6549' <Predicate = true> <Delay = 1.81> <CoreInst = "Adder">   --->   Core 1 'Adder' <Latency = 0> <II = 1> <Delay = 1.81> <FuncUnit> <Opcode : 'add' 'sub'> <InPorts = 2> <OutPorts = 1>
ST_1 : Operation 504 [1/1] (1.67ns)   --->   "%add_ln58_6550 = add i14 %sext_ln17_569, i14 %sext_ln17_574" [firmware/nnet_utils/nnet_dense_latency.h:58]   --->   Operation 504 'add' 'add_ln58_6550' <Predicate = true> <Delay = 1.67> <CoreInst = "Adder">   --->   Core 1 'Adder' <Latency = 0> <II = 1> <Delay = 1.67> <FuncUnit> <Opcode : 'add' 'sub'> <InPorts = 2> <OutPorts = 1>
ST_1 : Operation 505 [1/1] (0.00ns)   --->   "%sext_ln58_2302 = sext i14 %add_ln58_6550" [firmware/nnet_utils/nnet_dense_latency.h:58]   --->   Operation 505 'sext' 'sext_ln58_2302' <Predicate = true> <Delay = 0.00>
ST_1 : Operation 506 [1/1] (1.81ns)   --->   "%add_ln58_6551 = add i15 %sext_ln58_2302, i15 %sext_ln17_528" [firmware/nnet_utils/nnet_dense_latency.h:58]   --->   Operation 506 'add' 'add_ln58_6551' <Predicate = true> <Delay = 1.81> <CoreInst = "Adder">   --->   Core 1 'Adder' <Latency = 0> <II = 1> <Delay = 1.81> <FuncUnit> <Opcode : 'add' 'sub'> <InPorts = 2> <OutPorts = 1>
ST_1 : Operation 507 [1/1] (1.81ns)   --->   "%add_ln58_6569 = add i15 %sext_ln17_536, i15 %sext_ln17_546" [firmware/nnet_utils/nnet_dense_latency.h:58]   --->   Operation 507 'add' 'add_ln58_6569' <Predicate = true> <Delay = 1.81> <CoreInst = "Adder">   --->   Core 1 'Adder' <Latency = 0> <II = 1> <Delay = 1.81> <FuncUnit> <Opcode : 'add' 'sub'> <InPorts = 2> <OutPorts = 1>
ST_1 : Operation 508 [1/1] (0.00ns)   --->   "%sext_ln58_2305 = sext i14 %add_ln58_6337" [firmware/nnet_utils/nnet_dense_latency.h:58]   --->   Operation 508 'sext' 'sext_ln58_2305' <Predicate = true> <Delay = 0.00>
ST_1 : Operation 509 [1/1] (1.81ns)   --->   "%add_ln58_6571 = add i15 %sext_ln58_2305, i15 %sext_ln17_532" [firmware/nnet_utils/nnet_dense_latency.h:58]   --->   Operation 509 'add' 'add_ln58_6571' <Predicate = true> <Delay = 1.81> <CoreInst = "Adder">   --->   Core 1 'Adder' <Latency = 0> <II = 1> <Delay = 1.81> <FuncUnit> <Opcode : 'add' 'sub'> <InPorts = 2> <OutPorts = 1>
ST_1 : Operation 510 [1/1] (1.67ns)   --->   "%add_ln58_6589 = add i14 %sext_ln17_554, i14 %sext_ln17_565" [firmware/nnet_utils/nnet_dense_latency.h:58]   --->   Operation 510 'add' 'add_ln58_6589' <Predicate = true> <Delay = 1.67> <CoreInst = "Adder">   --->   Core 1 'Adder' <Latency = 0> <II = 1> <Delay = 1.67> <FuncUnit> <Opcode : 'add' 'sub'> <InPorts = 2> <OutPorts = 1>
ST_1 : Operation 511 [1/1] (0.00ns)   --->   "%sext_ln58_2308 = sext i14 %add_ln58_6589" [firmware/nnet_utils/nnet_dense_latency.h:58]   --->   Operation 511 'sext' 'sext_ln58_2308' <Predicate = true> <Delay = 0.00>
ST_1 : Operation 512 [1/1] (1.81ns)   --->   "%add_ln58_6590 = add i15 %sext_ln58_2308, i15 %sext_ln17_547" [firmware/nnet_utils/nnet_dense_latency.h:58]   --->   Operation 512 'add' 'add_ln58_6590' <Predicate = true> <Delay = 1.81> <CoreInst = "Adder">   --->   Core 1 'Adder' <Latency = 0> <II = 1> <Delay = 1.81> <FuncUnit> <Opcode : 'add' 'sub'> <InPorts = 2> <OutPorts = 1>
ST_1 : Operation 513 [1/1] (1.81ns)   --->   "%add_ln58_6607 = add i15 %sext_ln17_567, i15 %sext_ln17_517" [firmware/nnet_utils/nnet_dense_latency.h:58]   --->   Operation 513 'add' 'add_ln58_6607' <Predicate = true> <Delay = 1.81> <CoreInst = "Adder">   --->   Core 1 'Adder' <Latency = 0> <II = 1> <Delay = 1.81> <FuncUnit> <Opcode : 'add' 'sub'> <InPorts = 2> <OutPorts = 1>
ST_1 : Operation 514 [1/1] (1.67ns)   --->   "%add_ln58_6609 = add i14 %sext_ln17_552, i14 %sext_ln17_560" [firmware/nnet_utils/nnet_dense_latency.h:58]   --->   Operation 514 'add' 'add_ln58_6609' <Predicate = true> <Delay = 1.67> <CoreInst = "Adder">   --->   Core 1 'Adder' <Latency = 0> <II = 1> <Delay = 1.67> <FuncUnit> <Opcode : 'add' 'sub'> <InPorts = 2> <OutPorts = 1>
ST_1 : Operation 515 [1/1] (0.00ns)   --->   "%sext_ln58_2311 = sext i14 %add_ln58_6609" [firmware/nnet_utils/nnet_dense_latency.h:58]   --->   Operation 515 'sext' 'sext_ln58_2311' <Predicate = true> <Delay = 0.00>
ST_1 : Operation 516 [1/1] (1.81ns)   --->   "%add_ln58_6610 = add i15 %sext_ln58_2311, i15 %sext_ln17_543" [firmware/nnet_utils/nnet_dense_latency.h:58]   --->   Operation 516 'add' 'add_ln58_6610' <Predicate = true> <Delay = 1.81> <CoreInst = "Adder">   --->   Core 1 'Adder' <Latency = 0> <II = 1> <Delay = 1.81> <FuncUnit> <Opcode : 'add' 'sub'> <InPorts = 2> <OutPorts = 1>
ST_1 : Operation 517 [1/1] (1.67ns)   --->   "%add_ln58_6626 = add i14 %sext_ln17_548, i14 %sext_ln17_576" [firmware/nnet_utils/nnet_dense_latency.h:58]   --->   Operation 517 'add' 'add_ln58_6626' <Predicate = true> <Delay = 1.67> <CoreInst = "Adder">   --->   Core 1 'Adder' <Latency = 0> <II = 1> <Delay = 1.67> <FuncUnit> <Opcode : 'add' 'sub'> <InPorts = 2> <OutPorts = 1>
ST_1 : Operation 518 [1/1] (0.00ns)   --->   "%sext_ln58_2313 = sext i14 %add_ln58_6626" [firmware/nnet_utils/nnet_dense_latency.h:58]   --->   Operation 518 'sext' 'sext_ln58_2313' <Predicate = true> <Delay = 0.00>
ST_1 : Operation 519 [1/1] (1.81ns)   --->   "%add_ln58_6627 = add i15 %sext_ln58_2313, i15 %sext_ln17_523" [firmware/nnet_utils/nnet_dense_latency.h:58]   --->   Operation 519 'add' 'add_ln58_6627' <Predicate = true> <Delay = 1.81> <CoreInst = "Adder">   --->   Core 1 'Adder' <Latency = 0> <II = 1> <Delay = 1.81> <FuncUnit> <Opcode : 'add' 'sub'> <InPorts = 2> <OutPorts = 1>
ST_1 : Operation 520 [1/1] (1.67ns)   --->   "%add_ln58_6644 = add i14 %sext_ln17_529, i14 %sext_ln17_552" [firmware/nnet_utils/nnet_dense_latency.h:58]   --->   Operation 520 'add' 'add_ln58_6644' <Predicate = true> <Delay = 1.67> <CoreInst = "Adder">   --->   Core 1 'Adder' <Latency = 0> <II = 1> <Delay = 1.67> <FuncUnit> <Opcode : 'add' 'sub'> <InPorts = 2> <OutPorts = 1>
ST_1 : Operation 521 [1/1] (1.67ns)   --->   "%add_ln58_6660 = add i14 %sext_ln17_518, i14 %sext_ln17_572" [firmware/nnet_utils/nnet_dense_latency.h:58]   --->   Operation 521 'add' 'add_ln58_6660' <Predicate = true> <Delay = 1.67> <CoreInst = "Adder">   --->   Core 1 'Adder' <Latency = 0> <II = 1> <Delay = 1.67> <FuncUnit> <Opcode : 'add' 'sub'> <InPorts = 2> <OutPorts = 1>
ST_1 : Operation 522 [1/1] (0.00ns)   --->   "%sext_ln58_2318 = sext i14 %add_ln58_6660" [firmware/nnet_utils/nnet_dense_latency.h:58]   --->   Operation 522 'sext' 'sext_ln58_2318' <Predicate = true> <Delay = 0.00>
ST_1 : Operation 523 [1/1] (1.81ns)   --->   "%add_ln58_6661 = add i15 %sext_ln58_2318, i15 %sext_ln17_531" [firmware/nnet_utils/nnet_dense_latency.h:58]   --->   Operation 523 'add' 'add_ln58_6661' <Predicate = true> <Delay = 1.81> <CoreInst = "Adder">   --->   Core 1 'Adder' <Latency = 0> <II = 1> <Delay = 1.81> <FuncUnit> <Opcode : 'add' 'sub'> <InPorts = 2> <OutPorts = 1>
ST_1 : Operation 524 [1/1] (1.67ns)   --->   "%add_ln58_6676 = add i14 %sext_ln17_529, i14 16256" [firmware/nnet_utils/nnet_dense_latency.h:58]   --->   Operation 524 'add' 'add_ln58_6676' <Predicate = true> <Delay = 1.67> <CoreInst = "Adder">   --->   Core 1 'Adder' <Latency = 0> <II = 1> <Delay = 1.67> <FuncUnit> <Opcode : 'add' 'sub'> <InPorts = 2> <OutPorts = 1>
ST_1 : Operation 525 [1/1] (2.07ns)   --->   "%add_ln58_6684 = add i16 %mult_644, i16 %mult_654" [firmware/nnet_utils/nnet_dense_latency.h:58]   --->   Operation 525 'add' 'add_ln58_6684' <Predicate = true> <Delay = 2.07> <CoreInst = "Adder">   --->   Core 1 'Adder' <Latency = 0> <II = 1> <Delay = 2.07> <FuncUnit> <Opcode : 'add' 'sub'> <InPorts = 2> <OutPorts = 1>
ST_1 : Operation 526 [1/1] (1.81ns)   --->   "%add_ln58_6693 = add i15 %sext_ln58_2305, i15 %sext_ln17_540" [firmware/nnet_utils/nnet_dense_latency.h:58]   --->   Operation 526 'add' 'add_ln58_6693' <Predicate = true> <Delay = 1.81> <CoreInst = "Adder">   --->   Core 1 'Adder' <Latency = 0> <II = 1> <Delay = 1.81> <FuncUnit> <Opcode : 'add' 'sub'> <InPorts = 2> <OutPorts = 1>
ST_1 : Operation 527 [1/1] (1.67ns)   --->   "%add_ln58_6709 = add i14 %sext_ln17_552, i14 128" [firmware/nnet_utils/nnet_dense_latency.h:58]   --->   Operation 527 'add' 'add_ln58_6709' <Predicate = true> <Delay = 1.67> <CoreInst = "Adder">   --->   Core 1 'Adder' <Latency = 0> <II = 1> <Delay = 1.67> <FuncUnit> <Opcode : 'add' 'sub'> <InPorts = 2> <OutPorts = 1>
ST_1 : Operation 528 [1/1] (0.00ns)   --->   "%sext_ln58_2326 = sext i14 %add_ln58_6709" [firmware/nnet_utils/nnet_dense_latency.h:58]   --->   Operation 528 'sext' 'sext_ln58_2326' <Predicate = true> <Delay = 0.00>
ST_1 : Operation 529 [1/1] (1.81ns)   --->   "%add_ln58_6710 = add i15 %sext_ln58_2326, i15 %sext_ln17_567" [firmware/nnet_utils/nnet_dense_latency.h:58]   --->   Operation 529 'add' 'add_ln58_6710' <Predicate = true> <Delay = 1.81> <CoreInst = "Adder">   --->   Core 1 'Adder' <Latency = 0> <II = 1> <Delay = 1.81> <FuncUnit> <Opcode : 'add' 'sub'> <InPorts = 2> <OutPorts = 1>
ST_1 : Operation 530 [1/1] (2.07ns)   --->   "%add_ln58_6718 = add i16 %sext_ln42_189, i16 %mult_683" [firmware/nnet_utils/nnet_dense_latency.h:58]   --->   Operation 530 'add' 'add_ln58_6718' <Predicate = true> <Delay = 2.07> <CoreInst = "Adder">   --->   Core 1 'Adder' <Latency = 0> <II = 1> <Delay = 2.07> <FuncUnit> <Opcode : 'add' 'sub'> <InPorts = 2> <OutPorts = 1>
ST_1 : Operation 531 [1/1] (1.81ns)   --->   "%add_ln58_6725 = add i15 %sext_ln58_2313, i15 %sext_ln17_540" [firmware/nnet_utils/nnet_dense_latency.h:58]   --->   Operation 531 'add' 'add_ln58_6725' <Predicate = true> <Delay = 1.81> <CoreInst = "Adder">   --->   Core 1 'Adder' <Latency = 0> <II = 1> <Delay = 1.81> <FuncUnit> <Opcode : 'add' 'sub'> <InPorts = 2> <OutPorts = 1>
ST_1 : Operation 532 [1/1] (1.81ns)   --->   "%add_ln58_6742 = add i15 %sext_ln17_575, i15 %sext_ln17_578" [firmware/nnet_utils/nnet_dense_latency.h:58]   --->   Operation 532 'add' 'add_ln58_6742' <Predicate = true> <Delay = 1.81> <CoreInst = "Adder">   --->   Core 1 'Adder' <Latency = 0> <II = 1> <Delay = 1.81> <FuncUnit> <Opcode : 'add' 'sub'> <InPorts = 2> <OutPorts = 1>
ST_1 : Operation 533 [1/1] (0.00ns)   --->   "%sext_ln58_2332 = sext i15 %add_ln58_6742" [firmware/nnet_utils/nnet_dense_latency.h:58]   --->   Operation 533 'sext' 'sext_ln58_2332' <Predicate = true> <Delay = 0.00>
ST_1 : Operation 534 [1/1] (1.94ns)   --->   "%add_ln58_6743 = add i16 %sext_ln58_2332, i16 %sext_ln42_133" [firmware/nnet_utils/nnet_dense_latency.h:58]   --->   Operation 534 'add' 'add_ln58_6743' <Predicate = true> <Delay = 1.94> <CoreInst = "Adder">   --->   Core 1 'Adder' <Latency = 0> <II = 1> <Delay = 1.94> <FuncUnit> <Opcode : 'add' 'sub'> <InPorts = 2> <OutPorts = 1>
ST_1 : Operation 535 [1/1] (1.67ns)   --->   "%add_ln58_6759 = add i14 %sext_ln17_522, i14 %sext_ln17_565" [firmware/nnet_utils/nnet_dense_latency.h:58]   --->   Operation 535 'add' 'add_ln58_6759' <Predicate = true> <Delay = 1.67> <CoreInst = "Adder">   --->   Core 1 'Adder' <Latency = 0> <II = 1> <Delay = 1.67> <FuncUnit> <Opcode : 'add' 'sub'> <InPorts = 2> <OutPorts = 1>
ST_1 : Operation 536 [1/1] (1.67ns)   --->   "%add_ln58_6760 = add i14 %sext_ln17_576, i14 128" [firmware/nnet_utils/nnet_dense_latency.h:58]   --->   Operation 536 'add' 'add_ln58_6760' <Predicate = true> <Delay = 1.67> <CoreInst = "Adder">   --->   Core 1 'Adder' <Latency = 0> <II = 1> <Delay = 1.67> <FuncUnit> <Opcode : 'add' 'sub'> <InPorts = 2> <OutPorts = 1>
ST_1 : Operation 537 [1/1] (0.00ns)   --->   "%sext_ln58_2335 = sext i14 %add_ln58_6760" [firmware/nnet_utils/nnet_dense_latency.h:58]   --->   Operation 537 'sext' 'sext_ln58_2335' <Predicate = true> <Delay = 0.00>
ST_1 : Operation 538 [1/1] (1.81ns)   --->   "%add_ln58_6761 = add i15 %sext_ln58_2335, i15 %sext_ln17_571" [firmware/nnet_utils/nnet_dense_latency.h:58]   --->   Operation 538 'add' 'add_ln58_6761' <Predicate = true> <Delay = 1.81> <CoreInst = "Adder">   --->   Core 1 'Adder' <Latency = 0> <II = 1> <Delay = 1.81> <FuncUnit> <Opcode : 'add' 'sub'> <InPorts = 2> <OutPorts = 1>
ST_1 : Operation 539 [1/1] (1.67ns)   --->   "%add_ln58_6779 = add i14 %sext_ln17_522, i14 %sext_ln17_529" [firmware/nnet_utils/nnet_dense_latency.h:58]   --->   Operation 539 'add' 'add_ln58_6779' <Predicate = true> <Delay = 1.67> <CoreInst = "Adder">   --->   Core 1 'Adder' <Latency = 0> <II = 1> <Delay = 1.67> <FuncUnit> <Opcode : 'add' 'sub'> <InPorts = 2> <OutPorts = 1>
ST_1 : Operation 540 [1/1] (0.00ns)   --->   "%sext_ln58_2339 = sext i14 %add_ln58_6779" [firmware/nnet_utils/nnet_dense_latency.h:58]   --->   Operation 540 'sext' 'sext_ln58_2339' <Predicate = true> <Delay = 0.00>
ST_1 : Operation 541 [1/1] (1.81ns)   --->   "%add_ln58_6780 = add i15 %sext_ln58_2339, i15 %sext_ln17_570" [firmware/nnet_utils/nnet_dense_latency.h:58]   --->   Operation 541 'add' 'add_ln58_6780' <Predicate = true> <Delay = 1.81> <CoreInst = "Adder">   --->   Core 1 'Adder' <Latency = 0> <II = 1> <Delay = 1.81> <FuncUnit> <Opcode : 'add' 'sub'> <InPorts = 2> <OutPorts = 1>
ST_1 : Operation 542 [1/1] (1.67ns)   --->   "%add_ln58_6781 = add i14 %sext_ln17_574, i14 16256" [firmware/nnet_utils/nnet_dense_latency.h:58]   --->   Operation 542 'add' 'add_ln58_6781' <Predicate = true> <Delay = 1.67> <CoreInst = "Adder">   --->   Core 1 'Adder' <Latency = 0> <II = 1> <Delay = 1.67> <FuncUnit> <Opcode : 'add' 'sub'> <InPorts = 2> <OutPorts = 1>
ST_1 : Operation 543 [1/1] (0.00ns)   --->   "%sext_ln58_2341 = sext i14 %add_ln58_6781" [firmware/nnet_utils/nnet_dense_latency.h:58]   --->   Operation 543 'sext' 'sext_ln58_2341' <Predicate = true> <Delay = 0.00>
ST_1 : Operation 544 [1/1] (1.81ns)   --->   "%add_ln58_6782 = add i15 %sext_ln58_2341, i15 %sext_ln17_551" [firmware/nnet_utils/nnet_dense_latency.h:58]   --->   Operation 544 'add' 'add_ln58_6782' <Predicate = true> <Delay = 1.81> <CoreInst = "Adder">   --->   Core 1 'Adder' <Latency = 0> <II = 1> <Delay = 1.81> <FuncUnit> <Opcode : 'add' 'sub'> <InPorts = 2> <OutPorts = 1>
ST_1 : Operation 545 [1/1] (0.00ns) (grouped into TernaryAdder)   --->   "%add_ln58_6790 = add i16 %sext_ln42_176, i16 %sext_ln42_81" [firmware/nnet_utils/nnet_dense_latency.h:58]   --->   Operation 545 'add' 'add_ln58_6790' <Predicate = true> <Delay = 0.00> <CoreInst = "TAddSub">   --->   Core 10 'TAddSub' <Latency = 0> <II = 1> <Delay = 1.95> <IPBlock> <Opcode : '' 'add' 'sub'> <InPorts = 3> <OutPorts = 1> <Sync> <CReg>
ST_1 : Operation 546 [1/1] (3.90ns) (root node of TernaryAdder)   --->   "%add_ln58_6791 = add i16 %add_ln58_6790, i16 %sext_ln42_101" [firmware/nnet_utils/nnet_dense_latency.h:58]   --->   Operation 546 'add' 'add_ln58_6791' <Predicate = true> <Delay = 3.90> <CoreInst = "TAddSub">   --->   Core 10 'TAddSub' <Latency = 0> <II = 1> <Delay = 1.95> <IPBlock> <Opcode : '' 'add' 'sub'> <InPorts = 3> <OutPorts = 1> <Sync> <CReg>
ST_1 : Operation 547 [1/1] (1.81ns)   --->   "%add_ln58_6797 = add i15 %sext_ln17_567, i15 %sext_ln17_510" [firmware/nnet_utils/nnet_dense_latency.h:58]   --->   Operation 547 'add' 'add_ln58_6797' <Predicate = true> <Delay = 1.81> <CoreInst = "Adder">   --->   Core 1 'Adder' <Latency = 0> <II = 1> <Delay = 1.81> <FuncUnit> <Opcode : 'add' 'sub'> <InPorts = 2> <OutPorts = 1>
ST_1 : Operation 548 [1/1] (1.67ns)   --->   "%add_ln58_6798 = add i14 %sext_ln17_544, i14 %sext_ln17_574" [firmware/nnet_utils/nnet_dense_latency.h:58]   --->   Operation 548 'add' 'add_ln58_6798' <Predicate = true> <Delay = 1.67> <CoreInst = "Adder">   --->   Core 1 'Adder' <Latency = 0> <II = 1> <Delay = 1.67> <FuncUnit> <Opcode : 'add' 'sub'> <InPorts = 2> <OutPorts = 1>
ST_1 : Operation 549 [1/1] (0.00ns)   --->   "%sext_ln58_2346 = sext i14 %add_ln58_6798" [firmware/nnet_utils/nnet_dense_latency.h:58]   --->   Operation 549 'sext' 'sext_ln58_2346' <Predicate = true> <Delay = 0.00>
ST_1 : Operation 550 [1/1] (1.81ns)   --->   "%add_ln58_6799 = add i15 %sext_ln58_2346, i15 %sext_ln17_525" [firmware/nnet_utils/nnet_dense_latency.h:58]   --->   Operation 550 'add' 'add_ln58_6799' <Predicate = true> <Delay = 1.81> <CoreInst = "Adder">   --->   Core 1 'Adder' <Latency = 0> <II = 1> <Delay = 1.81> <FuncUnit> <Opcode : 'add' 'sub'> <InPorts = 2> <OutPorts = 1>
ST_1 : Operation 551 [1/1] (1.67ns)   --->   "%add_ln58_6815 = add i14 %sext_ln17_514, i14 %sext_ln17_538" [firmware/nnet_utils/nnet_dense_latency.h:58]   --->   Operation 551 'add' 'add_ln58_6815' <Predicate = true> <Delay = 1.67> <CoreInst = "Adder">   --->   Core 1 'Adder' <Latency = 0> <II = 1> <Delay = 1.67> <FuncUnit> <Opcode : 'add' 'sub'> <InPorts = 2> <OutPorts = 1>
ST_1 : Operation 552 [1/1] (0.00ns)   --->   "%sext_ln58_2349 = sext i14 %add_ln58_6815" [firmware/nnet_utils/nnet_dense_latency.h:58]   --->   Operation 552 'sext' 'sext_ln58_2349' <Predicate = true> <Delay = 0.00>
ST_1 : Operation 553 [1/1] (1.81ns)   --->   "%add_ln58_6816 = add i15 %sext_ln58_2349, i15 %sext_ln17_509" [firmware/nnet_utils/nnet_dense_latency.h:58]   --->   Operation 553 'add' 'add_ln58_6816' <Predicate = true> <Delay = 1.81> <CoreInst = "Adder">   --->   Core 1 'Adder' <Latency = 0> <II = 1> <Delay = 1.81> <FuncUnit> <Opcode : 'add' 'sub'> <InPorts = 2> <OutPorts = 1>
ST_1 : Operation 554 [1/1] (1.81ns)   --->   "%add_ln58_6817 = add i15 %sext_ln58_2302, i15 %sext_ln17_558" [firmware/nnet_utils/nnet_dense_latency.h:58]   --->   Operation 554 'add' 'add_ln58_6817' <Predicate = true> <Delay = 1.81> <CoreInst = "Adder">   --->   Core 1 'Adder' <Latency = 0> <II = 1> <Delay = 1.81> <FuncUnit> <Opcode : 'add' 'sub'> <InPorts = 2> <OutPorts = 1>
ST_1 : Operation 555 [1/1] (1.81ns)   --->   "%add_ln58_6833 = add i15 %sext_ln17_562, i15 %sext_ln17_570" [firmware/nnet_utils/nnet_dense_latency.h:58]   --->   Operation 555 'add' 'add_ln58_6833' <Predicate = true> <Delay = 1.81> <CoreInst = "Adder">   --->   Core 1 'Adder' <Latency = 0> <II = 1> <Delay = 1.81> <FuncUnit> <Opcode : 'add' 'sub'> <InPorts = 2> <OutPorts = 1>
ST_1 : Operation 556 [1/1] (0.00ns)   --->   "%sext_ln58_2352 = sext i15 %add_ln58_6833" [firmware/nnet_utils/nnet_dense_latency.h:58]   --->   Operation 556 'sext' 'sext_ln58_2352' <Predicate = true> <Delay = 0.00>
ST_1 : Operation 557 [1/1] (1.94ns)   --->   "%add_ln58_6834 = add i16 %sext_ln58_2352, i16 %sext_ln42_136" [firmware/nnet_utils/nnet_dense_latency.h:58]   --->   Operation 557 'add' 'add_ln58_6834' <Predicate = true> <Delay = 1.94> <CoreInst = "Adder">   --->   Core 1 'Adder' <Latency = 0> <II = 1> <Delay = 1.94> <FuncUnit> <Opcode : 'add' 'sub'> <InPorts = 2> <OutPorts = 1>

State 2 <SV = 1> <Delay = 4.30>
ST_2 : Operation 558 [1/1] (0.00ns)   --->   "%sext_ln42 = sext i16 %data_0_val_read" [firmware/nnet_utils/nnet_dense_latency.h:42]   --->   Operation 558 'sext' 'sext_ln42' <Predicate = true> <Delay = 0.00>
ST_2 : Operation 559 [1/1] (0.00ns)   --->   "%sext_ln42_71 = sext i16 %data_0_val_read" [firmware/nnet_utils/nnet_dense_latency.h:42]   --->   Operation 559 'sext' 'sext_ln42_71' <Predicate = true> <Delay = 0.00>
ST_2 : Operation 560 [1/1] (0.00ns)   --->   "%sext_ln42_72 = sext i15 %mult" [firmware/nnet_utils/nnet_dense_latency.h:42]   --->   Operation 560 'sext' 'sext_ln42_72' <Predicate = true> <Delay = 0.00>
ST_2 : Operation 561 [1/1] (0.00ns)   --->   "%sext_ln42_73 = sext i14 %mult_506" [firmware/nnet_utils/nnet_dense_latency.h:42]   --->   Operation 561 'sext' 'sext_ln42_73' <Predicate = true> <Delay = 0.00>
ST_2 : Operation 562 [1/1] (0.00ns)   --->   "%sext_ln17 = sext i14 %mult_506" [firmware/nnet_utils/nnet_dense_latency.h:17]   --->   Operation 562 'sext' 'sext_ln17' <Predicate = true> <Delay = 0.00>
ST_2 : Operation 563 [1/1] (2.07ns)   --->   "%sub_ln73 = sub i17 0, i17 %sext_ln42_71" [firmware/nnet_utils/nnet_mult.h:73->firmware/nnet_utils/nnet_dense_latency.h:42]   --->   Operation 563 'sub' 'sub_ln73' <Predicate = true> <Delay = 2.07> <CoreInst = "Adder">   --->   Core 1 'Adder' <Latency = 0> <II = 1> <Delay = 2.07> <FuncUnit> <Opcode : 'add' 'sub'> <InPorts = 2> <OutPorts = 1>
ST_2 : Operation 564 [1/1] (0.00ns)   --->   "%mult_507 = partselect i14 @_ssdm_op_PartSelect.i14.i17.i32.i32, i17 %sub_ln73, i32 3, i32 16" [firmware/nnet_utils/nnet_dense_latency.h:42]   --->   Operation 564 'partselect' 'mult_507' <Predicate = true> <Delay = 0.00>
ST_2 : Operation 565 [1/1] (0.00ns)   --->   "%sext_ln17_505 = sext i14 %mult_507" [firmware/nnet_utils/nnet_dense_latency.h:17]   --->   Operation 565 'sext' 'sext_ln17_505' <Predicate = true> <Delay = 0.00>
ST_2 : Operation 566 [1/1] (0.00ns)   --->   "%tmp = bitconcatenate i17 @_ssdm_op_BitConcatenate.i17.i16.i1, i16 %data_0_val_read, i1 0" [firmware/nnet_utils/nnet_mult.h:73->firmware/nnet_utils/nnet_dense_latency.h:42]   --->   Operation 566 'bitconcatenate' 'tmp' <Predicate = true> <Delay = 0.00>
ST_2 : Operation 567 [1/1] (0.00ns)   --->   "%sext_ln73_149 = sext i17 %tmp" [firmware/nnet_utils/nnet_mult.h:73->firmware/nnet_utils/nnet_dense_latency.h:42]   --->   Operation 567 'sext' 'sext_ln73_149' <Predicate = true> <Delay = 0.00>
ST_2 : Operation 568 [1/1] (2.10ns)   --->   "%sub_ln73_400 = sub i18 0, i18 %sext_ln73_149" [firmware/nnet_utils/nnet_mult.h:73->firmware/nnet_utils/nnet_dense_latency.h:42]   --->   Operation 568 'sub' 'sub_ln73_400' <Predicate = true> <Delay = 2.10> <CoreInst = "Adder">   --->   Core 1 'Adder' <Latency = 0> <II = 1> <Delay = 2.10> <FuncUnit> <Opcode : 'add' 'sub'> <InPorts = 2> <OutPorts = 1>
ST_2 : Operation 569 [1/1] (0.00ns)   --->   "%mult_508 = partselect i15 @_ssdm_op_PartSelect.i15.i18.i32.i32, i18 %sub_ln73_400, i32 3, i32 17" [firmware/nnet_utils/nnet_dense_latency.h:42]   --->   Operation 569 'partselect' 'mult_508' <Predicate = true> <Delay = 0.00>
ST_2 : Operation 570 [1/1] (0.00ns)   --->   "%tmp_1942 = bitconcatenate i18 @_ssdm_op_BitConcatenate.i18.i16.i2, i16 %data_0_val_read, i2 0" [firmware/nnet_utils/nnet_mult.h:73->firmware/nnet_utils/nnet_dense_latency.h:42]   --->   Operation 570 'bitconcatenate' 'tmp_1942' <Predicate = true> <Delay = 0.00>
ST_2 : Operation 571 [1/1] (0.00ns)   --->   "%sext_ln73_150 = sext i18 %tmp_1942" [firmware/nnet_utils/nnet_mult.h:73->firmware/nnet_utils/nnet_dense_latency.h:42]   --->   Operation 571 'sext' 'sext_ln73_150' <Predicate = true> <Delay = 0.00>
ST_2 : Operation 572 [1/1] (2.13ns)   --->   "%sub_ln73_401 = sub i19 %sext_ln73_150, i19 %sext_ln42" [firmware/nnet_utils/nnet_mult.h:73->firmware/nnet_utils/nnet_dense_latency.h:42]   --->   Operation 572 'sub' 'sub_ln73_401' <Predicate = true> <Delay = 2.13> <CoreInst = "Adder">   --->   Core 1 'Adder' <Latency = 0> <II = 1> <Delay = 2.13> <FuncUnit> <Opcode : 'add' 'sub'> <InPorts = 2> <OutPorts = 1>
ST_2 : Operation 573 [1/1] (0.00ns)   --->   "%mult_509 = partselect i16 @_ssdm_op_PartSelect.i16.i19.i32.i32, i19 %sub_ln73_401, i32 3, i32 18" [firmware/nnet_utils/nnet_dense_latency.h:42]   --->   Operation 573 'partselect' 'mult_509' <Predicate = true> <Delay = 0.00>
ST_2 : Operation 574 [1/1] (0.00ns)   --->   "%sext_ln42_76 = sext i13 %mult_510" [firmware/nnet_utils/nnet_dense_latency.h:42]   --->   Operation 574 'sext' 'sext_ln42_76' <Predicate = true> <Delay = 0.00>
ST_2 : Operation 575 [1/1] (2.13ns)   --->   "%sub_ln73_402 = sub i19 %sext_ln42, i19 %sext_ln73_150" [firmware/nnet_utils/nnet_mult.h:73->firmware/nnet_utils/nnet_dense_latency.h:42]   --->   Operation 575 'sub' 'sub_ln73_402' <Predicate = true> <Delay = 2.13> <CoreInst = "Adder">   --->   Core 1 'Adder' <Latency = 0> <II = 1> <Delay = 2.13> <FuncUnit> <Opcode : 'add' 'sub'> <InPorts = 2> <OutPorts = 1>
ST_2 : Operation 576 [1/1] (0.00ns)   --->   "%mult_511 = partselect i16 @_ssdm_op_PartSelect.i16.i19.i32.i32, i19 %sub_ln73_402, i32 3, i32 18" [firmware/nnet_utils/nnet_dense_latency.h:42]   --->   Operation 576 'partselect' 'mult_511' <Predicate = true> <Delay = 0.00>
ST_2 : Operation 577 [1/1] (2.13ns)   --->   "%sub_ln73_403 = sub i19 0, i19 %sext_ln73_150" [firmware/nnet_utils/nnet_mult.h:73->firmware/nnet_utils/nnet_dense_latency.h:42]   --->   Operation 577 'sub' 'sub_ln73_403' <Predicate = true> <Delay = 2.13> <CoreInst = "Adder">   --->   Core 1 'Adder' <Latency = 0> <II = 1> <Delay = 2.13> <FuncUnit> <Opcode : 'add' 'sub'> <InPorts = 2> <OutPorts = 1>
ST_2 : Operation 578 [1/1] (0.00ns)   --->   "%mult_512 = partselect i16 @_ssdm_op_PartSelect.i16.i19.i32.i32, i19 %sub_ln73_403, i32 3, i32 18" [firmware/nnet_utils/nnet_dense_latency.h:42]   --->   Operation 578 'partselect' 'mult_512' <Predicate = true> <Delay = 0.00>
ST_2 : Operation 579 [1/1] (2.13ns)   --->   "%add_ln42 = add i19 %sext_ln73_150, i19 %sext_ln42" [firmware/nnet_utils/nnet_dense_latency.h:42]   --->   Operation 579 'add' 'add_ln42' <Predicate = true> <Delay = 2.13> <CoreInst = "Adder">   --->   Core 1 'Adder' <Latency = 0> <II = 1> <Delay = 2.13> <FuncUnit> <Opcode : 'add' 'sub'> <InPorts = 2> <OutPorts = 1>
ST_2 : Operation 580 [1/1] (0.00ns)   --->   "%mult_513 = partselect i16 @_ssdm_op_PartSelect.i16.i19.i32.i32, i19 %add_ln42, i32 3, i32 18" [firmware/nnet_utils/nnet_dense_latency.h:42]   --->   Operation 580 'partselect' 'mult_513' <Predicate = true> <Delay = 0.00>
ST_2 : Operation 581 [1/1] (0.00ns)   --->   "%sext_ln42_77 = sext i16 %data_1_val_read" [firmware/nnet_utils/nnet_dense_latency.h:42]   --->   Operation 581 'sext' 'sext_ln42_77' <Predicate = true> <Delay = 0.00>
ST_2 : Operation 582 [1/1] (0.00ns)   --->   "%tmp_1943 = bitconcatenate i17 @_ssdm_op_BitConcatenate.i17.i16.i1, i16 %data_1_val_read, i1 0" [firmware/nnet_utils/nnet_mult.h:73->firmware/nnet_utils/nnet_dense_latency.h:42]   --->   Operation 582 'bitconcatenate' 'tmp_1943' <Predicate = true> <Delay = 0.00>
ST_2 : Operation 583 [1/1] (0.00ns)   --->   "%sext_ln73_151 = sext i17 %tmp_1943" [firmware/nnet_utils/nnet_mult.h:73->firmware/nnet_utils/nnet_dense_latency.h:42]   --->   Operation 583 'sext' 'sext_ln73_151' <Predicate = true> <Delay = 0.00>
ST_2 : Operation 584 [1/1] (2.10ns)   --->   "%sub_ln73_404 = sub i18 0, i18 %sext_ln73_151" [firmware/nnet_utils/nnet_mult.h:73->firmware/nnet_utils/nnet_dense_latency.h:42]   --->   Operation 584 'sub' 'sub_ln73_404' <Predicate = true> <Delay = 2.10> <CoreInst = "Adder">   --->   Core 1 'Adder' <Latency = 0> <II = 1> <Delay = 2.10> <FuncUnit> <Opcode : 'add' 'sub'> <InPorts = 2> <OutPorts = 1>
ST_2 : Operation 585 [1/1] (0.00ns)   --->   "%mult_514 = partselect i15 @_ssdm_op_PartSelect.i15.i18.i32.i32, i18 %sub_ln73_404, i32 3, i32 17" [firmware/nnet_utils/nnet_dense_latency.h:42]   --->   Operation 585 'partselect' 'mult_514' <Predicate = true> <Delay = 0.00>
ST_2 : Operation 586 [1/1] (0.00ns)   --->   "%sext_ln42_127 = sext i15 %mult_514" [firmware/nnet_utils/nnet_dense_latency.h:42]   --->   Operation 586 'sext' 'sext_ln42_127' <Predicate = true> <Delay = 0.00>
ST_2 : Operation 587 [1/1] (0.00ns)   --->   "%sext_ln42_128 = sext i14 %mult_515" [firmware/nnet_utils/nnet_dense_latency.h:42]   --->   Operation 587 'sext' 'sext_ln42_128' <Predicate = true> <Delay = 0.00>
ST_2 : Operation 588 [1/1] (0.00ns)   --->   "%sext_ln17_507 = sext i14 %mult_515" [firmware/nnet_utils/nnet_dense_latency.h:17]   --->   Operation 588 'sext' 'sext_ln17_507' <Predicate = true> <Delay = 0.00>
ST_2 : Operation 589 [1/1] (0.00ns)   --->   "%tmp_1944 = bitconcatenate i18 @_ssdm_op_BitConcatenate.i18.i16.i2, i16 %data_1_val_read, i2 0" [firmware/nnet_utils/nnet_mult.h:73->firmware/nnet_utils/nnet_dense_latency.h:42]   --->   Operation 589 'bitconcatenate' 'tmp_1944' <Predicate = true> <Delay = 0.00>
ST_2 : Operation 590 [1/1] (0.00ns)   --->   "%sext_ln73_152 = sext i18 %tmp_1944" [firmware/nnet_utils/nnet_mult.h:73->firmware/nnet_utils/nnet_dense_latency.h:42]   --->   Operation 590 'sext' 'sext_ln73_152' <Predicate = true> <Delay = 0.00>
ST_2 : Operation 591 [1/1] (2.13ns)   --->   "%sub_ln73_405 = sub i19 %sext_ln73_152, i19 %sext_ln42_77" [firmware/nnet_utils/nnet_mult.h:73->firmware/nnet_utils/nnet_dense_latency.h:42]   --->   Operation 591 'sub' 'sub_ln73_405' <Predicate = true> <Delay = 2.13> <CoreInst = "Adder">   --->   Core 1 'Adder' <Latency = 0> <II = 1> <Delay = 2.13> <FuncUnit> <Opcode : 'add' 'sub'> <InPorts = 2> <OutPorts = 1>
ST_2 : Operation 592 [1/1] (0.00ns)   --->   "%mult_516 = partselect i16 @_ssdm_op_PartSelect.i16.i19.i32.i32, i19 %sub_ln73_405, i32 3, i32 18" [firmware/nnet_utils/nnet_dense_latency.h:42]   --->   Operation 592 'partselect' 'mult_516' <Predicate = true> <Delay = 0.00>
ST_2 : Operation 593 [1/1] (2.13ns)   --->   "%sub_ln73_406 = sub i19 %sext_ln42_77, i19 %sext_ln73_152" [firmware/nnet_utils/nnet_mult.h:73->firmware/nnet_utils/nnet_dense_latency.h:42]   --->   Operation 593 'sub' 'sub_ln73_406' <Predicate = true> <Delay = 2.13> <CoreInst = "Adder">   --->   Core 1 'Adder' <Latency = 0> <II = 1> <Delay = 2.13> <FuncUnit> <Opcode : 'add' 'sub'> <InPorts = 2> <OutPorts = 1>
ST_2 : Operation 594 [1/1] (0.00ns)   --->   "%mult_517 = partselect i16 @_ssdm_op_PartSelect.i16.i19.i32.i32, i19 %sub_ln73_406, i32 3, i32 18" [firmware/nnet_utils/nnet_dense_latency.h:42]   --->   Operation 594 'partselect' 'mult_517' <Predicate = true> <Delay = 0.00>
ST_2 : Operation 595 [1/1] (2.13ns)   --->   "%add_ln42_7 = add i19 %sext_ln73_152, i19 %sext_ln42_77" [firmware/nnet_utils/nnet_dense_latency.h:42]   --->   Operation 595 'add' 'add_ln42_7' <Predicate = true> <Delay = 2.13> <CoreInst = "Adder">   --->   Core 1 'Adder' <Latency = 0> <II = 1> <Delay = 2.13> <FuncUnit> <Opcode : 'add' 'sub'> <InPorts = 2> <OutPorts = 1>
ST_2 : Operation 596 [1/1] (0.00ns)   --->   "%mult_518 = partselect i16 @_ssdm_op_PartSelect.i16.i19.i32.i32, i19 %add_ln42_7, i32 3, i32 18" [firmware/nnet_utils/nnet_dense_latency.h:42]   --->   Operation 596 'partselect' 'mult_518' <Predicate = true> <Delay = 0.00>
ST_2 : Operation 597 [1/1] (0.00ns)   --->   "%sext_ln42_80 = sext i15 %mult_519" [firmware/nnet_utils/nnet_dense_latency.h:42]   --->   Operation 597 'sext' 'sext_ln42_80' <Predicate = true> <Delay = 0.00>
ST_2 : Operation 598 [1/1] (0.00ns)   --->   "%sext_ln17_508 = sext i14 %mult_520" [firmware/nnet_utils/nnet_dense_latency.h:17]   --->   Operation 598 'sext' 'sext_ln17_508' <Predicate = true> <Delay = 0.00>
ST_2 : Operation 599 [1/1] (0.00ns)   --->   "%sext_ln42_85 = sext i14 %mult_523" [firmware/nnet_utils/nnet_dense_latency.h:42]   --->   Operation 599 'sext' 'sext_ln42_85' <Predicate = true> <Delay = 0.00>
ST_2 : Operation 600 [1/1] (0.00ns)   --->   "%sext_ln17_512 = sext i14 %mult_523" [firmware/nnet_utils/nnet_dense_latency.h:17]   --->   Operation 600 'sext' 'sext_ln17_512' <Predicate = true> <Delay = 0.00>
ST_2 : Operation 601 [1/1] (2.13ns)   --->   "%sub_ln73_407 = sub i19 0, i19 %sext_ln73_153" [firmware/nnet_utils/nnet_mult.h:73->firmware/nnet_utils/nnet_dense_latency.h:42]   --->   Operation 601 'sub' 'sub_ln73_407' <Predicate = true> <Delay = 2.13> <CoreInst = "Adder">   --->   Core 1 'Adder' <Latency = 0> <II = 1> <Delay = 2.13> <FuncUnit> <Opcode : 'add' 'sub'> <InPorts = 2> <OutPorts = 1>
ST_2 : Operation 602 [1/1] (0.00ns)   --->   "%mult_524 = partselect i16 @_ssdm_op_PartSelect.i16.i19.i32.i32, i19 %sub_ln73_407, i32 3, i32 18" [firmware/nnet_utils/nnet_dense_latency.h:42]   --->   Operation 602 'partselect' 'mult_524' <Predicate = true> <Delay = 0.00>
ST_2 : Operation 603 [1/1] (2.16ns)   --->   "%sub_ln42 = sub i19 %sub_ln73_407, i19 %sext_ln42_82" [firmware/nnet_utils/nnet_dense_latency.h:42]   --->   Operation 603 'sub' 'sub_ln42' <Predicate = true> <Delay = 2.16> <CoreInst = "Adder">   --->   Core 1 'Adder' <Latency = 0> <II = 1> <Delay = 2.16> <FuncUnit> <Opcode : 'add' 'sub'> <InPorts = 2> <OutPorts = 1>
ST_2 : Operation 604 [1/1] (0.00ns)   --->   "%mult_525 = partselect i16 @_ssdm_op_PartSelect.i16.i19.i32.i32, i19 %sub_ln42, i32 3, i32 18" [firmware/nnet_utils/nnet_dense_latency.h:42]   --->   Operation 604 'partselect' 'mult_525' <Predicate = true> <Delay = 0.00>
ST_2 : Operation 605 [1/1] (0.00ns)   --->   "%sext_ln42_131 = sext i14 %mult_526" [firmware/nnet_utils/nnet_dense_latency.h:42]   --->   Operation 605 'sext' 'sext_ln42_131' <Predicate = true> <Delay = 0.00>
ST_2 : Operation 606 [1/1] (2.13ns)   --->   "%sub_ln73_408 = sub i19 %sext_ln73_153, i19 %sext_ln42_82" [firmware/nnet_utils/nnet_mult.h:73->firmware/nnet_utils/nnet_dense_latency.h:42]   --->   Operation 606 'sub' 'sub_ln73_408' <Predicate = true> <Delay = 2.13> <CoreInst = "Adder">   --->   Core 1 'Adder' <Latency = 0> <II = 1> <Delay = 2.13> <FuncUnit> <Opcode : 'add' 'sub'> <InPorts = 2> <OutPorts = 1>
ST_2 : Operation 607 [1/1] (0.00ns)   --->   "%mult_527 = partselect i16 @_ssdm_op_PartSelect.i16.i19.i32.i32, i19 %sub_ln73_408, i32 3, i32 18" [firmware/nnet_utils/nnet_dense_latency.h:42]   --->   Operation 607 'partselect' 'mult_527' <Predicate = true> <Delay = 0.00>
ST_2 : Operation 608 [1/1] (0.00ns)   --->   "%sext_ln42_87 = sext i15 %mult_529" [firmware/nnet_utils/nnet_dense_latency.h:42]   --->   Operation 608 'sext' 'sext_ln42_87' <Predicate = true> <Delay = 0.00>
ST_2 : Operation 609 [1/1] (0.00ns)   --->   "%sext_ln42_134 = sext i15 %mult_530" [firmware/nnet_utils/nnet_dense_latency.h:42]   --->   Operation 609 'sext' 'sext_ln42_134' <Predicate = true> <Delay = 0.00>
ST_2 : Operation 610 [1/1] (0.00ns)   --->   "%sext_ln42_135 = sext i15 %mult_531" [firmware/nnet_utils/nnet_dense_latency.h:42]   --->   Operation 610 'sext' 'sext_ln42_135' <Predicate = true> <Delay = 0.00>
ST_2 : Operation 611 [1/1] (0.00ns)   --->   "%sext_ln42_90 = sext i15 %mult_532" [firmware/nnet_utils/nnet_dense_latency.h:42]   --->   Operation 611 'sext' 'sext_ln42_90' <Predicate = true> <Delay = 0.00>
ST_2 : Operation 612 [1/1] (0.00ns)   --->   "%sext_ln42_139 = sext i14 %mult_536" [firmware/nnet_utils/nnet_dense_latency.h:42]   --->   Operation 612 'sext' 'sext_ln42_139' <Predicate = true> <Delay = 0.00>
ST_2 : Operation 613 [1/1] (0.00ns)   --->   "%sext_ln17_513 = sext i14 %mult_536" [firmware/nnet_utils/nnet_dense_latency.h:17]   --->   Operation 613 'sext' 'sext_ln17_513' <Predicate = true> <Delay = 0.00>
ST_2 : Operation 614 [1/1] (0.00ns)   --->   "%sext_ln17_515 = sext i13 %mult_538" [firmware/nnet_utils/nnet_dense_latency.h:17]   --->   Operation 614 'sext' 'sext_ln17_515' <Predicate = true> <Delay = 0.00>
ST_2 : Operation 615 [1/1] (0.00ns)   --->   "%sext_ln42_92 = sext i16 %data_4_val_read" [firmware/nnet_utils/nnet_dense_latency.h:42]   --->   Operation 615 'sext' 'sext_ln42_92' <Predicate = true> <Delay = 0.00>
ST_2 : Operation 616 [1/1] (0.00ns)   --->   "%tmp_1949 = bitconcatenate i18 @_ssdm_op_BitConcatenate.i18.i16.i2, i16 %data_4_val_read, i2 0" [firmware/nnet_utils/nnet_mult.h:73->firmware/nnet_utils/nnet_dense_latency.h:42]   --->   Operation 616 'bitconcatenate' 'tmp_1949' <Predicate = true> <Delay = 0.00>
ST_2 : Operation 617 [1/1] (0.00ns)   --->   "%sext_ln73_156 = sext i18 %tmp_1949" [firmware/nnet_utils/nnet_mult.h:73->firmware/nnet_utils/nnet_dense_latency.h:42]   --->   Operation 617 'sext' 'sext_ln73_156' <Predicate = true> <Delay = 0.00>
ST_2 : Operation 618 [1/1] (2.13ns)   --->   "%sub_ln73_414 = sub i19 %sext_ln42_92, i19 %sext_ln73_156" [firmware/nnet_utils/nnet_mult.h:73->firmware/nnet_utils/nnet_dense_latency.h:42]   --->   Operation 618 'sub' 'sub_ln73_414' <Predicate = true> <Delay = 2.13> <CoreInst = "Adder">   --->   Core 1 'Adder' <Latency = 0> <II = 1> <Delay = 2.13> <FuncUnit> <Opcode : 'add' 'sub'> <InPorts = 2> <OutPorts = 1>
ST_2 : Operation 619 [1/1] (0.00ns)   --->   "%mult_540 = partselect i16 @_ssdm_op_PartSelect.i16.i19.i32.i32, i19 %sub_ln73_414, i32 3, i32 18" [firmware/nnet_utils/nnet_dense_latency.h:42]   --->   Operation 619 'partselect' 'mult_540' <Predicate = true> <Delay = 0.00>
ST_2 : Operation 620 [1/1] (0.00ns)   --->   "%sext_ln42_93 = sext i14 %mult_541" [firmware/nnet_utils/nnet_dense_latency.h:42]   --->   Operation 620 'sext' 'sext_ln42_93' <Predicate = true> <Delay = 0.00>
ST_2 : Operation 621 [1/1] (0.00ns)   --->   "%sext_ln17_516 = sext i14 %mult_541" [firmware/nnet_utils/nnet_dense_latency.h:17]   --->   Operation 621 'sext' 'sext_ln17_516' <Predicate = true> <Delay = 0.00>
ST_2 : Operation 622 [1/1] (0.00ns)   --->   "%sext_ln42_140 = sext i14 %mult_543" [firmware/nnet_utils/nnet_dense_latency.h:42]   --->   Operation 622 'sext' 'sext_ln42_140' <Predicate = true> <Delay = 0.00>
ST_2 : Operation 623 [1/1] (0.00ns)   --->   "%sext_ln17_519 = sext i14 %mult_543" [firmware/nnet_utils/nnet_dense_latency.h:17]   --->   Operation 623 'sext' 'sext_ln17_519' <Predicate = true> <Delay = 0.00>
ST_2 : Operation 624 [1/1] (2.13ns)   --->   "%sub_ln73_415 = sub i19 %sext_ln73_156, i19 %sext_ln42_92" [firmware/nnet_utils/nnet_mult.h:73->firmware/nnet_utils/nnet_dense_latency.h:42]   --->   Operation 624 'sub' 'sub_ln73_415' <Predicate = true> <Delay = 2.13> <CoreInst = "Adder">   --->   Core 1 'Adder' <Latency = 0> <II = 1> <Delay = 2.13> <FuncUnit> <Opcode : 'add' 'sub'> <InPorts = 2> <OutPorts = 1>
ST_2 : Operation 625 [1/1] (0.00ns)   --->   "%mult_544 = partselect i16 @_ssdm_op_PartSelect.i16.i19.i32.i32, i19 %sub_ln73_415, i32 3, i32 18" [firmware/nnet_utils/nnet_dense_latency.h:42]   --->   Operation 625 'partselect' 'mult_544' <Predicate = true> <Delay = 0.00>
ST_2 : Operation 626 [1/1] (0.00ns)   --->   "%sext_ln42_143 = sext i15 %mult_545" [firmware/nnet_utils/nnet_dense_latency.h:42]   --->   Operation 626 'sext' 'sext_ln42_143' <Predicate = true> <Delay = 0.00>
ST_2 : Operation 627 [1/1] (2.13ns)   --->   "%add_ln42_9 = add i19 %sext_ln73_156, i19 %sext_ln42_92" [firmware/nnet_utils/nnet_dense_latency.h:42]   --->   Operation 627 'add' 'add_ln42_9' <Predicate = true> <Delay = 2.13> <CoreInst = "Adder">   --->   Core 1 'Adder' <Latency = 0> <II = 1> <Delay = 2.13> <FuncUnit> <Opcode : 'add' 'sub'> <InPorts = 2> <OutPorts = 1>
ST_2 : Operation 628 [1/1] (0.00ns)   --->   "%mult_546 = partselect i16 @_ssdm_op_PartSelect.i16.i19.i32.i32, i19 %add_ln42_9, i32 3, i32 18" [firmware/nnet_utils/nnet_dense_latency.h:42]   --->   Operation 628 'partselect' 'mult_546' <Predicate = true> <Delay = 0.00>
ST_2 : Operation 629 [1/1] (2.13ns)   --->   "%sub_ln73_417 = sub i19 0, i19 %sext_ln73_156" [firmware/nnet_utils/nnet_mult.h:73->firmware/nnet_utils/nnet_dense_latency.h:42]   --->   Operation 629 'sub' 'sub_ln73_417' <Predicate = true> <Delay = 2.13> <CoreInst = "Adder">   --->   Core 1 'Adder' <Latency = 0> <II = 1> <Delay = 2.13> <FuncUnit> <Opcode : 'add' 'sub'> <InPorts = 2> <OutPorts = 1>
ST_2 : Operation 630 [1/1] (0.00ns)   --->   "%mult_547 = partselect i16 @_ssdm_op_PartSelect.i16.i19.i32.i32, i19 %sub_ln73_417, i32 3, i32 18" [firmware/nnet_utils/nnet_dense_latency.h:42]   --->   Operation 630 'partselect' 'mult_547' <Predicate = true> <Delay = 0.00>
ST_2 : Operation 631 [1/1] (0.00ns)   --->   "%sext_ln42_97 = sext i16 %data_5_val_read" [firmware/nnet_utils/nnet_dense_latency.h:42]   --->   Operation 631 'sext' 'sext_ln42_97' <Predicate = true> <Delay = 0.00>
ST_2 : Operation 632 [1/1] (0.00ns)   --->   "%tmp_1951 = bitconcatenate i17 @_ssdm_op_BitConcatenate.i17.i16.i1, i16 %data_5_val_read, i1 0" [firmware/nnet_utils/nnet_mult.h:73->firmware/nnet_utils/nnet_dense_latency.h:42]   --->   Operation 632 'bitconcatenate' 'tmp_1951' <Predicate = true> <Delay = 0.00>
ST_2 : Operation 633 [1/1] (0.00ns)   --->   "%sext_ln73_158 = sext i17 %tmp_1951" [firmware/nnet_utils/nnet_mult.h:73->firmware/nnet_utils/nnet_dense_latency.h:42]   --->   Operation 633 'sext' 'sext_ln73_158' <Predicate = true> <Delay = 0.00>
ST_2 : Operation 634 [1/1] (2.10ns)   --->   "%sub_ln73_418 = sub i18 0, i18 %sext_ln73_158" [firmware/nnet_utils/nnet_mult.h:73->firmware/nnet_utils/nnet_dense_latency.h:42]   --->   Operation 634 'sub' 'sub_ln73_418' <Predicate = true> <Delay = 2.10> <CoreInst = "Adder">   --->   Core 1 'Adder' <Latency = 0> <II = 1> <Delay = 2.10> <FuncUnit> <Opcode : 'add' 'sub'> <InPorts = 2> <OutPorts = 1>
ST_2 : Operation 635 [1/1] (0.00ns)   --->   "%mult_548 = partselect i15 @_ssdm_op_PartSelect.i15.i18.i32.i32, i18 %sub_ln73_418, i32 3, i32 17" [firmware/nnet_utils/nnet_dense_latency.h:42]   --->   Operation 635 'partselect' 'mult_548' <Predicate = true> <Delay = 0.00>
ST_2 : Operation 636 [1/1] (0.00ns)   --->   "%sext_ln42_145 = sext i15 %mult_548" [firmware/nnet_utils/nnet_dense_latency.h:42]   --->   Operation 636 'sext' 'sext_ln42_145' <Predicate = true> <Delay = 0.00>
ST_2 : Operation 637 [1/1] (0.00ns)   --->   "%sext_ln42_99 = sext i14 %mult_549" [firmware/nnet_utils/nnet_dense_latency.h:42]   --->   Operation 637 'sext' 'sext_ln42_99' <Predicate = true> <Delay = 0.00>
ST_2 : Operation 638 [1/1] (0.00ns)   --->   "%sext_ln42_149 = sext i14 %mult_550" [firmware/nnet_utils/nnet_dense_latency.h:42]   --->   Operation 638 'sext' 'sext_ln42_149' <Predicate = true> <Delay = 0.00>
ST_2 : Operation 639 [1/1] (0.00ns)   --->   "%sext_ln17_521 = sext i14 %mult_550" [firmware/nnet_utils/nnet_dense_latency.h:17]   --->   Operation 639 'sext' 'sext_ln17_521' <Predicate = true> <Delay = 0.00>
ST_2 : Operation 640 [1/1] (2.13ns)   --->   "%add_ln42_10 = add i19 %sext_ln73_159, i19 %sext_ln42_97" [firmware/nnet_utils/nnet_dense_latency.h:42]   --->   Operation 640 'add' 'add_ln42_10' <Predicate = true> <Delay = 2.13> <CoreInst = "Adder">   --->   Core 1 'Adder' <Latency = 0> <II = 1> <Delay = 2.13> <FuncUnit> <Opcode : 'add' 'sub'> <InPorts = 2> <OutPorts = 1>
ST_2 : Operation 641 [1/1] (0.00ns)   --->   "%mult_553 = partselect i16 @_ssdm_op_PartSelect.i16.i19.i32.i32, i19 %add_ln42_10, i32 3, i32 18" [firmware/nnet_utils/nnet_dense_latency.h:42]   --->   Operation 641 'partselect' 'mult_553' <Predicate = true> <Delay = 0.00>
ST_2 : Operation 642 [1/1] (2.13ns)   --->   "%sub_ln73_420 = sub i19 %sext_ln73_159, i19 %sext_ln42_97" [firmware/nnet_utils/nnet_mult.h:73->firmware/nnet_utils/nnet_dense_latency.h:42]   --->   Operation 642 'sub' 'sub_ln73_420' <Predicate = true> <Delay = 2.13> <CoreInst = "Adder">   --->   Core 1 'Adder' <Latency = 0> <II = 1> <Delay = 2.13> <FuncUnit> <Opcode : 'add' 'sub'> <InPorts = 2> <OutPorts = 1>
ST_2 : Operation 643 [1/1] (0.00ns)   --->   "%mult_554 = partselect i16 @_ssdm_op_PartSelect.i16.i19.i32.i32, i19 %sub_ln73_420, i32 3, i32 18" [firmware/nnet_utils/nnet_dense_latency.h:42]   --->   Operation 643 'partselect' 'mult_554' <Predicate = true> <Delay = 0.00>
ST_2 : Operation 644 [1/1] (2.13ns)   --->   "%sub_ln73_421 = sub i19 %sext_ln42_97, i19 %sext_ln73_159" [firmware/nnet_utils/nnet_mult.h:73->firmware/nnet_utils/nnet_dense_latency.h:42]   --->   Operation 644 'sub' 'sub_ln73_421' <Predicate = true> <Delay = 2.13> <CoreInst = "Adder">   --->   Core 1 'Adder' <Latency = 0> <II = 1> <Delay = 2.13> <FuncUnit> <Opcode : 'add' 'sub'> <InPorts = 2> <OutPorts = 1>
ST_2 : Operation 645 [1/1] (0.00ns)   --->   "%mult_556 = partselect i16 @_ssdm_op_PartSelect.i16.i19.i32.i32, i19 %sub_ln73_421, i32 3, i32 18" [firmware/nnet_utils/nnet_dense_latency.h:42]   --->   Operation 645 'partselect' 'mult_556' <Predicate = true> <Delay = 0.00>
ST_2 : Operation 646 [1/1] (0.00ns)   --->   "%sext_ln42_105 = sext i14 %mult_557" [firmware/nnet_utils/nnet_dense_latency.h:42]   --->   Operation 646 'sext' 'sext_ln42_105' <Predicate = true> <Delay = 0.00>
ST_2 : Operation 647 [1/1] (0.00ns)   --->   "%sext_ln42_151 = sext i14 %mult_560" [firmware/nnet_utils/nnet_dense_latency.h:42]   --->   Operation 647 'sext' 'sext_ln42_151' <Predicate = true> <Delay = 0.00>
ST_2 : Operation 648 [1/1] (0.00ns)   --->   "%sext_ln17_527 = sext i14 %mult_560" [firmware/nnet_utils/nnet_dense_latency.h:17]   --->   Operation 648 'sext' 'sext_ln17_527' <Predicate = true> <Delay = 0.00>
ST_2 : Operation 649 [1/1] (0.00ns)   --->   "%sext_ln42_107 = sext i15 %mult_564" [firmware/nnet_utils/nnet_dense_latency.h:42]   --->   Operation 649 'sext' 'sext_ln42_107' <Predicate = true> <Delay = 0.00>
ST_2 : Operation 650 [1/1] (0.00ns)   --->   "%sext_ln42_152 = sext i15 %mult_566" [firmware/nnet_utils/nnet_dense_latency.h:42]   --->   Operation 650 'sext' 'sext_ln42_152' <Predicate = true> <Delay = 0.00>
ST_2 : Operation 651 [1/1] (0.00ns)   --->   "%sext_ln42_155 = sext i14 %mult_568" [firmware/nnet_utils/nnet_dense_latency.h:42]   --->   Operation 651 'sext' 'sext_ln42_155' <Predicate = true> <Delay = 0.00>
ST_2 : Operation 652 [1/1] (0.00ns)   --->   "%sext_ln17_530 = sext i14 %mult_568" [firmware/nnet_utils/nnet_dense_latency.h:17]   --->   Operation 652 'sext' 'sext_ln17_530' <Predicate = true> <Delay = 0.00>
ST_2 : Operation 653 [1/1] (2.13ns)   --->   "%sub_ln73_425 = sub i19 0, i19 %sext_ln73_162" [firmware/nnet_utils/nnet_mult.h:73->firmware/nnet_utils/nnet_dense_latency.h:42]   --->   Operation 653 'sub' 'sub_ln73_425' <Predicate = true> <Delay = 2.13> <CoreInst = "Adder">   --->   Core 1 'Adder' <Latency = 0> <II = 1> <Delay = 2.13> <FuncUnit> <Opcode : 'add' 'sub'> <InPorts = 2> <OutPorts = 1>
ST_2 : Operation 654 [1/1] (0.00ns)   --->   "%mult_569 = partselect i16 @_ssdm_op_PartSelect.i16.i19.i32.i32, i19 %sub_ln73_425, i32 3, i32 18" [firmware/nnet_utils/nnet_dense_latency.h:42]   --->   Operation 654 'partselect' 'mult_569' <Predicate = true> <Delay = 0.00>
ST_2 : Operation 655 [1/1] (0.00ns)   --->   "%sext_ln42_157 = sext i15 %mult_570" [firmware/nnet_utils/nnet_dense_latency.h:42]   --->   Operation 655 'sext' 'sext_ln42_157' <Predicate = true> <Delay = 0.00>
ST_2 : Operation 656 [1/1] (2.13ns)   --->   "%sub_ln73_427 = sub i19 %sext_ln73_162, i19 %sext_ln42_109" [firmware/nnet_utils/nnet_mult.h:73->firmware/nnet_utils/nnet_dense_latency.h:42]   --->   Operation 656 'sub' 'sub_ln73_427' <Predicate = true> <Delay = 2.13> <CoreInst = "Adder">   --->   Core 1 'Adder' <Latency = 0> <II = 1> <Delay = 2.13> <FuncUnit> <Opcode : 'add' 'sub'> <InPorts = 2> <OutPorts = 1>
ST_2 : Operation 657 [1/1] (0.00ns)   --->   "%mult_571 = partselect i16 @_ssdm_op_PartSelect.i16.i19.i32.i32, i19 %sub_ln73_427, i32 3, i32 18" [firmware/nnet_utils/nnet_dense_latency.h:42]   --->   Operation 657 'partselect' 'mult_571' <Predicate = true> <Delay = 0.00>
ST_2 : Operation 658 [1/1] (0.00ns)   --->   "%sext_ln42_112 = sext i15 %mult_572" [firmware/nnet_utils/nnet_dense_latency.h:42]   --->   Operation 658 'sext' 'sext_ln42_112' <Predicate = true> <Delay = 0.00>
ST_2 : Operation 659 [1/1] (2.13ns)   --->   "%add_ln42_12 = add i19 %sext_ln73_162, i19 %sext_ln42_109" [firmware/nnet_utils/nnet_dense_latency.h:42]   --->   Operation 659 'add' 'add_ln42_12' <Predicate = true> <Delay = 2.13> <CoreInst = "Adder">   --->   Core 1 'Adder' <Latency = 0> <II = 1> <Delay = 2.13> <FuncUnit> <Opcode : 'add' 'sub'> <InPorts = 2> <OutPorts = 1>
ST_2 : Operation 660 [1/1] (0.00ns)   --->   "%mult_574 = partselect i16 @_ssdm_op_PartSelect.i16.i19.i32.i32, i19 %add_ln42_12, i32 3, i32 18" [firmware/nnet_utils/nnet_dense_latency.h:42]   --->   Operation 660 'partselect' 'mult_574' <Predicate = true> <Delay = 0.00>
ST_2 : Operation 661 [1/1] (0.00ns)   --->   "%sext_ln42_113 = sext i16 %data_8_val_read" [firmware/nnet_utils/nnet_dense_latency.h:42]   --->   Operation 661 'sext' 'sext_ln42_113' <Predicate = true> <Delay = 0.00>
ST_2 : Operation 662 [1/1] (0.00ns)   --->   "%tmp_1957 = bitconcatenate i18 @_ssdm_op_BitConcatenate.i18.i16.i2, i16 %data_8_val_read, i2 0" [firmware/nnet_utils/nnet_dense_latency.h:42]   --->   Operation 662 'bitconcatenate' 'tmp_1957' <Predicate = true> <Delay = 0.00>
ST_2 : Operation 663 [1/1] (0.00ns)   --->   "%sext_ln42_158 = sext i18 %tmp_1957" [firmware/nnet_utils/nnet_dense_latency.h:42]   --->   Operation 663 'sext' 'sext_ln42_158' <Predicate = true> <Delay = 0.00>
ST_2 : Operation 664 [1/1] (2.13ns)   --->   "%add_ln42_13 = add i19 %sext_ln42_158, i19 %sext_ln42_113" [firmware/nnet_utils/nnet_dense_latency.h:42]   --->   Operation 664 'add' 'add_ln42_13' <Predicate = true> <Delay = 2.13> <CoreInst = "Adder">   --->   Core 1 'Adder' <Latency = 0> <II = 1> <Delay = 2.13> <FuncUnit> <Opcode : 'add' 'sub'> <InPorts = 2> <OutPorts = 1>
ST_2 : Operation 665 [1/1] (0.00ns)   --->   "%mult_576 = partselect i16 @_ssdm_op_PartSelect.i16.i19.i32.i32, i19 %add_ln42_13, i32 3, i32 18" [firmware/nnet_utils/nnet_dense_latency.h:42]   --->   Operation 665 'partselect' 'mult_576' <Predicate = true> <Delay = 0.00>
ST_2 : Operation 666 [1/1] (0.00ns)   --->   "%sext_ln42_160 = sext i15 %mult_577" [firmware/nnet_utils/nnet_dense_latency.h:42]   --->   Operation 666 'sext' 'sext_ln42_160' <Predicate = true> <Delay = 0.00>
ST_2 : Operation 667 [1/1] (0.00ns)   --->   "%sext_ln42_115 = sext i13 %mult_578" [firmware/nnet_utils/nnet_dense_latency.h:42]   --->   Operation 667 'sext' 'sext_ln42_115' <Predicate = true> <Delay = 0.00>
ST_2 : Operation 668 [1/1] (0.00ns)   --->   "%sext_ln17_533 = sext i13 %mult_578" [firmware/nnet_utils/nnet_dense_latency.h:17]   --->   Operation 668 'sext' 'sext_ln17_533' <Predicate = true> <Delay = 0.00>
ST_2 : Operation 669 [1/1] (2.13ns)   --->   "%sub_ln73_430 = sub i19 %sext_ln42_113, i19 %sext_ln42_158" [firmware/nnet_utils/nnet_mult.h:73->firmware/nnet_utils/nnet_dense_latency.h:42]   --->   Operation 669 'sub' 'sub_ln73_430' <Predicate = true> <Delay = 2.13> <CoreInst = "Adder">   --->   Core 1 'Adder' <Latency = 0> <II = 1> <Delay = 2.13> <FuncUnit> <Opcode : 'add' 'sub'> <InPorts = 2> <OutPorts = 1>
ST_2 : Operation 670 [1/1] (0.00ns)   --->   "%mult_579 = partselect i16 @_ssdm_op_PartSelect.i16.i19.i32.i32, i19 %sub_ln73_430, i32 3, i32 18" [firmware/nnet_utils/nnet_dense_latency.h:42]   --->   Operation 670 'partselect' 'mult_579' <Predicate = true> <Delay = 0.00>
ST_2 : Operation 671 [1/1] (0.00ns)   --->   "%sext_ln42_116 = sext i14 %mult_580" [firmware/nnet_utils/nnet_dense_latency.h:42]   --->   Operation 671 'sext' 'sext_ln42_116' <Predicate = true> <Delay = 0.00>
ST_2 : Operation 672 [1/1] (0.00ns)   --->   "%sext_ln17_534 = sext i14 %mult_580" [firmware/nnet_utils/nnet_dense_latency.h:17]   --->   Operation 672 'sext' 'sext_ln17_534' <Predicate = true> <Delay = 0.00>
ST_2 : Operation 673 [1/1] (2.13ns)   --->   "%sub_ln73_431 = sub i19 %sext_ln42_158, i19 %sext_ln42_113" [firmware/nnet_utils/nnet_mult.h:73->firmware/nnet_utils/nnet_dense_latency.h:42]   --->   Operation 673 'sub' 'sub_ln73_431' <Predicate = true> <Delay = 2.13> <CoreInst = "Adder">   --->   Core 1 'Adder' <Latency = 0> <II = 1> <Delay = 2.13> <FuncUnit> <Opcode : 'add' 'sub'> <InPorts = 2> <OutPorts = 1>
ST_2 : Operation 674 [1/1] (0.00ns)   --->   "%mult_581 = partselect i16 @_ssdm_op_PartSelect.i16.i19.i32.i32, i19 %sub_ln73_431, i32 3, i32 18" [firmware/nnet_utils/nnet_dense_latency.h:42]   --->   Operation 674 'partselect' 'mult_581' <Predicate = true> <Delay = 0.00>
ST_2 : Operation 675 [1/1] (0.00ns)   --->   "%sext_ln42_162 = sext i14 %mult_582" [firmware/nnet_utils/nnet_dense_latency.h:42]   --->   Operation 675 'sext' 'sext_ln42_162' <Predicate = true> <Delay = 0.00>
ST_2 : Operation 676 [1/1] (0.00ns)   --->   "%sext_ln17_535 = sext i14 %mult_582" [firmware/nnet_utils/nnet_dense_latency.h:17]   --->   Operation 676 'sext' 'sext_ln17_535' <Predicate = true> <Delay = 0.00>
ST_2 : Operation 677 [1/1] (0.00ns)   --->   "%sext_ln42_118 = sext i15 %mult_583" [firmware/nnet_utils/nnet_dense_latency.h:42]   --->   Operation 677 'sext' 'sext_ln42_118' <Predicate = true> <Delay = 0.00>
ST_2 : Operation 678 [1/1] (2.13ns)   --->   "%sub_ln73_432 = sub i19 0, i19 %sext_ln42_158" [firmware/nnet_utils/nnet_mult.h:73->firmware/nnet_utils/nnet_dense_latency.h:42]   --->   Operation 678 'sub' 'sub_ln73_432' <Predicate = true> <Delay = 2.13> <CoreInst = "Adder">   --->   Core 1 'Adder' <Latency = 0> <II = 1> <Delay = 2.13> <FuncUnit> <Opcode : 'add' 'sub'> <InPorts = 2> <OutPorts = 1>
ST_2 : Operation 679 [1/1] (0.00ns)   --->   "%mult_584 = partselect i16 @_ssdm_op_PartSelect.i16.i19.i32.i32, i19 %sub_ln73_432, i32 3, i32 18" [firmware/nnet_utils/nnet_dense_latency.h:42]   --->   Operation 679 'partselect' 'mult_584' <Predicate = true> <Delay = 0.00>
ST_2 : Operation 680 [1/1] (0.00ns)   --->   "%sext_ln42_167 = sext i15 %mult_591" [firmware/nnet_utils/nnet_dense_latency.h:42]   --->   Operation 680 'sext' 'sext_ln42_167' <Predicate = true> <Delay = 0.00>
ST_2 : Operation 681 [1/1] (0.00ns)   --->   "%sext_ln42_121 = sext i15 %mult_592" [firmware/nnet_utils/nnet_dense_latency.h:42]   --->   Operation 681 'sext' 'sext_ln42_121' <Predicate = true> <Delay = 0.00>
ST_2 : Operation 682 [1/1] (0.00ns)   --->   "%sext_ln42_169 = sext i14 %mult_595" [firmware/nnet_utils/nnet_dense_latency.h:42]   --->   Operation 682 'sext' 'sext_ln42_169' <Predicate = true> <Delay = 0.00>
ST_2 : Operation 683 [1/1] (0.00ns)   --->   "%sext_ln17_539 = sext i14 %mult_595" [firmware/nnet_utils/nnet_dense_latency.h:17]   --->   Operation 683 'sext' 'sext_ln17_539' <Predicate = true> <Delay = 0.00>
ST_2 : Operation 684 [1/1] (0.00ns)   --->   "%sext_ln42_170 = sext i15 %mult_596" [firmware/nnet_utils/nnet_dense_latency.h:42]   --->   Operation 684 'sext' 'sext_ln42_170' <Predicate = true> <Delay = 0.00>
ST_2 : Operation 685 [1/1] (0.00ns)   --->   "%sext_ln42_125 = sext i15 %mult_602" [firmware/nnet_utils/nnet_dense_latency.h:42]   --->   Operation 685 'sext' 'sext_ln42_125' <Predicate = true> <Delay = 0.00>
ST_2 : Operation 686 [1/1] (0.00ns)   --->   "%sext_ln42_126 = sext i14 %mult_603" [firmware/nnet_utils/nnet_dense_latency.h:42]   --->   Operation 686 'sext' 'sext_ln42_126' <Predicate = true> <Delay = 0.00>
ST_2 : Operation 687 [1/1] (0.00ns)   --->   "%sext_ln17_542 = sext i14 %mult_603" [firmware/nnet_utils/nnet_dense_latency.h:17]   --->   Operation 687 'sext' 'sext_ln17_542' <Predicate = true> <Delay = 0.00>
ST_2 : Operation 688 [1/1] (0.00ns)   --->   "%sext_ln42_173 = sext i14 %mult_609" [firmware/nnet_utils/nnet_dense_latency.h:42]   --->   Operation 688 'sext' 'sext_ln42_173' <Predicate = true> <Delay = 0.00>
ST_2 : Operation 689 [1/1] (0.00ns)   --->   "%sext_ln42_129 = sext i15 %mult_611" [firmware/nnet_utils/nnet_dense_latency.h:42]   --->   Operation 689 'sext' 'sext_ln42_129' <Predicate = true> <Delay = 0.00>
ST_2 : Operation 690 [1/1] (0.00ns)   --->   "%sext_ln42_174 = sext i15 %mult_614" [firmware/nnet_utils/nnet_dense_latency.h:42]   --->   Operation 690 'sext' 'sext_ln42_174' <Predicate = true> <Delay = 0.00>
ST_2 : Operation 691 [1/1] (0.00ns)   --->   "%sext_ln42_132 = sext i15 %mult_615" [firmware/nnet_utils/nnet_dense_latency.h:42]   --->   Operation 691 'sext' 'sext_ln42_132' <Predicate = true> <Delay = 0.00>
ST_2 : Operation 692 [1/1] (0.00ns)   --->   "%sext_ln42_175 = sext i14 %mult_618" [firmware/nnet_utils/nnet_dense_latency.h:42]   --->   Operation 692 'sext' 'sext_ln42_175' <Predicate = true> <Delay = 0.00>
ST_2 : Operation 693 [1/1] (0.00ns)   --->   "%sext_ln42_177 = sext i14 %mult_621" [firmware/nnet_utils/nnet_dense_latency.h:42]   --->   Operation 693 'sext' 'sext_ln42_177' <Predicate = true> <Delay = 0.00>
ST_2 : Operation 694 [1/1] (0.00ns)   --->   "%sext_ln17_549 = sext i14 %mult_621" [firmware/nnet_utils/nnet_dense_latency.h:17]   --->   Operation 694 'sext' 'sext_ln17_549' <Predicate = true> <Delay = 0.00>
ST_2 : Operation 695 [1/1] (0.00ns)   --->   "%sext_ln42_178 = sext i15 %mult_623" [firmware/nnet_utils/nnet_dense_latency.h:42]   --->   Operation 695 'sext' 'sext_ln42_178' <Predicate = true> <Delay = 0.00>
ST_2 : Operation 696 [1/1] (0.00ns)   --->   "%sext_ln42_138 = sext i15 %mult_624" [firmware/nnet_utils/nnet_dense_latency.h:42]   --->   Operation 696 'sext' 'sext_ln42_138' <Predicate = true> <Delay = 0.00>
ST_2 : Operation 697 [1/1] (0.00ns)   --->   "%sext_ln42_179 = sext i15 %mult_631" [firmware/nnet_utils/nnet_dense_latency.h:42]   --->   Operation 697 'sext' 'sext_ln42_179' <Predicate = true> <Delay = 0.00>
ST_2 : Operation 698 [1/1] (0.00ns)   --->   "%sext_ln42_180 = sext i14 %mult_632" [firmware/nnet_utils/nnet_dense_latency.h:42]   --->   Operation 698 'sext' 'sext_ln42_180' <Predicate = true> <Delay = 0.00>
ST_2 : Operation 699 [1/1] (0.00ns)   --->   "%sext_ln17_553 = sext i14 %mult_632" [firmware/nnet_utils/nnet_dense_latency.h:17]   --->   Operation 699 'sext' 'sext_ln17_553' <Predicate = true> <Delay = 0.00>
ST_2 : Operation 700 [1/1] (0.00ns)   --->   "%sext_ln17_555 = sext i14 %mult_636" [firmware/nnet_utils/nnet_dense_latency.h:17]   --->   Operation 700 'sext' 'sext_ln17_555' <Predicate = true> <Delay = 0.00>
ST_2 : Operation 701 [1/1] (0.00ns)   --->   "%sext_ln42_141 = sext i15 %mult_637" [firmware/nnet_utils/nnet_dense_latency.h:42]   --->   Operation 701 'sext' 'sext_ln42_141' <Predicate = true> <Delay = 0.00>
ST_2 : Operation 702 [1/1] (0.00ns)   --->   "%sext_ln42_181 = sext i14 %mult_638" [firmware/nnet_utils/nnet_dense_latency.h:42]   --->   Operation 702 'sext' 'sext_ln42_181' <Predicate = true> <Delay = 0.00>
ST_2 : Operation 703 [1/1] (0.00ns)   --->   "%sext_ln17_556 = sext i14 %mult_638" [firmware/nnet_utils/nnet_dense_latency.h:17]   --->   Operation 703 'sext' 'sext_ln17_556' <Predicate = true> <Delay = 0.00>
ST_2 : Operation 704 [1/1] (0.00ns)   --->   "%sext_ln42_144 = sext i14 %mult_639" [firmware/nnet_utils/nnet_dense_latency.h:42]   --->   Operation 704 'sext' 'sext_ln42_144' <Predicate = true> <Delay = 0.00>
ST_2 : Operation 705 [1/1] (0.00ns)   --->   "%sext_ln17_557 = sext i14 %mult_639" [firmware/nnet_utils/nnet_dense_latency.h:17]   --->   Operation 705 'sext' 'sext_ln17_557' <Predicate = true> <Delay = 0.00>
ST_2 : Operation 706 [1/1] (0.00ns)   --->   "%sext_ln42_182 = sext i15 %mult_641" [firmware/nnet_utils/nnet_dense_latency.h:42]   --->   Operation 706 'sext' 'sext_ln42_182' <Predicate = true> <Delay = 0.00>
ST_2 : Operation 707 [1/1] (0.00ns)   --->   "%sext_ln42_146 = sext i15 %mult_646" [firmware/nnet_utils/nnet_dense_latency.h:42]   --->   Operation 707 'sext' 'sext_ln42_146' <Predicate = true> <Delay = 0.00>
ST_2 : Operation 708 [1/1] (0.00ns)   --->   "%sext_ln42_150 = sext i15 %mult_647" [firmware/nnet_utils/nnet_dense_latency.h:42]   --->   Operation 708 'sext' 'sext_ln42_150' <Predicate = true> <Delay = 0.00>
ST_2 : Operation 709 [1/1] (0.00ns)   --->   "%sext_ln42_183 = sext i15 %mult_648" [firmware/nnet_utils/nnet_dense_latency.h:42]   --->   Operation 709 'sext' 'sext_ln42_183' <Predicate = true> <Delay = 0.00>
ST_2 : Operation 710 [1/1] (0.00ns)   --->   "%sext_ln42_184 = sext i14 %mult_649" [firmware/nnet_utils/nnet_dense_latency.h:42]   --->   Operation 710 'sext' 'sext_ln42_184' <Predicate = true> <Delay = 0.00>
ST_2 : Operation 711 [1/1] (0.00ns)   --->   "%sext_ln42_156 = sext i14 %mult_656" [firmware/nnet_utils/nnet_dense_latency.h:42]   --->   Operation 711 'sext' 'sext_ln42_156' <Predicate = true> <Delay = 0.00>
ST_2 : Operation 712 [1/1] (0.00ns)   --->   "%sext_ln17_563 = sext i14 %mult_656" [firmware/nnet_utils/nnet_dense_latency.h:17]   --->   Operation 712 'sext' 'sext_ln17_563' <Predicate = true> <Delay = 0.00>
ST_2 : Operation 713 [1/1] (0.00ns)   --->   "%sext_ln42_185 = sext i15 %mult_657" [firmware/nnet_utils/nnet_dense_latency.h:42]   --->   Operation 713 'sext' 'sext_ln42_185' <Predicate = true> <Delay = 0.00>
ST_2 : Operation 714 [1/1] (0.00ns)   --->   "%sext_ln42_186 = sext i14 %mult_660" [firmware/nnet_utils/nnet_dense_latency.h:42]   --->   Operation 714 'sext' 'sext_ln42_186' <Predicate = true> <Delay = 0.00>
ST_2 : Operation 715 [1/1] (0.00ns)   --->   "%sext_ln17_566 = sext i14 %mult_660" [firmware/nnet_utils/nnet_dense_latency.h:17]   --->   Operation 715 'sext' 'sext_ln17_566' <Predicate = true> <Delay = 0.00>
ST_2 : Operation 716 [1/1] (0.00ns)   --->   "%sext_ln42_187 = sext i14 %mult_664" [firmware/nnet_utils/nnet_dense_latency.h:42]   --->   Operation 716 'sext' 'sext_ln42_187' <Predicate = true> <Delay = 0.00>
ST_2 : Operation 717 [1/1] (0.00ns)   --->   "%sext_ln17_568 = sext i14 %mult_664" [firmware/nnet_utils/nnet_dense_latency.h:17]   --->   Operation 717 'sext' 'sext_ln17_568' <Predicate = true> <Delay = 0.00>
ST_2 : Operation 718 [1/1] (0.00ns)   --->   "%sext_ln42_188 = sext i15 %mult_666" [firmware/nnet_utils/nnet_dense_latency.h:42]   --->   Operation 718 'sext' 'sext_ln42_188' <Predicate = true> <Delay = 0.00>
ST_2 : Operation 719 [1/1] (0.00ns)   --->   "%sext_ln42_168 = sext i15 %mult_672" [firmware/nnet_utils/nnet_dense_latency.h:42]   --->   Operation 719 'sext' 'sext_ln42_168' <Predicate = true> <Delay = 0.00>
ST_2 : Operation 720 [1/1] (0.00ns)   --->   "%sext_ln42_190 = sext i14 %mult_677" [firmware/nnet_utils/nnet_dense_latency.h:42]   --->   Operation 720 'sext' 'sext_ln42_190' <Predicate = true> <Delay = 0.00>
ST_2 : Operation 721 [1/1] (0.00ns)   --->   "%sext_ln42_191 = sext i14 %mult_681" [firmware/nnet_utils/nnet_dense_latency.h:42]   --->   Operation 721 'sext' 'sext_ln42_191' <Predicate = true> <Delay = 0.00>
ST_2 : Operation 722 [1/1] (0.00ns)   --->   "%sext_ln17_573 = sext i14 %mult_681" [firmware/nnet_utils/nnet_dense_latency.h:17]   --->   Operation 722 'sext' 'sext_ln17_573' <Predicate = true> <Delay = 0.00>
ST_2 : Operation 723 [1/1] (0.00ns)   --->   "%sext_ln42_172 = sext i15 %mult_687" [firmware/nnet_utils/nnet_dense_latency.h:42]   --->   Operation 723 'sext' 'sext_ln42_172' <Predicate = true> <Delay = 0.00>
ST_2 : Operation 724 [1/1] (0.00ns)   --->   "%sext_ln42_193 = sext i15 %mult_688" [firmware/nnet_utils/nnet_dense_latency.h:42]   --->   Operation 724 'sext' 'sext_ln42_193' <Predicate = true> <Delay = 0.00>
ST_2 : Operation 725 [1/1] (0.00ns)   --->   "%sext_ln42_195 = sext i14 %mult_694" [firmware/nnet_utils/nnet_dense_latency.h:42]   --->   Operation 725 'sext' 'sext_ln42_195' <Predicate = true> <Delay = 0.00>
ST_2 : Operation 726 [1/1] (0.00ns)   --->   "%sext_ln17_577 = sext i14 %mult_694" [firmware/nnet_utils/nnet_dense_latency.h:17]   --->   Operation 726 'sext' 'sext_ln17_577' <Predicate = true> <Delay = 0.00>
ST_2 : Operation 727 [1/1] (0.00ns)   --->   "%sext_ln42_196 = sext i15 %mult_698" [firmware/nnet_utils/nnet_dense_latency.h:42]   --->   Operation 727 'sext' 'sext_ln42_196' <Predicate = true> <Delay = 0.00>
ST_2 : Operation 728 [1/1] (1.94ns)   --->   "%add_ln58 = add i16 %sext_ln42_127, i16 %sext_ln42_72" [firmware/nnet_utils/nnet_dense_latency.h:58]   --->   Operation 728 'add' 'add_ln58' <Predicate = true> <Delay = 1.94> <CoreInst = "Adder">   --->   Core 1 'Adder' <Latency = 0> <II = 1> <Delay = 1.94> <FuncUnit> <Opcode : 'add' 'sub'> <InPorts = 2> <OutPorts = 1>
ST_2 : Operation 729 [1/1] (1.81ns)   --->   "%add_ln58_6275 = add i15 %sext_ln17_507, i15 %sext_ln17" [firmware/nnet_utils/nnet_dense_latency.h:58]   --->   Operation 729 'add' 'add_ln58_6275' <Predicate = true> <Delay = 1.81> <CoreInst = "Adder">   --->   Core 1 'Adder' <Latency = 0> <II = 1> <Delay = 1.81> <FuncUnit> <Opcode : 'add' 'sub'> <InPorts = 2> <OutPorts = 1>
ST_2 : Operation 730 [1/1] (0.00ns)   --->   "%sext_ln58_3064 = sext i15 %add_ln58_6275" [firmware/nnet_utils/nnet_dense_latency.h:58]   --->   Operation 730 'sext' 'sext_ln58_3064' <Predicate = true> <Delay = 0.00>
ST_2 : Operation 731 [1/1] (2.07ns)   --->   "%add_ln58_6276 = add i16 %mult_516, i16 %mult_511" [firmware/nnet_utils/nnet_dense_latency.h:58]   --->   Operation 731 'add' 'add_ln58_6276' <Predicate = true> <Delay = 2.07> <CoreInst = "Adder">   --->   Core 1 'Adder' <Latency = 0> <II = 1> <Delay = 2.07> <FuncUnit> <Opcode : 'add' 'sub'> <InPorts = 2> <OutPorts = 1>
ST_2 : Operation 732 [1/1] (1.94ns)   --->   "%add_ln58_6277 = add i16 %sext_ln42_127, i16 %sext_ln42_76" [firmware/nnet_utils/nnet_dense_latency.h:58]   --->   Operation 732 'add' 'add_ln58_6277' <Predicate = true> <Delay = 1.94> <CoreInst = "Adder">   --->   Core 1 'Adder' <Latency = 0> <II = 1> <Delay = 1.94> <FuncUnit> <Opcode : 'add' 'sub'> <InPorts = 2> <OutPorts = 1>
ST_2 : Operation 733 [1/1] (1.94ns)   --->   "%add_ln58_6278 = add i16 %sext_ln58_3064, i16 %sext_ln42_131" [firmware/nnet_utils/nnet_dense_latency.h:58]   --->   Operation 733 'add' 'add_ln58_6278' <Predicate = true> <Delay = 1.94> <CoreInst = "Adder">   --->   Core 1 'Adder' <Latency = 0> <II = 1> <Delay = 1.94> <FuncUnit> <Opcode : 'add' 'sub'> <InPorts = 2> <OutPorts = 1>
ST_2 : Operation 734 [1/1] (1.94ns)   --->   "%add_ln58_6280 = add i16 %sext_ln42_155, i16 %sext_ln42_160" [firmware/nnet_utils/nnet_dense_latency.h:58]   --->   Operation 734 'add' 'add_ln58_6280' <Predicate = true> <Delay = 1.94> <CoreInst = "Adder">   --->   Core 1 'Adder' <Latency = 0> <II = 1> <Delay = 1.94> <FuncUnit> <Opcode : 'add' 'sub'> <InPorts = 2> <OutPorts = 1>
ST_2 : Operation 735 [1/1] (2.07ns)   --->   "%add_ln58_6283 = add i16 %mult_608, i16 %sext_ln42_175" [firmware/nnet_utils/nnet_dense_latency.h:58]   --->   Operation 735 'add' 'add_ln58_6283' <Predicate = true> <Delay = 2.07> <CoreInst = "Adder">   --->   Core 1 'Adder' <Latency = 0> <II = 1> <Delay = 2.07> <FuncUnit> <Opcode : 'add' 'sub'> <InPorts = 2> <OutPorts = 1>
ST_2 : Operation 736 [1/1] (1.94ns)   --->   "%add_ln58_6286 = add i16 %sext_ln42_183, i16 %sext_ln42_187" [firmware/nnet_utils/nnet_dense_latency.h:58]   --->   Operation 736 'add' 'add_ln58_6286' <Predicate = true> <Delay = 1.94> <CoreInst = "Adder">   --->   Core 1 'Adder' <Latency = 0> <II = 1> <Delay = 1.94> <FuncUnit> <Opcode : 'add' 'sub'> <InPorts = 2> <OutPorts = 1>
ST_2 : Operation 737 [1/1] (2.07ns)   --->   "%add_ln58_6287 = add i16 %mult_676, i16 %sext_ln42_99" [firmware/nnet_utils/nnet_dense_latency.h:58]   --->   Operation 737 'add' 'add_ln58_6287' <Predicate = true> <Delay = 2.07> <CoreInst = "Adder">   --->   Core 1 'Adder' <Latency = 0> <II = 1> <Delay = 2.07> <FuncUnit> <Opcode : 'add' 'sub'> <InPorts = 2> <OutPorts = 1>
ST_2 : Operation 738 [1/1] (1.81ns)   --->   "%add_ln58_6289 = add i15 %sext_ln17_524, i15 %sext_ln17_557" [firmware/nnet_utils/nnet_dense_latency.h:58]   --->   Operation 738 'add' 'add_ln58_6289' <Predicate = true> <Delay = 1.81> <CoreInst = "Adder">   --->   Core 1 'Adder' <Latency = 0> <II = 1> <Delay = 1.81> <FuncUnit> <Opcode : 'add' 'sub'> <InPorts = 2> <OutPorts = 1>
ST_2 : Operation 739 [1/1] (0.00ns)   --->   "%sext_ln58 = sext i15 %add_ln58_6289" [firmware/nnet_utils/nnet_dense_latency.h:58]   --->   Operation 739 'sext' 'sext_ln58' <Predicate = true> <Delay = 0.00>
ST_2 : Operation 740 [1/1] (0.00ns)   --->   "%sext_ln58_2264 = sext i14 %add_ln58_6290" [firmware/nnet_utils/nnet_dense_latency.h:58]   --->   Operation 740 'sext' 'sext_ln58_2264' <Predicate = true> <Delay = 0.00>
ST_2 : Operation 741 [1/1] (1.81ns)   --->   "%add_ln58_6291 = add i15 %sext_ln58_2264, i15 %sext_ln17_563" [firmware/nnet_utils/nnet_dense_latency.h:58]   --->   Operation 741 'add' 'add_ln58_6291' <Predicate = true> <Delay = 1.81> <CoreInst = "Adder">   --->   Core 1 'Adder' <Latency = 0> <II = 1> <Delay = 1.81> <FuncUnit> <Opcode : 'add' 'sub'> <InPorts = 2> <OutPorts = 1>
ST_2 : Operation 742 [1/1] (0.00ns)   --->   "%sext_ln58_2265 = sext i15 %add_ln58_6291" [firmware/nnet_utils/nnet_dense_latency.h:58]   --->   Operation 742 'sext' 'sext_ln58_2265' <Predicate = true> <Delay = 0.00>
ST_2 : Operation 743 [1/1] (1.94ns)   --->   "%add_ln58_6292 = add i16 %sext_ln58_2265, i16 %sext_ln58" [firmware/nnet_utils/nnet_dense_latency.h:58]   --->   Operation 743 'add' 'add_ln58_6292' <Predicate = true> <Delay = 1.94> <CoreInst = "Adder">   --->   Core 1 'Adder' <Latency = 0> <II = 1> <Delay = 1.94> <FuncUnit> <Opcode : 'add' 'sub'> <InPorts = 2> <OutPorts = 1>
ST_2 : Operation 744 [1/1] (2.07ns)   --->   "%add_ln58_6298 = add i16 %sext_ln42_160, i16 %mult_597" [firmware/nnet_utils/nnet_dense_latency.h:58]   --->   Operation 744 'add' 'add_ln58_6298' <Predicate = true> <Delay = 2.07> <CoreInst = "Adder">   --->   Core 1 'Adder' <Latency = 0> <II = 1> <Delay = 2.07> <FuncUnit> <Opcode : 'add' 'sub'> <InPorts = 2> <OutPorts = 1>
ST_2 : Operation 745 [1/1] (2.07ns)   --->   "%add_ln58_6301 = add i16 %mult_604, i16 %sext_ln42_174" [firmware/nnet_utils/nnet_dense_latency.h:58]   --->   Operation 745 'add' 'add_ln58_6301' <Predicate = true> <Delay = 2.07> <CoreInst = "Adder">   --->   Core 1 'Adder' <Latency = 0> <II = 1> <Delay = 2.07> <FuncUnit> <Opcode : 'add' 'sub'> <InPorts = 2> <OutPorts = 1>
ST_2 : Operation 746 [1/1] (2.07ns)   --->   "%add_ln58_6302 = add i16 %mult_630, i16 %sext_ln42_189" [firmware/nnet_utils/nnet_dense_latency.h:58]   --->   Operation 746 'add' 'add_ln58_6302' <Predicate = true> <Delay = 2.07> <CoreInst = "Adder">   --->   Core 1 'Adder' <Latency = 0> <II = 1> <Delay = 2.07> <FuncUnit> <Opcode : 'add' 'sub'> <InPorts = 2> <OutPorts = 1>
ST_2 : Operation 747 [1/1] (1.81ns)   --->   "%add_ln58_6304 = add i15 %sext_ln17_573, i15 %sext_ln17_517" [firmware/nnet_utils/nnet_dense_latency.h:58]   --->   Operation 747 'add' 'add_ln58_6304' <Predicate = true> <Delay = 1.81> <CoreInst = "Adder">   --->   Core 1 'Adder' <Latency = 0> <II = 1> <Delay = 1.81> <FuncUnit> <Opcode : 'add' 'sub'> <InPorts = 2> <OutPorts = 1>
ST_2 : Operation 748 [1/1] (0.00ns)   --->   "%sext_ln58_3065 = sext i15 %add_ln58_6304" [firmware/nnet_utils/nnet_dense_latency.h:58]   --->   Operation 748 'sext' 'sext_ln58_3065' <Predicate = true> <Delay = 0.00>
ST_2 : Operation 749 [1/1] (0.00ns)   --->   "%sext_ln58_2266 = sext i14 %add_ln58_6305" [firmware/nnet_utils/nnet_dense_latency.h:58]   --->   Operation 749 'sext' 'sext_ln58_2266' <Predicate = true> <Delay = 0.00>
ST_2 : Operation 750 [1/1] (1.94ns)   --->   "%add_ln58_6306 = add i16 %sext_ln58_2266, i16 %sext_ln58_3065" [firmware/nnet_utils/nnet_dense_latency.h:58]   --->   Operation 750 'add' 'add_ln58_6306' <Predicate = true> <Delay = 1.94> <CoreInst = "Adder">   --->   Core 1 'Adder' <Latency = 0> <II = 1> <Delay = 1.94> <FuncUnit> <Opcode : 'add' 'sub'> <InPorts = 2> <OutPorts = 1>
ST_2 : Operation 751 [1/1] (2.07ns)   --->   "%add_ln58_6310 = add i16 %sext_ln42_139, i16 %mult_571" [firmware/nnet_utils/nnet_dense_latency.h:58]   --->   Operation 751 'add' 'add_ln58_6310' <Predicate = true> <Delay = 2.07> <CoreInst = "Adder">   --->   Core 1 'Adder' <Latency = 0> <II = 1> <Delay = 2.07> <FuncUnit> <Opcode : 'add' 'sub'> <InPorts = 2> <OutPorts = 1>
ST_2 : Operation 752 [1/1] (2.07ns)   --->   "%add_ln58_6312 = add i16 %mult_604, i16 %mult_612" [firmware/nnet_utils/nnet_dense_latency.h:58]   --->   Operation 752 'add' 'add_ln58_6312' <Predicate = true> <Delay = 2.07> <CoreInst = "Adder">   --->   Core 1 'Adder' <Latency = 0> <II = 1> <Delay = 2.07> <FuncUnit> <Opcode : 'add' 'sub'> <InPorts = 2> <OutPorts = 1>
ST_2 : Operation 753 [1/1] (2.07ns)   --->   "%add_ln58_6313 = add i16 %sext_ln42_183, i16 %mult_659" [firmware/nnet_utils/nnet_dense_latency.h:58]   --->   Operation 753 'add' 'add_ln58_6313' <Predicate = true> <Delay = 2.07> <CoreInst = "Adder">   --->   Core 1 'Adder' <Latency = 0> <II = 1> <Delay = 2.07> <FuncUnit> <Opcode : 'add' 'sub'> <InPorts = 2> <OutPorts = 1>
ST_2 : Operation 754 [1/1] (2.07ns)   --->   "%add_ln58_6317 = add i16 %sext_ln42_188, i16 %mult_686" [firmware/nnet_utils/nnet_dense_latency.h:58]   --->   Operation 754 'add' 'add_ln58_6317' <Predicate = true> <Delay = 2.07> <CoreInst = "Adder">   --->   Core 1 'Adder' <Latency = 0> <II = 1> <Delay = 2.07> <FuncUnit> <Opcode : 'add' 'sub'> <InPorts = 2> <OutPorts = 1>
ST_2 : Operation 755 [1/1] (0.00ns) (grouped into TernaryAdder)   --->   "%add_ln58_6318 = add i16 %sext_ln42_125, i16 %sext_ln42_138" [firmware/nnet_utils/nnet_dense_latency.h:58]   --->   Operation 755 'add' 'add_ln58_6318' <Predicate = true> <Delay = 0.00> <CoreInst = "TAddSub">   --->   Core 10 'TAddSub' <Latency = 0> <II = 1> <Delay = 1.95> <IPBlock> <Opcode : '' 'add' 'sub'> <InPorts = 3> <OutPorts = 1> <Sync> <CReg>
ST_2 : Operation 756 [1/1] (3.90ns) (root node of TernaryAdder)   --->   "%add_ln58_6319 = add i16 %add_ln58_6318, i16 %sext_ln42_87" [firmware/nnet_utils/nnet_dense_latency.h:58]   --->   Operation 756 'add' 'add_ln58_6319' <Predicate = true> <Delay = 3.90> <CoreInst = "TAddSub">   --->   Core 10 'TAddSub' <Latency = 0> <II = 1> <Delay = 1.95> <IPBlock> <Opcode : '' 'add' 'sub'> <InPorts = 3> <OutPorts = 1> <Sync> <CReg>
ST_2 : Operation 757 [1/1] (1.81ns)   --->   "%add_ln58_6321 = add i15 %sext_ln17_516, i15 %sext_ln17_534" [firmware/nnet_utils/nnet_dense_latency.h:58]   --->   Operation 757 'add' 'add_ln58_6321' <Predicate = true> <Delay = 1.81> <CoreInst = "Adder">   --->   Core 1 'Adder' <Latency = 0> <II = 1> <Delay = 1.81> <FuncUnit> <Opcode : 'add' 'sub'> <InPorts = 2> <OutPorts = 1>
ST_2 : Operation 758 [1/1] (0.00ns)   --->   "%sext_ln58_2267 = sext i15 %add_ln58_6321" [firmware/nnet_utils/nnet_dense_latency.h:58]   --->   Operation 758 'sext' 'sext_ln58_2267' <Predicate = true> <Delay = 0.00>
ST_2 : Operation 759 [1/1] (0.00ns)   --->   "%sext_ln58_2268 = sext i14 %add_ln58_6322" [firmware/nnet_utils/nnet_dense_latency.h:58]   --->   Operation 759 'sext' 'sext_ln58_2268' <Predicate = true> <Delay = 0.00>
ST_2 : Operation 760 [1/1] (1.81ns)   --->   "%add_ln58_6323 = add i15 %sext_ln58_2268, i15 %sext_ln17_523" [firmware/nnet_utils/nnet_dense_latency.h:58]   --->   Operation 760 'add' 'add_ln58_6323' <Predicate = true> <Delay = 1.81> <CoreInst = "Adder">   --->   Core 1 'Adder' <Latency = 0> <II = 1> <Delay = 1.81> <FuncUnit> <Opcode : 'add' 'sub'> <InPorts = 2> <OutPorts = 1>
ST_2 : Operation 761 [1/1] (0.00ns)   --->   "%sext_ln58_2269 = sext i15 %add_ln58_6323" [firmware/nnet_utils/nnet_dense_latency.h:58]   --->   Operation 761 'sext' 'sext_ln58_2269' <Predicate = true> <Delay = 0.00>
ST_2 : Operation 762 [1/1] (1.94ns)   --->   "%add_ln58_6324 = add i16 %sext_ln58_2269, i16 %sext_ln58_2267" [firmware/nnet_utils/nnet_dense_latency.h:58]   --->   Operation 762 'add' 'add_ln58_6324' <Predicate = true> <Delay = 1.94> <CoreInst = "Adder">   --->   Core 1 'Adder' <Latency = 0> <II = 1> <Delay = 1.94> <FuncUnit> <Opcode : 'add' 'sub'> <InPorts = 2> <OutPorts = 1>
ST_2 : Operation 763 [1/1] (2.07ns)   --->   "%add_ln58_6328 = add i16 %sext_ln42_139, i16 %mult_559" [firmware/nnet_utils/nnet_dense_latency.h:58]   --->   Operation 763 'add' 'add_ln58_6328' <Predicate = true> <Delay = 2.07> <CoreInst = "Adder">   --->   Core 1 'Adder' <Latency = 0> <II = 1> <Delay = 2.07> <FuncUnit> <Opcode : 'add' 'sub'> <InPorts = 2> <OutPorts = 1>
ST_2 : Operation 764 [1/1] (1.94ns)   --->   "%add_ln58_6331 = add i16 %sext_ln42_178, i16 %sext_ln42_182" [firmware/nnet_utils/nnet_dense_latency.h:58]   --->   Operation 764 'add' 'add_ln58_6331' <Predicate = true> <Delay = 1.94> <CoreInst = "Adder">   --->   Core 1 'Adder' <Latency = 0> <II = 1> <Delay = 1.94> <FuncUnit> <Opcode : 'add' 'sub'> <InPorts = 2> <OutPorts = 1>
ST_2 : Operation 765 [1/1] (2.07ns)   --->   "%add_ln58_6334 = add i16 %mult_655, i16 %sext_ln42_189" [firmware/nnet_utils/nnet_dense_latency.h:58]   --->   Operation 765 'add' 'add_ln58_6334' <Predicate = true> <Delay = 2.07> <CoreInst = "Adder">   --->   Core 1 'Adder' <Latency = 0> <II = 1> <Delay = 2.07> <FuncUnit> <Opcode : 'add' 'sub'> <InPorts = 2> <OutPorts = 1>
ST_2 : Operation 766 [1/1] (1.81ns)   --->   "%add_ln58_6336 = add i15 %sext_ln17_536, i15 %sext_ln17_563" [firmware/nnet_utils/nnet_dense_latency.h:58]   --->   Operation 766 'add' 'add_ln58_6336' <Predicate = true> <Delay = 1.81> <CoreInst = "Adder">   --->   Core 1 'Adder' <Latency = 0> <II = 1> <Delay = 1.81> <FuncUnit> <Opcode : 'add' 'sub'> <InPorts = 2> <OutPorts = 1>
ST_2 : Operation 767 [1/1] (0.00ns)   --->   "%sext_ln58_2270 = sext i15 %add_ln58_6336" [firmware/nnet_utils/nnet_dense_latency.h:58]   --->   Operation 767 'sext' 'sext_ln58_2270' <Predicate = true> <Delay = 0.00>
ST_2 : Operation 768 [1/1] (0.00ns)   --->   "%sext_ln58_2271 = sext i14 %add_ln58_6337" [firmware/nnet_utils/nnet_dense_latency.h:58]   --->   Operation 768 'sext' 'sext_ln58_2271' <Predicate = true> <Delay = 0.00>
ST_2 : Operation 769 [1/1] (1.94ns)   --->   "%add_ln58_6338 = add i16 %sext_ln58_2271, i16 %sext_ln58_2270" [firmware/nnet_utils/nnet_dense_latency.h:58]   --->   Operation 769 'add' 'add_ln58_6338' <Predicate = true> <Delay = 1.94> <CoreInst = "Adder">   --->   Core 1 'Adder' <Latency = 0> <II = 1> <Delay = 1.94> <FuncUnit> <Opcode : 'add' 'sub'> <InPorts = 2> <OutPorts = 1>
ST_2 : Operation 770 [1/1] (2.07ns)   --->   "%add_ln58_6342 = add i16 %mult_540, i16 %sext_ln42_145" [firmware/nnet_utils/nnet_dense_latency.h:58]   --->   Operation 770 'add' 'add_ln58_6342' <Predicate = true> <Delay = 2.07> <CoreInst = "Adder">   --->   Core 1 'Adder' <Latency = 0> <II = 1> <Delay = 2.07> <FuncUnit> <Opcode : 'add' 'sub'> <InPorts = 2> <OutPorts = 1>
ST_2 : Operation 771 [1/1] (2.07ns)   --->   "%add_ln58_6345 = add i16 %add_ln58_6312, i16 %sext_ln42_169" [firmware/nnet_utils/nnet_dense_latency.h:58]   --->   Operation 771 'add' 'add_ln58_6345' <Predicate = true> <Delay = 2.07> <CoreInst = "Adder">   --->   Core 1 'Adder' <Latency = 0> <II = 1> <Delay = 2.07> <FuncUnit> <Opcode : 'add' 'sub'> <InPorts = 2> <OutPorts = 1>
ST_2 : Operation 772 [1/1] (1.81ns)   --->   "%add_ln58_6348 = add i15 %sext_ln17_549, i15 %sext_ln17_556" [firmware/nnet_utils/nnet_dense_latency.h:58]   --->   Operation 772 'add' 'add_ln58_6348' <Predicate = true> <Delay = 1.81> <CoreInst = "Adder">   --->   Core 1 'Adder' <Latency = 0> <II = 1> <Delay = 1.81> <FuncUnit> <Opcode : 'add' 'sub'> <InPorts = 2> <OutPorts = 1>
ST_2 : Operation 773 [1/1] (0.00ns) (grouped into TernaryAdder)   --->   "%add_ln58_6349 = add i16 %mult_690, i16 %sext_ln42_150" [firmware/nnet_utils/nnet_dense_latency.h:58]   --->   Operation 773 'add' 'add_ln58_6349' <Predicate = true> <Delay = 0.00> <CoreInst = "TAddSub">   --->   Core 10 'TAddSub' <Latency = 0> <II = 1> <Delay = 1.95> <IPBlock> <Opcode : '' 'add' 'sub'> <InPorts = 3> <OutPorts = 1> <Sync> <CReg>
ST_2 : Operation 774 [1/1] (3.90ns) (root node of TernaryAdder)   --->   "%add_ln58_6350 = add i16 %add_ln58_6349, i16 %sext_ln42_191" [firmware/nnet_utils/nnet_dense_latency.h:58]   --->   Operation 774 'add' 'add_ln58_6350' <Predicate = true> <Delay = 3.90> <CoreInst = "TAddSub">   --->   Core 10 'TAddSub' <Latency = 0> <II = 1> <Delay = 1.95> <IPBlock> <Opcode : '' 'add' 'sub'> <InPorts = 3> <OutPorts = 1> <Sync> <CReg>
ST_2 : Operation 775 [1/1] (1.81ns)   --->   "%add_ln58_6352 = add i15 %sext_ln17_524, i15 %sext_ln17_563" [firmware/nnet_utils/nnet_dense_latency.h:58]   --->   Operation 775 'add' 'add_ln58_6352' <Predicate = true> <Delay = 1.81> <CoreInst = "Adder">   --->   Core 1 'Adder' <Latency = 0> <II = 1> <Delay = 1.81> <FuncUnit> <Opcode : 'add' 'sub'> <InPorts = 2> <OutPorts = 1>
ST_2 : Operation 776 [1/1] (0.00ns)   --->   "%sext_ln58_2272 = sext i15 %add_ln58_6352" [firmware/nnet_utils/nnet_dense_latency.h:58]   --->   Operation 776 'sext' 'sext_ln58_2272' <Predicate = true> <Delay = 0.00>
ST_2 : Operation 777 [1/1] (0.00ns)   --->   "%sext_ln58_2274 = sext i15 %add_ln58_6354" [firmware/nnet_utils/nnet_dense_latency.h:58]   --->   Operation 777 'sext' 'sext_ln58_2274' <Predicate = true> <Delay = 0.00>
ST_2 : Operation 778 [1/1] (1.94ns)   --->   "%add_ln58_6355 = add i16 %sext_ln58_2274, i16 %sext_ln58_2272" [firmware/nnet_utils/nnet_dense_latency.h:58]   --->   Operation 778 'add' 'add_ln58_6355' <Predicate = true> <Delay = 1.94> <CoreInst = "Adder">   --->   Core 1 'Adder' <Latency = 0> <II = 1> <Delay = 1.94> <FuncUnit> <Opcode : 'add' 'sub'> <InPorts = 2> <OutPorts = 1>
ST_2 : Operation 779 [1/1] (0.00ns) (grouped into TernaryAdder)   --->   "%add_ln58_6359 = add i16 %sext_ln42_170, i16 %mult_604" [firmware/nnet_utils/nnet_dense_latency.h:58]   --->   Operation 779 'add' 'add_ln58_6359' <Predicate = true> <Delay = 0.00> <CoreInst = "TAddSub">   --->   Core 10 'TAddSub' <Latency = 0> <II = 1> <Delay = 1.95> <IPBlock> <Opcode : '' 'add' 'sub'> <InPorts = 3> <OutPorts = 1> <Sync> <CReg>
ST_2 : Operation 780 [1/1] (3.90ns) (root node of TernaryAdder)   --->   "%add_ln58_6360 = add i16 %add_ln58_6359, i16 %sext_ln42_160" [firmware/nnet_utils/nnet_dense_latency.h:58]   --->   Operation 780 'add' 'add_ln58_6360' <Predicate = true> <Delay = 3.90> <CoreInst = "TAddSub">   --->   Core 10 'TAddSub' <Latency = 0> <II = 1> <Delay = 1.95> <IPBlock> <Opcode : '' 'add' 'sub'> <InPorts = 3> <OutPorts = 1> <Sync> <CReg>
ST_2 : Operation 781 [1/1] (0.00ns) (grouped into TernaryAdder)   --->   "%add_ln58_6363 = add i16 %sext_ln42_183, i16 %sext_ln42_185" [firmware/nnet_utils/nnet_dense_latency.h:58]   --->   Operation 781 'add' 'add_ln58_6363' <Predicate = true> <Delay = 0.00> <CoreInst = "TAddSub">   --->   Core 10 'TAddSub' <Latency = 0> <II = 1> <Delay = 1.95> <IPBlock> <Opcode : '' 'add' 'sub'> <InPorts = 3> <OutPorts = 1> <Sync> <CReg>
ST_2 : Operation 782 [1/1] (3.90ns) (root node of TernaryAdder)   --->   "%add_ln58_6364 = add i16 %add_ln58_6363, i16 %sext_ln42_181" [firmware/nnet_utils/nnet_dense_latency.h:58]   --->   Operation 782 'add' 'add_ln58_6364' <Predicate = true> <Delay = 3.90> <CoreInst = "TAddSub">   --->   Core 10 'TAddSub' <Latency = 0> <II = 1> <Delay = 1.95> <IPBlock> <Opcode : '' 'add' 'sub'> <InPorts = 3> <OutPorts = 1> <Sync> <CReg>
ST_2 : Operation 783 [1/1] (2.07ns)   --->   "%add_ln58_6367 = add i16 %sext_ln42_187, i16 %mult_682" [firmware/nnet_utils/nnet_dense_latency.h:58]   --->   Operation 783 'add' 'add_ln58_6367' <Predicate = true> <Delay = 2.07> <CoreInst = "Adder">   --->   Core 1 'Adder' <Latency = 0> <II = 1> <Delay = 2.07> <FuncUnit> <Opcode : 'add' 'sub'> <InPorts = 2> <OutPorts = 1>
ST_2 : Operation 784 [1/1] (0.00ns) (grouped into TernaryAdder)   --->   "%add_ln58_6368 = add i16 %sext_ln42_168, i16 %sext_ln42_85" [firmware/nnet_utils/nnet_dense_latency.h:58]   --->   Operation 784 'add' 'add_ln58_6368' <Predicate = true> <Delay = 0.00> <CoreInst = "TAddSub">   --->   Core 10 'TAddSub' <Latency = 0> <II = 1> <Delay = 1.95> <IPBlock> <Opcode : '' 'add' 'sub'> <InPorts = 3> <OutPorts = 1> <Sync> <CReg>
ST_2 : Operation 785 [1/1] (3.90ns) (root node of TernaryAdder)   --->   "%add_ln58_6369 = add i16 %add_ln58_6368, i16 %sext_ln42_90" [firmware/nnet_utils/nnet_dense_latency.h:58]   --->   Operation 785 'add' 'add_ln58_6369' <Predicate = true> <Delay = 3.90> <CoreInst = "TAddSub">   --->   Core 10 'TAddSub' <Latency = 0> <II = 1> <Delay = 1.95> <IPBlock> <Opcode : '' 'add' 'sub'> <InPorts = 3> <OutPorts = 1> <Sync> <CReg>
ST_2 : Operation 786 [1/1] (1.81ns)   --->   "%add_ln58_6371 = add i15 %sext_ln17_516, i15 %sext_ln17_520" [firmware/nnet_utils/nnet_dense_latency.h:58]   --->   Operation 786 'add' 'add_ln58_6371' <Predicate = true> <Delay = 1.81> <CoreInst = "Adder">   --->   Core 1 'Adder' <Latency = 0> <II = 1> <Delay = 1.81> <FuncUnit> <Opcode : 'add' 'sub'> <InPorts = 2> <OutPorts = 1>
ST_2 : Operation 787 [1/1] (0.00ns)   --->   "%sext_ln58_2275 = sext i15 %add_ln58_6371" [firmware/nnet_utils/nnet_dense_latency.h:58]   --->   Operation 787 'sext' 'sext_ln58_2275' <Predicate = true> <Delay = 0.00>
ST_2 : Operation 788 [1/1] (0.00ns)   --->   "%sext_ln58_2276 = sext i14 %add_ln58_6372" [firmware/nnet_utils/nnet_dense_latency.h:58]   --->   Operation 788 'sext' 'sext_ln58_2276' <Predicate = true> <Delay = 0.00>
ST_2 : Operation 789 [1/1] (1.81ns)   --->   "%add_ln58_6373 = add i15 %sext_ln58_2276, i15 %sext_ln17_536" [firmware/nnet_utils/nnet_dense_latency.h:58]   --->   Operation 789 'add' 'add_ln58_6373' <Predicate = true> <Delay = 1.81> <CoreInst = "Adder">   --->   Core 1 'Adder' <Latency = 0> <II = 1> <Delay = 1.81> <FuncUnit> <Opcode : 'add' 'sub'> <InPorts = 2> <OutPorts = 1>
ST_2 : Operation 790 [1/1] (0.00ns)   --->   "%sext_ln58_2277 = sext i15 %add_ln58_6373" [firmware/nnet_utils/nnet_dense_latency.h:58]   --->   Operation 790 'sext' 'sext_ln58_2277' <Predicate = true> <Delay = 0.00>
ST_2 : Operation 791 [1/1] (1.94ns)   --->   "%add_ln58_6374 = add i16 %sext_ln58_2277, i16 %sext_ln58_2275" [firmware/nnet_utils/nnet_dense_latency.h:58]   --->   Operation 791 'add' 'add_ln58_6374' <Predicate = true> <Delay = 1.94> <CoreInst = "Adder">   --->   Core 1 'Adder' <Latency = 0> <II = 1> <Delay = 1.94> <FuncUnit> <Opcode : 'add' 'sub'> <InPorts = 2> <OutPorts = 1>
ST_2 : Operation 792 [1/1] (1.81ns)   --->   "%add_ln58_6378 = add i15 %sext_ln17_521, i15 %sext_ln17_527" [firmware/nnet_utils/nnet_dense_latency.h:58]   --->   Operation 792 'add' 'add_ln58_6378' <Predicate = true> <Delay = 1.81> <CoreInst = "Adder">   --->   Core 1 'Adder' <Latency = 0> <II = 1> <Delay = 1.81> <FuncUnit> <Opcode : 'add' 'sub'> <InPorts = 2> <OutPorts = 1>
ST_2 : Operation 793 [1/1] (0.00ns)   --->   "%sext_ln58_3067 = sext i15 %add_ln58_6378" [firmware/nnet_utils/nnet_dense_latency.h:58]   --->   Operation 793 'sext' 'sext_ln58_3067' <Predicate = true> <Delay = 0.00>
ST_2 : Operation 794 [1/1] (2.07ns)   --->   "%add_ln58_6379 = add i16 %sext_ln58_3067, i16 %mult_524" [firmware/nnet_utils/nnet_dense_latency.h:58]   --->   Operation 794 'add' 'add_ln58_6379' <Predicate = true> <Delay = 2.07> <CoreInst = "Adder">   --->   Core 1 'Adder' <Latency = 0> <II = 1> <Delay = 2.07> <FuncUnit> <Opcode : 'add' 'sub'> <InPorts = 2> <OutPorts = 1>
ST_2 : Operation 795 [1/1] (2.07ns)   --->   "%add_ln58_6383 = add i16 %add_ln58_6382, i16 %sext_ln42_169" [firmware/nnet_utils/nnet_dense_latency.h:58]   --->   Operation 795 'add' 'add_ln58_6383' <Predicate = true> <Delay = 2.07> <CoreInst = "Adder">   --->   Core 1 'Adder' <Latency = 0> <II = 1> <Delay = 2.07> <FuncUnit> <Opcode : 'add' 'sub'> <InPorts = 2> <OutPorts = 1>
ST_2 : Operation 796 [1/1] (1.94ns)   --->   "%add_ln58_6386 = add i16 %sext_ln42_179, i16 %sext_ln42_184" [firmware/nnet_utils/nnet_dense_latency.h:58]   --->   Operation 796 'add' 'add_ln58_6386' <Predicate = true> <Delay = 1.94> <CoreInst = "Adder">   --->   Core 1 'Adder' <Latency = 0> <II = 1> <Delay = 1.94> <FuncUnit> <Opcode : 'add' 'sub'> <InPorts = 2> <OutPorts = 1>
ST_2 : Operation 797 [1/1] (0.00ns) (grouped into TernaryAdder)   --->   "%add_ln58_6387 = add i16 %sext_ln42_188, i16 %mult_674" [firmware/nnet_utils/nnet_dense_latency.h:58]   --->   Operation 797 'add' 'add_ln58_6387' <Predicate = true> <Delay = 0.00> <CoreInst = "TAddSub">   --->   Core 10 'TAddSub' <Latency = 0> <II = 1> <Delay = 1.95> <IPBlock> <Opcode : '' 'add' 'sub'> <InPorts = 3> <OutPorts = 1> <Sync> <CReg>
ST_2 : Operation 798 [1/1] (3.90ns) (root node of TernaryAdder)   --->   "%add_ln58_6388 = add i16 %add_ln58_6387, i16 %mult_659" [firmware/nnet_utils/nnet_dense_latency.h:58]   --->   Operation 798 'add' 'add_ln58_6388' <Predicate = true> <Delay = 3.90> <CoreInst = "TAddSub">   --->   Core 10 'TAddSub' <Latency = 0> <II = 1> <Delay = 1.95> <IPBlock> <Opcode : '' 'add' 'sub'> <InPorts = 3> <OutPorts = 1> <Sync> <CReg>
ST_2 : Operation 799 [1/1] (1.81ns)   --->   "%add_ln58_6390 = add i15 %sext_ln17_573, i15 %sext_ln17_550" [firmware/nnet_utils/nnet_dense_latency.h:58]   --->   Operation 799 'add' 'add_ln58_6390' <Predicate = true> <Delay = 1.81> <CoreInst = "Adder">   --->   Core 1 'Adder' <Latency = 0> <II = 1> <Delay = 1.81> <FuncUnit> <Opcode : 'add' 'sub'> <InPorts = 2> <OutPorts = 1>
ST_2 : Operation 800 [1/1] (0.00ns)   --->   "%sext_ln58_3068 = sext i15 %add_ln58_6390" [firmware/nnet_utils/nnet_dense_latency.h:58]   --->   Operation 800 'sext' 'sext_ln58_3068' <Predicate = true> <Delay = 0.00>
ST_2 : Operation 801 [1/1] (0.00ns)   --->   "%sext_ln58_2278 = sext i14 %add_ln58_6391" [firmware/nnet_utils/nnet_dense_latency.h:58]   --->   Operation 801 'sext' 'sext_ln58_2278' <Predicate = true> <Delay = 0.00>
ST_2 : Operation 802 [1/1] (1.81ns)   --->   "%add_ln58_6392 = add i15 %sext_ln58_2278, i15 %sext_ln17_557" [firmware/nnet_utils/nnet_dense_latency.h:58]   --->   Operation 802 'add' 'add_ln58_6392' <Predicate = true> <Delay = 1.81> <CoreInst = "Adder">   --->   Core 1 'Adder' <Latency = 0> <II = 1> <Delay = 1.81> <FuncUnit> <Opcode : 'add' 'sub'> <InPorts = 2> <OutPorts = 1>
ST_2 : Operation 803 [1/1] (0.00ns)   --->   "%sext_ln58_2279 = sext i15 %add_ln58_6392" [firmware/nnet_utils/nnet_dense_latency.h:58]   --->   Operation 803 'sext' 'sext_ln58_2279' <Predicate = true> <Delay = 0.00>
ST_2 : Operation 804 [1/1] (1.94ns)   --->   "%add_ln58_6393 = add i16 %sext_ln58_2279, i16 %sext_ln58_3068" [firmware/nnet_utils/nnet_dense_latency.h:58]   --->   Operation 804 'add' 'add_ln58_6393' <Predicate = true> <Delay = 1.94> <CoreInst = "Adder">   --->   Core 1 'Adder' <Latency = 0> <II = 1> <Delay = 1.94> <FuncUnit> <Opcode : 'add' 'sub'> <InPorts = 2> <OutPorts = 1>
ST_2 : Operation 805 [1/1] (1.81ns)   --->   "%add_ln58_6397 = add i15 %sext_ln17_519, i15 %sext_ln17_521" [firmware/nnet_utils/nnet_dense_latency.h:58]   --->   Operation 805 'add' 'add_ln58_6397' <Predicate = true> <Delay = 1.81> <CoreInst = "Adder">   --->   Core 1 'Adder' <Latency = 0> <II = 1> <Delay = 1.81> <FuncUnit> <Opcode : 'add' 'sub'> <InPorts = 2> <OutPorts = 1>
ST_2 : Operation 806 [1/1] (1.94ns)   --->   "%add_ln58_6400 = add i16 %sext_ln42_178, i16 %sext_ln42_180" [firmware/nnet_utils/nnet_dense_latency.h:58]   --->   Operation 806 'add' 'add_ln58_6400' <Predicate = true> <Delay = 1.94> <CoreInst = "Adder">   --->   Core 1 'Adder' <Latency = 0> <II = 1> <Delay = 1.94> <FuncUnit> <Opcode : 'add' 'sub'> <InPorts = 2> <OutPorts = 1>
ST_2 : Operation 807 [1/1] (2.07ns)   --->   "%add_ln58_6401 = add i16 %add_ln58_6400, i16 %sext_ln42_171" [firmware/nnet_utils/nnet_dense_latency.h:58]   --->   Operation 807 'add' 'add_ln58_6401' <Predicate = true> <Delay = 2.07> <CoreInst = "Adder">   --->   Core 1 'Adder' <Latency = 0> <II = 1> <Delay = 2.07> <FuncUnit> <Opcode : 'add' 'sub'> <InPorts = 2> <OutPorts = 1>
ST_2 : Operation 808 [1/1] (2.07ns)   --->   "%add_ln58_6404 = add i16 %mult_650, i16 %mult_683" [firmware/nnet_utils/nnet_dense_latency.h:58]   --->   Operation 808 'add' 'add_ln58_6404' <Predicate = true> <Delay = 2.07> <CoreInst = "Adder">   --->   Core 1 'Adder' <Latency = 0> <II = 1> <Delay = 2.07> <FuncUnit> <Opcode : 'add' 'sub'> <InPorts = 2> <OutPorts = 1>
ST_2 : Operation 809 [1/1] (2.07ns)   --->   "%add_ln58_6405 = add i16 %mult_692, i16 %sext_ln42_72" [firmware/nnet_utils/nnet_dense_latency.h:58]   --->   Operation 809 'add' 'add_ln58_6405' <Predicate = true> <Delay = 2.07> <CoreInst = "Adder">   --->   Core 1 'Adder' <Latency = 0> <II = 1> <Delay = 2.07> <FuncUnit> <Opcode : 'add' 'sub'> <InPorts = 2> <OutPorts = 1>
ST_2 : Operation 810 [1/1] (0.00ns) (grouped into TernaryAdder)   --->   "%add_ln58_6407 = add i16 %sext_ln42_132, i16 %sext_ln42_144" [firmware/nnet_utils/nnet_dense_latency.h:58]   --->   Operation 810 'add' 'add_ln58_6407' <Predicate = true> <Delay = 0.00> <CoreInst = "TAddSub">   --->   Core 10 'TAddSub' <Latency = 0> <II = 1> <Delay = 1.95> <IPBlock> <Opcode : '' 'add' 'sub'> <InPorts = 3> <OutPorts = 1> <Sync> <CReg>
ST_2 : Operation 811 [1/1] (0.00ns)   --->   "%sext_ln58_2281 = sext i15 %add_ln58_6409" [firmware/nnet_utils/nnet_dense_latency.h:58]   --->   Operation 811 'sext' 'sext_ln58_2281' <Predicate = true> <Delay = 0.00>
ST_2 : Operation 812 [1/1] (3.90ns) (root node of TernaryAdder)   --->   "%add_ln58_6410 = add i16 %sext_ln58_2281, i16 %add_ln58_6407" [firmware/nnet_utils/nnet_dense_latency.h:58]   --->   Operation 812 'add' 'add_ln58_6410' <Predicate = true> <Delay = 3.90> <CoreInst = "TAddSub">   --->   Core 10 'TAddSub' <Latency = 0> <II = 1> <Delay = 1.95> <IPBlock> <Opcode : '' 'add' 'sub'> <InPorts = 3> <OutPorts = 1> <Sync> <CReg>
ST_2 : Operation 813 [1/1] (0.00ns) (grouped into TernaryAdder)   --->   "%add_ln58_6414 = add i16 %mult_559, i16 %sext_ln42_169" [firmware/nnet_utils/nnet_dense_latency.h:58]   --->   Operation 813 'add' 'add_ln58_6414' <Predicate = true> <Delay = 0.00> <CoreInst = "TAddSub">   --->   Core 10 'TAddSub' <Latency = 0> <II = 1> <Delay = 1.95> <IPBlock> <Opcode : '' 'add' 'sub'> <InPorts = 3> <OutPorts = 1> <Sync> <CReg>
ST_2 : Operation 814 [1/1] (3.90ns) (root node of TernaryAdder)   --->   "%add_ln58_6415 = add i16 %add_ln58_6414, i16 %sext_ln42_131" [firmware/nnet_utils/nnet_dense_latency.h:58]   --->   Operation 814 'add' 'add_ln58_6415' <Predicate = true> <Delay = 3.90> <CoreInst = "TAddSub">   --->   Core 10 'TAddSub' <Latency = 0> <II = 1> <Delay = 1.95> <IPBlock> <Opcode : '' 'add' 'sub'> <InPorts = 3> <OutPorts = 1> <Sync> <CReg>
ST_2 : Operation 815 [1/1] (0.00ns) (grouped into TernaryAdder)   --->   "%add_ln58_6418 = add i16 %sext_ln42_189, i16 %mult_693" [firmware/nnet_utils/nnet_dense_latency.h:58]   --->   Operation 815 'add' 'add_ln58_6418' <Predicate = true> <Delay = 0.00> <CoreInst = "TAddSub">   --->   Core 10 'TAddSub' <Latency = 0> <II = 1> <Delay = 1.95> <IPBlock> <Opcode : '' 'add' 'sub'> <InPorts = 3> <OutPorts = 1> <Sync> <CReg>
ST_2 : Operation 816 [1/1] (3.90ns) (root node of TernaryAdder)   --->   "%add_ln58_6419 = add i16 %add_ln58_6418, i16 %mult_667" [firmware/nnet_utils/nnet_dense_latency.h:58]   --->   Operation 816 'add' 'add_ln58_6419' <Predicate = true> <Delay = 3.90> <CoreInst = "TAddSub">   --->   Core 10 'TAddSub' <Latency = 0> <II = 1> <Delay = 1.95> <IPBlock> <Opcode : '' 'add' 'sub'> <InPorts = 3> <OutPorts = 1> <Sync> <CReg>
ST_2 : Operation 817 [1/1] (1.94ns)   --->   "%add_ln58_6422 = add i16 %sext_ln42_90, i16 %sext_ln42_138" [firmware/nnet_utils/nnet_dense_latency.h:58]   --->   Operation 817 'add' 'add_ln58_6422' <Predicate = true> <Delay = 1.94> <CoreInst = "Adder">   --->   Core 1 'Adder' <Latency = 0> <II = 1> <Delay = 1.94> <FuncUnit> <Opcode : 'add' 'sub'> <InPorts = 2> <OutPorts = 1>
ST_2 : Operation 818 [1/1] (1.81ns)   --->   "%add_ln58_6423 = add i15 %sext_ln17_536, i15 %sext_ln17_523" [firmware/nnet_utils/nnet_dense_latency.h:58]   --->   Operation 818 'add' 'add_ln58_6423' <Predicate = true> <Delay = 1.81> <CoreInst = "Adder">   --->   Core 1 'Adder' <Latency = 0> <II = 1> <Delay = 1.81> <FuncUnit> <Opcode : 'add' 'sub'> <InPorts = 2> <OutPorts = 1>
ST_2 : Operation 819 [1/1] (0.00ns)   --->   "%sext_ln58_2282 = sext i15 %add_ln58_6423" [firmware/nnet_utils/nnet_dense_latency.h:58]   --->   Operation 819 'sext' 'sext_ln58_2282' <Predicate = true> <Delay = 0.00>
ST_2 : Operation 820 [1/1] (1.94ns)   --->   "%add_ln58_6424 = add i16 %sext_ln58_2282, i16 %sext_ln42_93" [firmware/nnet_utils/nnet_dense_latency.h:58]   --->   Operation 820 'add' 'add_ln58_6424' <Predicate = true> <Delay = 1.94> <CoreInst = "Adder">   --->   Core 1 'Adder' <Latency = 0> <II = 1> <Delay = 1.94> <FuncUnit> <Opcode : 'add' 'sub'> <InPorts = 2> <OutPorts = 1>
ST_2 : Operation 821 [1/1] (1.67ns)   --->   "%add_ln58_6426 = add i14 %sext_ln17_529, i14 %sext_ln17_533" [firmware/nnet_utils/nnet_dense_latency.h:58]   --->   Operation 821 'add' 'add_ln58_6426' <Predicate = true> <Delay = 1.67> <CoreInst = "Adder">   --->   Core 1 'Adder' <Latency = 0> <II = 1> <Delay = 1.67> <FuncUnit> <Opcode : 'add' 'sub'> <InPorts = 2> <OutPorts = 1>
ST_2 : Operation 822 [1/1] (0.00ns)   --->   "%sext_ln58_2283 = sext i14 %add_ln58_6426" [firmware/nnet_utils/nnet_dense_latency.h:58]   --->   Operation 822 'sext' 'sext_ln58_2283' <Predicate = true> <Delay = 0.00>
ST_2 : Operation 823 [1/1] (0.00ns)   --->   "%sext_ln58_2285 = sext i15 %add_ln58_6428" [firmware/nnet_utils/nnet_dense_latency.h:58]   --->   Operation 823 'sext' 'sext_ln58_2285' <Predicate = true> <Delay = 0.00>
ST_2 : Operation 824 [1/1] (1.94ns)   --->   "%add_ln58_6429 = add i16 %sext_ln58_2285, i16 %sext_ln58_2283" [firmware/nnet_utils/nnet_dense_latency.h:58]   --->   Operation 824 'add' 'add_ln58_6429' <Predicate = true> <Delay = 1.94> <CoreInst = "Adder">   --->   Core 1 'Adder' <Latency = 0> <II = 1> <Delay = 1.94> <FuncUnit> <Opcode : 'add' 'sub'> <InPorts = 2> <OutPorts = 1>
ST_2 : Operation 825 [1/1] (2.07ns)   --->   "%add_ln58_6433 = add i16 %sext_ln42_140, i16 %mult_561" [firmware/nnet_utils/nnet_dense_latency.h:58]   --->   Operation 825 'add' 'add_ln58_6433' <Predicate = true> <Delay = 2.07> <CoreInst = "Adder">   --->   Core 1 'Adder' <Latency = 0> <II = 1> <Delay = 2.07> <FuncUnit> <Opcode : 'add' 'sub'> <InPorts = 2> <OutPorts = 1>
ST_2 : Operation 826 [1/1] (1.94ns)   --->   "%add_ln58_6438 = add i16 %sext_ln42_186, i16 %sext_ln42_189" [firmware/nnet_utils/nnet_dense_latency.h:58]   --->   Operation 826 'add' 'add_ln58_6438' <Predicate = true> <Delay = 1.94> <CoreInst = "Adder">   --->   Core 1 'Adder' <Latency = 0> <II = 1> <Delay = 1.94> <FuncUnit> <Opcode : 'add' 'sub'> <InPorts = 2> <OutPorts = 1>
ST_2 : Operation 827 [1/1] (2.07ns)   --->   "%add_ln58_6439 = add i16 %mult_693, i16 %sext_ln42_72" [firmware/nnet_utils/nnet_dense_latency.h:58]   --->   Operation 827 'add' 'add_ln58_6439' <Predicate = true> <Delay = 2.07> <CoreInst = "Adder">   --->   Core 1 'Adder' <Latency = 0> <II = 1> <Delay = 2.07> <FuncUnit> <Opcode : 'add' 'sub'> <InPorts = 2> <OutPorts = 1>
ST_2 : Operation 828 [1/1] (1.81ns)   --->   "%add_ln58_6441 = add i15 %sext_ln17_546, i15 %sext_ln17_562" [firmware/nnet_utils/nnet_dense_latency.h:58]   --->   Operation 828 'add' 'add_ln58_6441' <Predicate = true> <Delay = 1.81> <CoreInst = "Adder">   --->   Core 1 'Adder' <Latency = 0> <II = 1> <Delay = 1.81> <FuncUnit> <Opcode : 'add' 'sub'> <InPorts = 2> <OutPorts = 1>
ST_2 : Operation 829 [1/1] (0.00ns)   --->   "%sext_ln58_2286 = sext i15 %add_ln58_6441" [firmware/nnet_utils/nnet_dense_latency.h:58]   --->   Operation 829 'sext' 'sext_ln58_2286' <Predicate = true> <Delay = 0.00>
ST_2 : Operation 830 [1/1] (0.00ns)   --->   "%sext_ln58_2288 = sext i15 %add_ln58_6443" [firmware/nnet_utils/nnet_dense_latency.h:58]   --->   Operation 830 'sext' 'sext_ln58_2288' <Predicate = true> <Delay = 0.00>
ST_2 : Operation 831 [1/1] (1.94ns)   --->   "%add_ln58_6444 = add i16 %sext_ln58_2288, i16 %sext_ln58_2286" [firmware/nnet_utils/nnet_dense_latency.h:58]   --->   Operation 831 'add' 'add_ln58_6444' <Predicate = true> <Delay = 1.94> <CoreInst = "Adder">   --->   Core 1 'Adder' <Latency = 0> <II = 1> <Delay = 1.94> <FuncUnit> <Opcode : 'add' 'sub'> <InPorts = 2> <OutPorts = 1>
ST_2 : Operation 832 [1/1] (2.07ns)   --->   "%add_ln58_6448 = add i16 %sext_ln42_170, i16 %mult_606" [firmware/nnet_utils/nnet_dense_latency.h:58]   --->   Operation 832 'add' 'add_ln58_6448' <Predicate = true> <Delay = 2.07> <CoreInst = "Adder">   --->   Core 1 'Adder' <Latency = 0> <II = 1> <Delay = 2.07> <FuncUnit> <Opcode : 'add' 'sub'> <InPorts = 2> <OutPorts = 1>
ST_2 : Operation 833 [1/1] (1.81ns)   --->   "%add_ln58_6451 = add i15 %sext_ln17_577, i15 %sext_ln17_512" [firmware/nnet_utils/nnet_dense_latency.h:58]   --->   Operation 833 'add' 'add_ln58_6451' <Predicate = true> <Delay = 1.81> <CoreInst = "Adder">   --->   Core 1 'Adder' <Latency = 0> <II = 1> <Delay = 1.81> <FuncUnit> <Opcode : 'add' 'sub'> <InPorts = 2> <OutPorts = 1>
ST_2 : Operation 834 [1/1] (0.00ns)   --->   "%sext_ln58_3070 = sext i15 %add_ln58_6451" [firmware/nnet_utils/nnet_dense_latency.h:58]   --->   Operation 834 'sext' 'sext_ln58_3070' <Predicate = true> <Delay = 0.00>
ST_2 : Operation 835 [1/1] (2.07ns)   --->   "%add_ln58_6452 = add i16 %sext_ln58_3070, i16 %mult_685" [firmware/nnet_utils/nnet_dense_latency.h:58]   --->   Operation 835 'add' 'add_ln58_6452' <Predicate = true> <Delay = 2.07> <CoreInst = "Adder">   --->   Core 1 'Adder' <Latency = 0> <II = 1> <Delay = 2.07> <FuncUnit> <Opcode : 'add' 'sub'> <InPorts = 2> <OutPorts = 1>
ST_2 : Operation 836 [1/1] (1.81ns)   --->   "%add_ln58_6455 = add i15 %sext_ln17, i15 %sext_ln17_516" [firmware/nnet_utils/nnet_dense_latency.h:58]   --->   Operation 836 'add' 'add_ln58_6455' <Predicate = true> <Delay = 1.81> <CoreInst = "Adder">   --->   Core 1 'Adder' <Latency = 0> <II = 1> <Delay = 1.81> <FuncUnit> <Opcode : 'add' 'sub'> <InPorts = 2> <OutPorts = 1>
ST_2 : Operation 837 [1/1] (1.81ns)   --->   "%add_ln58_6456 = add i15 %sext_ln17_524, i15 %sext_ln17_534" [firmware/nnet_utils/nnet_dense_latency.h:58]   --->   Operation 837 'add' 'add_ln58_6456' <Predicate = true> <Delay = 1.81> <CoreInst = "Adder">   --->   Core 1 'Adder' <Latency = 0> <II = 1> <Delay = 1.81> <FuncUnit> <Opcode : 'add' 'sub'> <InPorts = 2> <OutPorts = 1>
ST_2 : Operation 838 [1/1] (0.00ns)   --->   "%sext_ln58_2290 = sext i15 %add_ln58_6456" [firmware/nnet_utils/nnet_dense_latency.h:58]   --->   Operation 838 'sext' 'sext_ln58_2290' <Predicate = true> <Delay = 0.00>
ST_2 : Operation 839 [1/1] (1.94ns)   --->   "%add_ln58_6457 = add i16 %sext_ln58_2290, i16 %sext_ln42_99" [firmware/nnet_utils/nnet_dense_latency.h:58]   --->   Operation 839 'add' 'add_ln58_6457' <Predicate = true> <Delay = 1.94> <CoreInst = "Adder">   --->   Core 1 'Adder' <Latency = 0> <II = 1> <Delay = 1.94> <FuncUnit> <Opcode : 'add' 'sub'> <InPorts = 2> <OutPorts = 1>
ST_2 : Operation 840 [1/1] (0.00ns)   --->   "%sext_ln58_2291 = sext i15 %add_ln58_6459" [firmware/nnet_utils/nnet_dense_latency.h:58]   --->   Operation 840 'sext' 'sext_ln58_2291' <Predicate = true> <Delay = 0.00>
ST_2 : Operation 841 [1/1] (0.00ns)   --->   "%sext_ln58_2292 = sext i15 %add_ln58_6460" [firmware/nnet_utils/nnet_dense_latency.h:58]   --->   Operation 841 'sext' 'sext_ln58_2292' <Predicate = true> <Delay = 0.00>
ST_2 : Operation 842 [1/1] (0.00ns) (grouped into TernaryAdder)   --->   "%add_ln58_6461 = add i16 %sext_ln58_2292, i16 %sext_ln42_156" [firmware/nnet_utils/nnet_dense_latency.h:58]   --->   Operation 842 'add' 'add_ln58_6461' <Predicate = true> <Delay = 0.00> <CoreInst = "TAddSub">   --->   Core 10 'TAddSub' <Latency = 0> <II = 1> <Delay = 1.95> <IPBlock> <Opcode : '' 'add' 'sub'> <InPorts = 3> <OutPorts = 1> <Sync> <CReg>
ST_2 : Operation 843 [1/1] (3.90ns) (root node of TernaryAdder)   --->   "%add_ln58_6462 = add i16 %add_ln58_6461, i16 %sext_ln58_2291" [firmware/nnet_utils/nnet_dense_latency.h:58]   --->   Operation 843 'add' 'add_ln58_6462' <Predicate = true> <Delay = 3.90> <CoreInst = "TAddSub">   --->   Core 10 'TAddSub' <Latency = 0> <II = 1> <Delay = 1.95> <IPBlock> <Opcode : '' 'add' 'sub'> <InPorts = 3> <OutPorts = 1> <Sync> <CReg>
ST_2 : Operation 844 [1/1] (2.07ns)   --->   "%add_ln58_6466 = add i16 %mult_544, i16 %sext_ln42_145" [firmware/nnet_utils/nnet_dense_latency.h:58]   --->   Operation 844 'add' 'add_ln58_6466' <Predicate = true> <Delay = 2.07> <CoreInst = "Adder">   --->   Core 1 'Adder' <Latency = 0> <II = 1> <Delay = 2.07> <FuncUnit> <Opcode : 'add' 'sub'> <InPorts = 2> <OutPorts = 1>
ST_2 : Operation 845 [1/1] (0.00ns) (grouped into TernaryAdder)   --->   "%add_ln58_6469 = add i16 %mult_630, i16 %mult_653" [firmware/nnet_utils/nnet_dense_latency.h:58]   --->   Operation 845 'add' 'add_ln58_6469' <Predicate = true> <Delay = 0.00> <CoreInst = "TAddSub">   --->   Core 10 'TAddSub' <Latency = 0> <II = 1> <Delay = 1.95> <IPBlock> <Opcode : '' 'add' 'sub'> <InPorts = 3> <OutPorts = 1> <Sync> <CReg>
ST_2 : Operation 846 [1/1] (3.90ns) (root node of TernaryAdder)   --->   "%add_ln58_6470 = add i16 %add_ln58_6469, i16 %sext_ln42_170" [firmware/nnet_utils/nnet_dense_latency.h:58]   --->   Operation 846 'add' 'add_ln58_6470' <Predicate = true> <Delay = 3.90> <CoreInst = "TAddSub">   --->   Core 10 'TAddSub' <Latency = 0> <II = 1> <Delay = 1.95> <IPBlock> <Opcode : '' 'add' 'sub'> <InPorts = 3> <OutPorts = 1> <Sync> <CReg>
ST_2 : Operation 847 [1/1] (2.07ns)   --->   "%add_ln58_6473 = add i16 %sext_ln42_187, i16 %mult_674" [firmware/nnet_utils/nnet_dense_latency.h:58]   --->   Operation 847 'add' 'add_ln58_6473' <Predicate = true> <Delay = 2.07> <CoreInst = "Adder">   --->   Core 1 'Adder' <Latency = 0> <II = 1> <Delay = 2.07> <FuncUnit> <Opcode : 'add' 'sub'> <InPorts = 2> <OutPorts = 1>
ST_2 : Operation 848 [1/1] (0.00ns) (grouped into TernaryAdder)   --->   "%add_ln58_6474 = add i16 %mult_692, i16 %sext_ln42_90" [firmware/nnet_utils/nnet_dense_latency.h:58]   --->   Operation 848 'add' 'add_ln58_6474' <Predicate = true> <Delay = 0.00> <CoreInst = "TAddSub">   --->   Core 10 'TAddSub' <Latency = 0> <II = 1> <Delay = 1.95> <IPBlock> <Opcode : '' 'add' 'sub'> <InPorts = 3> <OutPorts = 1> <Sync> <CReg>
ST_2 : Operation 849 [1/1] (3.90ns) (root node of TernaryAdder)   --->   "%add_ln58_6475 = add i16 %add_ln58_6474, i16 %mult_682" [firmware/nnet_utils/nnet_dense_latency.h:58]   --->   Operation 849 'add' 'add_ln58_6475' <Predicate = true> <Delay = 3.90> <CoreInst = "TAddSub">   --->   Core 10 'TAddSub' <Latency = 0> <II = 1> <Delay = 1.95> <IPBlock> <Opcode : '' 'add' 'sub'> <InPorts = 3> <OutPorts = 1> <Sync> <CReg>
ST_2 : Operation 850 [1/1] (0.00ns) (grouped into TernaryAdder)   --->   "%add_ln58_6477 = add i16 %sext_ln42_138, i16 %sext_ln42_115" [firmware/nnet_utils/nnet_dense_latency.h:58]   --->   Operation 850 'add' 'add_ln58_6477' <Predicate = true> <Delay = 0.00> <CoreInst = "TAddSub">   --->   Core 10 'TAddSub' <Latency = 0> <II = 1> <Delay = 1.95> <IPBlock> <Opcode : '' 'add' 'sub'> <InPorts = 3> <OutPorts = 1> <Sync> <CReg>
ST_2 : Operation 851 [1/1] (0.00ns)   --->   "%sext_ln58_2294 = sext i15 %add_ln58_6479" [firmware/nnet_utils/nnet_dense_latency.h:58]   --->   Operation 851 'sext' 'sext_ln58_2294' <Predicate = true> <Delay = 0.00>
ST_2 : Operation 852 [1/1] (3.90ns) (root node of TernaryAdder)   --->   "%add_ln58_6480 = add i16 %sext_ln58_2294, i16 %add_ln58_6477" [firmware/nnet_utils/nnet_dense_latency.h:58]   --->   Operation 852 'add' 'add_ln58_6480' <Predicate = true> <Delay = 3.90> <CoreInst = "TAddSub">   --->   Core 10 'TAddSub' <Latency = 0> <II = 1> <Delay = 1.95> <IPBlock> <Opcode : '' 'add' 'sub'> <InPorts = 3> <OutPorts = 1> <Sync> <CReg>
ST_2 : Operation 853 [1/1] (2.07ns)   --->   "%add_ln58_6484 = add i16 %mult_563, i16 %mult_590" [firmware/nnet_utils/nnet_dense_latency.h:58]   --->   Operation 853 'add' 'add_ln58_6484' <Predicate = true> <Delay = 2.07> <CoreInst = "Adder">   --->   Core 1 'Adder' <Latency = 0> <II = 1> <Delay = 2.07> <FuncUnit> <Opcode : 'add' 'sub'> <InPorts = 2> <OutPorts = 1>
ST_2 : Operation 854 [1/1] (2.07ns)   --->   "%add_ln58_6487 = add i16 %mult_619, i16 %sext_ln42_180" [firmware/nnet_utils/nnet_dense_latency.h:58]   --->   Operation 854 'add' 'add_ln58_6487' <Predicate = true> <Delay = 2.07> <CoreInst = "Adder">   --->   Core 1 'Adder' <Latency = 0> <II = 1> <Delay = 2.07> <FuncUnit> <Opcode : 'add' 'sub'> <InPorts = 2> <OutPorts = 1>
ST_2 : Operation 855 [1/1] (2.07ns)   --->   "%add_ln58_6490 = add i16 %mult_640, i16 %sext_ln42_185" [firmware/nnet_utils/nnet_dense_latency.h:58]   --->   Operation 855 'add' 'add_ln58_6490' <Predicate = true> <Delay = 2.07> <CoreInst = "Adder">   --->   Core 1 'Adder' <Latency = 0> <II = 1> <Delay = 2.07> <FuncUnit> <Opcode : 'add' 'sub'> <InPorts = 2> <OutPorts = 1>
ST_2 : Operation 856 [1/1] (2.07ns)   --->   "%add_ln58_6491 = add i16 %sext_ln42_188, i16 %mult_685" [firmware/nnet_utils/nnet_dense_latency.h:58]   --->   Operation 856 'add' 'add_ln58_6491' <Predicate = true> <Delay = 2.07> <CoreInst = "Adder">   --->   Core 1 'Adder' <Latency = 0> <II = 1> <Delay = 2.07> <FuncUnit> <Opcode : 'add' 'sub'> <InPorts = 2> <OutPorts = 1>
ST_2 : Operation 857 [1/1] (1.81ns)   --->   "%add_ln58_6493 = add i15 %sext_ln17_534, i15 %sext_ln17_517" [firmware/nnet_utils/nnet_dense_latency.h:58]   --->   Operation 857 'add' 'add_ln58_6493' <Predicate = true> <Delay = 1.81> <CoreInst = "Adder">   --->   Core 1 'Adder' <Latency = 0> <II = 1> <Delay = 1.81> <FuncUnit> <Opcode : 'add' 'sub'> <InPorts = 2> <OutPorts = 1>
ST_2 : Operation 858 [1/1] (0.00ns)   --->   "%sext_ln58_2295 = sext i15 %add_ln58_6493" [firmware/nnet_utils/nnet_dense_latency.h:58]   --->   Operation 858 'sext' 'sext_ln58_2295' <Predicate = true> <Delay = 0.00>
ST_2 : Operation 859 [1/1] (0.00ns)   --->   "%sext_ln58_2296 = sext i14 %add_ln58_6494" [firmware/nnet_utils/nnet_dense_latency.h:58]   --->   Operation 859 'sext' 'sext_ln58_2296' <Predicate = true> <Delay = 0.00>
ST_2 : Operation 860 [1/1] (1.94ns)   --->   "%add_ln58_6495 = add i16 %sext_ln58_2296, i16 %sext_ln58_2295" [firmware/nnet_utils/nnet_dense_latency.h:58]   --->   Operation 860 'add' 'add_ln58_6495' <Predicate = true> <Delay = 1.94> <CoreInst = "Adder">   --->   Core 1 'Adder' <Latency = 0> <II = 1> <Delay = 1.94> <FuncUnit> <Opcode : 'add' 'sub'> <InPorts = 2> <OutPorts = 1>
ST_2 : Operation 861 [1/1] (0.00ns) (grouped into TernaryAdder)   --->   "%add_ln58_6499 = add i16 %sext_ln42_143, i16 %mult_552" [firmware/nnet_utils/nnet_dense_latency.h:58]   --->   Operation 861 'add' 'add_ln58_6499' <Predicate = true> <Delay = 0.00> <CoreInst = "TAddSub">   --->   Core 10 'TAddSub' <Latency = 0> <II = 1> <Delay = 1.95> <IPBlock> <Opcode : '' 'add' 'sub'> <InPorts = 3> <OutPorts = 1> <Sync> <CReg>
ST_2 : Operation 862 [1/1] (3.90ns) (root node of TernaryAdder)   --->   "%add_ln58_6500 = add i16 %add_ln58_6499, i16 %sext_ln42_135" [firmware/nnet_utils/nnet_dense_latency.h:58]   --->   Operation 862 'add' 'add_ln58_6500' <Predicate = true> <Delay = 3.90> <CoreInst = "TAddSub">   --->   Core 10 'TAddSub' <Latency = 0> <II = 1> <Delay = 1.95> <IPBlock> <Opcode : '' 'add' 'sub'> <InPorts = 3> <OutPorts = 1> <Sync> <CReg>
ST_2 : Operation 863 [1/1] (2.07ns)   --->   "%add_ln58_6503 = add i16 %sext_ln42_173, i16 %mult_613" [firmware/nnet_utils/nnet_dense_latency.h:58]   --->   Operation 863 'add' 'add_ln58_6503' <Predicate = true> <Delay = 2.07> <CoreInst = "Adder">   --->   Core 1 'Adder' <Latency = 0> <II = 1> <Delay = 2.07> <FuncUnit> <Opcode : 'add' 'sub'> <InPorts = 2> <OutPorts = 1>
ST_2 : Operation 864 [1/1] (2.07ns)   --->   "%add_ln58_6504 = add i16 %add_ln58_6503, i16 %mult_600" [firmware/nnet_utils/nnet_dense_latency.h:58]   --->   Operation 864 'add' 'add_ln58_6504' <Predicate = true> <Delay = 2.07> <CoreInst = "Adder">   --->   Core 1 'Adder' <Latency = 0> <II = 1> <Delay = 2.07> <FuncUnit> <Opcode : 'add' 'sub'> <InPorts = 2> <OutPorts = 1>
ST_2 : Operation 865 [1/1] (2.07ns)   --->   "%add_ln58_6507 = add i16 %mult_633, i16 %sext_ln42_181" [firmware/nnet_utils/nnet_dense_latency.h:58]   --->   Operation 865 'add' 'add_ln58_6507' <Predicate = true> <Delay = 2.07> <CoreInst = "Adder">   --->   Core 1 'Adder' <Latency = 0> <II = 1> <Delay = 2.07> <FuncUnit> <Opcode : 'add' 'sub'> <InPorts = 2> <OutPorts = 1>
ST_2 : Operation 866 [1/1] (0.00ns) (grouped into TernaryAdder)   --->   "%add_ln58_6508 = add i16 %mult_686, i16 %mult_692" [firmware/nnet_utils/nnet_dense_latency.h:58]   --->   Operation 866 'add' 'add_ln58_6508' <Predicate = true> <Delay = 0.00> <CoreInst = "TAddSub">   --->   Core 10 'TAddSub' <Latency = 0> <II = 1> <Delay = 1.95> <IPBlock> <Opcode : '' 'add' 'sub'> <InPorts = 3> <OutPorts = 1> <Sync> <CReg>
ST_2 : Operation 867 [1/1] (3.90ns) (root node of TernaryAdder)   --->   "%add_ln58_6509 = add i16 %add_ln58_6508, i16 %sext_ln42_184" [firmware/nnet_utils/nnet_dense_latency.h:58]   --->   Operation 867 'add' 'add_ln58_6509' <Predicate = true> <Delay = 3.90> <CoreInst = "TAddSub">   --->   Core 10 'TAddSub' <Latency = 0> <II = 1> <Delay = 1.95> <IPBlock> <Opcode : '' 'add' 'sub'> <InPorts = 3> <OutPorts = 1> <Sync> <CReg>
ST_2 : Operation 868 [1/1] (0.00ns) (grouped into TernaryAdder)   --->   "%add_ln58_6511 = add i16 %sext_ln42_107, i16 %sext_ln42_138" [firmware/nnet_utils/nnet_dense_latency.h:58]   --->   Operation 868 'add' 'add_ln58_6511' <Predicate = true> <Delay = 0.00> <CoreInst = "TAddSub">   --->   Core 10 'TAddSub' <Latency = 0> <II = 1> <Delay = 1.95> <IPBlock> <Opcode : '' 'add' 'sub'> <InPorts = 3> <OutPorts = 1> <Sync> <CReg>
ST_2 : Operation 869 [1/1] (3.90ns) (root node of TernaryAdder)   --->   "%add_ln58_6514 = add i16 %add_ln58_6513, i16 %add_ln58_6511" [firmware/nnet_utils/nnet_dense_latency.h:58]   --->   Operation 869 'add' 'add_ln58_6514' <Predicate = true> <Delay = 3.90> <CoreInst = "TAddSub">   --->   Core 10 'TAddSub' <Latency = 0> <II = 1> <Delay = 1.95> <IPBlock> <Opcode : '' 'add' 'sub'> <InPorts = 3> <OutPorts = 1> <Sync> <CReg>
ST_2 : Operation 870 [1/1] (0.00ns) (grouped into TernaryAdder)   --->   "%add_ln58_6518 = add i16 %mult_535, i16 %sext_ln42_140" [firmware/nnet_utils/nnet_dense_latency.h:58]   --->   Operation 870 'add' 'add_ln58_6518' <Predicate = true> <Delay = 0.00> <CoreInst = "TAddSub">   --->   Core 10 'TAddSub' <Latency = 0> <II = 1> <Delay = 1.95> <IPBlock> <Opcode : '' 'add' 'sub'> <InPorts = 3> <OutPorts = 1> <Sync> <CReg>
ST_2 : Operation 871 [1/1] (3.90ns) (root node of TernaryAdder)   --->   "%add_ln58_6519 = add i16 %add_ln58_6518, i16 %sext_ln42_131" [firmware/nnet_utils/nnet_dense_latency.h:58]   --->   Operation 871 'add' 'add_ln58_6519' <Predicate = true> <Delay = 3.90> <CoreInst = "TAddSub">   --->   Core 10 'TAddSub' <Latency = 0> <II = 1> <Delay = 1.95> <IPBlock> <Opcode : '' 'add' 'sub'> <InPorts = 3> <OutPorts = 1> <Sync> <CReg>
ST_2 : Operation 872 [1/1] (2.07ns)   --->   "%add_ln58_6521 = add i16 %mult_581, i16 %mult_600" [firmware/nnet_utils/nnet_dense_latency.h:58]   --->   Operation 872 'add' 'add_ln58_6521' <Predicate = true> <Delay = 2.07> <CoreInst = "Adder">   --->   Core 1 'Adder' <Latency = 0> <II = 1> <Delay = 2.07> <FuncUnit> <Opcode : 'add' 'sub'> <InPorts = 2> <OutPorts = 1>
ST_2 : Operation 873 [1/1] (0.00ns) (grouped into TernaryAdder)   --->   "%add_ln58_6523 = add i16 %sext_ln42_182, i16 %mult_650" [firmware/nnet_utils/nnet_dense_latency.h:58]   --->   Operation 873 'add' 'add_ln58_6523' <Predicate = true> <Delay = 0.00> <CoreInst = "TAddSub">   --->   Core 10 'TAddSub' <Latency = 0> <II = 1> <Delay = 1.95> <IPBlock> <Opcode : '' 'add' 'sub'> <InPorts = 3> <OutPorts = 1> <Sync> <CReg>
ST_2 : Operation 874 [1/1] (3.90ns) (root node of TernaryAdder)   --->   "%add_ln58_6524 = add i16 %add_ln58_6523, i16 %mult_626" [firmware/nnet_utils/nnet_dense_latency.h:58]   --->   Operation 874 'add' 'add_ln58_6524' <Predicate = true> <Delay = 3.90> <CoreInst = "TAddSub">   --->   Core 10 'TAddSub' <Latency = 0> <II = 1> <Delay = 1.95> <IPBlock> <Opcode : '' 'add' 'sub'> <InPorts = 3> <OutPorts = 1> <Sync> <CReg>
ST_2 : Operation 875 [1/1] (1.81ns)   --->   "%add_ln58_6527 = add i15 %sext_ln17_566, i15 %sext_ln17_568" [firmware/nnet_utils/nnet_dense_latency.h:58]   --->   Operation 875 'add' 'add_ln58_6527' <Predicate = true> <Delay = 1.81> <CoreInst = "Adder">   --->   Core 1 'Adder' <Latency = 0> <II = 1> <Delay = 1.81> <FuncUnit> <Opcode : 'add' 'sub'> <InPorts = 2> <OutPorts = 1>
ST_2 : Operation 876 [1/1] (0.00ns) (grouped into TernaryAdder)   --->   "%add_ln58_6528 = add i16 %sext_ln42_191, i16 %mult_693" [firmware/nnet_utils/nnet_dense_latency.h:58]   --->   Operation 876 'add' 'add_ln58_6528' <Predicate = true> <Delay = 0.00> <CoreInst = "TAddSub">   --->   Core 10 'TAddSub' <Latency = 0> <II = 1> <Delay = 1.95> <IPBlock> <Opcode : '' 'add' 'sub'> <InPorts = 3> <OutPorts = 1> <Sync> <CReg>
ST_2 : Operation 877 [1/1] (3.90ns) (root node of TernaryAdder)   --->   "%add_ln58_6529 = add i16 %add_ln58_6528, i16 %sext_ln42_190" [firmware/nnet_utils/nnet_dense_latency.h:58]   --->   Operation 877 'add' 'add_ln58_6529' <Predicate = true> <Delay = 3.90> <CoreInst = "TAddSub">   --->   Core 10 'TAddSub' <Latency = 0> <II = 1> <Delay = 1.95> <IPBlock> <Opcode : '' 'add' 'sub'> <InPorts = 3> <OutPorts = 1> <Sync> <CReg>
ST_2 : Operation 878 [1/1] (0.00ns)   --->   "%sext_ln58_2298 = sext i15 %add_ln58_6531" [firmware/nnet_utils/nnet_dense_latency.h:58]   --->   Operation 878 'sext' 'sext_ln58_2298' <Predicate = true> <Delay = 0.00>
ST_2 : Operation 879 [1/1] (0.00ns) (grouped into TernaryAdder)   --->   "%add_ln58_6532 = add i16 %sext_ln58_2298, i16 %sext_ln42_121" [firmware/nnet_utils/nnet_dense_latency.h:58]   --->   Operation 879 'add' 'add_ln58_6532' <Predicate = true> <Delay = 0.00> <CoreInst = "TAddSub">   --->   Core 10 'TAddSub' <Latency = 0> <II = 1> <Delay = 1.95> <IPBlock> <Opcode : '' 'add' 'sub'> <InPorts = 3> <OutPorts = 1> <Sync> <CReg>
ST_2 : Operation 880 [1/1] (0.00ns)   --->   "%sext_ln58_2300 = sext i15 %add_ln58_6534" [firmware/nnet_utils/nnet_dense_latency.h:58]   --->   Operation 880 'sext' 'sext_ln58_2300' <Predicate = true> <Delay = 0.00>
ST_2 : Operation 881 [1/1] (3.90ns) (root node of TernaryAdder)   --->   "%add_ln58_6535 = add i16 %sext_ln58_2300, i16 %add_ln58_6532" [firmware/nnet_utils/nnet_dense_latency.h:58]   --->   Operation 881 'add' 'add_ln58_6535' <Predicate = true> <Delay = 3.90> <CoreInst = "TAddSub">   --->   Core 10 'TAddSub' <Latency = 0> <II = 1> <Delay = 1.95> <IPBlock> <Opcode : '' 'add' 'sub'> <InPorts = 3> <OutPorts = 1> <Sync> <CReg>
ST_2 : Operation 882 [1/1] (2.07ns)   --->   "%add_ln58_6539 = add i16 %mult_546, i16 %sext_ln42_149" [firmware/nnet_utils/nnet_dense_latency.h:58]   --->   Operation 882 'add' 'add_ln58_6539' <Predicate = true> <Delay = 2.07> <CoreInst = "Adder">   --->   Core 1 'Adder' <Latency = 0> <II = 1> <Delay = 2.07> <FuncUnit> <Opcode : 'add' 'sub'> <InPorts = 2> <OutPorts = 1>
ST_2 : Operation 883 [1/1] (0.00ns) (grouped into TernaryAdder)   --->   "%add_ln58_6542 = add i16 %mult_606, i16 %mult_612" [firmware/nnet_utils/nnet_dense_latency.h:58]   --->   Operation 883 'add' 'add_ln58_6542' <Predicate = true> <Delay = 0.00> <CoreInst = "TAddSub">   --->   Core 10 'TAddSub' <Latency = 0> <II = 1> <Delay = 1.95> <IPBlock> <Opcode : '' 'add' 'sub'> <InPorts = 3> <OutPorts = 1> <Sync> <CReg>
ST_2 : Operation 884 [1/1] (3.90ns) (root node of TernaryAdder)   --->   "%add_ln58_6543 = add i16 %add_ln58_6542, i16 %mult_601" [firmware/nnet_utils/nnet_dense_latency.h:58]   --->   Operation 884 'add' 'add_ln58_6543' <Predicate = true> <Delay = 3.90> <CoreInst = "TAddSub">   --->   Core 10 'TAddSub' <Latency = 0> <II = 1> <Delay = 1.95> <IPBlock> <Opcode : '' 'add' 'sub'> <InPorts = 3> <OutPorts = 1> <Sync> <CReg>
ST_2 : Operation 885 [1/1] (2.07ns)   --->   "%add_ln58_6546 = add i16 %mult_627, i16 %mult_635" [firmware/nnet_utils/nnet_dense_latency.h:58]   --->   Operation 885 'add' 'add_ln58_6546' <Predicate = true> <Delay = 2.07> <CoreInst = "Adder">   --->   Core 1 'Adder' <Latency = 0> <II = 1> <Delay = 2.07> <FuncUnit> <Opcode : 'add' 'sub'> <InPorts = 2> <OutPorts = 1>
ST_2 : Operation 886 [1/1] (1.94ns)   --->   "%add_ln58_6547 = add i16 %sext_ln42_189, i16 %sext_ln42_150" [firmware/nnet_utils/nnet_dense_latency.h:58]   --->   Operation 886 'add' 'add_ln58_6547' <Predicate = true> <Delay = 1.94> <CoreInst = "Adder">   --->   Core 1 'Adder' <Latency = 0> <II = 1> <Delay = 1.94> <FuncUnit> <Opcode : 'add' 'sub'> <InPorts = 2> <OutPorts = 1>
ST_2 : Operation 887 [1/1] (0.00ns)   --->   "%sext_ln58_2301 = sext i15 %add_ln58_6549" [firmware/nnet_utils/nnet_dense_latency.h:58]   --->   Operation 887 'sext' 'sext_ln58_2301' <Predicate = true> <Delay = 0.00>
ST_2 : Operation 888 [1/1] (0.00ns)   --->   "%sext_ln58_2303 = sext i15 %add_ln58_6551" [firmware/nnet_utils/nnet_dense_latency.h:58]   --->   Operation 888 'sext' 'sext_ln58_2303' <Predicate = true> <Delay = 0.00>
ST_2 : Operation 889 [1/1] (1.94ns)   --->   "%add_ln58_6552 = add i16 %sext_ln58_2303, i16 %sext_ln58_2301" [firmware/nnet_utils/nnet_dense_latency.h:58]   --->   Operation 889 'add' 'add_ln58_6552' <Predicate = true> <Delay = 1.94> <CoreInst = "Adder">   --->   Core 1 'Adder' <Latency = 0> <II = 1> <Delay = 1.94> <FuncUnit> <Opcode : 'add' 'sub'> <InPorts = 2> <OutPorts = 1>
ST_2 : Operation 890 [1/1] (1.81ns)   --->   "%add_ln58_6556 = add i15 %sext_ln17_513, i15 %sext_ln17_519" [firmware/nnet_utils/nnet_dense_latency.h:58]   --->   Operation 890 'add' 'add_ln58_6556' <Predicate = true> <Delay = 1.81> <CoreInst = "Adder">   --->   Core 1 'Adder' <Latency = 0> <II = 1> <Delay = 1.81> <FuncUnit> <Opcode : 'add' 'sub'> <InPorts = 2> <OutPorts = 1>
ST_2 : Operation 891 [1/1] (0.00ns)   --->   "%sext_ln58_3072 = sext i15 %add_ln58_6556" [firmware/nnet_utils/nnet_dense_latency.h:58]   --->   Operation 891 'sext' 'sext_ln58_3072' <Predicate = true> <Delay = 0.00>
ST_2 : Operation 892 [1/1] (1.94ns)   --->   "%add_ln58_6557 = add i16 %sext_ln58_3072, i16 %sext_ln42_131" [firmware/nnet_utils/nnet_dense_latency.h:58]   --->   Operation 892 'add' 'add_ln58_6557' <Predicate = true> <Delay = 1.94> <CoreInst = "Adder">   --->   Core 1 'Adder' <Latency = 0> <II = 1> <Delay = 1.94> <FuncUnit> <Opcode : 'add' 'sub'> <InPorts = 2> <OutPorts = 1>
ST_2 : Operation 893 [1/1] (1.81ns)   --->   "%add_ln58_6559 = add i15 %sext_ln17_527, i15 %sext_ln17_539" [firmware/nnet_utils/nnet_dense_latency.h:58]   --->   Operation 893 'add' 'add_ln58_6559' <Predicate = true> <Delay = 1.81> <CoreInst = "Adder">   --->   Core 1 'Adder' <Latency = 0> <II = 1> <Delay = 1.81> <FuncUnit> <Opcode : 'add' 'sub'> <InPorts = 2> <OutPorts = 1>
ST_2 : Operation 894 [1/1] (0.00ns) (grouped into TernaryAdder)   --->   "%add_ln58_6561 = add i16 %sext_ln42_177, i16 %sext_ln42_182" [firmware/nnet_utils/nnet_dense_latency.h:58]   --->   Operation 894 'add' 'add_ln58_6561' <Predicate = true> <Delay = 0.00> <CoreInst = "TAddSub">   --->   Core 10 'TAddSub' <Latency = 0> <II = 1> <Delay = 1.95> <IPBlock> <Opcode : '' 'add' 'sub'> <InPorts = 3> <OutPorts = 1> <Sync> <CReg>
ST_2 : Operation 895 [1/1] (3.90ns) (root node of TernaryAdder)   --->   "%add_ln58_6562 = add i16 %add_ln58_6561, i16 %sext_ln42_173" [firmware/nnet_utils/nnet_dense_latency.h:58]   --->   Operation 895 'add' 'add_ln58_6562' <Predicate = true> <Delay = 3.90> <CoreInst = "TAddSub">   --->   Core 10 'TAddSub' <Latency = 0> <II = 1> <Delay = 1.95> <IPBlock> <Opcode : '' 'add' 'sub'> <InPorts = 3> <OutPorts = 1> <Sync> <CReg>
ST_2 : Operation 896 [1/1] (2.07ns)   --->   "%add_ln58_6565 = add i16 %mult_654, i16 %sext_ln42_185" [firmware/nnet_utils/nnet_dense_latency.h:58]   --->   Operation 896 'add' 'add_ln58_6565' <Predicate = true> <Delay = 2.07> <CoreInst = "Adder">   --->   Core 1 'Adder' <Latency = 0> <II = 1> <Delay = 2.07> <FuncUnit> <Opcode : 'add' 'sub'> <InPorts = 2> <OutPorts = 1>
ST_2 : Operation 897 [1/1] (0.00ns) (grouped into TernaryAdder)   --->   "%add_ln58_6566 = add i16 %mult_676, i16 %mult_696" [firmware/nnet_utils/nnet_dense_latency.h:58]   --->   Operation 897 'add' 'add_ln58_6566' <Predicate = true> <Delay = 0.00> <CoreInst = "TAddSub">   --->   Core 10 'TAddSub' <Latency = 0> <II = 1> <Delay = 1.95> <IPBlock> <Opcode : '' 'add' 'sub'> <InPorts = 3> <OutPorts = 1> <Sync> <CReg>
ST_2 : Operation 898 [1/1] (3.90ns) (root node of TernaryAdder)   --->   "%add_ln58_6567 = add i16 %add_ln58_6566, i16 %mult_669" [firmware/nnet_utils/nnet_dense_latency.h:58]   --->   Operation 898 'add' 'add_ln58_6567' <Predicate = true> <Delay = 3.90> <CoreInst = "TAddSub">   --->   Core 10 'TAddSub' <Latency = 0> <II = 1> <Delay = 1.95> <IPBlock> <Opcode : '' 'add' 'sub'> <InPorts = 3> <OutPorts = 1> <Sync> <CReg>
ST_2 : Operation 899 [1/1] (0.00ns)   --->   "%sext_ln58_2304 = sext i15 %add_ln58_6569" [firmware/nnet_utils/nnet_dense_latency.h:58]   --->   Operation 899 'sext' 'sext_ln58_2304' <Predicate = true> <Delay = 0.00>
ST_2 : Operation 900 [1/1] (0.00ns) (grouped into TernaryAdder)   --->   "%add_ln58_6570 = add i16 %sext_ln58_2304, i16 %sext_ln42_112" [firmware/nnet_utils/nnet_dense_latency.h:58]   --->   Operation 900 'add' 'add_ln58_6570' <Predicate = true> <Delay = 0.00> <CoreInst = "TAddSub">   --->   Core 10 'TAddSub' <Latency = 0> <II = 1> <Delay = 1.95> <IPBlock> <Opcode : '' 'add' 'sub'> <InPorts = 3> <OutPorts = 1> <Sync> <CReg>
ST_2 : Operation 901 [1/1] (0.00ns)   --->   "%sext_ln58_2306 = sext i15 %add_ln58_6571" [firmware/nnet_utils/nnet_dense_latency.h:58]   --->   Operation 901 'sext' 'sext_ln58_2306' <Predicate = true> <Delay = 0.00>
ST_2 : Operation 902 [1/1] (3.90ns) (root node of TernaryAdder)   --->   "%add_ln58_6572 = add i16 %sext_ln58_2306, i16 %add_ln58_6570" [firmware/nnet_utils/nnet_dense_latency.h:58]   --->   Operation 902 'add' 'add_ln58_6572' <Predicate = true> <Delay = 3.90> <CoreInst = "TAddSub">   --->   Core 10 'TAddSub' <Latency = 0> <II = 1> <Delay = 1.95> <IPBlock> <Opcode : '' 'add' 'sub'> <InPorts = 3> <OutPorts = 1> <Sync> <CReg>
ST_2 : Operation 903 [1/1] (1.81ns)   --->   "%add_ln58_6576 = add i15 %sext_ln17_527, i15 %sext_ln17_530" [firmware/nnet_utils/nnet_dense_latency.h:58]   --->   Operation 903 'add' 'add_ln58_6576' <Predicate = true> <Delay = 1.81> <CoreInst = "Adder">   --->   Core 1 'Adder' <Latency = 0> <II = 1> <Delay = 1.81> <FuncUnit> <Opcode : 'add' 'sub'> <InPorts = 2> <OutPorts = 1>
ST_2 : Operation 904 [1/1] (0.00ns)   --->   "%sext_ln58_3074 = sext i15 %add_ln58_6576" [firmware/nnet_utils/nnet_dense_latency.h:58]   --->   Operation 904 'sext' 'sext_ln58_3074' <Predicate = true> <Delay = 0.00>
ST_2 : Operation 905 [1/1] (2.07ns)   --->   "%add_ln58_6577 = add i16 %sext_ln58_3074, i16 %mult_554" [firmware/nnet_utils/nnet_dense_latency.h:58]   --->   Operation 905 'add' 'add_ln58_6577' <Predicate = true> <Delay = 2.07> <CoreInst = "Adder">   --->   Core 1 'Adder' <Latency = 0> <II = 1> <Delay = 2.07> <FuncUnit> <Opcode : 'add' 'sub'> <InPorts = 2> <OutPorts = 1>
ST_2 : Operation 906 [1/1] (0.00ns) (grouped into TernaryAdder)   --->   "%add_ln58_6580 = add i16 %sext_ln42_178, i16 %mult_642" [firmware/nnet_utils/nnet_dense_latency.h:58]   --->   Operation 906 'add' 'add_ln58_6580' <Predicate = true> <Delay = 0.00> <CoreInst = "TAddSub">   --->   Core 10 'TAddSub' <Latency = 0> <II = 1> <Delay = 1.95> <IPBlock> <Opcode : '' 'add' 'sub'> <InPorts = 3> <OutPorts = 1> <Sync> <CReg>
ST_2 : Operation 907 [1/1] (3.90ns) (root node of TernaryAdder)   --->   "%add_ln58_6581 = add i16 %add_ln58_6580, i16 %sext_ln42_171" [firmware/nnet_utils/nnet_dense_latency.h:58]   --->   Operation 907 'add' 'add_ln58_6581' <Predicate = true> <Delay = 3.90> <CoreInst = "TAddSub">   --->   Core 10 'TAddSub' <Latency = 0> <II = 1> <Delay = 1.95> <IPBlock> <Opcode : '' 'add' 'sub'> <InPorts = 3> <OutPorts = 1> <Sync> <CReg>
ST_2 : Operation 908 [1/1] (2.07ns)   --->   "%add_ln58_6584 = add i16 %mult_654, i16 %mult_670" [firmware/nnet_utils/nnet_dense_latency.h:58]   --->   Operation 908 'add' 'add_ln58_6584' <Predicate = true> <Delay = 2.07> <CoreInst = "Adder">   --->   Core 1 'Adder' <Latency = 0> <II = 1> <Delay = 2.07> <FuncUnit> <Opcode : 'add' 'sub'> <InPorts = 2> <OutPorts = 1>
ST_2 : Operation 909 [1/1] (0.00ns) (grouped into TernaryAdder)   --->   "%add_ln58_6585 = add i16 %sext_ln42_195, i16 %sext_ln42_172" [firmware/nnet_utils/nnet_dense_latency.h:58]   --->   Operation 909 'add' 'add_ln58_6585' <Predicate = true> <Delay = 0.00> <CoreInst = "TAddSub">   --->   Core 10 'TAddSub' <Latency = 0> <II = 1> <Delay = 1.95> <IPBlock> <Opcode : '' 'add' 'sub'> <InPorts = 3> <OutPorts = 1> <Sync> <CReg>
ST_2 : Operation 910 [1/1] (3.90ns) (root node of TernaryAdder)   --->   "%add_ln58_6586 = add i16 %add_ln58_6585, i16 %sext_ln42_190" [firmware/nnet_utils/nnet_dense_latency.h:58]   --->   Operation 910 'add' 'add_ln58_6586' <Predicate = true> <Delay = 3.90> <CoreInst = "TAddSub">   --->   Core 10 'TAddSub' <Latency = 0> <II = 1> <Delay = 1.95> <IPBlock> <Opcode : '' 'add' 'sub'> <InPorts = 3> <OutPorts = 1> <Sync> <CReg>
ST_2 : Operation 911 [1/1] (1.81ns)   --->   "%add_ln58_6588 = add i15 %sext_ln17, i15 %sext_ln17_517" [firmware/nnet_utils/nnet_dense_latency.h:58]   --->   Operation 911 'add' 'add_ln58_6588' <Predicate = true> <Delay = 1.81> <CoreInst = "Adder">   --->   Core 1 'Adder' <Latency = 0> <II = 1> <Delay = 1.81> <FuncUnit> <Opcode : 'add' 'sub'> <InPorts = 2> <OutPorts = 1>
ST_2 : Operation 912 [1/1] (0.00ns)   --->   "%sext_ln58_2307 = sext i15 %add_ln58_6588" [firmware/nnet_utils/nnet_dense_latency.h:58]   --->   Operation 912 'sext' 'sext_ln58_2307' <Predicate = true> <Delay = 0.00>
ST_2 : Operation 913 [1/1] (0.00ns)   --->   "%sext_ln58_2309 = sext i15 %add_ln58_6590" [firmware/nnet_utils/nnet_dense_latency.h:58]   --->   Operation 913 'sext' 'sext_ln58_2309' <Predicate = true> <Delay = 0.00>
ST_2 : Operation 914 [1/1] (1.94ns)   --->   "%add_ln58_6591 = add i16 %sext_ln58_2309, i16 %sext_ln58_2307" [firmware/nnet_utils/nnet_dense_latency.h:58]   --->   Operation 914 'add' 'add_ln58_6591' <Predicate = true> <Delay = 1.94> <CoreInst = "Adder">   --->   Core 1 'Adder' <Latency = 0> <II = 1> <Delay = 1.94> <FuncUnit> <Opcode : 'add' 'sub'> <InPorts = 2> <OutPorts = 1>
ST_2 : Operation 915 [1/1] (0.00ns) (grouped into TernaryAdder)   --->   "%add_ln58_6595 = add i16 %sext_ln42_139, i16 %mult_565" [firmware/nnet_utils/nnet_dense_latency.h:58]   --->   Operation 915 'add' 'add_ln58_6595' <Predicate = true> <Delay = 0.00> <CoreInst = "TAddSub">   --->   Core 10 'TAddSub' <Latency = 0> <II = 1> <Delay = 1.95> <IPBlock> <Opcode : '' 'add' 'sub'> <InPorts = 3> <OutPorts = 1> <Sync> <CReg>
ST_2 : Operation 916 [1/1] (3.90ns) (root node of TernaryAdder)   --->   "%add_ln58_6596 = add i16 %add_ln58_6595, i16 %mult_528" [firmware/nnet_utils/nnet_dense_latency.h:58]   --->   Operation 916 'add' 'add_ln58_6596' <Predicate = true> <Delay = 3.90> <CoreInst = "TAddSub">   --->   Core 10 'TAddSub' <Latency = 0> <II = 1> <Delay = 1.95> <IPBlock> <Opcode : '' 'add' 'sub'> <InPorts = 3> <OutPorts = 1> <Sync> <CReg>
ST_2 : Operation 917 [1/1] (0.00ns) (grouped into TernaryAdder)   --->   "%add_ln58_6599 = add i16 %mult_620, i16 %sext_ln42_179" [firmware/nnet_utils/nnet_dense_latency.h:58]   --->   Operation 917 'add' 'add_ln58_6599' <Predicate = true> <Delay = 0.00> <CoreInst = "TAddSub">   --->   Core 10 'TAddSub' <Latency = 0> <II = 1> <Delay = 1.95> <IPBlock> <Opcode : '' 'add' 'sub'> <InPorts = 3> <OutPorts = 1> <Sync> <CReg>
ST_2 : Operation 918 [1/1] (3.90ns) (root node of TernaryAdder)   --->   "%add_ln58_6600 = add i16 %add_ln58_6599, i16 %sext_ln42_169" [firmware/nnet_utils/nnet_dense_latency.h:58]   --->   Operation 918 'add' 'add_ln58_6600' <Predicate = true> <Delay = 3.90> <CoreInst = "TAddSub">   --->   Core 10 'TAddSub' <Latency = 0> <II = 1> <Delay = 1.95> <IPBlock> <Opcode : '' 'add' 'sub'> <InPorts = 3> <OutPorts = 1> <Sync> <CReg>
ST_2 : Operation 919 [1/1] (1.94ns)   --->   "%add_ln58_6603 = add i16 %sext_ln42_182, i16 %sext_ln42_186" [firmware/nnet_utils/nnet_dense_latency.h:58]   --->   Operation 919 'add' 'add_ln58_6603' <Predicate = true> <Delay = 1.94> <CoreInst = "Adder">   --->   Core 1 'Adder' <Latency = 0> <II = 1> <Delay = 1.94> <FuncUnit> <Opcode : 'add' 'sub'> <InPorts = 2> <OutPorts = 1>
ST_2 : Operation 920 [1/1] (0.00ns) (grouped into TernaryAdder)   --->   "%add_ln58_6604 = add i16 %sext_ln42_193, i16 %sext_ln42_195" [firmware/nnet_utils/nnet_dense_latency.h:58]   --->   Operation 920 'add' 'add_ln58_6604' <Predicate = true> <Delay = 0.00> <CoreInst = "TAddSub">   --->   Core 10 'TAddSub' <Latency = 0> <II = 1> <Delay = 1.95> <IPBlock> <Opcode : '' 'add' 'sub'> <InPorts = 3> <OutPorts = 1> <Sync> <CReg>
ST_2 : Operation 921 [1/1] (3.90ns) (root node of TernaryAdder)   --->   "%add_ln58_6605 = add i16 %add_ln58_6604, i16 %sext_ln42_189" [firmware/nnet_utils/nnet_dense_latency.h:58]   --->   Operation 921 'add' 'add_ln58_6605' <Predicate = true> <Delay = 3.90> <CoreInst = "TAddSub">   --->   Core 10 'TAddSub' <Latency = 0> <II = 1> <Delay = 1.95> <IPBlock> <Opcode : '' 'add' 'sub'> <InPorts = 3> <OutPorts = 1> <Sync> <CReg>
ST_2 : Operation 922 [1/1] (0.00ns)   --->   "%sext_ln58_2310 = sext i15 %add_ln58_6607" [firmware/nnet_utils/nnet_dense_latency.h:58]   --->   Operation 922 'sext' 'sext_ln58_2310' <Predicate = true> <Delay = 0.00>
ST_2 : Operation 923 [1/1] (0.00ns) (grouped into TernaryAdder)   --->   "%add_ln58_6608 = add i16 %sext_ln58_2310, i16 %sext_ln42_116" [firmware/nnet_utils/nnet_dense_latency.h:58]   --->   Operation 923 'add' 'add_ln58_6608' <Predicate = true> <Delay = 0.00> <CoreInst = "TAddSub">   --->   Core 10 'TAddSub' <Latency = 0> <II = 1> <Delay = 1.95> <IPBlock> <Opcode : '' 'add' 'sub'> <InPorts = 3> <OutPorts = 1> <Sync> <CReg>
ST_2 : Operation 924 [1/1] (0.00ns)   --->   "%sext_ln58_2312 = sext i15 %add_ln58_6610" [firmware/nnet_utils/nnet_dense_latency.h:58]   --->   Operation 924 'sext' 'sext_ln58_2312' <Predicate = true> <Delay = 0.00>
ST_2 : Operation 925 [1/1] (3.90ns) (root node of TernaryAdder)   --->   "%add_ln58_6611 = add i16 %sext_ln58_2312, i16 %add_ln58_6608" [firmware/nnet_utils/nnet_dense_latency.h:58]   --->   Operation 925 'add' 'add_ln58_6611' <Predicate = true> <Delay = 3.90> <CoreInst = "TAddSub">   --->   Core 10 'TAddSub' <Latency = 0> <II = 1> <Delay = 1.95> <IPBlock> <Opcode : '' 'add' 'sub'> <InPorts = 3> <OutPorts = 1> <Sync> <CReg>
ST_2 : Operation 926 [1/1] (2.07ns)   --->   "%add_ln58_6615 = add i16 %mult_537, i16 %sext_ln42_152" [firmware/nnet_utils/nnet_dense_latency.h:58]   --->   Operation 926 'add' 'add_ln58_6615' <Predicate = true> <Delay = 2.07> <CoreInst = "Adder">   --->   Core 1 'Adder' <Latency = 0> <II = 1> <Delay = 2.07> <FuncUnit> <Opcode : 'add' 'sub'> <InPorts = 2> <OutPorts = 1>
ST_2 : Operation 927 [1/1] (0.00ns) (grouped into TernaryAdder)   --->   "%add_ln58_6618 = add i16 %sext_ln42_179, i16 %mult_643" [firmware/nnet_utils/nnet_dense_latency.h:58]   --->   Operation 927 'add' 'add_ln58_6618' <Predicate = true> <Delay = 0.00> <CoreInst = "TAddSub">   --->   Core 10 'TAddSub' <Latency = 0> <II = 1> <Delay = 1.95> <IPBlock> <Opcode : '' 'add' 'sub'> <InPorts = 3> <OutPorts = 1> <Sync> <CReg>
ST_2 : Operation 928 [1/1] (3.90ns) (root node of TernaryAdder)   --->   "%add_ln58_6619 = add i16 %add_ln58_6618, i16 %sext_ln42_167" [firmware/nnet_utils/nnet_dense_latency.h:58]   --->   Operation 928 'add' 'add_ln58_6619' <Predicate = true> <Delay = 3.90> <CoreInst = "TAddSub">   --->   Core 10 'TAddSub' <Latency = 0> <II = 1> <Delay = 1.95> <IPBlock> <Opcode : '' 'add' 'sub'> <InPorts = 3> <OutPorts = 1> <Sync> <CReg>
ST_2 : Operation 929 [1/1] (2.07ns)   --->   "%add_ln58_6622 = add i16 %sext_ln42_186, i16 %mult_671" [firmware/nnet_utils/nnet_dense_latency.h:58]   --->   Operation 929 'add' 'add_ln58_6622' <Predicate = true> <Delay = 2.07> <CoreInst = "Adder">   --->   Core 1 'Adder' <Latency = 0> <II = 1> <Delay = 2.07> <FuncUnit> <Opcode : 'add' 'sub'> <InPorts = 2> <OutPorts = 1>
ST_2 : Operation 930 [1/1] (2.07ns)   --->   "%add_ln58_6623 = add i16 %mult_676, i16 %sext_ln42_191" [firmware/nnet_utils/nnet_dense_latency.h:58]   --->   Operation 930 'add' 'add_ln58_6623' <Predicate = true> <Delay = 2.07> <CoreInst = "Adder">   --->   Core 1 'Adder' <Latency = 0> <II = 1> <Delay = 2.07> <FuncUnit> <Opcode : 'add' 'sub'> <InPorts = 2> <OutPorts = 1>
ST_2 : Operation 931 [1/1] (0.00ns) (grouped into TernaryAdder)   --->   "%add_ln58_6625 = add i16 %sext_ln42_80, i16 %sext_ln42_138" [firmware/nnet_utils/nnet_dense_latency.h:58]   --->   Operation 931 'add' 'add_ln58_6625' <Predicate = true> <Delay = 0.00> <CoreInst = "TAddSub">   --->   Core 10 'TAddSub' <Latency = 0> <II = 1> <Delay = 1.95> <IPBlock> <Opcode : '' 'add' 'sub'> <InPorts = 3> <OutPorts = 1> <Sync> <CReg>
ST_2 : Operation 932 [1/1] (0.00ns)   --->   "%sext_ln58_2314 = sext i15 %add_ln58_6627" [firmware/nnet_utils/nnet_dense_latency.h:58]   --->   Operation 932 'sext' 'sext_ln58_2314' <Predicate = true> <Delay = 0.00>
ST_2 : Operation 933 [1/1] (3.90ns) (root node of TernaryAdder)   --->   "%add_ln58_6628 = add i16 %sext_ln58_2314, i16 %add_ln58_6625" [firmware/nnet_utils/nnet_dense_latency.h:58]   --->   Operation 933 'add' 'add_ln58_6628' <Predicate = true> <Delay = 3.90> <CoreInst = "TAddSub">   --->   Core 10 'TAddSub' <Latency = 0> <II = 1> <Delay = 1.95> <IPBlock> <Opcode : '' 'add' 'sub'> <InPorts = 3> <OutPorts = 1> <Sync> <CReg>
ST_2 : Operation 934 [1/1] (0.00ns) (grouped into TernaryAdder)   --->   "%add_ln58_6632 = add i16 %sext_ln42_167, i16 %sext_ln42_169" [firmware/nnet_utils/nnet_dense_latency.h:58]   --->   Operation 934 'add' 'add_ln58_6632' <Predicate = true> <Delay = 0.00> <CoreInst = "TAddSub">   --->   Core 10 'TAddSub' <Latency = 0> <II = 1> <Delay = 1.95> <IPBlock> <Opcode : '' 'add' 'sub'> <InPorts = 3> <OutPorts = 1> <Sync> <CReg>
ST_2 : Operation 935 [1/1] (3.90ns) (root node of TernaryAdder)   --->   "%add_ln58_6633 = add i16 %add_ln58_6632, i16 %sext_ln42_162" [firmware/nnet_utils/nnet_dense_latency.h:58]   --->   Operation 935 'add' 'add_ln58_6633' <Predicate = true> <Delay = 3.90> <CoreInst = "TAddSub">   --->   Core 10 'TAddSub' <Latency = 0> <II = 1> <Delay = 1.95> <IPBlock> <Opcode : '' 'add' 'sub'> <InPorts = 3> <OutPorts = 1> <Sync> <CReg>
ST_2 : Operation 936 [1/1] (1.94ns)   --->   "%add_ln58_6635 = add i16 %sext_ln42_182, i16 %sext_ln42_185" [firmware/nnet_utils/nnet_dense_latency.h:58]   --->   Operation 936 'add' 'add_ln58_6635' <Predicate = true> <Delay = 1.94> <CoreInst = "Adder">   --->   Core 1 'Adder' <Latency = 0> <II = 1> <Delay = 1.94> <FuncUnit> <Opcode : 'add' 'sub'> <InPorts = 2> <OutPorts = 1>
ST_2 : Operation 937 [1/1] (1.94ns)   --->   "%add_ln58_6639 = add i16 %sext_ln42_188, i16 %sext_ln42_190" [firmware/nnet_utils/nnet_dense_latency.h:58]   --->   Operation 937 'add' 'add_ln58_6639' <Predicate = true> <Delay = 1.94> <CoreInst = "Adder">   --->   Core 1 'Adder' <Latency = 0> <II = 1> <Delay = 1.94> <FuncUnit> <Opcode : 'add' 'sub'> <InPorts = 2> <OutPorts = 1>
ST_2 : Operation 938 [1/1] (1.81ns)   --->   "%add_ln58_6640 = add i15 %sext_ln17_577, i15 %sext_ln17_508" [firmware/nnet_utils/nnet_dense_latency.h:58]   --->   Operation 938 'add' 'add_ln58_6640' <Predicate = true> <Delay = 1.81> <CoreInst = "Adder">   --->   Core 1 'Adder' <Latency = 0> <II = 1> <Delay = 1.81> <FuncUnit> <Opcode : 'add' 'sub'> <InPorts = 2> <OutPorts = 1>
ST_2 : Operation 939 [1/1] (0.00ns)   --->   "%sext_ln58_3075 = sext i15 %add_ln58_6640" [firmware/nnet_utils/nnet_dense_latency.h:58]   --->   Operation 939 'sext' 'sext_ln58_3075' <Predicate = true> <Delay = 0.00>
ST_2 : Operation 940 [1/1] (1.94ns)   --->   "%add_ln58_6641 = add i16 %sext_ln58_3075, i16 %sext_ln42_193" [firmware/nnet_utils/nnet_dense_latency.h:58]   --->   Operation 940 'add' 'add_ln58_6641' <Predicate = true> <Delay = 1.94> <CoreInst = "Adder">   --->   Core 1 'Adder' <Latency = 0> <II = 1> <Delay = 1.94> <FuncUnit> <Opcode : 'add' 'sub'> <InPorts = 2> <OutPorts = 1>
ST_2 : Operation 941 [1/1] (1.81ns)   --->   "%add_ln58_6643 = add i15 %sext_ln17_512, i15 %sext_ln17_520" [firmware/nnet_utils/nnet_dense_latency.h:58]   --->   Operation 941 'add' 'add_ln58_6643' <Predicate = true> <Delay = 1.81> <CoreInst = "Adder">   --->   Core 1 'Adder' <Latency = 0> <II = 1> <Delay = 1.81> <FuncUnit> <Opcode : 'add' 'sub'> <InPorts = 2> <OutPorts = 1>
ST_2 : Operation 942 [1/1] (0.00ns)   --->   "%sext_ln58_2315 = sext i15 %add_ln58_6643" [firmware/nnet_utils/nnet_dense_latency.h:58]   --->   Operation 942 'sext' 'sext_ln58_2315' <Predicate = true> <Delay = 0.00>
ST_2 : Operation 943 [1/1] (0.00ns)   --->   "%sext_ln58_2316 = sext i14 %add_ln58_6644" [firmware/nnet_utils/nnet_dense_latency.h:58]   --->   Operation 943 'sext' 'sext_ln58_2316' <Predicate = true> <Delay = 0.00>
ST_2 : Operation 944 [1/1] (1.81ns)   --->   "%add_ln58_6645 = add i15 %sext_ln58_2316, i15 %sext_ln17_517" [firmware/nnet_utils/nnet_dense_latency.h:58]   --->   Operation 944 'add' 'add_ln58_6645' <Predicate = true> <Delay = 1.81> <CoreInst = "Adder">   --->   Core 1 'Adder' <Latency = 0> <II = 1> <Delay = 1.81> <FuncUnit> <Opcode : 'add' 'sub'> <InPorts = 2> <OutPorts = 1>
ST_2 : Operation 945 [1/1] (0.00ns)   --->   "%sext_ln58_2317 = sext i15 %add_ln58_6645" [firmware/nnet_utils/nnet_dense_latency.h:58]   --->   Operation 945 'sext' 'sext_ln58_2317' <Predicate = true> <Delay = 0.00>
ST_2 : Operation 946 [1/1] (1.94ns)   --->   "%add_ln58_6646 = add i16 %sext_ln58_2317, i16 %sext_ln58_2315" [firmware/nnet_utils/nnet_dense_latency.h:58]   --->   Operation 946 'add' 'add_ln58_6646' <Predicate = true> <Delay = 1.94> <CoreInst = "Adder">   --->   Core 1 'Adder' <Latency = 0> <II = 1> <Delay = 1.94> <FuncUnit> <Opcode : 'add' 'sub'> <InPorts = 2> <OutPorts = 1>
ST_2 : Operation 947 [1/1] (0.00ns) (grouped into TernaryAdder)   --->   "%add_ln58_6652 = add i16 %sext_ln42_182, i16 %mult_654" [firmware/nnet_utils/nnet_dense_latency.h:58]   --->   Operation 947 'add' 'add_ln58_6652' <Predicate = true> <Delay = 0.00> <CoreInst = "TAddSub">   --->   Core 10 'TAddSub' <Latency = 0> <II = 1> <Delay = 1.95> <IPBlock> <Opcode : '' 'add' 'sub'> <InPorts = 3> <OutPorts = 1> <Sync> <CReg>
ST_2 : Operation 948 [1/1] (3.90ns) (root node of TernaryAdder)   --->   "%add_ln58_6653 = add i16 %add_ln58_6652, i16 %mult_633" [firmware/nnet_utils/nnet_dense_latency.h:58]   --->   Operation 948 'add' 'add_ln58_6653' <Predicate = true> <Delay = 3.90> <CoreInst = "TAddSub">   --->   Core 10 'TAddSub' <Latency = 0> <II = 1> <Delay = 1.95> <IPBlock> <Opcode : '' 'add' 'sub'> <InPorts = 3> <OutPorts = 1> <Sync> <CReg>
ST_2 : Operation 949 [1/1] (2.07ns)   --->   "%add_ln58_6656 = add i16 %sext_ln42_185, i16 %mult_669" [firmware/nnet_utils/nnet_dense_latency.h:58]   --->   Operation 949 'add' 'add_ln58_6656' <Predicate = true> <Delay = 2.07> <CoreInst = "Adder">   --->   Core 1 'Adder' <Latency = 0> <II = 1> <Delay = 2.07> <FuncUnit> <Opcode : 'add' 'sub'> <InPorts = 2> <OutPorts = 1>
ST_2 : Operation 950 [1/1] (2.07ns)   --->   "%add_ln58_6657 = add i16 %mult_683, i16 %mult_692" [firmware/nnet_utils/nnet_dense_latency.h:58]   --->   Operation 950 'add' 'add_ln58_6657' <Predicate = true> <Delay = 2.07> <CoreInst = "Adder">   --->   Core 1 'Adder' <Latency = 0> <II = 1> <Delay = 2.07> <FuncUnit> <Opcode : 'add' 'sub'> <InPorts = 2> <OutPorts = 1>
ST_2 : Operation 951 [1/1] (0.00ns) (grouped into TernaryAdder)   --->   "%add_ln58_6659 = add i16 %sext_ln42_107, i16 %sext_ln42_99" [firmware/nnet_utils/nnet_dense_latency.h:58]   --->   Operation 951 'add' 'add_ln58_6659' <Predicate = true> <Delay = 0.00> <CoreInst = "TAddSub">   --->   Core 10 'TAddSub' <Latency = 0> <II = 1> <Delay = 1.95> <IPBlock> <Opcode : '' 'add' 'sub'> <InPorts = 3> <OutPorts = 1> <Sync> <CReg>
ST_2 : Operation 952 [1/1] (0.00ns)   --->   "%sext_ln58_2319 = sext i15 %add_ln58_6661" [firmware/nnet_utils/nnet_dense_latency.h:58]   --->   Operation 952 'sext' 'sext_ln58_2319' <Predicate = true> <Delay = 0.00>
ST_2 : Operation 953 [1/1] (3.90ns) (root node of TernaryAdder)   --->   "%add_ln58_6662 = add i16 %sext_ln58_2319, i16 %add_ln58_6659" [firmware/nnet_utils/nnet_dense_latency.h:58]   --->   Operation 953 'add' 'add_ln58_6662' <Predicate = true> <Delay = 3.90> <CoreInst = "TAddSub">   --->   Core 10 'TAddSub' <Latency = 0> <II = 1> <Delay = 1.95> <IPBlock> <Opcode : '' 'add' 'sub'> <InPorts = 3> <OutPorts = 1> <Sync> <CReg>
ST_2 : Operation 954 [1/1] (1.81ns)   --->   "%add_ln58_6666 = add i15 %sext_ln17_549, i15 %sext_ln17_553" [firmware/nnet_utils/nnet_dense_latency.h:58]   --->   Operation 954 'add' 'add_ln58_6666' <Predicate = true> <Delay = 1.81> <CoreInst = "Adder">   --->   Core 1 'Adder' <Latency = 0> <II = 1> <Delay = 1.81> <FuncUnit> <Opcode : 'add' 'sub'> <InPorts = 2> <OutPorts = 1>
ST_2 : Operation 955 [1/1] (2.07ns)   --->   "%add_ln58_6669 = add i16 %mult_697, i16 %sext_ln42_101" [firmware/nnet_utils/nnet_dense_latency.h:58]   --->   Operation 955 'add' 'add_ln58_6669' <Predicate = true> <Delay = 2.07> <CoreInst = "Adder">   --->   Core 1 'Adder' <Latency = 0> <II = 1> <Delay = 2.07> <FuncUnit> <Opcode : 'add' 'sub'> <InPorts = 2> <OutPorts = 1>
ST_2 : Operation 956 [1/1] (1.94ns)   --->   "%add_ln58_6672 = add i16 %sext_ln42_172, i16 %sext_ln42_105" [firmware/nnet_utils/nnet_dense_latency.h:58]   --->   Operation 956 'add' 'add_ln58_6672' <Predicate = true> <Delay = 1.94> <CoreInst = "Adder">   --->   Core 1 'Adder' <Latency = 0> <II = 1> <Delay = 1.94> <FuncUnit> <Opcode : 'add' 'sub'> <InPorts = 2> <OutPorts = 1>
ST_2 : Operation 957 [1/1] (1.81ns)   --->   "%add_ln58_6673 = add i15 %sext_ln17_534, i15 %sext_ln17_546" [firmware/nnet_utils/nnet_dense_latency.h:58]   --->   Operation 957 'add' 'add_ln58_6673' <Predicate = true> <Delay = 1.81> <CoreInst = "Adder">   --->   Core 1 'Adder' <Latency = 0> <II = 1> <Delay = 1.81> <FuncUnit> <Opcode : 'add' 'sub'> <InPorts = 2> <OutPorts = 1>
ST_2 : Operation 958 [1/1] (1.81ns)   --->   "%add_ln58_6675 = add i15 %sext_ln17_557, i15 %sext_ln17_515" [firmware/nnet_utils/nnet_dense_latency.h:58]   --->   Operation 958 'add' 'add_ln58_6675' <Predicate = true> <Delay = 1.81> <CoreInst = "Adder">   --->   Core 1 'Adder' <Latency = 0> <II = 1> <Delay = 1.81> <FuncUnit> <Opcode : 'add' 'sub'> <InPorts = 2> <OutPorts = 1>
ST_2 : Operation 959 [1/1] (0.00ns)   --->   "%sext_ln58_2321 = sext i15 %add_ln58_6675" [firmware/nnet_utils/nnet_dense_latency.h:58]   --->   Operation 959 'sext' 'sext_ln58_2321' <Predicate = true> <Delay = 0.00>
ST_2 : Operation 960 [1/1] (0.00ns)   --->   "%sext_ln58_2322 = sext i14 %add_ln58_6676" [firmware/nnet_utils/nnet_dense_latency.h:58]   --->   Operation 960 'sext' 'sext_ln58_2322' <Predicate = true> <Delay = 0.00>
ST_2 : Operation 961 [1/1] (1.81ns)   --->   "%add_ln58_6677 = add i15 %sext_ln58_2322, i15 %sext_ln17_517" [firmware/nnet_utils/nnet_dense_latency.h:58]   --->   Operation 961 'add' 'add_ln58_6677' <Predicate = true> <Delay = 1.81> <CoreInst = "Adder">   --->   Core 1 'Adder' <Latency = 0> <II = 1> <Delay = 1.81> <FuncUnit> <Opcode : 'add' 'sub'> <InPorts = 2> <OutPorts = 1>
ST_2 : Operation 962 [1/1] (0.00ns)   --->   "%sext_ln58_2323 = sext i15 %add_ln58_6677" [firmware/nnet_utils/nnet_dense_latency.h:58]   --->   Operation 962 'sext' 'sext_ln58_2323' <Predicate = true> <Delay = 0.00>
ST_2 : Operation 963 [1/1] (1.94ns)   --->   "%add_ln58_6678 = add i16 %sext_ln58_2323, i16 %sext_ln58_2321" [firmware/nnet_utils/nnet_dense_latency.h:58]   --->   Operation 963 'add' 'add_ln58_6678' <Predicate = true> <Delay = 1.94> <CoreInst = "Adder">   --->   Core 1 'Adder' <Latency = 0> <II = 1> <Delay = 1.94> <FuncUnit> <Opcode : 'add' 'sub'> <InPorts = 2> <OutPorts = 1>
ST_2 : Operation 964 [1/1] (2.07ns)   --->   "%add_ln58_6682 = add i16 %mult_563, i16 %mult_574" [firmware/nnet_utils/nnet_dense_latency.h:58]   --->   Operation 964 'add' 'add_ln58_6682' <Predicate = true> <Delay = 2.07> <CoreInst = "Adder">   --->   Core 1 'Adder' <Latency = 0> <II = 1> <Delay = 2.07> <FuncUnit> <Opcode : 'add' 'sub'> <InPorts = 2> <OutPorts = 1>
ST_2 : Operation 965 [1/1] (0.00ns) (grouped into TernaryAdder)   --->   "%add_ln58_6685 = add i16 %add_ln58_6684, i16 %mult_626" [firmware/nnet_utils/nnet_dense_latency.h:58]   --->   Operation 965 'add' 'add_ln58_6685' <Predicate = true> <Delay = 0.00> <CoreInst = "TAddSub">   --->   Core 10 'TAddSub' <Latency = 0> <II = 1> <Delay = 1.95> <IPBlock> <Opcode : '' 'add' 'sub'> <InPorts = 3> <OutPorts = 1> <Sync> <CReg>
ST_2 : Operation 966 [1/1] (3.90ns) (root node of TernaryAdder)   --->   "%add_ln58_6686 = add i16 %add_ln58_6685, i16 %add_ln58_6382" [firmware/nnet_utils/nnet_dense_latency.h:58]   --->   Operation 966 'add' 'add_ln58_6686' <Predicate = true> <Delay = 3.90> <CoreInst = "TAddSub">   --->   Core 10 'TAddSub' <Latency = 0> <II = 1> <Delay = 1.95> <IPBlock> <Opcode : '' 'add' 'sub'> <InPorts = 3> <OutPorts = 1> <Sync> <CReg>
ST_2 : Operation 967 [1/1] (2.07ns)   --->   "%add_ln58_6688 = add i16 %mult_661, i16 %mult_679" [firmware/nnet_utils/nnet_dense_latency.h:58]   --->   Operation 967 'add' 'add_ln58_6688' <Predicate = true> <Delay = 2.07> <CoreInst = "Adder">   --->   Core 1 'Adder' <Latency = 0> <II = 1> <Delay = 2.07> <FuncUnit> <Opcode : 'add' 'sub'> <InPorts = 2> <OutPorts = 1>
ST_2 : Operation 968 [1/1] (0.00ns) (grouped into TernaryAdder)   --->   "%add_ln58_6689 = add i16 %sext_ln42_128, i16 %sext_ln42_121" [firmware/nnet_utils/nnet_dense_latency.h:58]   --->   Operation 968 'add' 'add_ln58_6689' <Predicate = true> <Delay = 0.00> <CoreInst = "TAddSub">   --->   Core 10 'TAddSub' <Latency = 0> <II = 1> <Delay = 1.95> <IPBlock> <Opcode : '' 'add' 'sub'> <InPorts = 3> <OutPorts = 1> <Sync> <CReg>
ST_2 : Operation 969 [1/1] (3.90ns) (root node of TernaryAdder)   --->   "%add_ln58_6690 = add i16 %add_ln58_6689, i16 %sext_ln42_196" [firmware/nnet_utils/nnet_dense_latency.h:58]   --->   Operation 969 'add' 'add_ln58_6690' <Predicate = true> <Delay = 3.90> <CoreInst = "TAddSub">   --->   Core 10 'TAddSub' <Latency = 0> <II = 1> <Delay = 1.95> <IPBlock> <Opcode : '' 'add' 'sub'> <InPorts = 3> <OutPorts = 1> <Sync> <CReg>
ST_2 : Operation 970 [1/1] (1.81ns)   --->   "%add_ln58_6692 = add i15 %sext_ln17_512, i15 %sext_ln17_517" [firmware/nnet_utils/nnet_dense_latency.h:58]   --->   Operation 970 'add' 'add_ln58_6692' <Predicate = true> <Delay = 1.81> <CoreInst = "Adder">   --->   Core 1 'Adder' <Latency = 0> <II = 1> <Delay = 1.81> <FuncUnit> <Opcode : 'add' 'sub'> <InPorts = 2> <OutPorts = 1>
ST_2 : Operation 971 [1/1] (0.00ns)   --->   "%sext_ln58_2324 = sext i15 %add_ln58_6692" [firmware/nnet_utils/nnet_dense_latency.h:58]   --->   Operation 971 'sext' 'sext_ln58_2324' <Predicate = true> <Delay = 0.00>
ST_2 : Operation 972 [1/1] (0.00ns)   --->   "%sext_ln58_2325 = sext i15 %add_ln58_6693" [firmware/nnet_utils/nnet_dense_latency.h:58]   --->   Operation 972 'sext' 'sext_ln58_2325' <Predicate = true> <Delay = 0.00>
ST_2 : Operation 973 [1/1] (1.94ns)   --->   "%add_ln58_6694 = add i16 %sext_ln58_2325, i16 %sext_ln58_2324" [firmware/nnet_utils/nnet_dense_latency.h:58]   --->   Operation 973 'add' 'add_ln58_6694' <Predicate = true> <Delay = 1.94> <CoreInst = "Adder">   --->   Core 1 'Adder' <Latency = 0> <II = 1> <Delay = 1.94> <FuncUnit> <Opcode : 'add' 'sub'> <InPorts = 2> <OutPorts = 1>
ST_2 : Operation 974 [1/1] (2.07ns)   --->   "%add_ln58_6698 = add i16 %sext_ln42_134, i16 %mult_539" [firmware/nnet_utils/nnet_dense_latency.h:58]   --->   Operation 974 'add' 'add_ln58_6698' <Predicate = true> <Delay = 2.07> <CoreInst = "Adder">   --->   Core 1 'Adder' <Latency = 0> <II = 1> <Delay = 2.07> <FuncUnit> <Opcode : 'add' 'sub'> <InPorts = 2> <OutPorts = 1>
ST_2 : Operation 975 [1/1] (0.00ns) (grouped into TernaryAdder)   --->   "%add_ln58_6701 = add i16 %mult_594, i16 %sext_ln42_171" [firmware/nnet_utils/nnet_dense_latency.h:58]   --->   Operation 975 'add' 'add_ln58_6701' <Predicate = true> <Delay = 0.00> <CoreInst = "TAddSub">   --->   Core 10 'TAddSub' <Latency = 0> <II = 1> <Delay = 1.95> <IPBlock> <Opcode : '' 'add' 'sub'> <InPorts = 3> <OutPorts = 1> <Sync> <CReg>
ST_2 : Operation 976 [1/1] (3.90ns) (root node of TernaryAdder)   --->   "%add_ln58_6702 = add i16 %add_ln58_6701, i16 %mult_575" [firmware/nnet_utils/nnet_dense_latency.h:58]   --->   Operation 976 'add' 'add_ln58_6702' <Predicate = true> <Delay = 3.90> <CoreInst = "TAddSub">   --->   Core 10 'TAddSub' <Latency = 0> <II = 1> <Delay = 1.95> <IPBlock> <Opcode : '' 'add' 'sub'> <InPorts = 3> <OutPorts = 1> <Sync> <CReg>
ST_2 : Operation 977 [1/1] (2.07ns)   --->   "%add_ln58_6705 = add i16 %sext_ln42_175, i16 %mult_650" [firmware/nnet_utils/nnet_dense_latency.h:58]   --->   Operation 977 'add' 'add_ln58_6705' <Predicate = true> <Delay = 2.07> <CoreInst = "Adder">   --->   Core 1 'Adder' <Latency = 0> <II = 1> <Delay = 2.07> <FuncUnit> <Opcode : 'add' 'sub'> <InPorts = 2> <OutPorts = 1>
ST_2 : Operation 978 [1/1] (2.07ns)   --->   "%add_ln58_6706 = add i16 %mult_680, i16 %sext_ln42_193" [firmware/nnet_utils/nnet_dense_latency.h:58]   --->   Operation 978 'add' 'add_ln58_6706' <Predicate = true> <Delay = 2.07> <CoreInst = "Adder">   --->   Core 1 'Adder' <Latency = 0> <II = 1> <Delay = 2.07> <FuncUnit> <Opcode : 'add' 'sub'> <InPorts = 2> <OutPorts = 1>
ST_2 : Operation 979 [1/1] (1.81ns)   --->   "%add_ln58_6708 = add i15 %sext_ln17_577, i15 %sext_ln17_534" [firmware/nnet_utils/nnet_dense_latency.h:58]   --->   Operation 979 'add' 'add_ln58_6708' <Predicate = true> <Delay = 1.81> <CoreInst = "Adder">   --->   Core 1 'Adder' <Latency = 0> <II = 1> <Delay = 1.81> <FuncUnit> <Opcode : 'add' 'sub'> <InPorts = 2> <OutPorts = 1>
ST_2 : Operation 980 [1/1] (0.00ns)   --->   "%sext_ln58_3077 = sext i15 %add_ln58_6708" [firmware/nnet_utils/nnet_dense_latency.h:58]   --->   Operation 980 'sext' 'sext_ln58_3077' <Predicate = true> <Delay = 0.00>
ST_2 : Operation 981 [1/1] (0.00ns)   --->   "%sext_ln58_2327 = sext i15 %add_ln58_6710" [firmware/nnet_utils/nnet_dense_latency.h:58]   --->   Operation 981 'sext' 'sext_ln58_2327' <Predicate = true> <Delay = 0.00>
ST_2 : Operation 982 [1/1] (1.94ns)   --->   "%add_ln58_6711 = add i16 %sext_ln58_2327, i16 %sext_ln58_3077" [firmware/nnet_utils/nnet_dense_latency.h:58]   --->   Operation 982 'add' 'add_ln58_6711' <Predicate = true> <Delay = 1.94> <CoreInst = "Adder">   --->   Core 1 'Adder' <Latency = 0> <II = 1> <Delay = 1.94> <FuncUnit> <Opcode : 'add' 'sub'> <InPorts = 2> <OutPorts = 1>
ST_2 : Operation 983 [1/1] (1.81ns)   --->   "%add_ln58_6714 = add i15 %sext_ln17_527, i15 %sext_ln17_535" [firmware/nnet_utils/nnet_dense_latency.h:58]   --->   Operation 983 'add' 'add_ln58_6714' <Predicate = true> <Delay = 1.81> <CoreInst = "Adder">   --->   Core 1 'Adder' <Latency = 0> <II = 1> <Delay = 1.81> <FuncUnit> <Opcode : 'add' 'sub'> <InPorts = 2> <OutPorts = 1>
ST_2 : Operation 984 [1/1] (0.00ns) (grouped into TernaryAdder)   --->   "%add_ln58_6717 = add i16 %mult_654, i16 %mult_662" [firmware/nnet_utils/nnet_dense_latency.h:58]   --->   Operation 984 'add' 'add_ln58_6717' <Predicate = true> <Delay = 0.00> <CoreInst = "TAddSub">   --->   Core 10 'TAddSub' <Latency = 0> <II = 1> <Delay = 1.95> <IPBlock> <Opcode : '' 'add' 'sub'> <InPorts = 3> <OutPorts = 1> <Sync> <CReg>
ST_2 : Operation 985 [1/1] (3.90ns) (root node of TernaryAdder)   --->   "%add_ln58_6719 = add i16 %add_ln58_6718, i16 %add_ln58_6717" [firmware/nnet_utils/nnet_dense_latency.h:58]   --->   Operation 985 'add' 'add_ln58_6719' <Predicate = true> <Delay = 3.90> <CoreInst = "TAddSub">   --->   Core 10 'TAddSub' <Latency = 0> <II = 1> <Delay = 1.95> <IPBlock> <Opcode : '' 'add' 'sub'> <InPorts = 3> <OutPorts = 1> <Sync> <CReg>
ST_2 : Operation 986 [1/1] (1.81ns)   --->   "%add_ln58_6721 = add i15 %sext_ln17_516, i15 %sext_ln17_550" [firmware/nnet_utils/nnet_dense_latency.h:58]   --->   Operation 986 'add' 'add_ln58_6721' <Predicate = true> <Delay = 1.81> <CoreInst = "Adder">   --->   Core 1 'Adder' <Latency = 0> <II = 1> <Delay = 1.81> <FuncUnit> <Opcode : 'add' 'sub'> <InPorts = 2> <OutPorts = 1>
ST_2 : Operation 987 [1/1] (1.81ns)   --->   "%add_ln58_6722 = add i15 %sext_ln17_555, i15 %sext_ln17_515" [firmware/nnet_utils/nnet_dense_latency.h:58]   --->   Operation 987 'add' 'add_ln58_6722' <Predicate = true> <Delay = 1.81> <CoreInst = "Adder">   --->   Core 1 'Adder' <Latency = 0> <II = 1> <Delay = 1.81> <FuncUnit> <Opcode : 'add' 'sub'> <InPorts = 2> <OutPorts = 1>
ST_2 : Operation 988 [1/1] (1.67ns)   --->   "%add_ln58_6724 = add i14 %sext_ln17_506, i14 %sext_ln17_529" [firmware/nnet_utils/nnet_dense_latency.h:58]   --->   Operation 988 'add' 'add_ln58_6724' <Predicate = true> <Delay = 1.67> <CoreInst = "Adder">   --->   Core 1 'Adder' <Latency = 0> <II = 1> <Delay = 1.67> <FuncUnit> <Opcode : 'add' 'sub'> <InPorts = 2> <OutPorts = 1>
ST_2 : Operation 989 [1/1] (0.00ns)   --->   "%sext_ln58_2330 = sext i14 %add_ln58_6724" [firmware/nnet_utils/nnet_dense_latency.h:58]   --->   Operation 989 'sext' 'sext_ln58_2330' <Predicate = true> <Delay = 0.00>
ST_2 : Operation 990 [1/1] (0.00ns)   --->   "%sext_ln58_2331 = sext i15 %add_ln58_6725" [firmware/nnet_utils/nnet_dense_latency.h:58]   --->   Operation 990 'sext' 'sext_ln58_2331' <Predicate = true> <Delay = 0.00>
ST_2 : Operation 991 [1/1] (1.94ns)   --->   "%add_ln58_6726 = add i16 %sext_ln58_2331, i16 %sext_ln58_2330" [firmware/nnet_utils/nnet_dense_latency.h:58]   --->   Operation 991 'add' 'add_ln58_6726' <Predicate = true> <Delay = 1.94> <CoreInst = "Adder">   --->   Core 1 'Adder' <Latency = 0> <II = 1> <Delay = 1.94> <FuncUnit> <Opcode : 'add' 'sub'> <InPorts = 2> <OutPorts = 1>
ST_2 : Operation 992 [1/1] (2.07ns)   --->   "%add_ln58_6730 = add i16 %mult_535, i16 %sext_ln42_143" [firmware/nnet_utils/nnet_dense_latency.h:58]   --->   Operation 992 'add' 'add_ln58_6730' <Predicate = true> <Delay = 2.07> <CoreInst = "Adder">   --->   Core 1 'Adder' <Latency = 0> <II = 1> <Delay = 2.07> <FuncUnit> <Opcode : 'add' 'sub'> <InPorts = 2> <OutPorts = 1>
ST_2 : Operation 993 [1/1] (0.00ns) (grouped into TernaryAdder)   --->   "%add_ln58_6733 = add i16 %mult_600, i16 %sext_ln42_177" [firmware/nnet_utils/nnet_dense_latency.h:58]   --->   Operation 993 'add' 'add_ln58_6733' <Predicate = true> <Delay = 0.00> <CoreInst = "TAddSub">   --->   Core 10 'TAddSub' <Latency = 0> <II = 1> <Delay = 1.95> <IPBlock> <Opcode : '' 'add' 'sub'> <InPorts = 3> <OutPorts = 1> <Sync> <CReg>
ST_2 : Operation 994 [1/1] (3.90ns) (root node of TernaryAdder)   --->   "%add_ln58_6734 = add i16 %add_ln58_6733, i16 %mult_587" [firmware/nnet_utils/nnet_dense_latency.h:58]   --->   Operation 994 'add' 'add_ln58_6734' <Predicate = true> <Delay = 3.90> <CoreInst = "TAddSub">   --->   Core 10 'TAddSub' <Latency = 0> <II = 1> <Delay = 1.95> <IPBlock> <Opcode : '' 'add' 'sub'> <InPorts = 3> <OutPorts = 1> <Sync> <CReg>
ST_2 : Operation 995 [1/1] (2.07ns)   --->   "%add_ln58_6737 = add i16 %sext_ln42_179, i16 %mult_661" [firmware/nnet_utils/nnet_dense_latency.h:58]   --->   Operation 995 'add' 'add_ln58_6737' <Predicate = true> <Delay = 2.07> <CoreInst = "Adder">   --->   Core 1 'Adder' <Latency = 0> <II = 1> <Delay = 2.07> <FuncUnit> <Opcode : 'add' 'sub'> <InPorts = 2> <OutPorts = 1>
ST_2 : Operation 996 [1/1] (0.00ns) (grouped into TernaryAdder)   --->   "%add_ln58_6738 = add i16 %sext_ln42_129, i16 %sext_ln42_146" [firmware/nnet_utils/nnet_dense_latency.h:58]   --->   Operation 996 'add' 'add_ln58_6738' <Predicate = true> <Delay = 0.00> <CoreInst = "TAddSub">   --->   Core 10 'TAddSub' <Latency = 0> <II = 1> <Delay = 1.95> <IPBlock> <Opcode : '' 'add' 'sub'> <InPorts = 3> <OutPorts = 1> <Sync> <CReg>
ST_2 : Operation 997 [1/1] (3.90ns) (root node of TernaryAdder)   --->   "%add_ln58_6739 = add i16 %add_ln58_6738, i16 %sext_ln42_190" [firmware/nnet_utils/nnet_dense_latency.h:58]   --->   Operation 997 'add' 'add_ln58_6739' <Predicate = true> <Delay = 3.90> <CoreInst = "TAddSub">   --->   Core 10 'TAddSub' <Latency = 0> <II = 1> <Delay = 1.95> <IPBlock> <Opcode : '' 'add' 'sub'> <InPorts = 3> <OutPorts = 1> <Sync> <CReg>
ST_2 : Operation 998 [1/1] (0.00ns) (grouped into TernaryAdder)   --->   "%add_ln58_6741 = add i16 %sext_ln42_164, i16 %sext_ln42_116" [firmware/nnet_utils/nnet_dense_latency.h:58]   --->   Operation 998 'add' 'add_ln58_6741' <Predicate = true> <Delay = 0.00> <CoreInst = "TAddSub">   --->   Core 10 'TAddSub' <Latency = 0> <II = 1> <Delay = 1.95> <IPBlock> <Opcode : '' 'add' 'sub'> <InPorts = 3> <OutPorts = 1> <Sync> <CReg>
ST_2 : Operation 999 [1/1] (3.90ns) (root node of TernaryAdder)   --->   "%add_ln58_6744 = add i16 %add_ln58_6743, i16 %add_ln58_6741" [firmware/nnet_utils/nnet_dense_latency.h:58]   --->   Operation 999 'add' 'add_ln58_6744' <Predicate = true> <Delay = 3.90> <CoreInst = "TAddSub">   --->   Core 10 'TAddSub' <Latency = 0> <II = 1> <Delay = 1.95> <IPBlock> <Opcode : '' 'add' 'sub'> <InPorts = 3> <OutPorts = 1> <Sync> <CReg>
ST_2 : Operation 1000 [1/1] (1.81ns)   --->   "%add_ln58_6747 = add i15 %sext_ln17_505, i15 %sext_ln17_507" [firmware/nnet_utils/nnet_dense_latency.h:58]   --->   Operation 1000 'add' 'add_ln58_6747' <Predicate = true> <Delay = 1.81> <CoreInst = "Adder">   --->   Core 1 'Adder' <Latency = 0> <II = 1> <Delay = 1.81> <FuncUnit> <Opcode : 'add' 'sub'> <InPorts = 2> <OutPorts = 1>
ST_2 : Operation 1001 [1/1] (0.00ns) (grouped into TernaryAdder)   --->   "%add_ln58_6751 = add i16 %mult_628, i16 %mult_633" [firmware/nnet_utils/nnet_dense_latency.h:58]   --->   Operation 1001 'add' 'add_ln58_6751' <Predicate = true> <Delay = 0.00> <CoreInst = "TAddSub">   --->   Core 10 'TAddSub' <Latency = 0> <II = 1> <Delay = 1.95> <IPBlock> <Opcode : '' 'add' 'sub'> <InPorts = 3> <OutPorts = 1> <Sync> <CReg>
ST_2 : Operation 1002 [1/1] (3.90ns) (root node of TernaryAdder)   --->   "%add_ln58_6752 = add i16 %add_ln58_6751, i16 %mult_620" [firmware/nnet_utils/nnet_dense_latency.h:58]   --->   Operation 1002 'add' 'add_ln58_6752' <Predicate = true> <Delay = 3.90> <CoreInst = "TAddSub">   --->   Core 10 'TAddSub' <Latency = 0> <II = 1> <Delay = 1.95> <IPBlock> <Opcode : '' 'add' 'sub'> <InPorts = 3> <OutPorts = 1> <Sync> <CReg>
ST_2 : Operation 1003 [1/1] (2.07ns)   --->   "%add_ln58_6755 = add i16 %mult_642, i16 %mult_653" [firmware/nnet_utils/nnet_dense_latency.h:58]   --->   Operation 1003 'add' 'add_ln58_6755' <Predicate = true> <Delay = 2.07> <CoreInst = "Adder">   --->   Core 1 'Adder' <Latency = 0> <II = 1> <Delay = 2.07> <FuncUnit> <Opcode : 'add' 'sub'> <InPorts = 2> <OutPorts = 1>
ST_2 : Operation 1004 [1/1] (1.81ns)   --->   "%add_ln58_6756 = add i15 %sext_ln17_512, i15 %sext_ln17_524" [firmware/nnet_utils/nnet_dense_latency.h:58]   --->   Operation 1004 'add' 'add_ln58_6756' <Predicate = true> <Delay = 1.81> <CoreInst = "Adder">   --->   Core 1 'Adder' <Latency = 0> <II = 1> <Delay = 1.81> <FuncUnit> <Opcode : 'add' 'sub'> <InPorts = 2> <OutPorts = 1>
ST_2 : Operation 1005 [1/1] (0.00ns)   --->   "%sext_ln58_2333 = sext i15 %add_ln58_6756" [firmware/nnet_utils/nnet_dense_latency.h:58]   --->   Operation 1005 'sext' 'sext_ln58_2333' <Predicate = true> <Delay = 0.00>
ST_2 : Operation 1006 [1/1] (1.94ns)   --->   "%add_ln58_6757 = add i16 %sext_ln58_2333, i16 %sext_ln42_187" [firmware/nnet_utils/nnet_dense_latency.h:58]   --->   Operation 1006 'add' 'add_ln58_6757' <Predicate = true> <Delay = 1.94> <CoreInst = "Adder">   --->   Core 1 'Adder' <Latency = 0> <II = 1> <Delay = 1.94> <FuncUnit> <Opcode : 'add' 'sub'> <InPorts = 2> <OutPorts = 1>
ST_2 : Operation 1007 [1/1] (0.00ns)   --->   "%sext_ln58_2334 = sext i14 %add_ln58_6759" [firmware/nnet_utils/nnet_dense_latency.h:58]   --->   Operation 1007 'sext' 'sext_ln58_2334' <Predicate = true> <Delay = 0.00>
ST_2 : Operation 1008 [1/1] (0.00ns)   --->   "%sext_ln58_2336 = sext i15 %add_ln58_6761" [firmware/nnet_utils/nnet_dense_latency.h:58]   --->   Operation 1008 'sext' 'sext_ln58_2336' <Predicate = true> <Delay = 0.00>
ST_2 : Operation 1009 [1/1] (1.94ns)   --->   "%add_ln58_6762 = add i16 %sext_ln58_2336, i16 %sext_ln58_2334" [firmware/nnet_utils/nnet_dense_latency.h:58]   --->   Operation 1009 'add' 'add_ln58_6762' <Predicate = true> <Delay = 1.94> <CoreInst = "Adder">   --->   Core 1 'Adder' <Latency = 0> <II = 1> <Delay = 1.94> <FuncUnit> <Opcode : 'add' 'sub'> <InPorts = 2> <OutPorts = 1>
ST_2 : Operation 1010 [1/1] (0.00ns) (grouped into TernaryAdder)   --->   "%add_ln58_6766 = add i16 %mult_593, i16 %sext_ln42_173" [firmware/nnet_utils/nnet_dense_latency.h:58]   --->   Operation 1010 'add' 'add_ln58_6766' <Predicate = true> <Delay = 0.00> <CoreInst = "TAddSub">   --->   Core 10 'TAddSub' <Latency = 0> <II = 1> <Delay = 1.95> <IPBlock> <Opcode : '' 'add' 'sub'> <InPorts = 3> <OutPorts = 1> <Sync> <CReg>
ST_2 : Operation 1011 [1/1] (3.90ns) (root node of TernaryAdder)   --->   "%add_ln58_6767 = add i16 %add_ln58_6766, i16 %sext_ln42_151" [firmware/nnet_utils/nnet_dense_latency.h:58]   --->   Operation 1011 'add' 'add_ln58_6767' <Predicate = true> <Delay = 3.90> <CoreInst = "TAddSub">   --->   Core 10 'TAddSub' <Latency = 0> <II = 1> <Delay = 1.95> <IPBlock> <Opcode : '' 'add' 'sub'> <InPorts = 3> <OutPorts = 1> <Sync> <CReg>
ST_2 : Operation 1012 [1/1] (2.07ns)   --->   "%add_ln58_6769 = add i16 %mult_659, i16 %sext_ln42_188" [firmware/nnet_utils/nnet_dense_latency.h:58]   --->   Operation 1012 'add' 'add_ln58_6769' <Predicate = true> <Delay = 2.07> <CoreInst = "Adder">   --->   Core 1 'Adder' <Latency = 0> <II = 1> <Delay = 2.07> <FuncUnit> <Opcode : 'add' 'sub'> <InPorts = 2> <OutPorts = 1>
ST_2 : Operation 1013 [1/1] (0.00ns) (grouped into TernaryAdder)   --->   "%add_ln58_6771 = add i16 %sext_ln42_118, i16 %sext_ln42_150" [firmware/nnet_utils/nnet_dense_latency.h:58]   --->   Operation 1013 'add' 'add_ln58_6771' <Predicate = true> <Delay = 0.00> <CoreInst = "TAddSub">   --->   Core 10 'TAddSub' <Latency = 0> <II = 1> <Delay = 1.95> <IPBlock> <Opcode : '' 'add' 'sub'> <InPorts = 3> <OutPorts = 1> <Sync> <CReg>
ST_2 : Operation 1014 [1/1] (3.90ns) (root node of TernaryAdder)   --->   "%add_ln58_6772 = add i16 %add_ln58_6771, i16 %mult_699" [firmware/nnet_utils/nnet_dense_latency.h:58]   --->   Operation 1014 'add' 'add_ln58_6772' <Predicate = true> <Delay = 3.90> <CoreInst = "TAddSub">   --->   Core 10 'TAddSub' <Latency = 0> <II = 1> <Delay = 1.95> <IPBlock> <Opcode : '' 'add' 'sub'> <InPorts = 3> <OutPorts = 1> <Sync> <CReg>
ST_2 : Operation 1015 [1/1] (1.81ns)   --->   "%add_ln58_6775 = add i15 %sext_ln17, i15 %sext_ln17_512" [firmware/nnet_utils/nnet_dense_latency.h:58]   --->   Operation 1015 'add' 'add_ln58_6775' <Predicate = true> <Delay = 1.81> <CoreInst = "Adder">   --->   Core 1 'Adder' <Latency = 0> <II = 1> <Delay = 1.81> <FuncUnit> <Opcode : 'add' 'sub'> <InPorts = 2> <OutPorts = 1>
ST_2 : Operation 1016 [1/1] (1.81ns)   --->   "%add_ln58_6776 = add i15 %sext_ln17_546, i15 %sext_ln17_557" [firmware/nnet_utils/nnet_dense_latency.h:58]   --->   Operation 1016 'add' 'add_ln58_6776' <Predicate = true> <Delay = 1.81> <CoreInst = "Adder">   --->   Core 1 'Adder' <Latency = 0> <II = 1> <Delay = 1.81> <FuncUnit> <Opcode : 'add' 'sub'> <InPorts = 2> <OutPorts = 1>
ST_2 : Operation 1017 [1/1] (0.00ns)   --->   "%sext_ln58_2338 = sext i15 %add_ln58_6776" [firmware/nnet_utils/nnet_dense_latency.h:58]   --->   Operation 1017 'sext' 'sext_ln58_2338' <Predicate = true> <Delay = 0.00>
ST_2 : Operation 1018 [1/1] (1.94ns)   --->   "%add_ln58_6777 = add i16 %sext_ln58_2338, i16 %sext_ln42_126" [firmware/nnet_utils/nnet_dense_latency.h:58]   --->   Operation 1018 'add' 'add_ln58_6777' <Predicate = true> <Delay = 1.94> <CoreInst = "Adder">   --->   Core 1 'Adder' <Latency = 0> <II = 1> <Delay = 1.94> <FuncUnit> <Opcode : 'add' 'sub'> <InPorts = 2> <OutPorts = 1>
ST_2 : Operation 1019 [1/1] (0.00ns)   --->   "%sext_ln58_2340 = sext i15 %add_ln58_6780" [firmware/nnet_utils/nnet_dense_latency.h:58]   --->   Operation 1019 'sext' 'sext_ln58_2340' <Predicate = true> <Delay = 0.00>
ST_2 : Operation 1020 [1/1] (0.00ns)   --->   "%sext_ln58_2342 = sext i15 %add_ln58_6782" [firmware/nnet_utils/nnet_dense_latency.h:58]   --->   Operation 1020 'sext' 'sext_ln58_2342' <Predicate = true> <Delay = 0.00>
ST_2 : Operation 1021 [1/1] (1.94ns)   --->   "%add_ln58_6783 = add i16 %sext_ln58_2342, i16 %sext_ln58_2340" [firmware/nnet_utils/nnet_dense_latency.h:58]   --->   Operation 1021 'add' 'add_ln58_6783' <Predicate = true> <Delay = 1.94> <CoreInst = "Adder">   --->   Core 1 'Adder' <Latency = 0> <II = 1> <Delay = 1.94> <FuncUnit> <Opcode : 'add' 'sub'> <InPorts = 2> <OutPorts = 1>
ST_2 : Operation 1022 [1/1] (2.07ns)   --->   "%add_ln58_6787 = add i16 %mult_584, i16 %sext_ln42_177" [firmware/nnet_utils/nnet_dense_latency.h:58]   --->   Operation 1022 'add' 'add_ln58_6787' <Predicate = true> <Delay = 2.07> <CoreInst = "Adder">   --->   Core 1 'Adder' <Latency = 0> <II = 1> <Delay = 2.07> <FuncUnit> <Opcode : 'add' 'sub'> <InPorts = 2> <OutPorts = 1>
ST_2 : Operation 1023 [1/1] (0.00ns) (grouped into TernaryAdder)   --->   "%add_ln58_6789 = add i16 %sext_ln42_182, i16 %sext_ln42_189" [firmware/nnet_utils/nnet_dense_latency.h:58]   --->   Operation 1023 'add' 'add_ln58_6789' <Predicate = true> <Delay = 0.00> <CoreInst = "TAddSub">   --->   Core 10 'TAddSub' <Latency = 0> <II = 1> <Delay = 1.95> <IPBlock> <Opcode : '' 'add' 'sub'> <InPorts = 3> <OutPorts = 1> <Sync> <CReg>
ST_2 : Operation 1024 [1/1] (3.90ns) (root node of TernaryAdder)   --->   "%add_ln58_6792 = add i16 %add_ln58_6791, i16 %add_ln58_6789" [firmware/nnet_utils/nnet_dense_latency.h:58]   --->   Operation 1024 'add' 'add_ln58_6792' <Predicate = true> <Delay = 3.90> <CoreInst = "TAddSub">   --->   Core 10 'TAddSub' <Latency = 0> <II = 1> <Delay = 1.95> <IPBlock> <Opcode : '' 'add' 'sub'> <InPorts = 3> <OutPorts = 1> <Sync> <CReg>
ST_2 : Operation 1025 [1/1] (1.81ns)   --->   "%add_ln58_6794 = add i15 %sext_ln17_536, i15 %sext_ln17_542" [firmware/nnet_utils/nnet_dense_latency.h:58]   --->   Operation 1025 'add' 'add_ln58_6794' <Predicate = true> <Delay = 1.81> <CoreInst = "Adder">   --->   Core 1 'Adder' <Latency = 0> <II = 1> <Delay = 1.81> <FuncUnit> <Opcode : 'add' 'sub'> <InPorts = 2> <OutPorts = 1>
ST_2 : Operation 1026 [1/1] (1.81ns)   --->   "%add_ln58_6795 = add i15 %sext_ln17_555, i15 %sext_ln17_563" [firmware/nnet_utils/nnet_dense_latency.h:58]   --->   Operation 1026 'add' 'add_ln58_6795' <Predicate = true> <Delay = 1.81> <CoreInst = "Adder">   --->   Core 1 'Adder' <Latency = 0> <II = 1> <Delay = 1.81> <FuncUnit> <Opcode : 'add' 'sub'> <InPorts = 2> <OutPorts = 1>
ST_2 : Operation 1027 [1/1] (0.00ns)   --->   "%sext_ln58_2345 = sext i15 %add_ln58_6797" [firmware/nnet_utils/nnet_dense_latency.h:58]   --->   Operation 1027 'sext' 'sext_ln58_2345' <Predicate = true> <Delay = 0.00>
ST_2 : Operation 1028 [1/1] (0.00ns)   --->   "%sext_ln58_2347 = sext i15 %add_ln58_6799" [firmware/nnet_utils/nnet_dense_latency.h:58]   --->   Operation 1028 'sext' 'sext_ln58_2347' <Predicate = true> <Delay = 0.00>
ST_2 : Operation 1029 [1/1] (1.94ns)   --->   "%add_ln58_6800 = add i16 %sext_ln58_2347, i16 %sext_ln58_2345" [firmware/nnet_utils/nnet_dense_latency.h:58]   --->   Operation 1029 'add' 'add_ln58_6800' <Predicate = true> <Delay = 1.94> <CoreInst = "Adder">   --->   Core 1 'Adder' <Latency = 0> <II = 1> <Delay = 1.94> <FuncUnit> <Opcode : 'add' 'sub'> <InPorts = 2> <OutPorts = 1>
ST_2 : Operation 1030 [1/1] (2.07ns)   --->   "%add_ln58_6804 = add i16 %add_ln58_6301, i16 %mult_584" [firmware/nnet_utils/nnet_dense_latency.h:58]   --->   Operation 1030 'add' 'add_ln58_6804' <Predicate = true> <Delay = 2.07> <CoreInst = "Adder">   --->   Core 1 'Adder' <Latency = 0> <II = 1> <Delay = 2.07> <FuncUnit> <Opcode : 'add' 'sub'> <InPorts = 2> <OutPorts = 1>
ST_2 : Operation 1031 [1/1] (0.00ns) (grouped into TernaryAdder)   --->   "%add_ln58_6807 = add i16 %mult_676, i16 %sext_ln42_196" [firmware/nnet_utils/nnet_dense_latency.h:58]   --->   Operation 1031 'add' 'add_ln58_6807' <Predicate = true> <Delay = 0.00> <CoreInst = "TAddSub">   --->   Core 10 'TAddSub' <Latency = 0> <II = 1> <Delay = 1.95> <IPBlock> <Opcode : '' 'add' 'sub'> <InPorts = 3> <OutPorts = 1> <Sync> <CReg>
ST_2 : Operation 1032 [1/1] (3.90ns) (root node of TernaryAdder)   --->   "%add_ln58_6808 = add i16 %add_ln58_6807, i16 %sext_ln42_185" [firmware/nnet_utils/nnet_dense_latency.h:58]   --->   Operation 1032 'add' 'add_ln58_6808' <Predicate = true> <Delay = 3.90> <CoreInst = "TAddSub">   --->   Core 10 'TAddSub' <Latency = 0> <II = 1> <Delay = 1.95> <IPBlock> <Opcode : '' 'add' 'sub'> <InPorts = 3> <OutPorts = 1> <Sync> <CReg>
ST_2 : Operation 1033 [1/1] (1.94ns)   --->   "%add_ln58_6811 = add i16 %sext_ln42_125, i16 %sext_ln42_73" [firmware/nnet_utils/nnet_dense_latency.h:58]   --->   Operation 1033 'add' 'add_ln58_6811' <Predicate = true> <Delay = 1.94> <CoreInst = "Adder">   --->   Core 1 'Adder' <Latency = 0> <II = 1> <Delay = 1.94> <FuncUnit> <Opcode : 'add' 'sub'> <InPorts = 2> <OutPorts = 1>
ST_2 : Operation 1034 [1/1] (1.81ns)   --->   "%add_ln58_6812 = add i15 %sext_ln17_524, i15 %sext_ln17_531" [firmware/nnet_utils/nnet_dense_latency.h:58]   --->   Operation 1034 'add' 'add_ln58_6812' <Predicate = true> <Delay = 1.81> <CoreInst = "Adder">   --->   Core 1 'Adder' <Latency = 0> <II = 1> <Delay = 1.81> <FuncUnit> <Opcode : 'add' 'sub'> <InPorts = 2> <OutPorts = 1>
ST_2 : Operation 1035 [1/1] (0.00ns)   --->   "%sext_ln58_2348 = sext i15 %add_ln58_6812" [firmware/nnet_utils/nnet_dense_latency.h:58]   --->   Operation 1035 'sext' 'sext_ln58_2348' <Predicate = true> <Delay = 0.00>
ST_2 : Operation 1036 [1/1] (1.94ns)   --->   "%add_ln58_6813 = add i16 %sext_ln58_2348, i16 %sext_ln42_85" [firmware/nnet_utils/nnet_dense_latency.h:58]   --->   Operation 1036 'add' 'add_ln58_6813' <Predicate = true> <Delay = 1.94> <CoreInst = "Adder">   --->   Core 1 'Adder' <Latency = 0> <II = 1> <Delay = 1.94> <FuncUnit> <Opcode : 'add' 'sub'> <InPorts = 2> <OutPorts = 1>
ST_2 : Operation 1037 [1/1] (0.00ns)   --->   "%sext_ln58_2350 = sext i15 %add_ln58_6816" [firmware/nnet_utils/nnet_dense_latency.h:58]   --->   Operation 1037 'sext' 'sext_ln58_2350' <Predicate = true> <Delay = 0.00>
ST_2 : Operation 1038 [1/1] (0.00ns)   --->   "%sext_ln58_2351 = sext i15 %add_ln58_6817" [firmware/nnet_utils/nnet_dense_latency.h:58]   --->   Operation 1038 'sext' 'sext_ln58_2351' <Predicate = true> <Delay = 0.00>
ST_2 : Operation 1039 [1/1] (1.94ns)   --->   "%add_ln58_6818 = add i16 %sext_ln58_2351, i16 %sext_ln58_2350" [firmware/nnet_utils/nnet_dense_latency.h:58]   --->   Operation 1039 'add' 'add_ln58_6818' <Predicate = true> <Delay = 1.94> <CoreInst = "Adder">   --->   Core 1 'Adder' <Latency = 0> <II = 1> <Delay = 1.94> <FuncUnit> <Opcode : 'add' 'sub'> <InPorts = 2> <OutPorts = 1>
ST_2 : Operation 1040 [1/1] (1.94ns)   --->   "%add_ln58_6822 = add i16 %sext_ln42_151, i16 %sext_ln42_157" [firmware/nnet_utils/nnet_dense_latency.h:58]   --->   Operation 1040 'add' 'add_ln58_6822' <Predicate = true> <Delay = 1.94> <CoreInst = "Adder">   --->   Core 1 'Adder' <Latency = 0> <II = 1> <Delay = 1.94> <FuncUnit> <Opcode : 'add' 'sub'> <InPorts = 2> <OutPorts = 1>
ST_2 : Operation 1041 [1/1] (0.00ns) (grouped into TernaryAdder)   --->   "%add_ln58_6825 = add i16 %sext_ln42_173, i16 %mult_642" [firmware/nnet_utils/nnet_dense_latency.h:58]   --->   Operation 1041 'add' 'add_ln58_6825' <Predicate = true> <Delay = 0.00> <CoreInst = "TAddSub">   --->   Core 10 'TAddSub' <Latency = 0> <II = 1> <Delay = 1.95> <IPBlock> <Opcode : '' 'add' 'sub'> <InPorts = 3> <OutPorts = 1> <Sync> <CReg>
ST_2 : Operation 1042 [1/1] (3.90ns) (root node of TernaryAdder)   --->   "%add_ln58_6826 = add i16 %add_ln58_6825, i16 %sext_ln42_169" [firmware/nnet_utils/nnet_dense_latency.h:58]   --->   Operation 1042 'add' 'add_ln58_6826' <Predicate = true> <Delay = 3.90> <CoreInst = "TAddSub">   --->   Core 10 'TAddSub' <Latency = 0> <II = 1> <Delay = 1.95> <IPBlock> <Opcode : '' 'add' 'sub'> <InPorts = 3> <OutPorts = 1> <Sync> <CReg>
ST_2 : Operation 1043 [1/1] (2.07ns)   --->   "%add_ln58_6829 = add i16 %sext_ln42_187, i16 %mult_683" [firmware/nnet_utils/nnet_dense_latency.h:58]   --->   Operation 1043 'add' 'add_ln58_6829' <Predicate = true> <Delay = 2.07> <CoreInst = "Adder">   --->   Core 1 'Adder' <Latency = 0> <II = 1> <Delay = 2.07> <FuncUnit> <Opcode : 'add' 'sub'> <InPorts = 2> <OutPorts = 1>
ST_2 : Operation 1044 [1/1] (2.07ns)   --->   "%add_ln58_6830 = add i16 %mult_692, i16 %sext_ln42_80" [firmware/nnet_utils/nnet_dense_latency.h:58]   --->   Operation 1044 'add' 'add_ln58_6830' <Predicate = true> <Delay = 2.07> <CoreInst = "Adder">   --->   Core 1 'Adder' <Latency = 0> <II = 1> <Delay = 2.07> <FuncUnit> <Opcode : 'add' 'sub'> <InPorts = 2> <OutPorts = 1>
ST_2 : Operation 1045 [1/1] (0.00ns) (grouped into TernaryAdder)   --->   "%add_ln58_6832 = add i16 %sext_ln42_141, i16 %sext_ln42_85" [firmware/nnet_utils/nnet_dense_latency.h:58]   --->   Operation 1045 'add' 'add_ln58_6832' <Predicate = true> <Delay = 0.00> <CoreInst = "TAddSub">   --->   Core 10 'TAddSub' <Latency = 0> <II = 1> <Delay = 1.95> <IPBlock> <Opcode : '' 'add' 'sub'> <InPorts = 3> <OutPorts = 1> <Sync> <CReg>
ST_2 : Operation 1046 [1/1] (3.90ns) (root node of TernaryAdder)   --->   "%add_ln58_6835 = add i16 %add_ln58_6834, i16 %add_ln58_6832" [firmware/nnet_utils/nnet_dense_latency.h:58]   --->   Operation 1046 'add' 'add_ln58_6835' <Predicate = true> <Delay = 3.90> <CoreInst = "TAddSub">   --->   Core 10 'TAddSub' <Latency = 0> <II = 1> <Delay = 1.95> <IPBlock> <Opcode : '' 'add' 'sub'> <InPorts = 3> <OutPorts = 1> <Sync> <CReg>

State 3 <SV = 2> <Delay = 3.90>
ST_3 : Operation 1047 [1/1] (0.00ns)   --->   "%sext_ln42_123 = sext i14 %mult_507" [firmware/nnet_utils/nnet_dense_latency.h:42]   --->   Operation 1047 'sext' 'sext_ln42_123' <Predicate = true> <Delay = 0.00>
ST_3 : Operation 1048 [1/1] (0.00ns)   --->   "%sext_ln42_124 = sext i15 %mult_508" [firmware/nnet_utils/nnet_dense_latency.h:42]   --->   Operation 1048 'sext' 'sext_ln42_124' <Predicate = true> <Delay = 0.00>
ST_3 : Operation 1049 [1/1] (0.00ns)   --->   "%sext_ln42_163 = sext i14 %mult_585" [firmware/nnet_utils/nnet_dense_latency.h:42]   --->   Operation 1049 'sext' 'sext_ln42_163' <Predicate = true> <Delay = 0.00>
ST_3 : Operation 1050 [1/1] (0.00ns) (grouped into TernaryAdder)   --->   "%add_ln58_6279 = add i16 %sext_ln42_131, i16 %mult_535" [firmware/nnet_utils/nnet_dense_latency.h:58]   --->   Operation 1050 'add' 'add_ln58_6279' <Predicate = true> <Delay = 0.00> <CoreInst = "TAddSub">   --->   Core 10 'TAddSub' <Latency = 0> <II = 1> <Delay = 1.95> <IPBlock> <Opcode : '' 'add' 'sub'> <InPorts = 3> <OutPorts = 1> <Sync> <CReg>
ST_3 : Operation 1051 [1/1] (3.90ns) (root node of TernaryAdder)   --->   "%add_ln58_6281 = add i16 %add_ln58_6280, i16 %add_ln58_6279" [firmware/nnet_utils/nnet_dense_latency.h:58]   --->   Operation 1051 'add' 'add_ln58_6281' <Predicate = true> <Delay = 3.90> <CoreInst = "TAddSub">   --->   Core 10 'TAddSub' <Latency = 0> <II = 1> <Delay = 1.95> <IPBlock> <Opcode : '' 'add' 'sub'> <InPorts = 3> <OutPorts = 1> <Sync> <CReg>
ST_3 : Operation 1052 [1/1] (0.00ns) (grouped into TernaryAdder)   --->   "%add_ln58_6282 = add i16 %mult_589, i16 %sext_ln42_170" [firmware/nnet_utils/nnet_dense_latency.h:58]   --->   Operation 1052 'add' 'add_ln58_6282' <Predicate = true> <Delay = 0.00> <CoreInst = "TAddSub">   --->   Core 10 'TAddSub' <Latency = 0> <II = 1> <Delay = 1.95> <IPBlock> <Opcode : '' 'add' 'sub'> <InPorts = 3> <OutPorts = 1> <Sync> <CReg>
ST_3 : Operation 1053 [1/1] (3.90ns) (root node of TernaryAdder)   --->   "%add_ln58_6284 = add i16 %add_ln58_6283, i16 %add_ln58_6282" [firmware/nnet_utils/nnet_dense_latency.h:58]   --->   Operation 1053 'add' 'add_ln58_6284' <Predicate = true> <Delay = 3.90> <CoreInst = "TAddSub">   --->   Core 10 'TAddSub' <Latency = 0> <II = 1> <Delay = 1.95> <IPBlock> <Opcode : '' 'add' 'sub'> <InPorts = 3> <OutPorts = 1> <Sync> <CReg>
ST_3 : Operation 1054 [1/1] (0.00ns) (grouped into TernaryAdder)   --->   "%add_ln58_6288 = add i16 %add_ln58_6287, i16 %add_ln58_6286" [firmware/nnet_utils/nnet_dense_latency.h:58]   --->   Operation 1054 'add' 'add_ln58_6288' <Predicate = true> <Delay = 0.00> <CoreInst = "TAddSub">   --->   Core 10 'TAddSub' <Latency = 0> <II = 1> <Delay = 1.95> <IPBlock> <Opcode : '' 'add' 'sub'> <InPorts = 3> <OutPorts = 1> <Sync> <CReg>
ST_3 : Operation 1055 [1/1] (3.90ns) (root node of TernaryAdder)   --->   "%add_ln58_6293 = add i16 %add_ln58_6292, i16 %add_ln58_6288" [firmware/nnet_utils/nnet_dense_latency.h:58]   --->   Operation 1055 'add' 'add_ln58_6293' <Predicate = true> <Delay = 3.90> <CoreInst = "TAddSub">   --->   Core 10 'TAddSub' <Latency = 0> <II = 1> <Delay = 1.95> <IPBlock> <Opcode : '' 'add' 'sub'> <InPorts = 3> <OutPorts = 1> <Sync> <CReg>
ST_3 : Operation 1056 [1/1] (0.00ns) (grouped into TernaryAdder)   --->   "%add_ln58_6295 = add i16 %mult_533, i16 %sext_ln42_149" [firmware/nnet_utils/nnet_dense_latency.h:58]   --->   Operation 1056 'add' 'add_ln58_6295' <Predicate = true> <Delay = 0.00> <CoreInst = "TAddSub">   --->   Core 10 'TAddSub' <Latency = 0> <II = 1> <Delay = 1.95> <IPBlock> <Opcode : '' 'add' 'sub'> <InPorts = 3> <OutPorts = 1> <Sync> <CReg>
ST_3 : Operation 1057 [1/1] (3.90ns) (root node of TernaryAdder)   --->   "%add_ln58_6296 = add i16 %add_ln58_6295, i16 %add_ln58" [firmware/nnet_utils/nnet_dense_latency.h:58]   --->   Operation 1057 'add' 'add_ln58_6296' <Predicate = true> <Delay = 3.90> <CoreInst = "TAddSub">   --->   Core 10 'TAddSub' <Latency = 0> <II = 1> <Delay = 1.95> <IPBlock> <Opcode : '' 'add' 'sub'> <InPorts = 3> <OutPorts = 1> <Sync> <CReg>
ST_3 : Operation 1058 [1/1] (0.00ns) (grouped into TernaryAdder)   --->   "%add_ln58_6297 = add i16 %mult_559, i16 %mult_569" [firmware/nnet_utils/nnet_dense_latency.h:58]   --->   Operation 1058 'add' 'add_ln58_6297' <Predicate = true> <Delay = 0.00> <CoreInst = "TAddSub">   --->   Core 10 'TAddSub' <Latency = 0> <II = 1> <Delay = 1.95> <IPBlock> <Opcode : '' 'add' 'sub'> <InPorts = 3> <OutPorts = 1> <Sync> <CReg>
ST_3 : Operation 1059 [1/1] (3.90ns) (root node of TernaryAdder)   --->   "%add_ln58_6299 = add i16 %add_ln58_6298, i16 %add_ln58_6297" [firmware/nnet_utils/nnet_dense_latency.h:58]   --->   Operation 1059 'add' 'add_ln58_6299' <Predicate = true> <Delay = 3.90> <CoreInst = "TAddSub">   --->   Core 10 'TAddSub' <Latency = 0> <II = 1> <Delay = 1.95> <IPBlock> <Opcode : '' 'add' 'sub'> <InPorts = 3> <OutPorts = 1> <Sync> <CReg>
ST_3 : Operation 1060 [1/1] (0.00ns) (grouped into TernaryAdder)   --->   "%add_ln58_6303 = add i16 %add_ln58_6302, i16 %add_ln58_6301" [firmware/nnet_utils/nnet_dense_latency.h:58]   --->   Operation 1060 'add' 'add_ln58_6303' <Predicate = true> <Delay = 0.00> <CoreInst = "TAddSub">   --->   Core 10 'TAddSub' <Latency = 0> <II = 1> <Delay = 1.95> <IPBlock> <Opcode : '' 'add' 'sub'> <InPorts = 3> <OutPorts = 1> <Sync> <CReg>
ST_3 : Operation 1061 [1/1] (3.90ns) (root node of TernaryAdder)   --->   "%add_ln58_6307 = add i16 %add_ln58_6306, i16 %add_ln58_6303" [firmware/nnet_utils/nnet_dense_latency.h:58]   --->   Operation 1061 'add' 'add_ln58_6307' <Predicate = true> <Delay = 3.90> <CoreInst = "TAddSub">   --->   Core 10 'TAddSub' <Latency = 0> <II = 1> <Delay = 1.95> <IPBlock> <Opcode : '' 'add' 'sub'> <InPorts = 3> <OutPorts = 1> <Sync> <CReg>
ST_3 : Operation 1062 [1/1] (0.00ns) (grouped into TernaryAdder)   --->   "%add_ln58_6309 = add i16 %mult_517, i16 %sext_ln42_124" [firmware/nnet_utils/nnet_dense_latency.h:58]   --->   Operation 1062 'add' 'add_ln58_6309' <Predicate = true> <Delay = 0.00> <CoreInst = "TAddSub">   --->   Core 10 'TAddSub' <Latency = 0> <II = 1> <Delay = 1.95> <IPBlock> <Opcode : '' 'add' 'sub'> <InPorts = 3> <OutPorts = 1> <Sync> <CReg>
ST_3 : Operation 1063 [1/1] (3.90ns) (root node of TernaryAdder)   --->   "%add_ln58_6311 = add i16 %add_ln58_6310, i16 %add_ln58_6309" [firmware/nnet_utils/nnet_dense_latency.h:58]   --->   Operation 1063 'add' 'add_ln58_6311' <Predicate = true> <Delay = 3.90> <CoreInst = "TAddSub">   --->   Core 10 'TAddSub' <Latency = 0> <II = 1> <Delay = 1.95> <IPBlock> <Opcode : '' 'add' 'sub'> <InPorts = 3> <OutPorts = 1> <Sync> <CReg>
ST_3 : Operation 1064 [1/1] (0.00ns) (grouped into TernaryAdder)   --->   "%add_ln58_6314 = add i16 %add_ln58_6313, i16 %sext_ln42_180" [firmware/nnet_utils/nnet_dense_latency.h:58]   --->   Operation 1064 'add' 'add_ln58_6314' <Predicate = true> <Delay = 0.00> <CoreInst = "TAddSub">   --->   Core 10 'TAddSub' <Latency = 0> <II = 1> <Delay = 1.95> <IPBlock> <Opcode : '' 'add' 'sub'> <InPorts = 3> <OutPorts = 1> <Sync> <CReg>
ST_3 : Operation 1065 [1/1] (3.90ns) (root node of TernaryAdder)   --->   "%add_ln58_6315 = add i16 %add_ln58_6314, i16 %add_ln58_6312" [firmware/nnet_utils/nnet_dense_latency.h:58]   --->   Operation 1065 'add' 'add_ln58_6315' <Predicate = true> <Delay = 3.90> <CoreInst = "TAddSub">   --->   Core 10 'TAddSub' <Latency = 0> <II = 1> <Delay = 1.95> <IPBlock> <Opcode : '' 'add' 'sub'> <InPorts = 3> <OutPorts = 1> <Sync> <CReg>
ST_3 : Operation 1066 [1/1] (0.00ns) (grouped into TernaryAdder)   --->   "%add_ln58_6320 = add i16 %add_ln58_6319, i16 %add_ln58_6317" [firmware/nnet_utils/nnet_dense_latency.h:58]   --->   Operation 1066 'add' 'add_ln58_6320' <Predicate = true> <Delay = 0.00> <CoreInst = "TAddSub">   --->   Core 10 'TAddSub' <Latency = 0> <II = 1> <Delay = 1.95> <IPBlock> <Opcode : '' 'add' 'sub'> <InPorts = 3> <OutPorts = 1> <Sync> <CReg>
ST_3 : Operation 1067 [1/1] (3.90ns) (root node of TernaryAdder)   --->   "%add_ln58_6325 = add i16 %add_ln58_6324, i16 %add_ln58_6320" [firmware/nnet_utils/nnet_dense_latency.h:58]   --->   Operation 1067 'add' 'add_ln58_6325' <Predicate = true> <Delay = 3.90> <CoreInst = "TAddSub">   --->   Core 10 'TAddSub' <Latency = 0> <II = 1> <Delay = 1.95> <IPBlock> <Opcode : '' 'add' 'sub'> <InPorts = 3> <OutPorts = 1> <Sync> <CReg>
ST_3 : Operation 1068 [1/1] (0.00ns) (grouped into TernaryAdder)   --->   "%add_ln58_6327 = add i16 %add_ln58_6277, i16 %sext_ln42_131" [firmware/nnet_utils/nnet_dense_latency.h:58]   --->   Operation 1068 'add' 'add_ln58_6327' <Predicate = true> <Delay = 0.00> <CoreInst = "TAddSub">   --->   Core 10 'TAddSub' <Latency = 0> <II = 1> <Delay = 1.95> <IPBlock> <Opcode : '' 'add' 'sub'> <InPorts = 3> <OutPorts = 1> <Sync> <CReg>
ST_3 : Operation 1069 [1/1] (3.90ns) (root node of TernaryAdder)   --->   "%add_ln58_6329 = add i16 %add_ln58_6328, i16 %add_ln58_6327" [firmware/nnet_utils/nnet_dense_latency.h:58]   --->   Operation 1069 'add' 'add_ln58_6329' <Predicate = true> <Delay = 3.90> <CoreInst = "TAddSub">   --->   Core 10 'TAddSub' <Latency = 0> <II = 1> <Delay = 1.95> <IPBlock> <Opcode : '' 'add' 'sub'> <InPorts = 3> <OutPorts = 1> <Sync> <CReg>
ST_3 : Operation 1070 [1/1] (0.00ns) (grouped into TernaryAdder)   --->   "%add_ln58_6330 = add i16 %mult_601, i16 %mult_608" [firmware/nnet_utils/nnet_dense_latency.h:58]   --->   Operation 1070 'add' 'add_ln58_6330' <Predicate = true> <Delay = 0.00> <CoreInst = "TAddSub">   --->   Core 10 'TAddSub' <Latency = 0> <II = 1> <Delay = 1.95> <IPBlock> <Opcode : '' 'add' 'sub'> <InPorts = 3> <OutPorts = 1> <Sync> <CReg>
ST_3 : Operation 1071 [1/1] (3.90ns) (root node of TernaryAdder)   --->   "%add_ln58_6332 = add i16 %add_ln58_6331, i16 %add_ln58_6330" [firmware/nnet_utils/nnet_dense_latency.h:58]   --->   Operation 1071 'add' 'add_ln58_6332' <Predicate = true> <Delay = 3.90> <CoreInst = "TAddSub">   --->   Core 10 'TAddSub' <Latency = 0> <II = 1> <Delay = 1.95> <IPBlock> <Opcode : '' 'add' 'sub'> <InPorts = 3> <OutPorts = 1> <Sync> <CReg>
ST_3 : Operation 1072 [1/1] (0.00ns) (grouped into TernaryAdder)   --->   "%add_ln58_6335 = add i16 %sext_ln58_2267, i16 %add_ln58_6334" [firmware/nnet_utils/nnet_dense_latency.h:58]   --->   Operation 1072 'add' 'add_ln58_6335' <Predicate = true> <Delay = 0.00> <CoreInst = "TAddSub">   --->   Core 10 'TAddSub' <Latency = 0> <II = 1> <Delay = 1.95> <IPBlock> <Opcode : '' 'add' 'sub'> <InPorts = 3> <OutPorts = 1> <Sync> <CReg>
ST_3 : Operation 1073 [1/1] (3.90ns) (root node of TernaryAdder)   --->   "%add_ln58_6339 = add i16 %add_ln58_6338, i16 %add_ln58_6335" [firmware/nnet_utils/nnet_dense_latency.h:58]   --->   Operation 1073 'add' 'add_ln58_6339' <Predicate = true> <Delay = 3.90> <CoreInst = "TAddSub">   --->   Core 10 'TAddSub' <Latency = 0> <II = 1> <Delay = 1.95> <IPBlock> <Opcode : '' 'add' 'sub'> <InPorts = 3> <OutPorts = 1> <Sync> <CReg>
ST_3 : Operation 1074 [1/1] (0.00ns) (grouped into TernaryAdder)   --->   "%add_ln58_6341 = add i16 %add_ln58, i16 %sext_ln42_135" [firmware/nnet_utils/nnet_dense_latency.h:58]   --->   Operation 1074 'add' 'add_ln58_6341' <Predicate = true> <Delay = 0.00> <CoreInst = "TAddSub">   --->   Core 10 'TAddSub' <Latency = 0> <II = 1> <Delay = 1.95> <IPBlock> <Opcode : '' 'add' 'sub'> <InPorts = 3> <OutPorts = 1> <Sync> <CReg>
ST_3 : Operation 1075 [1/1] (3.90ns) (root node of TernaryAdder)   --->   "%add_ln58_6343 = add i16 %add_ln58_6342, i16 %add_ln58_6341" [firmware/nnet_utils/nnet_dense_latency.h:58]   --->   Operation 1075 'add' 'add_ln58_6343' <Predicate = true> <Delay = 3.90> <CoreInst = "TAddSub">   --->   Core 10 'TAddSub' <Latency = 0> <II = 1> <Delay = 1.95> <IPBlock> <Opcode : '' 'add' 'sub'> <InPorts = 3> <OutPorts = 1> <Sync> <CReg>
ST_3 : Operation 1076 [1/1] (0.00ns) (grouped into TernaryAdder)   --->   "%add_ln58_6344 = add i16 %mult_576, i16 %sext_ln42_163" [firmware/nnet_utils/nnet_dense_latency.h:58]   --->   Operation 1076 'add' 'add_ln58_6344' <Predicate = true> <Delay = 0.00> <CoreInst = "TAddSub">   --->   Core 10 'TAddSub' <Latency = 0> <II = 1> <Delay = 1.95> <IPBlock> <Opcode : '' 'add' 'sub'> <InPorts = 3> <OutPorts = 1> <Sync> <CReg>
ST_3 : Operation 1077 [1/1] (3.90ns) (root node of TernaryAdder)   --->   "%add_ln58_6346 = add i16 %add_ln58_6345, i16 %add_ln58_6344" [firmware/nnet_utils/nnet_dense_latency.h:58]   --->   Operation 1077 'add' 'add_ln58_6346' <Predicate = true> <Delay = 3.90> <CoreInst = "TAddSub">   --->   Core 10 'TAddSub' <Latency = 0> <II = 1> <Delay = 1.95> <IPBlock> <Opcode : '' 'add' 'sub'> <InPorts = 3> <OutPorts = 1> <Sync> <CReg>
ST_3 : Operation 1078 [1/1] (0.00ns)   --->   "%sext_ln58_3066 = sext i15 %add_ln58_6348" [firmware/nnet_utils/nnet_dense_latency.h:58]   --->   Operation 1078 'sext' 'sext_ln58_3066' <Predicate = true> <Delay = 0.00>
ST_3 : Operation 1079 [1/1] (0.00ns) (grouped into TernaryAdder)   --->   "%add_ln58_6351 = add i16 %add_ln58_6350, i16 %sext_ln58_3066" [firmware/nnet_utils/nnet_dense_latency.h:58]   --->   Operation 1079 'add' 'add_ln58_6351' <Predicate = true> <Delay = 0.00> <CoreInst = "TAddSub">   --->   Core 10 'TAddSub' <Latency = 0> <II = 1> <Delay = 1.95> <IPBlock> <Opcode : '' 'add' 'sub'> <InPorts = 3> <OutPorts = 1> <Sync> <CReg>
ST_3 : Operation 1080 [1/1] (3.90ns) (root node of TernaryAdder)   --->   "%add_ln58_6356 = add i16 %add_ln58_6355, i16 %add_ln58_6351" [firmware/nnet_utils/nnet_dense_latency.h:58]   --->   Operation 1080 'add' 'add_ln58_6356' <Predicate = true> <Delay = 3.90> <CoreInst = "TAddSub">   --->   Core 10 'TAddSub' <Latency = 0> <II = 1> <Delay = 1.95> <IPBlock> <Opcode : '' 'add' 'sub'> <InPorts = 3> <OutPorts = 1> <Sync> <CReg>
ST_3 : Operation 1081 [1/1] (0.00ns) (grouped into TernaryAdder)   --->   "%add_ln58_6358 = add i16 %sext_ln58_3064, i16 %sext_ln42_155" [firmware/nnet_utils/nnet_dense_latency.h:58]   --->   Operation 1081 'add' 'add_ln58_6358' <Predicate = true> <Delay = 0.00> <CoreInst = "TAddSub">   --->   Core 10 'TAddSub' <Latency = 0> <II = 1> <Delay = 1.95> <IPBlock> <Opcode : '' 'add' 'sub'> <InPorts = 3> <OutPorts = 1> <Sync> <CReg>
ST_3 : Operation 1082 [1/1] (3.90ns) (root node of TernaryAdder)   --->   "%add_ln58_6361 = add i16 %add_ln58_6360, i16 %add_ln58_6358" [firmware/nnet_utils/nnet_dense_latency.h:58]   --->   Operation 1082 'add' 'add_ln58_6361' <Predicate = true> <Delay = 3.90> <CoreInst = "TAddSub">   --->   Core 10 'TAddSub' <Latency = 0> <II = 1> <Delay = 1.95> <IPBlock> <Opcode : '' 'add' 'sub'> <InPorts = 3> <OutPorts = 1> <Sync> <CReg>
ST_3 : Operation 1083 [1/1] (0.00ns) (grouped into TernaryAdder)   --->   "%add_ln58_6362 = add i16 %mult_613, i16 %mult_630" [firmware/nnet_utils/nnet_dense_latency.h:58]   --->   Operation 1083 'add' 'add_ln58_6362' <Predicate = true> <Delay = 0.00> <CoreInst = "TAddSub">   --->   Core 10 'TAddSub' <Latency = 0> <II = 1> <Delay = 1.95> <IPBlock> <Opcode : '' 'add' 'sub'> <InPorts = 3> <OutPorts = 1> <Sync> <CReg>
ST_3 : Operation 1084 [1/1] (3.90ns) (root node of TernaryAdder)   --->   "%add_ln58_6365 = add i16 %add_ln58_6364, i16 %add_ln58_6362" [firmware/nnet_utils/nnet_dense_latency.h:58]   --->   Operation 1084 'add' 'add_ln58_6365' <Predicate = true> <Delay = 3.90> <CoreInst = "TAddSub">   --->   Core 10 'TAddSub' <Latency = 0> <II = 1> <Delay = 1.95> <IPBlock> <Opcode : '' 'add' 'sub'> <InPorts = 3> <OutPorts = 1> <Sync> <CReg>
ST_3 : Operation 1085 [1/1] (0.00ns) (grouped into TernaryAdder)   --->   "%add_ln58_6370 = add i16 %add_ln58_6369, i16 %add_ln58_6367" [firmware/nnet_utils/nnet_dense_latency.h:58]   --->   Operation 1085 'add' 'add_ln58_6370' <Predicate = true> <Delay = 0.00> <CoreInst = "TAddSub">   --->   Core 10 'TAddSub' <Latency = 0> <II = 1> <Delay = 1.95> <IPBlock> <Opcode : '' 'add' 'sub'> <InPorts = 3> <OutPorts = 1> <Sync> <CReg>
ST_3 : Operation 1086 [1/1] (3.90ns) (root node of TernaryAdder)   --->   "%add_ln58_6375 = add i16 %add_ln58_6374, i16 %add_ln58_6370" [firmware/nnet_utils/nnet_dense_latency.h:58]   --->   Operation 1086 'add' 'add_ln58_6375' <Predicate = true> <Delay = 3.90> <CoreInst = "TAddSub">   --->   Core 10 'TAddSub' <Latency = 0> <II = 1> <Delay = 1.95> <IPBlock> <Opcode : '' 'add' 'sub'> <InPorts = 3> <OutPorts = 1> <Sync> <CReg>
ST_3 : Operation 1087 [1/1] (0.00ns) (grouped into TernaryAdder)   --->   "%add_ln58_6377 = add i16 %mult_516, i16 %sext_ln42_123" [firmware/nnet_utils/nnet_dense_latency.h:58]   --->   Operation 1087 'add' 'add_ln58_6377' <Predicate = true> <Delay = 0.00> <CoreInst = "TAddSub">   --->   Core 10 'TAddSub' <Latency = 0> <II = 1> <Delay = 1.95> <IPBlock> <Opcode : '' 'add' 'sub'> <InPorts = 3> <OutPorts = 1> <Sync> <CReg>
ST_3 : Operation 1088 [1/1] (3.90ns) (root node of TernaryAdder)   --->   "%add_ln58_6380 = add i16 %add_ln58_6379, i16 %add_ln58_6377" [firmware/nnet_utils/nnet_dense_latency.h:58]   --->   Operation 1088 'add' 'add_ln58_6380' <Predicate = true> <Delay = 3.90> <CoreInst = "TAddSub">   --->   Core 10 'TAddSub' <Latency = 0> <II = 1> <Delay = 1.95> <IPBlock> <Opcode : '' 'add' 'sub'> <InPorts = 3> <OutPorts = 1> <Sync> <CReg>
ST_3 : Operation 1089 [1/1] (0.00ns) (grouped into TernaryAdder)   --->   "%add_ln58_6381 = add i16 %sext_ln42_157, i16 %sext_ln42_163" [firmware/nnet_utils/nnet_dense_latency.h:58]   --->   Operation 1089 'add' 'add_ln58_6381' <Predicate = true> <Delay = 0.00> <CoreInst = "TAddSub">   --->   Core 10 'TAddSub' <Latency = 0> <II = 1> <Delay = 1.95> <IPBlock> <Opcode : '' 'add' 'sub'> <InPorts = 3> <OutPorts = 1> <Sync> <CReg>
ST_3 : Operation 1090 [1/1] (3.90ns) (root node of TernaryAdder)   --->   "%add_ln58_6384 = add i16 %add_ln58_6383, i16 %add_ln58_6381" [firmware/nnet_utils/nnet_dense_latency.h:58]   --->   Operation 1090 'add' 'add_ln58_6384' <Predicate = true> <Delay = 3.90> <CoreInst = "TAddSub">   --->   Core 10 'TAddSub' <Latency = 0> <II = 1> <Delay = 1.95> <IPBlock> <Opcode : '' 'add' 'sub'> <InPorts = 3> <OutPorts = 1> <Sync> <CReg>
ST_3 : Operation 1091 [1/1] (0.00ns) (grouped into TernaryAdder)   --->   "%add_ln58_6389 = add i16 %add_ln58_6388, i16 %add_ln58_6386" [firmware/nnet_utils/nnet_dense_latency.h:58]   --->   Operation 1091 'add' 'add_ln58_6389' <Predicate = true> <Delay = 0.00> <CoreInst = "TAddSub">   --->   Core 10 'TAddSub' <Latency = 0> <II = 1> <Delay = 1.95> <IPBlock> <Opcode : '' 'add' 'sub'> <InPorts = 3> <OutPorts = 1> <Sync> <CReg>
ST_3 : Operation 1092 [1/1] (3.90ns) (root node of TernaryAdder)   --->   "%add_ln58_6394 = add i16 %add_ln58_6393, i16 %add_ln58_6389" [firmware/nnet_utils/nnet_dense_latency.h:58]   --->   Operation 1092 'add' 'add_ln58_6394' <Predicate = true> <Delay = 3.90> <CoreInst = "TAddSub">   --->   Core 10 'TAddSub' <Latency = 0> <II = 1> <Delay = 1.95> <IPBlock> <Opcode : '' 'add' 'sub'> <InPorts = 3> <OutPorts = 1> <Sync> <CReg>
ST_3 : Operation 1093 [1/1] (0.00ns) (grouped into TernaryAdder)   --->   "%add_ln58_6396 = add i16 %mult_525, i16 %sext_ln42_135" [firmware/nnet_utils/nnet_dense_latency.h:58]   --->   Operation 1093 'add' 'add_ln58_6396' <Predicate = true> <Delay = 0.00> <CoreInst = "TAddSub">   --->   Core 10 'TAddSub' <Latency = 0> <II = 1> <Delay = 1.95> <IPBlock> <Opcode : '' 'add' 'sub'> <InPorts = 3> <OutPorts = 1> <Sync> <CReg>
ST_3 : Operation 1094 [1/1] (0.00ns)   --->   "%sext_ln58_3069 = sext i15 %add_ln58_6397" [firmware/nnet_utils/nnet_dense_latency.h:58]   --->   Operation 1094 'sext' 'sext_ln58_3069' <Predicate = true> <Delay = 0.00>
ST_3 : Operation 1095 [1/1] (3.90ns) (root node of TernaryAdder)   --->   "%add_ln58_6398 = add i16 %sext_ln58_3069, i16 %add_ln58_6396" [firmware/nnet_utils/nnet_dense_latency.h:58]   --->   Operation 1095 'add' 'add_ln58_6398' <Predicate = true> <Delay = 3.90> <CoreInst = "TAddSub">   --->   Core 10 'TAddSub' <Latency = 0> <II = 1> <Delay = 1.95> <IPBlock> <Opcode : '' 'add' 'sub'> <InPorts = 3> <OutPorts = 1> <Sync> <CReg>
ST_3 : Operation 1096 [1/1] (0.00ns) (grouped into TernaryAdder)   --->   "%add_ln58_6399 = add i16 %mult_587, i16 %mult_598" [firmware/nnet_utils/nnet_dense_latency.h:58]   --->   Operation 1096 'add' 'add_ln58_6399' <Predicate = true> <Delay = 0.00> <CoreInst = "TAddSub">   --->   Core 10 'TAddSub' <Latency = 0> <II = 1> <Delay = 1.95> <IPBlock> <Opcode : '' 'add' 'sub'> <InPorts = 3> <OutPorts = 1> <Sync> <CReg>
ST_3 : Operation 1097 [1/1] (3.90ns) (root node of TernaryAdder)   --->   "%add_ln58_6402 = add i16 %add_ln58_6401, i16 %add_ln58_6399" [firmware/nnet_utils/nnet_dense_latency.h:58]   --->   Operation 1097 'add' 'add_ln58_6402' <Predicate = true> <Delay = 3.90> <CoreInst = "TAddSub">   --->   Core 10 'TAddSub' <Latency = 0> <II = 1> <Delay = 1.95> <IPBlock> <Opcode : '' 'add' 'sub'> <InPorts = 3> <OutPorts = 1> <Sync> <CReg>
ST_3 : Operation 1098 [1/1] (0.00ns) (grouped into TernaryAdder)   --->   "%add_ln58_6406 = add i16 %add_ln58_6405, i16 %add_ln58_6404" [firmware/nnet_utils/nnet_dense_latency.h:58]   --->   Operation 1098 'add' 'add_ln58_6406' <Predicate = true> <Delay = 0.00> <CoreInst = "TAddSub">   --->   Core 10 'TAddSub' <Latency = 0> <II = 1> <Delay = 1.95> <IPBlock> <Opcode : '' 'add' 'sub'> <InPorts = 3> <OutPorts = 1> <Sync> <CReg>
ST_3 : Operation 1099 [1/1] (3.90ns) (root node of TernaryAdder)   --->   "%add_ln58_6411 = add i16 %add_ln58_6410, i16 %add_ln58_6406" [firmware/nnet_utils/nnet_dense_latency.h:58]   --->   Operation 1099 'add' 'add_ln58_6411' <Predicate = true> <Delay = 3.90> <CoreInst = "TAddSub">   --->   Core 10 'TAddSub' <Latency = 0> <II = 1> <Delay = 1.95> <IPBlock> <Opcode : '' 'add' 'sub'> <InPorts = 3> <OutPorts = 1> <Sync> <CReg>
ST_3 : Operation 1100 [1/1] (0.00ns) (grouped into TernaryAdder)   --->   "%add_ln58_6413 = add i16 %mult_516, i16 %sext_ln42_124" [firmware/nnet_utils/nnet_dense_latency.h:58]   --->   Operation 1100 'add' 'add_ln58_6413' <Predicate = true> <Delay = 0.00> <CoreInst = "TAddSub">   --->   Core 10 'TAddSub' <Latency = 0> <II = 1> <Delay = 1.95> <IPBlock> <Opcode : '' 'add' 'sub'> <InPorts = 3> <OutPorts = 1> <Sync> <CReg>
ST_3 : Operation 1101 [1/1] (3.90ns) (root node of TernaryAdder)   --->   "%add_ln58_6416 = add i16 %add_ln58_6415, i16 %add_ln58_6413" [firmware/nnet_utils/nnet_dense_latency.h:58]   --->   Operation 1101 'add' 'add_ln58_6416' <Predicate = true> <Delay = 3.90> <CoreInst = "TAddSub">   --->   Core 10 'TAddSub' <Latency = 0> <II = 1> <Delay = 1.95> <IPBlock> <Opcode : '' 'add' 'sub'> <InPorts = 3> <OutPorts = 1> <Sync> <CReg>
ST_3 : Operation 1102 [1/1] (0.00ns) (grouped into TernaryAdder)   --->   "%add_ln58_6417 = add i16 %mult_604, i16 %mult_633" [firmware/nnet_utils/nnet_dense_latency.h:58]   --->   Operation 1102 'add' 'add_ln58_6417' <Predicate = true> <Delay = 0.00> <CoreInst = "TAddSub">   --->   Core 10 'TAddSub' <Latency = 0> <II = 1> <Delay = 1.95> <IPBlock> <Opcode : '' 'add' 'sub'> <InPorts = 3> <OutPorts = 1> <Sync> <CReg>
ST_3 : Operation 1103 [1/1] (3.90ns) (root node of TernaryAdder)   --->   "%add_ln58_6420 = add i16 %add_ln58_6419, i16 %add_ln58_6417" [firmware/nnet_utils/nnet_dense_latency.h:58]   --->   Operation 1103 'add' 'add_ln58_6420' <Predicate = true> <Delay = 3.90> <CoreInst = "TAddSub">   --->   Core 10 'TAddSub' <Latency = 0> <II = 1> <Delay = 1.95> <IPBlock> <Opcode : '' 'add' 'sub'> <InPorts = 3> <OutPorts = 1> <Sync> <CReg>
ST_3 : Operation 1104 [1/1] (0.00ns) (grouped into TernaryAdder)   --->   "%add_ln58_6425 = add i16 %add_ln58_6424, i16 %add_ln58_6422" [firmware/nnet_utils/nnet_dense_latency.h:58]   --->   Operation 1104 'add' 'add_ln58_6425' <Predicate = true> <Delay = 0.00> <CoreInst = "TAddSub">   --->   Core 10 'TAddSub' <Latency = 0> <II = 1> <Delay = 1.95> <IPBlock> <Opcode : '' 'add' 'sub'> <InPorts = 3> <OutPorts = 1> <Sync> <CReg>
ST_3 : Operation 1105 [1/1] (3.90ns) (root node of TernaryAdder)   --->   "%add_ln58_6430 = add i16 %add_ln58_6429, i16 %add_ln58_6425" [firmware/nnet_utils/nnet_dense_latency.h:58]   --->   Operation 1105 'add' 'add_ln58_6430' <Predicate = true> <Delay = 3.90> <CoreInst = "TAddSub">   --->   Core 10 'TAddSub' <Latency = 0> <II = 1> <Delay = 1.95> <IPBlock> <Opcode : '' 'add' 'sub'> <InPorts = 3> <OutPorts = 1> <Sync> <CReg>
ST_3 : Operation 1106 [1/1] (0.00ns) (grouped into TernaryAdder)   --->   "%add_ln58_6432 = add i16 %mult_527, i16 %mult_534" [firmware/nnet_utils/nnet_dense_latency.h:58]   --->   Operation 1106 'add' 'add_ln58_6432' <Predicate = true> <Delay = 0.00> <CoreInst = "TAddSub">   --->   Core 10 'TAddSub' <Latency = 0> <II = 1> <Delay = 1.95> <IPBlock> <Opcode : '' 'add' 'sub'> <InPorts = 3> <OutPorts = 1> <Sync> <CReg>
ST_3 : Operation 1107 [1/1] (3.90ns) (root node of TernaryAdder)   --->   "%add_ln58_6434 = add i16 %add_ln58_6433, i16 %add_ln58_6432" [firmware/nnet_utils/nnet_dense_latency.h:58]   --->   Operation 1107 'add' 'add_ln58_6434' <Predicate = true> <Delay = 3.90> <CoreInst = "TAddSub">   --->   Core 10 'TAddSub' <Latency = 0> <II = 1> <Delay = 1.95> <IPBlock> <Opcode : '' 'add' 'sub'> <InPorts = 3> <OutPorts = 1> <Sync> <CReg>
ST_3 : Operation 1108 [1/1] (0.00ns) (grouped into TernaryAdder)   --->   "%add_ln58_6435 = add i16 %mult_571, i16 %mult_579" [firmware/nnet_utils/nnet_dense_latency.h:58]   --->   Operation 1108 'add' 'add_ln58_6435' <Predicate = true> <Delay = 0.00> <CoreInst = "TAddSub">   --->   Core 10 'TAddSub' <Latency = 0> <II = 1> <Delay = 1.95> <IPBlock> <Opcode : '' 'add' 'sub'> <InPorts = 3> <OutPorts = 1> <Sync> <CReg>
ST_3 : Operation 1109 [1/1] (3.90ns) (root node of TernaryAdder)   --->   "%add_ln58_6436 = add i16 %add_ln58_6400, i16 %add_ln58_6435" [firmware/nnet_utils/nnet_dense_latency.h:58]   --->   Operation 1109 'add' 'add_ln58_6436' <Predicate = true> <Delay = 3.90> <CoreInst = "TAddSub">   --->   Core 10 'TAddSub' <Latency = 0> <II = 1> <Delay = 1.95> <IPBlock> <Opcode : '' 'add' 'sub'> <InPorts = 3> <OutPorts = 1> <Sync> <CReg>
ST_3 : Operation 1110 [1/1] (0.00ns) (grouped into TernaryAdder)   --->   "%add_ln58_6440 = add i16 %add_ln58_6439, i16 %add_ln58_6438" [firmware/nnet_utils/nnet_dense_latency.h:58]   --->   Operation 1110 'add' 'add_ln58_6440' <Predicate = true> <Delay = 0.00> <CoreInst = "TAddSub">   --->   Core 10 'TAddSub' <Latency = 0> <II = 1> <Delay = 1.95> <IPBlock> <Opcode : '' 'add' 'sub'> <InPorts = 3> <OutPorts = 1> <Sync> <CReg>
ST_3 : Operation 1111 [1/1] (3.90ns) (root node of TernaryAdder)   --->   "%add_ln58_6445 = add i16 %add_ln58_6444, i16 %add_ln58_6440" [firmware/nnet_utils/nnet_dense_latency.h:58]   --->   Operation 1111 'add' 'add_ln58_6445' <Predicate = true> <Delay = 3.90> <CoreInst = "TAddSub">   --->   Core 10 'TAddSub' <Latency = 0> <II = 1> <Delay = 1.95> <IPBlock> <Opcode : '' 'add' 'sub'> <InPorts = 3> <OutPorts = 1> <Sync> <CReg>
ST_3 : Operation 1112 [1/1] (0.00ns) (grouped into TernaryAdder)   --->   "%add_ln58_6447 = add i16 %sext_ln42_135, i16 %mult_589" [firmware/nnet_utils/nnet_dense_latency.h:58]   --->   Operation 1112 'add' 'add_ln58_6447' <Predicate = true> <Delay = 0.00> <CoreInst = "TAddSub">   --->   Core 10 'TAddSub' <Latency = 0> <II = 1> <Delay = 1.95> <IPBlock> <Opcode : '' 'add' 'sub'> <InPorts = 3> <OutPorts = 1> <Sync> <CReg>
ST_3 : Operation 1113 [1/1] (3.90ns) (root node of TernaryAdder)   --->   "%add_ln58_6449 = add i16 %add_ln58_6448, i16 %add_ln58_6447" [firmware/nnet_utils/nnet_dense_latency.h:58]   --->   Operation 1113 'add' 'add_ln58_6449' <Predicate = true> <Delay = 3.90> <CoreInst = "TAddSub">   --->   Core 10 'TAddSub' <Latency = 0> <II = 1> <Delay = 1.95> <IPBlock> <Opcode : '' 'add' 'sub'> <InPorts = 3> <OutPorts = 1> <Sync> <CReg>
ST_3 : Operation 1114 [1/1] (0.00ns) (grouped into TernaryAdder)   --->   "%add_ln58_6450 = add i16 %mult_630, i16 %sext_ln42_187" [firmware/nnet_utils/nnet_dense_latency.h:58]   --->   Operation 1114 'add' 'add_ln58_6450' <Predicate = true> <Delay = 0.00> <CoreInst = "TAddSub">   --->   Core 10 'TAddSub' <Latency = 0> <II = 1> <Delay = 1.95> <IPBlock> <Opcode : '' 'add' 'sub'> <InPorts = 3> <OutPorts = 1> <Sync> <CReg>
ST_3 : Operation 1115 [1/1] (3.90ns) (root node of TernaryAdder)   --->   "%add_ln58_6453 = add i16 %add_ln58_6452, i16 %add_ln58_6450" [firmware/nnet_utils/nnet_dense_latency.h:58]   --->   Operation 1115 'add' 'add_ln58_6453' <Predicate = true> <Delay = 3.90> <CoreInst = "TAddSub">   --->   Core 10 'TAddSub' <Latency = 0> <II = 1> <Delay = 1.95> <IPBlock> <Opcode : '' 'add' 'sub'> <InPorts = 3> <OutPorts = 1> <Sync> <CReg>
ST_3 : Operation 1116 [1/1] (0.00ns)   --->   "%sext_ln58_2289 = sext i15 %add_ln58_6455" [firmware/nnet_utils/nnet_dense_latency.h:58]   --->   Operation 1116 'sext' 'sext_ln58_2289' <Predicate = true> <Delay = 0.00>
ST_3 : Operation 1117 [1/1] (0.00ns) (grouped into TernaryAdder)   --->   "%add_ln58_6458 = add i16 %add_ln58_6457, i16 %sext_ln58_2289" [firmware/nnet_utils/nnet_dense_latency.h:58]   --->   Operation 1117 'add' 'add_ln58_6458' <Predicate = true> <Delay = 0.00> <CoreInst = "TAddSub">   --->   Core 10 'TAddSub' <Latency = 0> <II = 1> <Delay = 1.95> <IPBlock> <Opcode : '' 'add' 'sub'> <InPorts = 3> <OutPorts = 1> <Sync> <CReg>
ST_3 : Operation 1118 [1/1] (3.90ns) (root node of TernaryAdder)   --->   "%add_ln58_6463 = add i16 %add_ln58_6462, i16 %add_ln58_6458" [firmware/nnet_utils/nnet_dense_latency.h:58]   --->   Operation 1118 'add' 'add_ln58_6463' <Predicate = true> <Delay = 3.90> <CoreInst = "TAddSub">   --->   Core 10 'TAddSub' <Latency = 0> <II = 1> <Delay = 1.95> <IPBlock> <Opcode : '' 'add' 'sub'> <InPorts = 3> <OutPorts = 1> <Sync> <CReg>
ST_3 : Operation 1119 [1/1] (0.00ns) (grouped into TernaryAdder)   --->   "%add_ln58_6465 = add i16 %mult_517, i16 %mult_509" [firmware/nnet_utils/nnet_dense_latency.h:58]   --->   Operation 1119 'add' 'add_ln58_6465' <Predicate = true> <Delay = 0.00> <CoreInst = "TAddSub">   --->   Core 10 'TAddSub' <Latency = 0> <II = 1> <Delay = 1.95> <IPBlock> <Opcode : '' 'add' 'sub'> <InPorts = 3> <OutPorts = 1> <Sync> <CReg>
ST_3 : Operation 1120 [1/1] (3.90ns) (root node of TernaryAdder)   --->   "%add_ln58_6467 = add i16 %add_ln58_6466, i16 %add_ln58_6465" [firmware/nnet_utils/nnet_dense_latency.h:58]   --->   Operation 1120 'add' 'add_ln58_6467' <Predicate = true> <Delay = 3.90> <CoreInst = "TAddSub">   --->   Core 10 'TAddSub' <Latency = 0> <II = 1> <Delay = 1.95> <IPBlock> <Opcode : '' 'add' 'sub'> <InPorts = 3> <OutPorts = 1> <Sync> <CReg>
ST_3 : Operation 1121 [1/1] (0.00ns) (grouped into TernaryAdder)   --->   "%add_ln58_6468 = add i16 %mult_562, i16 %mult_569" [firmware/nnet_utils/nnet_dense_latency.h:58]   --->   Operation 1121 'add' 'add_ln58_6468' <Predicate = true> <Delay = 0.00> <CoreInst = "TAddSub">   --->   Core 10 'TAddSub' <Latency = 0> <II = 1> <Delay = 1.95> <IPBlock> <Opcode : '' 'add' 'sub'> <InPorts = 3> <OutPorts = 1> <Sync> <CReg>
ST_3 : Operation 1122 [1/1] (3.90ns) (root node of TernaryAdder)   --->   "%add_ln58_6471 = add i16 %add_ln58_6470, i16 %add_ln58_6468" [firmware/nnet_utils/nnet_dense_latency.h:58]   --->   Operation 1122 'add' 'add_ln58_6471' <Predicate = true> <Delay = 3.90> <CoreInst = "TAddSub">   --->   Core 10 'TAddSub' <Latency = 0> <II = 1> <Delay = 1.95> <IPBlock> <Opcode : '' 'add' 'sub'> <InPorts = 3> <OutPorts = 1> <Sync> <CReg>
ST_3 : Operation 1123 [1/1] (0.00ns) (grouped into TernaryAdder)   --->   "%add_ln58_6476 = add i16 %add_ln58_6475, i16 %add_ln58_6473" [firmware/nnet_utils/nnet_dense_latency.h:58]   --->   Operation 1123 'add' 'add_ln58_6476' <Predicate = true> <Delay = 0.00> <CoreInst = "TAddSub">   --->   Core 10 'TAddSub' <Latency = 0> <II = 1> <Delay = 1.95> <IPBlock> <Opcode : '' 'add' 'sub'> <InPorts = 3> <OutPorts = 1> <Sync> <CReg>
ST_3 : Operation 1124 [1/1] (3.90ns) (root node of TernaryAdder)   --->   "%add_ln58_6481 = add i16 %add_ln58_6480, i16 %add_ln58_6476" [firmware/nnet_utils/nnet_dense_latency.h:58]   --->   Operation 1124 'add' 'add_ln58_6481' <Predicate = true> <Delay = 3.90> <CoreInst = "TAddSub">   --->   Core 10 'TAddSub' <Latency = 0> <II = 1> <Delay = 1.95> <IPBlock> <Opcode : '' 'add' 'sub'> <InPorts = 3> <OutPorts = 1> <Sync> <CReg>
ST_3 : Operation 1125 [1/1] (0.00ns) (grouped into TernaryAdder)   --->   "%add_ln58_6483 = add i16 %add_ln58_6278, i16 %mult_534" [firmware/nnet_utils/nnet_dense_latency.h:58]   --->   Operation 1125 'add' 'add_ln58_6483' <Predicate = true> <Delay = 0.00> <CoreInst = "TAddSub">   --->   Core 10 'TAddSub' <Latency = 0> <II = 1> <Delay = 1.95> <IPBlock> <Opcode : '' 'add' 'sub'> <InPorts = 3> <OutPorts = 1> <Sync> <CReg>
ST_3 : Operation 1126 [1/1] (3.90ns) (root node of TernaryAdder)   --->   "%add_ln58_6485 = add i16 %add_ln58_6484, i16 %add_ln58_6483" [firmware/nnet_utils/nnet_dense_latency.h:58]   --->   Operation 1126 'add' 'add_ln58_6485' <Predicate = true> <Delay = 3.90> <CoreInst = "TAddSub">   --->   Core 10 'TAddSub' <Latency = 0> <II = 1> <Delay = 1.95> <IPBlock> <Opcode : '' 'add' 'sub'> <InPorts = 3> <OutPorts = 1> <Sync> <CReg>
ST_3 : Operation 1127 [1/1] (0.00ns) (grouped into TernaryAdder)   --->   "%add_ln58_6486 = add i16 %sext_ln42_169, i16 %mult_604" [firmware/nnet_utils/nnet_dense_latency.h:58]   --->   Operation 1127 'add' 'add_ln58_6486' <Predicate = true> <Delay = 0.00> <CoreInst = "TAddSub">   --->   Core 10 'TAddSub' <Latency = 0> <II = 1> <Delay = 1.95> <IPBlock> <Opcode : '' 'add' 'sub'> <InPorts = 3> <OutPorts = 1> <Sync> <CReg>
ST_3 : Operation 1128 [1/1] (3.90ns) (root node of TernaryAdder)   --->   "%add_ln58_6488 = add i16 %add_ln58_6487, i16 %add_ln58_6486" [firmware/nnet_utils/nnet_dense_latency.h:58]   --->   Operation 1128 'add' 'add_ln58_6488' <Predicate = true> <Delay = 3.90> <CoreInst = "TAddSub">   --->   Core 10 'TAddSub' <Latency = 0> <II = 1> <Delay = 1.95> <IPBlock> <Opcode : '' 'add' 'sub'> <InPorts = 3> <OutPorts = 1> <Sync> <CReg>
ST_3 : Operation 1129 [1/1] (0.00ns) (grouped into TernaryAdder)   --->   "%add_ln58_6492 = add i16 %add_ln58_6491, i16 %add_ln58_6490" [firmware/nnet_utils/nnet_dense_latency.h:58]   --->   Operation 1129 'add' 'add_ln58_6492' <Predicate = true> <Delay = 0.00> <CoreInst = "TAddSub">   --->   Core 10 'TAddSub' <Latency = 0> <II = 1> <Delay = 1.95> <IPBlock> <Opcode : '' 'add' 'sub'> <InPorts = 3> <OutPorts = 1> <Sync> <CReg>
ST_3 : Operation 1130 [1/1] (3.90ns) (root node of TernaryAdder)   --->   "%add_ln58_6496 = add i16 %add_ln58_6495, i16 %add_ln58_6492" [firmware/nnet_utils/nnet_dense_latency.h:58]   --->   Operation 1130 'add' 'add_ln58_6496' <Predicate = true> <Delay = 3.90> <CoreInst = "TAddSub">   --->   Core 10 'TAddSub' <Latency = 0> <II = 1> <Delay = 1.95> <IPBlock> <Opcode : '' 'add' 'sub'> <InPorts = 3> <OutPorts = 1> <Sync> <CReg>
ST_3 : Operation 1131 [1/1] (0.00ns) (grouped into TernaryAdder)   --->   "%add_ln58_6498 = add i16 %add_ln58_6276, i16 %sext_ln42_131" [firmware/nnet_utils/nnet_dense_latency.h:58]   --->   Operation 1131 'add' 'add_ln58_6498' <Predicate = true> <Delay = 0.00> <CoreInst = "TAddSub">   --->   Core 10 'TAddSub' <Latency = 0> <II = 1> <Delay = 1.95> <IPBlock> <Opcode : '' 'add' 'sub'> <InPorts = 3> <OutPorts = 1> <Sync> <CReg>
ST_3 : Operation 1132 [1/1] (3.90ns) (root node of TernaryAdder)   --->   "%add_ln58_6501 = add i16 %add_ln58_6500, i16 %add_ln58_6498" [firmware/nnet_utils/nnet_dense_latency.h:58]   --->   Operation 1132 'add' 'add_ln58_6501' <Predicate = true> <Delay = 3.90> <CoreInst = "TAddSub">   --->   Core 10 'TAddSub' <Latency = 0> <II = 1> <Delay = 1.95> <IPBlock> <Opcode : '' 'add' 'sub'> <InPorts = 3> <OutPorts = 1> <Sync> <CReg>
ST_3 : Operation 1133 [1/1] (0.00ns) (grouped into TernaryAdder)   --->   "%add_ln58_6502 = add i16 %mult_581, i16 %sext_ln42_167" [firmware/nnet_utils/nnet_dense_latency.h:58]   --->   Operation 1133 'add' 'add_ln58_6502' <Predicate = true> <Delay = 0.00> <CoreInst = "TAddSub">   --->   Core 10 'TAddSub' <Latency = 0> <II = 1> <Delay = 1.95> <IPBlock> <Opcode : '' 'add' 'sub'> <InPorts = 3> <OutPorts = 1> <Sync> <CReg>
ST_3 : Operation 1134 [1/1] (3.90ns) (root node of TernaryAdder)   --->   "%add_ln58_6505 = add i16 %add_ln58_6504, i16 %add_ln58_6502" [firmware/nnet_utils/nnet_dense_latency.h:58]   --->   Operation 1134 'add' 'add_ln58_6505' <Predicate = true> <Delay = 3.90> <CoreInst = "TAddSub">   --->   Core 10 'TAddSub' <Latency = 0> <II = 1> <Delay = 1.95> <IPBlock> <Opcode : '' 'add' 'sub'> <InPorts = 3> <OutPorts = 1> <Sync> <CReg>
ST_3 : Operation 1135 [1/1] (0.00ns) (grouped into TernaryAdder)   --->   "%add_ln58_6510 = add i16 %add_ln58_6509, i16 %add_ln58_6507" [firmware/nnet_utils/nnet_dense_latency.h:58]   --->   Operation 1135 'add' 'add_ln58_6510' <Predicate = true> <Delay = 0.00> <CoreInst = "TAddSub">   --->   Core 10 'TAddSub' <Latency = 0> <II = 1> <Delay = 1.95> <IPBlock> <Opcode : '' 'add' 'sub'> <InPorts = 3> <OutPorts = 1> <Sync> <CReg>
ST_3 : Operation 1136 [1/1] (3.90ns) (root node of TernaryAdder)   --->   "%add_ln58_6515 = add i16 %add_ln58_6514, i16 %add_ln58_6510" [firmware/nnet_utils/nnet_dense_latency.h:58]   --->   Operation 1136 'add' 'add_ln58_6515' <Predicate = true> <Delay = 3.90> <CoreInst = "TAddSub">   --->   Core 10 'TAddSub' <Latency = 0> <II = 1> <Delay = 1.95> <IPBlock> <Opcode : '' 'add' 'sub'> <InPorts = 3> <OutPorts = 1> <Sync> <CReg>
ST_3 : Operation 1137 [1/1] (0.00ns) (grouped into TernaryAdder)   --->   "%add_ln58_6517 = add i16 %mult_518, i16 %mult_512" [firmware/nnet_utils/nnet_dense_latency.h:58]   --->   Operation 1137 'add' 'add_ln58_6517' <Predicate = true> <Delay = 0.00> <CoreInst = "TAddSub">   --->   Core 10 'TAddSub' <Latency = 0> <II = 1> <Delay = 1.95> <IPBlock> <Opcode : '' 'add' 'sub'> <InPorts = 3> <OutPorts = 1> <Sync> <CReg>
ST_3 : Operation 1138 [1/1] (3.90ns) (root node of TernaryAdder)   --->   "%add_ln58_6520 = add i16 %add_ln58_6519, i16 %add_ln58_6517" [firmware/nnet_utils/nnet_dense_latency.h:58]   --->   Operation 1138 'add' 'add_ln58_6520' <Predicate = true> <Delay = 3.90> <CoreInst = "TAddSub">   --->   Core 10 'TAddSub' <Latency = 0> <II = 1> <Delay = 1.95> <IPBlock> <Opcode : '' 'add' 'sub'> <InPorts = 3> <OutPorts = 1> <Sync> <CReg>
ST_3 : Operation 1139 [1/1] (0.00ns) (grouped into TernaryAdder)   --->   "%add_ln58_6522 = add i16 %add_ln58_6521, i16 %mult_571" [firmware/nnet_utils/nnet_dense_latency.h:58]   --->   Operation 1139 'add' 'add_ln58_6522' <Predicate = true> <Delay = 0.00> <CoreInst = "TAddSub">   --->   Core 10 'TAddSub' <Latency = 0> <II = 1> <Delay = 1.95> <IPBlock> <Opcode : '' 'add' 'sub'> <InPorts = 3> <OutPorts = 1> <Sync> <CReg>
ST_3 : Operation 1140 [1/1] (3.90ns) (root node of TernaryAdder)   --->   "%add_ln58_6525 = add i16 %add_ln58_6524, i16 %add_ln58_6522" [firmware/nnet_utils/nnet_dense_latency.h:58]   --->   Operation 1140 'add' 'add_ln58_6525' <Predicate = true> <Delay = 3.90> <CoreInst = "TAddSub">   --->   Core 10 'TAddSub' <Latency = 0> <II = 1> <Delay = 1.95> <IPBlock> <Opcode : '' 'add' 'sub'> <InPorts = 3> <OutPorts = 1> <Sync> <CReg>
ST_3 : Operation 1141 [1/1] (0.00ns)   --->   "%sext_ln58_3071 = sext i15 %add_ln58_6527" [firmware/nnet_utils/nnet_dense_latency.h:58]   --->   Operation 1141 'sext' 'sext_ln58_3071' <Predicate = true> <Delay = 0.00>
ST_3 : Operation 1142 [1/1] (0.00ns) (grouped into TernaryAdder)   --->   "%add_ln58_6530 = add i16 %add_ln58_6529, i16 %sext_ln58_3071" [firmware/nnet_utils/nnet_dense_latency.h:58]   --->   Operation 1142 'add' 'add_ln58_6530' <Predicate = true> <Delay = 0.00> <CoreInst = "TAddSub">   --->   Core 10 'TAddSub' <Latency = 0> <II = 1> <Delay = 1.95> <IPBlock> <Opcode : '' 'add' 'sub'> <InPorts = 3> <OutPorts = 1> <Sync> <CReg>
ST_3 : Operation 1143 [1/1] (3.90ns) (root node of TernaryAdder)   --->   "%add_ln58_6536 = add i16 %add_ln58_6535, i16 %add_ln58_6530" [firmware/nnet_utils/nnet_dense_latency.h:58]   --->   Operation 1143 'add' 'add_ln58_6536' <Predicate = true> <Delay = 3.90> <CoreInst = "TAddSub">   --->   Core 10 'TAddSub' <Latency = 0> <II = 1> <Delay = 1.95> <IPBlock> <Opcode : '' 'add' 'sub'> <InPorts = 3> <OutPorts = 1> <Sync> <CReg>
ST_3 : Operation 1144 [1/1] (0.00ns) (grouped into TernaryAdder)   --->   "%add_ln58_6538 = add i16 %sext_ln42_135, i16 %add_ln58_6278" [firmware/nnet_utils/nnet_dense_latency.h:58]   --->   Operation 1144 'add' 'add_ln58_6538' <Predicate = true> <Delay = 0.00> <CoreInst = "TAddSub">   --->   Core 10 'TAddSub' <Latency = 0> <II = 1> <Delay = 1.95> <IPBlock> <Opcode : '' 'add' 'sub'> <InPorts = 3> <OutPorts = 1> <Sync> <CReg>
ST_3 : Operation 1145 [1/1] (3.90ns) (root node of TernaryAdder)   --->   "%add_ln58_6540 = add i16 %add_ln58_6539, i16 %add_ln58_6538" [firmware/nnet_utils/nnet_dense_latency.h:58]   --->   Operation 1145 'add' 'add_ln58_6540' <Predicate = true> <Delay = 3.90> <CoreInst = "TAddSub">   --->   Core 10 'TAddSub' <Latency = 0> <II = 1> <Delay = 1.95> <IPBlock> <Opcode : '' 'add' 'sub'> <InPorts = 3> <OutPorts = 1> <Sync> <CReg>
ST_3 : Operation 1146 [1/1] (0.00ns) (grouped into TernaryAdder)   --->   "%add_ln58_6541 = add i16 %mult_581, i16 %mult_593" [firmware/nnet_utils/nnet_dense_latency.h:58]   --->   Operation 1146 'add' 'add_ln58_6541' <Predicate = true> <Delay = 0.00> <CoreInst = "TAddSub">   --->   Core 10 'TAddSub' <Latency = 0> <II = 1> <Delay = 1.95> <IPBlock> <Opcode : '' 'add' 'sub'> <InPorts = 3> <OutPorts = 1> <Sync> <CReg>
ST_3 : Operation 1147 [1/1] (3.90ns) (root node of TernaryAdder)   --->   "%add_ln58_6544 = add i16 %add_ln58_6543, i16 %add_ln58_6541" [firmware/nnet_utils/nnet_dense_latency.h:58]   --->   Operation 1147 'add' 'add_ln58_6544' <Predicate = true> <Delay = 3.90> <CoreInst = "TAddSub">   --->   Core 10 'TAddSub' <Latency = 0> <II = 1> <Delay = 1.95> <IPBlock> <Opcode : '' 'add' 'sub'> <InPorts = 3> <OutPorts = 1> <Sync> <CReg>
ST_3 : Operation 1148 [1/1] (0.00ns) (grouped into TernaryAdder)   --->   "%add_ln58_6548 = add i16 %add_ln58_6547, i16 %add_ln58_6546" [firmware/nnet_utils/nnet_dense_latency.h:58]   --->   Operation 1148 'add' 'add_ln58_6548' <Predicate = true> <Delay = 0.00> <CoreInst = "TAddSub">   --->   Core 10 'TAddSub' <Latency = 0> <II = 1> <Delay = 1.95> <IPBlock> <Opcode : '' 'add' 'sub'> <InPorts = 3> <OutPorts = 1> <Sync> <CReg>
ST_3 : Operation 1149 [1/1] (3.90ns) (root node of TernaryAdder)   --->   "%add_ln58_6553 = add i16 %add_ln58_6552, i16 %add_ln58_6548" [firmware/nnet_utils/nnet_dense_latency.h:58]   --->   Operation 1149 'add' 'add_ln58_6553' <Predicate = true> <Delay = 3.90> <CoreInst = "TAddSub">   --->   Core 10 'TAddSub' <Latency = 0> <II = 1> <Delay = 1.95> <IPBlock> <Opcode : '' 'add' 'sub'> <InPorts = 3> <OutPorts = 1> <Sync> <CReg>
ST_3 : Operation 1150 [1/1] (0.00ns) (grouped into TernaryAdder)   --->   "%add_ln58_6555 = add i16 %mult_509, i16 %sext_ln42_128" [firmware/nnet_utils/nnet_dense_latency.h:58]   --->   Operation 1150 'add' 'add_ln58_6555' <Predicate = true> <Delay = 0.00> <CoreInst = "TAddSub">   --->   Core 10 'TAddSub' <Latency = 0> <II = 1> <Delay = 1.95> <IPBlock> <Opcode : '' 'add' 'sub'> <InPorts = 3> <OutPorts = 1> <Sync> <CReg>
ST_3 : Operation 1151 [1/1] (3.90ns) (root node of TernaryAdder)   --->   "%add_ln58_6558 = add i16 %add_ln58_6557, i16 %add_ln58_6555" [firmware/nnet_utils/nnet_dense_latency.h:58]   --->   Operation 1151 'add' 'add_ln58_6558' <Predicate = true> <Delay = 3.90> <CoreInst = "TAddSub">   --->   Core 10 'TAddSub' <Latency = 0> <II = 1> <Delay = 1.95> <IPBlock> <Opcode : '' 'add' 'sub'> <InPorts = 3> <OutPorts = 1> <Sync> <CReg>
ST_3 : Operation 1152 [1/1] (0.00ns)   --->   "%sext_ln58_3073 = sext i15 %add_ln58_6559" [firmware/nnet_utils/nnet_dense_latency.h:58]   --->   Operation 1152 'sext' 'sext_ln58_3073' <Predicate = true> <Delay = 0.00>
ST_3 : Operation 1153 [1/1] (0.00ns) (grouped into TernaryAdder)   --->   "%add_ln58_6560 = add i16 %sext_ln58_3073, i16 %mult_553" [firmware/nnet_utils/nnet_dense_latency.h:58]   --->   Operation 1153 'add' 'add_ln58_6560' <Predicate = true> <Delay = 0.00> <CoreInst = "TAddSub">   --->   Core 10 'TAddSub' <Latency = 0> <II = 1> <Delay = 1.95> <IPBlock> <Opcode : '' 'add' 'sub'> <InPorts = 3> <OutPorts = 1> <Sync> <CReg>
ST_3 : Operation 1154 [1/1] (3.90ns) (root node of TernaryAdder)   --->   "%add_ln58_6563 = add i16 %add_ln58_6562, i16 %add_ln58_6560" [firmware/nnet_utils/nnet_dense_latency.h:58]   --->   Operation 1154 'add' 'add_ln58_6563' <Predicate = true> <Delay = 3.90> <CoreInst = "TAddSub">   --->   Core 10 'TAddSub' <Latency = 0> <II = 1> <Delay = 1.95> <IPBlock> <Opcode : '' 'add' 'sub'> <InPorts = 3> <OutPorts = 1> <Sync> <CReg>
ST_3 : Operation 1155 [1/1] (0.00ns) (grouped into TernaryAdder)   --->   "%add_ln58_6568 = add i16 %add_ln58_6567, i16 %add_ln58_6565" [firmware/nnet_utils/nnet_dense_latency.h:58]   --->   Operation 1155 'add' 'add_ln58_6568' <Predicate = true> <Delay = 0.00> <CoreInst = "TAddSub">   --->   Core 10 'TAddSub' <Latency = 0> <II = 1> <Delay = 1.95> <IPBlock> <Opcode : '' 'add' 'sub'> <InPorts = 3> <OutPorts = 1> <Sync> <CReg>
ST_3 : Operation 1156 [1/1] (3.90ns) (root node of TernaryAdder)   --->   "%add_ln58_6573 = add i16 %add_ln58_6572, i16 %add_ln58_6568" [firmware/nnet_utils/nnet_dense_latency.h:58]   --->   Operation 1156 'add' 'add_ln58_6573' <Predicate = true> <Delay = 3.90> <CoreInst = "TAddSub">   --->   Core 10 'TAddSub' <Latency = 0> <II = 1> <Delay = 1.95> <IPBlock> <Opcode : '' 'add' 'sub'> <InPorts = 3> <OutPorts = 1> <Sync> <CReg>
ST_3 : Operation 1157 [1/1] (0.00ns) (grouped into TernaryAdder)   --->   "%add_ln58_6575 = add i16 %mult_516, i16 %mult_524" [firmware/nnet_utils/nnet_dense_latency.h:58]   --->   Operation 1157 'add' 'add_ln58_6575' <Predicate = true> <Delay = 0.00> <CoreInst = "TAddSub">   --->   Core 10 'TAddSub' <Latency = 0> <II = 1> <Delay = 1.95> <IPBlock> <Opcode : '' 'add' 'sub'> <InPorts = 3> <OutPorts = 1> <Sync> <CReg>
ST_3 : Operation 1158 [1/1] (3.90ns) (root node of TernaryAdder)   --->   "%add_ln58_6578 = add i16 %add_ln58_6577, i16 %add_ln58_6575" [firmware/nnet_utils/nnet_dense_latency.h:58]   --->   Operation 1158 'add' 'add_ln58_6578' <Predicate = true> <Delay = 3.90> <CoreInst = "TAddSub">   --->   Core 10 'TAddSub' <Latency = 0> <II = 1> <Delay = 1.95> <IPBlock> <Opcode : '' 'add' 'sub'> <InPorts = 3> <OutPorts = 1> <Sync> <CReg>
ST_3 : Operation 1159 [1/1] (0.00ns) (grouped into TernaryAdder)   --->   "%add_ln58_6579 = add i16 %sext_ln42_163, i16 %mult_600" [firmware/nnet_utils/nnet_dense_latency.h:58]   --->   Operation 1159 'add' 'add_ln58_6579' <Predicate = true> <Delay = 0.00> <CoreInst = "TAddSub">   --->   Core 10 'TAddSub' <Latency = 0> <II = 1> <Delay = 1.95> <IPBlock> <Opcode : '' 'add' 'sub'> <InPorts = 3> <OutPorts = 1> <Sync> <CReg>
ST_3 : Operation 1160 [1/1] (3.90ns) (root node of TernaryAdder)   --->   "%add_ln58_6582 = add i16 %add_ln58_6581, i16 %add_ln58_6579" [firmware/nnet_utils/nnet_dense_latency.h:58]   --->   Operation 1160 'add' 'add_ln58_6582' <Predicate = true> <Delay = 3.90> <CoreInst = "TAddSub">   --->   Core 10 'TAddSub' <Latency = 0> <II = 1> <Delay = 1.95> <IPBlock> <Opcode : '' 'add' 'sub'> <InPorts = 3> <OutPorts = 1> <Sync> <CReg>
ST_3 : Operation 1161 [1/1] (0.00ns) (grouped into TernaryAdder)   --->   "%add_ln58_6587 = add i16 %add_ln58_6586, i16 %add_ln58_6584" [firmware/nnet_utils/nnet_dense_latency.h:58]   --->   Operation 1161 'add' 'add_ln58_6587' <Predicate = true> <Delay = 0.00> <CoreInst = "TAddSub">   --->   Core 10 'TAddSub' <Latency = 0> <II = 1> <Delay = 1.95> <IPBlock> <Opcode : '' 'add' 'sub'> <InPorts = 3> <OutPorts = 1> <Sync> <CReg>
ST_3 : Operation 1162 [1/1] (3.90ns) (root node of TernaryAdder)   --->   "%add_ln58_6592 = add i16 %add_ln58_6591, i16 %add_ln58_6587" [firmware/nnet_utils/nnet_dense_latency.h:58]   --->   Operation 1162 'add' 'add_ln58_6592' <Predicate = true> <Delay = 3.90> <CoreInst = "TAddSub">   --->   Core 10 'TAddSub' <Latency = 0> <II = 1> <Delay = 1.95> <IPBlock> <Opcode : '' 'add' 'sub'> <InPorts = 3> <OutPorts = 1> <Sync> <CReg>
ST_3 : Operation 1163 [1/1] (0.00ns) (grouped into TernaryAdder)   --->   "%add_ln58_6594 = add i16 %mult_517, i16 %mult_513" [firmware/nnet_utils/nnet_dense_latency.h:58]   --->   Operation 1163 'add' 'add_ln58_6594' <Predicate = true> <Delay = 0.00> <CoreInst = "TAddSub">   --->   Core 10 'TAddSub' <Latency = 0> <II = 1> <Delay = 1.95> <IPBlock> <Opcode : '' 'add' 'sub'> <InPorts = 3> <OutPorts = 1> <Sync> <CReg>
ST_3 : Operation 1164 [1/1] (3.90ns) (root node of TernaryAdder)   --->   "%add_ln58_6597 = add i16 %add_ln58_6596, i16 %add_ln58_6594" [firmware/nnet_utils/nnet_dense_latency.h:58]   --->   Operation 1164 'add' 'add_ln58_6597' <Predicate = true> <Delay = 3.90> <CoreInst = "TAddSub">   --->   Core 10 'TAddSub' <Latency = 0> <II = 1> <Delay = 1.95> <IPBlock> <Opcode : '' 'add' 'sub'> <InPorts = 3> <OutPorts = 1> <Sync> <CReg>
ST_3 : Operation 1165 [1/1] (0.00ns) (grouped into TernaryAdder)   --->   "%add_ln58_6598 = add i16 %sext_ln42_157, i16 %mult_587" [firmware/nnet_utils/nnet_dense_latency.h:58]   --->   Operation 1165 'add' 'add_ln58_6598' <Predicate = true> <Delay = 0.00> <CoreInst = "TAddSub">   --->   Core 10 'TAddSub' <Latency = 0> <II = 1> <Delay = 1.95> <IPBlock> <Opcode : '' 'add' 'sub'> <InPorts = 3> <OutPorts = 1> <Sync> <CReg>
ST_3 : Operation 1166 [1/1] (3.90ns) (root node of TernaryAdder)   --->   "%add_ln58_6601 = add i16 %add_ln58_6600, i16 %add_ln58_6598" [firmware/nnet_utils/nnet_dense_latency.h:58]   --->   Operation 1166 'add' 'add_ln58_6601' <Predicate = true> <Delay = 3.90> <CoreInst = "TAddSub">   --->   Core 10 'TAddSub' <Latency = 0> <II = 1> <Delay = 1.95> <IPBlock> <Opcode : '' 'add' 'sub'> <InPorts = 3> <OutPorts = 1> <Sync> <CReg>
ST_3 : Operation 1167 [1/1] (0.00ns) (grouped into TernaryAdder)   --->   "%add_ln58_6606 = add i16 %add_ln58_6605, i16 %add_ln58_6603" [firmware/nnet_utils/nnet_dense_latency.h:58]   --->   Operation 1167 'add' 'add_ln58_6606' <Predicate = true> <Delay = 0.00> <CoreInst = "TAddSub">   --->   Core 10 'TAddSub' <Latency = 0> <II = 1> <Delay = 1.95> <IPBlock> <Opcode : '' 'add' 'sub'> <InPorts = 3> <OutPorts = 1> <Sync> <CReg>
ST_3 : Operation 1168 [1/1] (3.90ns) (root node of TernaryAdder)   --->   "%add_ln58_6612 = add i16 %add_ln58_6611, i16 %add_ln58_6606" [firmware/nnet_utils/nnet_dense_latency.h:58]   --->   Operation 1168 'add' 'add_ln58_6612' <Predicate = true> <Delay = 3.90> <CoreInst = "TAddSub">   --->   Core 10 'TAddSub' <Latency = 0> <II = 1> <Delay = 1.95> <IPBlock> <Opcode : '' 'add' 'sub'> <InPorts = 3> <OutPorts = 1> <Sync> <CReg>
ST_3 : Operation 1169 [1/1] (0.00ns) (grouped into TernaryAdder)   --->   "%add_ln58_6614 = add i16 %mult_511, i16 %sext_ln42_131" [firmware/nnet_utils/nnet_dense_latency.h:58]   --->   Operation 1169 'add' 'add_ln58_6614' <Predicate = true> <Delay = 0.00> <CoreInst = "TAddSub">   --->   Core 10 'TAddSub' <Latency = 0> <II = 1> <Delay = 1.95> <IPBlock> <Opcode : '' 'add' 'sub'> <InPorts = 3> <OutPorts = 1> <Sync> <CReg>
ST_3 : Operation 1170 [1/1] (3.90ns) (root node of TernaryAdder)   --->   "%add_ln58_6616 = add i16 %add_ln58_6615, i16 %add_ln58_6614" [firmware/nnet_utils/nnet_dense_latency.h:58]   --->   Operation 1170 'add' 'add_ln58_6616' <Predicate = true> <Delay = 3.90> <CoreInst = "TAddSub">   --->   Core 10 'TAddSub' <Latency = 0> <II = 1> <Delay = 1.95> <IPBlock> <Opcode : '' 'add' 'sub'> <InPorts = 3> <OutPorts = 1> <Sync> <CReg>
ST_3 : Operation 1171 [1/1] (0.00ns) (grouped into TernaryAdder)   --->   "%add_ln58_6617 = add i16 %sext_ln42_157, i16 %sext_ln42_162" [firmware/nnet_utils/nnet_dense_latency.h:58]   --->   Operation 1171 'add' 'add_ln58_6617' <Predicate = true> <Delay = 0.00> <CoreInst = "TAddSub">   --->   Core 10 'TAddSub' <Latency = 0> <II = 1> <Delay = 1.95> <IPBlock> <Opcode : '' 'add' 'sub'> <InPorts = 3> <OutPorts = 1> <Sync> <CReg>
ST_3 : Operation 1172 [1/1] (3.90ns) (root node of TernaryAdder)   --->   "%add_ln58_6620 = add i16 %add_ln58_6619, i16 %add_ln58_6617" [firmware/nnet_utils/nnet_dense_latency.h:58]   --->   Operation 1172 'add' 'add_ln58_6620' <Predicate = true> <Delay = 3.90> <CoreInst = "TAddSub">   --->   Core 10 'TAddSub' <Latency = 0> <II = 1> <Delay = 1.95> <IPBlock> <Opcode : '' 'add' 'sub'> <InPorts = 3> <OutPorts = 1> <Sync> <CReg>
ST_3 : Operation 1173 [1/1] (0.00ns) (grouped into TernaryAdder)   --->   "%add_ln58_6624 = add i16 %add_ln58_6623, i16 %add_ln58_6622" [firmware/nnet_utils/nnet_dense_latency.h:58]   --->   Operation 1173 'add' 'add_ln58_6624' <Predicate = true> <Delay = 0.00> <CoreInst = "TAddSub">   --->   Core 10 'TAddSub' <Latency = 0> <II = 1> <Delay = 1.95> <IPBlock> <Opcode : '' 'add' 'sub'> <InPorts = 3> <OutPorts = 1> <Sync> <CReg>
ST_3 : Operation 1174 [1/1] (3.90ns) (root node of TernaryAdder)   --->   "%add_ln58_6629 = add i16 %add_ln58_6628, i16 %add_ln58_6624" [firmware/nnet_utils/nnet_dense_latency.h:58]   --->   Operation 1174 'add' 'add_ln58_6629' <Predicate = true> <Delay = 3.90> <CoreInst = "TAddSub">   --->   Core 10 'TAddSub' <Latency = 0> <II = 1> <Delay = 1.95> <IPBlock> <Opcode : '' 'add' 'sub'> <InPorts = 3> <OutPorts = 1> <Sync> <CReg>
ST_3 : Operation 1175 [1/1] (0.00ns) (grouped into TernaryAdder)   --->   "%add_ln58_6631 = add i16 %mult_509, i16 %sext_ln42_152" [firmware/nnet_utils/nnet_dense_latency.h:58]   --->   Operation 1175 'add' 'add_ln58_6631' <Predicate = true> <Delay = 0.00> <CoreInst = "TAddSub">   --->   Core 10 'TAddSub' <Latency = 0> <II = 1> <Delay = 1.95> <IPBlock> <Opcode : '' 'add' 'sub'> <InPorts = 3> <OutPorts = 1> <Sync> <CReg>
ST_3 : Operation 1176 [1/1] (3.90ns) (root node of TernaryAdder)   --->   "%add_ln58_6634 = add i16 %add_ln58_6633, i16 %add_ln58_6631" [firmware/nnet_utils/nnet_dense_latency.h:58]   --->   Operation 1176 'add' 'add_ln58_6634' <Predicate = true> <Delay = 3.90> <CoreInst = "TAddSub">   --->   Core 10 'TAddSub' <Latency = 0> <II = 1> <Delay = 1.95> <IPBlock> <Opcode : '' 'add' 'sub'> <InPorts = 3> <OutPorts = 1> <Sync> <CReg>
ST_3 : Operation 1177 [1/1] (0.00ns) (grouped into TernaryAdder)   --->   "%add_ln58_6636 = add i16 %add_ln58_6635, i16 %sext_ln42_180" [firmware/nnet_utils/nnet_dense_latency.h:58]   --->   Operation 1177 'add' 'add_ln58_6636' <Predicate = true> <Delay = 0.00> <CoreInst = "TAddSub">   --->   Core 10 'TAddSub' <Latency = 0> <II = 1> <Delay = 1.95> <IPBlock> <Opcode : '' 'add' 'sub'> <InPorts = 3> <OutPorts = 1> <Sync> <CReg>
ST_3 : Operation 1178 [1/1] (3.90ns) (root node of TernaryAdder)   --->   "%add_ln58_6637 = add i16 %add_ln58_6636, i16 %add_ln58_6503" [firmware/nnet_utils/nnet_dense_latency.h:58]   --->   Operation 1178 'add' 'add_ln58_6637' <Predicate = true> <Delay = 3.90> <CoreInst = "TAddSub">   --->   Core 10 'TAddSub' <Latency = 0> <II = 1> <Delay = 1.95> <IPBlock> <Opcode : '' 'add' 'sub'> <InPorts = 3> <OutPorts = 1> <Sync> <CReg>
ST_3 : Operation 1179 [1/1] (0.00ns) (grouped into TernaryAdder)   --->   "%add_ln58_6642 = add i16 %add_ln58_6641, i16 %add_ln58_6639" [firmware/nnet_utils/nnet_dense_latency.h:58]   --->   Operation 1179 'add' 'add_ln58_6642' <Predicate = true> <Delay = 0.00> <CoreInst = "TAddSub">   --->   Core 10 'TAddSub' <Latency = 0> <II = 1> <Delay = 1.95> <IPBlock> <Opcode : '' 'add' 'sub'> <InPorts = 3> <OutPorts = 1> <Sync> <CReg>
ST_3 : Operation 1180 [1/1] (3.90ns) (root node of TernaryAdder)   --->   "%add_ln58_6647 = add i16 %add_ln58_6646, i16 %add_ln58_6642" [firmware/nnet_utils/nnet_dense_latency.h:58]   --->   Operation 1180 'add' 'add_ln58_6647' <Predicate = true> <Delay = 3.90> <CoreInst = "TAddSub">   --->   Core 10 'TAddSub' <Latency = 0> <II = 1> <Delay = 1.95> <IPBlock> <Opcode : '' 'add' 'sub'> <InPorts = 3> <OutPorts = 1> <Sync> <CReg>
ST_3 : Operation 1181 [1/1] (0.00ns) (grouped into TernaryAdder)   --->   "%add_ln58_6649 = add i16 %add_ln58_6277, i16 %mult_534" [firmware/nnet_utils/nnet_dense_latency.h:58]   --->   Operation 1181 'add' 'add_ln58_6649' <Predicate = true> <Delay = 0.00> <CoreInst = "TAddSub">   --->   Core 10 'TAddSub' <Latency = 0> <II = 1> <Delay = 1.95> <IPBlock> <Opcode : '' 'add' 'sub'> <InPorts = 3> <OutPorts = 1> <Sync> <CReg>
ST_3 : Operation 1182 [1/1] (3.90ns) (root node of TernaryAdder)   --->   "%add_ln58_6650 = add i16 %add_ln58_6298, i16 %add_ln58_6649" [firmware/nnet_utils/nnet_dense_latency.h:58]   --->   Operation 1182 'add' 'add_ln58_6650' <Predicate = true> <Delay = 3.90> <CoreInst = "TAddSub">   --->   Core 10 'TAddSub' <Latency = 0> <II = 1> <Delay = 1.95> <IPBlock> <Opcode : '' 'add' 'sub'> <InPorts = 3> <OutPorts = 1> <Sync> <CReg>
ST_3 : Operation 1183 [1/1] (0.00ns) (grouped into TernaryAdder)   --->   "%add_ln58_6651 = add i16 %sext_ln42_174, i16 %sext_ln42_177" [firmware/nnet_utils/nnet_dense_latency.h:58]   --->   Operation 1183 'add' 'add_ln58_6651' <Predicate = true> <Delay = 0.00> <CoreInst = "TAddSub">   --->   Core 10 'TAddSub' <Latency = 0> <II = 1> <Delay = 1.95> <IPBlock> <Opcode : '' 'add' 'sub'> <InPorts = 3> <OutPorts = 1> <Sync> <CReg>
ST_3 : Operation 1184 [1/1] (3.90ns) (root node of TernaryAdder)   --->   "%add_ln58_6654 = add i16 %add_ln58_6653, i16 %add_ln58_6651" [firmware/nnet_utils/nnet_dense_latency.h:58]   --->   Operation 1184 'add' 'add_ln58_6654' <Predicate = true> <Delay = 3.90> <CoreInst = "TAddSub">   --->   Core 10 'TAddSub' <Latency = 0> <II = 1> <Delay = 1.95> <IPBlock> <Opcode : '' 'add' 'sub'> <InPorts = 3> <OutPorts = 1> <Sync> <CReg>
ST_3 : Operation 1185 [1/1] (0.00ns) (grouped into TernaryAdder)   --->   "%add_ln58_6658 = add i16 %add_ln58_6657, i16 %add_ln58_6656" [firmware/nnet_utils/nnet_dense_latency.h:58]   --->   Operation 1185 'add' 'add_ln58_6658' <Predicate = true> <Delay = 0.00> <CoreInst = "TAddSub">   --->   Core 10 'TAddSub' <Latency = 0> <II = 1> <Delay = 1.95> <IPBlock> <Opcode : '' 'add' 'sub'> <InPorts = 3> <OutPorts = 1> <Sync> <CReg>
ST_3 : Operation 1186 [1/1] (3.90ns) (root node of TernaryAdder)   --->   "%add_ln58_6663 = add i16 %add_ln58_6662, i16 %add_ln58_6658" [firmware/nnet_utils/nnet_dense_latency.h:58]   --->   Operation 1186 'add' 'add_ln58_6663' <Predicate = true> <Delay = 3.90> <CoreInst = "TAddSub">   --->   Core 10 'TAddSub' <Latency = 0> <II = 1> <Delay = 1.95> <IPBlock> <Opcode : '' 'add' 'sub'> <InPorts = 3> <OutPorts = 1> <Sync> <CReg>
ST_3 : Operation 1187 [1/1] (0.00ns) (grouped into TernaryAdder)   --->   "%add_ln58_6665 = add i16 %sext_ln42_127, i16 %mult_606" [firmware/nnet_utils/nnet_dense_latency.h:58]   --->   Operation 1187 'add' 'add_ln58_6665' <Predicate = true> <Delay = 0.00> <CoreInst = "TAddSub">   --->   Core 10 'TAddSub' <Latency = 0> <II = 1> <Delay = 1.95> <IPBlock> <Opcode : '' 'add' 'sub'> <InPorts = 3> <OutPorts = 1> <Sync> <CReg>
ST_3 : Operation 1188 [1/1] (0.00ns)   --->   "%sext_ln58_3076 = sext i15 %add_ln58_6666" [firmware/nnet_utils/nnet_dense_latency.h:58]   --->   Operation 1188 'sext' 'sext_ln58_3076' <Predicate = true> <Delay = 0.00>
ST_3 : Operation 1189 [1/1] (3.90ns) (root node of TernaryAdder)   --->   "%add_ln58_6667 = add i16 %sext_ln58_3076, i16 %add_ln58_6665" [firmware/nnet_utils/nnet_dense_latency.h:58]   --->   Operation 1189 'add' 'add_ln58_6667' <Predicate = true> <Delay = 3.90> <CoreInst = "TAddSub">   --->   Core 10 'TAddSub' <Latency = 0> <II = 1> <Delay = 1.95> <IPBlock> <Opcode : '' 'add' 'sub'> <InPorts = 3> <OutPorts = 1> <Sync> <CReg>
ST_3 : Operation 1190 [1/1] (0.00ns) (grouped into TernaryAdder)   --->   "%add_ln58_6668 = add i16 %mult_659, i16 %sext_ln42_190" [firmware/nnet_utils/nnet_dense_latency.h:58]   --->   Operation 1190 'add' 'add_ln58_6668' <Predicate = true> <Delay = 0.00> <CoreInst = "TAddSub">   --->   Core 10 'TAddSub' <Latency = 0> <II = 1> <Delay = 1.95> <IPBlock> <Opcode : '' 'add' 'sub'> <InPorts = 3> <OutPorts = 1> <Sync> <CReg>
ST_3 : Operation 1191 [1/1] (3.90ns) (root node of TernaryAdder)   --->   "%add_ln58_6670 = add i16 %add_ln58_6669, i16 %add_ln58_6668" [firmware/nnet_utils/nnet_dense_latency.h:58]   --->   Operation 1191 'add' 'add_ln58_6670' <Predicate = true> <Delay = 3.90> <CoreInst = "TAddSub">   --->   Core 10 'TAddSub' <Latency = 0> <II = 1> <Delay = 1.95> <IPBlock> <Opcode : '' 'add' 'sub'> <InPorts = 3> <OutPorts = 1> <Sync> <CReg>
ST_3 : Operation 1192 [1/1] (0.00ns)   --->   "%sext_ln58_2320 = sext i15 %add_ln58_6673" [firmware/nnet_utils/nnet_dense_latency.h:58]   --->   Operation 1192 'sext' 'sext_ln58_2320' <Predicate = true> <Delay = 0.00>
ST_3 : Operation 1193 [1/1] (0.00ns) (grouped into TernaryAdder)   --->   "%add_ln58_6674 = add i16 %sext_ln58_2320, i16 %add_ln58_6672" [firmware/nnet_utils/nnet_dense_latency.h:58]   --->   Operation 1193 'add' 'add_ln58_6674' <Predicate = true> <Delay = 0.00> <CoreInst = "TAddSub">   --->   Core 10 'TAddSub' <Latency = 0> <II = 1> <Delay = 1.95> <IPBlock> <Opcode : '' 'add' 'sub'> <InPorts = 3> <OutPorts = 1> <Sync> <CReg>
ST_3 : Operation 1194 [1/1] (3.90ns) (root node of TernaryAdder)   --->   "%add_ln58_6679 = add i16 %add_ln58_6678, i16 %add_ln58_6674" [firmware/nnet_utils/nnet_dense_latency.h:58]   --->   Operation 1194 'add' 'add_ln58_6679' <Predicate = true> <Delay = 3.90> <CoreInst = "TAddSub">   --->   Core 10 'TAddSub' <Latency = 0> <II = 1> <Delay = 1.95> <IPBlock> <Opcode : '' 'add' 'sub'> <InPorts = 3> <OutPorts = 1> <Sync> <CReg>
ST_3 : Operation 1195 [1/1] (0.00ns) (grouped into TernaryAdder)   --->   "%add_ln58_6681 = add i16 %sext_ln42_135, i16 %sext_ln42_149" [firmware/nnet_utils/nnet_dense_latency.h:58]   --->   Operation 1195 'add' 'add_ln58_6681' <Predicate = true> <Delay = 0.00> <CoreInst = "TAddSub">   --->   Core 10 'TAddSub' <Latency = 0> <II = 1> <Delay = 1.95> <IPBlock> <Opcode : '' 'add' 'sub'> <InPorts = 3> <OutPorts = 1> <Sync> <CReg>
ST_3 : Operation 1196 [1/1] (3.90ns) (root node of TernaryAdder)   --->   "%add_ln58_6683 = add i16 %add_ln58_6682, i16 %add_ln58_6681" [firmware/nnet_utils/nnet_dense_latency.h:58]   --->   Operation 1196 'add' 'add_ln58_6683' <Predicate = true> <Delay = 3.90> <CoreInst = "TAddSub">   --->   Core 10 'TAddSub' <Latency = 0> <II = 1> <Delay = 1.95> <IPBlock> <Opcode : '' 'add' 'sub'> <InPorts = 3> <OutPorts = 1> <Sync> <CReg>
ST_3 : Operation 1197 [1/1] (0.00ns) (grouped into TernaryAdder)   --->   "%add_ln58_6691 = add i16 %add_ln58_6690, i16 %add_ln58_6688" [firmware/nnet_utils/nnet_dense_latency.h:58]   --->   Operation 1197 'add' 'add_ln58_6691' <Predicate = true> <Delay = 0.00> <CoreInst = "TAddSub">   --->   Core 10 'TAddSub' <Latency = 0> <II = 1> <Delay = 1.95> <IPBlock> <Opcode : '' 'add' 'sub'> <InPorts = 3> <OutPorts = 1> <Sync> <CReg>
ST_3 : Operation 1198 [1/1] (3.90ns) (root node of TernaryAdder)   --->   "%add_ln58_6695 = add i16 %add_ln58_6694, i16 %add_ln58_6691" [firmware/nnet_utils/nnet_dense_latency.h:58]   --->   Operation 1198 'add' 'add_ln58_6695' <Predicate = true> <Delay = 3.90> <CoreInst = "TAddSub">   --->   Core 10 'TAddSub' <Latency = 0> <II = 1> <Delay = 1.95> <IPBlock> <Opcode : '' 'add' 'sub'> <InPorts = 3> <OutPorts = 1> <Sync> <CReg>
ST_3 : Operation 1199 [1/1] (0.00ns) (grouped into TernaryAdder)   --->   "%add_ln58_6697 = add i16 %mult_511, i16 %sext_ln42_127" [firmware/nnet_utils/nnet_dense_latency.h:58]   --->   Operation 1199 'add' 'add_ln58_6697' <Predicate = true> <Delay = 0.00> <CoreInst = "TAddSub">   --->   Core 10 'TAddSub' <Latency = 0> <II = 1> <Delay = 1.95> <IPBlock> <Opcode : '' 'add' 'sub'> <InPorts = 3> <OutPorts = 1> <Sync> <CReg>
ST_3 : Operation 1200 [1/1] (3.90ns) (root node of TernaryAdder)   --->   "%add_ln58_6699 = add i16 %add_ln58_6698, i16 %add_ln58_6697" [firmware/nnet_utils/nnet_dense_latency.h:58]   --->   Operation 1200 'add' 'add_ln58_6699' <Predicate = true> <Delay = 3.90> <CoreInst = "TAddSub">   --->   Core 10 'TAddSub' <Latency = 0> <II = 1> <Delay = 1.95> <IPBlock> <Opcode : '' 'add' 'sub'> <InPorts = 3> <OutPorts = 1> <Sync> <CReg>
ST_3 : Operation 1201 [1/1] (0.00ns) (grouped into TernaryAdder)   --->   "%add_ln58_6700 = add i16 %mult_556, i16 %mult_565" [firmware/nnet_utils/nnet_dense_latency.h:58]   --->   Operation 1201 'add' 'add_ln58_6700' <Predicate = true> <Delay = 0.00> <CoreInst = "TAddSub">   --->   Core 10 'TAddSub' <Latency = 0> <II = 1> <Delay = 1.95> <IPBlock> <Opcode : '' 'add' 'sub'> <InPorts = 3> <OutPorts = 1> <Sync> <CReg>
ST_3 : Operation 1202 [1/1] (3.90ns) (root node of TernaryAdder)   --->   "%add_ln58_6703 = add i16 %add_ln58_6702, i16 %add_ln58_6700" [firmware/nnet_utils/nnet_dense_latency.h:58]   --->   Operation 1202 'add' 'add_ln58_6703' <Predicate = true> <Delay = 3.90> <CoreInst = "TAddSub">   --->   Core 10 'TAddSub' <Latency = 0> <II = 1> <Delay = 1.95> <IPBlock> <Opcode : '' 'add' 'sub'> <InPorts = 3> <OutPorts = 1> <Sync> <CReg>
ST_3 : Operation 1203 [1/1] (0.00ns) (grouped into TernaryAdder)   --->   "%add_ln58_6707 = add i16 %add_ln58_6706, i16 %add_ln58_6705" [firmware/nnet_utils/nnet_dense_latency.h:58]   --->   Operation 1203 'add' 'add_ln58_6707' <Predicate = true> <Delay = 0.00> <CoreInst = "TAddSub">   --->   Core 10 'TAddSub' <Latency = 0> <II = 1> <Delay = 1.95> <IPBlock> <Opcode : '' 'add' 'sub'> <InPorts = 3> <OutPorts = 1> <Sync> <CReg>
ST_3 : Operation 1204 [1/1] (3.90ns) (root node of TernaryAdder)   --->   "%add_ln58_6712 = add i16 %add_ln58_6711, i16 %add_ln58_6707" [firmware/nnet_utils/nnet_dense_latency.h:58]   --->   Operation 1204 'add' 'add_ln58_6712' <Predicate = true> <Delay = 3.90> <CoreInst = "TAddSub">   --->   Core 10 'TAddSub' <Latency = 0> <II = 1> <Delay = 1.95> <IPBlock> <Opcode : '' 'add' 'sub'> <InPorts = 3> <OutPorts = 1> <Sync> <CReg>
ST_3 : Operation 1205 [1/1] (0.00ns)   --->   "%sext_ln58_3078 = sext i15 %add_ln58_6714" [firmware/nnet_utils/nnet_dense_latency.h:58]   --->   Operation 1205 'sext' 'sext_ln58_3078' <Predicate = true> <Delay = 0.00>
ST_3 : Operation 1206 [1/1] (0.00ns) (grouped into TernaryAdder)   --->   "%add_ln58_6715 = add i16 %sext_ln42_163, i16 %sext_ln42_171" [firmware/nnet_utils/nnet_dense_latency.h:58]   --->   Operation 1206 'add' 'add_ln58_6715' <Predicate = true> <Delay = 0.00> <CoreInst = "TAddSub">   --->   Core 10 'TAddSub' <Latency = 0> <II = 1> <Delay = 1.95> <IPBlock> <Opcode : '' 'add' 'sub'> <InPorts = 3> <OutPorts = 1> <Sync> <CReg>
ST_3 : Operation 1207 [1/1] (3.90ns) (root node of TernaryAdder)   --->   "%add_ln58_6716 = add i16 %add_ln58_6715, i16 %sext_ln58_3078" [firmware/nnet_utils/nnet_dense_latency.h:58]   --->   Operation 1207 'add' 'add_ln58_6716' <Predicate = true> <Delay = 3.90> <CoreInst = "TAddSub">   --->   Core 10 'TAddSub' <Latency = 0> <II = 1> <Delay = 1.95> <IPBlock> <Opcode : '' 'add' 'sub'> <InPorts = 3> <OutPorts = 1> <Sync> <CReg>
ST_3 : Operation 1208 [1/1] (0.00ns)   --->   "%sext_ln58_2328 = sext i15 %add_ln58_6721" [firmware/nnet_utils/nnet_dense_latency.h:58]   --->   Operation 1208 'sext' 'sext_ln58_2328' <Predicate = true> <Delay = 0.00>
ST_3 : Operation 1209 [1/1] (0.00ns)   --->   "%sext_ln58_2329 = sext i15 %add_ln58_6722" [firmware/nnet_utils/nnet_dense_latency.h:58]   --->   Operation 1209 'sext' 'sext_ln58_2329' <Predicate = true> <Delay = 0.00>
ST_3 : Operation 1210 [1/1] (0.00ns) (grouped into TernaryAdder)   --->   "%add_ln58_6723 = add i16 %sext_ln58_2329, i16 %sext_ln58_2328" [firmware/nnet_utils/nnet_dense_latency.h:58]   --->   Operation 1210 'add' 'add_ln58_6723' <Predicate = true> <Delay = 0.00> <CoreInst = "TAddSub">   --->   Core 10 'TAddSub' <Latency = 0> <II = 1> <Delay = 1.95> <IPBlock> <Opcode : '' 'add' 'sub'> <InPorts = 3> <OutPorts = 1> <Sync> <CReg>
ST_3 : Operation 1211 [1/1] (3.90ns) (root node of TernaryAdder)   --->   "%add_ln58_6727 = add i16 %add_ln58_6726, i16 %add_ln58_6723" [firmware/nnet_utils/nnet_dense_latency.h:58]   --->   Operation 1211 'add' 'add_ln58_6727' <Predicate = true> <Delay = 3.90> <CoreInst = "TAddSub">   --->   Core 10 'TAddSub' <Latency = 0> <II = 1> <Delay = 1.95> <IPBlock> <Opcode : '' 'add' 'sub'> <InPorts = 3> <OutPorts = 1> <Sync> <CReg>
ST_3 : Operation 1212 [1/1] (0.00ns) (grouped into TernaryAdder)   --->   "%add_ln58_6729 = add i16 %add_ln58_6276, i16 %sext_ln42_134" [firmware/nnet_utils/nnet_dense_latency.h:58]   --->   Operation 1212 'add' 'add_ln58_6729' <Predicate = true> <Delay = 0.00> <CoreInst = "TAddSub">   --->   Core 10 'TAddSub' <Latency = 0> <II = 1> <Delay = 1.95> <IPBlock> <Opcode : '' 'add' 'sub'> <InPorts = 3> <OutPorts = 1> <Sync> <CReg>
ST_3 : Operation 1213 [1/1] (3.90ns) (root node of TernaryAdder)   --->   "%add_ln58_6731 = add i16 %add_ln58_6730, i16 %add_ln58_6729" [firmware/nnet_utils/nnet_dense_latency.h:58]   --->   Operation 1213 'add' 'add_ln58_6731' <Predicate = true> <Delay = 3.90> <CoreInst = "TAddSub">   --->   Core 10 'TAddSub' <Latency = 0> <II = 1> <Delay = 1.95> <IPBlock> <Opcode : '' 'add' 'sub'> <InPorts = 3> <OutPorts = 1> <Sync> <CReg>
ST_3 : Operation 1214 [1/1] (0.00ns) (grouped into TernaryAdder)   --->   "%add_ln58_6732 = add i16 %sext_ln42_149, i16 %mult_562" [firmware/nnet_utils/nnet_dense_latency.h:58]   --->   Operation 1214 'add' 'add_ln58_6732' <Predicate = true> <Delay = 0.00> <CoreInst = "TAddSub">   --->   Core 10 'TAddSub' <Latency = 0> <II = 1> <Delay = 1.95> <IPBlock> <Opcode : '' 'add' 'sub'> <InPorts = 3> <OutPorts = 1> <Sync> <CReg>
ST_3 : Operation 1215 [1/1] (3.90ns) (root node of TernaryAdder)   --->   "%add_ln58_6735 = add i16 %add_ln58_6734, i16 %add_ln58_6732" [firmware/nnet_utils/nnet_dense_latency.h:58]   --->   Operation 1215 'add' 'add_ln58_6735' <Predicate = true> <Delay = 3.90> <CoreInst = "TAddSub">   --->   Core 10 'TAddSub' <Latency = 0> <II = 1> <Delay = 1.95> <IPBlock> <Opcode : '' 'add' 'sub'> <InPorts = 3> <OutPorts = 1> <Sync> <CReg>
ST_3 : Operation 1216 [1/1] (0.00ns) (grouped into TernaryAdder)   --->   "%add_ln58_6740 = add i16 %add_ln58_6739, i16 %add_ln58_6737" [firmware/nnet_utils/nnet_dense_latency.h:58]   --->   Operation 1216 'add' 'add_ln58_6740' <Predicate = true> <Delay = 0.00> <CoreInst = "TAddSub">   --->   Core 10 'TAddSub' <Latency = 0> <II = 1> <Delay = 1.95> <IPBlock> <Opcode : '' 'add' 'sub'> <InPorts = 3> <OutPorts = 1> <Sync> <CReg>
ST_3 : Operation 1217 [1/1] (3.90ns) (root node of TernaryAdder)   --->   "%add_ln58_6745 = add i16 %add_ln58_6744, i16 %add_ln58_6740" [firmware/nnet_utils/nnet_dense_latency.h:58]   --->   Operation 1217 'add' 'add_ln58_6745' <Predicate = true> <Delay = 3.90> <CoreInst = "TAddSub">   --->   Core 10 'TAddSub' <Latency = 0> <II = 1> <Delay = 1.95> <IPBlock> <Opcode : '' 'add' 'sub'> <InPorts = 3> <OutPorts = 1> <Sync> <CReg>
ST_3 : Operation 1218 [1/1] (0.00ns)   --->   "%sext_ln58_3079 = sext i15 %add_ln58_6747" [firmware/nnet_utils/nnet_dense_latency.h:58]   --->   Operation 1218 'sext' 'sext_ln58_3079' <Predicate = true> <Delay = 0.00>
ST_3 : Operation 1219 [1/1] (0.00ns) (grouped into TernaryAdder)   --->   "%add_ln58_6748 = add i16 %mult_539, i16 %mult_547" [firmware/nnet_utils/nnet_dense_latency.h:58]   --->   Operation 1219 'add' 'add_ln58_6748' <Predicate = true> <Delay = 0.00> <CoreInst = "TAddSub">   --->   Core 10 'TAddSub' <Latency = 0> <II = 1> <Delay = 1.95> <IPBlock> <Opcode : '' 'add' 'sub'> <InPorts = 3> <OutPorts = 1> <Sync> <CReg>
ST_3 : Operation 1220 [1/1] (3.90ns) (root node of TernaryAdder)   --->   "%add_ln58_6749 = add i16 %add_ln58_6748, i16 %sext_ln58_3079" [firmware/nnet_utils/nnet_dense_latency.h:58]   --->   Operation 1220 'add' 'add_ln58_6749' <Predicate = true> <Delay = 3.90> <CoreInst = "TAddSub">   --->   Core 10 'TAddSub' <Latency = 0> <II = 1> <Delay = 1.95> <IPBlock> <Opcode : '' 'add' 'sub'> <InPorts = 3> <OutPorts = 1> <Sync> <CReg>
ST_3 : Operation 1221 [1/1] (0.00ns) (grouped into TernaryAdder)   --->   "%add_ln58_6750 = add i16 %mult_581, i16 %mult_601" [firmware/nnet_utils/nnet_dense_latency.h:58]   --->   Operation 1221 'add' 'add_ln58_6750' <Predicate = true> <Delay = 0.00> <CoreInst = "TAddSub">   --->   Core 10 'TAddSub' <Latency = 0> <II = 1> <Delay = 1.95> <IPBlock> <Opcode : '' 'add' 'sub'> <InPorts = 3> <OutPorts = 1> <Sync> <CReg>
ST_3 : Operation 1222 [1/1] (3.90ns) (root node of TernaryAdder)   --->   "%add_ln58_6753 = add i16 %add_ln58_6752, i16 %add_ln58_6750" [firmware/nnet_utils/nnet_dense_latency.h:58]   --->   Operation 1222 'add' 'add_ln58_6753' <Predicate = true> <Delay = 3.90> <CoreInst = "TAddSub">   --->   Core 10 'TAddSub' <Latency = 0> <II = 1> <Delay = 1.95> <IPBlock> <Opcode : '' 'add' 'sub'> <InPorts = 3> <OutPorts = 1> <Sync> <CReg>
ST_3 : Operation 1223 [1/1] (0.00ns) (grouped into TernaryAdder)   --->   "%add_ln58_6758 = add i16 %add_ln58_6757, i16 %add_ln58_6755" [firmware/nnet_utils/nnet_dense_latency.h:58]   --->   Operation 1223 'add' 'add_ln58_6758' <Predicate = true> <Delay = 0.00> <CoreInst = "TAddSub">   --->   Core 10 'TAddSub' <Latency = 0> <II = 1> <Delay = 1.95> <IPBlock> <Opcode : '' 'add' 'sub'> <InPorts = 3> <OutPorts = 1> <Sync> <CReg>
ST_3 : Operation 1224 [1/1] (3.90ns) (root node of TernaryAdder)   --->   "%add_ln58_6763 = add i16 %add_ln58_6762, i16 %add_ln58_6758" [firmware/nnet_utils/nnet_dense_latency.h:58]   --->   Operation 1224 'add' 'add_ln58_6763' <Predicate = true> <Delay = 3.90> <CoreInst = "TAddSub">   --->   Core 10 'TAddSub' <Latency = 0> <II = 1> <Delay = 1.95> <IPBlock> <Opcode : '' 'add' 'sub'> <InPorts = 3> <OutPorts = 1> <Sync> <CReg>
ST_3 : Operation 1225 [1/1] (0.00ns) (grouped into TernaryAdder)   --->   "%add_ln58_6765 = add i16 %mult_517, i16 %mult_535" [firmware/nnet_utils/nnet_dense_latency.h:58]   --->   Operation 1225 'add' 'add_ln58_6765' <Predicate = true> <Delay = 0.00> <CoreInst = "TAddSub">   --->   Core 10 'TAddSub' <Latency = 0> <II = 1> <Delay = 1.95> <IPBlock> <Opcode : '' 'add' 'sub'> <InPorts = 3> <OutPorts = 1> <Sync> <CReg>
ST_3 : Operation 1226 [1/1] (3.90ns) (root node of TernaryAdder)   --->   "%add_ln58_6768 = add i16 %add_ln58_6767, i16 %add_ln58_6765" [firmware/nnet_utils/nnet_dense_latency.h:58]   --->   Operation 1226 'add' 'add_ln58_6768' <Predicate = true> <Delay = 3.90> <CoreInst = "TAddSub">   --->   Core 10 'TAddSub' <Latency = 0> <II = 1> <Delay = 1.95> <IPBlock> <Opcode : '' 'add' 'sub'> <InPorts = 3> <OutPorts = 1> <Sync> <CReg>
ST_3 : Operation 1227 [1/1] (0.00ns) (grouped into TernaryAdder)   --->   "%add_ln58_6770 = add i16 %add_ln58_6769, i16 %sext_ln42_180" [firmware/nnet_utils/nnet_dense_latency.h:58]   --->   Operation 1227 'add' 'add_ln58_6770' <Predicate = true> <Delay = 0.00> <CoreInst = "TAddSub">   --->   Core 10 'TAddSub' <Latency = 0> <II = 1> <Delay = 1.95> <IPBlock> <Opcode : '' 'add' 'sub'> <InPorts = 3> <OutPorts = 1> <Sync> <CReg>
ST_3 : Operation 1228 [1/1] (3.90ns) (root node of TernaryAdder)   --->   "%add_ln58_6773 = add i16 %add_ln58_6772, i16 %add_ln58_6770" [firmware/nnet_utils/nnet_dense_latency.h:58]   --->   Operation 1228 'add' 'add_ln58_6773' <Predicate = true> <Delay = 3.90> <CoreInst = "TAddSub">   --->   Core 10 'TAddSub' <Latency = 0> <II = 1> <Delay = 1.95> <IPBlock> <Opcode : '' 'add' 'sub'> <InPorts = 3> <OutPorts = 1> <Sync> <CReg>
ST_3 : Operation 1229 [1/1] (0.00ns)   --->   "%sext_ln58_2337 = sext i15 %add_ln58_6775" [firmware/nnet_utils/nnet_dense_latency.h:58]   --->   Operation 1229 'sext' 'sext_ln58_2337' <Predicate = true> <Delay = 0.00>
ST_3 : Operation 1230 [1/1] (0.00ns) (grouped into TernaryAdder)   --->   "%add_ln58_6778 = add i16 %add_ln58_6777, i16 %sext_ln58_2337" [firmware/nnet_utils/nnet_dense_latency.h:58]   --->   Operation 1230 'add' 'add_ln58_6778' <Predicate = true> <Delay = 0.00> <CoreInst = "TAddSub">   --->   Core 10 'TAddSub' <Latency = 0> <II = 1> <Delay = 1.95> <IPBlock> <Opcode : '' 'add' 'sub'> <InPorts = 3> <OutPorts = 1> <Sync> <CReg>
ST_3 : Operation 1231 [1/1] (3.90ns) (root node of TernaryAdder)   --->   "%add_ln58_6784 = add i16 %add_ln58_6783, i16 %add_ln58_6778" [firmware/nnet_utils/nnet_dense_latency.h:58]   --->   Operation 1231 'add' 'add_ln58_6784' <Predicate = true> <Delay = 3.90> <CoreInst = "TAddSub">   --->   Core 10 'TAddSub' <Latency = 0> <II = 1> <Delay = 1.95> <IPBlock> <Opcode : '' 'add' 'sub'> <InPorts = 3> <OutPorts = 1> <Sync> <CReg>
ST_3 : Operation 1232 [1/1] (0.00ns) (grouped into TernaryAdder)   --->   "%add_ln58_6786 = add i16 %mult_535, i16 %mult_569" [firmware/nnet_utils/nnet_dense_latency.h:58]   --->   Operation 1232 'add' 'add_ln58_6786' <Predicate = true> <Delay = 0.00> <CoreInst = "TAddSub">   --->   Core 10 'TAddSub' <Latency = 0> <II = 1> <Delay = 1.95> <IPBlock> <Opcode : '' 'add' 'sub'> <InPorts = 3> <OutPorts = 1> <Sync> <CReg>
ST_3 : Operation 1233 [1/1] (3.90ns) (root node of TernaryAdder)   --->   "%add_ln58_6788 = add i16 %add_ln58_6787, i16 %add_ln58_6786" [firmware/nnet_utils/nnet_dense_latency.h:58]   --->   Operation 1233 'add' 'add_ln58_6788' <Predicate = true> <Delay = 3.90> <CoreInst = "TAddSub">   --->   Core 10 'TAddSub' <Latency = 0> <II = 1> <Delay = 1.95> <IPBlock> <Opcode : '' 'add' 'sub'> <InPorts = 3> <OutPorts = 1> <Sync> <CReg>
ST_3 : Operation 1234 [1/1] (0.00ns)   --->   "%sext_ln58_2343 = sext i15 %add_ln58_6794" [firmware/nnet_utils/nnet_dense_latency.h:58]   --->   Operation 1234 'sext' 'sext_ln58_2343' <Predicate = true> <Delay = 0.00>
ST_3 : Operation 1235 [1/1] (0.00ns)   --->   "%sext_ln58_2344 = sext i15 %add_ln58_6795" [firmware/nnet_utils/nnet_dense_latency.h:58]   --->   Operation 1235 'sext' 'sext_ln58_2344' <Predicate = true> <Delay = 0.00>
ST_3 : Operation 1236 [1/1] (0.00ns) (grouped into TernaryAdder)   --->   "%add_ln58_6796 = add i16 %sext_ln58_2344, i16 %sext_ln58_2343" [firmware/nnet_utils/nnet_dense_latency.h:58]   --->   Operation 1236 'add' 'add_ln58_6796' <Predicate = true> <Delay = 0.00> <CoreInst = "TAddSub">   --->   Core 10 'TAddSub' <Latency = 0> <II = 1> <Delay = 1.95> <IPBlock> <Opcode : '' 'add' 'sub'> <InPorts = 3> <OutPorts = 1> <Sync> <CReg>
ST_3 : Operation 1237 [1/1] (3.90ns) (root node of TernaryAdder)   --->   "%add_ln58_6801 = add i16 %add_ln58_6800, i16 %add_ln58_6796" [firmware/nnet_utils/nnet_dense_latency.h:58]   --->   Operation 1237 'add' 'add_ln58_6801' <Predicate = true> <Delay = 3.90> <CoreInst = "TAddSub">   --->   Core 10 'TAddSub' <Latency = 0> <II = 1> <Delay = 1.95> <IPBlock> <Opcode : '' 'add' 'sub'> <InPorts = 3> <OutPorts = 1> <Sync> <CReg>
ST_3 : Operation 1238 [1/1] (0.00ns) (grouped into TernaryAdder)   --->   "%add_ln58_6803 = add i16 %sext_ln42_140, i16 %mult_554" [firmware/nnet_utils/nnet_dense_latency.h:58]   --->   Operation 1238 'add' 'add_ln58_6803' <Predicate = true> <Delay = 0.00> <CoreInst = "TAddSub">   --->   Core 10 'TAddSub' <Latency = 0> <II = 1> <Delay = 1.95> <IPBlock> <Opcode : '' 'add' 'sub'> <InPorts = 3> <OutPorts = 1> <Sync> <CReg>
ST_3 : Operation 1239 [1/1] (3.90ns) (root node of TernaryAdder)   --->   "%add_ln58_6805 = add i16 %add_ln58_6804, i16 %add_ln58_6803" [firmware/nnet_utils/nnet_dense_latency.h:58]   --->   Operation 1239 'add' 'add_ln58_6805' <Predicate = true> <Delay = 3.90> <CoreInst = "TAddSub">   --->   Core 10 'TAddSub' <Latency = 0> <II = 1> <Delay = 1.95> <IPBlock> <Opcode : '' 'add' 'sub'> <InPorts = 3> <OutPorts = 1> <Sync> <CReg>
ST_3 : Operation 1240 [1/1] (0.00ns) (grouped into TernaryAdder)   --->   "%add_ln58_6806 = add i16 %mult_629, i16 %sext_ln42_184" [firmware/nnet_utils/nnet_dense_latency.h:58]   --->   Operation 1240 'add' 'add_ln58_6806' <Predicate = true> <Delay = 0.00> <CoreInst = "TAddSub">   --->   Core 10 'TAddSub' <Latency = 0> <II = 1> <Delay = 1.95> <IPBlock> <Opcode : '' 'add' 'sub'> <InPorts = 3> <OutPorts = 1> <Sync> <CReg>
ST_3 : Operation 1241 [1/1] (3.90ns) (root node of TernaryAdder)   --->   "%add_ln58_6809 = add i16 %add_ln58_6808, i16 %add_ln58_6806" [firmware/nnet_utils/nnet_dense_latency.h:58]   --->   Operation 1241 'add' 'add_ln58_6809' <Predicate = true> <Delay = 3.90> <CoreInst = "TAddSub">   --->   Core 10 'TAddSub' <Latency = 0> <II = 1> <Delay = 1.95> <IPBlock> <Opcode : '' 'add' 'sub'> <InPorts = 3> <OutPorts = 1> <Sync> <CReg>
ST_3 : Operation 1242 [1/1] (0.00ns) (grouped into TernaryAdder)   --->   "%add_ln58_6814 = add i16 %add_ln58_6813, i16 %add_ln58_6811" [firmware/nnet_utils/nnet_dense_latency.h:58]   --->   Operation 1242 'add' 'add_ln58_6814' <Predicate = true> <Delay = 0.00> <CoreInst = "TAddSub">   --->   Core 10 'TAddSub' <Latency = 0> <II = 1> <Delay = 1.95> <IPBlock> <Opcode : '' 'add' 'sub'> <InPorts = 3> <OutPorts = 1> <Sync> <CReg>
ST_3 : Operation 1243 [1/1] (3.90ns) (root node of TernaryAdder)   --->   "%add_ln58_6819 = add i16 %add_ln58_6818, i16 %add_ln58_6814" [firmware/nnet_utils/nnet_dense_latency.h:58]   --->   Operation 1243 'add' 'add_ln58_6819' <Predicate = true> <Delay = 3.90> <CoreInst = "TAddSub">   --->   Core 10 'TAddSub' <Latency = 0> <II = 1> <Delay = 1.95> <IPBlock> <Opcode : '' 'add' 'sub'> <InPorts = 3> <OutPorts = 1> <Sync> <CReg>
ST_3 : Operation 1244 [1/1] (0.00ns) (grouped into TernaryAdder)   --->   "%add_ln58_6821 = add i16 %sext_ln42_124, i16 %mult_552" [firmware/nnet_utils/nnet_dense_latency.h:58]   --->   Operation 1244 'add' 'add_ln58_6821' <Predicate = true> <Delay = 0.00> <CoreInst = "TAddSub">   --->   Core 10 'TAddSub' <Latency = 0> <II = 1> <Delay = 1.95> <IPBlock> <Opcode : '' 'add' 'sub'> <InPorts = 3> <OutPorts = 1> <Sync> <CReg>
ST_3 : Operation 1245 [1/1] (3.90ns) (root node of TernaryAdder)   --->   "%add_ln58_6823 = add i16 %add_ln58_6822, i16 %add_ln58_6821" [firmware/nnet_utils/nnet_dense_latency.h:58]   --->   Operation 1245 'add' 'add_ln58_6823' <Predicate = true> <Delay = 3.90> <CoreInst = "TAddSub">   --->   Core 10 'TAddSub' <Latency = 0> <II = 1> <Delay = 1.95> <IPBlock> <Opcode : '' 'add' 'sub'> <InPorts = 3> <OutPorts = 1> <Sync> <CReg>
ST_3 : Operation 1246 [1/1] (0.00ns) (grouped into TernaryAdder)   --->   "%add_ln58_6824 = add i16 %mult_579, i16 %mult_593" [firmware/nnet_utils/nnet_dense_latency.h:58]   --->   Operation 1246 'add' 'add_ln58_6824' <Predicate = true> <Delay = 0.00> <CoreInst = "TAddSub">   --->   Core 10 'TAddSub' <Latency = 0> <II = 1> <Delay = 1.95> <IPBlock> <Opcode : '' 'add' 'sub'> <InPorts = 3> <OutPorts = 1> <Sync> <CReg>
ST_3 : Operation 1247 [1/1] (3.90ns) (root node of TernaryAdder)   --->   "%add_ln58_6827 = add i16 %add_ln58_6826, i16 %add_ln58_6824" [firmware/nnet_utils/nnet_dense_latency.h:58]   --->   Operation 1247 'add' 'add_ln58_6827' <Predicate = true> <Delay = 3.90> <CoreInst = "TAddSub">   --->   Core 10 'TAddSub' <Latency = 0> <II = 1> <Delay = 1.95> <IPBlock> <Opcode : '' 'add' 'sub'> <InPorts = 3> <OutPorts = 1> <Sync> <CReg>
ST_3 : Operation 1248 [1/1] (0.00ns) (grouped into TernaryAdder)   --->   "%add_ln58_6831 = add i16 %add_ln58_6830, i16 %add_ln58_6829" [firmware/nnet_utils/nnet_dense_latency.h:58]   --->   Operation 1248 'add' 'add_ln58_6831' <Predicate = true> <Delay = 0.00> <CoreInst = "TAddSub">   --->   Core 10 'TAddSub' <Latency = 0> <II = 1> <Delay = 1.95> <IPBlock> <Opcode : '' 'add' 'sub'> <InPorts = 3> <OutPorts = 1> <Sync> <CReg>
ST_3 : Operation 1249 [1/1] (3.90ns) (root node of TernaryAdder)   --->   "%add_ln58_6836 = add i16 %add_ln58_6835, i16 %add_ln58_6831" [firmware/nnet_utils/nnet_dense_latency.h:58]   --->   Operation 1249 'add' 'add_ln58_6836' <Predicate = true> <Delay = 3.90> <CoreInst = "TAddSub">   --->   Core 10 'TAddSub' <Latency = 0> <II = 1> <Delay = 1.95> <IPBlock> <Opcode : '' 'add' 'sub'> <InPorts = 3> <OutPorts = 1> <Sync> <CReg>

State 4 <SV = 3> <Delay = 3.90>
ST_4 : Operation 1250 [1/1] (0.00ns)   --->   "%specpipeline_ln33 = specpipeline void @_ssdm_op_SpecPipeline, i32 1, i32 0, i32 0, i32 0, void @empty_0" [firmware/nnet_utils/nnet_dense_latency.h:33]   --->   Operation 1250 'specpipeline' 'specpipeline_ln33' <Predicate = true> <Delay = 0.00>
ST_4 : Operation 1251 [1/1] (0.00ns)   --->   "%specresourcelimit_ln33 = specresourcelimit void @_ssdm_op_SpecResourceLimit, i64 609, void @empty_1, void @empty_0, void @empty_0, void @empty_0" [firmware/nnet_utils/nnet_dense_latency.h:33]   --->   Operation 1251 'specresourcelimit' 'specresourcelimit_ln33' <Predicate = true> <Delay = 0.00>
ST_4 : Operation 1252 [1/1] (0.00ns) (grouped into TernaryAdder)   --->   "%add_ln58_6285 = add i16 %add_ln58_6284, i16 %add_ln58_6281" [firmware/nnet_utils/nnet_dense_latency.h:58]   --->   Operation 1252 'add' 'add_ln58_6285' <Predicate = true> <Delay = 0.00> <CoreInst = "TAddSub">   --->   Core 10 'TAddSub' <Latency = 0> <II = 1> <Delay = 1.95> <IPBlock> <Opcode : '' 'add' 'sub'> <InPorts = 3> <OutPorts = 1> <Sync> <CReg>
ST_4 : Operation 1253 [1/1] (3.90ns) (root node of TernaryAdder)   --->   "%add_ln58_6294 = add i16 %add_ln58_6293, i16 %add_ln58_6285" [firmware/nnet_utils/nnet_dense_latency.h:58]   --->   Operation 1253 'add' 'add_ln58_6294' <Predicate = true> <Delay = 3.90> <CoreInst = "TAddSub">   --->   Core 10 'TAddSub' <Latency = 0> <II = 1> <Delay = 1.95> <IPBlock> <Opcode : '' 'add' 'sub'> <InPorts = 3> <OutPorts = 1> <Sync> <CReg>
ST_4 : Operation 1254 [1/1] (0.00ns) (grouped into TernaryAdder)   --->   "%add_ln58_6300 = add i16 %add_ln58_6299, i16 %add_ln58_6296" [firmware/nnet_utils/nnet_dense_latency.h:58]   --->   Operation 1254 'add' 'add_ln58_6300' <Predicate = true> <Delay = 0.00> <CoreInst = "TAddSub">   --->   Core 10 'TAddSub' <Latency = 0> <II = 1> <Delay = 1.95> <IPBlock> <Opcode : '' 'add' 'sub'> <InPorts = 3> <OutPorts = 1> <Sync> <CReg>
ST_4 : Operation 1255 [1/1] (3.90ns) (root node of TernaryAdder)   --->   "%add_ln58_6308 = add i16 %add_ln58_6307, i16 %add_ln58_6300" [firmware/nnet_utils/nnet_dense_latency.h:58]   --->   Operation 1255 'add' 'add_ln58_6308' <Predicate = true> <Delay = 3.90> <CoreInst = "TAddSub">   --->   Core 10 'TAddSub' <Latency = 0> <II = 1> <Delay = 1.95> <IPBlock> <Opcode : '' 'add' 'sub'> <InPorts = 3> <OutPorts = 1> <Sync> <CReg>
ST_4 : Operation 1256 [1/1] (0.00ns) (grouped into TernaryAdder)   --->   "%add_ln58_6316 = add i16 %add_ln58_6315, i16 %add_ln58_6311" [firmware/nnet_utils/nnet_dense_latency.h:58]   --->   Operation 1256 'add' 'add_ln58_6316' <Predicate = true> <Delay = 0.00> <CoreInst = "TAddSub">   --->   Core 10 'TAddSub' <Latency = 0> <II = 1> <Delay = 1.95> <IPBlock> <Opcode : '' 'add' 'sub'> <InPorts = 3> <OutPorts = 1> <Sync> <CReg>
ST_4 : Operation 1257 [1/1] (3.90ns) (root node of TernaryAdder)   --->   "%add_ln58_6326 = add i16 %add_ln58_6325, i16 %add_ln58_6316" [firmware/nnet_utils/nnet_dense_latency.h:58]   --->   Operation 1257 'add' 'add_ln58_6326' <Predicate = true> <Delay = 3.90> <CoreInst = "TAddSub">   --->   Core 10 'TAddSub' <Latency = 0> <II = 1> <Delay = 1.95> <IPBlock> <Opcode : '' 'add' 'sub'> <InPorts = 3> <OutPorts = 1> <Sync> <CReg>
ST_4 : Operation 1258 [1/1] (0.00ns) (grouped into TernaryAdder)   --->   "%add_ln58_6333 = add i16 %add_ln58_6332, i16 %add_ln58_6329" [firmware/nnet_utils/nnet_dense_latency.h:58]   --->   Operation 1258 'add' 'add_ln58_6333' <Predicate = true> <Delay = 0.00> <CoreInst = "TAddSub">   --->   Core 10 'TAddSub' <Latency = 0> <II = 1> <Delay = 1.95> <IPBlock> <Opcode : '' 'add' 'sub'> <InPorts = 3> <OutPorts = 1> <Sync> <CReg>
ST_4 : Operation 1259 [1/1] (3.90ns) (root node of TernaryAdder)   --->   "%add_ln58_6340 = add i16 %add_ln58_6339, i16 %add_ln58_6333" [firmware/nnet_utils/nnet_dense_latency.h:58]   --->   Operation 1259 'add' 'add_ln58_6340' <Predicate = true> <Delay = 3.90> <CoreInst = "TAddSub">   --->   Core 10 'TAddSub' <Latency = 0> <II = 1> <Delay = 1.95> <IPBlock> <Opcode : '' 'add' 'sub'> <InPorts = 3> <OutPorts = 1> <Sync> <CReg>
ST_4 : Operation 1260 [1/1] (0.00ns) (grouped into TernaryAdder)   --->   "%add_ln58_6347 = add i16 %add_ln58_6346, i16 %add_ln58_6343" [firmware/nnet_utils/nnet_dense_latency.h:58]   --->   Operation 1260 'add' 'add_ln58_6347' <Predicate = true> <Delay = 0.00> <CoreInst = "TAddSub">   --->   Core 10 'TAddSub' <Latency = 0> <II = 1> <Delay = 1.95> <IPBlock> <Opcode : '' 'add' 'sub'> <InPorts = 3> <OutPorts = 1> <Sync> <CReg>
ST_4 : Operation 1261 [1/1] (3.90ns) (root node of TernaryAdder)   --->   "%add_ln58_6357 = add i16 %add_ln58_6356, i16 %add_ln58_6347" [firmware/nnet_utils/nnet_dense_latency.h:58]   --->   Operation 1261 'add' 'add_ln58_6357' <Predicate = true> <Delay = 3.90> <CoreInst = "TAddSub">   --->   Core 10 'TAddSub' <Latency = 0> <II = 1> <Delay = 1.95> <IPBlock> <Opcode : '' 'add' 'sub'> <InPorts = 3> <OutPorts = 1> <Sync> <CReg>
ST_4 : Operation 1262 [1/1] (0.00ns) (grouped into TernaryAdder)   --->   "%add_ln58_6366 = add i16 %add_ln58_6365, i16 %add_ln58_6361" [firmware/nnet_utils/nnet_dense_latency.h:58]   --->   Operation 1262 'add' 'add_ln58_6366' <Predicate = true> <Delay = 0.00> <CoreInst = "TAddSub">   --->   Core 10 'TAddSub' <Latency = 0> <II = 1> <Delay = 1.95> <IPBlock> <Opcode : '' 'add' 'sub'> <InPorts = 3> <OutPorts = 1> <Sync> <CReg>
ST_4 : Operation 1263 [1/1] (3.90ns) (root node of TernaryAdder)   --->   "%add_ln58_6376 = add i16 %add_ln58_6375, i16 %add_ln58_6366" [firmware/nnet_utils/nnet_dense_latency.h:58]   --->   Operation 1263 'add' 'add_ln58_6376' <Predicate = true> <Delay = 3.90> <CoreInst = "TAddSub">   --->   Core 10 'TAddSub' <Latency = 0> <II = 1> <Delay = 1.95> <IPBlock> <Opcode : '' 'add' 'sub'> <InPorts = 3> <OutPorts = 1> <Sync> <CReg>
ST_4 : Operation 1264 [1/1] (0.00ns) (grouped into TernaryAdder)   --->   "%add_ln58_6385 = add i16 %add_ln58_6384, i16 %add_ln58_6380" [firmware/nnet_utils/nnet_dense_latency.h:58]   --->   Operation 1264 'add' 'add_ln58_6385' <Predicate = true> <Delay = 0.00> <CoreInst = "TAddSub">   --->   Core 10 'TAddSub' <Latency = 0> <II = 1> <Delay = 1.95> <IPBlock> <Opcode : '' 'add' 'sub'> <InPorts = 3> <OutPorts = 1> <Sync> <CReg>
ST_4 : Operation 1265 [1/1] (3.90ns) (root node of TernaryAdder)   --->   "%add_ln58_6395 = add i16 %add_ln58_6394, i16 %add_ln58_6385" [firmware/nnet_utils/nnet_dense_latency.h:58]   --->   Operation 1265 'add' 'add_ln58_6395' <Predicate = true> <Delay = 3.90> <CoreInst = "TAddSub">   --->   Core 10 'TAddSub' <Latency = 0> <II = 1> <Delay = 1.95> <IPBlock> <Opcode : '' 'add' 'sub'> <InPorts = 3> <OutPorts = 1> <Sync> <CReg>
ST_4 : Operation 1266 [1/1] (0.00ns) (grouped into TernaryAdder)   --->   "%add_ln58_6403 = add i16 %add_ln58_6402, i16 %add_ln58_6398" [firmware/nnet_utils/nnet_dense_latency.h:58]   --->   Operation 1266 'add' 'add_ln58_6403' <Predicate = true> <Delay = 0.00> <CoreInst = "TAddSub">   --->   Core 10 'TAddSub' <Latency = 0> <II = 1> <Delay = 1.95> <IPBlock> <Opcode : '' 'add' 'sub'> <InPorts = 3> <OutPorts = 1> <Sync> <CReg>
ST_4 : Operation 1267 [1/1] (3.90ns) (root node of TernaryAdder)   --->   "%add_ln58_6412 = add i16 %add_ln58_6411, i16 %add_ln58_6403" [firmware/nnet_utils/nnet_dense_latency.h:58]   --->   Operation 1267 'add' 'add_ln58_6412' <Predicate = true> <Delay = 3.90> <CoreInst = "TAddSub">   --->   Core 10 'TAddSub' <Latency = 0> <II = 1> <Delay = 1.95> <IPBlock> <Opcode : '' 'add' 'sub'> <InPorts = 3> <OutPorts = 1> <Sync> <CReg>
ST_4 : Operation 1268 [1/1] (0.00ns) (grouped into TernaryAdder)   --->   "%add_ln58_6421 = add i16 %add_ln58_6420, i16 %add_ln58_6416" [firmware/nnet_utils/nnet_dense_latency.h:58]   --->   Operation 1268 'add' 'add_ln58_6421' <Predicate = true> <Delay = 0.00> <CoreInst = "TAddSub">   --->   Core 10 'TAddSub' <Latency = 0> <II = 1> <Delay = 1.95> <IPBlock> <Opcode : '' 'add' 'sub'> <InPorts = 3> <OutPorts = 1> <Sync> <CReg>
ST_4 : Operation 1269 [1/1] (3.90ns) (root node of TernaryAdder)   --->   "%add_ln58_6431 = add i16 %add_ln58_6430, i16 %add_ln58_6421" [firmware/nnet_utils/nnet_dense_latency.h:58]   --->   Operation 1269 'add' 'add_ln58_6431' <Predicate = true> <Delay = 3.90> <CoreInst = "TAddSub">   --->   Core 10 'TAddSub' <Latency = 0> <II = 1> <Delay = 1.95> <IPBlock> <Opcode : '' 'add' 'sub'> <InPorts = 3> <OutPorts = 1> <Sync> <CReg>
ST_4 : Operation 1270 [1/1] (0.00ns) (grouped into TernaryAdder)   --->   "%add_ln58_6437 = add i16 %add_ln58_6436, i16 %add_ln58_6434" [firmware/nnet_utils/nnet_dense_latency.h:58]   --->   Operation 1270 'add' 'add_ln58_6437' <Predicate = true> <Delay = 0.00> <CoreInst = "TAddSub">   --->   Core 10 'TAddSub' <Latency = 0> <II = 1> <Delay = 1.95> <IPBlock> <Opcode : '' 'add' 'sub'> <InPorts = 3> <OutPorts = 1> <Sync> <CReg>
ST_4 : Operation 1271 [1/1] (3.90ns) (root node of TernaryAdder)   --->   "%add_ln58_6446 = add i16 %add_ln58_6445, i16 %add_ln58_6437" [firmware/nnet_utils/nnet_dense_latency.h:58]   --->   Operation 1271 'add' 'add_ln58_6446' <Predicate = true> <Delay = 3.90> <CoreInst = "TAddSub">   --->   Core 10 'TAddSub' <Latency = 0> <II = 1> <Delay = 1.95> <IPBlock> <Opcode : '' 'add' 'sub'> <InPorts = 3> <OutPorts = 1> <Sync> <CReg>
ST_4 : Operation 1272 [1/1] (0.00ns) (grouped into TernaryAdder)   --->   "%add_ln58_6454 = add i16 %add_ln58_6453, i16 %add_ln58_6449" [firmware/nnet_utils/nnet_dense_latency.h:58]   --->   Operation 1272 'add' 'add_ln58_6454' <Predicate = true> <Delay = 0.00> <CoreInst = "TAddSub">   --->   Core 10 'TAddSub' <Latency = 0> <II = 1> <Delay = 1.95> <IPBlock> <Opcode : '' 'add' 'sub'> <InPorts = 3> <OutPorts = 1> <Sync> <CReg>
ST_4 : Operation 1273 [1/1] (3.90ns) (root node of TernaryAdder)   --->   "%add_ln58_6464 = add i16 %add_ln58_6463, i16 %add_ln58_6454" [firmware/nnet_utils/nnet_dense_latency.h:58]   --->   Operation 1273 'add' 'add_ln58_6464' <Predicate = true> <Delay = 3.90> <CoreInst = "TAddSub">   --->   Core 10 'TAddSub' <Latency = 0> <II = 1> <Delay = 1.95> <IPBlock> <Opcode : '' 'add' 'sub'> <InPorts = 3> <OutPorts = 1> <Sync> <CReg>
ST_4 : Operation 1274 [1/1] (0.00ns) (grouped into TernaryAdder)   --->   "%add_ln58_6472 = add i16 %add_ln58_6471, i16 %add_ln58_6467" [firmware/nnet_utils/nnet_dense_latency.h:58]   --->   Operation 1274 'add' 'add_ln58_6472' <Predicate = true> <Delay = 0.00> <CoreInst = "TAddSub">   --->   Core 10 'TAddSub' <Latency = 0> <II = 1> <Delay = 1.95> <IPBlock> <Opcode : '' 'add' 'sub'> <InPorts = 3> <OutPorts = 1> <Sync> <CReg>
ST_4 : Operation 1275 [1/1] (3.90ns) (root node of TernaryAdder)   --->   "%add_ln58_6482 = add i16 %add_ln58_6481, i16 %add_ln58_6472" [firmware/nnet_utils/nnet_dense_latency.h:58]   --->   Operation 1275 'add' 'add_ln58_6482' <Predicate = true> <Delay = 3.90> <CoreInst = "TAddSub">   --->   Core 10 'TAddSub' <Latency = 0> <II = 1> <Delay = 1.95> <IPBlock> <Opcode : '' 'add' 'sub'> <InPorts = 3> <OutPorts = 1> <Sync> <CReg>
ST_4 : Operation 1276 [1/1] (0.00ns) (grouped into TernaryAdder)   --->   "%add_ln58_6489 = add i16 %add_ln58_6488, i16 %add_ln58_6485" [firmware/nnet_utils/nnet_dense_latency.h:58]   --->   Operation 1276 'add' 'add_ln58_6489' <Predicate = true> <Delay = 0.00> <CoreInst = "TAddSub">   --->   Core 10 'TAddSub' <Latency = 0> <II = 1> <Delay = 1.95> <IPBlock> <Opcode : '' 'add' 'sub'> <InPorts = 3> <OutPorts = 1> <Sync> <CReg>
ST_4 : Operation 1277 [1/1] (3.90ns) (root node of TernaryAdder)   --->   "%add_ln58_6497 = add i16 %add_ln58_6496, i16 %add_ln58_6489" [firmware/nnet_utils/nnet_dense_latency.h:58]   --->   Operation 1277 'add' 'add_ln58_6497' <Predicate = true> <Delay = 3.90> <CoreInst = "TAddSub">   --->   Core 10 'TAddSub' <Latency = 0> <II = 1> <Delay = 1.95> <IPBlock> <Opcode : '' 'add' 'sub'> <InPorts = 3> <OutPorts = 1> <Sync> <CReg>
ST_4 : Operation 1278 [1/1] (0.00ns) (grouped into TernaryAdder)   --->   "%add_ln58_6506 = add i16 %add_ln58_6505, i16 %add_ln58_6501" [firmware/nnet_utils/nnet_dense_latency.h:58]   --->   Operation 1278 'add' 'add_ln58_6506' <Predicate = true> <Delay = 0.00> <CoreInst = "TAddSub">   --->   Core 10 'TAddSub' <Latency = 0> <II = 1> <Delay = 1.95> <IPBlock> <Opcode : '' 'add' 'sub'> <InPorts = 3> <OutPorts = 1> <Sync> <CReg>
ST_4 : Operation 1279 [1/1] (3.90ns) (root node of TernaryAdder)   --->   "%add_ln58_6516 = add i16 %add_ln58_6515, i16 %add_ln58_6506" [firmware/nnet_utils/nnet_dense_latency.h:58]   --->   Operation 1279 'add' 'add_ln58_6516' <Predicate = true> <Delay = 3.90> <CoreInst = "TAddSub">   --->   Core 10 'TAddSub' <Latency = 0> <II = 1> <Delay = 1.95> <IPBlock> <Opcode : '' 'add' 'sub'> <InPorts = 3> <OutPorts = 1> <Sync> <CReg>
ST_4 : Operation 1280 [1/1] (0.00ns) (grouped into TernaryAdder)   --->   "%add_ln58_6526 = add i16 %add_ln58_6525, i16 %add_ln58_6520" [firmware/nnet_utils/nnet_dense_latency.h:58]   --->   Operation 1280 'add' 'add_ln58_6526' <Predicate = true> <Delay = 0.00> <CoreInst = "TAddSub">   --->   Core 10 'TAddSub' <Latency = 0> <II = 1> <Delay = 1.95> <IPBlock> <Opcode : '' 'add' 'sub'> <InPorts = 3> <OutPorts = 1> <Sync> <CReg>
ST_4 : Operation 1281 [1/1] (3.90ns) (root node of TernaryAdder)   --->   "%add_ln58_6537 = add i16 %add_ln58_6536, i16 %add_ln58_6526" [firmware/nnet_utils/nnet_dense_latency.h:58]   --->   Operation 1281 'add' 'add_ln58_6537' <Predicate = true> <Delay = 3.90> <CoreInst = "TAddSub">   --->   Core 10 'TAddSub' <Latency = 0> <II = 1> <Delay = 1.95> <IPBlock> <Opcode : '' 'add' 'sub'> <InPorts = 3> <OutPorts = 1> <Sync> <CReg>
ST_4 : Operation 1282 [1/1] (0.00ns) (grouped into TernaryAdder)   --->   "%add_ln58_6545 = add i16 %add_ln58_6544, i16 %add_ln58_6540" [firmware/nnet_utils/nnet_dense_latency.h:58]   --->   Operation 1282 'add' 'add_ln58_6545' <Predicate = true> <Delay = 0.00> <CoreInst = "TAddSub">   --->   Core 10 'TAddSub' <Latency = 0> <II = 1> <Delay = 1.95> <IPBlock> <Opcode : '' 'add' 'sub'> <InPorts = 3> <OutPorts = 1> <Sync> <CReg>
ST_4 : Operation 1283 [1/1] (3.90ns) (root node of TernaryAdder)   --->   "%add_ln58_6554 = add i16 %add_ln58_6553, i16 %add_ln58_6545" [firmware/nnet_utils/nnet_dense_latency.h:58]   --->   Operation 1283 'add' 'add_ln58_6554' <Predicate = true> <Delay = 3.90> <CoreInst = "TAddSub">   --->   Core 10 'TAddSub' <Latency = 0> <II = 1> <Delay = 1.95> <IPBlock> <Opcode : '' 'add' 'sub'> <InPorts = 3> <OutPorts = 1> <Sync> <CReg>
ST_4 : Operation 1284 [1/1] (0.00ns) (grouped into TernaryAdder)   --->   "%add_ln58_6564 = add i16 %add_ln58_6563, i16 %add_ln58_6558" [firmware/nnet_utils/nnet_dense_latency.h:58]   --->   Operation 1284 'add' 'add_ln58_6564' <Predicate = true> <Delay = 0.00> <CoreInst = "TAddSub">   --->   Core 10 'TAddSub' <Latency = 0> <II = 1> <Delay = 1.95> <IPBlock> <Opcode : '' 'add' 'sub'> <InPorts = 3> <OutPorts = 1> <Sync> <CReg>
ST_4 : Operation 1285 [1/1] (3.90ns) (root node of TernaryAdder)   --->   "%add_ln58_6574 = add i16 %add_ln58_6573, i16 %add_ln58_6564" [firmware/nnet_utils/nnet_dense_latency.h:58]   --->   Operation 1285 'add' 'add_ln58_6574' <Predicate = true> <Delay = 3.90> <CoreInst = "TAddSub">   --->   Core 10 'TAddSub' <Latency = 0> <II = 1> <Delay = 1.95> <IPBlock> <Opcode : '' 'add' 'sub'> <InPorts = 3> <OutPorts = 1> <Sync> <CReg>
ST_4 : Operation 1286 [1/1] (0.00ns) (grouped into TernaryAdder)   --->   "%add_ln58_6583 = add i16 %add_ln58_6582, i16 %add_ln58_6578" [firmware/nnet_utils/nnet_dense_latency.h:58]   --->   Operation 1286 'add' 'add_ln58_6583' <Predicate = true> <Delay = 0.00> <CoreInst = "TAddSub">   --->   Core 10 'TAddSub' <Latency = 0> <II = 1> <Delay = 1.95> <IPBlock> <Opcode : '' 'add' 'sub'> <InPorts = 3> <OutPorts = 1> <Sync> <CReg>
ST_4 : Operation 1287 [1/1] (3.90ns) (root node of TernaryAdder)   --->   "%add_ln58_6593 = add i16 %add_ln58_6592, i16 %add_ln58_6583" [firmware/nnet_utils/nnet_dense_latency.h:58]   --->   Operation 1287 'add' 'add_ln58_6593' <Predicate = true> <Delay = 3.90> <CoreInst = "TAddSub">   --->   Core 10 'TAddSub' <Latency = 0> <II = 1> <Delay = 1.95> <IPBlock> <Opcode : '' 'add' 'sub'> <InPorts = 3> <OutPorts = 1> <Sync> <CReg>
ST_4 : Operation 1288 [1/1] (0.00ns) (grouped into TernaryAdder)   --->   "%add_ln58_6602 = add i16 %add_ln58_6601, i16 %add_ln58_6597" [firmware/nnet_utils/nnet_dense_latency.h:58]   --->   Operation 1288 'add' 'add_ln58_6602' <Predicate = true> <Delay = 0.00> <CoreInst = "TAddSub">   --->   Core 10 'TAddSub' <Latency = 0> <II = 1> <Delay = 1.95> <IPBlock> <Opcode : '' 'add' 'sub'> <InPorts = 3> <OutPorts = 1> <Sync> <CReg>
ST_4 : Operation 1289 [1/1] (3.90ns) (root node of TernaryAdder)   --->   "%add_ln58_6613 = add i16 %add_ln58_6612, i16 %add_ln58_6602" [firmware/nnet_utils/nnet_dense_latency.h:58]   --->   Operation 1289 'add' 'add_ln58_6613' <Predicate = true> <Delay = 3.90> <CoreInst = "TAddSub">   --->   Core 10 'TAddSub' <Latency = 0> <II = 1> <Delay = 1.95> <IPBlock> <Opcode : '' 'add' 'sub'> <InPorts = 3> <OutPorts = 1> <Sync> <CReg>
ST_4 : Operation 1290 [1/1] (0.00ns) (grouped into TernaryAdder)   --->   "%add_ln58_6621 = add i16 %add_ln58_6620, i16 %add_ln58_6616" [firmware/nnet_utils/nnet_dense_latency.h:58]   --->   Operation 1290 'add' 'add_ln58_6621' <Predicate = true> <Delay = 0.00> <CoreInst = "TAddSub">   --->   Core 10 'TAddSub' <Latency = 0> <II = 1> <Delay = 1.95> <IPBlock> <Opcode : '' 'add' 'sub'> <InPorts = 3> <OutPorts = 1> <Sync> <CReg>
ST_4 : Operation 1291 [1/1] (3.90ns) (root node of TernaryAdder)   --->   "%add_ln58_6630 = add i16 %add_ln58_6629, i16 %add_ln58_6621" [firmware/nnet_utils/nnet_dense_latency.h:58]   --->   Operation 1291 'add' 'add_ln58_6630' <Predicate = true> <Delay = 3.90> <CoreInst = "TAddSub">   --->   Core 10 'TAddSub' <Latency = 0> <II = 1> <Delay = 1.95> <IPBlock> <Opcode : '' 'add' 'sub'> <InPorts = 3> <OutPorts = 1> <Sync> <CReg>
ST_4 : Operation 1292 [1/1] (0.00ns) (grouped into TernaryAdder)   --->   "%add_ln58_6638 = add i16 %add_ln58_6637, i16 %add_ln58_6634" [firmware/nnet_utils/nnet_dense_latency.h:58]   --->   Operation 1292 'add' 'add_ln58_6638' <Predicate = true> <Delay = 0.00> <CoreInst = "TAddSub">   --->   Core 10 'TAddSub' <Latency = 0> <II = 1> <Delay = 1.95> <IPBlock> <Opcode : '' 'add' 'sub'> <InPorts = 3> <OutPorts = 1> <Sync> <CReg>
ST_4 : Operation 1293 [1/1] (3.90ns) (root node of TernaryAdder)   --->   "%add_ln58_6648 = add i16 %add_ln58_6647, i16 %add_ln58_6638" [firmware/nnet_utils/nnet_dense_latency.h:58]   --->   Operation 1293 'add' 'add_ln58_6648' <Predicate = true> <Delay = 3.90> <CoreInst = "TAddSub">   --->   Core 10 'TAddSub' <Latency = 0> <II = 1> <Delay = 1.95> <IPBlock> <Opcode : '' 'add' 'sub'> <InPorts = 3> <OutPorts = 1> <Sync> <CReg>
ST_4 : Operation 1294 [1/1] (0.00ns) (grouped into TernaryAdder)   --->   "%add_ln58_6655 = add i16 %add_ln58_6654, i16 %add_ln58_6650" [firmware/nnet_utils/nnet_dense_latency.h:58]   --->   Operation 1294 'add' 'add_ln58_6655' <Predicate = true> <Delay = 0.00> <CoreInst = "TAddSub">   --->   Core 10 'TAddSub' <Latency = 0> <II = 1> <Delay = 1.95> <IPBlock> <Opcode : '' 'add' 'sub'> <InPorts = 3> <OutPorts = 1> <Sync> <CReg>
ST_4 : Operation 1295 [1/1] (3.90ns) (root node of TernaryAdder)   --->   "%add_ln58_6664 = add i16 %add_ln58_6663, i16 %add_ln58_6655" [firmware/nnet_utils/nnet_dense_latency.h:58]   --->   Operation 1295 'add' 'add_ln58_6664' <Predicate = true> <Delay = 3.90> <CoreInst = "TAddSub">   --->   Core 10 'TAddSub' <Latency = 0> <II = 1> <Delay = 1.95> <IPBlock> <Opcode : '' 'add' 'sub'> <InPorts = 3> <OutPorts = 1> <Sync> <CReg>
ST_4 : Operation 1296 [1/1] (0.00ns) (grouped into TernaryAdder)   --->   "%add_ln58_6671 = add i16 %add_ln58_6670, i16 %add_ln58_6667" [firmware/nnet_utils/nnet_dense_latency.h:58]   --->   Operation 1296 'add' 'add_ln58_6671' <Predicate = true> <Delay = 0.00> <CoreInst = "TAddSub">   --->   Core 10 'TAddSub' <Latency = 0> <II = 1> <Delay = 1.95> <IPBlock> <Opcode : '' 'add' 'sub'> <InPorts = 3> <OutPorts = 1> <Sync> <CReg>
ST_4 : Operation 1297 [1/1] (3.90ns) (root node of TernaryAdder)   --->   "%add_ln58_6680 = add i16 %add_ln58_6679, i16 %add_ln58_6671" [firmware/nnet_utils/nnet_dense_latency.h:58]   --->   Operation 1297 'add' 'add_ln58_6680' <Predicate = true> <Delay = 3.90> <CoreInst = "TAddSub">   --->   Core 10 'TAddSub' <Latency = 0> <II = 1> <Delay = 1.95> <IPBlock> <Opcode : '' 'add' 'sub'> <InPorts = 3> <OutPorts = 1> <Sync> <CReg>
ST_4 : Operation 1298 [1/1] (0.00ns) (grouped into TernaryAdder)   --->   "%add_ln58_6687 = add i16 %add_ln58_6686, i16 %add_ln58_6683" [firmware/nnet_utils/nnet_dense_latency.h:58]   --->   Operation 1298 'add' 'add_ln58_6687' <Predicate = true> <Delay = 0.00> <CoreInst = "TAddSub">   --->   Core 10 'TAddSub' <Latency = 0> <II = 1> <Delay = 1.95> <IPBlock> <Opcode : '' 'add' 'sub'> <InPorts = 3> <OutPorts = 1> <Sync> <CReg>
ST_4 : Operation 1299 [1/1] (3.90ns) (root node of TernaryAdder)   --->   "%add_ln58_6696 = add i16 %add_ln58_6695, i16 %add_ln58_6687" [firmware/nnet_utils/nnet_dense_latency.h:58]   --->   Operation 1299 'add' 'add_ln58_6696' <Predicate = true> <Delay = 3.90> <CoreInst = "TAddSub">   --->   Core 10 'TAddSub' <Latency = 0> <II = 1> <Delay = 1.95> <IPBlock> <Opcode : '' 'add' 'sub'> <InPorts = 3> <OutPorts = 1> <Sync> <CReg>
ST_4 : Operation 1300 [1/1] (0.00ns) (grouped into TernaryAdder)   --->   "%add_ln58_6704 = add i16 %add_ln58_6703, i16 %add_ln58_6699" [firmware/nnet_utils/nnet_dense_latency.h:58]   --->   Operation 1300 'add' 'add_ln58_6704' <Predicate = true> <Delay = 0.00> <CoreInst = "TAddSub">   --->   Core 10 'TAddSub' <Latency = 0> <II = 1> <Delay = 1.95> <IPBlock> <Opcode : '' 'add' 'sub'> <InPorts = 3> <OutPorts = 1> <Sync> <CReg>
ST_4 : Operation 1301 [1/1] (3.90ns) (root node of TernaryAdder)   --->   "%add_ln58_6713 = add i16 %add_ln58_6712, i16 %add_ln58_6704" [firmware/nnet_utils/nnet_dense_latency.h:58]   --->   Operation 1301 'add' 'add_ln58_6713' <Predicate = true> <Delay = 3.90> <CoreInst = "TAddSub">   --->   Core 10 'TAddSub' <Latency = 0> <II = 1> <Delay = 1.95> <IPBlock> <Opcode : '' 'add' 'sub'> <InPorts = 3> <OutPorts = 1> <Sync> <CReg>
ST_4 : Operation 1302 [1/1] (0.00ns) (grouped into TernaryAdder)   --->   "%add_ln58_6720 = add i16 %add_ln58_6719, i16 %add_ln58_6716" [firmware/nnet_utils/nnet_dense_latency.h:58]   --->   Operation 1302 'add' 'add_ln58_6720' <Predicate = true> <Delay = 0.00> <CoreInst = "TAddSub">   --->   Core 10 'TAddSub' <Latency = 0> <II = 1> <Delay = 1.95> <IPBlock> <Opcode : '' 'add' 'sub'> <InPorts = 3> <OutPorts = 1> <Sync> <CReg>
ST_4 : Operation 1303 [1/1] (3.90ns) (root node of TernaryAdder)   --->   "%add_ln58_6728 = add i16 %add_ln58_6727, i16 %add_ln58_6720" [firmware/nnet_utils/nnet_dense_latency.h:58]   --->   Operation 1303 'add' 'add_ln58_6728' <Predicate = true> <Delay = 3.90> <CoreInst = "TAddSub">   --->   Core 10 'TAddSub' <Latency = 0> <II = 1> <Delay = 1.95> <IPBlock> <Opcode : '' 'add' 'sub'> <InPorts = 3> <OutPorts = 1> <Sync> <CReg>
ST_4 : Operation 1304 [1/1] (0.00ns) (grouped into TernaryAdder)   --->   "%add_ln58_6736 = add i16 %add_ln58_6735, i16 %add_ln58_6731" [firmware/nnet_utils/nnet_dense_latency.h:58]   --->   Operation 1304 'add' 'add_ln58_6736' <Predicate = true> <Delay = 0.00> <CoreInst = "TAddSub">   --->   Core 10 'TAddSub' <Latency = 0> <II = 1> <Delay = 1.95> <IPBlock> <Opcode : '' 'add' 'sub'> <InPorts = 3> <OutPorts = 1> <Sync> <CReg>
ST_4 : Operation 1305 [1/1] (3.90ns) (root node of TernaryAdder)   --->   "%add_ln58_6746 = add i16 %add_ln58_6745, i16 %add_ln58_6736" [firmware/nnet_utils/nnet_dense_latency.h:58]   --->   Operation 1305 'add' 'add_ln58_6746' <Predicate = true> <Delay = 3.90> <CoreInst = "TAddSub">   --->   Core 10 'TAddSub' <Latency = 0> <II = 1> <Delay = 1.95> <IPBlock> <Opcode : '' 'add' 'sub'> <InPorts = 3> <OutPorts = 1> <Sync> <CReg>
ST_4 : Operation 1306 [1/1] (0.00ns) (grouped into TernaryAdder)   --->   "%add_ln58_6754 = add i16 %add_ln58_6753, i16 %add_ln58_6749" [firmware/nnet_utils/nnet_dense_latency.h:58]   --->   Operation 1306 'add' 'add_ln58_6754' <Predicate = true> <Delay = 0.00> <CoreInst = "TAddSub">   --->   Core 10 'TAddSub' <Latency = 0> <II = 1> <Delay = 1.95> <IPBlock> <Opcode : '' 'add' 'sub'> <InPorts = 3> <OutPorts = 1> <Sync> <CReg>
ST_4 : Operation 1307 [1/1] (3.90ns) (root node of TernaryAdder)   --->   "%add_ln58_6764 = add i16 %add_ln58_6763, i16 %add_ln58_6754" [firmware/nnet_utils/nnet_dense_latency.h:58]   --->   Operation 1307 'add' 'add_ln58_6764' <Predicate = true> <Delay = 3.90> <CoreInst = "TAddSub">   --->   Core 10 'TAddSub' <Latency = 0> <II = 1> <Delay = 1.95> <IPBlock> <Opcode : '' 'add' 'sub'> <InPorts = 3> <OutPorts = 1> <Sync> <CReg>
ST_4 : Operation 1308 [1/1] (0.00ns) (grouped into TernaryAdder)   --->   "%add_ln58_6774 = add i16 %add_ln58_6773, i16 %add_ln58_6768" [firmware/nnet_utils/nnet_dense_latency.h:58]   --->   Operation 1308 'add' 'add_ln58_6774' <Predicate = true> <Delay = 0.00> <CoreInst = "TAddSub">   --->   Core 10 'TAddSub' <Latency = 0> <II = 1> <Delay = 1.95> <IPBlock> <Opcode : '' 'add' 'sub'> <InPorts = 3> <OutPorts = 1> <Sync> <CReg>
ST_4 : Operation 1309 [1/1] (3.90ns) (root node of TernaryAdder)   --->   "%add_ln58_6785 = add i16 %add_ln58_6784, i16 %add_ln58_6774" [firmware/nnet_utils/nnet_dense_latency.h:58]   --->   Operation 1309 'add' 'add_ln58_6785' <Predicate = true> <Delay = 3.90> <CoreInst = "TAddSub">   --->   Core 10 'TAddSub' <Latency = 0> <II = 1> <Delay = 1.95> <IPBlock> <Opcode : '' 'add' 'sub'> <InPorts = 3> <OutPorts = 1> <Sync> <CReg>
ST_4 : Operation 1310 [1/1] (0.00ns) (grouped into TernaryAdder)   --->   "%add_ln58_6793 = add i16 %add_ln58_6792, i16 %add_ln58_6788" [firmware/nnet_utils/nnet_dense_latency.h:58]   --->   Operation 1310 'add' 'add_ln58_6793' <Predicate = true> <Delay = 0.00> <CoreInst = "TAddSub">   --->   Core 10 'TAddSub' <Latency = 0> <II = 1> <Delay = 1.95> <IPBlock> <Opcode : '' 'add' 'sub'> <InPorts = 3> <OutPorts = 1> <Sync> <CReg>
ST_4 : Operation 1311 [1/1] (3.90ns) (root node of TernaryAdder)   --->   "%add_ln58_6802 = add i16 %add_ln58_6801, i16 %add_ln58_6793" [firmware/nnet_utils/nnet_dense_latency.h:58]   --->   Operation 1311 'add' 'add_ln58_6802' <Predicate = true> <Delay = 3.90> <CoreInst = "TAddSub">   --->   Core 10 'TAddSub' <Latency = 0> <II = 1> <Delay = 1.95> <IPBlock> <Opcode : '' 'add' 'sub'> <InPorts = 3> <OutPorts = 1> <Sync> <CReg>
ST_4 : Operation 1312 [1/1] (0.00ns) (grouped into TernaryAdder)   --->   "%add_ln58_6810 = add i16 %add_ln58_6809, i16 %add_ln58_6805" [firmware/nnet_utils/nnet_dense_latency.h:58]   --->   Operation 1312 'add' 'add_ln58_6810' <Predicate = true> <Delay = 0.00> <CoreInst = "TAddSub">   --->   Core 10 'TAddSub' <Latency = 0> <II = 1> <Delay = 1.95> <IPBlock> <Opcode : '' 'add' 'sub'> <InPorts = 3> <OutPorts = 1> <Sync> <CReg>
ST_4 : Operation 1313 [1/1] (3.90ns) (root node of TernaryAdder)   --->   "%add_ln58_6820 = add i16 %add_ln58_6819, i16 %add_ln58_6810" [firmware/nnet_utils/nnet_dense_latency.h:58]   --->   Operation 1313 'add' 'add_ln58_6820' <Predicate = true> <Delay = 3.90> <CoreInst = "TAddSub">   --->   Core 10 'TAddSub' <Latency = 0> <II = 1> <Delay = 1.95> <IPBlock> <Opcode : '' 'add' 'sub'> <InPorts = 3> <OutPorts = 1> <Sync> <CReg>
ST_4 : Operation 1314 [1/1] (0.00ns) (grouped into TernaryAdder)   --->   "%add_ln58_6828 = add i16 %add_ln58_6827, i16 %add_ln58_6823" [firmware/nnet_utils/nnet_dense_latency.h:58]   --->   Operation 1314 'add' 'add_ln58_6828' <Predicate = true> <Delay = 0.00> <CoreInst = "TAddSub">   --->   Core 10 'TAddSub' <Latency = 0> <II = 1> <Delay = 1.95> <IPBlock> <Opcode : '' 'add' 'sub'> <InPorts = 3> <OutPorts = 1> <Sync> <CReg>
ST_4 : Operation 1315 [1/1] (3.90ns) (root node of TernaryAdder)   --->   "%add_ln58_6837 = add i16 %add_ln58_6836, i16 %add_ln58_6828" [firmware/nnet_utils/nnet_dense_latency.h:58]   --->   Operation 1315 'add' 'add_ln58_6837' <Predicate = true> <Delay = 3.90> <CoreInst = "TAddSub">   --->   Core 10 'TAddSub' <Latency = 0> <II = 1> <Delay = 1.95> <IPBlock> <Opcode : '' 'add' 'sub'> <InPorts = 3> <OutPorts = 1> <Sync> <CReg>
ST_4 : Operation 1316 [1/1] (0.00ns)   --->   "%mrv = insertvalue i512 <undef>, i16 %add_ln58_6357" [firmware/nnet_utils/nnet_dense_latency.h:68]   --->   Operation 1316 'insertvalue' 'mrv' <Predicate = true> <Delay = 0.00>
ST_4 : Operation 1317 [1/1] (0.00ns)   --->   "%mrv_1 = insertvalue i512 %mrv, i16 %add_ln58_6376" [firmware/nnet_utils/nnet_dense_latency.h:68]   --->   Operation 1317 'insertvalue' 'mrv_1' <Predicate = true> <Delay = 0.00>
ST_4 : Operation 1318 [1/1] (0.00ns)   --->   "%mrv_2 = insertvalue i512 %mrv_1, i16 %add_ln58_6308" [firmware/nnet_utils/nnet_dense_latency.h:68]   --->   Operation 1318 'insertvalue' 'mrv_2' <Predicate = true> <Delay = 0.00>
ST_4 : Operation 1319 [1/1] (0.00ns)   --->   "%mrv_3 = insertvalue i512 %mrv_2, i16 %add_ln58_6395" [firmware/nnet_utils/nnet_dense_latency.h:68]   --->   Operation 1319 'insertvalue' 'mrv_3' <Predicate = true> <Delay = 0.00>
ST_4 : Operation 1320 [1/1] (0.00ns)   --->   "%mrv_4 = insertvalue i512 %mrv_3, i16 %add_ln58_6412" [firmware/nnet_utils/nnet_dense_latency.h:68]   --->   Operation 1320 'insertvalue' 'mrv_4' <Predicate = true> <Delay = 0.00>
ST_4 : Operation 1321 [1/1] (0.00ns)   --->   "%mrv_5 = insertvalue i512 %mrv_4, i16 %add_ln58_6431" [firmware/nnet_utils/nnet_dense_latency.h:68]   --->   Operation 1321 'insertvalue' 'mrv_5' <Predicate = true> <Delay = 0.00>
ST_4 : Operation 1322 [1/1] (0.00ns)   --->   "%mrv_6 = insertvalue i512 %mrv_5, i16 %add_ln58_6446" [firmware/nnet_utils/nnet_dense_latency.h:68]   --->   Operation 1322 'insertvalue' 'mrv_6' <Predicate = true> <Delay = 0.00>
ST_4 : Operation 1323 [1/1] (0.00ns)   --->   "%mrv_7 = insertvalue i512 %mrv_6, i16 %add_ln58_6464" [firmware/nnet_utils/nnet_dense_latency.h:68]   --->   Operation 1323 'insertvalue' 'mrv_7' <Predicate = true> <Delay = 0.00>
ST_4 : Operation 1324 [1/1] (0.00ns)   --->   "%mrv_8 = insertvalue i512 %mrv_7, i16 %add_ln58_6482" [firmware/nnet_utils/nnet_dense_latency.h:68]   --->   Operation 1324 'insertvalue' 'mrv_8' <Predicate = true> <Delay = 0.00>
ST_4 : Operation 1325 [1/1] (0.00ns)   --->   "%mrv_9 = insertvalue i512 %mrv_8, i16 %add_ln58_6294" [firmware/nnet_utils/nnet_dense_latency.h:68]   --->   Operation 1325 'insertvalue' 'mrv_9' <Predicate = true> <Delay = 0.00>
ST_4 : Operation 1326 [1/1] (0.00ns)   --->   "%mrv_10 = insertvalue i512 %mrv_9, i16 %add_ln58_6497" [firmware/nnet_utils/nnet_dense_latency.h:68]   --->   Operation 1326 'insertvalue' 'mrv_10' <Predicate = true> <Delay = 0.00>
ST_4 : Operation 1327 [1/1] (0.00ns)   --->   "%mrv_11 = insertvalue i512 %mrv_10, i16 %add_ln58_6516" [firmware/nnet_utils/nnet_dense_latency.h:68]   --->   Operation 1327 'insertvalue' 'mrv_11' <Predicate = true> <Delay = 0.00>
ST_4 : Operation 1328 [1/1] (0.00ns)   --->   "%mrv_12 = insertvalue i512 %mrv_11, i16 %add_ln58_6537" [firmware/nnet_utils/nnet_dense_latency.h:68]   --->   Operation 1328 'insertvalue' 'mrv_12' <Predicate = true> <Delay = 0.00>
ST_4 : Operation 1329 [1/1] (0.00ns)   --->   "%mrv_13 = insertvalue i512 %mrv_12, i16 %add_ln58_6554" [firmware/nnet_utils/nnet_dense_latency.h:68]   --->   Operation 1329 'insertvalue' 'mrv_13' <Predicate = true> <Delay = 0.00>
ST_4 : Operation 1330 [1/1] (0.00ns)   --->   "%mrv_14 = insertvalue i512 %mrv_13, i16 %add_ln58_6574" [firmware/nnet_utils/nnet_dense_latency.h:68]   --->   Operation 1330 'insertvalue' 'mrv_14' <Predicate = true> <Delay = 0.00>
ST_4 : Operation 1331 [1/1] (0.00ns)   --->   "%mrv_15 = insertvalue i512 %mrv_14, i16 %add_ln58_6593" [firmware/nnet_utils/nnet_dense_latency.h:68]   --->   Operation 1331 'insertvalue' 'mrv_15' <Predicate = true> <Delay = 0.00>
ST_4 : Operation 1332 [1/1] (0.00ns)   --->   "%mrv_16 = insertvalue i512 %mrv_15, i16 %add_ln58_6613" [firmware/nnet_utils/nnet_dense_latency.h:68]   --->   Operation 1332 'insertvalue' 'mrv_16' <Predicate = true> <Delay = 0.00>
ST_4 : Operation 1333 [1/1] (0.00ns)   --->   "%mrv_17 = insertvalue i512 %mrv_16, i16 %add_ln58_6630" [firmware/nnet_utils/nnet_dense_latency.h:68]   --->   Operation 1333 'insertvalue' 'mrv_17' <Predicate = true> <Delay = 0.00>
ST_4 : Operation 1334 [1/1] (0.00ns)   --->   "%mrv_18 = insertvalue i512 %mrv_17, i16 %add_ln58_6648" [firmware/nnet_utils/nnet_dense_latency.h:68]   --->   Operation 1334 'insertvalue' 'mrv_18' <Predicate = true> <Delay = 0.00>
ST_4 : Operation 1335 [1/1] (0.00ns)   --->   "%mrv_19 = insertvalue i512 %mrv_18, i16 %add_ln58_6664" [firmware/nnet_utils/nnet_dense_latency.h:68]   --->   Operation 1335 'insertvalue' 'mrv_19' <Predicate = true> <Delay = 0.00>
ST_4 : Operation 1336 [1/1] (0.00ns)   --->   "%mrv_20 = insertvalue i512 %mrv_19, i16 %add_ln58_6680" [firmware/nnet_utils/nnet_dense_latency.h:68]   --->   Operation 1336 'insertvalue' 'mrv_20' <Predicate = true> <Delay = 0.00>
ST_4 : Operation 1337 [1/1] (0.00ns)   --->   "%mrv_21 = insertvalue i512 %mrv_20, i16 %add_ln58_6696" [firmware/nnet_utils/nnet_dense_latency.h:68]   --->   Operation 1337 'insertvalue' 'mrv_21' <Predicate = true> <Delay = 0.00>
ST_4 : Operation 1338 [1/1] (0.00ns)   --->   "%mrv_22 = insertvalue i512 %mrv_21, i16 %add_ln58_6326" [firmware/nnet_utils/nnet_dense_latency.h:68]   --->   Operation 1338 'insertvalue' 'mrv_22' <Predicate = true> <Delay = 0.00>
ST_4 : Operation 1339 [1/1] (0.00ns)   --->   "%mrv_23 = insertvalue i512 %mrv_22, i16 %add_ln58_6713" [firmware/nnet_utils/nnet_dense_latency.h:68]   --->   Operation 1339 'insertvalue' 'mrv_23' <Predicate = true> <Delay = 0.00>
ST_4 : Operation 1340 [1/1] (0.00ns)   --->   "%mrv_24 = insertvalue i512 %mrv_23, i16 %add_ln58_6728" [firmware/nnet_utils/nnet_dense_latency.h:68]   --->   Operation 1340 'insertvalue' 'mrv_24' <Predicate = true> <Delay = 0.00>
ST_4 : Operation 1341 [1/1] (0.00ns)   --->   "%mrv_25 = insertvalue i512 %mrv_24, i16 %add_ln58_6746" [firmware/nnet_utils/nnet_dense_latency.h:68]   --->   Operation 1341 'insertvalue' 'mrv_25' <Predicate = true> <Delay = 0.00>
ST_4 : Operation 1342 [1/1] (0.00ns)   --->   "%mrv_26 = insertvalue i512 %mrv_25, i16 %add_ln58_6764" [firmware/nnet_utils/nnet_dense_latency.h:68]   --->   Operation 1342 'insertvalue' 'mrv_26' <Predicate = true> <Delay = 0.00>
ST_4 : Operation 1343 [1/1] (0.00ns)   --->   "%mrv_27 = insertvalue i512 %mrv_26, i16 %add_ln58_6785" [firmware/nnet_utils/nnet_dense_latency.h:68]   --->   Operation 1343 'insertvalue' 'mrv_27' <Predicate = true> <Delay = 0.00>
ST_4 : Operation 1344 [1/1] (0.00ns)   --->   "%mrv_28 = insertvalue i512 %mrv_27, i16 %add_ln58_6802" [firmware/nnet_utils/nnet_dense_latency.h:68]   --->   Operation 1344 'insertvalue' 'mrv_28' <Predicate = true> <Delay = 0.00>
ST_4 : Operation 1345 [1/1] (0.00ns)   --->   "%mrv_29 = insertvalue i512 %mrv_28, i16 %add_ln58_6340" [firmware/nnet_utils/nnet_dense_latency.h:68]   --->   Operation 1345 'insertvalue' 'mrv_29' <Predicate = true> <Delay = 0.00>
ST_4 : Operation 1346 [1/1] (0.00ns)   --->   "%mrv_30 = insertvalue i512 %mrv_29, i16 %add_ln58_6820" [firmware/nnet_utils/nnet_dense_latency.h:68]   --->   Operation 1346 'insertvalue' 'mrv_30' <Predicate = true> <Delay = 0.00>
ST_4 : Operation 1347 [1/1] (0.00ns)   --->   "%mrv_31 = insertvalue i512 %mrv_30, i16 %add_ln58_6837" [firmware/nnet_utils/nnet_dense_latency.h:68]   --->   Operation 1347 'insertvalue' 'mrv_31' <Predicate = true> <Delay = 0.00>
ST_4 : Operation 1348 [1/1] (0.00ns)   --->   "%ret_ln68 = ret i512 %mrv_31" [firmware/nnet_utils/nnet_dense_latency.h:68]   --->   Operation 1348 'ret' 'ret_ln68' <Predicate = true> <Delay = 0.00>


============================================================
+ Verbose Summary: Timing violations
============================================================
Target clock period: 5.000ns, clock uncertainty: 0.625ns.

 <State 1>: 4.302ns
The critical path consists of the following:
	wire read operation ('data_3_val_read', firmware/nnet_utils/nnet_mult.h:70->firmware/nnet_utils/nnet_dense_latency.h:42) on port 'data_3_val' (firmware/nnet_utils/nnet_mult.h:70->firmware/nnet_utils/nnet_dense_latency.h:42) [43]  (0.000 ns)
	'sub' operation 19 bit ('sub_ln42_40', firmware/nnet_utils/nnet_dense_latency.h:42) [151]  (2.136 ns)
	'sub' operation 19 bit ('sub_ln42_41', firmware/nnet_utils/nnet_dense_latency.h:42) [152]  (2.166 ns)

 <State 2>: 4.302ns
The critical path consists of the following:
	'sub' operation 19 bit ('sub_ln73_407', firmware/nnet_utils/nnet_mult.h:73->firmware/nnet_utils/nnet_dense_latency.h:42) [112]  (2.136 ns)
	'sub' operation 19 bit ('sub_ln42', firmware/nnet_utils/nnet_dense_latency.h:42) [114]  (2.166 ns)

 <State 3>: 3.903ns
The critical path consists of the following:
	'add' operation 16 bit ('add_ln58_6279', firmware/nnet_utils/nnet_dense_latency.h:58) [670]  (0.000 ns)
	'add' operation 16 bit ('add_ln58_6281', firmware/nnet_utils/nnet_dense_latency.h:58) [672]  (3.903 ns)

 <State 4>: 3.903ns
The critical path consists of the following:
	'add' operation 16 bit ('add_ln58_6285', firmware/nnet_utils/nnet_dense_latency.h:58) [676]  (0.000 ns)
	'add' operation 16 bit ('add_ln58_6294', firmware/nnet_utils/nnet_dense_latency.h:58) [688]  (3.903 ns)


============================================================
+ Verbose Summary: Binding
============================================================
N/A
* FSMD analyzer results:
  - Output states:
 - Input state : 
  - Chain level:
	State 1
	State 2
	State 3
	State 4


============================================================
+ Verbose Summary: Datapath Resource usage 
============================================================
N/A
