

================================================================
== Vitis HLS Report for 'dense_latency_ap_fixed_16_6_5_3_0_ap_fixed_16_6_5_3_0_config9_s'
================================================================
* Date:           Mon Oct 27 14:27:02 2025

* Version:        2024.1 (Build 5069499 on May 21 2024)
* Project:        myproject_prj
* Solution:       solution1 (Vivado IP Flow Target)
* Product family: zynq
* Target device:  xc7z020-clg400-1


================================================================
== Performance Estimates
================================================================
+ Timing: 
    * Summary: 
    +--------+---------+----------+------------+
    |  Clock |  Target | Estimated| Uncertainty|
    +--------+---------+----------+------------+
    |ap_clk  |  5.00 ns|  4.302 ns|     0.62 ns|
    +--------+---------+----------+------------+

+ Latency: 
    * Summary: 
    +---------+---------+-----------+-----------+-----+-----+---------+
    |  Latency (cycles) |   Latency (absolute)  |  Interval | Pipeline|
    |   min   |   max   |    min    |    max    | min | max |   Type  |
    +---------+---------+-----------+-----------+-----+-----+---------+
    |        3|        3|  15.000 ns|  15.000 ns|    1|    1|      yes|
    +---------+---------+-----------+-----------+-----+-----+---------+

    + Detail: 
        * Instance: 
        N/A

        * Loop: 
        N/A

============================================================
+ Verbose Summary: Synthesis Manager
============================================================
InlineROM: 1
ExposeGlobal: 0
============================================================
+ Verbose Summary: CDFG Model
============================================================
IsTopModel: 0
ResetActiveHigh: 1
IsCombinational: 0
IsDatapathOnly: 0
HasWiredReturn: 1
HasMFsm: 2
HasVarLatency: 0
IsPipeline: 1
IsRtlPipelined: 1
IsInstanceOverlapped: 0
IsDontTouch: 0
HasImplIP: 0
IsGatedGlobalClock: 0

+ Individual pipeline summary: 
  * Pipeline-0: initiation interval (II) = 1, depth = 4


============================================================
+ Verbose Summary: Schedule
============================================================
* Number of FSM states : 4
* Pipeline : 1
  Pipeline-0 : II = 1, D = 4, States = { 1 2 3 4 }
* Dataflow Pipeline: 0

* FSM state transitions: 
1 --> 2 
2 --> 3 
3 --> 4 
4 --> 

* FSM state operations: 

State 1 <SV = 0> <Delay = 4.30>
ST_1 : Operation 5 [1/1] (0.00ns)   --->   "%data_13_val_read = read i16 @_ssdm_op_Read.ap_auto.i16, i16 %data_13_val" [firmware/nnet_utils/nnet_mult.h:70->firmware/nnet_utils/nnet_dense_latency.h:42]   --->   Operation 5 'read' 'data_13_val_read' <Predicate = true> <Delay = 0.00>
ST_1 : Operation 6 [1/1] (0.00ns)   --->   "%data_12_val_read = read i16 @_ssdm_op_Read.ap_auto.i16, i16 %data_12_val" [firmware/nnet_utils/nnet_mult.h:70->firmware/nnet_utils/nnet_dense_latency.h:42]   --->   Operation 6 'read' 'data_12_val_read' <Predicate = true> <Delay = 0.00>
ST_1 : Operation 7 [1/1] (0.00ns)   --->   "%data_11_val_read = read i16 @_ssdm_op_Read.ap_auto.i16, i16 %data_11_val" [firmware/nnet_utils/nnet_mult.h:70->firmware/nnet_utils/nnet_dense_latency.h:42]   --->   Operation 7 'read' 'data_11_val_read' <Predicate = true> <Delay = 0.00>
ST_1 : Operation 8 [1/1] (0.00ns)   --->   "%data_10_val_read = read i16 @_ssdm_op_Read.ap_auto.i16, i16 %data_10_val" [firmware/nnet_utils/nnet_mult.h:70->firmware/nnet_utils/nnet_dense_latency.h:42]   --->   Operation 8 'read' 'data_10_val_read' <Predicate = true> <Delay = 0.00>
ST_1 : Operation 9 [1/1] (0.00ns)   --->   "%data_9_val_read = read i16 @_ssdm_op_Read.ap_auto.i16, i16 %data_9_val" [firmware/nnet_utils/nnet_mult.h:70->firmware/nnet_utils/nnet_dense_latency.h:42]   --->   Operation 9 'read' 'data_9_val_read' <Predicate = true> <Delay = 0.00>
ST_1 : Operation 10 [1/1] (0.00ns)   --->   "%data_8_val_read = read i16 @_ssdm_op_Read.ap_auto.i16, i16 %data_8_val" [firmware/nnet_utils/nnet_mult.h:70->firmware/nnet_utils/nnet_dense_latency.h:42]   --->   Operation 10 'read' 'data_8_val_read' <Predicate = true> <Delay = 0.00>
ST_1 : Operation 11 [1/1] (0.00ns)   --->   "%data_7_val_read = read i16 @_ssdm_op_Read.ap_auto.i16, i16 %data_7_val" [firmware/nnet_utils/nnet_mult.h:70->firmware/nnet_utils/nnet_dense_latency.h:42]   --->   Operation 11 'read' 'data_7_val_read' <Predicate = true> <Delay = 0.00>
ST_1 : Operation 12 [1/1] (0.00ns)   --->   "%data_6_val_read = read i16 @_ssdm_op_Read.ap_auto.i16, i16 %data_6_val" [firmware/nnet_utils/nnet_mult.h:70->firmware/nnet_utils/nnet_dense_latency.h:42]   --->   Operation 12 'read' 'data_6_val_read' <Predicate = true> <Delay = 0.00>
ST_1 : Operation 13 [1/1] (0.00ns)   --->   "%data_5_val_read = read i16 @_ssdm_op_Read.ap_auto.i16, i16 %data_5_val" [firmware/nnet_utils/nnet_mult.h:70->firmware/nnet_utils/nnet_dense_latency.h:42]   --->   Operation 13 'read' 'data_5_val_read' <Predicate = true> <Delay = 0.00>
ST_1 : Operation 14 [1/1] (0.00ns)   --->   "%data_4_val_read = read i16 @_ssdm_op_Read.ap_auto.i16, i16 %data_4_val" [firmware/nnet_utils/nnet_mult.h:70->firmware/nnet_utils/nnet_dense_latency.h:42]   --->   Operation 14 'read' 'data_4_val_read' <Predicate = true> <Delay = 0.00>
ST_1 : Operation 15 [1/1] (0.00ns)   --->   "%data_3_val_read = read i16 @_ssdm_op_Read.ap_auto.i16, i16 %data_3_val" [firmware/nnet_utils/nnet_mult.h:70->firmware/nnet_utils/nnet_dense_latency.h:42]   --->   Operation 15 'read' 'data_3_val_read' <Predicate = true> <Delay = 0.00>
ST_1 : Operation 16 [1/1] (0.00ns)   --->   "%data_2_val_read = read i16 @_ssdm_op_Read.ap_auto.i16, i16 %data_2_val" [firmware/nnet_utils/nnet_mult.h:70->firmware/nnet_utils/nnet_dense_latency.h:42]   --->   Operation 16 'read' 'data_2_val_read' <Predicate = true> <Delay = 0.00>
ST_1 : Operation 17 [1/1] (0.00ns)   --->   "%data_1_val_read = read i16 @_ssdm_op_Read.ap_auto.i16, i16 %data_1_val" [firmware/nnet_utils/nnet_mult.h:70->firmware/nnet_utils/nnet_dense_latency.h:42]   --->   Operation 17 'read' 'data_1_val_read' <Predicate = true> <Delay = 0.00>
ST_1 : Operation 18 [1/1] (0.00ns)   --->   "%data_0_val_read = read i16 @_ssdm_op_Read.ap_auto.i16, i16 %data_0_val" [firmware/nnet_utils/nnet_mult.h:70->firmware/nnet_utils/nnet_dense_latency.h:42]   --->   Operation 18 'read' 'data_0_val_read' <Predicate = true> <Delay = 0.00>
ST_1 : Operation 19 [1/1] (0.00ns)   --->   "%sext_ln42 = sext i16 %data_0_val_read" [firmware/nnet_utils/nnet_dense_latency.h:42]   --->   Operation 19 'sext' 'sext_ln42' <Predicate = true> <Delay = 0.00>
ST_1 : Operation 20 [1/1] (0.00ns)   --->   "%mult = partselect i15 @_ssdm_op_PartSelect.i15.i16.i32.i32, i16 %data_0_val_read, i32 1, i32 15" [firmware/nnet_utils/nnet_dense_latency.h:42]   --->   Operation 20 'partselect' 'mult' <Predicate = true> <Delay = 0.00>
ST_1 : Operation 21 [1/1] (0.00ns)   --->   "%sext_ln42_3 = sext i15 %mult" [firmware/nnet_utils/nnet_dense_latency.h:42]   --->   Operation 21 'sext' 'sext_ln42_3' <Predicate = true> <Delay = 0.00>
ST_1 : Operation 22 [1/1] (0.00ns)   --->   "%mult_364 = partselect i14 @_ssdm_op_PartSelect.i14.i16.i32.i32, i16 %data_0_val_read, i32 2, i32 15" [firmware/nnet_utils/nnet_dense_latency.h:42]   --->   Operation 22 'partselect' 'mult_364' <Predicate = true> <Delay = 0.00>
ST_1 : Operation 23 [1/1] (0.00ns)   --->   "%sext_ln17 = sext i14 %mult_364" [firmware/nnet_utils/nnet_dense_latency.h:17]   --->   Operation 23 'sext' 'sext_ln17' <Predicate = true> <Delay = 0.00>
ST_1 : Operation 24 [1/1] (2.07ns)   --->   "%sub_ln73 = sub i17 0, i17 %sext_ln42" [firmware/nnet_utils/nnet_mult.h:73->firmware/nnet_utils/nnet_dense_latency.h:42]   --->   Operation 24 'sub' 'sub_ln73' <Predicate = true> <Delay = 2.07> <CoreInst = "Adder">   --->   Core 1 'Adder' <Latency = 0> <II = 1> <Delay = 2.07> <FuncUnit> <Opcode : 'add' 'sub'> <InPorts = 2> <OutPorts = 1>
ST_1 : Operation 25 [1/1] (0.00ns)   --->   "%mult_369 = partselect i14 @_ssdm_op_PartSelect.i14.i17.i32.i32, i17 %sub_ln73, i32 3, i32 16" [firmware/nnet_utils/nnet_dense_latency.h:42]   --->   Operation 25 'partselect' 'mult_369' <Predicate = true> <Delay = 0.00>
ST_1 : Operation 26 [1/1] (0.00ns)   --->   "%sext_ln42_81 = sext i14 %mult_369" [firmware/nnet_utils/nnet_dense_latency.h:42]   --->   Operation 26 'sext' 'sext_ln42_81' <Predicate = true> <Delay = 0.00>
ST_1 : Operation 27 [1/1] (0.00ns)   --->   "%mult_370 = partselect i13 @_ssdm_op_PartSelect.i13.i16.i32.i32, i16 %data_0_val_read, i32 3, i32 15" [firmware/nnet_utils/nnet_dense_latency.h:42]   --->   Operation 27 'partselect' 'mult_370' <Predicate = true> <Delay = 0.00>
ST_1 : Operation 28 [1/1] (0.00ns)   --->   "%sext_ln17_466 = sext i13 %mult_370" [firmware/nnet_utils/nnet_dense_latency.h:17]   --->   Operation 28 'sext' 'sext_ln17_466' <Predicate = true> <Delay = 0.00>
ST_1 : Operation 29 [1/1] (0.00ns)   --->   "%mult_372 = partselect i15 @_ssdm_op_PartSelect.i15.i16.i32.i32, i16 %data_1_val_read, i32 1, i32 15" [firmware/nnet_utils/nnet_dense_latency.h:42]   --->   Operation 29 'partselect' 'mult_372' <Predicate = true> <Delay = 0.00>
ST_1 : Operation 30 [1/1] (0.00ns)   --->   "%sext_ln42_11 = sext i15 %mult_372" [firmware/nnet_utils/nnet_dense_latency.h:42]   --->   Operation 30 'sext' 'sext_ln42_11' <Predicate = true> <Delay = 0.00>
ST_1 : Operation 31 [1/1] (0.00ns)   --->   "%tmp_1916 = bitconcatenate i18 @_ssdm_op_BitConcatenate.i18.i16.i2, i16 %data_1_val_read, i2 0" [firmware/nnet_utils/nnet_dense_latency.h:42]   --->   Operation 31 'bitconcatenate' 'tmp_1916' <Predicate = true> <Delay = 0.00>
ST_1 : Operation 32 [1/1] (0.00ns)   --->   "%sext_ln42_82 = sext i18 %tmp_1916" [firmware/nnet_utils/nnet_dense_latency.h:42]   --->   Operation 32 'sext' 'sext_ln42_82' <Predicate = true> <Delay = 0.00>
ST_1 : Operation 33 [1/1] (2.13ns)   --->   "%sub_ln42_3 = sub i19 0, i19 %sext_ln42_82" [firmware/nnet_utils/nnet_dense_latency.h:42]   --->   Operation 33 'sub' 'sub_ln42_3' <Predicate = true> <Delay = 2.13> <CoreInst = "Adder">   --->   Core 1 'Adder' <Latency = 0> <II = 1> <Delay = 2.13> <FuncUnit> <Opcode : 'add' 'sub'> <InPorts = 2> <OutPorts = 1>
ST_1 : Operation 34 [1/1] (0.00ns)   --->   "%mult_375 = partselect i14 @_ssdm_op_PartSelect.i14.i16.i32.i32, i16 %data_1_val_read, i32 2, i32 15" [firmware/nnet_utils/nnet_dense_latency.h:42]   --->   Operation 34 'partselect' 'mult_375' <Predicate = true> <Delay = 0.00>
ST_1 : Operation 35 [1/1] (0.00ns)   --->   "%sext_ln42_12 = sext i14 %mult_375" [firmware/nnet_utils/nnet_dense_latency.h:42]   --->   Operation 35 'sext' 'sext_ln42_12' <Predicate = true> <Delay = 0.00>
ST_1 : Operation 36 [1/1] (0.00ns)   --->   "%sext_ln17_467 = sext i14 %mult_375" [firmware/nnet_utils/nnet_dense_latency.h:17]   --->   Operation 36 'sext' 'sext_ln17_467' <Predicate = true> <Delay = 0.00>
ST_1 : Operation 37 [1/1] (0.00ns)   --->   "%mult_378 = partselect i13 @_ssdm_op_PartSelect.i13.i16.i32.i32, i16 %data_1_val_read, i32 3, i32 15" [firmware/nnet_utils/nnet_dense_latency.h:42]   --->   Operation 37 'partselect' 'mult_378' <Predicate = true> <Delay = 0.00>
ST_1 : Operation 38 [1/1] (0.00ns)   --->   "%sext_ln17_469 = sext i13 %mult_378" [firmware/nnet_utils/nnet_dense_latency.h:17]   --->   Operation 38 'sext' 'sext_ln17_469' <Predicate = true> <Delay = 0.00>
ST_1 : Operation 39 [1/1] (0.00ns)   --->   "%sext_ln17_470 = sext i13 %mult_378" [firmware/nnet_utils/nnet_dense_latency.h:17]   --->   Operation 39 'sext' 'sext_ln17_470' <Predicate = true> <Delay = 0.00>
ST_1 : Operation 40 [1/1] (0.00ns)   --->   "%mult_379 = partselect i16 @_ssdm_op_PartSelect.i16.i19.i32.i32, i19 %sub_ln42_3, i32 3, i32 18" [firmware/nnet_utils/nnet_dense_latency.h:42]   --->   Operation 40 'partselect' 'mult_379' <Predicate = true> <Delay = 0.00>
ST_1 : Operation 41 [1/1] (0.00ns)   --->   "%mult_384 = partselect i15 @_ssdm_op_PartSelect.i15.i16.i32.i32, i16 %data_2_val_read, i32 1, i32 15" [firmware/nnet_utils/nnet_dense_latency.h:42]   --->   Operation 41 'partselect' 'mult_384' <Predicate = true> <Delay = 0.00>
ST_1 : Operation 42 [1/1] (0.00ns)   --->   "%sext_ln42_18 = sext i15 %mult_384" [firmware/nnet_utils/nnet_dense_latency.h:42]   --->   Operation 42 'sext' 'sext_ln42_18' <Predicate = true> <Delay = 0.00>
ST_1 : Operation 43 [1/1] (0.00ns)   --->   "%mult_389 = partselect i13 @_ssdm_op_PartSelect.i13.i16.i32.i32, i16 %data_2_val_read, i32 3, i32 15" [firmware/nnet_utils/nnet_dense_latency.h:42]   --->   Operation 43 'partselect' 'mult_389' <Predicate = true> <Delay = 0.00>
ST_1 : Operation 44 [1/1] (0.00ns)   --->   "%sext_ln17_471 = sext i13 %mult_389" [firmware/nnet_utils/nnet_dense_latency.h:17]   --->   Operation 44 'sext' 'sext_ln17_471' <Predicate = true> <Delay = 0.00>
ST_1 : Operation 45 [1/1] (0.00ns)   --->   "%mult_391 = partselect i14 @_ssdm_op_PartSelect.i14.i16.i32.i32, i16 %data_2_val_read, i32 2, i32 15" [firmware/nnet_utils/nnet_dense_latency.h:42]   --->   Operation 45 'partselect' 'mult_391' <Predicate = true> <Delay = 0.00>
ST_1 : Operation 46 [1/1] (0.00ns)   --->   "%sext_ln42_22 = sext i14 %mult_391" [firmware/nnet_utils/nnet_dense_latency.h:42]   --->   Operation 46 'sext' 'sext_ln42_22' <Predicate = true> <Delay = 0.00>
ST_1 : Operation 47 [1/1] (0.00ns)   --->   "%sext_ln17_472 = sext i14 %mult_391" [firmware/nnet_utils/nnet_dense_latency.h:17]   --->   Operation 47 'sext' 'sext_ln17_472' <Predicate = true> <Delay = 0.00>
ST_1 : Operation 48 [1/1] (0.00ns)   --->   "%mult_394 = partselect i15 @_ssdm_op_PartSelect.i15.i16.i32.i32, i16 %data_3_val_read, i32 1, i32 15" [firmware/nnet_utils/nnet_dense_latency.h:42]   --->   Operation 48 'partselect' 'mult_394' <Predicate = true> <Delay = 0.00>
ST_1 : Operation 49 [1/1] (0.00ns)   --->   "%sext_ln42_26 = sext i15 %mult_394" [firmware/nnet_utils/nnet_dense_latency.h:42]   --->   Operation 49 'sext' 'sext_ln42_26' <Predicate = true> <Delay = 0.00>
ST_1 : Operation 50 [1/1] (0.00ns)   --->   "%mult_395 = partselect i13 @_ssdm_op_PartSelect.i13.i16.i32.i32, i16 %data_3_val_read, i32 3, i32 15" [firmware/nnet_utils/nnet_dense_latency.h:42]   --->   Operation 50 'partselect' 'mult_395' <Predicate = true> <Delay = 0.00>
ST_1 : Operation 51 [1/1] (0.00ns)   --->   "%sext_ln17_473 = sext i13 %mult_395" [firmware/nnet_utils/nnet_dense_latency.h:17]   --->   Operation 51 'sext' 'sext_ln17_473' <Predicate = true> <Delay = 0.00>
ST_1 : Operation 52 [1/1] (0.00ns)   --->   "%sext_ln17_474 = sext i13 %mult_395" [firmware/nnet_utils/nnet_dense_latency.h:17]   --->   Operation 52 'sext' 'sext_ln17_474' <Predicate = true> <Delay = 0.00>
ST_1 : Operation 53 [1/1] (0.00ns)   --->   "%mult_396 = partselect i14 @_ssdm_op_PartSelect.i14.i16.i32.i32, i16 %data_3_val_read, i32 2, i32 15" [firmware/nnet_utils/nnet_dense_latency.h:42]   --->   Operation 53 'partselect' 'mult_396' <Predicate = true> <Delay = 0.00>
ST_1 : Operation 54 [1/1] (0.00ns)   --->   "%sext_ln42_27 = sext i14 %mult_396" [firmware/nnet_utils/nnet_dense_latency.h:42]   --->   Operation 54 'sext' 'sext_ln42_27' <Predicate = true> <Delay = 0.00>
ST_1 : Operation 55 [1/1] (0.00ns)   --->   "%sext_ln17_475 = sext i14 %mult_396" [firmware/nnet_utils/nnet_dense_latency.h:17]   --->   Operation 55 'sext' 'sext_ln17_475' <Predicate = true> <Delay = 0.00>
ST_1 : Operation 56 [1/1] (0.00ns)   --->   "%mult_407 = partselect i14 @_ssdm_op_PartSelect.i14.i16.i32.i32, i16 %data_4_val_read, i32 2, i32 15" [firmware/nnet_utils/nnet_dense_latency.h:42]   --->   Operation 56 'partselect' 'mult_407' <Predicate = true> <Delay = 0.00>
ST_1 : Operation 57 [1/1] (0.00ns)   --->   "%mult_409 = partselect i13 @_ssdm_op_PartSelect.i13.i16.i32.i32, i16 %data_4_val_read, i32 3, i32 15" [firmware/nnet_utils/nnet_dense_latency.h:42]   --->   Operation 57 'partselect' 'mult_409' <Predicate = true> <Delay = 0.00>
ST_1 : Operation 58 [1/1] (0.00ns)   --->   "%sext_ln17_476 = sext i13 %mult_409" [firmware/nnet_utils/nnet_dense_latency.h:17]   --->   Operation 58 'sext' 'sext_ln17_476' <Predicate = true> <Delay = 0.00>
ST_1 : Operation 59 [1/1] (0.00ns)   --->   "%sext_ln17_477 = sext i13 %mult_409" [firmware/nnet_utils/nnet_dense_latency.h:17]   --->   Operation 59 'sext' 'sext_ln17_477' <Predicate = true> <Delay = 0.00>
ST_1 : Operation 60 [1/1] (0.00ns)   --->   "%mult_412 = partselect i15 @_ssdm_op_PartSelect.i15.i16.i32.i32, i16 %data_4_val_read, i32 1, i32 15" [firmware/nnet_utils/nnet_dense_latency.h:42]   --->   Operation 60 'partselect' 'mult_412' <Predicate = true> <Delay = 0.00>
ST_1 : Operation 61 [1/1] (0.00ns)   --->   "%sext_ln42_34 = sext i15 %mult_412" [firmware/nnet_utils/nnet_dense_latency.h:42]   --->   Operation 61 'sext' 'sext_ln42_34' <Predicate = true> <Delay = 0.00>
ST_1 : Operation 62 [1/1] (0.00ns)   --->   "%mult_413 = partselect i13 @_ssdm_op_PartSelect.i13.i16.i32.i32, i16 %data_5_val_read, i32 3, i32 15" [firmware/nnet_utils/nnet_dense_latency.h:42]   --->   Operation 62 'partselect' 'mult_413' <Predicate = true> <Delay = 0.00>
ST_1 : Operation 63 [1/1] (0.00ns)   --->   "%sext_ln17_478 = sext i13 %mult_413" [firmware/nnet_utils/nnet_dense_latency.h:17]   --->   Operation 63 'sext' 'sext_ln17_478' <Predicate = true> <Delay = 0.00>
ST_1 : Operation 64 [1/1] (0.00ns)   --->   "%sext_ln17_479 = sext i13 %mult_413" [firmware/nnet_utils/nnet_dense_latency.h:17]   --->   Operation 64 'sext' 'sext_ln17_479' <Predicate = true> <Delay = 0.00>
ST_1 : Operation 65 [1/1] (0.00ns)   --->   "%mult_417 = partselect i14 @_ssdm_op_PartSelect.i14.i16.i32.i32, i16 %data_5_val_read, i32 2, i32 15" [firmware/nnet_utils/nnet_dense_latency.h:42]   --->   Operation 65 'partselect' 'mult_417' <Predicate = true> <Delay = 0.00>
ST_1 : Operation 66 [1/1] (0.00ns)   --->   "%sext_ln17_480 = sext i14 %mult_417" [firmware/nnet_utils/nnet_dense_latency.h:17]   --->   Operation 66 'sext' 'sext_ln17_480' <Predicate = true> <Delay = 0.00>
ST_1 : Operation 67 [1/1] (0.00ns)   --->   "%mult_425 = partselect i13 @_ssdm_op_PartSelect.i13.i16.i32.i32, i16 %data_6_val_read, i32 3, i32 15" [firmware/nnet_utils/nnet_dense_latency.h:42]   --->   Operation 67 'partselect' 'mult_425' <Predicate = true> <Delay = 0.00>
ST_1 : Operation 68 [1/1] (0.00ns)   --->   "%sext_ln42_38 = sext i13 %mult_425" [firmware/nnet_utils/nnet_dense_latency.h:42]   --->   Operation 68 'sext' 'sext_ln42_38' <Predicate = true> <Delay = 0.00>
ST_1 : Operation 69 [1/1] (0.00ns)   --->   "%sext_ln17_482 = sext i13 %mult_425" [firmware/nnet_utils/nnet_dense_latency.h:17]   --->   Operation 69 'sext' 'sext_ln17_482' <Predicate = true> <Delay = 0.00>
ST_1 : Operation 70 [1/1] (0.00ns)   --->   "%sext_ln17_483 = sext i13 %mult_425" [firmware/nnet_utils/nnet_dense_latency.h:17]   --->   Operation 70 'sext' 'sext_ln17_483' <Predicate = true> <Delay = 0.00>
ST_1 : Operation 71 [1/1] (0.00ns)   --->   "%mult_426 = partselect i14 @_ssdm_op_PartSelect.i14.i16.i32.i32, i16 %data_6_val_read, i32 2, i32 15" [firmware/nnet_utils/nnet_dense_latency.h:42]   --->   Operation 71 'partselect' 'mult_426' <Predicate = true> <Delay = 0.00>
ST_1 : Operation 72 [1/1] (0.00ns)   --->   "%sext_ln17_484 = sext i14 %mult_426" [firmware/nnet_utils/nnet_dense_latency.h:17]   --->   Operation 72 'sext' 'sext_ln17_484' <Predicate = true> <Delay = 0.00>
ST_1 : Operation 73 [1/1] (0.00ns)   --->   "%mult_428 = partselect i15 @_ssdm_op_PartSelect.i15.i16.i32.i32, i16 %data_6_val_read, i32 1, i32 15" [firmware/nnet_utils/nnet_dense_latency.h:42]   --->   Operation 73 'partselect' 'mult_428' <Predicate = true> <Delay = 0.00>
ST_1 : Operation 74 [1/1] (0.00ns)   --->   "%mult_438 = partselect i13 @_ssdm_op_PartSelect.i13.i16.i32.i32, i16 %data_7_val_read, i32 3, i32 15" [firmware/nnet_utils/nnet_dense_latency.h:42]   --->   Operation 74 'partselect' 'mult_438' <Predicate = true> <Delay = 0.00>
ST_1 : Operation 75 [1/1] (0.00ns)   --->   "%sext_ln17_486 = sext i13 %mult_438" [firmware/nnet_utils/nnet_dense_latency.h:17]   --->   Operation 75 'sext' 'sext_ln17_486' <Predicate = true> <Delay = 0.00>
ST_1 : Operation 76 [1/1] (0.00ns)   --->   "%sext_ln17_487 = sext i13 %mult_438" [firmware/nnet_utils/nnet_dense_latency.h:17]   --->   Operation 76 'sext' 'sext_ln17_487' <Predicate = true> <Delay = 0.00>
ST_1 : Operation 77 [1/1] (0.00ns)   --->   "%mult_441 = partselect i14 @_ssdm_op_PartSelect.i14.i16.i32.i32, i16 %data_7_val_read, i32 2, i32 15" [firmware/nnet_utils/nnet_dense_latency.h:42]   --->   Operation 77 'partselect' 'mult_441' <Predicate = true> <Delay = 0.00>
ST_1 : Operation 78 [1/1] (0.00ns)   --->   "%sext_ln42_43 = sext i14 %mult_441" [firmware/nnet_utils/nnet_dense_latency.h:42]   --->   Operation 78 'sext' 'sext_ln42_43' <Predicate = true> <Delay = 0.00>
ST_1 : Operation 79 [1/1] (0.00ns)   --->   "%sext_ln17_488 = sext i14 %mult_441" [firmware/nnet_utils/nnet_dense_latency.h:17]   --->   Operation 79 'sext' 'sext_ln17_488' <Predicate = true> <Delay = 0.00>
ST_1 : Operation 80 [1/1] (0.00ns)   --->   "%mult_443 = partselect i15 @_ssdm_op_PartSelect.i15.i16.i32.i32, i16 %data_7_val_read, i32 1, i32 15" [firmware/nnet_utils/nnet_dense_latency.h:42]   --->   Operation 80 'partselect' 'mult_443' <Predicate = true> <Delay = 0.00>
ST_1 : Operation 81 [1/1] (0.00ns)   --->   "%sext_ln42_44 = sext i15 %mult_443" [firmware/nnet_utils/nnet_dense_latency.h:42]   --->   Operation 81 'sext' 'sext_ln42_44' <Predicate = true> <Delay = 0.00>
ST_1 : Operation 82 [1/1] (0.00ns)   --->   "%mult_445 = partselect i13 @_ssdm_op_PartSelect.i13.i16.i32.i32, i16 %data_8_val_read, i32 3, i32 15" [firmware/nnet_utils/nnet_dense_latency.h:42]   --->   Operation 82 'partselect' 'mult_445' <Predicate = true> <Delay = 0.00>
ST_1 : Operation 83 [1/1] (0.00ns)   --->   "%sext_ln17_489 = sext i13 %mult_445" [firmware/nnet_utils/nnet_dense_latency.h:17]   --->   Operation 83 'sext' 'sext_ln17_489' <Predicate = true> <Delay = 0.00>
ST_1 : Operation 84 [1/1] (0.00ns)   --->   "%sext_ln17_490 = sext i13 %mult_445" [firmware/nnet_utils/nnet_dense_latency.h:17]   --->   Operation 84 'sext' 'sext_ln17_490' <Predicate = true> <Delay = 0.00>
ST_1 : Operation 85 [1/1] (0.00ns)   --->   "%tmp_1930 = bitconcatenate i18 @_ssdm_op_BitConcatenate.i18.i16.i2, i16 %data_8_val_read, i2 0" [firmware/nnet_utils/nnet_mult.h:73->firmware/nnet_utils/nnet_dense_latency.h:42]   --->   Operation 85 'bitconcatenate' 'tmp_1930' <Predicate = true> <Delay = 0.00>
ST_1 : Operation 86 [1/1] (0.00ns)   --->   "%sext_ln73_138 = sext i18 %tmp_1930" [firmware/nnet_utils/nnet_mult.h:73->firmware/nnet_utils/nnet_dense_latency.h:42]   --->   Operation 86 'sext' 'sext_ln73_138' <Predicate = true> <Delay = 0.00>
ST_1 : Operation 87 [1/1] (2.13ns)   --->   "%sub_ln42_24 = sub i19 0, i19 %sext_ln73_138" [firmware/nnet_utils/nnet_dense_latency.h:42]   --->   Operation 87 'sub' 'sub_ln42_24' <Predicate = true> <Delay = 2.13> <CoreInst = "Adder">   --->   Core 1 'Adder' <Latency = 0> <II = 1> <Delay = 2.13> <FuncUnit> <Opcode : 'add' 'sub'> <InPorts = 2> <OutPorts = 1>
ST_1 : Operation 88 [1/1] (0.00ns)   --->   "%mult_449 = partselect i16 @_ssdm_op_PartSelect.i16.i19.i32.i32, i19 %sub_ln42_24, i32 3, i32 18" [firmware/nnet_utils/nnet_dense_latency.h:42]   --->   Operation 88 'partselect' 'mult_449' <Predicate = true> <Delay = 0.00>
ST_1 : Operation 89 [1/1] (0.00ns)   --->   "%mult_452 = partselect i15 @_ssdm_op_PartSelect.i15.i16.i32.i32, i16 %data_8_val_read, i32 1, i32 15" [firmware/nnet_utils/nnet_dense_latency.h:42]   --->   Operation 89 'partselect' 'mult_452' <Predicate = true> <Delay = 0.00>
ST_1 : Operation 90 [1/1] (0.00ns)   --->   "%sext_ln42_47 = sext i15 %mult_452" [firmware/nnet_utils/nnet_dense_latency.h:42]   --->   Operation 90 'sext' 'sext_ln42_47' <Predicate = true> <Delay = 0.00>
ST_1 : Operation 91 [1/1] (0.00ns)   --->   "%mult_454 = partselect i14 @_ssdm_op_PartSelect.i14.i16.i32.i32, i16 %data_8_val_read, i32 2, i32 15" [firmware/nnet_utils/nnet_dense_latency.h:42]   --->   Operation 91 'partselect' 'mult_454' <Predicate = true> <Delay = 0.00>
ST_1 : Operation 92 [1/1] (0.00ns)   --->   "%sext_ln17_491 = sext i14 %mult_454" [firmware/nnet_utils/nnet_dense_latency.h:17]   --->   Operation 92 'sext' 'sext_ln17_491' <Predicate = true> <Delay = 0.00>
ST_1 : Operation 93 [1/1] (0.00ns)   --->   "%mult_455 = partselect i14 @_ssdm_op_PartSelect.i14.i16.i32.i32, i16 %data_9_val_read, i32 2, i32 15" [firmware/nnet_utils/nnet_dense_latency.h:42]   --->   Operation 93 'partselect' 'mult_455' <Predicate = true> <Delay = 0.00>
ST_1 : Operation 94 [1/1] (0.00ns)   --->   "%sext_ln42_51 = sext i14 %mult_455" [firmware/nnet_utils/nnet_dense_latency.h:42]   --->   Operation 94 'sext' 'sext_ln42_51' <Predicate = true> <Delay = 0.00>
ST_1 : Operation 95 [1/1] (0.00ns)   --->   "%sext_ln17_492 = sext i14 %mult_455" [firmware/nnet_utils/nnet_dense_latency.h:17]   --->   Operation 95 'sext' 'sext_ln17_492' <Predicate = true> <Delay = 0.00>
ST_1 : Operation 96 [1/1] (0.00ns)   --->   "%mult_459 = partselect i15 @_ssdm_op_PartSelect.i15.i16.i32.i32, i16 %data_9_val_read, i32 1, i32 15" [firmware/nnet_utils/nnet_dense_latency.h:42]   --->   Operation 96 'partselect' 'mult_459' <Predicate = true> <Delay = 0.00>
ST_1 : Operation 97 [1/1] (0.00ns)   --->   "%mult_461 = partselect i13 @_ssdm_op_PartSelect.i13.i16.i32.i32, i16 %data_9_val_read, i32 3, i32 15" [firmware/nnet_utils/nnet_dense_latency.h:42]   --->   Operation 97 'partselect' 'mult_461' <Predicate = true> <Delay = 0.00>
ST_1 : Operation 98 [1/1] (0.00ns)   --->   "%mult_466 = partselect i14 @_ssdm_op_PartSelect.i14.i16.i32.i32, i16 %data_10_val_read, i32 2, i32 15" [firmware/nnet_utils/nnet_dense_latency.h:42]   --->   Operation 98 'partselect' 'mult_466' <Predicate = true> <Delay = 0.00>
ST_1 : Operation 99 [1/1] (0.00ns)   --->   "%sext_ln17_493 = sext i14 %mult_466" [firmware/nnet_utils/nnet_dense_latency.h:17]   --->   Operation 99 'sext' 'sext_ln17_493' <Predicate = true> <Delay = 0.00>
ST_1 : Operation 100 [1/1] (0.00ns)   --->   "%mult_468 = partselect i13 @_ssdm_op_PartSelect.i13.i16.i32.i32, i16 %data_10_val_read, i32 3, i32 15" [firmware/nnet_utils/nnet_dense_latency.h:42]   --->   Operation 100 'partselect' 'mult_468' <Predicate = true> <Delay = 0.00>
ST_1 : Operation 101 [1/1] (0.00ns)   --->   "%sext_ln17_494 = sext i13 %mult_468" [firmware/nnet_utils/nnet_dense_latency.h:17]   --->   Operation 101 'sext' 'sext_ln17_494' <Predicate = true> <Delay = 0.00>
ST_1 : Operation 102 [1/1] (0.00ns)   --->   "%mult_472 = partselect i15 @_ssdm_op_PartSelect.i15.i16.i32.i32, i16 %data_10_val_read, i32 1, i32 15" [firmware/nnet_utils/nnet_dense_latency.h:42]   --->   Operation 102 'partselect' 'mult_472' <Predicate = true> <Delay = 0.00>
ST_1 : Operation 103 [1/1] (0.00ns)   --->   "%sext_ln42_59 = sext i15 %mult_472" [firmware/nnet_utils/nnet_dense_latency.h:42]   --->   Operation 103 'sext' 'sext_ln42_59' <Predicate = true> <Delay = 0.00>
ST_1 : Operation 104 [1/1] (0.00ns)   --->   "%mult_476 = partselect i14 @_ssdm_op_PartSelect.i14.i16.i32.i32, i16 %data_11_val_read, i32 2, i32 15" [firmware/nnet_utils/nnet_dense_latency.h:42]   --->   Operation 104 'partselect' 'mult_476' <Predicate = true> <Delay = 0.00>
ST_1 : Operation 105 [1/1] (0.00ns)   --->   "%sext_ln17_495 = sext i14 %mult_476" [firmware/nnet_utils/nnet_dense_latency.h:17]   --->   Operation 105 'sext' 'sext_ln17_495' <Predicate = true> <Delay = 0.00>
ST_1 : Operation 106 [1/1] (0.00ns)   --->   "%mult_478 = partselect i13 @_ssdm_op_PartSelect.i13.i16.i32.i32, i16 %data_11_val_read, i32 3, i32 15" [firmware/nnet_utils/nnet_dense_latency.h:42]   --->   Operation 106 'partselect' 'mult_478' <Predicate = true> <Delay = 0.00>
ST_1 : Operation 107 [1/1] (0.00ns)   --->   "%sext_ln17_496 = sext i13 %mult_478" [firmware/nnet_utils/nnet_dense_latency.h:17]   --->   Operation 107 'sext' 'sext_ln17_496' <Predicate = true> <Delay = 0.00>
ST_1 : Operation 108 [1/1] (0.00ns)   --->   "%mult_479 = partselect i15 @_ssdm_op_PartSelect.i15.i16.i32.i32, i16 %data_11_val_read, i32 1, i32 15" [firmware/nnet_utils/nnet_dense_latency.h:42]   --->   Operation 108 'partselect' 'mult_479' <Predicate = true> <Delay = 0.00>
ST_1 : Operation 109 [1/1] (0.00ns)   --->   "%sext_ln42_62 = sext i15 %mult_479" [firmware/nnet_utils/nnet_dense_latency.h:42]   --->   Operation 109 'sext' 'sext_ln42_62' <Predicate = true> <Delay = 0.00>
ST_1 : Operation 110 [1/1] (0.00ns)   --->   "%mult_484 = partselect i13 @_ssdm_op_PartSelect.i13.i16.i32.i32, i16 %data_12_val_read, i32 3, i32 15" [firmware/nnet_utils/nnet_dense_latency.h:42]   --->   Operation 110 'partselect' 'mult_484' <Predicate = true> <Delay = 0.00>
ST_1 : Operation 111 [1/1] (0.00ns)   --->   "%sext_ln17_497 = sext i13 %mult_484" [firmware/nnet_utils/nnet_dense_latency.h:17]   --->   Operation 111 'sext' 'sext_ln17_497' <Predicate = true> <Delay = 0.00>
ST_1 : Operation 112 [1/1] (0.00ns)   --->   "%sext_ln17_498 = sext i13 %mult_484" [firmware/nnet_utils/nnet_dense_latency.h:17]   --->   Operation 112 'sext' 'sext_ln17_498' <Predicate = true> <Delay = 0.00>
ST_1 : Operation 113 [1/1] (0.00ns)   --->   "%sext_ln73_21 = sext i16 %data_12_val_read" [firmware/nnet_utils/nnet_mult.h:73->firmware/nnet_utils/nnet_dense_latency.h:42]   --->   Operation 113 'sext' 'sext_ln73_21' <Predicate = true> <Delay = 0.00>
ST_1 : Operation 114 [1/1] (0.00ns)   --->   "%sext_ln73_22 = sext i16 %data_12_val_read" [firmware/nnet_utils/nnet_mult.h:73->firmware/nnet_utils/nnet_dense_latency.h:42]   --->   Operation 114 'sext' 'sext_ln73_22' <Predicate = true> <Delay = 0.00>
ST_1 : Operation 115 [1/1] (2.07ns)   --->   "%sub_ln73_207 = sub i17 0, i17 %sext_ln73_22" [firmware/nnet_utils/nnet_mult.h:73->firmware/nnet_utils/nnet_dense_latency.h:42]   --->   Operation 115 'sub' 'sub_ln73_207' <Predicate = true> <Delay = 2.07> <CoreInst = "Adder">   --->   Core 1 'Adder' <Latency = 0> <II = 1> <Delay = 2.07> <FuncUnit> <Opcode : 'add' 'sub'> <InPorts = 2> <OutPorts = 1>
ST_1 : Operation 116 [1/1] (0.00ns)   --->   "%mult_485 = partselect i14 @_ssdm_op_PartSelect.i14.i17.i32.i32, i17 %sub_ln73_207, i32 3, i32 16" [firmware/nnet_utils/nnet_dense_latency.h:42]   --->   Operation 116 'partselect' 'mult_485' <Predicate = true> <Delay = 0.00>
ST_1 : Operation 117 [1/1] (0.00ns)   --->   "%sext_ln17_499 = sext i14 %mult_485" [firmware/nnet_utils/nnet_dense_latency.h:17]   --->   Operation 117 'sext' 'sext_ln17_499' <Predicate = true> <Delay = 0.00>
ST_1 : Operation 118 [1/1] (0.00ns)   --->   "%tmp_1938 = bitconcatenate i18 @_ssdm_op_BitConcatenate.i18.i16.i2, i16 %data_12_val_read, i2 0" [firmware/nnet_utils/nnet_mult.h:73->firmware/nnet_utils/nnet_dense_latency.h:42]   --->   Operation 118 'bitconcatenate' 'tmp_1938' <Predicate = true> <Delay = 0.00>
ST_1 : Operation 119 [1/1] (0.00ns)   --->   "%sext_ln73_145 = sext i18 %tmp_1938" [firmware/nnet_utils/nnet_mult.h:73->firmware/nnet_utils/nnet_dense_latency.h:42]   --->   Operation 119 'sext' 'sext_ln73_145' <Predicate = true> <Delay = 0.00>
ST_1 : Operation 120 [1/1] (2.13ns)   --->   "%sub_ln73_393 = sub i19 %sext_ln73_21, i19 %sext_ln73_145" [firmware/nnet_utils/nnet_mult.h:73->firmware/nnet_utils/nnet_dense_latency.h:42]   --->   Operation 120 'sub' 'sub_ln73_393' <Predicate = true> <Delay = 2.13> <CoreInst = "Adder">   --->   Core 1 'Adder' <Latency = 0> <II = 1> <Delay = 2.13> <FuncUnit> <Opcode : 'add' 'sub'> <InPorts = 2> <OutPorts = 1>
ST_1 : Operation 121 [1/1] (0.00ns)   --->   "%mult_486 = partselect i16 @_ssdm_op_PartSelect.i16.i19.i32.i32, i19 %sub_ln73_393, i32 3, i32 18" [firmware/nnet_utils/nnet_dense_latency.h:42]   --->   Operation 121 'partselect' 'mult_486' <Predicate = true> <Delay = 0.00>
ST_1 : Operation 122 [1/1] (2.13ns)   --->   "%sub_ln73_394 = sub i19 %sext_ln73_145, i19 %sext_ln73_21" [firmware/nnet_utils/nnet_mult.h:73->firmware/nnet_utils/nnet_dense_latency.h:42]   --->   Operation 122 'sub' 'sub_ln73_394' <Predicate = true> <Delay = 2.13> <CoreInst = "Adder">   --->   Core 1 'Adder' <Latency = 0> <II = 1> <Delay = 2.13> <FuncUnit> <Opcode : 'add' 'sub'> <InPorts = 2> <OutPorts = 1>
ST_1 : Operation 123 [1/1] (0.00ns)   --->   "%mult_487 = partselect i16 @_ssdm_op_PartSelect.i16.i19.i32.i32, i19 %sub_ln73_394, i32 3, i32 18" [firmware/nnet_utils/nnet_dense_latency.h:42]   --->   Operation 123 'partselect' 'mult_487' <Predicate = true> <Delay = 0.00>
ST_1 : Operation 124 [1/1] (2.13ns)   --->   "%sub_ln42_34 = sub i19 0, i19 %sext_ln73_145" [firmware/nnet_utils/nnet_dense_latency.h:42]   --->   Operation 124 'sub' 'sub_ln42_34' <Predicate = true> <Delay = 2.13> <CoreInst = "Adder">   --->   Core 1 'Adder' <Latency = 0> <II = 1> <Delay = 2.13> <FuncUnit> <Opcode : 'add' 'sub'> <InPorts = 2> <OutPorts = 1>
ST_1 : Operation 125 [1/1] (2.16ns)   --->   "%sub_ln42_35 = sub i19 %sub_ln42_34, i19 %sext_ln73_21" [firmware/nnet_utils/nnet_dense_latency.h:42]   --->   Operation 125 'sub' 'sub_ln42_35' <Predicate = true> <Delay = 2.16> <CoreInst = "Adder">   --->   Core 1 'Adder' <Latency = 0> <II = 1> <Delay = 2.16> <FuncUnit> <Opcode : 'add' 'sub'> <InPorts = 2> <OutPorts = 1>
ST_1 : Operation 126 [1/1] (0.00ns)   --->   "%mult_488 = partselect i16 @_ssdm_op_PartSelect.i16.i19.i32.i32, i19 %sub_ln42_35, i32 3, i32 18" [firmware/nnet_utils/nnet_dense_latency.h:42]   --->   Operation 126 'partselect' 'mult_488' <Predicate = true> <Delay = 0.00>
ST_1 : Operation 127 [1/1] (0.00ns)   --->   "%mult_489 = partselect i15 @_ssdm_op_PartSelect.i15.i16.i32.i32, i16 %data_12_val_read, i32 1, i32 15" [firmware/nnet_utils/nnet_dense_latency.h:42]   --->   Operation 127 'partselect' 'mult_489' <Predicate = true> <Delay = 0.00>
ST_1 : Operation 128 [1/1] (0.00ns)   --->   "%tmp_1939 = bitconcatenate i17 @_ssdm_op_BitConcatenate.i17.i16.i1, i16 %data_12_val_read, i1 0" [firmware/nnet_utils/nnet_mult.h:73->firmware/nnet_utils/nnet_dense_latency.h:42]   --->   Operation 128 'bitconcatenate' 'tmp_1939' <Predicate = true> <Delay = 0.00>
ST_1 : Operation 129 [1/1] (0.00ns)   --->   "%sext_ln73_146 = sext i17 %tmp_1939" [firmware/nnet_utils/nnet_mult.h:73->firmware/nnet_utils/nnet_dense_latency.h:42]   --->   Operation 129 'sext' 'sext_ln73_146' <Predicate = true> <Delay = 0.00>
ST_1 : Operation 130 [1/1] (2.10ns)   --->   "%sub_ln73_395 = sub i18 0, i18 %sext_ln73_146" [firmware/nnet_utils/nnet_mult.h:73->firmware/nnet_utils/nnet_dense_latency.h:42]   --->   Operation 130 'sub' 'sub_ln73_395' <Predicate = true> <Delay = 2.10> <CoreInst = "Adder">   --->   Core 1 'Adder' <Latency = 0> <II = 1> <Delay = 2.10> <FuncUnit> <Opcode : 'add' 'sub'> <InPorts = 2> <OutPorts = 1>
ST_1 : Operation 131 [1/1] (0.00ns)   --->   "%mult_490 = partselect i15 @_ssdm_op_PartSelect.i15.i18.i32.i32, i18 %sub_ln73_395, i32 3, i32 17" [firmware/nnet_utils/nnet_dense_latency.h:42]   --->   Operation 131 'partselect' 'mult_490' <Predicate = true> <Delay = 0.00>
ST_1 : Operation 132 [1/1] (0.00ns)   --->   "%mult_491 = partselect i14 @_ssdm_op_PartSelect.i14.i16.i32.i32, i16 %data_12_val_read, i32 2, i32 15" [firmware/nnet_utils/nnet_dense_latency.h:42]   --->   Operation 132 'partselect' 'mult_491' <Predicate = true> <Delay = 0.00>
ST_1 : Operation 133 [1/1] (0.00ns)   --->   "%sext_ln17_500 = sext i14 %mult_491" [firmware/nnet_utils/nnet_dense_latency.h:17]   --->   Operation 133 'sext' 'sext_ln17_500' <Predicate = true> <Delay = 0.00>
ST_1 : Operation 134 [1/1] (0.00ns)   --->   "%mult_492 = partselect i16 @_ssdm_op_PartSelect.i16.i19.i32.i32, i19 %sub_ln42_34, i32 3, i32 18" [firmware/nnet_utils/nnet_dense_latency.h:42]   --->   Operation 134 'partselect' 'mult_492' <Predicate = true> <Delay = 0.00>
ST_1 : Operation 135 [1/1] (0.00ns)   --->   "%p_shl48 = bitconcatenate i19 @_ssdm_op_BitConcatenate.i19.i16.i3, i16 %data_12_val_read, i3 0" [firmware/nnet_utils/nnet_dense_latency.h:42]   --->   Operation 135 'bitconcatenate' 'p_shl48' <Predicate = true> <Delay = 0.00>
ST_1 : Operation 136 [1/1] (0.00ns)   --->   "%sext_ln42_119 = sext i17 %tmp_1939" [firmware/nnet_utils/nnet_dense_latency.h:42]   --->   Operation 136 'sext' 'sext_ln42_119' <Predicate = true> <Delay = 0.00>
ST_1 : Operation 137 [1/1] (2.16ns)   --->   "%sub_ln42_36 = sub i19 %p_shl48, i19 %sext_ln42_119" [firmware/nnet_utils/nnet_dense_latency.h:42]   --->   Operation 137 'sub' 'sub_ln42_36' <Predicate = true> <Delay = 2.16> <CoreInst = "Adder">   --->   Core 1 'Adder' <Latency = 0> <II = 1> <Delay = 2.16> <FuncUnit> <Opcode : 'add' 'sub'> <InPorts = 2> <OutPorts = 1>
ST_1 : Operation 138 [1/1] (0.00ns)   --->   "%mult_493 = partselect i16 @_ssdm_op_PartSelect.i16.i19.i32.i32, i19 %sub_ln42_36, i32 3, i32 18" [firmware/nnet_utils/nnet_dense_latency.h:42]   --->   Operation 138 'partselect' 'mult_493' <Predicate = true> <Delay = 0.00>
ST_1 : Operation 139 [1/1] (0.00ns)   --->   "%sext_ln73_24 = sext i16 %data_13_val_read" [firmware/nnet_utils/nnet_mult.h:73->firmware/nnet_utils/nnet_dense_latency.h:42]   --->   Operation 139 'sext' 'sext_ln73_24' <Predicate = true> <Delay = 0.00>
ST_1 : Operation 140 [1/1] (0.00ns)   --->   "%sext_ln73_25 = sext i16 %data_13_val_read" [firmware/nnet_utils/nnet_mult.h:73->firmware/nnet_utils/nnet_dense_latency.h:42]   --->   Operation 140 'sext' 'sext_ln73_25' <Predicate = true> <Delay = 0.00>
ST_1 : Operation 141 [1/1] (0.00ns)   --->   "%p_shl46 = bitconcatenate i19 @_ssdm_op_BitConcatenate.i19.i16.i3, i16 %data_13_val_read, i3 0" [firmware/nnet_utils/nnet_dense_latency.h:42]   --->   Operation 141 'bitconcatenate' 'p_shl46' <Predicate = true> <Delay = 0.00>
ST_1 : Operation 142 [1/1] (0.00ns)   --->   "%tmp_1940 = bitconcatenate i17 @_ssdm_op_BitConcatenate.i17.i16.i1, i16 %data_13_val_read, i1 0" [firmware/nnet_utils/nnet_dense_latency.h:42]   --->   Operation 142 'bitconcatenate' 'tmp_1940' <Predicate = true> <Delay = 0.00>
ST_1 : Operation 143 [1/1] (0.00ns)   --->   "%sext_ln42_120 = sext i17 %tmp_1940" [firmware/nnet_utils/nnet_dense_latency.h:42]   --->   Operation 143 'sext' 'sext_ln42_120' <Predicate = true> <Delay = 0.00>
ST_1 : Operation 144 [1/1] (2.16ns)   --->   "%sub_ln42_37 = sub i19 %p_shl46, i19 %sext_ln42_120" [firmware/nnet_utils/nnet_dense_latency.h:42]   --->   Operation 144 'sub' 'sub_ln42_37' <Predicate = true> <Delay = 2.16> <CoreInst = "Adder">   --->   Core 1 'Adder' <Latency = 0> <II = 1> <Delay = 2.16> <FuncUnit> <Opcode : 'add' 'sub'> <InPorts = 2> <OutPorts = 1>
ST_1 : Operation 145 [1/1] (0.00ns)   --->   "%mult_494 = partselect i16 @_ssdm_op_PartSelect.i16.i19.i32.i32, i19 %sub_ln42_37, i32 3, i32 18" [firmware/nnet_utils/nnet_dense_latency.h:42]   --->   Operation 145 'partselect' 'mult_494' <Predicate = true> <Delay = 0.00>
ST_1 : Operation 146 [1/1] (0.00ns)   --->   "%tmp_1941 = bitconcatenate i18 @_ssdm_op_BitConcatenate.i18.i16.i2, i16 %data_13_val_read, i2 0" [firmware/nnet_utils/nnet_mult.h:73->firmware/nnet_utils/nnet_dense_latency.h:42]   --->   Operation 146 'bitconcatenate' 'tmp_1941' <Predicate = true> <Delay = 0.00>
ST_1 : Operation 147 [1/1] (0.00ns)   --->   "%sext_ln73_147 = sext i18 %tmp_1941" [firmware/nnet_utils/nnet_mult.h:73->firmware/nnet_utils/nnet_dense_latency.h:42]   --->   Operation 147 'sext' 'sext_ln73_147' <Predicate = true> <Delay = 0.00>
ST_1 : Operation 148 [1/1] (2.13ns)   --->   "%sub_ln73_396 = sub i19 0, i19 %sext_ln73_147" [firmware/nnet_utils/nnet_mult.h:73->firmware/nnet_utils/nnet_dense_latency.h:42]   --->   Operation 148 'sub' 'sub_ln73_396' <Predicate = true> <Delay = 2.13> <CoreInst = "Adder">   --->   Core 1 'Adder' <Latency = 0> <II = 1> <Delay = 2.13> <FuncUnit> <Opcode : 'add' 'sub'> <InPorts = 2> <OutPorts = 1>
ST_1 : Operation 149 [1/1] (0.00ns)   --->   "%mult_495 = partselect i16 @_ssdm_op_PartSelect.i16.i19.i32.i32, i19 %sub_ln73_396, i32 3, i32 18" [firmware/nnet_utils/nnet_dense_latency.h:42]   --->   Operation 149 'partselect' 'mult_495' <Predicate = true> <Delay = 0.00>
ST_1 : Operation 150 [1/1] (0.00ns)   --->   "%mult_496 = partselect i15 @_ssdm_op_PartSelect.i15.i16.i32.i32, i16 %data_13_val_read, i32 1, i32 15" [firmware/nnet_utils/nnet_dense_latency.h:42]   --->   Operation 150 'partselect' 'mult_496' <Predicate = true> <Delay = 0.00>
ST_1 : Operation 151 [1/1] (0.00ns)   --->   "%sext_ln42_66 = sext i15 %mult_496" [firmware/nnet_utils/nnet_dense_latency.h:42]   --->   Operation 151 'sext' 'sext_ln42_66' <Predicate = true> <Delay = 0.00>
ST_1 : Operation 152 [1/1] (2.13ns)   --->   "%add_ln42_6 = add i19 %sext_ln73_147, i19 %sext_ln73_25" [firmware/nnet_utils/nnet_dense_latency.h:42]   --->   Operation 152 'add' 'add_ln42_6' <Predicate = true> <Delay = 2.13> <CoreInst = "Adder">   --->   Core 1 'Adder' <Latency = 0> <II = 1> <Delay = 2.13> <FuncUnit> <Opcode : 'add' 'sub'> <InPorts = 2> <OutPorts = 1>
ST_1 : Operation 153 [1/1] (0.00ns)   --->   "%mult_497 = partselect i16 @_ssdm_op_PartSelect.i16.i19.i32.i32, i19 %add_ln42_6, i32 3, i32 18" [firmware/nnet_utils/nnet_dense_latency.h:42]   --->   Operation 153 'partselect' 'mult_497' <Predicate = true> <Delay = 0.00>
ST_1 : Operation 154 [1/1] (0.00ns)   --->   "%mult_498 = partselect i13 @_ssdm_op_PartSelect.i13.i16.i32.i32, i16 %data_13_val_read, i32 3, i32 15" [firmware/nnet_utils/nnet_dense_latency.h:42]   --->   Operation 154 'partselect' 'mult_498' <Predicate = true> <Delay = 0.00>
ST_1 : Operation 155 [1/1] (0.00ns)   --->   "%sext_ln17_501 = sext i13 %mult_498" [firmware/nnet_utils/nnet_dense_latency.h:17]   --->   Operation 155 'sext' 'sext_ln17_501' <Predicate = true> <Delay = 0.00>
ST_1 : Operation 156 [1/1] (0.00ns)   --->   "%sext_ln17_502 = sext i13 %mult_498" [firmware/nnet_utils/nnet_dense_latency.h:17]   --->   Operation 156 'sext' 'sext_ln17_502' <Predicate = true> <Delay = 0.00>
ST_1 : Operation 157 [1/1] (2.13ns)   --->   "%sub_ln73_397 = sub i19 %sext_ln73_25, i19 %sext_ln73_147" [firmware/nnet_utils/nnet_mult.h:73->firmware/nnet_utils/nnet_dense_latency.h:42]   --->   Operation 157 'sub' 'sub_ln73_397' <Predicate = true> <Delay = 2.13> <CoreInst = "Adder">   --->   Core 1 'Adder' <Latency = 0> <II = 1> <Delay = 2.13> <FuncUnit> <Opcode : 'add' 'sub'> <InPorts = 2> <OutPorts = 1>
ST_1 : Operation 158 [1/1] (0.00ns)   --->   "%mult_499 = partselect i16 @_ssdm_op_PartSelect.i16.i19.i32.i32, i19 %sub_ln73_397, i32 3, i32 18" [firmware/nnet_utils/nnet_dense_latency.h:42]   --->   Operation 158 'partselect' 'mult_499' <Predicate = true> <Delay = 0.00>
ST_1 : Operation 159 [1/1] (2.16ns)   --->   "%sub_ln42_38 = sub i19 %sub_ln73_396, i19 %sext_ln73_25" [firmware/nnet_utils/nnet_dense_latency.h:42]   --->   Operation 159 'sub' 'sub_ln42_38' <Predicate = true> <Delay = 2.16> <CoreInst = "Adder">   --->   Core 1 'Adder' <Latency = 0> <II = 1> <Delay = 2.16> <FuncUnit> <Opcode : 'add' 'sub'> <InPorts = 2> <OutPorts = 1>
ST_1 : Operation 160 [1/1] (0.00ns)   --->   "%mult_500 = partselect i16 @_ssdm_op_PartSelect.i16.i19.i32.i32, i19 %sub_ln42_38, i32 3, i32 18" [firmware/nnet_utils/nnet_dense_latency.h:42]   --->   Operation 160 'partselect' 'mult_500' <Predicate = true> <Delay = 0.00>
ST_1 : Operation 161 [1/1] (2.13ns)   --->   "%sub_ln73_398 = sub i19 %sext_ln73_147, i19 %sext_ln73_25" [firmware/nnet_utils/nnet_mult.h:73->firmware/nnet_utils/nnet_dense_latency.h:42]   --->   Operation 161 'sub' 'sub_ln73_398' <Predicate = true> <Delay = 2.13> <CoreInst = "Adder">   --->   Core 1 'Adder' <Latency = 0> <II = 1> <Delay = 2.13> <FuncUnit> <Opcode : 'add' 'sub'> <InPorts = 2> <OutPorts = 1>
ST_1 : Operation 162 [1/1] (0.00ns)   --->   "%mult_501 = partselect i16 @_ssdm_op_PartSelect.i16.i19.i32.i32, i19 %sub_ln73_398, i32 3, i32 18" [firmware/nnet_utils/nnet_dense_latency.h:42]   --->   Operation 162 'partselect' 'mult_501' <Predicate = true> <Delay = 0.00>
ST_1 : Operation 163 [1/1] (2.16ns)   --->   "%sub_ln42_39 = sub i19 %sext_ln42_120, i19 %p_shl46" [firmware/nnet_utils/nnet_dense_latency.h:42]   --->   Operation 163 'sub' 'sub_ln42_39' <Predicate = true> <Delay = 2.16> <CoreInst = "Adder">   --->   Core 1 'Adder' <Latency = 0> <II = 1> <Delay = 2.16> <FuncUnit> <Opcode : 'add' 'sub'> <InPorts = 2> <OutPorts = 1>
ST_1 : Operation 164 [1/1] (0.00ns)   --->   "%mult_502 = partselect i16 @_ssdm_op_PartSelect.i16.i19.i32.i32, i19 %sub_ln42_39, i32 3, i32 18" [firmware/nnet_utils/nnet_dense_latency.h:42]   --->   Operation 164 'partselect' 'mult_502' <Predicate = true> <Delay = 0.00>
ST_1 : Operation 165 [1/1] (0.00ns)   --->   "%mult_503 = partselect i14 @_ssdm_op_PartSelect.i14.i16.i32.i32, i16 %data_13_val_read, i32 2, i32 15" [firmware/nnet_utils/nnet_dense_latency.h:42]   --->   Operation 165 'partselect' 'mult_503' <Predicate = true> <Delay = 0.00>
ST_1 : Operation 166 [1/1] (0.00ns)   --->   "%sext_ln17_503 = sext i14 %mult_503" [firmware/nnet_utils/nnet_dense_latency.h:17]   --->   Operation 166 'sext' 'sext_ln17_503' <Predicate = true> <Delay = 0.00>
ST_1 : Operation 167 [1/1] (2.07ns)   --->   "%sub_ln73_208 = sub i17 0, i17 %sext_ln73_24" [firmware/nnet_utils/nnet_mult.h:73->firmware/nnet_utils/nnet_dense_latency.h:42]   --->   Operation 167 'sub' 'sub_ln73_208' <Predicate = true> <Delay = 2.07> <CoreInst = "Adder">   --->   Core 1 'Adder' <Latency = 0> <II = 1> <Delay = 2.07> <FuncUnit> <Opcode : 'add' 'sub'> <InPorts = 2> <OutPorts = 1>
ST_1 : Operation 168 [1/1] (0.00ns)   --->   "%mult_504 = partselect i14 @_ssdm_op_PartSelect.i14.i17.i32.i32, i17 %sub_ln73_208, i32 3, i32 16" [firmware/nnet_utils/nnet_dense_latency.h:42]   --->   Operation 168 'partselect' 'mult_504' <Predicate = true> <Delay = 0.00>
ST_1 : Operation 169 [1/1] (0.00ns)   --->   "%sext_ln42_121 = sext i14 %mult_504" [firmware/nnet_utils/nnet_dense_latency.h:42]   --->   Operation 169 'sext' 'sext_ln42_121' <Predicate = true> <Delay = 0.00>
ST_1 : Operation 170 [1/1] (0.00ns)   --->   "%sext_ln17_504 = sext i14 %mult_504" [firmware/nnet_utils/nnet_dense_latency.h:17]   --->   Operation 170 'sext' 'sext_ln17_504' <Predicate = true> <Delay = 0.00>
ST_1 : Operation 171 [1/1] (0.00ns)   --->   "%sext_ln73_148 = sext i17 %tmp_1940" [firmware/nnet_utils/nnet_mult.h:73->firmware/nnet_utils/nnet_dense_latency.h:42]   --->   Operation 171 'sext' 'sext_ln73_148' <Predicate = true> <Delay = 0.00>
ST_1 : Operation 172 [1/1] (2.10ns)   --->   "%sub_ln73_399 = sub i18 0, i18 %sext_ln73_148" [firmware/nnet_utils/nnet_mult.h:73->firmware/nnet_utils/nnet_dense_latency.h:42]   --->   Operation 172 'sub' 'sub_ln73_399' <Predicate = true> <Delay = 2.10> <CoreInst = "Adder">   --->   Core 1 'Adder' <Latency = 0> <II = 1> <Delay = 2.10> <FuncUnit> <Opcode : 'add' 'sub'> <InPorts = 2> <OutPorts = 1>
ST_1 : Operation 173 [1/1] (0.00ns)   --->   "%mult_505 = partselect i15 @_ssdm_op_PartSelect.i15.i18.i32.i32, i18 %sub_ln73_399, i32 3, i32 17" [firmware/nnet_utils/nnet_dense_latency.h:42]   --->   Operation 173 'partselect' 'mult_505' <Predicate = true> <Delay = 0.00>
ST_1 : Operation 174 [1/1] (1.81ns)   --->   "%add_ln58_5927 = add i15 %sext_ln17_484, i15 %sext_ln17_495" [firmware/nnet_utils/nnet_dense_latency.h:58]   --->   Operation 174 'add' 'add_ln58_5927' <Predicate = true> <Delay = 1.81> <CoreInst = "Adder">   --->   Core 1 'Adder' <Latency = 0> <II = 1> <Delay = 1.81> <FuncUnit> <Opcode : 'add' 'sub'> <InPorts = 2> <OutPorts = 1>
ST_1 : Operation 175 [1/1] (1.67ns)   --->   "%add_ln58_5929 = add i14 %sext_ln17_474, i14 %sext_ln17_487" [firmware/nnet_utils/nnet_dense_latency.h:58]   --->   Operation 175 'add' 'add_ln58_5929' <Predicate = true> <Delay = 1.67> <CoreInst = "Adder">   --->   Core 1 'Adder' <Latency = 0> <II = 1> <Delay = 1.67> <FuncUnit> <Opcode : 'add' 'sub'> <InPorts = 2> <OutPorts = 1>
ST_1 : Operation 176 [1/1] (0.00ns)   --->   "%sext_ln58_2221 = sext i14 %add_ln58_5929" [firmware/nnet_utils/nnet_dense_latency.h:58]   --->   Operation 176 'sext' 'sext_ln58_2221' <Predicate = true> <Delay = 0.00>
ST_1 : Operation 177 [1/1] (1.81ns)   --->   "%add_ln58_5930 = add i15 %sext_ln58_2221, i15 %sext_ln17_471" [firmware/nnet_utils/nnet_dense_latency.h:58]   --->   Operation 177 'add' 'add_ln58_5930' <Predicate = true> <Delay = 1.81> <CoreInst = "Adder">   --->   Core 1 'Adder' <Latency = 0> <II = 1> <Delay = 1.81> <FuncUnit> <Opcode : 'add' 'sub'> <InPorts = 2> <OutPorts = 1>
ST_1 : Operation 178 [1/1] (1.81ns)   --->   "%add_ln58_5937 = add i15 %sext_ln17_484, i15 %sext_ln17_490" [firmware/nnet_utils/nnet_dense_latency.h:58]   --->   Operation 178 'add' 'add_ln58_5937' <Predicate = true> <Delay = 1.81> <CoreInst = "Adder">   --->   Core 1 'Adder' <Latency = 0> <II = 1> <Delay = 1.81> <FuncUnit> <Opcode : 'add' 'sub'> <InPorts = 2> <OutPorts = 1>
ST_1 : Operation 179 [1/1] (1.94ns)   --->   "%add_ln58_5949 = add i16 %sext_ln42_62, i16 %sext_ln42_38" [firmware/nnet_utils/nnet_dense_latency.h:58]   --->   Operation 179 'add' 'add_ln58_5949' <Predicate = true> <Delay = 1.94> <CoreInst = "Adder">   --->   Core 1 'Adder' <Latency = 0> <II = 1> <Delay = 1.94> <FuncUnit> <Opcode : 'add' 'sub'> <InPorts = 2> <OutPorts = 1>
ST_1 : Operation 180 [1/1] (1.94ns)   --->   "%add_ln58_5959 = add i16 %sext_ln42_3, i16 %sext_ln42_18" [firmware/nnet_utils/nnet_dense_latency.h:58]   --->   Operation 180 'add' 'add_ln58_5959' <Predicate = true> <Delay = 1.94> <CoreInst = "Adder">   --->   Core 1 'Adder' <Latency = 0> <II = 1> <Delay = 1.94> <FuncUnit> <Opcode : 'add' 'sub'> <InPorts = 2> <OutPorts = 1>
ST_1 : Operation 181 [1/1] (1.94ns)   --->   "%add_ln58_5961 = add i16 %sext_ln42_26, i16 %sext_ln42_51" [firmware/nnet_utils/nnet_dense_latency.h:58]   --->   Operation 181 'add' 'add_ln58_5961' <Predicate = true> <Delay = 1.94> <CoreInst = "Adder">   --->   Core 1 'Adder' <Latency = 0> <II = 1> <Delay = 1.94> <FuncUnit> <Opcode : 'add' 'sub'> <InPorts = 2> <OutPorts = 1>
ST_1 : Operation 182 [1/1] (1.67ns)   --->   "%add_ln58_5962 = add i14 %sext_ln17_479, i14 %sext_ln17_498" [firmware/nnet_utils/nnet_dense_latency.h:58]   --->   Operation 182 'add' 'add_ln58_5962' <Predicate = true> <Delay = 1.67> <CoreInst = "Adder">   --->   Core 1 'Adder' <Latency = 0> <II = 1> <Delay = 1.67> <FuncUnit> <Opcode : 'add' 'sub'> <InPorts = 2> <OutPorts = 1>
ST_1 : Operation 183 [1/1] (0.00ns)   --->   "%sext_ln58_2224 = sext i14 %add_ln58_5962" [firmware/nnet_utils/nnet_dense_latency.h:58]   --->   Operation 183 'sext' 'sext_ln58_2224' <Predicate = true> <Delay = 0.00>
ST_1 : Operation 184 [1/1] (2.07ns)   --->   "%add_ln58_5963 = add i16 %sext_ln58_2224, i16 %add_ln58_5961" [firmware/nnet_utils/nnet_dense_latency.h:58]   --->   Operation 184 'add' 'add_ln58_5963' <Predicate = true> <Delay = 2.07> <CoreInst = "Adder">   --->   Core 1 'Adder' <Latency = 0> <II = 1> <Delay = 2.07> <FuncUnit> <Opcode : 'add' 'sub'> <InPorts = 2> <OutPorts = 1>
ST_1 : Operation 185 [1/1] (1.67ns)   --->   "%add_ln58_5972 = add i14 %sext_ln17_474, i14 %sext_ln17_489" [firmware/nnet_utils/nnet_dense_latency.h:58]   --->   Operation 185 'add' 'add_ln58_5972' <Predicate = true> <Delay = 1.67> <CoreInst = "Adder">   --->   Core 1 'Adder' <Latency = 0> <II = 1> <Delay = 1.67> <FuncUnit> <Opcode : 'add' 'sub'> <InPorts = 2> <OutPorts = 1>
ST_1 : Operation 186 [1/1] (0.00ns)   --->   "%sext_ln58_2225 = sext i14 %add_ln58_5972" [firmware/nnet_utils/nnet_dense_latency.h:58]   --->   Operation 186 'sext' 'sext_ln58_2225' <Predicate = true> <Delay = 0.00>
ST_1 : Operation 187 [1/1] (1.81ns)   --->   "%add_ln58_5973 = add i15 %sext_ln58_2225, i15 %sext_ln17_493" [firmware/nnet_utils/nnet_dense_latency.h:58]   --->   Operation 187 'add' 'add_ln58_5973' <Predicate = true> <Delay = 1.81> <CoreInst = "Adder">   --->   Core 1 'Adder' <Latency = 0> <II = 1> <Delay = 1.81> <FuncUnit> <Opcode : 'add' 'sub'> <InPorts = 2> <OutPorts = 1>
ST_1 : Operation 188 [1/1] (1.81ns)   --->   "%add_ln58_5983 = add i15 %sext_ln17_493, i15 %sext_ln17_483" [firmware/nnet_utils/nnet_dense_latency.h:58]   --->   Operation 188 'add' 'add_ln58_5983' <Predicate = true> <Delay = 1.81> <CoreInst = "Adder">   --->   Core 1 'Adder' <Latency = 0> <II = 1> <Delay = 1.81> <FuncUnit> <Opcode : 'add' 'sub'> <InPorts = 2> <OutPorts = 1>
ST_1 : Operation 189 [1/1] (0.00ns)   --->   "%sext_ln58_2227 = sext i15 %add_ln58_5983" [firmware/nnet_utils/nnet_dense_latency.h:58]   --->   Operation 189 'sext' 'sext_ln58_2227' <Predicate = true> <Delay = 0.00>
ST_1 : Operation 190 [1/1] (1.94ns)   --->   "%add_ln58_5984 = add i16 %sext_ln58_2227, i16 %sext_ln42_27" [firmware/nnet_utils/nnet_dense_latency.h:58]   --->   Operation 190 'add' 'add_ln58_5984' <Predicate = true> <Delay = 1.94> <CoreInst = "Adder">   --->   Core 1 'Adder' <Latency = 0> <II = 1> <Delay = 1.94> <FuncUnit> <Opcode : 'add' 'sub'> <InPorts = 2> <OutPorts = 1>
ST_1 : Operation 191 [1/1] (1.81ns)   --->   "%add_ln58_5994 = add i15 %sext_ln17_492, i15 %sext_ln17_493" [firmware/nnet_utils/nnet_dense_latency.h:58]   --->   Operation 191 'add' 'add_ln58_5994' <Predicate = true> <Delay = 1.81> <CoreInst = "Adder">   --->   Core 1 'Adder' <Latency = 0> <II = 1> <Delay = 1.81> <FuncUnit> <Opcode : 'add' 'sub'> <InPorts = 2> <OutPorts = 1>
ST_1 : Operation 192 [1/1] (1.81ns)   --->   "%add_ln58_6006 = add i15 %sext_ln17, i15 %sext_ln17_484" [firmware/nnet_utils/nnet_dense_latency.h:58]   --->   Operation 192 'add' 'add_ln58_6006' <Predicate = true> <Delay = 1.81> <CoreInst = "Adder">   --->   Core 1 'Adder' <Latency = 0> <II = 1> <Delay = 1.81> <FuncUnit> <Opcode : 'add' 'sub'> <InPorts = 2> <OutPorts = 1>
ST_1 : Operation 193 [1/1] (0.00ns)   --->   "%sext_ln58_2229 = sext i15 %add_ln58_6006" [firmware/nnet_utils/nnet_dense_latency.h:58]   --->   Operation 193 'sext' 'sext_ln58_2229' <Predicate = true> <Delay = 0.00>
ST_1 : Operation 194 [1/1] (1.81ns)   --->   "%add_ln58_6007 = add i15 %sext_ln17_495, i15 %sext_ln17_502" [firmware/nnet_utils/nnet_dense_latency.h:58]   --->   Operation 194 'add' 'add_ln58_6007' <Predicate = true> <Delay = 1.81> <CoreInst = "Adder">   --->   Core 1 'Adder' <Latency = 0> <II = 1> <Delay = 1.81> <FuncUnit> <Opcode : 'add' 'sub'> <InPorts = 2> <OutPorts = 1>
ST_1 : Operation 195 [1/1] (0.00ns)   --->   "%sext_ln58_2230 = sext i15 %add_ln58_6007" [firmware/nnet_utils/nnet_dense_latency.h:58]   --->   Operation 195 'sext' 'sext_ln58_2230' <Predicate = true> <Delay = 0.00>
ST_1 : Operation 196 [1/1] (1.94ns)   --->   "%add_ln58_6008 = add i16 %sext_ln58_2230, i16 %sext_ln58_2229" [firmware/nnet_utils/nnet_dense_latency.h:58]   --->   Operation 196 'add' 'add_ln58_6008' <Predicate = true> <Delay = 1.94> <CoreInst = "Adder">   --->   Core 1 'Adder' <Latency = 0> <II = 1> <Delay = 1.94> <FuncUnit> <Opcode : 'add' 'sub'> <InPorts = 2> <OutPorts = 1>
ST_1 : Operation 197 [1/1] (1.94ns)   --->   "%add_ln58_6016 = add i16 %sext_ln42_3, i16 %sext_ln42_27" [firmware/nnet_utils/nnet_dense_latency.h:58]   --->   Operation 197 'add' 'add_ln58_6016' <Predicate = true> <Delay = 1.94> <CoreInst = "Adder">   --->   Core 1 'Adder' <Latency = 0> <II = 1> <Delay = 1.94> <FuncUnit> <Opcode : 'add' 'sub'> <InPorts = 2> <OutPorts = 1>
ST_1 : Operation 198 [1/1] (1.67ns)   --->   "%add_ln58_6018 = add i14 %sext_ln17_489, i14 %sext_ln17_501" [firmware/nnet_utils/nnet_dense_latency.h:58]   --->   Operation 198 'add' 'add_ln58_6018' <Predicate = true> <Delay = 1.67> <CoreInst = "Adder">   --->   Core 1 'Adder' <Latency = 0> <II = 1> <Delay = 1.67> <FuncUnit> <Opcode : 'add' 'sub'> <InPorts = 2> <OutPorts = 1>
ST_1 : Operation 199 [1/1] (0.00ns)   --->   "%sext_ln58_2231 = sext i14 %add_ln58_6018" [firmware/nnet_utils/nnet_dense_latency.h:58]   --->   Operation 199 'sext' 'sext_ln58_2231' <Predicate = true> <Delay = 0.00>
ST_1 : Operation 200 [1/1] (1.81ns)   --->   "%add_ln58_6019 = add i15 %sext_ln58_2231, i15 %sext_ln17_478" [firmware/nnet_utils/nnet_dense_latency.h:58]   --->   Operation 200 'add' 'add_ln58_6019' <Predicate = true> <Delay = 1.81> <CoreInst = "Adder">   --->   Core 1 'Adder' <Latency = 0> <II = 1> <Delay = 1.81> <FuncUnit> <Opcode : 'add' 'sub'> <InPorts = 2> <OutPorts = 1>
ST_1 : Operation 201 [1/1] (1.67ns)   --->   "%add_ln58_6028 = add i14 %sext_ln17_496, i14 %sext_ln17_501" [firmware/nnet_utils/nnet_dense_latency.h:58]   --->   Operation 201 'add' 'add_ln58_6028' <Predicate = true> <Delay = 1.67> <CoreInst = "Adder">   --->   Core 1 'Adder' <Latency = 0> <II = 1> <Delay = 1.67> <FuncUnit> <Opcode : 'add' 'sub'> <InPorts = 2> <OutPorts = 1>
ST_1 : Operation 202 [1/1] (0.00ns)   --->   "%sext_ln58_2233 = sext i14 %add_ln58_6028" [firmware/nnet_utils/nnet_dense_latency.h:58]   --->   Operation 202 'sext' 'sext_ln58_2233' <Predicate = true> <Delay = 0.00>
ST_1 : Operation 203 [1/1] (1.81ns)   --->   "%add_ln58_6029 = add i15 %sext_ln58_2233, i15 %sext_ln17_486" [firmware/nnet_utils/nnet_dense_latency.h:58]   --->   Operation 203 'add' 'add_ln58_6029' <Predicate = true> <Delay = 1.81> <CoreInst = "Adder">   --->   Core 1 'Adder' <Latency = 0> <II = 1> <Delay = 1.81> <FuncUnit> <Opcode : 'add' 'sub'> <InPorts = 2> <OutPorts = 1>
ST_1 : Operation 204 [1/1] (1.81ns)   --->   "%add_ln58_6041 = add i15 %sext_ln17_484, i15 %sext_ln17_494" [firmware/nnet_utils/nnet_dense_latency.h:58]   --->   Operation 204 'add' 'add_ln58_6041' <Predicate = true> <Delay = 1.81> <CoreInst = "Adder">   --->   Core 1 'Adder' <Latency = 0> <II = 1> <Delay = 1.81> <FuncUnit> <Opcode : 'add' 'sub'> <InPorts = 2> <OutPorts = 1>
ST_1 : Operation 205 [1/1] (1.67ns)   --->   "%add_ln58_6050 = add i14 %sext_ln17_470, i14 %sext_ln17_474" [firmware/nnet_utils/nnet_dense_latency.h:58]   --->   Operation 205 'add' 'add_ln58_6050' <Predicate = true> <Delay = 1.67> <CoreInst = "Adder">   --->   Core 1 'Adder' <Latency = 0> <II = 1> <Delay = 1.67> <FuncUnit> <Opcode : 'add' 'sub'> <InPorts = 2> <OutPorts = 1>
ST_1 : Operation 206 [1/1] (1.67ns)   --->   "%add_ln58_6052 = add i14 %sext_ln17_479, i14 %sext_ln17_482" [firmware/nnet_utils/nnet_dense_latency.h:58]   --->   Operation 206 'add' 'add_ln58_6052' <Predicate = true> <Delay = 1.67> <CoreInst = "Adder">   --->   Core 1 'Adder' <Latency = 0> <II = 1> <Delay = 1.67> <FuncUnit> <Opcode : 'add' 'sub'> <InPorts = 2> <OutPorts = 1>
ST_1 : Operation 207 [1/1] (0.00ns)   --->   "%sext_ln58_2237 = sext i14 %add_ln58_6052" [firmware/nnet_utils/nnet_dense_latency.h:58]   --->   Operation 207 'sext' 'sext_ln58_2237' <Predicate = true> <Delay = 0.00>
ST_1 : Operation 208 [1/1] (1.81ns)   --->   "%add_ln58_6053 = add i15 %sext_ln58_2237, i15 %sext_ln17_477" [firmware/nnet_utils/nnet_dense_latency.h:58]   --->   Operation 208 'add' 'add_ln58_6053' <Predicate = true> <Delay = 1.81> <CoreInst = "Adder">   --->   Core 1 'Adder' <Latency = 0> <II = 1> <Delay = 1.81> <FuncUnit> <Opcode : 'add' 'sub'> <InPorts = 2> <OutPorts = 1>
ST_1 : Operation 209 [1/1] (1.81ns)   --->   "%add_ln58_6061 = add i15 %sext_ln17_480, i15 %sext_ln17_488" [firmware/nnet_utils/nnet_dense_latency.h:58]   --->   Operation 209 'add' 'add_ln58_6061' <Predicate = true> <Delay = 1.81> <CoreInst = "Adder">   --->   Core 1 'Adder' <Latency = 0> <II = 1> <Delay = 1.81> <FuncUnit> <Opcode : 'add' 'sub'> <InPorts = 2> <OutPorts = 1>
ST_1 : Operation 210 [1/1] (1.67ns)   --->   "%add_ln58_6063 = add i14 %sext_ln17_498, i14 %sext_ln17_501" [firmware/nnet_utils/nnet_dense_latency.h:58]   --->   Operation 210 'add' 'add_ln58_6063' <Predicate = true> <Delay = 1.67> <CoreInst = "Adder">   --->   Core 1 'Adder' <Latency = 0> <II = 1> <Delay = 1.67> <FuncUnit> <Opcode : 'add' 'sub'> <InPorts = 2> <OutPorts = 1>
ST_1 : Operation 211 [1/1] (0.00ns)   --->   "%sext_ln58_2240 = sext i14 %add_ln58_6063" [firmware/nnet_utils/nnet_dense_latency.h:58]   --->   Operation 211 'sext' 'sext_ln58_2240' <Predicate = true> <Delay = 0.00>
ST_1 : Operation 212 [1/1] (1.81ns)   --->   "%add_ln58_6064 = add i15 %sext_ln58_2240, i15 %sext_ln17_492" [firmware/nnet_utils/nnet_dense_latency.h:58]   --->   Operation 212 'add' 'add_ln58_6064' <Predicate = true> <Delay = 1.81> <CoreInst = "Adder">   --->   Core 1 'Adder' <Latency = 0> <II = 1> <Delay = 1.81> <FuncUnit> <Opcode : 'add' 'sub'> <InPorts = 2> <OutPorts = 1>
ST_1 : Operation 213 [1/1] (1.67ns)   --->   "%add_ln58_6074 = add i14 %sext_ln17_487, i14 %sext_ln17_501" [firmware/nnet_utils/nnet_dense_latency.h:58]   --->   Operation 213 'add' 'add_ln58_6074' <Predicate = true> <Delay = 1.67> <CoreInst = "Adder">   --->   Core 1 'Adder' <Latency = 0> <II = 1> <Delay = 1.67> <FuncUnit> <Opcode : 'add' 'sub'> <InPorts = 2> <OutPorts = 1>
ST_1 : Operation 214 [1/1] (0.00ns)   --->   "%sext_ln58_2242 = sext i14 %add_ln58_6074" [firmware/nnet_utils/nnet_dense_latency.h:58]   --->   Operation 214 'sext' 'sext_ln58_2242' <Predicate = true> <Delay = 0.00>
ST_1 : Operation 215 [1/1] (1.81ns)   --->   "%add_ln58_6075 = add i15 %sext_ln58_2242, i15 %sext_ln17_475" [firmware/nnet_utils/nnet_dense_latency.h:58]   --->   Operation 215 'add' 'add_ln58_6075' <Predicate = true> <Delay = 1.81> <CoreInst = "Adder">   --->   Core 1 'Adder' <Latency = 0> <II = 1> <Delay = 1.81> <FuncUnit> <Opcode : 'add' 'sub'> <InPorts = 2> <OutPorts = 1>
ST_1 : Operation 216 [1/1] (1.67ns)   --->   "%add_ln58_6095 = add i14 %sext_ln17_487, i14 128" [firmware/nnet_utils/nnet_dense_latency.h:58]   --->   Operation 216 'add' 'add_ln58_6095' <Predicate = true> <Delay = 1.67> <CoreInst = "Adder">   --->   Core 1 'Adder' <Latency = 0> <II = 1> <Delay = 1.67> <FuncUnit> <Opcode : 'add' 'sub'> <InPorts = 2> <OutPorts = 1>
ST_1 : Operation 217 [1/1] (1.94ns)   --->   "%add_ln58_6104 = add i16 %sext_ln42_11, i16 %sext_ln42_22" [firmware/nnet_utils/nnet_dense_latency.h:58]   --->   Operation 217 'add' 'add_ln58_6104' <Predicate = true> <Delay = 1.94> <CoreInst = "Adder">   --->   Core 1 'Adder' <Latency = 0> <II = 1> <Delay = 1.94> <FuncUnit> <Opcode : 'add' 'sub'> <InPorts = 2> <OutPorts = 1>
ST_1 : Operation 218 [1/1] (1.81ns)   --->   "%add_ln58_6106 = add i15 %sext_ln17_495, i15 %sext_ln17_503" [firmware/nnet_utils/nnet_dense_latency.h:58]   --->   Operation 218 'add' 'add_ln58_6106' <Predicate = true> <Delay = 1.81> <CoreInst = "Adder">   --->   Core 1 'Adder' <Latency = 0> <II = 1> <Delay = 1.81> <FuncUnit> <Opcode : 'add' 'sub'> <InPorts = 2> <OutPorts = 1>
ST_1 : Operation 219 [1/1] (0.00ns)   --->   "%sext_ln58_2245 = sext i15 %add_ln58_6106" [firmware/nnet_utils/nnet_dense_latency.h:58]   --->   Operation 219 'sext' 'sext_ln58_2245' <Predicate = true> <Delay = 0.00>
ST_1 : Operation 220 [1/1] (1.67ns)   --->   "%add_ln58_6107 = add i14 %sext_ln17_489, i14 16256" [firmware/nnet_utils/nnet_dense_latency.h:58]   --->   Operation 220 'add' 'add_ln58_6107' <Predicate = true> <Delay = 1.67> <CoreInst = "Adder">   --->   Core 1 'Adder' <Latency = 0> <II = 1> <Delay = 1.67> <FuncUnit> <Opcode : 'add' 'sub'> <InPorts = 2> <OutPorts = 1>
ST_1 : Operation 221 [1/1] (0.00ns)   --->   "%sext_ln58_2246 = sext i14 %add_ln58_6107" [firmware/nnet_utils/nnet_dense_latency.h:58]   --->   Operation 221 'sext' 'sext_ln58_2246' <Predicate = true> <Delay = 0.00>
ST_1 : Operation 222 [1/1] (1.94ns)   --->   "%add_ln58_6108 = add i16 %sext_ln58_2246, i16 %sext_ln58_2245" [firmware/nnet_utils/nnet_dense_latency.h:58]   --->   Operation 222 'add' 'add_ln58_6108' <Predicate = true> <Delay = 1.94> <CoreInst = "Adder">   --->   Core 1 'Adder' <Latency = 0> <II = 1> <Delay = 1.94> <FuncUnit> <Opcode : 'add' 'sub'> <InPorts = 2> <OutPorts = 1>
ST_1 : Operation 223 [1/1] (1.81ns)   --->   "%add_ln58_6116 = add i15 %sext_ln17_472, i15 %sext_ln17_475" [firmware/nnet_utils/nnet_dense_latency.h:58]   --->   Operation 223 'add' 'add_ln58_6116' <Predicate = true> <Delay = 1.81> <CoreInst = "Adder">   --->   Core 1 'Adder' <Latency = 0> <II = 1> <Delay = 1.81> <FuncUnit> <Opcode : 'add' 'sub'> <InPorts = 2> <OutPorts = 1>
ST_1 : Operation 224 [1/1] (1.94ns)   --->   "%add_ln58_6118 = add i16 %sext_ln58_2230, i16 %sext_ln42_43" [firmware/nnet_utils/nnet_dense_latency.h:58]   --->   Operation 224 'add' 'add_ln58_6118' <Predicate = true> <Delay = 1.94> <CoreInst = "Adder">   --->   Core 1 'Adder' <Latency = 0> <II = 1> <Delay = 1.94> <FuncUnit> <Opcode : 'add' 'sub'> <InPorts = 2> <OutPorts = 1>
ST_1 : Operation 225 [1/1] (1.81ns)   --->   "%add_ln58_6149 = add i15 %sext_ln17_484, i15 %sext_ln17_493" [firmware/nnet_utils/nnet_dense_latency.h:58]   --->   Operation 225 'add' 'add_ln58_6149' <Predicate = true> <Delay = 1.81> <CoreInst = "Adder">   --->   Core 1 'Adder' <Latency = 0> <II = 1> <Delay = 1.81> <FuncUnit> <Opcode : 'add' 'sub'> <InPorts = 2> <OutPorts = 1>
ST_1 : Operation 226 [1/1] (0.00ns)   --->   "%sext_ln58_2248 = sext i15 %add_ln58_6149" [firmware/nnet_utils/nnet_dense_latency.h:58]   --->   Operation 226 'sext' 'sext_ln58_2248' <Predicate = true> <Delay = 0.00>
ST_1 : Operation 227 [1/1] (1.81ns)   --->   "%add_ln58_6150 = add i15 %sext_ln17_500, i15 %sext_ln17_502" [firmware/nnet_utils/nnet_dense_latency.h:58]   --->   Operation 227 'add' 'add_ln58_6150' <Predicate = true> <Delay = 1.81> <CoreInst = "Adder">   --->   Core 1 'Adder' <Latency = 0> <II = 1> <Delay = 1.81> <FuncUnit> <Opcode : 'add' 'sub'> <InPorts = 2> <OutPorts = 1>
ST_1 : Operation 228 [1/1] (0.00ns)   --->   "%sext_ln58_2249 = sext i15 %add_ln58_6150" [firmware/nnet_utils/nnet_dense_latency.h:58]   --->   Operation 228 'sext' 'sext_ln58_2249' <Predicate = true> <Delay = 0.00>
ST_1 : Operation 229 [1/1] (1.94ns)   --->   "%add_ln58_6151 = add i16 %sext_ln58_2249, i16 %sext_ln58_2248" [firmware/nnet_utils/nnet_dense_latency.h:58]   --->   Operation 229 'add' 'add_ln58_6151' <Predicate = true> <Delay = 1.94> <CoreInst = "Adder">   --->   Core 1 'Adder' <Latency = 0> <II = 1> <Delay = 1.94> <FuncUnit> <Opcode : 'add' 'sub'> <InPorts = 2> <OutPorts = 1>
ST_1 : Operation 230 [1/1] (1.94ns)   --->   "%add_ln58_6158 = add i16 %sext_ln42_121, i16 %sext_ln42_44" [firmware/nnet_utils/nnet_dense_latency.h:58]   --->   Operation 230 'add' 'add_ln58_6158' <Predicate = true> <Delay = 1.94> <CoreInst = "Adder">   --->   Core 1 'Adder' <Latency = 0> <II = 1> <Delay = 1.94> <FuncUnit> <Opcode : 'add' 'sub'> <InPorts = 2> <OutPorts = 1>
ST_1 : Operation 231 [1/1] (1.67ns)   --->   "%add_ln58_6160 = add i14 %sext_ln17_470, i14 %sext_ln17_489" [firmware/nnet_utils/nnet_dense_latency.h:58]   --->   Operation 231 'add' 'add_ln58_6160' <Predicate = true> <Delay = 1.67> <CoreInst = "Adder">   --->   Core 1 'Adder' <Latency = 0> <II = 1> <Delay = 1.67> <FuncUnit> <Opcode : 'add' 'sub'> <InPorts = 2> <OutPorts = 1>
ST_1 : Operation 232 [1/1] (0.00ns)   --->   "%sext_ln58_2250 = sext i14 %add_ln58_6160" [firmware/nnet_utils/nnet_dense_latency.h:58]   --->   Operation 232 'sext' 'sext_ln58_2250' <Predicate = true> <Delay = 0.00>
ST_1 : Operation 233 [1/1] (1.81ns)   --->   "%add_ln58_6161 = add i15 %sext_ln58_2250, i15 %sext_ln17_480" [firmware/nnet_utils/nnet_dense_latency.h:58]   --->   Operation 233 'add' 'add_ln58_6161' <Predicate = true> <Delay = 1.81> <CoreInst = "Adder">   --->   Core 1 'Adder' <Latency = 0> <II = 1> <Delay = 1.81> <FuncUnit> <Opcode : 'add' 'sub'> <InPorts = 2> <OutPorts = 1>
ST_1 : Operation 234 [1/1] (1.94ns)   --->   "%add_ln58_6171 = add i16 %sext_ln42_47, i16 %sext_ln42_59" [firmware/nnet_utils/nnet_dense_latency.h:58]   --->   Operation 234 'add' 'add_ln58_6171' <Predicate = true> <Delay = 1.94> <CoreInst = "Adder">   --->   Core 1 'Adder' <Latency = 0> <II = 1> <Delay = 1.94> <FuncUnit> <Opcode : 'add' 'sub'> <InPorts = 2> <OutPorts = 1>
ST_1 : Operation 235 [1/1] (1.67ns)   --->   "%add_ln58_6181 = add i14 %sext_ln17_487, i14 %sext_ln17_498" [firmware/nnet_utils/nnet_dense_latency.h:58]   --->   Operation 235 'add' 'add_ln58_6181' <Predicate = true> <Delay = 1.67> <CoreInst = "Adder">   --->   Core 1 'Adder' <Latency = 0> <II = 1> <Delay = 1.67> <FuncUnit> <Opcode : 'add' 'sub'> <InPorts = 2> <OutPorts = 1>
ST_1 : Operation 236 [1/1] (0.00ns)   --->   "%sext_ln58_2252 = sext i14 %add_ln58_6181" [firmware/nnet_utils/nnet_dense_latency.h:58]   --->   Operation 236 'sext' 'sext_ln58_2252' <Predicate = true> <Delay = 0.00>
ST_1 : Operation 237 [1/1] (1.81ns)   --->   "%add_ln58_6182 = add i15 %sext_ln58_2252, i15 %sext_ln17_493" [firmware/nnet_utils/nnet_dense_latency.h:58]   --->   Operation 237 'add' 'add_ln58_6182' <Predicate = true> <Delay = 1.81> <CoreInst = "Adder">   --->   Core 1 'Adder' <Latency = 0> <II = 1> <Delay = 1.81> <FuncUnit> <Opcode : 'add' 'sub'> <InPorts = 2> <OutPorts = 1>
ST_1 : Operation 238 [1/1] (1.94ns)   --->   "%add_ln58_6190 = add i16 %sext_ln42_81, i16 %sext_ln42_59" [firmware/nnet_utils/nnet_dense_latency.h:58]   --->   Operation 238 'add' 'add_ln58_6190' <Predicate = true> <Delay = 1.94> <CoreInst = "Adder">   --->   Core 1 'Adder' <Latency = 0> <II = 1> <Delay = 1.94> <FuncUnit> <Opcode : 'add' 'sub'> <InPorts = 2> <OutPorts = 1>
ST_1 : Operation 239 [1/1] (1.81ns)   --->   "%add_ln58_6192 = add i15 %sext_ln17_467, i15 %sext_ln17_484" [firmware/nnet_utils/nnet_dense_latency.h:58]   --->   Operation 239 'add' 'add_ln58_6192' <Predicate = true> <Delay = 1.81> <CoreInst = "Adder">   --->   Core 1 'Adder' <Latency = 0> <II = 1> <Delay = 1.81> <FuncUnit> <Opcode : 'add' 'sub'> <InPorts = 2> <OutPorts = 1>
ST_1 : Operation 240 [1/1] (0.00ns)   --->   "%sext_ln58_2254 = sext i15 %add_ln58_6192" [firmware/nnet_utils/nnet_dense_latency.h:58]   --->   Operation 240 'sext' 'sext_ln58_2254' <Predicate = true> <Delay = 0.00>
ST_1 : Operation 241 [1/1] (1.81ns)   --->   "%add_ln58_6193 = add i15 %sext_ln17_500, i15 %sext_ln17_473" [firmware/nnet_utils/nnet_dense_latency.h:58]   --->   Operation 241 'add' 'add_ln58_6193' <Predicate = true> <Delay = 1.81> <CoreInst = "Adder">   --->   Core 1 'Adder' <Latency = 0> <II = 1> <Delay = 1.81> <FuncUnit> <Opcode : 'add' 'sub'> <InPorts = 2> <OutPorts = 1>
ST_1 : Operation 242 [1/1] (0.00ns)   --->   "%sext_ln58_2255 = sext i15 %add_ln58_6193" [firmware/nnet_utils/nnet_dense_latency.h:58]   --->   Operation 242 'sext' 'sext_ln58_2255' <Predicate = true> <Delay = 0.00>
ST_1 : Operation 243 [1/1] (1.94ns)   --->   "%add_ln58_6194 = add i16 %sext_ln58_2255, i16 %sext_ln58_2254" [firmware/nnet_utils/nnet_dense_latency.h:58]   --->   Operation 243 'add' 'add_ln58_6194' <Predicate = true> <Delay = 1.94> <CoreInst = "Adder">   --->   Core 1 'Adder' <Latency = 0> <II = 1> <Delay = 1.94> <FuncUnit> <Opcode : 'add' 'sub'> <InPorts = 2> <OutPorts = 1>
ST_1 : Operation 244 [1/1] (2.07ns)   --->   "%add_ln58_6202 = add i16 %mult_493, i16 %mult_499" [firmware/nnet_utils/nnet_dense_latency.h:58]   --->   Operation 244 'add' 'add_ln58_6202' <Predicate = true> <Delay = 2.07> <CoreInst = "Adder">   --->   Core 1 'Adder' <Latency = 0> <II = 1> <Delay = 2.07> <FuncUnit> <Opcode : 'add' 'sub'> <InPorts = 2> <OutPorts = 1>
ST_1 : Operation 245 [1/1] (1.81ns)   --->   "%add_ln58_6204 = add i15 %sext_ln17_467, i15 %sext_ln17_483" [firmware/nnet_utils/nnet_dense_latency.h:58]   --->   Operation 245 'add' 'add_ln58_6204' <Predicate = true> <Delay = 1.81> <CoreInst = "Adder">   --->   Core 1 'Adder' <Latency = 0> <II = 1> <Delay = 1.81> <FuncUnit> <Opcode : 'add' 'sub'> <InPorts = 2> <OutPorts = 1>
ST_1 : Operation 246 [1/1] (0.00ns)   --->   "%sext_ln58_2256 = sext i15 %add_ln58_6204" [firmware/nnet_utils/nnet_dense_latency.h:58]   --->   Operation 246 'sext' 'sext_ln58_2256' <Predicate = true> <Delay = 0.00>
ST_1 : Operation 247 [1/1] (1.94ns)   --->   "%add_ln58_6205 = add i16 %sext_ln58_2256, i16 %sext_ln42_59" [firmware/nnet_utils/nnet_dense_latency.h:58]   --->   Operation 247 'add' 'add_ln58_6205' <Predicate = true> <Delay = 1.94> <CoreInst = "Adder">   --->   Core 1 'Adder' <Latency = 0> <II = 1> <Delay = 1.94> <FuncUnit> <Opcode : 'add' 'sub'> <InPorts = 2> <OutPorts = 1>
ST_1 : Operation 248 [1/1] (1.81ns)   --->   "%add_ln58_6215 = add i15 %sext_ln17_499, i15 %sext_ln17_504" [firmware/nnet_utils/nnet_dense_latency.h:58]   --->   Operation 248 'add' 'add_ln58_6215' <Predicate = true> <Delay = 1.81> <CoreInst = "Adder">   --->   Core 1 'Adder' <Latency = 0> <II = 1> <Delay = 1.81> <FuncUnit> <Opcode : 'add' 'sub'> <InPorts = 2> <OutPorts = 1>
ST_1 : Operation 249 [1/1] (1.81ns)   --->   "%add_ln58_6225 = add i15 %sext_ln17_495, i15 %sext_ln17_469" [firmware/nnet_utils/nnet_dense_latency.h:58]   --->   Operation 249 'add' 'add_ln58_6225' <Predicate = true> <Delay = 1.81> <CoreInst = "Adder">   --->   Core 1 'Adder' <Latency = 0> <II = 1> <Delay = 1.81> <FuncUnit> <Opcode : 'add' 'sub'> <InPorts = 2> <OutPorts = 1>
ST_1 : Operation 250 [1/1] (1.67ns)   --->   "%add_ln58_6227 = add i14 %sext_ln17_489, i14 %sext_ln17_498" [firmware/nnet_utils/nnet_dense_latency.h:58]   --->   Operation 250 'add' 'add_ln58_6227' <Predicate = true> <Delay = 1.67> <CoreInst = "Adder">   --->   Core 1 'Adder' <Latency = 0> <II = 1> <Delay = 1.67> <FuncUnit> <Opcode : 'add' 'sub'> <InPorts = 2> <OutPorts = 1>
ST_1 : Operation 251 [1/1] (0.00ns)   --->   "%sext_ln58_2258 = sext i14 %add_ln58_6227" [firmware/nnet_utils/nnet_dense_latency.h:58]   --->   Operation 251 'sext' 'sext_ln58_2258' <Predicate = true> <Delay = 0.00>
ST_1 : Operation 252 [1/1] (1.81ns)   --->   "%add_ln58_6228 = add i15 %sext_ln58_2258, i15 %sext_ln17_466" [firmware/nnet_utils/nnet_dense_latency.h:58]   --->   Operation 252 'add' 'add_ln58_6228' <Predicate = true> <Delay = 1.81> <CoreInst = "Adder">   --->   Core 1 'Adder' <Latency = 0> <II = 1> <Delay = 1.81> <FuncUnit> <Opcode : 'add' 'sub'> <InPorts = 2> <OutPorts = 1>
ST_1 : Operation 253 [1/1] (1.67ns)   --->   "%add_ln58_6239 = add i14 %sext_ln17_476, i14 128" [firmware/nnet_utils/nnet_dense_latency.h:58]   --->   Operation 253 'add' 'add_ln58_6239' <Predicate = true> <Delay = 1.67> <CoreInst = "Adder">   --->   Core 1 'Adder' <Latency = 0> <II = 1> <Delay = 1.67> <FuncUnit> <Opcode : 'add' 'sub'> <InPorts = 2> <OutPorts = 1>
ST_1 : Operation 254 [1/1] (1.81ns)   --->   "%add_ln58_6249 = add i15 %sext_ln17_495, i15 %sext_ln17_486" [firmware/nnet_utils/nnet_dense_latency.h:58]   --->   Operation 254 'add' 'add_ln58_6249' <Predicate = true> <Delay = 1.81> <CoreInst = "Adder">   --->   Core 1 'Adder' <Latency = 0> <II = 1> <Delay = 1.81> <FuncUnit> <Opcode : 'add' 'sub'> <InPorts = 2> <OutPorts = 1>
ST_1 : Operation 255 [1/1] (1.94ns)   --->   "%add_ln58_6257 = add i16 %sext_ln42_34, i16 %sext_ln42_66" [firmware/nnet_utils/nnet_dense_latency.h:58]   --->   Operation 255 'add' 'add_ln58_6257' <Predicate = true> <Delay = 1.94> <CoreInst = "Adder">   --->   Core 1 'Adder' <Latency = 0> <II = 1> <Delay = 1.94> <FuncUnit> <Opcode : 'add' 'sub'> <InPorts = 2> <OutPorts = 1>
ST_1 : Operation 256 [1/1] (1.81ns)   --->   "%add_ln58_6259 = add i15 %sext_ln17_491, i15 %sext_ln17_497" [firmware/nnet_utils/nnet_dense_latency.h:58]   --->   Operation 256 'add' 'add_ln58_6259' <Predicate = true> <Delay = 1.81> <CoreInst = "Adder">   --->   Core 1 'Adder' <Latency = 0> <II = 1> <Delay = 1.81> <FuncUnit> <Opcode : 'add' 'sub'> <InPorts = 2> <OutPorts = 1>
ST_1 : Operation 257 [1/1] (0.00ns)   --->   "%sext_ln58_2262 = sext i15 %add_ln58_6259" [firmware/nnet_utils/nnet_dense_latency.h:58]   --->   Operation 257 'sext' 'sext_ln58_2262' <Predicate = true> <Delay = 0.00>
ST_1 : Operation 258 [1/1] (1.94ns)   --->   "%add_ln58_6260 = add i16 %sext_ln58_2262, i16 %sext_ln42_12" [firmware/nnet_utils/nnet_dense_latency.h:58]   --->   Operation 258 'add' 'add_ln58_6260' <Predicate = true> <Delay = 1.94> <CoreInst = "Adder">   --->   Core 1 'Adder' <Latency = 0> <II = 1> <Delay = 1.94> <FuncUnit> <Opcode : 'add' 'sub'> <InPorts = 2> <OutPorts = 1>
ST_1 : Operation 259 [1/1] (1.81ns)   --->   "%add_ln58_6271 = add i15 %sext_ln17_495, i15 %sext_ln17_490" [firmware/nnet_utils/nnet_dense_latency.h:58]   --->   Operation 259 'add' 'add_ln58_6271' <Predicate = true> <Delay = 1.81> <CoreInst = "Adder">   --->   Core 1 'Adder' <Latency = 0> <II = 1> <Delay = 1.81> <FuncUnit> <Opcode : 'add' 'sub'> <InPorts = 2> <OutPorts = 1>

State 2 <SV = 1> <Delay = 4.30>
ST_2 : Operation 260 [1/1] (0.00ns)   --->   "%sext_ln42_1 = sext i16 %data_0_val_read" [firmware/nnet_utils/nnet_dense_latency.h:42]   --->   Operation 260 'sext' 'sext_ln42_1' <Predicate = true> <Delay = 0.00>
ST_2 : Operation 261 [1/1] (0.00ns)   --->   "%tmp = bitconcatenate i17 @_ssdm_op_BitConcatenate.i17.i16.i1, i16 %data_0_val_read, i1 0" [firmware/nnet_utils/nnet_mult.h:73->firmware/nnet_utils/nnet_dense_latency.h:42]   --->   Operation 261 'bitconcatenate' 'tmp' <Predicate = true> <Delay = 0.00>
ST_2 : Operation 262 [1/1] (0.00ns)   --->   "%sext_ln73 = sext i17 %tmp" [firmware/nnet_utils/nnet_mult.h:73->firmware/nnet_utils/nnet_dense_latency.h:42]   --->   Operation 262 'sext' 'sext_ln73' <Predicate = true> <Delay = 0.00>
ST_2 : Operation 263 [1/1] (2.10ns)   --->   "%sub_ln73_356 = sub i18 0, i18 %sext_ln73" [firmware/nnet_utils/nnet_mult.h:73->firmware/nnet_utils/nnet_dense_latency.h:42]   --->   Operation 263 'sub' 'sub_ln73_356' <Predicate = true> <Delay = 2.10> <CoreInst = "Adder">   --->   Core 1 'Adder' <Latency = 0> <II = 1> <Delay = 2.10> <FuncUnit> <Opcode : 'add' 'sub'> <InPorts = 2> <OutPorts = 1>
ST_2 : Operation 264 [1/1] (0.00ns)   --->   "%mult_362 = partselect i15 @_ssdm_op_PartSelect.i15.i18.i32.i32, i18 %sub_ln73_356, i32 3, i32 17" [firmware/nnet_utils/nnet_dense_latency.h:42]   --->   Operation 264 'partselect' 'mult_362' <Predicate = true> <Delay = 0.00>
ST_2 : Operation 265 [1/1] (0.00ns)   --->   "%sext_ln42_79 = sext i15 %mult_362" [firmware/nnet_utils/nnet_dense_latency.h:42]   --->   Operation 265 'sext' 'sext_ln42_79' <Predicate = true> <Delay = 0.00>
ST_2 : Operation 266 [1/1] (0.00ns)   --->   "%tmp_1915 = bitconcatenate i18 @_ssdm_op_BitConcatenate.i18.i16.i2, i16 %data_0_val_read, i2 0" [firmware/nnet_utils/nnet_mult.h:73->firmware/nnet_utils/nnet_dense_latency.h:42]   --->   Operation 266 'bitconcatenate' 'tmp_1915' <Predicate = true> <Delay = 0.00>
ST_2 : Operation 267 [1/1] (0.00ns)   --->   "%sext_ln73_125 = sext i18 %tmp_1915" [firmware/nnet_utils/nnet_mult.h:73->firmware/nnet_utils/nnet_dense_latency.h:42]   --->   Operation 267 'sext' 'sext_ln73_125' <Predicate = true> <Delay = 0.00>
ST_2 : Operation 268 [1/1] (2.13ns)   --->   "%sub_ln73_357 = sub i19 %sext_ln73_125, i19 %sext_ln42_1" [firmware/nnet_utils/nnet_mult.h:73->firmware/nnet_utils/nnet_dense_latency.h:42]   --->   Operation 268 'sub' 'sub_ln73_357' <Predicate = true> <Delay = 2.13> <CoreInst = "Adder">   --->   Core 1 'Adder' <Latency = 0> <II = 1> <Delay = 2.13> <FuncUnit> <Opcode : 'add' 'sub'> <InPorts = 2> <OutPorts = 1>
ST_2 : Operation 269 [1/1] (0.00ns)   --->   "%mult_363 = partselect i16 @_ssdm_op_PartSelect.i16.i19.i32.i32, i19 %sub_ln73_357, i32 3, i32 18" [firmware/nnet_utils/nnet_dense_latency.h:42]   --->   Operation 269 'partselect' 'mult_363' <Predicate = true> <Delay = 0.00>
ST_2 : Operation 270 [1/1] (0.00ns)   --->   "%sext_ln42_5 = sext i14 %mult_364" [firmware/nnet_utils/nnet_dense_latency.h:42]   --->   Operation 270 'sext' 'sext_ln42_5' <Predicate = true> <Delay = 0.00>
ST_2 : Operation 271 [1/1] (2.13ns)   --->   "%add_ln42 = add i19 %sext_ln73_125, i19 %sext_ln42_1" [firmware/nnet_utils/nnet_dense_latency.h:42]   --->   Operation 271 'add' 'add_ln42' <Predicate = true> <Delay = 2.13> <CoreInst = "Adder">   --->   Core 1 'Adder' <Latency = 0> <II = 1> <Delay = 2.13> <FuncUnit> <Opcode : 'add' 'sub'> <InPorts = 2> <OutPorts = 1>
ST_2 : Operation 272 [1/1] (0.00ns)   --->   "%mult_365 = partselect i16 @_ssdm_op_PartSelect.i16.i19.i32.i32, i19 %add_ln42, i32 3, i32 18" [firmware/nnet_utils/nnet_dense_latency.h:42]   --->   Operation 272 'partselect' 'mult_365' <Predicate = true> <Delay = 0.00>
ST_2 : Operation 273 [1/1] (2.13ns)   --->   "%sub_ln42 = sub i19 0, i19 %sext_ln73_125" [firmware/nnet_utils/nnet_dense_latency.h:42]   --->   Operation 273 'sub' 'sub_ln42' <Predicate = true> <Delay = 2.13> <CoreInst = "Adder">   --->   Core 1 'Adder' <Latency = 0> <II = 1> <Delay = 2.13> <FuncUnit> <Opcode : 'add' 'sub'> <InPorts = 2> <OutPorts = 1>
ST_2 : Operation 274 [1/1] (2.16ns)   --->   "%sub_ln42_1 = sub i19 %sub_ln42, i19 %sext_ln42_1" [firmware/nnet_utils/nnet_dense_latency.h:42]   --->   Operation 274 'sub' 'sub_ln42_1' <Predicate = true> <Delay = 2.16> <CoreInst = "Adder">   --->   Core 1 'Adder' <Latency = 0> <II = 1> <Delay = 2.16> <FuncUnit> <Opcode : 'add' 'sub'> <InPorts = 2> <OutPorts = 1>
ST_2 : Operation 275 [1/1] (0.00ns)   --->   "%mult_366 = partselect i16 @_ssdm_op_PartSelect.i16.i19.i32.i32, i19 %sub_ln42_1, i32 3, i32 18" [firmware/nnet_utils/nnet_dense_latency.h:42]   --->   Operation 275 'partselect' 'mult_366' <Predicate = true> <Delay = 0.00>
ST_2 : Operation 276 [1/1] (0.00ns)   --->   "%p_shl38 = bitconcatenate i19 @_ssdm_op_BitConcatenate.i19.i16.i3, i16 %data_0_val_read, i3 0" [firmware/nnet_utils/nnet_dense_latency.h:42]   --->   Operation 276 'bitconcatenate' 'p_shl38' <Predicate = true> <Delay = 0.00>
ST_2 : Operation 277 [1/1] (0.00ns)   --->   "%sext_ln42_80 = sext i17 %tmp" [firmware/nnet_utils/nnet_dense_latency.h:42]   --->   Operation 277 'sext' 'sext_ln42_80' <Predicate = true> <Delay = 0.00>
ST_2 : Operation 278 [1/1] (2.16ns)   --->   "%sub_ln42_2 = sub i19 %p_shl38, i19 %sext_ln42_80" [firmware/nnet_utils/nnet_dense_latency.h:42]   --->   Operation 278 'sub' 'sub_ln42_2' <Predicate = true> <Delay = 2.16> <CoreInst = "Adder">   --->   Core 1 'Adder' <Latency = 0> <II = 1> <Delay = 2.16> <FuncUnit> <Opcode : 'add' 'sub'> <InPorts = 2> <OutPorts = 1>
ST_2 : Operation 279 [1/1] (0.00ns)   --->   "%mult_367 = partselect i16 @_ssdm_op_PartSelect.i16.i19.i32.i32, i19 %sub_ln42_2, i32 3, i32 18" [firmware/nnet_utils/nnet_dense_latency.h:42]   --->   Operation 279 'partselect' 'mult_367' <Predicate = true> <Delay = 0.00>
ST_2 : Operation 280 [1/1] (0.00ns)   --->   "%mult_368 = partselect i16 @_ssdm_op_PartSelect.i16.i19.i32.i32, i19 %sub_ln42, i32 3, i32 18" [firmware/nnet_utils/nnet_dense_latency.h:42]   --->   Operation 280 'partselect' 'mult_368' <Predicate = true> <Delay = 0.00>
ST_2 : Operation 281 [1/1] (0.00ns)   --->   "%sext_ln42_7 = sext i13 %mult_370" [firmware/nnet_utils/nnet_dense_latency.h:42]   --->   Operation 281 'sext' 'sext_ln42_7' <Predicate = true> <Delay = 0.00>
ST_2 : Operation 282 [1/1] (2.13ns)   --->   "%sub_ln73_358 = sub i19 %sext_ln42_1, i19 %sext_ln73_125" [firmware/nnet_utils/nnet_mult.h:73->firmware/nnet_utils/nnet_dense_latency.h:42]   --->   Operation 282 'sub' 'sub_ln73_358' <Predicate = true> <Delay = 2.13> <CoreInst = "Adder">   --->   Core 1 'Adder' <Latency = 0> <II = 1> <Delay = 2.13> <FuncUnit> <Opcode : 'add' 'sub'> <InPorts = 2> <OutPorts = 1>
ST_2 : Operation 283 [1/1] (0.00ns)   --->   "%mult_371 = partselect i16 @_ssdm_op_PartSelect.i16.i19.i32.i32, i19 %sub_ln73_358, i32 3, i32 18" [firmware/nnet_utils/nnet_dense_latency.h:42]   --->   Operation 283 'partselect' 'mult_371' <Predicate = true> <Delay = 0.00>
ST_2 : Operation 284 [1/1] (0.00ns)   --->   "%sext_ln42_9 = sext i16 %data_1_val_read" [firmware/nnet_utils/nnet_dense_latency.h:42]   --->   Operation 284 'sext' 'sext_ln42_9' <Predicate = true> <Delay = 0.00>
ST_2 : Operation 285 [1/1] (0.00ns)   --->   "%sext_ln42_10 = sext i16 %data_1_val_read" [firmware/nnet_utils/nnet_dense_latency.h:42]   --->   Operation 285 'sext' 'sext_ln42_10' <Predicate = true> <Delay = 0.00>
ST_2 : Operation 286 [1/1] (2.16ns)   --->   "%sub_ln42_4 = sub i19 %sub_ln42_3, i19 %sext_ln42_10" [firmware/nnet_utils/nnet_dense_latency.h:42]   --->   Operation 286 'sub' 'sub_ln42_4' <Predicate = true> <Delay = 2.16> <CoreInst = "Adder">   --->   Core 1 'Adder' <Latency = 0> <II = 1> <Delay = 2.16> <FuncUnit> <Opcode : 'add' 'sub'> <InPorts = 2> <OutPorts = 1>
ST_2 : Operation 287 [1/1] (0.00ns)   --->   "%mult_373 = partselect i16 @_ssdm_op_PartSelect.i16.i19.i32.i32, i19 %sub_ln42_4, i32 3, i32 18" [firmware/nnet_utils/nnet_dense_latency.h:42]   --->   Operation 287 'partselect' 'mult_373' <Predicate = true> <Delay = 0.00>
ST_2 : Operation 288 [1/1] (2.13ns)   --->   "%sub_ln73_359 = sub i19 %sext_ln42_10, i19 %sext_ln42_82" [firmware/nnet_utils/nnet_mult.h:73->firmware/nnet_utils/nnet_dense_latency.h:42]   --->   Operation 288 'sub' 'sub_ln73_359' <Predicate = true> <Delay = 2.13> <CoreInst = "Adder">   --->   Core 1 'Adder' <Latency = 0> <II = 1> <Delay = 2.13> <FuncUnit> <Opcode : 'add' 'sub'> <InPorts = 2> <OutPorts = 1>
ST_2 : Operation 289 [1/1] (0.00ns)   --->   "%mult_374 = partselect i16 @_ssdm_op_PartSelect.i16.i19.i32.i32, i19 %sub_ln73_359, i32 3, i32 18" [firmware/nnet_utils/nnet_dense_latency.h:42]   --->   Operation 289 'partselect' 'mult_374' <Predicate = true> <Delay = 0.00>
ST_2 : Operation 290 [1/1] (0.00ns)   --->   "%p_shl39 = bitconcatenate i19 @_ssdm_op_BitConcatenate.i19.i16.i3, i16 %data_1_val_read, i3 0" [firmware/nnet_utils/nnet_dense_latency.h:42]   --->   Operation 290 'bitconcatenate' 'p_shl39' <Predicate = true> <Delay = 0.00>
ST_2 : Operation 291 [1/1] (2.16ns)   --->   "%sub_ln42_5 = sub i19 %p_shl39, i19 %sext_ln42_10" [firmware/nnet_utils/nnet_dense_latency.h:42]   --->   Operation 291 'sub' 'sub_ln42_5' <Predicate = true> <Delay = 2.16> <CoreInst = "Adder">   --->   Core 1 'Adder' <Latency = 0> <II = 1> <Delay = 2.16> <FuncUnit> <Opcode : 'add' 'sub'> <InPorts = 2> <OutPorts = 1>
ST_2 : Operation 292 [1/1] (0.00ns)   --->   "%mult_376 = partselect i16 @_ssdm_op_PartSelect.i16.i19.i32.i32, i19 %sub_ln42_5, i32 3, i32 18" [firmware/nnet_utils/nnet_dense_latency.h:42]   --->   Operation 292 'partselect' 'mult_376' <Predicate = true> <Delay = 0.00>
ST_2 : Operation 293 [1/1] (2.07ns)   --->   "%sub_ln73_196 = sub i17 0, i17 %sext_ln42_9" [firmware/nnet_utils/nnet_mult.h:73->firmware/nnet_utils/nnet_dense_latency.h:42]   --->   Operation 293 'sub' 'sub_ln73_196' <Predicate = true> <Delay = 2.07> <CoreInst = "Adder">   --->   Core 1 'Adder' <Latency = 0> <II = 1> <Delay = 2.07> <FuncUnit> <Opcode : 'add' 'sub'> <InPorts = 2> <OutPorts = 1>
ST_2 : Operation 294 [1/1] (0.00ns)   --->   "%mult_377 = partselect i14 @_ssdm_op_PartSelect.i14.i17.i32.i32, i17 %sub_ln73_196, i32 3, i32 16" [firmware/nnet_utils/nnet_dense_latency.h:42]   --->   Operation 294 'partselect' 'mult_377' <Predicate = true> <Delay = 0.00>
ST_2 : Operation 295 [1/1] (0.00ns)   --->   "%sext_ln17_468 = sext i14 %mult_377" [firmware/nnet_utils/nnet_dense_latency.h:17]   --->   Operation 295 'sext' 'sext_ln17_468' <Predicate = true> <Delay = 0.00>
ST_2 : Operation 296 [1/1] (2.16ns)   --->   "%sub_ln42_6 = sub i19 %sext_ln42_10, i19 %p_shl39" [firmware/nnet_utils/nnet_dense_latency.h:42]   --->   Operation 296 'sub' 'sub_ln42_6' <Predicate = true> <Delay = 2.16> <CoreInst = "Adder">   --->   Core 1 'Adder' <Latency = 0> <II = 1> <Delay = 2.16> <FuncUnit> <Opcode : 'add' 'sub'> <InPorts = 2> <OutPorts = 1>
ST_2 : Operation 297 [1/1] (0.00ns)   --->   "%mult_380 = partselect i16 @_ssdm_op_PartSelect.i16.i19.i32.i32, i19 %sub_ln42_6, i32 3, i32 18" [firmware/nnet_utils/nnet_dense_latency.h:42]   --->   Operation 297 'partselect' 'mult_380' <Predicate = true> <Delay = 0.00>
ST_2 : Operation 298 [1/1] (0.00ns)   --->   "%tmp_1917 = bitconcatenate i17 @_ssdm_op_BitConcatenate.i17.i16.i1, i16 %data_1_val_read, i1 0" [firmware/nnet_utils/nnet_mult.h:73->firmware/nnet_utils/nnet_dense_latency.h:42]   --->   Operation 298 'bitconcatenate' 'tmp_1917' <Predicate = true> <Delay = 0.00>
ST_2 : Operation 299 [1/1] (0.00ns)   --->   "%sext_ln73_126 = sext i17 %tmp_1917" [firmware/nnet_utils/nnet_mult.h:73->firmware/nnet_utils/nnet_dense_latency.h:42]   --->   Operation 299 'sext' 'sext_ln73_126' <Predicate = true> <Delay = 0.00>
ST_2 : Operation 300 [1/1] (2.10ns)   --->   "%sub_ln73_360 = sub i18 0, i18 %sext_ln73_126" [firmware/nnet_utils/nnet_mult.h:73->firmware/nnet_utils/nnet_dense_latency.h:42]   --->   Operation 300 'sub' 'sub_ln73_360' <Predicate = true> <Delay = 2.10> <CoreInst = "Adder">   --->   Core 1 'Adder' <Latency = 0> <II = 1> <Delay = 2.10> <FuncUnit> <Opcode : 'add' 'sub'> <InPorts = 2> <OutPorts = 1>
ST_2 : Operation 301 [1/1] (0.00ns)   --->   "%mult_381 = partselect i15 @_ssdm_op_PartSelect.i15.i18.i32.i32, i18 %sub_ln73_360, i32 3, i32 17" [firmware/nnet_utils/nnet_dense_latency.h:42]   --->   Operation 301 'partselect' 'mult_381' <Predicate = true> <Delay = 0.00>
ST_2 : Operation 302 [1/1] (0.00ns)   --->   "%sext_ln42_85 = sext i17 %tmp_1917" [firmware/nnet_utils/nnet_dense_latency.h:42]   --->   Operation 302 'sext' 'sext_ln42_85' <Predicate = true> <Delay = 0.00>
ST_2 : Operation 303 [1/1] (2.16ns)   --->   "%sub_ln42_7 = sub i19 %sext_ln42_85, i19 %p_shl39" [firmware/nnet_utils/nnet_dense_latency.h:42]   --->   Operation 303 'sub' 'sub_ln42_7' <Predicate = true> <Delay = 2.16> <CoreInst = "Adder">   --->   Core 1 'Adder' <Latency = 0> <II = 1> <Delay = 2.16> <FuncUnit> <Opcode : 'add' 'sub'> <InPorts = 2> <OutPorts = 1>
ST_2 : Operation 304 [1/1] (0.00ns)   --->   "%mult_382 = partselect i16 @_ssdm_op_PartSelect.i16.i19.i32.i32, i19 %sub_ln42_7, i32 3, i32 18" [firmware/nnet_utils/nnet_dense_latency.h:42]   --->   Operation 304 'partselect' 'mult_382' <Predicate = true> <Delay = 0.00>
ST_2 : Operation 305 [1/1] (2.16ns)   --->   "%sub_ln42_8 = sub i19 %p_shl39, i19 %sext_ln42_85" [firmware/nnet_utils/nnet_dense_latency.h:42]   --->   Operation 305 'sub' 'sub_ln42_8' <Predicate = true> <Delay = 2.16> <CoreInst = "Adder">   --->   Core 1 'Adder' <Latency = 0> <II = 1> <Delay = 2.16> <FuncUnit> <Opcode : 'add' 'sub'> <InPorts = 2> <OutPorts = 1>
ST_2 : Operation 306 [1/1] (0.00ns)   --->   "%mult_383 = partselect i16 @_ssdm_op_PartSelect.i16.i19.i32.i32, i19 %sub_ln42_8, i32 3, i32 18" [firmware/nnet_utils/nnet_dense_latency.h:42]   --->   Operation 306 'partselect' 'mult_383' <Predicate = true> <Delay = 0.00>
ST_2 : Operation 307 [1/1] (0.00ns)   --->   "%sext_ln42_15 = sext i16 %data_2_val_read" [firmware/nnet_utils/nnet_dense_latency.h:42]   --->   Operation 307 'sext' 'sext_ln42_15' <Predicate = true> <Delay = 0.00>
ST_2 : Operation 308 [1/1] (0.00ns)   --->   "%sext_ln42_16 = sext i16 %data_2_val_read" [firmware/nnet_utils/nnet_dense_latency.h:42]   --->   Operation 308 'sext' 'sext_ln42_16' <Predicate = true> <Delay = 0.00>
ST_2 : Operation 309 [1/1] (0.00ns)   --->   "%tmp_1918 = bitconcatenate i17 @_ssdm_op_BitConcatenate.i17.i16.i1, i16 %data_2_val_read, i1 0" [firmware/nnet_utils/nnet_mult.h:73->firmware/nnet_utils/nnet_dense_latency.h:42]   --->   Operation 309 'bitconcatenate' 'tmp_1918' <Predicate = true> <Delay = 0.00>
ST_2 : Operation 310 [1/1] (0.00ns)   --->   "%sext_ln73_127 = sext i17 %tmp_1918" [firmware/nnet_utils/nnet_mult.h:73->firmware/nnet_utils/nnet_dense_latency.h:42]   --->   Operation 310 'sext' 'sext_ln73_127' <Predicate = true> <Delay = 0.00>
ST_2 : Operation 311 [1/1] (2.10ns)   --->   "%sub_ln73_361 = sub i18 0, i18 %sext_ln73_127" [firmware/nnet_utils/nnet_mult.h:73->firmware/nnet_utils/nnet_dense_latency.h:42]   --->   Operation 311 'sub' 'sub_ln73_361' <Predicate = true> <Delay = 2.10> <CoreInst = "Adder">   --->   Core 1 'Adder' <Latency = 0> <II = 1> <Delay = 2.10> <FuncUnit> <Opcode : 'add' 'sub'> <InPorts = 2> <OutPorts = 1>
ST_2 : Operation 312 [1/1] (0.00ns)   --->   "%mult_385 = partselect i15 @_ssdm_op_PartSelect.i15.i18.i32.i32, i18 %sub_ln73_361, i32 3, i32 17" [firmware/nnet_utils/nnet_dense_latency.h:42]   --->   Operation 312 'partselect' 'mult_385' <Predicate = true> <Delay = 0.00>
ST_2 : Operation 313 [1/1] (0.00ns)   --->   "%tmp_1919 = bitconcatenate i18 @_ssdm_op_BitConcatenate.i18.i16.i2, i16 %data_2_val_read, i2 0" [firmware/nnet_utils/nnet_mult.h:73->firmware/nnet_utils/nnet_dense_latency.h:42]   --->   Operation 313 'bitconcatenate' 'tmp_1919' <Predicate = true> <Delay = 0.00>
ST_2 : Operation 314 [1/1] (0.00ns)   --->   "%sext_ln73_128 = sext i18 %tmp_1919" [firmware/nnet_utils/nnet_mult.h:73->firmware/nnet_utils/nnet_dense_latency.h:42]   --->   Operation 314 'sext' 'sext_ln73_128' <Predicate = true> <Delay = 0.00>
ST_2 : Operation 315 [1/1] (2.13ns)   --->   "%sub_ln73_362 = sub i19 0, i19 %sext_ln73_128" [firmware/nnet_utils/nnet_mult.h:73->firmware/nnet_utils/nnet_dense_latency.h:42]   --->   Operation 315 'sub' 'sub_ln73_362' <Predicate = true> <Delay = 2.13> <CoreInst = "Adder">   --->   Core 1 'Adder' <Latency = 0> <II = 1> <Delay = 2.13> <FuncUnit> <Opcode : 'add' 'sub'> <InPorts = 2> <OutPorts = 1>
ST_2 : Operation 316 [1/1] (0.00ns)   --->   "%mult_386 = partselect i16 @_ssdm_op_PartSelect.i16.i19.i32.i32, i19 %sub_ln73_362, i32 3, i32 18" [firmware/nnet_utils/nnet_dense_latency.h:42]   --->   Operation 316 'partselect' 'mult_386' <Predicate = true> <Delay = 0.00>
ST_2 : Operation 317 [1/1] (2.13ns)   --->   "%sub_ln73_363 = sub i19 %sext_ln42_16, i19 %sext_ln73_128" [firmware/nnet_utils/nnet_mult.h:73->firmware/nnet_utils/nnet_dense_latency.h:42]   --->   Operation 317 'sub' 'sub_ln73_363' <Predicate = true> <Delay = 2.13> <CoreInst = "Adder">   --->   Core 1 'Adder' <Latency = 0> <II = 1> <Delay = 2.13> <FuncUnit> <Opcode : 'add' 'sub'> <InPorts = 2> <OutPorts = 1>
ST_2 : Operation 318 [1/1] (0.00ns)   --->   "%mult_387 = partselect i16 @_ssdm_op_PartSelect.i16.i19.i32.i32, i19 %sub_ln73_363, i32 3, i32 18" [firmware/nnet_utils/nnet_dense_latency.h:42]   --->   Operation 318 'partselect' 'mult_387' <Predicate = true> <Delay = 0.00>
ST_2 : Operation 319 [1/1] (2.16ns)   --->   "%sub_ln42_9 = sub i19 %sub_ln73_362, i19 %sext_ln42_16" [firmware/nnet_utils/nnet_dense_latency.h:42]   --->   Operation 319 'sub' 'sub_ln42_9' <Predicate = true> <Delay = 2.16> <CoreInst = "Adder">   --->   Core 1 'Adder' <Latency = 0> <II = 1> <Delay = 2.16> <FuncUnit> <Opcode : 'add' 'sub'> <InPorts = 2> <OutPorts = 1>
ST_2 : Operation 320 [1/1] (0.00ns)   --->   "%mult_388 = partselect i16 @_ssdm_op_PartSelect.i16.i19.i32.i32, i19 %sub_ln42_9, i32 3, i32 18" [firmware/nnet_utils/nnet_dense_latency.h:42]   --->   Operation 320 'partselect' 'mult_388' <Predicate = true> <Delay = 0.00>
ST_2 : Operation 321 [1/1] (2.07ns)   --->   "%sub_ln73_197 = sub i17 0, i17 %sext_ln42_15" [firmware/nnet_utils/nnet_mult.h:73->firmware/nnet_utils/nnet_dense_latency.h:42]   --->   Operation 321 'sub' 'sub_ln73_197' <Predicate = true> <Delay = 2.07> <CoreInst = "Adder">   --->   Core 1 'Adder' <Latency = 0> <II = 1> <Delay = 2.07> <FuncUnit> <Opcode : 'add' 'sub'> <InPorts = 2> <OutPorts = 1>
ST_2 : Operation 322 [1/1] (0.00ns)   --->   "%mult_390 = partselect i14 @_ssdm_op_PartSelect.i14.i17.i32.i32, i17 %sub_ln73_197, i32 3, i32 16" [firmware/nnet_utils/nnet_dense_latency.h:42]   --->   Operation 322 'partselect' 'mult_390' <Predicate = true> <Delay = 0.00>
ST_2 : Operation 323 [1/1] (2.13ns)   --->   "%sub_ln73_364 = sub i19 %sext_ln73_128, i19 %sext_ln42_16" [firmware/nnet_utils/nnet_mult.h:73->firmware/nnet_utils/nnet_dense_latency.h:42]   --->   Operation 323 'sub' 'sub_ln73_364' <Predicate = true> <Delay = 2.13> <CoreInst = "Adder">   --->   Core 1 'Adder' <Latency = 0> <II = 1> <Delay = 2.13> <FuncUnit> <Opcode : 'add' 'sub'> <InPorts = 2> <OutPorts = 1>
ST_2 : Operation 324 [1/1] (0.00ns)   --->   "%mult_392 = partselect i16 @_ssdm_op_PartSelect.i16.i19.i32.i32, i19 %sub_ln73_364, i32 3, i32 18" [firmware/nnet_utils/nnet_dense_latency.h:42]   --->   Operation 324 'partselect' 'mult_392' <Predicate = true> <Delay = 0.00>
ST_2 : Operation 325 [1/1] (2.13ns)   --->   "%add_ln42_1 = add i19 %sext_ln73_128, i19 %sext_ln42_16" [firmware/nnet_utils/nnet_dense_latency.h:42]   --->   Operation 325 'add' 'add_ln42_1' <Predicate = true> <Delay = 2.13> <CoreInst = "Adder">   --->   Core 1 'Adder' <Latency = 0> <II = 1> <Delay = 2.13> <FuncUnit> <Opcode : 'add' 'sub'> <InPorts = 2> <OutPorts = 1>
ST_2 : Operation 326 [1/1] (0.00ns)   --->   "%mult_393 = partselect i16 @_ssdm_op_PartSelect.i16.i19.i32.i32, i19 %add_ln42_1, i32 3, i32 18" [firmware/nnet_utils/nnet_dense_latency.h:42]   --->   Operation 326 'partselect' 'mult_393' <Predicate = true> <Delay = 0.00>
ST_2 : Operation 327 [1/1] (0.00ns)   --->   "%sext_ln42_23 = sext i16 %data_3_val_read" [firmware/nnet_utils/nnet_dense_latency.h:42]   --->   Operation 327 'sext' 'sext_ln42_23' <Predicate = true> <Delay = 0.00>
ST_2 : Operation 328 [1/1] (0.00ns)   --->   "%sext_ln42_25 = sext i16 %data_3_val_read" [firmware/nnet_utils/nnet_dense_latency.h:42]   --->   Operation 328 'sext' 'sext_ln42_25' <Predicate = true> <Delay = 0.00>
ST_2 : Operation 329 [1/1] (0.00ns)   --->   "%tmp_1920 = bitconcatenate i18 @_ssdm_op_BitConcatenate.i18.i16.i2, i16 %data_3_val_read, i2 0" [firmware/nnet_utils/nnet_mult.h:73->firmware/nnet_utils/nnet_dense_latency.h:42]   --->   Operation 329 'bitconcatenate' 'tmp_1920' <Predicate = true> <Delay = 0.00>
ST_2 : Operation 330 [1/1] (0.00ns)   --->   "%sext_ln73_129 = sext i18 %tmp_1920" [firmware/nnet_utils/nnet_mult.h:73->firmware/nnet_utils/nnet_dense_latency.h:42]   --->   Operation 330 'sext' 'sext_ln73_129' <Predicate = true> <Delay = 0.00>
ST_2 : Operation 331 [1/1] (2.13ns)   --->   "%sub_ln73_365 = sub i19 0, i19 %sext_ln73_129" [firmware/nnet_utils/nnet_mult.h:73->firmware/nnet_utils/nnet_dense_latency.h:42]   --->   Operation 331 'sub' 'sub_ln73_365' <Predicate = true> <Delay = 2.13> <CoreInst = "Adder">   --->   Core 1 'Adder' <Latency = 0> <II = 1> <Delay = 2.13> <FuncUnit> <Opcode : 'add' 'sub'> <InPorts = 2> <OutPorts = 1>
ST_2 : Operation 332 [1/1] (0.00ns)   --->   "%mult_397 = partselect i16 @_ssdm_op_PartSelect.i16.i19.i32.i32, i19 %sub_ln73_365, i32 3, i32 18" [firmware/nnet_utils/nnet_dense_latency.h:42]   --->   Operation 332 'partselect' 'mult_397' <Predicate = true> <Delay = 0.00>
ST_2 : Operation 333 [1/1] (0.00ns)   --->   "%p_shl40 = bitconcatenate i19 @_ssdm_op_BitConcatenate.i19.i16.i3, i16 %data_3_val_read, i3 0" [firmware/nnet_utils/nnet_dense_latency.h:42]   --->   Operation 333 'bitconcatenate' 'p_shl40' <Predicate = true> <Delay = 0.00>
ST_2 : Operation 334 [1/1] (0.00ns)   --->   "%tmp_1921 = bitconcatenate i17 @_ssdm_op_BitConcatenate.i17.i16.i1, i16 %data_3_val_read, i1 0" [firmware/nnet_utils/nnet_dense_latency.h:42]   --->   Operation 334 'bitconcatenate' 'tmp_1921' <Predicate = true> <Delay = 0.00>
ST_2 : Operation 335 [1/1] (0.00ns)   --->   "%sext_ln42_88 = sext i17 %tmp_1921" [firmware/nnet_utils/nnet_dense_latency.h:42]   --->   Operation 335 'sext' 'sext_ln42_88' <Predicate = true> <Delay = 0.00>
ST_2 : Operation 336 [1/1] (2.16ns)   --->   "%sub_ln42_10 = sub i19 %sext_ln42_88, i19 %p_shl40" [firmware/nnet_utils/nnet_dense_latency.h:42]   --->   Operation 336 'sub' 'sub_ln42_10' <Predicate = true> <Delay = 2.16> <CoreInst = "Adder">   --->   Core 1 'Adder' <Latency = 0> <II = 1> <Delay = 2.16> <FuncUnit> <Opcode : 'add' 'sub'> <InPorts = 2> <OutPorts = 1>
ST_2 : Operation 337 [1/1] (0.00ns)   --->   "%mult_398 = partselect i16 @_ssdm_op_PartSelect.i16.i19.i32.i32, i19 %sub_ln42_10, i32 3, i32 18" [firmware/nnet_utils/nnet_dense_latency.h:42]   --->   Operation 337 'partselect' 'mult_398' <Predicate = true> <Delay = 0.00>
ST_2 : Operation 338 [1/1] (0.00ns)   --->   "%sext_ln73_130 = sext i17 %tmp_1921" [firmware/nnet_utils/nnet_mult.h:73->firmware/nnet_utils/nnet_dense_latency.h:42]   --->   Operation 338 'sext' 'sext_ln73_130' <Predicate = true> <Delay = 0.00>
ST_2 : Operation 339 [1/1] (2.10ns)   --->   "%sub_ln73_366 = sub i18 0, i18 %sext_ln73_130" [firmware/nnet_utils/nnet_mult.h:73->firmware/nnet_utils/nnet_dense_latency.h:42]   --->   Operation 339 'sub' 'sub_ln73_366' <Predicate = true> <Delay = 2.10> <CoreInst = "Adder">   --->   Core 1 'Adder' <Latency = 0> <II = 1> <Delay = 2.10> <FuncUnit> <Opcode : 'add' 'sub'> <InPorts = 2> <OutPorts = 1>
ST_2 : Operation 340 [1/1] (0.00ns)   --->   "%mult_399 = partselect i15 @_ssdm_op_PartSelect.i15.i18.i32.i32, i18 %sub_ln73_366, i32 3, i32 17" [firmware/nnet_utils/nnet_dense_latency.h:42]   --->   Operation 340 'partselect' 'mult_399' <Predicate = true> <Delay = 0.00>
ST_2 : Operation 341 [1/1] (2.13ns)   --->   "%sub_ln73_367 = sub i19 %sext_ln42_25, i19 %sext_ln73_129" [firmware/nnet_utils/nnet_mult.h:73->firmware/nnet_utils/nnet_dense_latency.h:42]   --->   Operation 341 'sub' 'sub_ln73_367' <Predicate = true> <Delay = 2.13> <CoreInst = "Adder">   --->   Core 1 'Adder' <Latency = 0> <II = 1> <Delay = 2.13> <FuncUnit> <Opcode : 'add' 'sub'> <InPorts = 2> <OutPorts = 1>
ST_2 : Operation 342 [1/1] (0.00ns)   --->   "%mult_400 = partselect i16 @_ssdm_op_PartSelect.i16.i19.i32.i32, i19 %sub_ln73_367, i32 3, i32 18" [firmware/nnet_utils/nnet_dense_latency.h:42]   --->   Operation 342 'partselect' 'mult_400' <Predicate = true> <Delay = 0.00>
ST_2 : Operation 343 [1/1] (2.13ns)   --->   "%sub_ln73_368 = sub i19 %sext_ln73_129, i19 %sext_ln42_25" [firmware/nnet_utils/nnet_mult.h:73->firmware/nnet_utils/nnet_dense_latency.h:42]   --->   Operation 343 'sub' 'sub_ln73_368' <Predicate = true> <Delay = 2.13> <CoreInst = "Adder">   --->   Core 1 'Adder' <Latency = 0> <II = 1> <Delay = 2.13> <FuncUnit> <Opcode : 'add' 'sub'> <InPorts = 2> <OutPorts = 1>
ST_2 : Operation 344 [1/1] (0.00ns)   --->   "%mult_401 = partselect i16 @_ssdm_op_PartSelect.i16.i19.i32.i32, i19 %sub_ln73_368, i32 3, i32 18" [firmware/nnet_utils/nnet_dense_latency.h:42]   --->   Operation 344 'partselect' 'mult_401' <Predicate = true> <Delay = 0.00>
ST_2 : Operation 345 [1/1] (2.16ns)   --->   "%sub_ln42_11 = sub i19 %p_shl40, i19 %sext_ln42_88" [firmware/nnet_utils/nnet_dense_latency.h:42]   --->   Operation 345 'sub' 'sub_ln42_11' <Predicate = true> <Delay = 2.16> <CoreInst = "Adder">   --->   Core 1 'Adder' <Latency = 0> <II = 1> <Delay = 2.16> <FuncUnit> <Opcode : 'add' 'sub'> <InPorts = 2> <OutPorts = 1>
ST_2 : Operation 346 [1/1] (0.00ns)   --->   "%mult_402 = partselect i16 @_ssdm_op_PartSelect.i16.i19.i32.i32, i19 %sub_ln42_11, i32 3, i32 18" [firmware/nnet_utils/nnet_dense_latency.h:42]   --->   Operation 346 'partselect' 'mult_402' <Predicate = true> <Delay = 0.00>
ST_2 : Operation 347 [1/1] (2.07ns)   --->   "%sub_ln73_198 = sub i17 0, i17 %sext_ln42_23" [firmware/nnet_utils/nnet_mult.h:73->firmware/nnet_utils/nnet_dense_latency.h:42]   --->   Operation 347 'sub' 'sub_ln73_198' <Predicate = true> <Delay = 2.07> <CoreInst = "Adder">   --->   Core 1 'Adder' <Latency = 0> <II = 1> <Delay = 2.07> <FuncUnit> <Opcode : 'add' 'sub'> <InPorts = 2> <OutPorts = 1>
ST_2 : Operation 348 [1/1] (0.00ns)   --->   "%mult_403 = partselect i14 @_ssdm_op_PartSelect.i14.i17.i32.i32, i17 %sub_ln73_198, i32 3, i32 16" [firmware/nnet_utils/nnet_dense_latency.h:42]   --->   Operation 348 'partselect' 'mult_403' <Predicate = true> <Delay = 0.00>
ST_2 : Operation 349 [1/1] (2.16ns)   --->   "%sub_ln42_12 = sub i19 %sub_ln73_365, i19 %sext_ln42_25" [firmware/nnet_utils/nnet_dense_latency.h:42]   --->   Operation 349 'sub' 'sub_ln42_12' <Predicate = true> <Delay = 2.16> <CoreInst = "Adder">   --->   Core 1 'Adder' <Latency = 0> <II = 1> <Delay = 2.16> <FuncUnit> <Opcode : 'add' 'sub'> <InPorts = 2> <OutPorts = 1>
ST_2 : Operation 350 [1/1] (0.00ns)   --->   "%mult_404 = partselect i16 @_ssdm_op_PartSelect.i16.i19.i32.i32, i19 %sub_ln42_12, i32 3, i32 18" [firmware/nnet_utils/nnet_dense_latency.h:42]   --->   Operation 350 'partselect' 'mult_404' <Predicate = true> <Delay = 0.00>
ST_2 : Operation 351 [1/1] (0.00ns)   --->   "%sext_ln42_30 = sext i16 %data_4_val_read" [firmware/nnet_utils/nnet_dense_latency.h:42]   --->   Operation 351 'sext' 'sext_ln42_30' <Predicate = true> <Delay = 0.00>
ST_2 : Operation 352 [1/1] (0.00ns)   --->   "%sext_ln73_1 = sext i16 %data_4_val_read" [firmware/nnet_utils/nnet_mult.h:73->firmware/nnet_utils/nnet_dense_latency.h:42]   --->   Operation 352 'sext' 'sext_ln73_1' <Predicate = true> <Delay = 0.00>
ST_2 : Operation 353 [1/1] (2.07ns)   --->   "%sub_ln73_199 = sub i17 0, i17 %sext_ln73_1" [firmware/nnet_utils/nnet_mult.h:73->firmware/nnet_utils/nnet_dense_latency.h:42]   --->   Operation 353 'sub' 'sub_ln73_199' <Predicate = true> <Delay = 2.07> <CoreInst = "Adder">   --->   Core 1 'Adder' <Latency = 0> <II = 1> <Delay = 2.07> <FuncUnit> <Opcode : 'add' 'sub'> <InPorts = 2> <OutPorts = 1>
ST_2 : Operation 354 [1/1] (0.00ns)   --->   "%mult_405 = partselect i14 @_ssdm_op_PartSelect.i14.i17.i32.i32, i17 %sub_ln73_199, i32 3, i32 16" [firmware/nnet_utils/nnet_dense_latency.h:42]   --->   Operation 354 'partselect' 'mult_405' <Predicate = true> <Delay = 0.00>
ST_2 : Operation 355 [1/1] (0.00ns)   --->   "%tmp_1922 = bitconcatenate i17 @_ssdm_op_BitConcatenate.i17.i16.i1, i16 %data_4_val_read, i1 0" [firmware/nnet_utils/nnet_mult.h:73->firmware/nnet_utils/nnet_dense_latency.h:42]   --->   Operation 355 'bitconcatenate' 'tmp_1922' <Predicate = true> <Delay = 0.00>
ST_2 : Operation 356 [1/1] (0.00ns)   --->   "%sext_ln73_131 = sext i17 %tmp_1922" [firmware/nnet_utils/nnet_mult.h:73->firmware/nnet_utils/nnet_dense_latency.h:42]   --->   Operation 356 'sext' 'sext_ln73_131' <Predicate = true> <Delay = 0.00>
ST_2 : Operation 357 [1/1] (2.10ns)   --->   "%sub_ln73_369 = sub i18 0, i18 %sext_ln73_131" [firmware/nnet_utils/nnet_mult.h:73->firmware/nnet_utils/nnet_dense_latency.h:42]   --->   Operation 357 'sub' 'sub_ln73_369' <Predicate = true> <Delay = 2.10> <CoreInst = "Adder">   --->   Core 1 'Adder' <Latency = 0> <II = 1> <Delay = 2.10> <FuncUnit> <Opcode : 'add' 'sub'> <InPorts = 2> <OutPorts = 1>
ST_2 : Operation 358 [1/1] (0.00ns)   --->   "%mult_406 = partselect i15 @_ssdm_op_PartSelect.i15.i18.i32.i32, i18 %sub_ln73_369, i32 3, i32 17" [firmware/nnet_utils/nnet_dense_latency.h:42]   --->   Operation 358 'partselect' 'mult_406' <Predicate = true> <Delay = 0.00>
ST_2 : Operation 359 [1/1] (0.00ns)   --->   "%sext_ln42_33 = sext i14 %mult_407" [firmware/nnet_utils/nnet_dense_latency.h:42]   --->   Operation 359 'sext' 'sext_ln42_33' <Predicate = true> <Delay = 0.00>
ST_2 : Operation 360 [1/1] (0.00ns)   --->   "%p_shl41 = bitconcatenate i19 @_ssdm_op_BitConcatenate.i19.i16.i3, i16 %data_4_val_read, i3 0" [firmware/nnet_utils/nnet_dense_latency.h:42]   --->   Operation 360 'bitconcatenate' 'p_shl41' <Predicate = true> <Delay = 0.00>
ST_2 : Operation 361 [1/1] (0.00ns)   --->   "%sext_ln42_93 = sext i17 %tmp_1922" [firmware/nnet_utils/nnet_dense_latency.h:42]   --->   Operation 361 'sext' 'sext_ln42_93' <Predicate = true> <Delay = 0.00>
ST_2 : Operation 362 [1/1] (2.16ns)   --->   "%sub_ln42_13 = sub i19 %sext_ln42_93, i19 %p_shl41" [firmware/nnet_utils/nnet_dense_latency.h:42]   --->   Operation 362 'sub' 'sub_ln42_13' <Predicate = true> <Delay = 2.16> <CoreInst = "Adder">   --->   Core 1 'Adder' <Latency = 0> <II = 1> <Delay = 2.16> <FuncUnit> <Opcode : 'add' 'sub'> <InPorts = 2> <OutPorts = 1>
ST_2 : Operation 363 [1/1] (0.00ns)   --->   "%mult_408 = partselect i16 @_ssdm_op_PartSelect.i16.i19.i32.i32, i19 %sub_ln42_13, i32 3, i32 18" [firmware/nnet_utils/nnet_dense_latency.h:42]   --->   Operation 363 'partselect' 'mult_408' <Predicate = true> <Delay = 0.00>
ST_2 : Operation 364 [1/1] (0.00ns)   --->   "%tmp_1923 = bitconcatenate i18 @_ssdm_op_BitConcatenate.i18.i16.i2, i16 %data_4_val_read, i2 0" [firmware/nnet_utils/nnet_mult.h:73->firmware/nnet_utils/nnet_dense_latency.h:42]   --->   Operation 364 'bitconcatenate' 'tmp_1923' <Predicate = true> <Delay = 0.00>
ST_2 : Operation 365 [1/1] (0.00ns)   --->   "%sext_ln73_132 = sext i18 %tmp_1923" [firmware/nnet_utils/nnet_mult.h:73->firmware/nnet_utils/nnet_dense_latency.h:42]   --->   Operation 365 'sext' 'sext_ln73_132' <Predicate = true> <Delay = 0.00>
ST_2 : Operation 366 [1/1] (2.13ns)   --->   "%sub_ln73_370 = sub i19 %sext_ln42_30, i19 %sext_ln73_132" [firmware/nnet_utils/nnet_mult.h:73->firmware/nnet_utils/nnet_dense_latency.h:42]   --->   Operation 366 'sub' 'sub_ln73_370' <Predicate = true> <Delay = 2.13> <CoreInst = "Adder">   --->   Core 1 'Adder' <Latency = 0> <II = 1> <Delay = 2.13> <FuncUnit> <Opcode : 'add' 'sub'> <InPorts = 2> <OutPorts = 1>
ST_2 : Operation 367 [1/1] (0.00ns)   --->   "%mult_410 = partselect i16 @_ssdm_op_PartSelect.i16.i19.i32.i32, i19 %sub_ln73_370, i32 3, i32 18" [firmware/nnet_utils/nnet_dense_latency.h:42]   --->   Operation 367 'partselect' 'mult_410' <Predicate = true> <Delay = 0.00>
ST_2 : Operation 368 [1/1] (2.13ns)   --->   "%sub_ln73_371 = sub i19 %sext_ln73_132, i19 %sext_ln42_30" [firmware/nnet_utils/nnet_mult.h:73->firmware/nnet_utils/nnet_dense_latency.h:42]   --->   Operation 368 'sub' 'sub_ln73_371' <Predicate = true> <Delay = 2.13> <CoreInst = "Adder">   --->   Core 1 'Adder' <Latency = 0> <II = 1> <Delay = 2.13> <FuncUnit> <Opcode : 'add' 'sub'> <InPorts = 2> <OutPorts = 1>
ST_2 : Operation 369 [1/1] (0.00ns)   --->   "%mult_411 = partselect i16 @_ssdm_op_PartSelect.i16.i19.i32.i32, i19 %sub_ln73_371, i32 3, i32 18" [firmware/nnet_utils/nnet_dense_latency.h:42]   --->   Operation 369 'partselect' 'mult_411' <Predicate = true> <Delay = 0.00>
ST_2 : Operation 370 [1/1] (0.00ns)   --->   "%sext_ln73_2 = sext i16 %data_5_val_read" [firmware/nnet_utils/nnet_mult.h:73->firmware/nnet_utils/nnet_dense_latency.h:42]   --->   Operation 370 'sext' 'sext_ln73_2' <Predicate = true> <Delay = 0.00>
ST_2 : Operation 371 [1/1] (0.00ns)   --->   "%sext_ln73_4 = sext i16 %data_5_val_read" [firmware/nnet_utils/nnet_mult.h:73->firmware/nnet_utils/nnet_dense_latency.h:42]   --->   Operation 371 'sext' 'sext_ln73_4' <Predicate = true> <Delay = 0.00>
ST_2 : Operation 372 [1/1] (0.00ns)   --->   "%tmp_1924 = bitconcatenate i18 @_ssdm_op_BitConcatenate.i18.i16.i2, i16 %data_5_val_read, i2 0" [firmware/nnet_utils/nnet_mult.h:73->firmware/nnet_utils/nnet_dense_latency.h:42]   --->   Operation 372 'bitconcatenate' 'tmp_1924' <Predicate = true> <Delay = 0.00>
ST_2 : Operation 373 [1/1] (0.00ns)   --->   "%sext_ln73_133 = sext i18 %tmp_1924" [firmware/nnet_utils/nnet_mult.h:73->firmware/nnet_utils/nnet_dense_latency.h:42]   --->   Operation 373 'sext' 'sext_ln73_133' <Predicate = true> <Delay = 0.00>
ST_2 : Operation 374 [1/1] (2.13ns)   --->   "%sub_ln73_372 = sub i19 %sext_ln73_133, i19 %sext_ln73_4" [firmware/nnet_utils/nnet_mult.h:73->firmware/nnet_utils/nnet_dense_latency.h:42]   --->   Operation 374 'sub' 'sub_ln73_372' <Predicate = true> <Delay = 2.13> <CoreInst = "Adder">   --->   Core 1 'Adder' <Latency = 0> <II = 1> <Delay = 2.13> <FuncUnit> <Opcode : 'add' 'sub'> <InPorts = 2> <OutPorts = 1>
ST_2 : Operation 375 [1/1] (0.00ns)   --->   "%mult_414 = partselect i16 @_ssdm_op_PartSelect.i16.i19.i32.i32, i19 %sub_ln73_372, i32 3, i32 18" [firmware/nnet_utils/nnet_dense_latency.h:42]   --->   Operation 375 'partselect' 'mult_414' <Predicate = true> <Delay = 0.00>
ST_2 : Operation 376 [1/1] (0.00ns)   --->   "%tmp_1925 = bitconcatenate i17 @_ssdm_op_BitConcatenate.i17.i16.i1, i16 %data_5_val_read, i1 0" [firmware/nnet_utils/nnet_mult.h:73->firmware/nnet_utils/nnet_dense_latency.h:42]   --->   Operation 376 'bitconcatenate' 'tmp_1925' <Predicate = true> <Delay = 0.00>
ST_2 : Operation 377 [1/1] (0.00ns)   --->   "%sext_ln73_134 = sext i17 %tmp_1925" [firmware/nnet_utils/nnet_mult.h:73->firmware/nnet_utils/nnet_dense_latency.h:42]   --->   Operation 377 'sext' 'sext_ln73_134' <Predicate = true> <Delay = 0.00>
ST_2 : Operation 378 [1/1] (2.10ns)   --->   "%sub_ln73_373 = sub i18 0, i18 %sext_ln73_134" [firmware/nnet_utils/nnet_mult.h:73->firmware/nnet_utils/nnet_dense_latency.h:42]   --->   Operation 378 'sub' 'sub_ln73_373' <Predicate = true> <Delay = 2.10> <CoreInst = "Adder">   --->   Core 1 'Adder' <Latency = 0> <II = 1> <Delay = 2.10> <FuncUnit> <Opcode : 'add' 'sub'> <InPorts = 2> <OutPorts = 1>
ST_2 : Operation 379 [1/1] (0.00ns)   --->   "%mult_415 = partselect i15 @_ssdm_op_PartSelect.i15.i18.i32.i32, i18 %sub_ln73_373, i32 3, i32 17" [firmware/nnet_utils/nnet_dense_latency.h:42]   --->   Operation 379 'partselect' 'mult_415' <Predicate = true> <Delay = 0.00>
ST_2 : Operation 380 [1/1] (0.00ns)   --->   "%p_shl42 = bitconcatenate i19 @_ssdm_op_BitConcatenate.i19.i16.i3, i16 %data_5_val_read, i3 0" [firmware/nnet_utils/nnet_dense_latency.h:42]   --->   Operation 380 'bitconcatenate' 'p_shl42' <Predicate = true> <Delay = 0.00>
ST_2 : Operation 381 [1/1] (2.16ns)   --->   "%sub_ln42_14 = sub i19 %p_shl42, i19 %sext_ln73_4" [firmware/nnet_utils/nnet_dense_latency.h:42]   --->   Operation 381 'sub' 'sub_ln42_14' <Predicate = true> <Delay = 2.16> <CoreInst = "Adder">   --->   Core 1 'Adder' <Latency = 0> <II = 1> <Delay = 2.16> <FuncUnit> <Opcode : 'add' 'sub'> <InPorts = 2> <OutPorts = 1>
ST_2 : Operation 382 [1/1] (0.00ns)   --->   "%mult_416 = partselect i16 @_ssdm_op_PartSelect.i16.i19.i32.i32, i19 %sub_ln42_14, i32 3, i32 18" [firmware/nnet_utils/nnet_dense_latency.h:42]   --->   Operation 382 'partselect' 'mult_416' <Predicate = true> <Delay = 0.00>
ST_2 : Operation 383 [1/1] (2.07ns)   --->   "%sub_ln73_200 = sub i17 0, i17 %sext_ln73_2" [firmware/nnet_utils/nnet_mult.h:73->firmware/nnet_utils/nnet_dense_latency.h:42]   --->   Operation 383 'sub' 'sub_ln73_200' <Predicate = true> <Delay = 2.07> <CoreInst = "Adder">   --->   Core 1 'Adder' <Latency = 0> <II = 1> <Delay = 2.07> <FuncUnit> <Opcode : 'add' 'sub'> <InPorts = 2> <OutPorts = 1>
ST_2 : Operation 384 [1/1] (0.00ns)   --->   "%mult_418 = partselect i14 @_ssdm_op_PartSelect.i14.i17.i32.i32, i17 %sub_ln73_200, i32 3, i32 16" [firmware/nnet_utils/nnet_dense_latency.h:42]   --->   Operation 384 'partselect' 'mult_418' <Predicate = true> <Delay = 0.00>
ST_2 : Operation 385 [1/1] (2.13ns)   --->   "%sub_ln73_374 = sub i19 %sext_ln73_4, i19 %sext_ln73_133" [firmware/nnet_utils/nnet_mult.h:73->firmware/nnet_utils/nnet_dense_latency.h:42]   --->   Operation 385 'sub' 'sub_ln73_374' <Predicate = true> <Delay = 2.13> <CoreInst = "Adder">   --->   Core 1 'Adder' <Latency = 0> <II = 1> <Delay = 2.13> <FuncUnit> <Opcode : 'add' 'sub'> <InPorts = 2> <OutPorts = 1>
ST_2 : Operation 386 [1/1] (0.00ns)   --->   "%mult_419 = partselect i16 @_ssdm_op_PartSelect.i16.i19.i32.i32, i19 %sub_ln73_374, i32 3, i32 18" [firmware/nnet_utils/nnet_dense_latency.h:42]   --->   Operation 386 'partselect' 'mult_419' <Predicate = true> <Delay = 0.00>
ST_2 : Operation 387 [1/1] (2.13ns)   --->   "%sub_ln73_375 = sub i19 0, i19 %sext_ln73_133" [firmware/nnet_utils/nnet_mult.h:73->firmware/nnet_utils/nnet_dense_latency.h:42]   --->   Operation 387 'sub' 'sub_ln73_375' <Predicate = true> <Delay = 2.13> <CoreInst = "Adder">   --->   Core 1 'Adder' <Latency = 0> <II = 1> <Delay = 2.13> <FuncUnit> <Opcode : 'add' 'sub'> <InPorts = 2> <OutPorts = 1>
ST_2 : Operation 388 [1/1] (0.00ns)   --->   "%mult_420 = partselect i16 @_ssdm_op_PartSelect.i16.i19.i32.i32, i19 %sub_ln73_375, i32 3, i32 18" [firmware/nnet_utils/nnet_dense_latency.h:42]   --->   Operation 388 'partselect' 'mult_420' <Predicate = true> <Delay = 0.00>
ST_2 : Operation 389 [1/1] (0.00ns)   --->   "%sext_ln42_96 = sext i17 %tmp_1925" [firmware/nnet_utils/nnet_dense_latency.h:42]   --->   Operation 389 'sext' 'sext_ln42_96' <Predicate = true> <Delay = 0.00>
ST_2 : Operation 390 [1/1] (2.16ns)   --->   "%sub_ln42_15 = sub i19 %sext_ln42_96, i19 %p_shl42" [firmware/nnet_utils/nnet_dense_latency.h:42]   --->   Operation 390 'sub' 'sub_ln42_15' <Predicate = true> <Delay = 2.16> <CoreInst = "Adder">   --->   Core 1 'Adder' <Latency = 0> <II = 1> <Delay = 2.16> <FuncUnit> <Opcode : 'add' 'sub'> <InPorts = 2> <OutPorts = 1>
ST_2 : Operation 391 [1/1] (0.00ns)   --->   "%mult_421 = partselect i16 @_ssdm_op_PartSelect.i16.i19.i32.i32, i19 %sub_ln42_15, i32 3, i32 18" [firmware/nnet_utils/nnet_dense_latency.h:42]   --->   Operation 391 'partselect' 'mult_421' <Predicate = true> <Delay = 0.00>
ST_2 : Operation 392 [1/1] (2.13ns)   --->   "%add_ln42_2 = add i19 %sext_ln73_133, i19 %sext_ln73_4" [firmware/nnet_utils/nnet_dense_latency.h:42]   --->   Operation 392 'add' 'add_ln42_2' <Predicate = true> <Delay = 2.13> <CoreInst = "Adder">   --->   Core 1 'Adder' <Latency = 0> <II = 1> <Delay = 2.13> <FuncUnit> <Opcode : 'add' 'sub'> <InPorts = 2> <OutPorts = 1>
ST_2 : Operation 393 [1/1] (0.00ns)   --->   "%mult_422 = partselect i16 @_ssdm_op_PartSelect.i16.i19.i32.i32, i19 %add_ln42_2, i32 3, i32 18" [firmware/nnet_utils/nnet_dense_latency.h:42]   --->   Operation 393 'partselect' 'mult_422' <Predicate = true> <Delay = 0.00>
ST_2 : Operation 394 [1/1] (0.00ns)   --->   "%sext_ln73_5 = sext i16 %data_6_val_read" [firmware/nnet_utils/nnet_mult.h:73->firmware/nnet_utils/nnet_dense_latency.h:42]   --->   Operation 394 'sext' 'sext_ln73_5' <Predicate = true> <Delay = 0.00>
ST_2 : Operation 395 [1/1] (0.00ns)   --->   "%sext_ln73_7 = sext i16 %data_6_val_read" [firmware/nnet_utils/nnet_mult.h:73->firmware/nnet_utils/nnet_dense_latency.h:42]   --->   Operation 395 'sext' 'sext_ln73_7' <Predicate = true> <Delay = 0.00>
ST_2 : Operation 396 [1/1] (2.07ns)   --->   "%sub_ln73_201 = sub i17 0, i17 %sext_ln73_7" [firmware/nnet_utils/nnet_mult.h:73->firmware/nnet_utils/nnet_dense_latency.h:42]   --->   Operation 396 'sub' 'sub_ln73_201' <Predicate = true> <Delay = 2.07> <CoreInst = "Adder">   --->   Core 1 'Adder' <Latency = 0> <II = 1> <Delay = 2.07> <FuncUnit> <Opcode : 'add' 'sub'> <InPorts = 2> <OutPorts = 1>
ST_2 : Operation 397 [1/1] (0.00ns)   --->   "%mult_423 = partselect i14 @_ssdm_op_PartSelect.i14.i17.i32.i32, i17 %sub_ln73_201, i32 3, i32 16" [firmware/nnet_utils/nnet_dense_latency.h:42]   --->   Operation 397 'partselect' 'mult_423' <Predicate = true> <Delay = 0.00>
ST_2 : Operation 398 [1/1] (0.00ns)   --->   "%tmp_1926 = bitconcatenate i18 @_ssdm_op_BitConcatenate.i18.i16.i2, i16 %data_6_val_read, i2 0" [firmware/nnet_utils/nnet_dense_latency.h:42]   --->   Operation 398 'bitconcatenate' 'tmp_1926' <Predicate = true> <Delay = 0.00>
ST_2 : Operation 399 [1/1] (0.00ns)   --->   "%sext_ln42_98 = sext i18 %tmp_1926" [firmware/nnet_utils/nnet_dense_latency.h:42]   --->   Operation 399 'sext' 'sext_ln42_98' <Predicate = true> <Delay = 0.00>
ST_2 : Operation 400 [1/1] (2.13ns)   --->   "%add_ln42_3 = add i19 %sext_ln42_98, i19 %sext_ln73_5" [firmware/nnet_utils/nnet_dense_latency.h:42]   --->   Operation 400 'add' 'add_ln42_3' <Predicate = true> <Delay = 2.13> <CoreInst = "Adder">   --->   Core 1 'Adder' <Latency = 0> <II = 1> <Delay = 2.13> <FuncUnit> <Opcode : 'add' 'sub'> <InPorts = 2> <OutPorts = 1>
ST_2 : Operation 401 [1/1] (0.00ns)   --->   "%mult_424 = partselect i16 @_ssdm_op_PartSelect.i16.i19.i32.i32, i19 %add_ln42_3, i32 3, i32 18" [firmware/nnet_utils/nnet_dense_latency.h:42]   --->   Operation 401 'partselect' 'mult_424' <Predicate = true> <Delay = 0.00>
ST_2 : Operation 402 [1/1] (0.00ns)   --->   "%tmp_1927 = bitconcatenate i17 @_ssdm_op_BitConcatenate.i17.i16.i1, i16 %data_6_val_read, i1 0" [firmware/nnet_utils/nnet_mult.h:73->firmware/nnet_utils/nnet_dense_latency.h:42]   --->   Operation 402 'bitconcatenate' 'tmp_1927' <Predicate = true> <Delay = 0.00>
ST_2 : Operation 403 [1/1] (0.00ns)   --->   "%sext_ln73_135 = sext i17 %tmp_1927" [firmware/nnet_utils/nnet_mult.h:73->firmware/nnet_utils/nnet_dense_latency.h:42]   --->   Operation 403 'sext' 'sext_ln73_135' <Predicate = true> <Delay = 0.00>
ST_2 : Operation 404 [1/1] (2.10ns)   --->   "%sub_ln73_376 = sub i18 0, i18 %sext_ln73_135" [firmware/nnet_utils/nnet_mult.h:73->firmware/nnet_utils/nnet_dense_latency.h:42]   --->   Operation 404 'sub' 'sub_ln73_376' <Predicate = true> <Delay = 2.10> <CoreInst = "Adder">   --->   Core 1 'Adder' <Latency = 0> <II = 1> <Delay = 2.10> <FuncUnit> <Opcode : 'add' 'sub'> <InPorts = 2> <OutPorts = 1>
ST_2 : Operation 405 [1/1] (0.00ns)   --->   "%mult_427 = partselect i15 @_ssdm_op_PartSelect.i15.i18.i32.i32, i18 %sub_ln73_376, i32 3, i32 17" [firmware/nnet_utils/nnet_dense_latency.h:42]   --->   Operation 405 'partselect' 'mult_427' <Predicate = true> <Delay = 0.00>
ST_2 : Operation 406 [1/1] (0.00ns)   --->   "%sext_ln42_40 = sext i15 %mult_428" [firmware/nnet_utils/nnet_dense_latency.h:42]   --->   Operation 406 'sext' 'sext_ln42_40' <Predicate = true> <Delay = 0.00>
ST_2 : Operation 407 [1/1] (2.13ns)   --->   "%sub_ln42_16 = sub i19 0, i19 %sext_ln42_98" [firmware/nnet_utils/nnet_dense_latency.h:42]   --->   Operation 407 'sub' 'sub_ln42_16' <Predicate = true> <Delay = 2.13> <CoreInst = "Adder">   --->   Core 1 'Adder' <Latency = 0> <II = 1> <Delay = 2.13> <FuncUnit> <Opcode : 'add' 'sub'> <InPorts = 2> <OutPorts = 1>
ST_2 : Operation 408 [1/1] (2.16ns)   --->   "%sub_ln42_17 = sub i19 %sub_ln42_16, i19 %sext_ln73_5" [firmware/nnet_utils/nnet_dense_latency.h:42]   --->   Operation 408 'sub' 'sub_ln42_17' <Predicate = true> <Delay = 2.16> <CoreInst = "Adder">   --->   Core 1 'Adder' <Latency = 0> <II = 1> <Delay = 2.16> <FuncUnit> <Opcode : 'add' 'sub'> <InPorts = 2> <OutPorts = 1>
ST_2 : Operation 409 [1/1] (0.00ns)   --->   "%mult_429 = partselect i16 @_ssdm_op_PartSelect.i16.i19.i32.i32, i19 %sub_ln42_17, i32 3, i32 18" [firmware/nnet_utils/nnet_dense_latency.h:42]   --->   Operation 409 'partselect' 'mult_429' <Predicate = true> <Delay = 0.00>
ST_2 : Operation 410 [1/1] (2.13ns)   --->   "%sub_ln73_377 = sub i19 %sext_ln42_98, i19 %sext_ln73_5" [firmware/nnet_utils/nnet_mult.h:73->firmware/nnet_utils/nnet_dense_latency.h:42]   --->   Operation 410 'sub' 'sub_ln73_377' <Predicate = true> <Delay = 2.13> <CoreInst = "Adder">   --->   Core 1 'Adder' <Latency = 0> <II = 1> <Delay = 2.13> <FuncUnit> <Opcode : 'add' 'sub'> <InPorts = 2> <OutPorts = 1>
ST_2 : Operation 411 [1/1] (0.00ns)   --->   "%mult_430 = partselect i16 @_ssdm_op_PartSelect.i16.i19.i32.i32, i19 %sub_ln73_377, i32 3, i32 18" [firmware/nnet_utils/nnet_dense_latency.h:42]   --->   Operation 411 'partselect' 'mult_430' <Predicate = true> <Delay = 0.00>
ST_2 : Operation 412 [1/1] (0.00ns)   --->   "%mult_431 = partselect i16 @_ssdm_op_PartSelect.i16.i19.i32.i32, i19 %sub_ln42_16, i32 3, i32 18" [firmware/nnet_utils/nnet_dense_latency.h:42]   --->   Operation 412 'partselect' 'mult_431' <Predicate = true> <Delay = 0.00>
ST_2 : Operation 413 [1/1] (0.00ns)   --->   "%p_shl43 = bitconcatenate i19 @_ssdm_op_BitConcatenate.i19.i16.i3, i16 %data_6_val_read, i3 0" [firmware/nnet_utils/nnet_dense_latency.h:42]   --->   Operation 413 'bitconcatenate' 'p_shl43' <Predicate = true> <Delay = 0.00>
ST_2 : Operation 414 [1/1] (2.16ns)   --->   "%sub_ln42_18 = sub i19 %p_shl43, i19 %sext_ln73_5" [firmware/nnet_utils/nnet_dense_latency.h:42]   --->   Operation 414 'sub' 'sub_ln42_18' <Predicate = true> <Delay = 2.16> <CoreInst = "Adder">   --->   Core 1 'Adder' <Latency = 0> <II = 1> <Delay = 2.16> <FuncUnit> <Opcode : 'add' 'sub'> <InPorts = 2> <OutPorts = 1>
ST_2 : Operation 415 [1/1] (0.00ns)   --->   "%mult_432 = partselect i16 @_ssdm_op_PartSelect.i16.i19.i32.i32, i19 %sub_ln42_18, i32 3, i32 18" [firmware/nnet_utils/nnet_dense_latency.h:42]   --->   Operation 415 'partselect' 'mult_432' <Predicate = true> <Delay = 0.00>
ST_2 : Operation 416 [1/1] (2.13ns)   --->   "%sub_ln73_378 = sub i19 %sext_ln73_5, i19 %sext_ln42_98" [firmware/nnet_utils/nnet_mult.h:73->firmware/nnet_utils/nnet_dense_latency.h:42]   --->   Operation 416 'sub' 'sub_ln73_378' <Predicate = true> <Delay = 2.13> <CoreInst = "Adder">   --->   Core 1 'Adder' <Latency = 0> <II = 1> <Delay = 2.13> <FuncUnit> <Opcode : 'add' 'sub'> <InPorts = 2> <OutPorts = 1>
ST_2 : Operation 417 [1/1] (0.00ns)   --->   "%mult_433 = partselect i16 @_ssdm_op_PartSelect.i16.i19.i32.i32, i19 %sub_ln73_378, i32 3, i32 18" [firmware/nnet_utils/nnet_dense_latency.h:42]   --->   Operation 417 'partselect' 'mult_433' <Predicate = true> <Delay = 0.00>
ST_2 : Operation 418 [1/1] (0.00ns)   --->   "%sext_ln42_100 = sext i17 %tmp_1927" [firmware/nnet_utils/nnet_dense_latency.h:42]   --->   Operation 418 'sext' 'sext_ln42_100' <Predicate = true> <Delay = 0.00>
ST_2 : Operation 419 [1/1] (2.16ns)   --->   "%sub_ln42_19 = sub i19 %sext_ln42_100, i19 %p_shl43" [firmware/nnet_utils/nnet_dense_latency.h:42]   --->   Operation 419 'sub' 'sub_ln42_19' <Predicate = true> <Delay = 2.16> <CoreInst = "Adder">   --->   Core 1 'Adder' <Latency = 0> <II = 1> <Delay = 2.16> <FuncUnit> <Opcode : 'add' 'sub'> <InPorts = 2> <OutPorts = 1>
ST_2 : Operation 420 [1/1] (0.00ns)   --->   "%mult_434 = partselect i16 @_ssdm_op_PartSelect.i16.i19.i32.i32, i19 %sub_ln42_19, i32 3, i32 18" [firmware/nnet_utils/nnet_dense_latency.h:42]   --->   Operation 420 'partselect' 'mult_434' <Predicate = true> <Delay = 0.00>
ST_2 : Operation 421 [1/1] (0.00ns)   --->   "%sext_ln73_9 = sext i16 %data_7_val_read" [firmware/nnet_utils/nnet_mult.h:73->firmware/nnet_utils/nnet_dense_latency.h:42]   --->   Operation 421 'sext' 'sext_ln73_9' <Predicate = true> <Delay = 0.00>
ST_2 : Operation 422 [1/1] (0.00ns)   --->   "%sext_ln73_10 = sext i16 %data_7_val_read" [firmware/nnet_utils/nnet_mult.h:73->firmware/nnet_utils/nnet_dense_latency.h:42]   --->   Operation 422 'sext' 'sext_ln73_10' <Predicate = true> <Delay = 0.00>
ST_2 : Operation 423 [1/1] (0.00ns)   --->   "%tmp_1928 = bitconcatenate i18 @_ssdm_op_BitConcatenate.i18.i16.i2, i16 %data_7_val_read, i2 0" [firmware/nnet_utils/nnet_mult.h:73->firmware/nnet_utils/nnet_dense_latency.h:42]   --->   Operation 423 'bitconcatenate' 'tmp_1928' <Predicate = true> <Delay = 0.00>
ST_2 : Operation 424 [1/1] (0.00ns)   --->   "%sext_ln73_136 = sext i18 %tmp_1928" [firmware/nnet_utils/nnet_mult.h:73->firmware/nnet_utils/nnet_dense_latency.h:42]   --->   Operation 424 'sext' 'sext_ln73_136' <Predicate = true> <Delay = 0.00>
ST_2 : Operation 425 [1/1] (2.13ns)   --->   "%sub_ln73_379 = sub i19 %sext_ln73_136, i19 %sext_ln73_10" [firmware/nnet_utils/nnet_mult.h:73->firmware/nnet_utils/nnet_dense_latency.h:42]   --->   Operation 425 'sub' 'sub_ln73_379' <Predicate = true> <Delay = 2.13> <CoreInst = "Adder">   --->   Core 1 'Adder' <Latency = 0> <II = 1> <Delay = 2.13> <FuncUnit> <Opcode : 'add' 'sub'> <InPorts = 2> <OutPorts = 1>
ST_2 : Operation 426 [1/1] (0.00ns)   --->   "%mult_435 = partselect i16 @_ssdm_op_PartSelect.i16.i19.i32.i32, i19 %sub_ln73_379, i32 3, i32 18" [firmware/nnet_utils/nnet_dense_latency.h:42]   --->   Operation 426 'partselect' 'mult_435' <Predicate = true> <Delay = 0.00>
ST_2 : Operation 427 [1/1] (2.07ns)   --->   "%sub_ln73_202 = sub i17 0, i17 %sext_ln73_9" [firmware/nnet_utils/nnet_mult.h:73->firmware/nnet_utils/nnet_dense_latency.h:42]   --->   Operation 427 'sub' 'sub_ln73_202' <Predicate = true> <Delay = 2.07> <CoreInst = "Adder">   --->   Core 1 'Adder' <Latency = 0> <II = 1> <Delay = 2.07> <FuncUnit> <Opcode : 'add' 'sub'> <InPorts = 2> <OutPorts = 1>
ST_2 : Operation 428 [1/1] (0.00ns)   --->   "%mult_436 = partselect i14 @_ssdm_op_PartSelect.i14.i17.i32.i32, i17 %sub_ln73_202, i32 3, i32 16" [firmware/nnet_utils/nnet_dense_latency.h:42]   --->   Operation 428 'partselect' 'mult_436' <Predicate = true> <Delay = 0.00>
ST_2 : Operation 429 [1/1] (0.00ns)   --->   "%p_shl45 = bitconcatenate i19 @_ssdm_op_BitConcatenate.i19.i16.i3, i16 %data_7_val_read, i3 0" [firmware/nnet_utils/nnet_dense_latency.h:42]   --->   Operation 429 'bitconcatenate' 'p_shl45' <Predicate = true> <Delay = 0.00>
ST_2 : Operation 430 [1/1] (0.00ns)   --->   "%tmp_1929 = bitconcatenate i17 @_ssdm_op_BitConcatenate.i17.i16.i1, i16 %data_7_val_read, i1 0" [firmware/nnet_utils/nnet_dense_latency.h:42]   --->   Operation 430 'bitconcatenate' 'tmp_1929' <Predicate = true> <Delay = 0.00>
ST_2 : Operation 431 [1/1] (0.00ns)   --->   "%sext_ln42_102 = sext i17 %tmp_1929" [firmware/nnet_utils/nnet_dense_latency.h:42]   --->   Operation 431 'sext' 'sext_ln42_102' <Predicate = true> <Delay = 0.00>
ST_2 : Operation 432 [1/1] (2.16ns)   --->   "%sub_ln42_20 = sub i19 %sext_ln42_102, i19 %p_shl45" [firmware/nnet_utils/nnet_dense_latency.h:42]   --->   Operation 432 'sub' 'sub_ln42_20' <Predicate = true> <Delay = 2.16> <CoreInst = "Adder">   --->   Core 1 'Adder' <Latency = 0> <II = 1> <Delay = 2.16> <FuncUnit> <Opcode : 'add' 'sub'> <InPorts = 2> <OutPorts = 1>
ST_2 : Operation 433 [1/1] (0.00ns)   --->   "%mult_437 = partselect i16 @_ssdm_op_PartSelect.i16.i19.i32.i32, i19 %sub_ln42_20, i32 3, i32 18" [firmware/nnet_utils/nnet_dense_latency.h:42]   --->   Operation 433 'partselect' 'mult_437' <Predicate = true> <Delay = 0.00>
ST_2 : Operation 434 [1/1] (0.00ns)   --->   "%sext_ln73_137 = sext i17 %tmp_1929" [firmware/nnet_utils/nnet_mult.h:73->firmware/nnet_utils/nnet_dense_latency.h:42]   --->   Operation 434 'sext' 'sext_ln73_137' <Predicate = true> <Delay = 0.00>
ST_2 : Operation 435 [1/1] (2.10ns)   --->   "%sub_ln73_380 = sub i18 0, i18 %sext_ln73_137" [firmware/nnet_utils/nnet_mult.h:73->firmware/nnet_utils/nnet_dense_latency.h:42]   --->   Operation 435 'sub' 'sub_ln73_380' <Predicate = true> <Delay = 2.10> <CoreInst = "Adder">   --->   Core 1 'Adder' <Latency = 0> <II = 1> <Delay = 2.10> <FuncUnit> <Opcode : 'add' 'sub'> <InPorts = 2> <OutPorts = 1>
ST_2 : Operation 436 [1/1] (0.00ns)   --->   "%mult_439 = partselect i15 @_ssdm_op_PartSelect.i15.i18.i32.i32, i18 %sub_ln73_380, i32 3, i32 17" [firmware/nnet_utils/nnet_dense_latency.h:42]   --->   Operation 436 'partselect' 'mult_439' <Predicate = true> <Delay = 0.00>
ST_2 : Operation 437 [1/1] (2.16ns)   --->   "%sub_ln42_21 = sub i19 %p_shl45, i19 %sext_ln42_102" [firmware/nnet_utils/nnet_dense_latency.h:42]   --->   Operation 437 'sub' 'sub_ln42_21' <Predicate = true> <Delay = 2.16> <CoreInst = "Adder">   --->   Core 1 'Adder' <Latency = 0> <II = 1> <Delay = 2.16> <FuncUnit> <Opcode : 'add' 'sub'> <InPorts = 2> <OutPorts = 1>
ST_2 : Operation 438 [1/1] (0.00ns)   --->   "%mult_440 = partselect i16 @_ssdm_op_PartSelect.i16.i19.i32.i32, i19 %sub_ln42_21, i32 3, i32 18" [firmware/nnet_utils/nnet_dense_latency.h:42]   --->   Operation 438 'partselect' 'mult_440' <Predicate = true> <Delay = 0.00>
ST_2 : Operation 439 [1/1] (0.00ns) (grouped into TernaryAdder)   --->   "%sub_ln42_22 = sub i19 0, i19 %sext_ln73_136" [firmware/nnet_utils/nnet_dense_latency.h:42]   --->   Operation 439 'sub' 'sub_ln42_22' <Predicate = true> <Delay = 0.00> <CoreInst = "TAddSub">   --->   Core 10 'TAddSub' <Latency = 0> <II = 1> <Delay = 1.95> <IPBlock> <Opcode : '' 'add' 'sub'> <InPorts = 3> <OutPorts = 1> <Sync> <CReg>
ST_2 : Operation 440 [1/1] (3.99ns) (root node of TernaryAdder)   --->   "%sub_ln42_23 = sub i19 %sub_ln42_22, i19 %sext_ln73_10" [firmware/nnet_utils/nnet_dense_latency.h:42]   --->   Operation 440 'sub' 'sub_ln42_23' <Predicate = true> <Delay = 3.99> <CoreInst = "TAddSub">   --->   Core 10 'TAddSub' <Latency = 0> <II = 1> <Delay = 1.95> <IPBlock> <Opcode : '' 'add' 'sub'> <InPorts = 3> <OutPorts = 1> <Sync> <CReg>
ST_2 : Operation 441 [1/1] (0.00ns)   --->   "%mult_442 = partselect i16 @_ssdm_op_PartSelect.i16.i19.i32.i32, i19 %sub_ln42_23, i32 3, i32 18" [firmware/nnet_utils/nnet_dense_latency.h:42]   --->   Operation 441 'partselect' 'mult_442' <Predicate = true> <Delay = 0.00>
ST_2 : Operation 442 [1/1] (0.00ns)   --->   "%sext_ln73_12 = sext i16 %data_8_val_read" [firmware/nnet_utils/nnet_mult.h:73->firmware/nnet_utils/nnet_dense_latency.h:42]   --->   Operation 442 'sext' 'sext_ln73_12' <Predicate = true> <Delay = 0.00>
ST_2 : Operation 443 [1/1] (0.00ns)   --->   "%sext_ln73_13 = sext i16 %data_8_val_read" [firmware/nnet_utils/nnet_mult.h:73->firmware/nnet_utils/nnet_dense_latency.h:42]   --->   Operation 443 'sext' 'sext_ln73_13' <Predicate = true> <Delay = 0.00>
ST_2 : Operation 444 [1/1] (2.07ns)   --->   "%sub_ln73_203 = sub i17 0, i17 %sext_ln73_13" [firmware/nnet_utils/nnet_mult.h:73->firmware/nnet_utils/nnet_dense_latency.h:42]   --->   Operation 444 'sub' 'sub_ln73_203' <Predicate = true> <Delay = 2.07> <CoreInst = "Adder">   --->   Core 1 'Adder' <Latency = 0> <II = 1> <Delay = 2.07> <FuncUnit> <Opcode : 'add' 'sub'> <InPorts = 2> <OutPorts = 1>
ST_2 : Operation 445 [1/1] (0.00ns)   --->   "%mult_444 = partselect i14 @_ssdm_op_PartSelect.i14.i17.i32.i32, i17 %sub_ln73_203, i32 3, i32 16" [firmware/nnet_utils/nnet_dense_latency.h:42]   --->   Operation 445 'partselect' 'mult_444' <Predicate = true> <Delay = 0.00>
ST_2 : Operation 446 [1/1] (2.13ns)   --->   "%sub_ln73_381 = sub i19 %sext_ln73_138, i19 %sext_ln73_12" [firmware/nnet_utils/nnet_mult.h:73->firmware/nnet_utils/nnet_dense_latency.h:42]   --->   Operation 446 'sub' 'sub_ln73_381' <Predicate = true> <Delay = 2.13> <CoreInst = "Adder">   --->   Core 1 'Adder' <Latency = 0> <II = 1> <Delay = 2.13> <FuncUnit> <Opcode : 'add' 'sub'> <InPorts = 2> <OutPorts = 1>
ST_2 : Operation 447 [1/1] (0.00ns)   --->   "%mult_446 = partselect i16 @_ssdm_op_PartSelect.i16.i19.i32.i32, i19 %sub_ln73_381, i32 3, i32 18" [firmware/nnet_utils/nnet_dense_latency.h:42]   --->   Operation 447 'partselect' 'mult_446' <Predicate = true> <Delay = 0.00>
ST_2 : Operation 448 [1/1] (2.13ns)   --->   "%sub_ln73_382 = sub i19 %sext_ln73_12, i19 %sext_ln73_138" [firmware/nnet_utils/nnet_mult.h:73->firmware/nnet_utils/nnet_dense_latency.h:42]   --->   Operation 448 'sub' 'sub_ln73_382' <Predicate = true> <Delay = 2.13> <CoreInst = "Adder">   --->   Core 1 'Adder' <Latency = 0> <II = 1> <Delay = 2.13> <FuncUnit> <Opcode : 'add' 'sub'> <InPorts = 2> <OutPorts = 1>
ST_2 : Operation 449 [1/1] (0.00ns)   --->   "%mult_447 = partselect i16 @_ssdm_op_PartSelect.i16.i19.i32.i32, i19 %sub_ln73_382, i32 3, i32 18" [firmware/nnet_utils/nnet_dense_latency.h:42]   --->   Operation 449 'partselect' 'mult_447' <Predicate = true> <Delay = 0.00>
ST_2 : Operation 450 [1/1] (2.16ns)   --->   "%sub_ln42_25 = sub i19 %sub_ln42_24, i19 %sext_ln73_12" [firmware/nnet_utils/nnet_dense_latency.h:42]   --->   Operation 450 'sub' 'sub_ln42_25' <Predicate = true> <Delay = 2.16> <CoreInst = "Adder">   --->   Core 1 'Adder' <Latency = 0> <II = 1> <Delay = 2.16> <FuncUnit> <Opcode : 'add' 'sub'> <InPorts = 2> <OutPorts = 1>
ST_2 : Operation 451 [1/1] (0.00ns)   --->   "%mult_448 = partselect i16 @_ssdm_op_PartSelect.i16.i19.i32.i32, i19 %sub_ln42_25, i32 3, i32 18" [firmware/nnet_utils/nnet_dense_latency.h:42]   --->   Operation 451 'partselect' 'mult_448' <Predicate = true> <Delay = 0.00>
ST_2 : Operation 452 [1/1] (2.13ns)   --->   "%add_ln42_4 = add i19 %sext_ln73_138, i19 %sext_ln73_12" [firmware/nnet_utils/nnet_dense_latency.h:42]   --->   Operation 452 'add' 'add_ln42_4' <Predicate = true> <Delay = 2.13> <CoreInst = "Adder">   --->   Core 1 'Adder' <Latency = 0> <II = 1> <Delay = 2.13> <FuncUnit> <Opcode : 'add' 'sub'> <InPorts = 2> <OutPorts = 1>
ST_2 : Operation 453 [1/1] (0.00ns)   --->   "%mult_450 = partselect i16 @_ssdm_op_PartSelect.i16.i19.i32.i32, i19 %add_ln42_4, i32 3, i32 18" [firmware/nnet_utils/nnet_dense_latency.h:42]   --->   Operation 453 'partselect' 'mult_450' <Predicate = true> <Delay = 0.00>
ST_2 : Operation 454 [1/1] (0.00ns)   --->   "%tmp_1931 = bitconcatenate i17 @_ssdm_op_BitConcatenate.i17.i16.i1, i16 %data_8_val_read, i1 0" [firmware/nnet_utils/nnet_mult.h:73->firmware/nnet_utils/nnet_dense_latency.h:42]   --->   Operation 454 'bitconcatenate' 'tmp_1931' <Predicate = true> <Delay = 0.00>
ST_2 : Operation 455 [1/1] (0.00ns)   --->   "%sext_ln73_139 = sext i17 %tmp_1931" [firmware/nnet_utils/nnet_mult.h:73->firmware/nnet_utils/nnet_dense_latency.h:42]   --->   Operation 455 'sext' 'sext_ln73_139' <Predicate = true> <Delay = 0.00>
ST_2 : Operation 456 [1/1] (2.10ns)   --->   "%sub_ln73_383 = sub i18 0, i18 %sext_ln73_139" [firmware/nnet_utils/nnet_mult.h:73->firmware/nnet_utils/nnet_dense_latency.h:42]   --->   Operation 456 'sub' 'sub_ln73_383' <Predicate = true> <Delay = 2.10> <CoreInst = "Adder">   --->   Core 1 'Adder' <Latency = 0> <II = 1> <Delay = 2.10> <FuncUnit> <Opcode : 'add' 'sub'> <InPorts = 2> <OutPorts = 1>
ST_2 : Operation 457 [1/1] (0.00ns)   --->   "%mult_451 = partselect i15 @_ssdm_op_PartSelect.i15.i18.i32.i32, i18 %sub_ln73_383, i32 3, i32 17" [firmware/nnet_utils/nnet_dense_latency.h:42]   --->   Operation 457 'partselect' 'mult_451' <Predicate = true> <Delay = 0.00>
ST_2 : Operation 458 [1/1] (0.00ns)   --->   "%p_shl50 = bitconcatenate i19 @_ssdm_op_BitConcatenate.i19.i16.i3, i16 %data_8_val_read, i3 0" [firmware/nnet_utils/nnet_dense_latency.h:42]   --->   Operation 458 'bitconcatenate' 'p_shl50' <Predicate = true> <Delay = 0.00>
ST_2 : Operation 459 [1/1] (0.00ns)   --->   "%sext_ln42_106 = sext i17 %tmp_1931" [firmware/nnet_utils/nnet_dense_latency.h:42]   --->   Operation 459 'sext' 'sext_ln42_106' <Predicate = true> <Delay = 0.00>
ST_2 : Operation 460 [1/1] (2.16ns)   --->   "%sub_ln42_26 = sub i19 %sext_ln42_106, i19 %p_shl50" [firmware/nnet_utils/nnet_dense_latency.h:42]   --->   Operation 460 'sub' 'sub_ln42_26' <Predicate = true> <Delay = 2.16> <CoreInst = "Adder">   --->   Core 1 'Adder' <Latency = 0> <II = 1> <Delay = 2.16> <FuncUnit> <Opcode : 'add' 'sub'> <InPorts = 2> <OutPorts = 1>
ST_2 : Operation 461 [1/1] (0.00ns)   --->   "%mult_453 = partselect i16 @_ssdm_op_PartSelect.i16.i19.i32.i32, i19 %sub_ln42_26, i32 3, i32 18" [firmware/nnet_utils/nnet_dense_latency.h:42]   --->   Operation 461 'partselect' 'mult_453' <Predicate = true> <Delay = 0.00>
ST_2 : Operation 462 [1/1] (0.00ns)   --->   "%sext_ln42_48 = sext i16 %data_9_val_read" [firmware/nnet_utils/nnet_dense_latency.h:42]   --->   Operation 462 'sext' 'sext_ln42_48' <Predicate = true> <Delay = 0.00>
ST_2 : Operation 463 [1/1] (0.00ns)   --->   "%sext_ln42_50 = sext i16 %data_9_val_read" [firmware/nnet_utils/nnet_dense_latency.h:42]   --->   Operation 463 'sext' 'sext_ln42_50' <Predicate = true> <Delay = 0.00>
ST_2 : Operation 464 [1/1] (2.07ns)   --->   "%sub_ln73_204 = sub i17 0, i17 %sext_ln42_50" [firmware/nnet_utils/nnet_mult.h:73->firmware/nnet_utils/nnet_dense_latency.h:42]   --->   Operation 464 'sub' 'sub_ln73_204' <Predicate = true> <Delay = 2.07> <CoreInst = "Adder">   --->   Core 1 'Adder' <Latency = 0> <II = 1> <Delay = 2.07> <FuncUnit> <Opcode : 'add' 'sub'> <InPorts = 2> <OutPorts = 1>
ST_2 : Operation 465 [1/1] (0.00ns)   --->   "%mult_456 = partselect i14 @_ssdm_op_PartSelect.i14.i17.i32.i32, i17 %sub_ln73_204, i32 3, i32 16" [firmware/nnet_utils/nnet_dense_latency.h:42]   --->   Operation 465 'partselect' 'mult_456' <Predicate = true> <Delay = 0.00>
ST_2 : Operation 466 [1/1] (0.00ns)   --->   "%tmp_1932 = bitconcatenate i17 @_ssdm_op_BitConcatenate.i17.i16.i1, i16 %data_9_val_read, i1 0" [firmware/nnet_utils/nnet_mult.h:73->firmware/nnet_utils/nnet_dense_latency.h:42]   --->   Operation 466 'bitconcatenate' 'tmp_1932' <Predicate = true> <Delay = 0.00>
ST_2 : Operation 467 [1/1] (0.00ns)   --->   "%sext_ln73_140 = sext i17 %tmp_1932" [firmware/nnet_utils/nnet_mult.h:73->firmware/nnet_utils/nnet_dense_latency.h:42]   --->   Operation 467 'sext' 'sext_ln73_140' <Predicate = true> <Delay = 0.00>
ST_2 : Operation 468 [1/1] (2.10ns)   --->   "%sub_ln73_384 = sub i18 0, i18 %sext_ln73_140" [firmware/nnet_utils/nnet_mult.h:73->firmware/nnet_utils/nnet_dense_latency.h:42]   --->   Operation 468 'sub' 'sub_ln73_384' <Predicate = true> <Delay = 2.10> <CoreInst = "Adder">   --->   Core 1 'Adder' <Latency = 0> <II = 1> <Delay = 2.10> <FuncUnit> <Opcode : 'add' 'sub'> <InPorts = 2> <OutPorts = 1>
ST_2 : Operation 469 [1/1] (0.00ns)   --->   "%mult_457 = partselect i15 @_ssdm_op_PartSelect.i15.i18.i32.i32, i18 %sub_ln73_384, i32 3, i32 17" [firmware/nnet_utils/nnet_dense_latency.h:42]   --->   Operation 469 'partselect' 'mult_457' <Predicate = true> <Delay = 0.00>
ST_2 : Operation 470 [1/1] (0.00ns)   --->   "%sext_ln42_108 = sext i15 %mult_457" [firmware/nnet_utils/nnet_dense_latency.h:42]   --->   Operation 470 'sext' 'sext_ln42_108' <Predicate = true> <Delay = 0.00>
ST_2 : Operation 471 [1/1] (0.00ns)   --->   "%tmp_1933 = bitconcatenate i18 @_ssdm_op_BitConcatenate.i18.i16.i2, i16 %data_9_val_read, i2 0" [firmware/nnet_utils/nnet_mult.h:73->firmware/nnet_utils/nnet_dense_latency.h:42]   --->   Operation 471 'bitconcatenate' 'tmp_1933' <Predicate = true> <Delay = 0.00>
ST_2 : Operation 472 [1/1] (0.00ns)   --->   "%sext_ln73_141 = sext i18 %tmp_1933" [firmware/nnet_utils/nnet_mult.h:73->firmware/nnet_utils/nnet_dense_latency.h:42]   --->   Operation 472 'sext' 'sext_ln73_141' <Predicate = true> <Delay = 0.00>
ST_2 : Operation 473 [1/1] (2.13ns)   --->   "%sub_ln73_385 = sub i19 %sext_ln42_48, i19 %sext_ln73_141" [firmware/nnet_utils/nnet_mult.h:73->firmware/nnet_utils/nnet_dense_latency.h:42]   --->   Operation 473 'sub' 'sub_ln73_385' <Predicate = true> <Delay = 2.13> <CoreInst = "Adder">   --->   Core 1 'Adder' <Latency = 0> <II = 1> <Delay = 2.13> <FuncUnit> <Opcode : 'add' 'sub'> <InPorts = 2> <OutPorts = 1>
ST_2 : Operation 474 [1/1] (0.00ns)   --->   "%mult_458 = partselect i16 @_ssdm_op_PartSelect.i16.i19.i32.i32, i19 %sub_ln73_385, i32 3, i32 18" [firmware/nnet_utils/nnet_dense_latency.h:42]   --->   Operation 474 'partselect' 'mult_458' <Predicate = true> <Delay = 0.00>
ST_2 : Operation 475 [1/1] (0.00ns)   --->   "%sext_ln42_54 = sext i15 %mult_459" [firmware/nnet_utils/nnet_dense_latency.h:42]   --->   Operation 475 'sext' 'sext_ln42_54' <Predicate = true> <Delay = 0.00>
ST_2 : Operation 476 [1/1] (2.13ns)   --->   "%sub_ln73_386 = sub i19 %sext_ln73_141, i19 %sext_ln42_48" [firmware/nnet_utils/nnet_mult.h:73->firmware/nnet_utils/nnet_dense_latency.h:42]   --->   Operation 476 'sub' 'sub_ln73_386' <Predicate = true> <Delay = 2.13> <CoreInst = "Adder">   --->   Core 1 'Adder' <Latency = 0> <II = 1> <Delay = 2.13> <FuncUnit> <Opcode : 'add' 'sub'> <InPorts = 2> <OutPorts = 1>
ST_2 : Operation 477 [1/1] (0.00ns)   --->   "%mult_460 = partselect i16 @_ssdm_op_PartSelect.i16.i19.i32.i32, i19 %sub_ln73_386, i32 3, i32 18" [firmware/nnet_utils/nnet_dense_latency.h:42]   --->   Operation 477 'partselect' 'mult_460' <Predicate = true> <Delay = 0.00>
ST_2 : Operation 478 [1/1] (0.00ns)   --->   "%sext_ln42_55 = sext i13 %mult_461" [firmware/nnet_utils/nnet_dense_latency.h:42]   --->   Operation 478 'sext' 'sext_ln42_55' <Predicate = true> <Delay = 0.00>
ST_2 : Operation 479 [1/1] (0.00ns)   --->   "%p_shl51 = bitconcatenate i19 @_ssdm_op_BitConcatenate.i19.i16.i3, i16 %data_9_val_read, i3 0" [firmware/nnet_utils/nnet_dense_latency.h:42]   --->   Operation 479 'bitconcatenate' 'p_shl51' <Predicate = true> <Delay = 0.00>
ST_2 : Operation 480 [1/1] (0.00ns)   --->   "%sext_ln42_109 = sext i17 %tmp_1932" [firmware/nnet_utils/nnet_dense_latency.h:42]   --->   Operation 480 'sext' 'sext_ln42_109' <Predicate = true> <Delay = 0.00>
ST_2 : Operation 481 [1/1] (2.16ns)   --->   "%sub_ln42_27 = sub i19 %sext_ln42_109, i19 %p_shl51" [firmware/nnet_utils/nnet_dense_latency.h:42]   --->   Operation 481 'sub' 'sub_ln42_27' <Predicate = true> <Delay = 2.16> <CoreInst = "Adder">   --->   Core 1 'Adder' <Latency = 0> <II = 1> <Delay = 2.16> <FuncUnit> <Opcode : 'add' 'sub'> <InPorts = 2> <OutPorts = 1>
ST_2 : Operation 482 [1/1] (0.00ns)   --->   "%mult_462 = partselect i16 @_ssdm_op_PartSelect.i16.i19.i32.i32, i19 %sub_ln42_27, i32 3, i32 18" [firmware/nnet_utils/nnet_dense_latency.h:42]   --->   Operation 482 'partselect' 'mult_462' <Predicate = true> <Delay = 0.00>
ST_2 : Operation 483 [1/1] (2.13ns)   --->   "%sub_ln73_387 = sub i19 0, i19 %sext_ln73_141" [firmware/nnet_utils/nnet_mult.h:73->firmware/nnet_utils/nnet_dense_latency.h:42]   --->   Operation 483 'sub' 'sub_ln73_387' <Predicate = true> <Delay = 2.13> <CoreInst = "Adder">   --->   Core 1 'Adder' <Latency = 0> <II = 1> <Delay = 2.13> <FuncUnit> <Opcode : 'add' 'sub'> <InPorts = 2> <OutPorts = 1>
ST_2 : Operation 484 [1/1] (0.00ns)   --->   "%mult_463 = partselect i16 @_ssdm_op_PartSelect.i16.i19.i32.i32, i19 %sub_ln73_387, i32 3, i32 18" [firmware/nnet_utils/nnet_dense_latency.h:42]   --->   Operation 484 'partselect' 'mult_463' <Predicate = true> <Delay = 0.00>
ST_2 : Operation 485 [1/1] (2.16ns)   --->   "%sub_ln42_28 = sub i19 %sub_ln73_387, i19 %sext_ln42_48" [firmware/nnet_utils/nnet_dense_latency.h:42]   --->   Operation 485 'sub' 'sub_ln42_28' <Predicate = true> <Delay = 2.16> <CoreInst = "Adder">   --->   Core 1 'Adder' <Latency = 0> <II = 1> <Delay = 2.16> <FuncUnit> <Opcode : 'add' 'sub'> <InPorts = 2> <OutPorts = 1>
ST_2 : Operation 486 [1/1] (0.00ns)   --->   "%mult_464 = partselect i16 @_ssdm_op_PartSelect.i16.i19.i32.i32, i19 %sub_ln42_28, i32 3, i32 18" [firmware/nnet_utils/nnet_dense_latency.h:42]   --->   Operation 486 'partselect' 'mult_464' <Predicate = true> <Delay = 0.00>
ST_2 : Operation 487 [1/1] (0.00ns)   --->   "%sext_ln73_14 = sext i16 %data_10_val_read" [firmware/nnet_utils/nnet_mult.h:73->firmware/nnet_utils/nnet_dense_latency.h:42]   --->   Operation 487 'sext' 'sext_ln73_14' <Predicate = true> <Delay = 0.00>
ST_2 : Operation 488 [1/1] (0.00ns)   --->   "%sext_ln73_15 = sext i16 %data_10_val_read" [firmware/nnet_utils/nnet_mult.h:73->firmware/nnet_utils/nnet_dense_latency.h:42]   --->   Operation 488 'sext' 'sext_ln73_15' <Predicate = true> <Delay = 0.00>
ST_2 : Operation 489 [1/1] (0.00ns)   --->   "%tmp_1934 = bitconcatenate i17 @_ssdm_op_BitConcatenate.i17.i16.i1, i16 %data_10_val_read, i1 0" [firmware/nnet_utils/nnet_mult.h:73->firmware/nnet_utils/nnet_dense_latency.h:42]   --->   Operation 489 'bitconcatenate' 'tmp_1934' <Predicate = true> <Delay = 0.00>
ST_2 : Operation 490 [1/1] (0.00ns)   --->   "%sext_ln73_142 = sext i17 %tmp_1934" [firmware/nnet_utils/nnet_mult.h:73->firmware/nnet_utils/nnet_dense_latency.h:42]   --->   Operation 490 'sext' 'sext_ln73_142' <Predicate = true> <Delay = 0.00>
ST_2 : Operation 491 [1/1] (2.10ns)   --->   "%sub_ln73_388 = sub i18 0, i18 %sext_ln73_142" [firmware/nnet_utils/nnet_mult.h:73->firmware/nnet_utils/nnet_dense_latency.h:42]   --->   Operation 491 'sub' 'sub_ln73_388' <Predicate = true> <Delay = 2.10> <CoreInst = "Adder">   --->   Core 1 'Adder' <Latency = 0> <II = 1> <Delay = 2.10> <FuncUnit> <Opcode : 'add' 'sub'> <InPorts = 2> <OutPorts = 1>
ST_2 : Operation 492 [1/1] (0.00ns)   --->   "%mult_465 = partselect i15 @_ssdm_op_PartSelect.i15.i18.i32.i32, i18 %sub_ln73_388, i32 3, i32 17" [firmware/nnet_utils/nnet_dense_latency.h:42]   --->   Operation 492 'partselect' 'mult_465' <Predicate = true> <Delay = 0.00>
ST_2 : Operation 493 [1/1] (0.00ns)   --->   "%sext_ln42_110 = sext i15 %mult_465" [firmware/nnet_utils/nnet_dense_latency.h:42]   --->   Operation 493 'sext' 'sext_ln42_110' <Predicate = true> <Delay = 0.00>
ST_2 : Operation 494 [1/1] (0.00ns)   --->   "%sext_ln42_57 = sext i14 %mult_466" [firmware/nnet_utils/nnet_dense_latency.h:42]   --->   Operation 494 'sext' 'sext_ln42_57' <Predicate = true> <Delay = 0.00>
ST_2 : Operation 495 [1/1] (2.07ns)   --->   "%sub_ln73_205 = sub i17 0, i17 %sext_ln73_15" [firmware/nnet_utils/nnet_mult.h:73->firmware/nnet_utils/nnet_dense_latency.h:42]   --->   Operation 495 'sub' 'sub_ln73_205' <Predicate = true> <Delay = 2.07> <CoreInst = "Adder">   --->   Core 1 'Adder' <Latency = 0> <II = 1> <Delay = 2.07> <FuncUnit> <Opcode : 'add' 'sub'> <InPorts = 2> <OutPorts = 1>
ST_2 : Operation 496 [1/1] (0.00ns)   --->   "%mult_467 = partselect i14 @_ssdm_op_PartSelect.i14.i17.i32.i32, i17 %sub_ln73_205, i32 3, i32 16" [firmware/nnet_utils/nnet_dense_latency.h:42]   --->   Operation 496 'partselect' 'mult_467' <Predicate = true> <Delay = 0.00>
ST_2 : Operation 497 [1/1] (0.00ns)   --->   "%sext_ln42_111 = sext i14 %mult_467" [firmware/nnet_utils/nnet_dense_latency.h:42]   --->   Operation 497 'sext' 'sext_ln42_111' <Predicate = true> <Delay = 0.00>
ST_2 : Operation 498 [1/1] (0.00ns)   --->   "%tmp_1935 = bitconcatenate i18 @_ssdm_op_BitConcatenate.i18.i16.i2, i16 %data_10_val_read, i2 0" [firmware/nnet_utils/nnet_dense_latency.h:42]   --->   Operation 498 'bitconcatenate' 'tmp_1935' <Predicate = true> <Delay = 0.00>
ST_2 : Operation 499 [1/1] (0.00ns)   --->   "%sext_ln42_112 = sext i18 %tmp_1935" [firmware/nnet_utils/nnet_dense_latency.h:42]   --->   Operation 499 'sext' 'sext_ln42_112' <Predicate = true> <Delay = 0.00>
ST_2 : Operation 500 [1/1] (2.13ns)   --->   "%sub_ln42_29 = sub i19 0, i19 %sext_ln42_112" [firmware/nnet_utils/nnet_dense_latency.h:42]   --->   Operation 500 'sub' 'sub_ln42_29' <Predicate = true> <Delay = 2.13> <CoreInst = "Adder">   --->   Core 1 'Adder' <Latency = 0> <II = 1> <Delay = 2.13> <FuncUnit> <Opcode : 'add' 'sub'> <InPorts = 2> <OutPorts = 1>
ST_2 : Operation 501 [1/1] (2.16ns)   --->   "%sub_ln42_30 = sub i19 %sub_ln42_29, i19 %sext_ln73_14" [firmware/nnet_utils/nnet_dense_latency.h:42]   --->   Operation 501 'sub' 'sub_ln42_30' <Predicate = true> <Delay = 2.16> <CoreInst = "Adder">   --->   Core 1 'Adder' <Latency = 0> <II = 1> <Delay = 2.16> <FuncUnit> <Opcode : 'add' 'sub'> <InPorts = 2> <OutPorts = 1>
ST_2 : Operation 502 [1/1] (0.00ns)   --->   "%mult_469 = partselect i16 @_ssdm_op_PartSelect.i16.i19.i32.i32, i19 %sub_ln42_30, i32 3, i32 18" [firmware/nnet_utils/nnet_dense_latency.h:42]   --->   Operation 502 'partselect' 'mult_469' <Predicate = true> <Delay = 0.00>
ST_2 : Operation 503 [1/1] (2.13ns)   --->   "%sub_ln73_389 = sub i19 %sext_ln42_112, i19 %sext_ln73_14" [firmware/nnet_utils/nnet_mult.h:73->firmware/nnet_utils/nnet_dense_latency.h:42]   --->   Operation 503 'sub' 'sub_ln73_389' <Predicate = true> <Delay = 2.13> <CoreInst = "Adder">   --->   Core 1 'Adder' <Latency = 0> <II = 1> <Delay = 2.13> <FuncUnit> <Opcode : 'add' 'sub'> <InPorts = 2> <OutPorts = 1>
ST_2 : Operation 504 [1/1] (0.00ns)   --->   "%mult_470 = partselect i16 @_ssdm_op_PartSelect.i16.i19.i32.i32, i19 %sub_ln73_389, i32 3, i32 18" [firmware/nnet_utils/nnet_dense_latency.h:42]   --->   Operation 504 'partselect' 'mult_470' <Predicate = true> <Delay = 0.00>
ST_2 : Operation 505 [1/1] (0.00ns)   --->   "%p_shl53 = bitconcatenate i19 @_ssdm_op_BitConcatenate.i19.i16.i3, i16 %data_10_val_read, i3 0" [firmware/nnet_utils/nnet_dense_latency.h:42]   --->   Operation 505 'bitconcatenate' 'p_shl53' <Predicate = true> <Delay = 0.00>
ST_2 : Operation 506 [1/1] (0.00ns)   --->   "%sext_ln42_113 = sext i17 %tmp_1934" [firmware/nnet_utils/nnet_dense_latency.h:42]   --->   Operation 506 'sext' 'sext_ln42_113' <Predicate = true> <Delay = 0.00>
ST_2 : Operation 507 [1/1] (2.16ns)   --->   "%sub_ln42_31 = sub i19 %p_shl53, i19 %sext_ln42_113" [firmware/nnet_utils/nnet_dense_latency.h:42]   --->   Operation 507 'sub' 'sub_ln42_31' <Predicate = true> <Delay = 2.16> <CoreInst = "Adder">   --->   Core 1 'Adder' <Latency = 0> <II = 1> <Delay = 2.16> <FuncUnit> <Opcode : 'add' 'sub'> <InPorts = 2> <OutPorts = 1>
ST_2 : Operation 508 [1/1] (0.00ns)   --->   "%mult_471 = partselect i16 @_ssdm_op_PartSelect.i16.i19.i32.i32, i19 %sub_ln42_31, i32 3, i32 18" [firmware/nnet_utils/nnet_dense_latency.h:42]   --->   Operation 508 'partselect' 'mult_471' <Predicate = true> <Delay = 0.00>
ST_2 : Operation 509 [1/1] (0.00ns)   --->   "%mult_473 = partselect i16 @_ssdm_op_PartSelect.i16.i19.i32.i32, i19 %sub_ln42_29, i32 3, i32 18" [firmware/nnet_utils/nnet_dense_latency.h:42]   --->   Operation 509 'partselect' 'mult_473' <Predicate = true> <Delay = 0.00>
ST_2 : Operation 510 [1/1] (0.00ns)   --->   "%sext_ln73_18 = sext i16 %data_11_val_read" [firmware/nnet_utils/nnet_mult.h:73->firmware/nnet_utils/nnet_dense_latency.h:42]   --->   Operation 510 'sext' 'sext_ln73_18' <Predicate = true> <Delay = 0.00>
ST_2 : Operation 511 [1/1] (0.00ns)   --->   "%sext_ln73_19 = sext i16 %data_11_val_read" [firmware/nnet_utils/nnet_mult.h:73->firmware/nnet_utils/nnet_dense_latency.h:42]   --->   Operation 511 'sext' 'sext_ln73_19' <Predicate = true> <Delay = 0.00>
ST_2 : Operation 512 [1/1] (2.07ns)   --->   "%sub_ln73_206 = sub i17 0, i17 %sext_ln73_19" [firmware/nnet_utils/nnet_mult.h:73->firmware/nnet_utils/nnet_dense_latency.h:42]   --->   Operation 512 'sub' 'sub_ln73_206' <Predicate = true> <Delay = 2.07> <CoreInst = "Adder">   --->   Core 1 'Adder' <Latency = 0> <II = 1> <Delay = 2.07> <FuncUnit> <Opcode : 'add' 'sub'> <InPorts = 2> <OutPorts = 1>
ST_2 : Operation 513 [1/1] (0.00ns)   --->   "%mult_474 = partselect i14 @_ssdm_op_PartSelect.i14.i17.i32.i32, i17 %sub_ln73_206, i32 3, i32 16" [firmware/nnet_utils/nnet_dense_latency.h:42]   --->   Operation 513 'partselect' 'mult_474' <Predicate = true> <Delay = 0.00>
ST_2 : Operation 514 [1/1] (0.00ns)   --->   "%sext_ln42_114 = sext i14 %mult_474" [firmware/nnet_utils/nnet_dense_latency.h:42]   --->   Operation 514 'sext' 'sext_ln42_114' <Predicate = true> <Delay = 0.00>
ST_2 : Operation 515 [1/1] (0.00ns)   --->   "%tmp_1936 = bitconcatenate i18 @_ssdm_op_BitConcatenate.i18.i16.i2, i16 %data_11_val_read, i2 0" [firmware/nnet_utils/nnet_mult.h:73->firmware/nnet_utils/nnet_dense_latency.h:42]   --->   Operation 515 'bitconcatenate' 'tmp_1936' <Predicate = true> <Delay = 0.00>
ST_2 : Operation 516 [1/1] (0.00ns)   --->   "%sext_ln73_143 = sext i18 %tmp_1936" [firmware/nnet_utils/nnet_mult.h:73->firmware/nnet_utils/nnet_dense_latency.h:42]   --->   Operation 516 'sext' 'sext_ln73_143' <Predicate = true> <Delay = 0.00>
ST_2 : Operation 517 [1/1] (2.13ns)   --->   "%sub_ln73_390 = sub i19 0, i19 %sext_ln73_143" [firmware/nnet_utils/nnet_mult.h:73->firmware/nnet_utils/nnet_dense_latency.h:42]   --->   Operation 517 'sub' 'sub_ln73_390' <Predicate = true> <Delay = 2.13> <CoreInst = "Adder">   --->   Core 1 'Adder' <Latency = 0> <II = 1> <Delay = 2.13> <FuncUnit> <Opcode : 'add' 'sub'> <InPorts = 2> <OutPorts = 1>
ST_2 : Operation 518 [1/1] (0.00ns)   --->   "%mult_475 = partselect i16 @_ssdm_op_PartSelect.i16.i19.i32.i32, i19 %sub_ln73_390, i32 3, i32 18" [firmware/nnet_utils/nnet_dense_latency.h:42]   --->   Operation 518 'partselect' 'mult_475' <Predicate = true> <Delay = 0.00>
ST_2 : Operation 519 [1/1] (0.00ns)   --->   "%tmp_1937 = bitconcatenate i17 @_ssdm_op_BitConcatenate.i17.i16.i1, i16 %data_11_val_read, i1 0" [firmware/nnet_utils/nnet_mult.h:73->firmware/nnet_utils/nnet_dense_latency.h:42]   --->   Operation 519 'bitconcatenate' 'tmp_1937' <Predicate = true> <Delay = 0.00>
ST_2 : Operation 520 [1/1] (0.00ns)   --->   "%sext_ln73_144 = sext i17 %tmp_1937" [firmware/nnet_utils/nnet_mult.h:73->firmware/nnet_utils/nnet_dense_latency.h:42]   --->   Operation 520 'sext' 'sext_ln73_144' <Predicate = true> <Delay = 0.00>
ST_2 : Operation 521 [1/1] (2.10ns)   --->   "%sub_ln73_391 = sub i18 0, i18 %sext_ln73_144" [firmware/nnet_utils/nnet_mult.h:73->firmware/nnet_utils/nnet_dense_latency.h:42]   --->   Operation 521 'sub' 'sub_ln73_391' <Predicate = true> <Delay = 2.10> <CoreInst = "Adder">   --->   Core 1 'Adder' <Latency = 0> <II = 1> <Delay = 2.10> <FuncUnit> <Opcode : 'add' 'sub'> <InPorts = 2> <OutPorts = 1>
ST_2 : Operation 522 [1/1] (0.00ns)   --->   "%mult_477 = partselect i15 @_ssdm_op_PartSelect.i15.i18.i32.i32, i18 %sub_ln73_391, i32 3, i32 17" [firmware/nnet_utils/nnet_dense_latency.h:42]   --->   Operation 522 'partselect' 'mult_477' <Predicate = true> <Delay = 0.00>
ST_2 : Operation 523 [1/1] (0.00ns)   --->   "%sext_ln42_115 = sext i15 %mult_477" [firmware/nnet_utils/nnet_dense_latency.h:42]   --->   Operation 523 'sext' 'sext_ln42_115' <Predicate = true> <Delay = 0.00>
ST_2 : Operation 524 [1/1] (2.13ns)   --->   "%add_ln42_5 = add i19 %sext_ln73_143, i19 %sext_ln73_18" [firmware/nnet_utils/nnet_dense_latency.h:42]   --->   Operation 524 'add' 'add_ln42_5' <Predicate = true> <Delay = 2.13> <CoreInst = "Adder">   --->   Core 1 'Adder' <Latency = 0> <II = 1> <Delay = 2.13> <FuncUnit> <Opcode : 'add' 'sub'> <InPorts = 2> <OutPorts = 1>
ST_2 : Operation 525 [1/1] (0.00ns)   --->   "%mult_480 = partselect i16 @_ssdm_op_PartSelect.i16.i19.i32.i32, i19 %add_ln42_5, i32 3, i32 18" [firmware/nnet_utils/nnet_dense_latency.h:42]   --->   Operation 525 'partselect' 'mult_480' <Predicate = true> <Delay = 0.00>
ST_2 : Operation 526 [1/1] (0.00ns)   --->   "%p_shl54 = bitconcatenate i19 @_ssdm_op_BitConcatenate.i19.i16.i3, i16 %data_11_val_read, i3 0" [firmware/nnet_utils/nnet_dense_latency.h:42]   --->   Operation 526 'bitconcatenate' 'p_shl54' <Predicate = true> <Delay = 0.00>
ST_2 : Operation 527 [1/1] (0.00ns)   --->   "%sext_ln42_116 = sext i17 %tmp_1937" [firmware/nnet_utils/nnet_dense_latency.h:42]   --->   Operation 527 'sext' 'sext_ln42_116' <Predicate = true> <Delay = 0.00>
ST_2 : Operation 528 [1/1] (2.16ns)   --->   "%sub_ln42_32 = sub i19 %p_shl54, i19 %sext_ln42_116" [firmware/nnet_utils/nnet_dense_latency.h:42]   --->   Operation 528 'sub' 'sub_ln42_32' <Predicate = true> <Delay = 2.16> <CoreInst = "Adder">   --->   Core 1 'Adder' <Latency = 0> <II = 1> <Delay = 2.16> <FuncUnit> <Opcode : 'add' 'sub'> <InPorts = 2> <OutPorts = 1>
ST_2 : Operation 529 [1/1] (0.00ns)   --->   "%mult_481 = partselect i16 @_ssdm_op_PartSelect.i16.i19.i32.i32, i19 %sub_ln42_32, i32 3, i32 18" [firmware/nnet_utils/nnet_dense_latency.h:42]   --->   Operation 529 'partselect' 'mult_481' <Predicate = true> <Delay = 0.00>
ST_2 : Operation 530 [1/1] (2.13ns)   --->   "%sub_ln73_392 = sub i19 %sext_ln73_18, i19 %sext_ln73_143" [firmware/nnet_utils/nnet_mult.h:73->firmware/nnet_utils/nnet_dense_latency.h:42]   --->   Operation 530 'sub' 'sub_ln73_392' <Predicate = true> <Delay = 2.13> <CoreInst = "Adder">   --->   Core 1 'Adder' <Latency = 0> <II = 1> <Delay = 2.13> <FuncUnit> <Opcode : 'add' 'sub'> <InPorts = 2> <OutPorts = 1>
ST_2 : Operation 531 [1/1] (0.00ns)   --->   "%mult_482 = partselect i16 @_ssdm_op_PartSelect.i16.i19.i32.i32, i19 %sub_ln73_392, i32 3, i32 18" [firmware/nnet_utils/nnet_dense_latency.h:42]   --->   Operation 531 'partselect' 'mult_482' <Predicate = true> <Delay = 0.00>
ST_2 : Operation 532 [1/1] (2.16ns)   --->   "%sub_ln42_33 = sub i19 %sext_ln42_116, i19 %p_shl54" [firmware/nnet_utils/nnet_dense_latency.h:42]   --->   Operation 532 'sub' 'sub_ln42_33' <Predicate = true> <Delay = 2.16> <CoreInst = "Adder">   --->   Core 1 'Adder' <Latency = 0> <II = 1> <Delay = 2.16> <FuncUnit> <Opcode : 'add' 'sub'> <InPorts = 2> <OutPorts = 1>
ST_2 : Operation 533 [1/1] (0.00ns)   --->   "%mult_483 = partselect i16 @_ssdm_op_PartSelect.i16.i19.i32.i32, i19 %sub_ln42_33, i32 3, i32 18" [firmware/nnet_utils/nnet_dense_latency.h:42]   --->   Operation 533 'partselect' 'mult_483' <Predicate = true> <Delay = 0.00>
ST_2 : Operation 534 [1/1] (0.00ns)   --->   "%sext_ln42_117 = sext i14 %mult_485" [firmware/nnet_utils/nnet_dense_latency.h:42]   --->   Operation 534 'sext' 'sext_ln42_117' <Predicate = true> <Delay = 0.00>
ST_2 : Operation 535 [1/1] (0.00ns)   --->   "%sext_ln42_64 = sext i15 %mult_489" [firmware/nnet_utils/nnet_dense_latency.h:42]   --->   Operation 535 'sext' 'sext_ln42_64' <Predicate = true> <Delay = 0.00>
ST_2 : Operation 536 [1/1] (0.00ns)   --->   "%sext_ln42_118 = sext i15 %mult_490" [firmware/nnet_utils/nnet_dense_latency.h:42]   --->   Operation 536 'sext' 'sext_ln42_118' <Predicate = true> <Delay = 0.00>
ST_2 : Operation 537 [1/1] (0.00ns)   --->   "%sext_ln42_67 = sext i13 %mult_498" [firmware/nnet_utils/nnet_dense_latency.h:42]   --->   Operation 537 'sext' 'sext_ln42_67' <Predicate = true> <Delay = 0.00>
ST_2 : Operation 538 [1/1] (0.00ns)   --->   "%sext_ln42_122 = sext i15 %mult_505" [firmware/nnet_utils/nnet_dense_latency.h:42]   --->   Operation 538 'sext' 'sext_ln42_122' <Predicate = true> <Delay = 0.00>
ST_2 : Operation 539 [1/1] (2.07ns)   --->   "%add_ln58 = add i16 %mult_373, i16 %sext_ln42_79" [firmware/nnet_utils/nnet_dense_latency.h:58]   --->   Operation 539 'add' 'add_ln58' <Predicate = true> <Delay = 2.07> <CoreInst = "Adder">   --->   Core 1 'Adder' <Latency = 0> <II = 1> <Delay = 2.07> <FuncUnit> <Opcode : 'add' 'sub'> <InPorts = 2> <OutPorts = 1>
ST_2 : Operation 540 [1/1] (2.07ns)   --->   "%add_ln58_5921 = add i16 %mult_368, i16 %sext_ln42_12" [firmware/nnet_utils/nnet_dense_latency.h:58]   --->   Operation 540 'add' 'add_ln58_5921' <Predicate = true> <Delay = 2.07> <CoreInst = "Adder">   --->   Core 1 'Adder' <Latency = 0> <II = 1> <Delay = 2.07> <FuncUnit> <Opcode : 'add' 'sub'> <InPorts = 2> <OutPorts = 1>
ST_2 : Operation 541 [1/1] (1.81ns)   --->   "%add_ln58_5922 = add i15 %sext_ln17_468, i15 %sext_ln17_471" [firmware/nnet_utils/nnet_dense_latency.h:58]   --->   Operation 541 'add' 'add_ln58_5922' <Predicate = true> <Delay = 1.81> <CoreInst = "Adder">   --->   Core 1 'Adder' <Latency = 0> <II = 1> <Delay = 1.81> <FuncUnit> <Opcode : 'add' 'sub'> <InPorts = 2> <OutPorts = 1>
ST_2 : Operation 542 [1/1] (2.07ns)   --->   "%add_ln58_5923 = add i16 %mult_367, i16 %mult_374" [firmware/nnet_utils/nnet_dense_latency.h:58]   --->   Operation 542 'add' 'add_ln58_5923' <Predicate = true> <Delay = 2.07> <CoreInst = "Adder">   --->   Core 1 'Adder' <Latency = 0> <II = 1> <Delay = 2.07> <FuncUnit> <Opcode : 'add' 'sub'> <InPorts = 2> <OutPorts = 1>
ST_2 : Operation 543 [1/1] (0.00ns)   --->   "%sext_ln58 = sext i15 %add_ln58_5927" [firmware/nnet_utils/nnet_dense_latency.h:58]   --->   Operation 543 'sext' 'sext_ln58' <Predicate = true> <Delay = 0.00>
ST_2 : Operation 544 [1/1] (0.00ns) (grouped into TernaryAdder)   --->   "%add_ln58_5928 = add i16 %sext_ln58, i16 %sext_ln42_64" [firmware/nnet_utils/nnet_dense_latency.h:58]   --->   Operation 544 'add' 'add_ln58_5928' <Predicate = true> <Delay = 0.00> <CoreInst = "TAddSub">   --->   Core 10 'TAddSub' <Latency = 0> <II = 1> <Delay = 1.95> <IPBlock> <Opcode : '' 'add' 'sub'> <InPorts = 3> <OutPorts = 1> <Sync> <CReg>
ST_2 : Operation 545 [1/1] (0.00ns)   --->   "%sext_ln58_2222 = sext i15 %add_ln58_5930" [firmware/nnet_utils/nnet_dense_latency.h:58]   --->   Operation 545 'sext' 'sext_ln58_2222' <Predicate = true> <Delay = 0.00>
ST_2 : Operation 546 [1/1] (3.90ns) (root node of TernaryAdder)   --->   "%add_ln58_5931 = add i16 %sext_ln58_2222, i16 %add_ln58_5928" [firmware/nnet_utils/nnet_dense_latency.h:58]   --->   Operation 546 'add' 'add_ln58_5931' <Predicate = true> <Delay = 3.90> <CoreInst = "TAddSub">   --->   Core 10 'TAddSub' <Latency = 0> <II = 1> <Delay = 1.95> <IPBlock> <Opcode : '' 'add' 'sub'> <InPorts = 3> <OutPorts = 1> <Sync> <CReg>
ST_2 : Operation 547 [1/1] (0.00ns)   --->   "%sext_ln58_2223 = sext i15 %add_ln58_5937" [firmware/nnet_utils/nnet_dense_latency.h:58]   --->   Operation 547 'sext' 'sext_ln58_2223' <Predicate = true> <Delay = 0.00>
ST_2 : Operation 548 [1/1] (1.94ns)   --->   "%add_ln58_5938 = add i16 %sext_ln58_2223, i16 %sext_ln42_62" [firmware/nnet_utils/nnet_dense_latency.h:58]   --->   Operation 548 'add' 'add_ln58_5938' <Predicate = true> <Delay = 1.94> <CoreInst = "Adder">   --->   Core 1 'Adder' <Latency = 0> <II = 1> <Delay = 1.94> <FuncUnit> <Opcode : 'add' 'sub'> <InPorts = 2> <OutPorts = 1>
ST_2 : Operation 549 [1/1] (1.94ns)   --->   "%add_ln58_5946 = add i16 %sext_ln42_108, i16 %sext_ln42_111" [firmware/nnet_utils/nnet_dense_latency.h:58]   --->   Operation 549 'add' 'add_ln58_5946' <Predicate = true> <Delay = 1.94> <CoreInst = "Adder">   --->   Core 1 'Adder' <Latency = 0> <II = 1> <Delay = 1.94> <FuncUnit> <Opcode : 'add' 'sub'> <InPorts = 2> <OutPorts = 1>
ST_2 : Operation 550 [1/1] (0.00ns) (grouped into TernaryAdder)   --->   "%add_ln58_5948 = add i16 %mult_487, i16 %sext_ln42_18" [firmware/nnet_utils/nnet_dense_latency.h:58]   --->   Operation 550 'add' 'add_ln58_5948' <Predicate = true> <Delay = 0.00> <CoreInst = "TAddSub">   --->   Core 10 'TAddSub' <Latency = 0> <II = 1> <Delay = 1.95> <IPBlock> <Opcode : '' 'add' 'sub'> <InPorts = 3> <OutPorts = 1> <Sync> <CReg>
ST_2 : Operation 551 [1/1] (3.90ns) (root node of TernaryAdder)   --->   "%add_ln58_5950 = add i16 %add_ln58_5949, i16 %add_ln58_5948" [firmware/nnet_utils/nnet_dense_latency.h:58]   --->   Operation 551 'add' 'add_ln58_5950' <Predicate = true> <Delay = 3.90> <CoreInst = "TAddSub">   --->   Core 10 'TAddSub' <Latency = 0> <II = 1> <Delay = 1.95> <IPBlock> <Opcode : '' 'add' 'sub'> <InPorts = 3> <OutPorts = 1> <Sync> <CReg>
ST_2 : Operation 552 [1/1] (2.07ns)   --->   "%add_ln58_5956 = add i16 %sext_ln42_114, i16 %mult_494" [firmware/nnet_utils/nnet_dense_latency.h:58]   --->   Operation 552 'add' 'add_ln58_5956' <Predicate = true> <Delay = 2.07> <CoreInst = "Adder">   --->   Core 1 'Adder' <Latency = 0> <II = 1> <Delay = 2.07> <FuncUnit> <Opcode : 'add' 'sub'> <InPorts = 2> <OutPorts = 1>
ST_2 : Operation 553 [1/1] (0.00ns) (grouped into TernaryAdder)   --->   "%add_ln58_5960 = add i16 %add_ln58_5959, i16 %sext_ln42_11" [firmware/nnet_utils/nnet_dense_latency.h:58]   --->   Operation 553 'add' 'add_ln58_5960' <Predicate = true> <Delay = 0.00> <CoreInst = "TAddSub">   --->   Core 10 'TAddSub' <Latency = 0> <II = 1> <Delay = 1.95> <IPBlock> <Opcode : '' 'add' 'sub'> <InPorts = 3> <OutPorts = 1> <Sync> <CReg>
ST_2 : Operation 554 [1/1] (3.90ns) (root node of TernaryAdder)   --->   "%add_ln58_5964 = add i16 %add_ln58_5963, i16 %add_ln58_5960" [firmware/nnet_utils/nnet_dense_latency.h:58]   --->   Operation 554 'add' 'add_ln58_5964' <Predicate = true> <Delay = 3.90> <CoreInst = "TAddSub">   --->   Core 10 'TAddSub' <Latency = 0> <II = 1> <Delay = 1.95> <IPBlock> <Opcode : '' 'add' 'sub'> <InPorts = 3> <OutPorts = 1> <Sync> <CReg>
ST_2 : Operation 555 [1/1] (2.07ns)   --->   "%add_ln58_5970 = add i16 %sext_ln42_117, i16 %mult_495" [firmware/nnet_utils/nnet_dense_latency.h:58]   --->   Operation 555 'add' 'add_ln58_5970' <Predicate = true> <Delay = 2.07> <CoreInst = "Adder">   --->   Core 1 'Adder' <Latency = 0> <II = 1> <Delay = 2.07> <FuncUnit> <Opcode : 'add' 'sub'> <InPorts = 2> <OutPorts = 1>
ST_2 : Operation 556 [1/1] (1.94ns)   --->   "%add_ln58_5981 = add i16 %sext_ln42_117, i16 %sext_ln42_66" [firmware/nnet_utils/nnet_dense_latency.h:58]   --->   Operation 556 'add' 'add_ln58_5981' <Predicate = true> <Delay = 1.94> <CoreInst = "Adder">   --->   Core 1 'Adder' <Latency = 0> <II = 1> <Delay = 1.94> <FuncUnit> <Opcode : 'add' 'sub'> <InPorts = 2> <OutPorts = 1>
ST_2 : Operation 557 [1/1] (2.07ns)   --->   "%add_ln58_5992 = add i16 %mult_475, i16 %mult_497" [firmware/nnet_utils/nnet_dense_latency.h:58]   --->   Operation 557 'add' 'add_ln58_5992' <Predicate = true> <Delay = 2.07> <CoreInst = "Adder">   --->   Core 1 'Adder' <Latency = 0> <II = 1> <Delay = 2.07> <FuncUnit> <Opcode : 'add' 'sub'> <InPorts = 2> <OutPorts = 1>
ST_2 : Operation 558 [1/1] (0.00ns)   --->   "%sext_ln58_2228 = sext i15 %add_ln58_5994" [firmware/nnet_utils/nnet_dense_latency.h:58]   --->   Operation 558 'sext' 'sext_ln58_2228' <Predicate = true> <Delay = 0.00>
ST_2 : Operation 559 [1/1] (1.94ns)   --->   "%add_ln58_5995 = add i16 %sext_ln58_2228, i16 %sext_ln42_33" [firmware/nnet_utils/nnet_dense_latency.h:58]   --->   Operation 559 'add' 'add_ln58_5995' <Predicate = true> <Delay = 1.94> <CoreInst = "Adder">   --->   Core 1 'Adder' <Latency = 0> <II = 1> <Delay = 1.94> <FuncUnit> <Opcode : 'add' 'sub'> <InPorts = 2> <OutPorts = 1>
ST_2 : Operation 560 [1/1] (2.07ns)   --->   "%add_ln58_6001 = add i16 %mult_448, i16 %mult_458" [firmware/nnet_utils/nnet_dense_latency.h:58]   --->   Operation 560 'add' 'add_ln58_6001' <Predicate = true> <Delay = 2.07> <CoreInst = "Adder">   --->   Core 1 'Adder' <Latency = 0> <II = 1> <Delay = 2.07> <FuncUnit> <Opcode : 'add' 'sub'> <InPorts = 2> <OutPorts = 1>
ST_2 : Operation 561 [1/1] (2.07ns)   --->   "%add_ln58_6004 = add i16 %mult_486, i16 %sext_ln42_12" [firmware/nnet_utils/nnet_dense_latency.h:58]   --->   Operation 561 'add' 'add_ln58_6004' <Predicate = true> <Delay = 2.07> <CoreInst = "Adder">   --->   Core 1 'Adder' <Latency = 0> <II = 1> <Delay = 2.07> <FuncUnit> <Opcode : 'add' 'sub'> <InPorts = 2> <OutPorts = 1>
ST_2 : Operation 562 [1/1] (1.94ns)   --->   "%add_ln58_6013 = add i16 %sext_ln42_111, i16 %sext_ln42_115" [firmware/nnet_utils/nnet_dense_latency.h:58]   --->   Operation 562 'add' 'add_ln58_6013' <Predicate = true> <Delay = 1.94> <CoreInst = "Adder">   --->   Core 1 'Adder' <Latency = 0> <II = 1> <Delay = 1.94> <FuncUnit> <Opcode : 'add' 'sub'> <InPorts = 2> <OutPorts = 1>
ST_2 : Operation 563 [1/1] (0.00ns) (grouped into TernaryAdder)   --->   "%add_ln58_6017 = add i16 %add_ln58_6016, i16 %sext_ln42_117" [firmware/nnet_utils/nnet_dense_latency.h:58]   --->   Operation 563 'add' 'add_ln58_6017' <Predicate = true> <Delay = 0.00> <CoreInst = "TAddSub">   --->   Core 10 'TAddSub' <Latency = 0> <II = 1> <Delay = 1.95> <IPBlock> <Opcode : '' 'add' 'sub'> <InPorts = 3> <OutPorts = 1> <Sync> <CReg>
ST_2 : Operation 564 [1/1] (0.00ns)   --->   "%sext_ln58_2232 = sext i15 %add_ln58_6019" [firmware/nnet_utils/nnet_dense_latency.h:58]   --->   Operation 564 'sext' 'sext_ln58_2232' <Predicate = true> <Delay = 0.00>
ST_2 : Operation 565 [1/1] (3.90ns) (root node of TernaryAdder)   --->   "%add_ln58_6020 = add i16 %sext_ln58_2232, i16 %add_ln58_6017" [firmware/nnet_utils/nnet_dense_latency.h:58]   --->   Operation 565 'add' 'add_ln58_6020' <Predicate = true> <Delay = 3.90> <CoreInst = "TAddSub">   --->   Core 10 'TAddSub' <Latency = 0> <II = 1> <Delay = 1.95> <IPBlock> <Opcode : '' 'add' 'sub'> <InPorts = 3> <OutPorts = 1> <Sync> <CReg>
ST_2 : Operation 566 [1/1] (2.07ns)   --->   "%add_ln58_6026 = add i16 %mult_458, i16 %sext_ln42_40" [firmware/nnet_utils/nnet_dense_latency.h:58]   --->   Operation 566 'add' 'add_ln58_6026' <Predicate = true> <Delay = 2.07> <CoreInst = "Adder">   --->   Core 1 'Adder' <Latency = 0> <II = 1> <Delay = 2.07> <FuncUnit> <Opcode : 'add' 'sub'> <InPorts = 2> <OutPorts = 1>
ST_2 : Operation 567 [1/1] (2.07ns)   --->   "%add_ln58_6035 = add i16 %mult_449, i16 %mult_486" [firmware/nnet_utils/nnet_dense_latency.h:58]   --->   Operation 567 'add' 'add_ln58_6035' <Predicate = true> <Delay = 2.07> <CoreInst = "Adder">   --->   Core 1 'Adder' <Latency = 0> <II = 1> <Delay = 2.07> <FuncUnit> <Opcode : 'add' 'sub'> <InPorts = 2> <OutPorts = 1>
ST_2 : Operation 568 [1/1] (1.94ns)   --->   "%add_ln58_6038 = add i16 %sext_ln42_26, i16 %sext_ln42_54" [firmware/nnet_utils/nnet_dense_latency.h:58]   --->   Operation 568 'add' 'add_ln58_6038' <Predicate = true> <Delay = 1.94> <CoreInst = "Adder">   --->   Core 1 'Adder' <Latency = 0> <II = 1> <Delay = 1.94> <FuncUnit> <Opcode : 'add' 'sub'> <InPorts = 2> <OutPorts = 1>
ST_2 : Operation 569 [1/1] (0.00ns) (grouped into TernaryAdder)   --->   "%add_ln58_6040 = add i16 %sext_ln42_62, i16 %sext_ln42_5" [firmware/nnet_utils/nnet_dense_latency.h:58]   --->   Operation 569 'add' 'add_ln58_6040' <Predicate = true> <Delay = 0.00> <CoreInst = "TAddSub">   --->   Core 10 'TAddSub' <Latency = 0> <II = 1> <Delay = 1.95> <IPBlock> <Opcode : '' 'add' 'sub'> <InPorts = 3> <OutPorts = 1> <Sync> <CReg>
ST_2 : Operation 570 [1/1] (0.00ns)   --->   "%sext_ln58_2235 = sext i15 %add_ln58_6041" [firmware/nnet_utils/nnet_dense_latency.h:58]   --->   Operation 570 'sext' 'sext_ln58_2235' <Predicate = true> <Delay = 0.00>
ST_2 : Operation 571 [1/1] (3.90ns) (root node of TernaryAdder)   --->   "%add_ln58_6042 = add i16 %sext_ln58_2235, i16 %add_ln58_6040" [firmware/nnet_utils/nnet_dense_latency.h:58]   --->   Operation 571 'add' 'add_ln58_6042' <Predicate = true> <Delay = 3.90> <CoreInst = "TAddSub">   --->   Core 10 'TAddSub' <Latency = 0> <II = 1> <Delay = 1.95> <IPBlock> <Opcode : '' 'add' 'sub'> <InPorts = 3> <OutPorts = 1> <Sync> <CReg>
ST_2 : Operation 572 [1/1] (0.00ns)   --->   "%sext_ln58_2236 = sext i14 %add_ln58_6050" [firmware/nnet_utils/nnet_dense_latency.h:58]   --->   Operation 572 'sext' 'sext_ln58_2236' <Predicate = true> <Delay = 0.00>
ST_2 : Operation 573 [1/1] (0.00ns) (grouped into TernaryAdder)   --->   "%add_ln58_6051 = add i16 %sext_ln58_2236, i16 %mult_500" [firmware/nnet_utils/nnet_dense_latency.h:58]   --->   Operation 573 'add' 'add_ln58_6051' <Predicate = true> <Delay = 0.00> <CoreInst = "TAddSub">   --->   Core 10 'TAddSub' <Latency = 0> <II = 1> <Delay = 1.95> <IPBlock> <Opcode : '' 'add' 'sub'> <InPorts = 3> <OutPorts = 1> <Sync> <CReg>
ST_2 : Operation 574 [1/1] (0.00ns)   --->   "%sext_ln58_2238 = sext i15 %add_ln58_6053" [firmware/nnet_utils/nnet_dense_latency.h:58]   --->   Operation 574 'sext' 'sext_ln58_2238' <Predicate = true> <Delay = 0.00>
ST_2 : Operation 575 [1/1] (3.90ns) (root node of TernaryAdder)   --->   "%add_ln58_6054 = add i16 %sext_ln58_2238, i16 %add_ln58_6051" [firmware/nnet_utils/nnet_dense_latency.h:58]   --->   Operation 575 'add' 'add_ln58_6054' <Predicate = true> <Delay = 3.90> <CoreInst = "TAddSub">   --->   Core 10 'TAddSub' <Latency = 0> <II = 1> <Delay = 1.95> <IPBlock> <Opcode : '' 'add' 'sub'> <InPorts = 3> <OutPorts = 1> <Sync> <CReg>
ST_2 : Operation 576 [1/1] (0.00ns)   --->   "%sext_ln58_2239 = sext i15 %add_ln58_6061" [firmware/nnet_utils/nnet_dense_latency.h:58]   --->   Operation 576 'sext' 'sext_ln58_2239' <Predicate = true> <Delay = 0.00>
ST_2 : Operation 577 [1/1] (0.00ns) (grouped into TernaryAdder)   --->   "%add_ln58_6062 = add i16 %sext_ln58_2239, i16 %sext_ln42_12" [firmware/nnet_utils/nnet_dense_latency.h:58]   --->   Operation 577 'add' 'add_ln58_6062' <Predicate = true> <Delay = 0.00> <CoreInst = "TAddSub">   --->   Core 10 'TAddSub' <Latency = 0> <II = 1> <Delay = 1.95> <IPBlock> <Opcode : '' 'add' 'sub'> <InPorts = 3> <OutPorts = 1> <Sync> <CReg>
ST_2 : Operation 578 [1/1] (0.00ns)   --->   "%sext_ln58_2241 = sext i15 %add_ln58_6064" [firmware/nnet_utils/nnet_dense_latency.h:58]   --->   Operation 578 'sext' 'sext_ln58_2241' <Predicate = true> <Delay = 0.00>
ST_2 : Operation 579 [1/1] (3.90ns) (root node of TernaryAdder)   --->   "%add_ln58_6065 = add i16 %sext_ln58_2241, i16 %add_ln58_6062" [firmware/nnet_utils/nnet_dense_latency.h:58]   --->   Operation 579 'add' 'add_ln58_6065' <Predicate = true> <Delay = 3.90> <CoreInst = "TAddSub">   --->   Core 10 'TAddSub' <Latency = 0> <II = 1> <Delay = 1.95> <IPBlock> <Opcode : '' 'add' 'sub'> <InPorts = 3> <OutPorts = 1> <Sync> <CReg>
ST_2 : Operation 580 [1/1] (2.07ns)   --->   "%add_ln58_6072 = add i16 %mult_480, i16 %sext_ln42_117" [firmware/nnet_utils/nnet_dense_latency.h:58]   --->   Operation 580 'add' 'add_ln58_6072' <Predicate = true> <Delay = 2.07> <CoreInst = "Adder">   --->   Core 1 'Adder' <Latency = 0> <II = 1> <Delay = 2.07> <FuncUnit> <Opcode : 'add' 'sub'> <InPorts = 2> <OutPorts = 1>
ST_2 : Operation 581 [1/1] (0.00ns) (grouped into TernaryAdder)   --->   "%add_ln58_6083 = add i16 %mult_501, i16 %sext_ln42_55" [firmware/nnet_utils/nnet_dense_latency.h:58]   --->   Operation 581 'add' 'add_ln58_6083' <Predicate = true> <Delay = 0.00> <CoreInst = "TAddSub">   --->   Core 10 'TAddSub' <Latency = 0> <II = 1> <Delay = 1.95> <IPBlock> <Opcode : '' 'add' 'sub'> <InPorts = 3> <OutPorts = 1> <Sync> <CReg>
ST_2 : Operation 582 [1/1] (3.90ns) (root node of TernaryAdder)   --->   "%add_ln58_6084 = add i16 %add_ln58_6083, i16 %sext_ln42_117" [firmware/nnet_utils/nnet_dense_latency.h:58]   --->   Operation 582 'add' 'add_ln58_6084' <Predicate = true> <Delay = 3.90> <CoreInst = "TAddSub">   --->   Core 10 'TAddSub' <Latency = 0> <II = 1> <Delay = 1.95> <IPBlock> <Opcode : '' 'add' 'sub'> <InPorts = 3> <OutPorts = 1> <Sync> <CReg>
ST_2 : Operation 583 [1/1] (2.07ns)   --->   "%add_ln58_6092 = add i16 %mult_471, i16 %mult_481" [firmware/nnet_utils/nnet_dense_latency.h:58]   --->   Operation 583 'add' 'add_ln58_6092' <Predicate = true> <Delay = 2.07> <CoreInst = "Adder">   --->   Core 1 'Adder' <Latency = 0> <II = 1> <Delay = 2.07> <FuncUnit> <Opcode : 'add' 'sub'> <InPorts = 2> <OutPorts = 1>
ST_2 : Operation 584 [1/1] (0.00ns) (grouped into TernaryAdder)   --->   "%add_ln58_6094 = add i16 %mult_488, i16 %mult_502" [firmware/nnet_utils/nnet_dense_latency.h:58]   --->   Operation 584 'add' 'add_ln58_6094' <Predicate = true> <Delay = 0.00> <CoreInst = "TAddSub">   --->   Core 10 'TAddSub' <Latency = 0> <II = 1> <Delay = 1.95> <IPBlock> <Opcode : '' 'add' 'sub'> <InPorts = 3> <OutPorts = 1> <Sync> <CReg>
ST_2 : Operation 585 [1/1] (0.00ns)   --->   "%sext_ln58_2244 = sext i14 %add_ln58_6095" [firmware/nnet_utils/nnet_dense_latency.h:58]   --->   Operation 585 'sext' 'sext_ln58_2244' <Predicate = true> <Delay = 0.00>
ST_2 : Operation 586 [1/1] (3.90ns) (root node of TernaryAdder)   --->   "%add_ln58_6096 = add i16 %sext_ln58_2244, i16 %add_ln58_6094" [firmware/nnet_utils/nnet_dense_latency.h:58]   --->   Operation 586 'add' 'add_ln58_6096' <Predicate = true> <Delay = 3.90> <CoreInst = "TAddSub">   --->   Core 10 'TAddSub' <Latency = 0> <II = 1> <Delay = 1.95> <IPBlock> <Opcode : '' 'add' 'sub'> <InPorts = 3> <OutPorts = 1> <Sync> <CReg>
ST_2 : Operation 587 [1/1] (0.00ns) (grouped into TernaryAdder)   --->   "%add_ln58_6105 = add i16 %add_ln58_6104, i16 %mult_487" [firmware/nnet_utils/nnet_dense_latency.h:58]   --->   Operation 587 'add' 'add_ln58_6105' <Predicate = true> <Delay = 0.00> <CoreInst = "TAddSub">   --->   Core 10 'TAddSub' <Latency = 0> <II = 1> <Delay = 1.95> <IPBlock> <Opcode : '' 'add' 'sub'> <InPorts = 3> <OutPorts = 1> <Sync> <CReg>
ST_2 : Operation 588 [1/1] (3.90ns) (root node of TernaryAdder)   --->   "%add_ln58_6109 = add i16 %add_ln58_6108, i16 %add_ln58_6105" [firmware/nnet_utils/nnet_dense_latency.h:58]   --->   Operation 588 'add' 'add_ln58_6109' <Predicate = true> <Delay = 3.90> <CoreInst = "TAddSub">   --->   Core 10 'TAddSub' <Latency = 0> <II = 1> <Delay = 1.95> <IPBlock> <Opcode : '' 'add' 'sub'> <InPorts = 3> <OutPorts = 1> <Sync> <CReg>
ST_2 : Operation 589 [1/1] (0.00ns)   --->   "%sext_ln58_2247 = sext i15 %add_ln58_6116" [firmware/nnet_utils/nnet_dense_latency.h:58]   --->   Operation 589 'sext' 'sext_ln58_2247' <Predicate = true> <Delay = 0.00>
ST_2 : Operation 590 [1/1] (0.00ns) (grouped into TernaryAdder)   --->   "%add_ln58_6117 = add i16 %sext_ln58_2247, i16 %sext_ln42_117" [firmware/nnet_utils/nnet_dense_latency.h:58]   --->   Operation 590 'add' 'add_ln58_6117' <Predicate = true> <Delay = 0.00> <CoreInst = "TAddSub">   --->   Core 10 'TAddSub' <Latency = 0> <II = 1> <Delay = 1.95> <IPBlock> <Opcode : '' 'add' 'sub'> <InPorts = 3> <OutPorts = 1> <Sync> <CReg>
ST_2 : Operation 591 [1/1] (3.90ns) (root node of TernaryAdder)   --->   "%add_ln58_6119 = add i16 %add_ln58_6118, i16 %add_ln58_6117" [firmware/nnet_utils/nnet_dense_latency.h:58]   --->   Operation 591 'add' 'add_ln58_6119' <Predicate = true> <Delay = 3.90> <CoreInst = "TAddSub">   --->   Core 10 'TAddSub' <Latency = 0> <II = 1> <Delay = 1.95> <IPBlock> <Opcode : '' 'add' 'sub'> <InPorts = 3> <OutPorts = 1> <Sync> <CReg>
ST_2 : Operation 592 [1/1] (2.07ns)   --->   "%add_ln58_6123 = add i16 %mult_433, i16 %mult_435" [firmware/nnet_utils/nnet_dense_latency.h:58]   --->   Operation 592 'add' 'add_ln58_6123' <Predicate = true> <Delay = 2.07> <CoreInst = "Adder">   --->   Core 1 'Adder' <Latency = 0> <II = 1> <Delay = 2.07> <FuncUnit> <Opcode : 'add' 'sub'> <InPorts = 2> <OutPorts = 1>
ST_2 : Operation 593 [1/1] (2.07ns)   --->   "%add_ln58_6126 = add i16 %sext_ln42_111, i16 %mult_481" [firmware/nnet_utils/nnet_dense_latency.h:58]   --->   Operation 593 'add' 'add_ln58_6126' <Predicate = true> <Delay = 2.07> <CoreInst = "Adder">   --->   Core 1 'Adder' <Latency = 0> <II = 1> <Delay = 2.07> <FuncUnit> <Opcode : 'add' 'sub'> <InPorts = 2> <OutPorts = 1>
ST_2 : Operation 594 [1/1] (0.00ns) (grouped into TernaryAdder)   --->   "%add_ln58_6128 = add i16 %sext_ln42_18, i16 %sext_ln42_67" [firmware/nnet_utils/nnet_dense_latency.h:58]   --->   Operation 594 'add' 'add_ln58_6128' <Predicate = true> <Delay = 0.00> <CoreInst = "TAddSub">   --->   Core 10 'TAddSub' <Latency = 0> <II = 1> <Delay = 1.95> <IPBlock> <Opcode : '' 'add' 'sub'> <InPorts = 3> <OutPorts = 1> <Sync> <CReg>
ST_2 : Operation 595 [1/1] (3.90ns) (root node of TernaryAdder)   --->   "%add_ln58_6129 = add i16 %add_ln58_6128, i16 %mult_486" [firmware/nnet_utils/nnet_dense_latency.h:58]   --->   Operation 595 'add' 'add_ln58_6129' <Predicate = true> <Delay = 3.90> <CoreInst = "TAddSub">   --->   Core 10 'TAddSub' <Latency = 0> <II = 1> <Delay = 1.95> <IPBlock> <Opcode : '' 'add' 'sub'> <InPorts = 3> <OutPorts = 1> <Sync> <CReg>
ST_2 : Operation 596 [1/1] (2.07ns)   --->   "%add_ln58_6137 = add i16 %mult_471, i16 %sext_ln42_115" [firmware/nnet_utils/nnet_dense_latency.h:58]   --->   Operation 596 'add' 'add_ln58_6137' <Predicate = true> <Delay = 2.07> <CoreInst = "Adder">   --->   Core 1 'Adder' <Latency = 0> <II = 1> <Delay = 2.07> <FuncUnit> <Opcode : 'add' 'sub'> <InPorts = 2> <OutPorts = 1>
ST_2 : Operation 597 [1/1] (0.00ns) (grouped into TernaryAdder)   --->   "%add_ln58_6139 = add i16 %sext_ln42_66, i16 %sext_ln42_33" [firmware/nnet_utils/nnet_dense_latency.h:58]   --->   Operation 597 'add' 'add_ln58_6139' <Predicate = true> <Delay = 0.00> <CoreInst = "TAddSub">   --->   Core 10 'TAddSub' <Latency = 0> <II = 1> <Delay = 1.95> <IPBlock> <Opcode : '' 'add' 'sub'> <InPorts = 3> <OutPorts = 1> <Sync> <CReg>
ST_2 : Operation 598 [1/1] (3.90ns) (root node of TernaryAdder)   --->   "%add_ln58_6140 = add i16 %add_ln58_6139, i16 %sext_ln42_118" [firmware/nnet_utils/nnet_dense_latency.h:58]   --->   Operation 598 'add' 'add_ln58_6140' <Predicate = true> <Delay = 3.90> <CoreInst = "TAddSub">   --->   Core 10 'TAddSub' <Latency = 0> <II = 1> <Delay = 1.95> <IPBlock> <Opcode : '' 'add' 'sub'> <InPorts = 3> <OutPorts = 1> <Sync> <CReg>
ST_2 : Operation 599 [1/1] (2.07ns)   --->   "%add_ln58_6147 = add i16 %mult_462, i16 %sext_ln42_12" [firmware/nnet_utils/nnet_dense_latency.h:58]   --->   Operation 599 'add' 'add_ln58_6147' <Predicate = true> <Delay = 2.07> <CoreInst = "Adder">   --->   Core 1 'Adder' <Latency = 0> <II = 1> <Delay = 2.07> <FuncUnit> <Opcode : 'add' 'sub'> <InPorts = 2> <OutPorts = 1>
ST_2 : Operation 600 [1/1] (2.07ns)   --->   "%add_ln58_6154 = add i16 %sext_ln42_81, i16 %mult_400" [firmware/nnet_utils/nnet_dense_latency.h:58]   --->   Operation 600 'add' 'add_ln58_6154' <Predicate = true> <Delay = 2.07> <CoreInst = "Adder">   --->   Core 1 'Adder' <Latency = 0> <II = 1> <Delay = 2.07> <FuncUnit> <Opcode : 'add' 'sub'> <InPorts = 2> <OutPorts = 1>
ST_2 : Operation 601 [1/1] (0.00ns) (grouped into TernaryAdder)   --->   "%add_ln58_6159 = add i16 %add_ln58_6158, i16 %mult_487" [firmware/nnet_utils/nnet_dense_latency.h:58]   --->   Operation 601 'add' 'add_ln58_6159' <Predicate = true> <Delay = 0.00> <CoreInst = "TAddSub">   --->   Core 10 'TAddSub' <Latency = 0> <II = 1> <Delay = 1.95> <IPBlock> <Opcode : '' 'add' 'sub'> <InPorts = 3> <OutPorts = 1> <Sync> <CReg>
ST_2 : Operation 602 [1/1] (0.00ns)   --->   "%sext_ln58_2251 = sext i15 %add_ln58_6161" [firmware/nnet_utils/nnet_dense_latency.h:58]   --->   Operation 602 'sext' 'sext_ln58_2251' <Predicate = true> <Delay = 0.00>
ST_2 : Operation 603 [1/1] (3.90ns) (root node of TernaryAdder)   --->   "%add_ln58_6162 = add i16 %sext_ln58_2251, i16 %add_ln58_6159" [firmware/nnet_utils/nnet_dense_latency.h:58]   --->   Operation 603 'add' 'add_ln58_6162' <Predicate = true> <Delay = 3.90> <CoreInst = "TAddSub">   --->   Core 10 'TAddSub' <Latency = 0> <II = 1> <Delay = 1.95> <IPBlock> <Opcode : '' 'add' 'sub'> <InPorts = 3> <OutPorts = 1> <Sync> <CReg>
ST_2 : Operation 604 [1/1] (2.07ns)   --->   "%add_ln58_6168 = add i16 %mult_463, i16 %sext_ln42_115" [firmware/nnet_utils/nnet_dense_latency.h:58]   --->   Operation 604 'add' 'add_ln58_6168' <Predicate = true> <Delay = 2.07> <CoreInst = "Adder">   --->   Core 1 'Adder' <Latency = 0> <II = 1> <Delay = 2.07> <FuncUnit> <Opcode : 'add' 'sub'> <InPorts = 2> <OutPorts = 1>
ST_2 : Operation 605 [1/1] (0.00ns) (grouped into TernaryAdder)   --->   "%add_ln58_6170 = add i16 %sext_ln42_117, i16 %mult_497" [firmware/nnet_utils/nnet_dense_latency.h:58]   --->   Operation 605 'add' 'add_ln58_6170' <Predicate = true> <Delay = 0.00> <CoreInst = "TAddSub">   --->   Core 10 'TAddSub' <Latency = 0> <II = 1> <Delay = 1.95> <IPBlock> <Opcode : '' 'add' 'sub'> <InPorts = 3> <OutPorts = 1> <Sync> <CReg>
ST_2 : Operation 606 [1/1] (3.90ns) (root node of TernaryAdder)   --->   "%add_ln58_6172 = add i16 %add_ln58_6171, i16 %add_ln58_6170" [firmware/nnet_utils/nnet_dense_latency.h:58]   --->   Operation 606 'add' 'add_ln58_6172' <Predicate = true> <Delay = 3.90> <CoreInst = "TAddSub">   --->   Core 10 'TAddSub' <Latency = 0> <II = 1> <Delay = 1.95> <IPBlock> <Opcode : '' 'add' 'sub'> <InPorts = 3> <OutPorts = 1> <Sync> <CReg>
ST_2 : Operation 607 [1/1] (0.00ns) (grouped into TernaryAdder)   --->   "%add_ln58_6180 = add i16 %add_ln58_5961, i16 %sext_ln42_121" [firmware/nnet_utils/nnet_dense_latency.h:58]   --->   Operation 607 'add' 'add_ln58_6180' <Predicate = true> <Delay = 0.00> <CoreInst = "TAddSub">   --->   Core 10 'TAddSub' <Latency = 0> <II = 1> <Delay = 1.95> <IPBlock> <Opcode : '' 'add' 'sub'> <InPorts = 3> <OutPorts = 1> <Sync> <CReg>
ST_2 : Operation 608 [1/1] (0.00ns)   --->   "%sext_ln58_2253 = sext i15 %add_ln58_6182" [firmware/nnet_utils/nnet_dense_latency.h:58]   --->   Operation 608 'sext' 'sext_ln58_2253' <Predicate = true> <Delay = 0.00>
ST_2 : Operation 609 [1/1] (3.90ns) (root node of TernaryAdder)   --->   "%add_ln58_6183 = add i16 %sext_ln58_2253, i16 %add_ln58_6180" [firmware/nnet_utils/nnet_dense_latency.h:58]   --->   Operation 609 'add' 'add_ln58_6183' <Predicate = true> <Delay = 3.90> <CoreInst = "TAddSub">   --->   Core 10 'TAddSub' <Latency = 0> <II = 1> <Delay = 1.95> <IPBlock> <Opcode : '' 'add' 'sub'> <InPorts = 3> <OutPorts = 1> <Sync> <CReg>
ST_2 : Operation 610 [1/1] (0.00ns) (grouped into TernaryAdder)   --->   "%add_ln58_6191 = add i16 %add_ln58_6190, i16 %sext_ln42_122" [firmware/nnet_utils/nnet_dense_latency.h:58]   --->   Operation 610 'add' 'add_ln58_6191' <Predicate = true> <Delay = 0.00> <CoreInst = "TAddSub">   --->   Core 10 'TAddSub' <Latency = 0> <II = 1> <Delay = 1.95> <IPBlock> <Opcode : '' 'add' 'sub'> <InPorts = 3> <OutPorts = 1> <Sync> <CReg>
ST_2 : Operation 611 [1/1] (3.90ns) (root node of TernaryAdder)   --->   "%add_ln58_6195 = add i16 %add_ln58_6194, i16 %add_ln58_6191" [firmware/nnet_utils/nnet_dense_latency.h:58]   --->   Operation 611 'add' 'add_ln58_6195' <Predicate = true> <Delay = 3.90> <CoreInst = "TAddSub">   --->   Core 10 'TAddSub' <Latency = 0> <II = 1> <Delay = 1.95> <IPBlock> <Opcode : '' 'add' 'sub'> <InPorts = 3> <OutPorts = 1> <Sync> <CReg>
ST_2 : Operation 612 [1/1] (1.94ns)   --->   "%add_ln58_6213 = add i16 %sext_ln42_110, i16 %sext_ln42_115" [firmware/nnet_utils/nnet_dense_latency.h:58]   --->   Operation 612 'add' 'add_ln58_6213' <Predicate = true> <Delay = 1.94> <CoreInst = "Adder">   --->   Core 1 'Adder' <Latency = 0> <II = 1> <Delay = 1.94> <FuncUnit> <Opcode : 'add' 'sub'> <InPorts = 2> <OutPorts = 1>
ST_2 : Operation 613 [1/1] (0.00ns)   --->   "%sext_ln58_3063 = sext i15 %add_ln58_6215" [firmware/nnet_utils/nnet_dense_latency.h:58]   --->   Operation 613 'sext' 'sext_ln58_3063' <Predicate = true> <Delay = 0.00>
ST_2 : Operation 614 [1/1] (0.00ns) (grouped into TernaryAdder)   --->   "%add_ln58_6216 = add i16 %sext_ln42_18, i16 %sext_ln42_7" [firmware/nnet_utils/nnet_dense_latency.h:58]   --->   Operation 614 'add' 'add_ln58_6216' <Predicate = true> <Delay = 0.00> <CoreInst = "TAddSub">   --->   Core 10 'TAddSub' <Latency = 0> <II = 1> <Delay = 1.95> <IPBlock> <Opcode : '' 'add' 'sub'> <InPorts = 3> <OutPorts = 1> <Sync> <CReg>
ST_2 : Operation 615 [1/1] (3.90ns) (root node of TernaryAdder)   --->   "%add_ln58_6217 = add i16 %add_ln58_6216, i16 %sext_ln58_3063" [firmware/nnet_utils/nnet_dense_latency.h:58]   --->   Operation 615 'add' 'add_ln58_6217' <Predicate = true> <Delay = 3.90> <CoreInst = "TAddSub">   --->   Core 10 'TAddSub' <Latency = 0> <II = 1> <Delay = 1.95> <IPBlock> <Opcode : '' 'add' 'sub'> <InPorts = 3> <OutPorts = 1> <Sync> <CReg>
ST_2 : Operation 616 [1/1] (0.00ns)   --->   "%sext_ln58_2257 = sext i15 %add_ln58_6225" [firmware/nnet_utils/nnet_dense_latency.h:58]   --->   Operation 616 'sext' 'sext_ln58_2257' <Predicate = true> <Delay = 0.00>
ST_2 : Operation 617 [1/1] (0.00ns) (grouped into TernaryAdder)   --->   "%add_ln58_6226 = add i16 %sext_ln58_2257, i16 %sext_ln42_57" [firmware/nnet_utils/nnet_dense_latency.h:58]   --->   Operation 617 'add' 'add_ln58_6226' <Predicate = true> <Delay = 0.00> <CoreInst = "TAddSub">   --->   Core 10 'TAddSub' <Latency = 0> <II = 1> <Delay = 1.95> <IPBlock> <Opcode : '' 'add' 'sub'> <InPorts = 3> <OutPorts = 1> <Sync> <CReg>
ST_2 : Operation 618 [1/1] (0.00ns)   --->   "%sext_ln58_2259 = sext i15 %add_ln58_6228" [firmware/nnet_utils/nnet_dense_latency.h:58]   --->   Operation 618 'sext' 'sext_ln58_2259' <Predicate = true> <Delay = 0.00>
ST_2 : Operation 619 [1/1] (3.90ns) (root node of TernaryAdder)   --->   "%add_ln58_6229 = add i16 %sext_ln58_2259, i16 %add_ln58_6226" [firmware/nnet_utils/nnet_dense_latency.h:58]   --->   Operation 619 'add' 'add_ln58_6229' <Predicate = true> <Delay = 3.90> <CoreInst = "TAddSub">   --->   Core 10 'TAddSub' <Latency = 0> <II = 1> <Delay = 1.95> <IPBlock> <Opcode : '' 'add' 'sub'> <InPorts = 3> <OutPorts = 1> <Sync> <CReg>
ST_2 : Operation 620 [1/1] (1.94ns)   --->   "%add_ln58_6236 = add i16 %sext_ln42_118, i16 %sext_ln42_122" [firmware/nnet_utils/nnet_dense_latency.h:58]   --->   Operation 620 'add' 'add_ln58_6236' <Predicate = true> <Delay = 1.94> <CoreInst = "Adder">   --->   Core 1 'Adder' <Latency = 0> <II = 1> <Delay = 1.94> <FuncUnit> <Opcode : 'add' 'sub'> <InPorts = 2> <OutPorts = 1>
ST_2 : Operation 621 [1/1] (0.00ns) (grouped into TernaryAdder)   --->   "%add_ln58_6238 = add i16 %sext_ln42_54, i16 %sext_ln42_7" [firmware/nnet_utils/nnet_dense_latency.h:58]   --->   Operation 621 'add' 'add_ln58_6238' <Predicate = true> <Delay = 0.00> <CoreInst = "TAddSub">   --->   Core 10 'TAddSub' <Latency = 0> <II = 1> <Delay = 1.95> <IPBlock> <Opcode : '' 'add' 'sub'> <InPorts = 3> <OutPorts = 1> <Sync> <CReg>
ST_2 : Operation 622 [1/1] (0.00ns)   --->   "%sext_ln58_2260 = sext i14 %add_ln58_6239" [firmware/nnet_utils/nnet_dense_latency.h:58]   --->   Operation 622 'sext' 'sext_ln58_2260' <Predicate = true> <Delay = 0.00>
ST_2 : Operation 623 [1/1] (3.90ns) (root node of TernaryAdder)   --->   "%add_ln58_6240 = add i16 %sext_ln58_2260, i16 %add_ln58_6238" [firmware/nnet_utils/nnet_dense_latency.h:58]   --->   Operation 623 'add' 'add_ln58_6240' <Predicate = true> <Delay = 3.90> <CoreInst = "TAddSub">   --->   Core 10 'TAddSub' <Latency = 0> <II = 1> <Delay = 1.95> <IPBlock> <Opcode : '' 'add' 'sub'> <InPorts = 3> <OutPorts = 1> <Sync> <CReg>
ST_2 : Operation 624 [1/1] (2.07ns)   --->   "%add_ln58_6247 = add i16 %mult_473, i16 %sext_ln42_117" [firmware/nnet_utils/nnet_dense_latency.h:58]   --->   Operation 624 'add' 'add_ln58_6247' <Predicate = true> <Delay = 2.07> <CoreInst = "Adder">   --->   Core 1 'Adder' <Latency = 0> <II = 1> <Delay = 2.07> <FuncUnit> <Opcode : 'add' 'sub'> <InPorts = 2> <OutPorts = 1>
ST_2 : Operation 625 [1/1] (0.00ns)   --->   "%sext_ln58_2261 = sext i15 %add_ln58_6249" [firmware/nnet_utils/nnet_dense_latency.h:58]   --->   Operation 625 'sext' 'sext_ln58_2261' <Predicate = true> <Delay = 0.00>
ST_2 : Operation 626 [1/1] (2.07ns)   --->   "%add_ln58_6250 = add i16 %sext_ln58_2261, i16 %mult_499" [firmware/nnet_utils/nnet_dense_latency.h:58]   --->   Operation 626 'add' 'add_ln58_6250' <Predicate = true> <Delay = 2.07> <CoreInst = "Adder">   --->   Core 1 'Adder' <Latency = 0> <II = 1> <Delay = 2.07> <FuncUnit> <Opcode : 'add' 'sub'> <InPorts = 2> <OutPorts = 1>
ST_2 : Operation 627 [1/1] (2.07ns)   --->   "%add_ln58_6253 = add i16 %mult_386, i16 %mult_422" [firmware/nnet_utils/nnet_dense_latency.h:58]   --->   Operation 627 'add' 'add_ln58_6253' <Predicate = true> <Delay = 2.07> <CoreInst = "Adder">   --->   Core 1 'Adder' <Latency = 0> <II = 1> <Delay = 2.07> <FuncUnit> <Opcode : 'add' 'sub'> <InPorts = 2> <OutPorts = 1>
ST_2 : Operation 628 [1/1] (0.00ns) (grouped into TernaryAdder)   --->   "%add_ln58_6258 = add i16 %add_ln58_6257, i16 %sext_ln42_26" [firmware/nnet_utils/nnet_dense_latency.h:58]   --->   Operation 628 'add' 'add_ln58_6258' <Predicate = true> <Delay = 0.00> <CoreInst = "TAddSub">   --->   Core 10 'TAddSub' <Latency = 0> <II = 1> <Delay = 1.95> <IPBlock> <Opcode : '' 'add' 'sub'> <InPorts = 3> <OutPorts = 1> <Sync> <CReg>
ST_2 : Operation 629 [1/1] (3.90ns) (root node of TernaryAdder)   --->   "%add_ln58_6261 = add i16 %add_ln58_6260, i16 %add_ln58_6258" [firmware/nnet_utils/nnet_dense_latency.h:58]   --->   Operation 629 'add' 'add_ln58_6261' <Predicate = true> <Delay = 3.90> <CoreInst = "TAddSub">   --->   Core 10 'TAddSub' <Latency = 0> <II = 1> <Delay = 1.95> <IPBlock> <Opcode : '' 'add' 'sub'> <InPorts = 3> <OutPorts = 1> <Sync> <CReg>
ST_2 : Operation 630 [1/1] (1.94ns)   --->   "%add_ln58_6268 = add i16 %sext_ln42_110, i16 %sext_ln42_121" [firmware/nnet_utils/nnet_dense_latency.h:58]   --->   Operation 630 'add' 'add_ln58_6268' <Predicate = true> <Delay = 1.94> <CoreInst = "Adder">   --->   Core 1 'Adder' <Latency = 0> <II = 1> <Delay = 1.94> <FuncUnit> <Opcode : 'add' 'sub'> <InPorts = 2> <OutPorts = 1>
ST_2 : Operation 631 [1/1] (0.00ns) (grouped into TernaryAdder)   --->   "%add_ln58_6270 = add i16 %sext_ln42_18, i16 %sext_ln42_34" [firmware/nnet_utils/nnet_dense_latency.h:58]   --->   Operation 631 'add' 'add_ln58_6270' <Predicate = true> <Delay = 0.00> <CoreInst = "TAddSub">   --->   Core 10 'TAddSub' <Latency = 0> <II = 1> <Delay = 1.95> <IPBlock> <Opcode : '' 'add' 'sub'> <InPorts = 3> <OutPorts = 1> <Sync> <CReg>
ST_2 : Operation 632 [1/1] (0.00ns)   --->   "%sext_ln58_2263 = sext i15 %add_ln58_6271" [firmware/nnet_utils/nnet_dense_latency.h:58]   --->   Operation 632 'sext' 'sext_ln58_2263' <Predicate = true> <Delay = 0.00>
ST_2 : Operation 633 [1/1] (3.90ns) (root node of TernaryAdder)   --->   "%add_ln58_6272 = add i16 %sext_ln58_2263, i16 %add_ln58_6270" [firmware/nnet_utils/nnet_dense_latency.h:58]   --->   Operation 633 'add' 'add_ln58_6272' <Predicate = true> <Delay = 3.90> <CoreInst = "TAddSub">   --->   Core 10 'TAddSub' <Latency = 0> <II = 1> <Delay = 1.95> <IPBlock> <Opcode : '' 'add' 'sub'> <InPorts = 3> <OutPorts = 1> <Sync> <CReg>

State 3 <SV = 2> <Delay = 4.15>
ST_3 : Operation 634 [1/1] (0.00ns)   --->   "%sext_ln42_83 = sext i14 %mult_377" [firmware/nnet_utils/nnet_dense_latency.h:42]   --->   Operation 634 'sext' 'sext_ln42_83' <Predicate = true> <Delay = 0.00>
ST_3 : Operation 635 [1/1] (0.00ns)   --->   "%sext_ln42_84 = sext i15 %mult_381" [firmware/nnet_utils/nnet_dense_latency.h:42]   --->   Operation 635 'sext' 'sext_ln42_84' <Predicate = true> <Delay = 0.00>
ST_3 : Operation 636 [1/1] (0.00ns)   --->   "%sext_ln42_86 = sext i15 %mult_385" [firmware/nnet_utils/nnet_dense_latency.h:42]   --->   Operation 636 'sext' 'sext_ln42_86' <Predicate = true> <Delay = 0.00>
ST_3 : Operation 637 [1/1] (0.00ns)   --->   "%sext_ln42_87 = sext i14 %mult_390" [firmware/nnet_utils/nnet_dense_latency.h:42]   --->   Operation 637 'sext' 'sext_ln42_87' <Predicate = true> <Delay = 0.00>
ST_3 : Operation 638 [1/1] (0.00ns)   --->   "%sext_ln42_89 = sext i15 %mult_399" [firmware/nnet_utils/nnet_dense_latency.h:42]   --->   Operation 638 'sext' 'sext_ln42_89' <Predicate = true> <Delay = 0.00>
ST_3 : Operation 639 [1/1] (0.00ns)   --->   "%sext_ln42_90 = sext i14 %mult_403" [firmware/nnet_utils/nnet_dense_latency.h:42]   --->   Operation 639 'sext' 'sext_ln42_90' <Predicate = true> <Delay = 0.00>
ST_3 : Operation 640 [1/1] (0.00ns)   --->   "%sext_ln42_91 = sext i14 %mult_405" [firmware/nnet_utils/nnet_dense_latency.h:42]   --->   Operation 640 'sext' 'sext_ln42_91' <Predicate = true> <Delay = 0.00>
ST_3 : Operation 641 [1/1] (0.00ns)   --->   "%sext_ln42_92 = sext i15 %mult_406" [firmware/nnet_utils/nnet_dense_latency.h:42]   --->   Operation 641 'sext' 'sext_ln42_92' <Predicate = true> <Delay = 0.00>
ST_3 : Operation 642 [1/1] (0.00ns)   --->   "%sext_ln42_94 = sext i15 %mult_415" [firmware/nnet_utils/nnet_dense_latency.h:42]   --->   Operation 642 'sext' 'sext_ln42_94' <Predicate = true> <Delay = 0.00>
ST_3 : Operation 643 [1/1] (0.00ns)   --->   "%sext_ln42_95 = sext i14 %mult_418" [firmware/nnet_utils/nnet_dense_latency.h:42]   --->   Operation 643 'sext' 'sext_ln42_95' <Predicate = true> <Delay = 0.00>
ST_3 : Operation 644 [1/1] (0.00ns)   --->   "%sext_ln17_481 = sext i14 %mult_418" [firmware/nnet_utils/nnet_dense_latency.h:17]   --->   Operation 644 'sext' 'sext_ln17_481' <Predicate = true> <Delay = 0.00>
ST_3 : Operation 645 [1/1] (0.00ns)   --->   "%sext_ln42_97 = sext i14 %mult_423" [firmware/nnet_utils/nnet_dense_latency.h:42]   --->   Operation 645 'sext' 'sext_ln42_97' <Predicate = true> <Delay = 0.00>
ST_3 : Operation 646 [1/1] (0.00ns)   --->   "%sext_ln42_99 = sext i15 %mult_427" [firmware/nnet_utils/nnet_dense_latency.h:42]   --->   Operation 646 'sext' 'sext_ln42_99' <Predicate = true> <Delay = 0.00>
ST_3 : Operation 647 [1/1] (0.00ns)   --->   "%sext_ln42_101 = sext i14 %mult_436" [firmware/nnet_utils/nnet_dense_latency.h:42]   --->   Operation 647 'sext' 'sext_ln42_101' <Predicate = true> <Delay = 0.00>
ST_3 : Operation 648 [1/1] (0.00ns)   --->   "%sext_ln17_485 = sext i14 %mult_436" [firmware/nnet_utils/nnet_dense_latency.h:17]   --->   Operation 648 'sext' 'sext_ln17_485' <Predicate = true> <Delay = 0.00>
ST_3 : Operation 649 [1/1] (0.00ns)   --->   "%sext_ln42_103 = sext i15 %mult_439" [firmware/nnet_utils/nnet_dense_latency.h:42]   --->   Operation 649 'sext' 'sext_ln42_103' <Predicate = true> <Delay = 0.00>
ST_3 : Operation 650 [1/1] (0.00ns)   --->   "%sext_ln42_104 = sext i14 %mult_444" [firmware/nnet_utils/nnet_dense_latency.h:42]   --->   Operation 650 'sext' 'sext_ln42_104' <Predicate = true> <Delay = 0.00>
ST_3 : Operation 651 [1/1] (0.00ns)   --->   "%sext_ln42_105 = sext i15 %mult_451" [firmware/nnet_utils/nnet_dense_latency.h:42]   --->   Operation 651 'sext' 'sext_ln42_105' <Predicate = true> <Delay = 0.00>
ST_3 : Operation 652 [1/1] (0.00ns)   --->   "%sext_ln42_107 = sext i14 %mult_456" [firmware/nnet_utils/nnet_dense_latency.h:42]   --->   Operation 652 'sext' 'sext_ln42_107' <Predicate = true> <Delay = 0.00>
ST_3 : Operation 653 [1/1] (0.00ns)   --->   "%sext_ln58_3061 = sext i15 %add_ln58_5922" [firmware/nnet_utils/nnet_dense_latency.h:58]   --->   Operation 653 'sext' 'sext_ln58_3061' <Predicate = true> <Delay = 0.00>
ST_3 : Operation 654 [1/1] (0.00ns) (grouped into TernaryAdder)   --->   "%add_ln58_5924 = add i16 %mult_450, i16 %sext_ln42_108" [firmware/nnet_utils/nnet_dense_latency.h:58]   --->   Operation 654 'add' 'add_ln58_5924' <Predicate = true> <Delay = 0.00> <CoreInst = "TAddSub">   --->   Core 10 'TAddSub' <Latency = 0> <II = 1> <Delay = 1.95> <IPBlock> <Opcode : '' 'add' 'sub'> <InPorts = 3> <OutPorts = 1> <Sync> <CReg>
ST_3 : Operation 655 [1/1] (3.90ns) (root node of TernaryAdder)   --->   "%add_ln58_5925 = add i16 %add_ln58_5924, i16 %sext_ln42_94" [firmware/nnet_utils/nnet_dense_latency.h:58]   --->   Operation 655 'add' 'add_ln58_5925' <Predicate = true> <Delay = 3.90> <CoreInst = "TAddSub">   --->   Core 10 'TAddSub' <Latency = 0> <II = 1> <Delay = 1.95> <IPBlock> <Opcode : '' 'add' 'sub'> <InPorts = 3> <OutPorts = 1> <Sync> <CReg>
ST_3 : Operation 656 [1/1] (1.94ns)   --->   "%add_ln58_5933 = add i16 %sext_ln42_90, i16 %sext_ln58_3061" [firmware/nnet_utils/nnet_dense_latency.h:58]   --->   Operation 656 'add' 'add_ln58_5933' <Predicate = true> <Delay = 1.94> <CoreInst = "Adder">   --->   Core 1 'Adder' <Latency = 0> <II = 1> <Delay = 1.94> <FuncUnit> <Opcode : 'add' 'sub'> <InPorts = 2> <OutPorts = 1>
ST_3 : Operation 657 [1/1] (2.07ns)   --->   "%add_ln58_5934 = add i16 %mult_411, i16 %mult_414" [firmware/nnet_utils/nnet_dense_latency.h:58]   --->   Operation 657 'add' 'add_ln58_5934' <Predicate = true> <Delay = 2.07> <CoreInst = "Adder">   --->   Core 1 'Adder' <Latency = 0> <II = 1> <Delay = 2.07> <FuncUnit> <Opcode : 'add' 'sub'> <InPorts = 2> <OutPorts = 1>
ST_3 : Operation 658 [1/1] (0.00ns) (grouped into TernaryAdder)   --->   "%add_ln58_5936 = add i16 %mult_462, i16 %mult_492" [firmware/nnet_utils/nnet_dense_latency.h:58]   --->   Operation 658 'add' 'add_ln58_5936' <Predicate = true> <Delay = 0.00> <CoreInst = "TAddSub">   --->   Core 10 'TAddSub' <Latency = 0> <II = 1> <Delay = 1.95> <IPBlock> <Opcode : '' 'add' 'sub'> <InPorts = 3> <OutPorts = 1> <Sync> <CReg>
ST_3 : Operation 659 [1/1] (3.90ns) (root node of TernaryAdder)   --->   "%add_ln58_5939 = add i16 %add_ln58_5938, i16 %add_ln58_5936" [firmware/nnet_utils/nnet_dense_latency.h:58]   --->   Operation 659 'add' 'add_ln58_5939' <Predicate = true> <Delay = 3.90> <CoreInst = "TAddSub">   --->   Core 10 'TAddSub' <Latency = 0> <II = 1> <Delay = 1.95> <IPBlock> <Opcode : '' 'add' 'sub'> <InPorts = 3> <OutPorts = 1> <Sync> <CReg>
ST_3 : Operation 660 [1/1] (0.00ns) (grouped into TernaryAdder)   --->   "%add_ln58_5941 = add i16 %mult_371, i16 %sext_ln42_90" [firmware/nnet_utils/nnet_dense_latency.h:58]   --->   Operation 660 'add' 'add_ln58_5941' <Predicate = true> <Delay = 0.00> <CoreInst = "TAddSub">   --->   Core 10 'TAddSub' <Latency = 0> <II = 1> <Delay = 1.95> <IPBlock> <Opcode : '' 'add' 'sub'> <InPorts = 3> <OutPorts = 1> <Sync> <CReg>
ST_3 : Operation 661 [1/1] (3.90ns) (root node of TernaryAdder)   --->   "%add_ln58_5942 = add i16 %add_ln58_5941, i16 %sext_ln42_84" [firmware/nnet_utils/nnet_dense_latency.h:58]   --->   Operation 661 'add' 'add_ln58_5942' <Predicate = true> <Delay = 3.90> <CoreInst = "TAddSub">   --->   Core 10 'TAddSub' <Latency = 0> <II = 1> <Delay = 1.95> <IPBlock> <Opcode : '' 'add' 'sub'> <InPorts = 3> <OutPorts = 1> <Sync> <CReg>
ST_3 : Operation 662 [1/1] (1.81ns)   --->   "%add_ln58_5943 = add i15 %sext_ln17_481, i15 %sext_ln17_485" [firmware/nnet_utils/nnet_dense_latency.h:58]   --->   Operation 662 'add' 'add_ln58_5943' <Predicate = true> <Delay = 1.81> <CoreInst = "Adder">   --->   Core 1 'Adder' <Latency = 0> <II = 1> <Delay = 1.81> <FuncUnit> <Opcode : 'add' 'sub'> <InPorts = 2> <OutPorts = 1>
ST_3 : Operation 663 [1/1] (0.00ns)   --->   "%sext_ln58_3062 = sext i15 %add_ln58_5943" [firmware/nnet_utils/nnet_dense_latency.h:58]   --->   Operation 663 'sext' 'sext_ln58_3062' <Predicate = true> <Delay = 0.00>
ST_3 : Operation 664 [1/1] (1.94ns)   --->   "%add_ln58_5944 = add i16 %sext_ln58_3062, i16 %sext_ln42_91" [firmware/nnet_utils/nnet_dense_latency.h:58]   --->   Operation 664 'add' 'add_ln58_5944' <Predicate = true> <Delay = 1.94> <CoreInst = "Adder">   --->   Core 1 'Adder' <Latency = 0> <II = 1> <Delay = 1.94> <FuncUnit> <Opcode : 'add' 'sub'> <InPorts = 2> <OutPorts = 1>
ST_3 : Operation 665 [1/1] (0.00ns) (grouped into TernaryAdder)   --->   "%add_ln58_5947 = add i16 %add_ln58_5946, i16 %mult_446" [firmware/nnet_utils/nnet_dense_latency.h:58]   --->   Operation 665 'add' 'add_ln58_5947' <Predicate = true> <Delay = 0.00> <CoreInst = "TAddSub">   --->   Core 10 'TAddSub' <Latency = 0> <II = 1> <Delay = 1.95> <IPBlock> <Opcode : '' 'add' 'sub'> <InPorts = 3> <OutPorts = 1> <Sync> <CReg>
ST_3 : Operation 666 [1/1] (3.90ns) (root node of TernaryAdder)   --->   "%add_ln58_5951 = add i16 %add_ln58_5950, i16 %add_ln58_5947" [firmware/nnet_utils/nnet_dense_latency.h:58]   --->   Operation 666 'add' 'add_ln58_5951' <Predicate = true> <Delay = 3.90> <CoreInst = "TAddSub">   --->   Core 10 'TAddSub' <Latency = 0> <II = 1> <Delay = 1.95> <IPBlock> <Opcode : '' 'add' 'sub'> <InPorts = 3> <OutPorts = 1> <Sync> <CReg>
ST_3 : Operation 667 [1/1] (0.00ns) (grouped into TernaryAdder)   --->   "%add_ln58_5953 = add i16 %sext_ln42_97, i16 %mult_435" [firmware/nnet_utils/nnet_dense_latency.h:58]   --->   Operation 667 'add' 'add_ln58_5953' <Predicate = true> <Delay = 0.00> <CoreInst = "TAddSub">   --->   Core 10 'TAddSub' <Latency = 0> <II = 1> <Delay = 1.95> <IPBlock> <Opcode : '' 'add' 'sub'> <InPorts = 3> <OutPorts = 1> <Sync> <CReg>
ST_3 : Operation 668 [1/1] (3.90ns) (root node of TernaryAdder)   --->   "%add_ln58_5954 = add i16 %add_ln58_5953, i16 %sext_ln42_91" [firmware/nnet_utils/nnet_dense_latency.h:58]   --->   Operation 668 'add' 'add_ln58_5954' <Predicate = true> <Delay = 3.90> <CoreInst = "TAddSub">   --->   Core 10 'TAddSub' <Latency = 0> <II = 1> <Delay = 1.95> <IPBlock> <Opcode : '' 'add' 'sub'> <InPorts = 3> <OutPorts = 1> <Sync> <CReg>
ST_3 : Operation 669 [1/1] (0.00ns) (grouped into TernaryAdder)   --->   "%add_ln58_5955 = add i16 %sext_ln42_104, i16 %sext_ln42_110" [firmware/nnet_utils/nnet_dense_latency.h:58]   --->   Operation 669 'add' 'add_ln58_5955' <Predicate = true> <Delay = 0.00> <CoreInst = "TAddSub">   --->   Core 10 'TAddSub' <Latency = 0> <II = 1> <Delay = 1.95> <IPBlock> <Opcode : '' 'add' 'sub'> <InPorts = 3> <OutPorts = 1> <Sync> <CReg>
ST_3 : Operation 670 [1/1] (3.90ns) (root node of TernaryAdder)   --->   "%add_ln58_5957 = add i16 %add_ln58_5956, i16 %add_ln58_5955" [firmware/nnet_utils/nnet_dense_latency.h:58]   --->   Operation 670 'add' 'add_ln58_5957' <Predicate = true> <Delay = 3.90> <CoreInst = "TAddSub">   --->   Core 10 'TAddSub' <Latency = 0> <II = 1> <Delay = 1.95> <IPBlock> <Opcode : '' 'add' 'sub'> <InPorts = 3> <OutPorts = 1> <Sync> <CReg>
ST_3 : Operation 671 [1/1] (2.07ns)   --->   "%add_ln58_5966 = add i16 %sext_ln42_86, i16 %add_ln58" [firmware/nnet_utils/nnet_dense_latency.h:58]   --->   Operation 671 'add' 'add_ln58_5966' <Predicate = true> <Delay = 2.07> <CoreInst = "Adder">   --->   Core 1 'Adder' <Latency = 0> <II = 1> <Delay = 2.07> <FuncUnit> <Opcode : 'add' 'sub'> <InPorts = 2> <OutPorts = 1>
ST_3 : Operation 672 [1/1] (0.00ns) (grouped into TernaryAdder)   --->   "%add_ln58_5967 = add i16 %mult_424, i16 %sext_ln42_107" [firmware/nnet_utils/nnet_dense_latency.h:58]   --->   Operation 672 'add' 'add_ln58_5967' <Predicate = true> <Delay = 0.00> <CoreInst = "TAddSub">   --->   Core 10 'TAddSub' <Latency = 0> <II = 1> <Delay = 1.95> <IPBlock> <Opcode : '' 'add' 'sub'> <InPorts = 3> <OutPorts = 1> <Sync> <CReg>
ST_3 : Operation 673 [1/1] (3.90ns) (root node of TernaryAdder)   --->   "%add_ln58_5968 = add i16 %add_ln58_5967, i16 %sext_ln42_92" [firmware/nnet_utils/nnet_dense_latency.h:58]   --->   Operation 673 'add' 'add_ln58_5968' <Predicate = true> <Delay = 3.90> <CoreInst = "TAddSub">   --->   Core 10 'TAddSub' <Latency = 0> <II = 1> <Delay = 1.95> <IPBlock> <Opcode : '' 'add' 'sub'> <InPorts = 3> <OutPorts = 1> <Sync> <CReg>
ST_3 : Operation 674 [1/1] (0.00ns) (grouped into TernaryAdder)   --->   "%add_ln58_5971 = add i16 %add_ln58_5970, i16 %sext_ln42_114" [firmware/nnet_utils/nnet_dense_latency.h:58]   --->   Operation 674 'add' 'add_ln58_5971' <Predicate = true> <Delay = 0.00> <CoreInst = "TAddSub">   --->   Core 10 'TAddSub' <Latency = 0> <II = 1> <Delay = 1.95> <IPBlock> <Opcode : '' 'add' 'sub'> <InPorts = 3> <OutPorts = 1> <Sync> <CReg>
ST_3 : Operation 675 [1/1] (0.00ns)   --->   "%sext_ln58_2226 = sext i15 %add_ln58_5973" [firmware/nnet_utils/nnet_dense_latency.h:58]   --->   Operation 675 'sext' 'sext_ln58_2226' <Predicate = true> <Delay = 0.00>
ST_3 : Operation 676 [1/1] (3.90ns) (root node of TernaryAdder)   --->   "%add_ln58_5974 = add i16 %sext_ln58_2226, i16 %add_ln58_5971" [firmware/nnet_utils/nnet_dense_latency.h:58]   --->   Operation 676 'add' 'add_ln58_5974' <Predicate = true> <Delay = 3.90> <CoreInst = "TAddSub">   --->   Core 10 'TAddSub' <Latency = 0> <II = 1> <Delay = 1.95> <IPBlock> <Opcode : '' 'add' 'sub'> <InPorts = 3> <OutPorts = 1> <Sync> <CReg>
ST_3 : Operation 677 [1/1] (0.00ns) (grouped into TernaryAdder)   --->   "%add_ln58_5976 = add i16 %mult_363, i16 %mult_386" [firmware/nnet_utils/nnet_dense_latency.h:58]   --->   Operation 677 'add' 'add_ln58_5976' <Predicate = true> <Delay = 0.00> <CoreInst = "TAddSub">   --->   Core 10 'TAddSub' <Latency = 0> <II = 1> <Delay = 1.95> <IPBlock> <Opcode : '' 'add' 'sub'> <InPorts = 3> <OutPorts = 1> <Sync> <CReg>
ST_3 : Operation 678 [1/1] (3.90ns) (root node of TernaryAdder)   --->   "%add_ln58_5977 = add i16 %add_ln58_5976, i16 %mult_374" [firmware/nnet_utils/nnet_dense_latency.h:58]   --->   Operation 678 'add' 'add_ln58_5977' <Predicate = true> <Delay = 3.90> <CoreInst = "TAddSub">   --->   Core 10 'TAddSub' <Latency = 0> <II = 1> <Delay = 1.95> <IPBlock> <Opcode : '' 'add' 'sub'> <InPorts = 3> <OutPorts = 1> <Sync> <CReg>
ST_3 : Operation 679 [1/1] (0.00ns) (grouped into TernaryAdder)   --->   "%add_ln58_5978 = add i16 %sext_ln42_101, i16 %mult_446" [firmware/nnet_utils/nnet_dense_latency.h:58]   --->   Operation 679 'add' 'add_ln58_5978' <Predicate = true> <Delay = 0.00> <CoreInst = "TAddSub">   --->   Core 10 'TAddSub' <Latency = 0> <II = 1> <Delay = 1.95> <IPBlock> <Opcode : '' 'add' 'sub'> <InPorts = 3> <OutPorts = 1> <Sync> <CReg>
ST_3 : Operation 680 [1/1] (3.90ns) (root node of TernaryAdder)   --->   "%add_ln58_5979 = add i16 %add_ln58_5978, i16 %mult_414" [firmware/nnet_utils/nnet_dense_latency.h:58]   --->   Operation 680 'add' 'add_ln58_5979' <Predicate = true> <Delay = 3.90> <CoreInst = "TAddSub">   --->   Core 10 'TAddSub' <Latency = 0> <II = 1> <Delay = 1.95> <IPBlock> <Opcode : '' 'add' 'sub'> <InPorts = 3> <OutPorts = 1> <Sync> <CReg>
ST_3 : Operation 681 [1/1] (0.00ns) (grouped into TernaryAdder)   --->   "%add_ln58_5982 = add i16 %add_ln58_5981, i16 %sext_ln42_108" [firmware/nnet_utils/nnet_dense_latency.h:58]   --->   Operation 681 'add' 'add_ln58_5982' <Predicate = true> <Delay = 0.00> <CoreInst = "TAddSub">   --->   Core 10 'TAddSub' <Latency = 0> <II = 1> <Delay = 1.95> <IPBlock> <Opcode : '' 'add' 'sub'> <InPorts = 3> <OutPorts = 1> <Sync> <CReg>
ST_3 : Operation 682 [1/1] (3.90ns) (root node of TernaryAdder)   --->   "%add_ln58_5985 = add i16 %add_ln58_5984, i16 %add_ln58_5982" [firmware/nnet_utils/nnet_dense_latency.h:58]   --->   Operation 682 'add' 'add_ln58_5985' <Predicate = true> <Delay = 3.90> <CoreInst = "TAddSub">   --->   Core 10 'TAddSub' <Latency = 0> <II = 1> <Delay = 1.95> <IPBlock> <Opcode : '' 'add' 'sub'> <InPorts = 3> <OutPorts = 1> <Sync> <CReg>
ST_3 : Operation 683 [1/1] (0.00ns) (grouped into TernaryAdder)   --->   "%add_ln58_5987 = add i16 %mult_363, i16 %mult_397" [firmware/nnet_utils/nnet_dense_latency.h:58]   --->   Operation 683 'add' 'add_ln58_5987' <Predicate = true> <Delay = 0.00> <CoreInst = "TAddSub">   --->   Core 10 'TAddSub' <Latency = 0> <II = 1> <Delay = 1.95> <IPBlock> <Opcode : '' 'add' 'sub'> <InPorts = 3> <OutPorts = 1> <Sync> <CReg>
ST_3 : Operation 684 [1/1] (3.90ns) (root node of TernaryAdder)   --->   "%add_ln58_5988 = add i16 %add_ln58_5987, i16 %mult_387" [firmware/nnet_utils/nnet_dense_latency.h:58]   --->   Operation 684 'add' 'add_ln58_5988' <Predicate = true> <Delay = 3.90> <CoreInst = "TAddSub">   --->   Core 10 'TAddSub' <Latency = 0> <II = 1> <Delay = 1.95> <IPBlock> <Opcode : '' 'add' 'sub'> <InPorts = 3> <OutPorts = 1> <Sync> <CReg>
ST_3 : Operation 685 [1/1] (0.00ns) (grouped into TernaryAdder)   --->   "%add_ln58_5989 = add i16 %sext_ln42_97, i16 %mult_437" [firmware/nnet_utils/nnet_dense_latency.h:58]   --->   Operation 685 'add' 'add_ln58_5989' <Predicate = true> <Delay = 0.00> <CoreInst = "TAddSub">   --->   Core 10 'TAddSub' <Latency = 0> <II = 1> <Delay = 1.95> <IPBlock> <Opcode : '' 'add' 'sub'> <InPorts = 3> <OutPorts = 1> <Sync> <CReg>
ST_3 : Operation 686 [1/1] (3.90ns) (root node of TernaryAdder)   --->   "%add_ln58_5990 = add i16 %add_ln58_5989, i16 %mult_414" [firmware/nnet_utils/nnet_dense_latency.h:58]   --->   Operation 686 'add' 'add_ln58_5990' <Predicate = true> <Delay = 3.90> <CoreInst = "TAddSub">   --->   Core 10 'TAddSub' <Latency = 0> <II = 1> <Delay = 1.95> <IPBlock> <Opcode : '' 'add' 'sub'> <InPorts = 3> <OutPorts = 1> <Sync> <CReg>
ST_3 : Operation 687 [1/1] (0.00ns) (grouped into TernaryAdder)   --->   "%add_ln58_5993 = add i16 %add_ln58_5992, i16 %mult_447" [firmware/nnet_utils/nnet_dense_latency.h:58]   --->   Operation 687 'add' 'add_ln58_5993' <Predicate = true> <Delay = 0.00> <CoreInst = "TAddSub">   --->   Core 10 'TAddSub' <Latency = 0> <II = 1> <Delay = 1.95> <IPBlock> <Opcode : '' 'add' 'sub'> <InPorts = 3> <OutPorts = 1> <Sync> <CReg>
ST_3 : Operation 688 [1/1] (3.90ns) (root node of TernaryAdder)   --->   "%add_ln58_5996 = add i16 %add_ln58_5995, i16 %add_ln58_5993" [firmware/nnet_utils/nnet_dense_latency.h:58]   --->   Operation 688 'add' 'add_ln58_5996' <Predicate = true> <Delay = 3.90> <CoreInst = "TAddSub">   --->   Core 10 'TAddSub' <Latency = 0> <II = 1> <Delay = 1.95> <IPBlock> <Opcode : '' 'add' 'sub'> <InPorts = 3> <OutPorts = 1> <Sync> <CReg>
ST_3 : Operation 689 [1/1] (0.00ns) (grouped into TernaryAdder)   --->   "%add_ln58_5998 = add i16 %mult_398, i16 %sext_ln42_91" [firmware/nnet_utils/nnet_dense_latency.h:58]   --->   Operation 689 'add' 'add_ln58_5998' <Predicate = true> <Delay = 0.00> <CoreInst = "TAddSub">   --->   Core 10 'TAddSub' <Latency = 0> <II = 1> <Delay = 1.95> <IPBlock> <Opcode : '' 'add' 'sub'> <InPorts = 3> <OutPorts = 1> <Sync> <CReg>
ST_3 : Operation 690 [1/1] (3.90ns) (root node of TernaryAdder)   --->   "%add_ln58_5999 = add i16 %add_ln58_5998, i16 %mult_386" [firmware/nnet_utils/nnet_dense_latency.h:58]   --->   Operation 690 'add' 'add_ln58_5999' <Predicate = true> <Delay = 3.90> <CoreInst = "TAddSub">   --->   Core 10 'TAddSub' <Latency = 0> <II = 1> <Delay = 1.95> <IPBlock> <Opcode : '' 'add' 'sub'> <InPorts = 3> <OutPorts = 1> <Sync> <CReg>
ST_3 : Operation 691 [1/1] (0.00ns) (grouped into TernaryAdder)   --->   "%add_ln58_6000 = add i16 %mult_414, i16 %mult_435" [firmware/nnet_utils/nnet_dense_latency.h:58]   --->   Operation 691 'add' 'add_ln58_6000' <Predicate = true> <Delay = 0.00> <CoreInst = "TAddSub">   --->   Core 10 'TAddSub' <Latency = 0> <II = 1> <Delay = 1.95> <IPBlock> <Opcode : '' 'add' 'sub'> <InPorts = 3> <OutPorts = 1> <Sync> <CReg>
ST_3 : Operation 692 [1/1] (3.90ns) (root node of TernaryAdder)   --->   "%add_ln58_6002 = add i16 %add_ln58_6001, i16 %add_ln58_6000" [firmware/nnet_utils/nnet_dense_latency.h:58]   --->   Operation 692 'add' 'add_ln58_6002' <Predicate = true> <Delay = 3.90> <CoreInst = "TAddSub">   --->   Core 10 'TAddSub' <Latency = 0> <II = 1> <Delay = 1.95> <IPBlock> <Opcode : '' 'add' 'sub'> <InPorts = 3> <OutPorts = 1> <Sync> <CReg>
ST_3 : Operation 693 [1/1] (0.00ns) (grouped into TernaryAdder)   --->   "%add_ln58_6005 = add i16 %add_ln58_6004, i16 %sext_ln42_110" [firmware/nnet_utils/nnet_dense_latency.h:58]   --->   Operation 693 'add' 'add_ln58_6005' <Predicate = true> <Delay = 0.00> <CoreInst = "TAddSub">   --->   Core 10 'TAddSub' <Latency = 0> <II = 1> <Delay = 1.95> <IPBlock> <Opcode : '' 'add' 'sub'> <InPorts = 3> <OutPorts = 1> <Sync> <CReg>
ST_3 : Operation 694 [1/1] (3.90ns) (root node of TernaryAdder)   --->   "%add_ln58_6009 = add i16 %add_ln58_6008, i16 %add_ln58_6005" [firmware/nnet_utils/nnet_dense_latency.h:58]   --->   Operation 694 'add' 'add_ln58_6009' <Predicate = true> <Delay = 3.90> <CoreInst = "TAddSub">   --->   Core 10 'TAddSub' <Latency = 0> <II = 1> <Delay = 1.95> <IPBlock> <Opcode : '' 'add' 'sub'> <InPorts = 3> <OutPorts = 1> <Sync> <CReg>
ST_3 : Operation 695 [1/1] (0.00ns) (grouped into TernaryAdder)   --->   "%add_ln58_6011 = add i16 %mult_388, i16 %sext_ln42_92" [firmware/nnet_utils/nnet_dense_latency.h:58]   --->   Operation 695 'add' 'add_ln58_6011' <Predicate = true> <Delay = 0.00> <CoreInst = "TAddSub">   --->   Core 10 'TAddSub' <Latency = 0> <II = 1> <Delay = 1.95> <IPBlock> <Opcode : '' 'add' 'sub'> <InPorts = 3> <OutPorts = 1> <Sync> <CReg>
ST_3 : Operation 696 [1/1] (3.90ns) (root node of TernaryAdder)   --->   "%add_ln58_6012 = add i16 %add_ln58_6011, i16 %mult_376" [firmware/nnet_utils/nnet_dense_latency.h:58]   --->   Operation 696 'add' 'add_ln58_6012' <Predicate = true> <Delay = 3.90> <CoreInst = "TAddSub">   --->   Core 10 'TAddSub' <Latency = 0> <II = 1> <Delay = 1.95> <IPBlock> <Opcode : '' 'add' 'sub'> <InPorts = 3> <OutPorts = 1> <Sync> <CReg>
ST_3 : Operation 697 [1/1] (2.07ns)   --->   "%add_ln58_6014 = add i16 %add_ln58_6013, i16 %sext_ln42_99" [firmware/nnet_utils/nnet_dense_latency.h:58]   --->   Operation 697 'add' 'add_ln58_6014' <Predicate = true> <Delay = 2.07> <CoreInst = "Adder">   --->   Core 1 'Adder' <Latency = 0> <II = 1> <Delay = 2.07> <FuncUnit> <Opcode : 'add' 'sub'> <InPorts = 2> <OutPorts = 1>
ST_3 : Operation 698 [1/1] (2.07ns)   --->   "%add_ln58_6022 = add i16 %sext_ln58_3061, i16 %mult_363" [firmware/nnet_utils/nnet_dense_latency.h:58]   --->   Operation 698 'add' 'add_ln58_6022' <Predicate = true> <Delay = 2.07> <CoreInst = "Adder">   --->   Core 1 'Adder' <Latency = 0> <II = 1> <Delay = 2.07> <FuncUnit> <Opcode : 'add' 'sub'> <InPorts = 2> <OutPorts = 1>
ST_3 : Operation 699 [1/1] (0.00ns) (grouped into TernaryAdder)   --->   "%add_ln58_6023 = add i16 %sext_ln42_92, i16 %sext_ln42_94" [firmware/nnet_utils/nnet_dense_latency.h:58]   --->   Operation 699 'add' 'add_ln58_6023' <Predicate = true> <Delay = 0.00> <CoreInst = "TAddSub">   --->   Core 10 'TAddSub' <Latency = 0> <II = 1> <Delay = 1.95> <IPBlock> <Opcode : '' 'add' 'sub'> <InPorts = 3> <OutPorts = 1> <Sync> <CReg>
ST_3 : Operation 700 [1/1] (3.90ns) (root node of TernaryAdder)   --->   "%add_ln58_6024 = add i16 %add_ln58_6023, i16 %sext_ln42_89" [firmware/nnet_utils/nnet_dense_latency.h:58]   --->   Operation 700 'add' 'add_ln58_6024' <Predicate = true> <Delay = 3.90> <CoreInst = "TAddSub">   --->   Core 10 'TAddSub' <Latency = 0> <II = 1> <Delay = 1.95> <IPBlock> <Opcode : '' 'add' 'sub'> <InPorts = 3> <OutPorts = 1> <Sync> <CReg>
ST_3 : Operation 701 [1/1] (0.00ns) (grouped into TernaryAdder)   --->   "%add_ln58_6027 = add i16 %add_ln58_6026, i16 %sext_ln42_104" [firmware/nnet_utils/nnet_dense_latency.h:58]   --->   Operation 701 'add' 'add_ln58_6027' <Predicate = true> <Delay = 0.00> <CoreInst = "TAddSub">   --->   Core 10 'TAddSub' <Latency = 0> <II = 1> <Delay = 1.95> <IPBlock> <Opcode : '' 'add' 'sub'> <InPorts = 3> <OutPorts = 1> <Sync> <CReg>
ST_3 : Operation 702 [1/1] (0.00ns)   --->   "%sext_ln58_2234 = sext i15 %add_ln58_6029" [firmware/nnet_utils/nnet_dense_latency.h:58]   --->   Operation 702 'sext' 'sext_ln58_2234' <Predicate = true> <Delay = 0.00>
ST_3 : Operation 703 [1/1] (3.90ns) (root node of TernaryAdder)   --->   "%add_ln58_6030 = add i16 %sext_ln58_2234, i16 %add_ln58_6027" [firmware/nnet_utils/nnet_dense_latency.h:58]   --->   Operation 703 'add' 'add_ln58_6030' <Predicate = true> <Delay = 3.90> <CoreInst = "TAddSub">   --->   Core 10 'TAddSub' <Latency = 0> <II = 1> <Delay = 1.95> <IPBlock> <Opcode : '' 'add' 'sub'> <InPorts = 3> <OutPorts = 1> <Sync> <CReg>
ST_3 : Operation 704 [1/1] (0.00ns) (grouped into TernaryAdder)   --->   "%add_ln58_6032 = add i16 %sext_ln42_87, i16 %mult_408" [firmware/nnet_utils/nnet_dense_latency.h:58]   --->   Operation 704 'add' 'add_ln58_6032' <Predicate = true> <Delay = 0.00> <CoreInst = "TAddSub">   --->   Core 10 'TAddSub' <Latency = 0> <II = 1> <Delay = 1.95> <IPBlock> <Opcode : '' 'add' 'sub'> <InPorts = 3> <OutPorts = 1> <Sync> <CReg>
ST_3 : Operation 705 [1/1] (3.90ns) (root node of TernaryAdder)   --->   "%add_ln58_6033 = add i16 %add_ln58_6032, i16 %mult_374" [firmware/nnet_utils/nnet_dense_latency.h:58]   --->   Operation 705 'add' 'add_ln58_6033' <Predicate = true> <Delay = 3.90> <CoreInst = "TAddSub">   --->   Core 10 'TAddSub' <Latency = 0> <II = 1> <Delay = 1.95> <IPBlock> <Opcode : '' 'add' 'sub'> <InPorts = 3> <OutPorts = 1> <Sync> <CReg>
ST_3 : Operation 706 [1/1] (0.00ns) (grouped into TernaryAdder)   --->   "%add_ln58_6034 = add i16 %mult_416, i16 %sext_ln42_103" [firmware/nnet_utils/nnet_dense_latency.h:58]   --->   Operation 706 'add' 'add_ln58_6034' <Predicate = true> <Delay = 0.00> <CoreInst = "TAddSub">   --->   Core 10 'TAddSub' <Latency = 0> <II = 1> <Delay = 1.95> <IPBlock> <Opcode : '' 'add' 'sub'> <InPorts = 3> <OutPorts = 1> <Sync> <CReg>
ST_3 : Operation 707 [1/1] (3.90ns) (root node of TernaryAdder)   --->   "%add_ln58_6036 = add i16 %add_ln58_6035, i16 %add_ln58_6034" [firmware/nnet_utils/nnet_dense_latency.h:58]   --->   Operation 707 'add' 'add_ln58_6036' <Predicate = true> <Delay = 3.90> <CoreInst = "TAddSub">   --->   Core 10 'TAddSub' <Latency = 0> <II = 1> <Delay = 1.95> <IPBlock> <Opcode : '' 'add' 'sub'> <InPorts = 3> <OutPorts = 1> <Sync> <CReg>
ST_3 : Operation 708 [1/1] (0.00ns) (grouped into TernaryAdder)   --->   "%add_ln58_6039 = add i16 %add_ln58_6038, i16 %mult_499" [firmware/nnet_utils/nnet_dense_latency.h:58]   --->   Operation 708 'add' 'add_ln58_6039' <Predicate = true> <Delay = 0.00> <CoreInst = "TAddSub">   --->   Core 10 'TAddSub' <Latency = 0> <II = 1> <Delay = 1.95> <IPBlock> <Opcode : '' 'add' 'sub'> <InPorts = 3> <OutPorts = 1> <Sync> <CReg>
ST_3 : Operation 709 [1/1] (3.90ns) (root node of TernaryAdder)   --->   "%add_ln58_6043 = add i16 %add_ln58_6042, i16 %add_ln58_6039" [firmware/nnet_utils/nnet_dense_latency.h:58]   --->   Operation 709 'add' 'add_ln58_6043' <Predicate = true> <Delay = 3.90> <CoreInst = "TAddSub">   --->   Core 10 'TAddSub' <Latency = 0> <II = 1> <Delay = 1.95> <IPBlock> <Opcode : '' 'add' 'sub'> <InPorts = 3> <OutPorts = 1> <Sync> <CReg>
ST_3 : Operation 710 [1/1] (0.00ns) (grouped into TernaryAdder)   --->   "%add_ln58_6045 = add i16 %sext_ln42_86, i16 %mult_440" [firmware/nnet_utils/nnet_dense_latency.h:58]   --->   Operation 710 'add' 'add_ln58_6045' <Predicate = true> <Delay = 0.00> <CoreInst = "TAddSub">   --->   Core 10 'TAddSub' <Latency = 0> <II = 1> <Delay = 1.95> <IPBlock> <Opcode : '' 'add' 'sub'> <InPorts = 3> <OutPorts = 1> <Sync> <CReg>
ST_3 : Operation 711 [1/1] (3.90ns) (root node of TernaryAdder)   --->   "%add_ln58_6046 = add i16 %add_ln58_6045, i16 %mult_365" [firmware/nnet_utils/nnet_dense_latency.h:58]   --->   Operation 711 'add' 'add_ln58_6046' <Predicate = true> <Delay = 3.90> <CoreInst = "TAddSub">   --->   Core 10 'TAddSub' <Latency = 0> <II = 1> <Delay = 1.95> <IPBlock> <Opcode : '' 'add' 'sub'> <InPorts = 3> <OutPorts = 1> <Sync> <CReg>
ST_3 : Operation 712 [1/1] (0.00ns) (grouped into TernaryAdder)   --->   "%add_ln58_6047 = add i16 %mult_469, i16 %mult_487" [firmware/nnet_utils/nnet_dense_latency.h:58]   --->   Operation 712 'add' 'add_ln58_6047' <Predicate = true> <Delay = 0.00> <CoreInst = "TAddSub">   --->   Core 10 'TAddSub' <Latency = 0> <II = 1> <Delay = 1.95> <IPBlock> <Opcode : '' 'add' 'sub'> <InPorts = 3> <OutPorts = 1> <Sync> <CReg>
ST_3 : Operation 713 [1/1] (3.90ns) (root node of TernaryAdder)   --->   "%add_ln58_6048 = add i16 %add_ln58_6047, i16 %mult_450" [firmware/nnet_utils/nnet_dense_latency.h:58]   --->   Operation 713 'add' 'add_ln58_6048' <Predicate = true> <Delay = 3.90> <CoreInst = "TAddSub">   --->   Core 10 'TAddSub' <Latency = 0> <II = 1> <Delay = 1.95> <IPBlock> <Opcode : '' 'add' 'sub'> <InPorts = 3> <OutPorts = 1> <Sync> <CReg>
ST_3 : Operation 714 [1/1] (0.00ns) (grouped into TernaryAdder)   --->   "%add_ln58_6056 = add i16 %sext_ln42_87, i16 %sext_ln42_89" [firmware/nnet_utils/nnet_dense_latency.h:58]   --->   Operation 714 'add' 'add_ln58_6056' <Predicate = true> <Delay = 0.00> <CoreInst = "TAddSub">   --->   Core 10 'TAddSub' <Latency = 0> <II = 1> <Delay = 1.95> <IPBlock> <Opcode : '' 'add' 'sub'> <InPorts = 3> <OutPorts = 1> <Sync> <CReg>
ST_3 : Operation 715 [1/1] (3.90ns) (root node of TernaryAdder)   --->   "%add_ln58_6057 = add i16 %add_ln58_6056, i16 %mult_366" [firmware/nnet_utils/nnet_dense_latency.h:58]   --->   Operation 715 'add' 'add_ln58_6057' <Predicate = true> <Delay = 3.90> <CoreInst = "TAddSub">   --->   Core 10 'TAddSub' <Latency = 0> <II = 1> <Delay = 1.95> <IPBlock> <Opcode : '' 'add' 'sub'> <InPorts = 3> <OutPorts = 1> <Sync> <CReg>
ST_3 : Operation 716 [1/1] (0.00ns) (grouped into TernaryAdder)   --->   "%add_ln58_6058 = add i16 %mult_470, i16 %sext_ln42_115" [firmware/nnet_utils/nnet_dense_latency.h:58]   --->   Operation 716 'add' 'add_ln58_6058' <Predicate = true> <Delay = 0.00> <CoreInst = "TAddSub">   --->   Core 10 'TAddSub' <Latency = 0> <II = 1> <Delay = 1.95> <IPBlock> <Opcode : '' 'add' 'sub'> <InPorts = 3> <OutPorts = 1> <Sync> <CReg>
ST_3 : Operation 717 [1/1] (3.90ns) (root node of TernaryAdder)   --->   "%add_ln58_6059 = add i16 %add_ln58_6058, i16 %mult_429" [firmware/nnet_utils/nnet_dense_latency.h:58]   --->   Operation 717 'add' 'add_ln58_6059' <Predicate = true> <Delay = 3.90> <CoreInst = "TAddSub">   --->   Core 10 'TAddSub' <Latency = 0> <II = 1> <Delay = 1.95> <IPBlock> <Opcode : '' 'add' 'sub'> <InPorts = 3> <OutPorts = 1> <Sync> <CReg>
ST_3 : Operation 718 [1/1] (0.00ns) (grouped into TernaryAdder)   --->   "%add_ln58_6067 = add i16 %mult_388, i16 %mult_408" [firmware/nnet_utils/nnet_dense_latency.h:58]   --->   Operation 718 'add' 'add_ln58_6067' <Predicate = true> <Delay = 0.00> <CoreInst = "TAddSub">   --->   Core 10 'TAddSub' <Latency = 0> <II = 1> <Delay = 1.95> <IPBlock> <Opcode : '' 'add' 'sub'> <InPorts = 3> <OutPorts = 1> <Sync> <CReg>
ST_3 : Operation 719 [1/1] (3.90ns) (root node of TernaryAdder)   --->   "%add_ln58_6068 = add i16 %add_ln58_6067, i16 %add_ln58" [firmware/nnet_utils/nnet_dense_latency.h:58]   --->   Operation 719 'add' 'add_ln58_6068' <Predicate = true> <Delay = 3.90> <CoreInst = "TAddSub">   --->   Core 10 'TAddSub' <Latency = 0> <II = 1> <Delay = 1.95> <IPBlock> <Opcode : '' 'add' 'sub'> <InPorts = 3> <OutPorts = 1> <Sync> <CReg>
ST_3 : Operation 720 [1/1] (0.00ns) (grouped into TernaryAdder)   --->   "%add_ln58_6069 = add i16 %mult_430, i16 %mult_460" [firmware/nnet_utils/nnet_dense_latency.h:58]   --->   Operation 720 'add' 'add_ln58_6069' <Predicate = true> <Delay = 0.00> <CoreInst = "TAddSub">   --->   Core 10 'TAddSub' <Latency = 0> <II = 1> <Delay = 1.95> <IPBlock> <Opcode : '' 'add' 'sub'> <InPorts = 3> <OutPorts = 1> <Sync> <CReg>
ST_3 : Operation 721 [1/1] (3.90ns) (root node of TernaryAdder)   --->   "%add_ln58_6070 = add i16 %add_ln58_6069, i16 %sext_ln42_95" [firmware/nnet_utils/nnet_dense_latency.h:58]   --->   Operation 721 'add' 'add_ln58_6070' <Predicate = true> <Delay = 3.90> <CoreInst = "TAddSub">   --->   Core 10 'TAddSub' <Latency = 0> <II = 1> <Delay = 1.95> <IPBlock> <Opcode : '' 'add' 'sub'> <InPorts = 3> <OutPorts = 1> <Sync> <CReg>
ST_3 : Operation 722 [1/1] (0.00ns) (grouped into TernaryAdder)   --->   "%add_ln58_6073 = add i16 %add_ln58_6072, i16 %mult_469" [firmware/nnet_utils/nnet_dense_latency.h:58]   --->   Operation 722 'add' 'add_ln58_6073' <Predicate = true> <Delay = 0.00> <CoreInst = "TAddSub">   --->   Core 10 'TAddSub' <Latency = 0> <II = 1> <Delay = 1.95> <IPBlock> <Opcode : '' 'add' 'sub'> <InPorts = 3> <OutPorts = 1> <Sync> <CReg>
ST_3 : Operation 723 [1/1] (0.00ns)   --->   "%sext_ln58_2243 = sext i15 %add_ln58_6075" [firmware/nnet_utils/nnet_dense_latency.h:58]   --->   Operation 723 'sext' 'sext_ln58_2243' <Predicate = true> <Delay = 0.00>
ST_3 : Operation 724 [1/1] (3.90ns) (root node of TernaryAdder)   --->   "%add_ln58_6076 = add i16 %sext_ln58_2243, i16 %add_ln58_6073" [firmware/nnet_utils/nnet_dense_latency.h:58]   --->   Operation 724 'add' 'add_ln58_6076' <Predicate = true> <Delay = 3.90> <CoreInst = "TAddSub">   --->   Core 10 'TAddSub' <Latency = 0> <II = 1> <Delay = 1.95> <IPBlock> <Opcode : '' 'add' 'sub'> <InPorts = 3> <OutPorts = 1> <Sync> <CReg>
ST_3 : Operation 725 [1/1] (2.07ns)   --->   "%add_ln58_6078 = add i16 %mult_366, i16 %sext_ln42_83" [firmware/nnet_utils/nnet_dense_latency.h:58]   --->   Operation 725 'add' 'add_ln58_6078' <Predicate = true> <Delay = 2.07> <CoreInst = "Adder">   --->   Core 1 'Adder' <Latency = 0> <II = 1> <Delay = 2.07> <FuncUnit> <Opcode : 'add' 'sub'> <InPorts = 2> <OutPorts = 1>
ST_3 : Operation 726 [1/1] (0.00ns) (grouped into TernaryAdder)   --->   "%add_ln58_6079 = add i16 %mult_410, i16 %sext_ln42_97" [firmware/nnet_utils/nnet_dense_latency.h:58]   --->   Operation 726 'add' 'add_ln58_6079' <Predicate = true> <Delay = 0.00> <CoreInst = "TAddSub">   --->   Core 10 'TAddSub' <Latency = 0> <II = 1> <Delay = 1.95> <IPBlock> <Opcode : '' 'add' 'sub'> <InPorts = 3> <OutPorts = 1> <Sync> <CReg>
ST_3 : Operation 727 [1/1] (3.90ns) (root node of TernaryAdder)   --->   "%add_ln58_6080 = add i16 %add_ln58_6079, i16 %mult_387" [firmware/nnet_utils/nnet_dense_latency.h:58]   --->   Operation 727 'add' 'add_ln58_6080' <Predicate = true> <Delay = 3.90> <CoreInst = "TAddSub">   --->   Core 10 'TAddSub' <Latency = 0> <II = 1> <Delay = 1.95> <IPBlock> <Opcode : '' 'add' 'sub'> <InPorts = 3> <OutPorts = 1> <Sync> <CReg>
ST_3 : Operation 728 [1/1] (0.00ns) (grouped into TernaryAdder)   --->   "%add_ln58_6082 = add i16 %add_ln58_6013, i16 %sext_ln42_103" [firmware/nnet_utils/nnet_dense_latency.h:58]   --->   Operation 728 'add' 'add_ln58_6082' <Predicate = true> <Delay = 0.00> <CoreInst = "TAddSub">   --->   Core 10 'TAddSub' <Latency = 0> <II = 1> <Delay = 1.95> <IPBlock> <Opcode : '' 'add' 'sub'> <InPorts = 3> <OutPorts = 1> <Sync> <CReg>
ST_3 : Operation 729 [1/1] (3.90ns) (root node of TernaryAdder)   --->   "%add_ln58_6085 = add i16 %add_ln58_6084, i16 %add_ln58_6082" [firmware/nnet_utils/nnet_dense_latency.h:58]   --->   Operation 729 'add' 'add_ln58_6085' <Predicate = true> <Delay = 3.90> <CoreInst = "TAddSub">   --->   Core 10 'TAddSub' <Latency = 0> <II = 1> <Delay = 1.95> <IPBlock> <Opcode : '' 'add' 'sub'> <InPorts = 3> <OutPorts = 1> <Sync> <CReg>
ST_3 : Operation 730 [1/1] (0.00ns) (grouped into TernaryAdder)   --->   "%add_ln58_6087 = add i16 %mult_379, i16 %mult_400" [firmware/nnet_utils/nnet_dense_latency.h:58]   --->   Operation 730 'add' 'add_ln58_6087' <Predicate = true> <Delay = 0.00> <CoreInst = "TAddSub">   --->   Core 10 'TAddSub' <Latency = 0> <II = 1> <Delay = 1.95> <IPBlock> <Opcode : '' 'add' 'sub'> <InPorts = 3> <OutPorts = 1> <Sync> <CReg>
ST_3 : Operation 731 [1/1] (3.90ns) (root node of TernaryAdder)   --->   "%add_ln58_6088 = add i16 %add_ln58_6087, i16 %mult_363" [firmware/nnet_utils/nnet_dense_latency.h:58]   --->   Operation 731 'add' 'add_ln58_6088' <Predicate = true> <Delay = 3.90> <CoreInst = "TAddSub">   --->   Core 10 'TAddSub' <Latency = 0> <II = 1> <Delay = 1.95> <IPBlock> <Opcode : '' 'add' 'sub'> <InPorts = 3> <OutPorts = 1> <Sync> <CReg>
ST_3 : Operation 732 [1/1] (0.00ns) (grouped into TernaryAdder)   --->   "%add_ln58_6089 = add i16 %mult_431, i16 %sext_ln42_105" [firmware/nnet_utils/nnet_dense_latency.h:58]   --->   Operation 732 'add' 'add_ln58_6089' <Predicate = true> <Delay = 0.00> <CoreInst = "TAddSub">   --->   Core 10 'TAddSub' <Latency = 0> <II = 1> <Delay = 1.95> <IPBlock> <Opcode : '' 'add' 'sub'> <InPorts = 3> <OutPorts = 1> <Sync> <CReg>
ST_3 : Operation 733 [1/1] (3.90ns) (root node of TernaryAdder)   --->   "%add_ln58_6090 = add i16 %add_ln58_6089, i16 %mult_414" [firmware/nnet_utils/nnet_dense_latency.h:58]   --->   Operation 733 'add' 'add_ln58_6090' <Predicate = true> <Delay = 3.90> <CoreInst = "TAddSub">   --->   Core 10 'TAddSub' <Latency = 0> <II = 1> <Delay = 1.95> <IPBlock> <Opcode : '' 'add' 'sub'> <InPorts = 3> <OutPorts = 1> <Sync> <CReg>
ST_3 : Operation 734 [1/1] (0.00ns) (grouped into TernaryAdder)   --->   "%add_ln58_6093 = add i16 %add_ln58_6092, i16 %sext_ln42_107" [firmware/nnet_utils/nnet_dense_latency.h:58]   --->   Operation 734 'add' 'add_ln58_6093' <Predicate = true> <Delay = 0.00> <CoreInst = "TAddSub">   --->   Core 10 'TAddSub' <Latency = 0> <II = 1> <Delay = 1.95> <IPBlock> <Opcode : '' 'add' 'sub'> <InPorts = 3> <OutPorts = 1> <Sync> <CReg>
ST_3 : Operation 735 [1/1] (3.90ns) (root node of TernaryAdder)   --->   "%add_ln58_6097 = add i16 %add_ln58_6096, i16 %add_ln58_6093" [firmware/nnet_utils/nnet_dense_latency.h:58]   --->   Operation 735 'add' 'add_ln58_6097' <Predicate = true> <Delay = 3.90> <CoreInst = "TAddSub">   --->   Core 10 'TAddSub' <Latency = 0> <II = 1> <Delay = 1.95> <IPBlock> <Opcode : '' 'add' 'sub'> <InPorts = 3> <OutPorts = 1> <Sync> <CReg>
ST_3 : Operation 736 [1/1] (0.00ns) (grouped into TernaryAdder)   --->   "%add_ln58_6099 = add i16 %mult_411, i16 %sext_ln42_94" [firmware/nnet_utils/nnet_dense_latency.h:58]   --->   Operation 736 'add' 'add_ln58_6099' <Predicate = true> <Delay = 0.00> <CoreInst = "TAddSub">   --->   Core 10 'TAddSub' <Latency = 0> <II = 1> <Delay = 1.95> <IPBlock> <Opcode : '' 'add' 'sub'> <InPorts = 3> <OutPorts = 1> <Sync> <CReg>
ST_3 : Operation 737 [1/1] (3.90ns) (root node of TernaryAdder)   --->   "%add_ln58_6100 = add i16 %add_ln58_6099, i16 %mult_401" [firmware/nnet_utils/nnet_dense_latency.h:58]   --->   Operation 737 'add' 'add_ln58_6100' <Predicate = true> <Delay = 3.90> <CoreInst = "TAddSub">   --->   Core 10 'TAddSub' <Latency = 0> <II = 1> <Delay = 1.95> <IPBlock> <Opcode : '' 'add' 'sub'> <InPorts = 3> <OutPorts = 1> <Sync> <CReg>
ST_3 : Operation 738 [1/1] (0.00ns) (grouped into TernaryAdder)   --->   "%add_ln58_6101 = add i16 %sext_ln42_103, i16 %mult_460" [firmware/nnet_utils/nnet_dense_latency.h:58]   --->   Operation 738 'add' 'add_ln58_6101' <Predicate = true> <Delay = 0.00> <CoreInst = "TAddSub">   --->   Core 10 'TAddSub' <Latency = 0> <II = 1> <Delay = 1.95> <IPBlock> <Opcode : '' 'add' 'sub'> <InPorts = 3> <OutPorts = 1> <Sync> <CReg>
ST_3 : Operation 739 [1/1] (3.90ns) (root node of TernaryAdder)   --->   "%add_ln58_6102 = add i16 %add_ln58_6101, i16 %mult_432" [firmware/nnet_utils/nnet_dense_latency.h:58]   --->   Operation 739 'add' 'add_ln58_6102' <Predicate = true> <Delay = 3.90> <CoreInst = "TAddSub">   --->   Core 10 'TAddSub' <Latency = 0> <II = 1> <Delay = 1.95> <IPBlock> <Opcode : '' 'add' 'sub'> <InPorts = 3> <OutPorts = 1> <Sync> <CReg>
ST_3 : Operation 740 [1/1] (0.00ns) (grouped into TernaryAdder)   --->   "%add_ln58_6111 = add i16 %sext_ln42_91, i16 %mult_419" [firmware/nnet_utils/nnet_dense_latency.h:58]   --->   Operation 740 'add' 'add_ln58_6111' <Predicate = true> <Delay = 0.00> <CoreInst = "TAddSub">   --->   Core 10 'TAddSub' <Latency = 0> <II = 1> <Delay = 1.95> <IPBlock> <Opcode : '' 'add' 'sub'> <InPorts = 3> <OutPorts = 1> <Sync> <CReg>
ST_3 : Operation 741 [1/1] (3.90ns) (root node of TernaryAdder)   --->   "%add_ln58_6112 = add i16 %add_ln58_6111, i16 %mult_380" [firmware/nnet_utils/nnet_dense_latency.h:58]   --->   Operation 741 'add' 'add_ln58_6112' <Predicate = true> <Delay = 3.90> <CoreInst = "TAddSub">   --->   Core 10 'TAddSub' <Latency = 0> <II = 1> <Delay = 1.95> <IPBlock> <Opcode : '' 'add' 'sub'> <InPorts = 3> <OutPorts = 1> <Sync> <CReg>
ST_3 : Operation 742 [1/1] (0.00ns) (grouped into TernaryAdder)   --->   "%add_ln58_6113 = add i16 %mult_448, i16 %sext_ln42_107" [firmware/nnet_utils/nnet_dense_latency.h:58]   --->   Operation 742 'add' 'add_ln58_6113' <Predicate = true> <Delay = 0.00> <CoreInst = "TAddSub">   --->   Core 10 'TAddSub' <Latency = 0> <II = 1> <Delay = 1.95> <IPBlock> <Opcode : '' 'add' 'sub'> <InPorts = 3> <OutPorts = 1> <Sync> <CReg>
ST_3 : Operation 743 [1/1] (3.90ns) (root node of TernaryAdder)   --->   "%add_ln58_6114 = add i16 %add_ln58_6113, i16 %sext_ln42_97" [firmware/nnet_utils/nnet_dense_latency.h:58]   --->   Operation 743 'add' 'add_ln58_6114' <Predicate = true> <Delay = 3.90> <CoreInst = "TAddSub">   --->   Core 10 'TAddSub' <Latency = 0> <II = 1> <Delay = 1.95> <IPBlock> <Opcode : '' 'add' 'sub'> <InPorts = 3> <OutPorts = 1> <Sync> <CReg>
ST_3 : Operation 744 [1/1] (0.00ns) (grouped into TernaryAdder)   --->   "%add_ln58_6121 = add i16 %mult_400, i16 %mult_408" [firmware/nnet_utils/nnet_dense_latency.h:58]   --->   Operation 744 'add' 'add_ln58_6121' <Predicate = true> <Delay = 0.00> <CoreInst = "TAddSub">   --->   Core 10 'TAddSub' <Latency = 0> <II = 1> <Delay = 1.95> <IPBlock> <Opcode : '' 'add' 'sub'> <InPorts = 3> <OutPorts = 1> <Sync> <CReg>
ST_3 : Operation 745 [1/1] (3.90ns) (root node of TernaryAdder)   --->   "%add_ln58_6122 = add i16 %add_ln58_6121, i16 %add_ln58_5921" [firmware/nnet_utils/nnet_dense_latency.h:58]   --->   Operation 745 'add' 'add_ln58_6122' <Predicate = true> <Delay = 3.90> <CoreInst = "TAddSub">   --->   Core 10 'TAddSub' <Latency = 0> <II = 1> <Delay = 1.95> <IPBlock> <Opcode : '' 'add' 'sub'> <InPorts = 3> <OutPorts = 1> <Sync> <CReg>
ST_3 : Operation 746 [1/1] (2.07ns)   --->   "%add_ln58_6124 = add i16 %add_ln58_6123, i16 %sext_ln42_94" [firmware/nnet_utils/nnet_dense_latency.h:58]   --->   Operation 746 'add' 'add_ln58_6124' <Predicate = true> <Delay = 2.07> <CoreInst = "Adder">   --->   Core 1 'Adder' <Latency = 0> <II = 1> <Delay = 2.07> <FuncUnit> <Opcode : 'add' 'sub'> <InPorts = 2> <OutPorts = 1>
ST_3 : Operation 747 [1/1] (0.00ns) (grouped into TernaryAdder)   --->   "%add_ln58_6127 = add i16 %add_ln58_6126, i16 %mult_448" [firmware/nnet_utils/nnet_dense_latency.h:58]   --->   Operation 747 'add' 'add_ln58_6127' <Predicate = true> <Delay = 0.00> <CoreInst = "TAddSub">   --->   Core 10 'TAddSub' <Latency = 0> <II = 1> <Delay = 1.95> <IPBlock> <Opcode : '' 'add' 'sub'> <InPorts = 3> <OutPorts = 1> <Sync> <CReg>
ST_3 : Operation 748 [1/1] (3.90ns) (root node of TernaryAdder)   --->   "%add_ln58_6130 = add i16 %add_ln58_6129, i16 %add_ln58_6127" [firmware/nnet_utils/nnet_dense_latency.h:58]   --->   Operation 748 'add' 'add_ln58_6130' <Predicate = true> <Delay = 3.90> <CoreInst = "TAddSub">   --->   Core 10 'TAddSub' <Latency = 0> <II = 1> <Delay = 1.95> <IPBlock> <Opcode : '' 'add' 'sub'> <InPorts = 3> <OutPorts = 1> <Sync> <CReg>
ST_3 : Operation 749 [1/1] (0.00ns) (grouped into TernaryAdder)   --->   "%add_ln58_6132 = add i16 %sext_ln42_83, i16 %sext_ln42_86" [firmware/nnet_utils/nnet_dense_latency.h:58]   --->   Operation 749 'add' 'add_ln58_6132' <Predicate = true> <Delay = 0.00> <CoreInst = "TAddSub">   --->   Core 10 'TAddSub' <Latency = 0> <II = 1> <Delay = 1.95> <IPBlock> <Opcode : '' 'add' 'sub'> <InPorts = 3> <OutPorts = 1> <Sync> <CReg>
ST_3 : Operation 750 [1/1] (3.90ns) (root node of TernaryAdder)   --->   "%add_ln58_6133 = add i16 %add_ln58_6132, i16 %mult_368" [firmware/nnet_utils/nnet_dense_latency.h:58]   --->   Operation 750 'add' 'add_ln58_6133' <Predicate = true> <Delay = 3.90> <CoreInst = "TAddSub">   --->   Core 10 'TAddSub' <Latency = 0> <II = 1> <Delay = 1.95> <IPBlock> <Opcode : '' 'add' 'sub'> <InPorts = 3> <OutPorts = 1> <Sync> <CReg>
ST_3 : Operation 751 [1/1] (2.07ns)   --->   "%add_ln58_6134 = add i16 %mult_420, i16 %sext_ln42_97" [firmware/nnet_utils/nnet_dense_latency.h:58]   --->   Operation 751 'add' 'add_ln58_6134' <Predicate = true> <Delay = 2.07> <CoreInst = "Adder">   --->   Core 1 'Adder' <Latency = 0> <II = 1> <Delay = 2.07> <FuncUnit> <Opcode : 'add' 'sub'> <InPorts = 2> <OutPorts = 1>
ST_3 : Operation 752 [1/1] (2.07ns)   --->   "%add_ln58_6135 = add i16 %add_ln58_6134, i16 %mult_402" [firmware/nnet_utils/nnet_dense_latency.h:58]   --->   Operation 752 'add' 'add_ln58_6135' <Predicate = true> <Delay = 2.07> <CoreInst = "Adder">   --->   Core 1 'Adder' <Latency = 0> <II = 1> <Delay = 2.07> <FuncUnit> <Opcode : 'add' 'sub'> <InPorts = 2> <OutPorts = 1>
ST_3 : Operation 753 [1/1] (0.00ns) (grouped into TernaryAdder)   --->   "%add_ln58_6138 = add i16 %add_ln58_6137, i16 %mult_442" [firmware/nnet_utils/nnet_dense_latency.h:58]   --->   Operation 753 'add' 'add_ln58_6138' <Predicate = true> <Delay = 0.00> <CoreInst = "TAddSub">   --->   Core 10 'TAddSub' <Latency = 0> <II = 1> <Delay = 1.95> <IPBlock> <Opcode : '' 'add' 'sub'> <InPorts = 3> <OutPorts = 1> <Sync> <CReg>
ST_3 : Operation 754 [1/1] (3.90ns) (root node of TernaryAdder)   --->   "%add_ln58_6141 = add i16 %add_ln58_6140, i16 %add_ln58_6138" [firmware/nnet_utils/nnet_dense_latency.h:58]   --->   Operation 754 'add' 'add_ln58_6141' <Predicate = true> <Delay = 3.90> <CoreInst = "TAddSub">   --->   Core 10 'TAddSub' <Latency = 0> <II = 1> <Delay = 1.95> <IPBlock> <Opcode : '' 'add' 'sub'> <InPorts = 3> <OutPorts = 1> <Sync> <CReg>
ST_3 : Operation 755 [1/1] (0.00ns) (grouped into TernaryAdder)   --->   "%add_ln58_6143 = add i16 %mult_392, i16 %mult_400" [firmware/nnet_utils/nnet_dense_latency.h:58]   --->   Operation 755 'add' 'add_ln58_6143' <Predicate = true> <Delay = 0.00> <CoreInst = "TAddSub">   --->   Core 10 'TAddSub' <Latency = 0> <II = 1> <Delay = 1.95> <IPBlock> <Opcode : '' 'add' 'sub'> <InPorts = 3> <OutPorts = 1> <Sync> <CReg>
ST_3 : Operation 756 [1/1] (3.90ns) (root node of TernaryAdder)   --->   "%add_ln58_6144 = add i16 %add_ln58_6143, i16 %mult_363" [firmware/nnet_utils/nnet_dense_latency.h:58]   --->   Operation 756 'add' 'add_ln58_6144' <Predicate = true> <Delay = 3.90> <CoreInst = "TAddSub">   --->   Core 10 'TAddSub' <Latency = 0> <II = 1> <Delay = 1.95> <IPBlock> <Opcode : '' 'add' 'sub'> <InPorts = 3> <OutPorts = 1> <Sync> <CReg>
ST_3 : Operation 757 [1/1] (2.07ns)   --->   "%add_ln58_6145 = add i16 %sext_ln58_3062, i16 %mult_411" [firmware/nnet_utils/nnet_dense_latency.h:58]   --->   Operation 757 'add' 'add_ln58_6145' <Predicate = true> <Delay = 2.07> <CoreInst = "Adder">   --->   Core 1 'Adder' <Latency = 0> <II = 1> <Delay = 2.07> <FuncUnit> <Opcode : 'add' 'sub'> <InPorts = 2> <OutPorts = 1>
ST_3 : Operation 758 [1/1] (0.00ns) (grouped into TernaryAdder)   --->   "%add_ln58_6148 = add i16 %add_ln58_6147, i16 %sext_ln42_105" [firmware/nnet_utils/nnet_dense_latency.h:58]   --->   Operation 758 'add' 'add_ln58_6148' <Predicate = true> <Delay = 0.00> <CoreInst = "TAddSub">   --->   Core 10 'TAddSub' <Latency = 0> <II = 1> <Delay = 1.95> <IPBlock> <Opcode : '' 'add' 'sub'> <InPorts = 3> <OutPorts = 1> <Sync> <CReg>
ST_3 : Operation 759 [1/1] (3.90ns) (root node of TernaryAdder)   --->   "%add_ln58_6152 = add i16 %add_ln58_6151, i16 %add_ln58_6148" [firmware/nnet_utils/nnet_dense_latency.h:58]   --->   Operation 759 'add' 'add_ln58_6152' <Predicate = true> <Delay = 3.90> <CoreInst = "TAddSub">   --->   Core 10 'TAddSub' <Latency = 0> <II = 1> <Delay = 1.95> <IPBlock> <Opcode : '' 'add' 'sub'> <InPorts = 3> <OutPorts = 1> <Sync> <CReg>
ST_3 : Operation 760 [1/1] (0.00ns) (grouped into TernaryAdder)   --->   "%add_ln58_6155 = add i16 %mult_460, i16 %mult_475" [firmware/nnet_utils/nnet_dense_latency.h:58]   --->   Operation 760 'add' 'add_ln58_6155' <Predicate = true> <Delay = 0.00> <CoreInst = "TAddSub">   --->   Core 10 'TAddSub' <Latency = 0> <II = 1> <Delay = 1.95> <IPBlock> <Opcode : '' 'add' 'sub'> <InPorts = 3> <OutPorts = 1> <Sync> <CReg>
ST_3 : Operation 761 [1/1] (3.90ns) (root node of TernaryAdder)   --->   "%add_ln58_6156 = add i16 %add_ln58_6155, i16 %sext_ln42_91" [firmware/nnet_utils/nnet_dense_latency.h:58]   --->   Operation 761 'add' 'add_ln58_6156' <Predicate = true> <Delay = 3.90> <CoreInst = "TAddSub">   --->   Core 10 'TAddSub' <Latency = 0> <II = 1> <Delay = 1.95> <IPBlock> <Opcode : '' 'add' 'sub'> <InPorts = 3> <OutPorts = 1> <Sync> <CReg>
ST_3 : Operation 762 [1/1] (0.00ns) (grouped into TernaryAdder)   --->   "%add_ln58_6164 = add i16 %add_ln58_5921, i16 %mult_402" [firmware/nnet_utils/nnet_dense_latency.h:58]   --->   Operation 762 'add' 'add_ln58_6164' <Predicate = true> <Delay = 0.00> <CoreInst = "TAddSub">   --->   Core 10 'TAddSub' <Latency = 0> <II = 1> <Delay = 1.95> <IPBlock> <Opcode : '' 'add' 'sub'> <InPorts = 3> <OutPorts = 1> <Sync> <CReg>
ST_3 : Operation 763 [1/1] (3.90ns) (root node of TernaryAdder)   --->   "%add_ln58_6165 = add i16 %add_ln58_6164, i16 %mult_392" [firmware/nnet_utils/nnet_dense_latency.h:58]   --->   Operation 763 'add' 'add_ln58_6165' <Predicate = true> <Delay = 3.90> <CoreInst = "TAddSub">   --->   Core 10 'TAddSub' <Latency = 0> <II = 1> <Delay = 1.95> <IPBlock> <Opcode : '' 'add' 'sub'> <InPorts = 3> <OutPorts = 1> <Sync> <CReg>
ST_3 : Operation 764 [1/1] (2.07ns)   --->   "%add_ln58_6166 = add i16 %add_ln58_6134, i16 %mult_411" [firmware/nnet_utils/nnet_dense_latency.h:58]   --->   Operation 764 'add' 'add_ln58_6166' <Predicate = true> <Delay = 2.07> <CoreInst = "Adder">   --->   Core 1 'Adder' <Latency = 0> <II = 1> <Delay = 2.07> <FuncUnit> <Opcode : 'add' 'sub'> <InPorts = 2> <OutPorts = 1>
ST_3 : Operation 765 [1/1] (0.00ns) (grouped into TernaryAdder)   --->   "%add_ln58_6169 = add i16 %add_ln58_6168, i16 %mult_442" [firmware/nnet_utils/nnet_dense_latency.h:58]   --->   Operation 765 'add' 'add_ln58_6169' <Predicate = true> <Delay = 0.00> <CoreInst = "TAddSub">   --->   Core 10 'TAddSub' <Latency = 0> <II = 1> <Delay = 1.95> <IPBlock> <Opcode : '' 'add' 'sub'> <InPorts = 3> <OutPorts = 1> <Sync> <CReg>
ST_3 : Operation 766 [1/1] (3.90ns) (root node of TernaryAdder)   --->   "%add_ln58_6173 = add i16 %add_ln58_6172, i16 %add_ln58_6169" [firmware/nnet_utils/nnet_dense_latency.h:58]   --->   Operation 766 'add' 'add_ln58_6173' <Predicate = true> <Delay = 3.90> <CoreInst = "TAddSub">   --->   Core 10 'TAddSub' <Latency = 0> <II = 1> <Delay = 1.95> <IPBlock> <Opcode : '' 'add' 'sub'> <InPorts = 3> <OutPorts = 1> <Sync> <CReg>
ST_3 : Operation 767 [1/1] (0.00ns) (grouped into TernaryAdder)   --->   "%add_ln58_6175 = add i16 %sext_ln42_84, i16 %sext_ln42_91" [firmware/nnet_utils/nnet_dense_latency.h:58]   --->   Operation 767 'add' 'add_ln58_6175' <Predicate = true> <Delay = 0.00> <CoreInst = "TAddSub">   --->   Core 10 'TAddSub' <Latency = 0> <II = 1> <Delay = 1.95> <IPBlock> <Opcode : '' 'add' 'sub'> <InPorts = 3> <OutPorts = 1> <Sync> <CReg>
ST_3 : Operation 768 [1/1] (3.90ns) (root node of TernaryAdder)   --->   "%add_ln58_6176 = add i16 %add_ln58_6175, i16 %mult_392" [firmware/nnet_utils/nnet_dense_latency.h:58]   --->   Operation 768 'add' 'add_ln58_6176' <Predicate = true> <Delay = 3.90> <CoreInst = "TAddSub">   --->   Core 10 'TAddSub' <Latency = 0> <II = 1> <Delay = 1.95> <IPBlock> <Opcode : '' 'add' 'sub'> <InPorts = 3> <OutPorts = 1> <Sync> <CReg>
ST_3 : Operation 769 [1/1] (0.00ns) (grouped into TernaryAdder)   --->   "%add_ln58_6177 = add i16 %mult_434, i16 %sext_ln42_115" [firmware/nnet_utils/nnet_dense_latency.h:58]   --->   Operation 769 'add' 'add_ln58_6177' <Predicate = true> <Delay = 0.00> <CoreInst = "TAddSub">   --->   Core 10 'TAddSub' <Latency = 0> <II = 1> <Delay = 1.95> <IPBlock> <Opcode : '' 'add' 'sub'> <InPorts = 3> <OutPorts = 1> <Sync> <CReg>
ST_3 : Operation 770 [1/1] (3.90ns) (root node of TernaryAdder)   --->   "%add_ln58_6178 = add i16 %add_ln58_6177, i16 %mult_421" [firmware/nnet_utils/nnet_dense_latency.h:58]   --->   Operation 770 'add' 'add_ln58_6178' <Predicate = true> <Delay = 3.90> <CoreInst = "TAddSub">   --->   Core 10 'TAddSub' <Latency = 0> <II = 1> <Delay = 1.95> <IPBlock> <Opcode : '' 'add' 'sub'> <InPorts = 3> <OutPorts = 1> <Sync> <CReg>
ST_3 : Operation 771 [1/1] (0.00ns) (grouped into TernaryAdder)   --->   "%add_ln58_6185 = add i16 %sext_ln42_92, i16 %sext_ln42_101" [firmware/nnet_utils/nnet_dense_latency.h:58]   --->   Operation 771 'add' 'add_ln58_6185' <Predicate = true> <Delay = 0.00> <CoreInst = "TAddSub">   --->   Core 10 'TAddSub' <Latency = 0> <II = 1> <Delay = 1.95> <IPBlock> <Opcode : '' 'add' 'sub'> <InPorts = 3> <OutPorts = 1> <Sync> <CReg>
ST_3 : Operation 772 [1/1] (3.90ns) (root node of TernaryAdder)   --->   "%add_ln58_6186 = add i16 %add_ln58_6185, i16 %mult_387" [firmware/nnet_utils/nnet_dense_latency.h:58]   --->   Operation 772 'add' 'add_ln58_6186' <Predicate = true> <Delay = 3.90> <CoreInst = "TAddSub">   --->   Core 10 'TAddSub' <Latency = 0> <II = 1> <Delay = 1.95> <IPBlock> <Opcode : '' 'add' 'sub'> <InPorts = 3> <OutPorts = 1> <Sync> <CReg>
ST_3 : Operation 773 [1/1] (0.00ns) (grouped into TernaryAdder)   --->   "%add_ln58_6187 = add i16 %mult_458, i16 %mult_482" [firmware/nnet_utils/nnet_dense_latency.h:58]   --->   Operation 773 'add' 'add_ln58_6187' <Predicate = true> <Delay = 0.00> <CoreInst = "TAddSub">   --->   Core 10 'TAddSub' <Latency = 0> <II = 1> <Delay = 1.95> <IPBlock> <Opcode : '' 'add' 'sub'> <InPorts = 3> <OutPorts = 1> <Sync> <CReg>
ST_3 : Operation 774 [1/1] (3.90ns) (root node of TernaryAdder)   --->   "%add_ln58_6188 = add i16 %add_ln58_6187, i16 %mult_453" [firmware/nnet_utils/nnet_dense_latency.h:58]   --->   Operation 774 'add' 'add_ln58_6188' <Predicate = true> <Delay = 3.90> <CoreInst = "TAddSub">   --->   Core 10 'TAddSub' <Latency = 0> <II = 1> <Delay = 1.95> <IPBlock> <Opcode : '' 'add' 'sub'> <InPorts = 3> <OutPorts = 1> <Sync> <CReg>
ST_3 : Operation 775 [1/1] (0.00ns) (grouped into TernaryAdder)   --->   "%add_ln58_6197 = add i16 %mult_393, i16 %mult_400" [firmware/nnet_utils/nnet_dense_latency.h:58]   --->   Operation 775 'add' 'add_ln58_6197' <Predicate = true> <Delay = 0.00> <CoreInst = "TAddSub">   --->   Core 10 'TAddSub' <Latency = 0> <II = 1> <Delay = 1.95> <IPBlock> <Opcode : '' 'add' 'sub'> <InPorts = 3> <OutPorts = 1> <Sync> <CReg>
ST_3 : Operation 776 [1/1] (3.90ns) (root node of TernaryAdder)   --->   "%add_ln58_6198 = add i16 %add_ln58_6197, i16 %mult_365" [firmware/nnet_utils/nnet_dense_latency.h:58]   --->   Operation 776 'add' 'add_ln58_6198' <Predicate = true> <Delay = 3.90> <CoreInst = "TAddSub">   --->   Core 10 'TAddSub' <Latency = 0> <II = 1> <Delay = 1.95> <IPBlock> <Opcode : '' 'add' 'sub'> <InPorts = 3> <OutPorts = 1> <Sync> <CReg>
ST_3 : Operation 777 [1/1] (0.00ns) (grouped into TernaryAdder)   --->   "%add_ln58_6199 = add i16 %mult_437, i16 %mult_460" [firmware/nnet_utils/nnet_dense_latency.h:58]   --->   Operation 777 'add' 'add_ln58_6199' <Predicate = true> <Delay = 0.00> <CoreInst = "TAddSub">   --->   Core 10 'TAddSub' <Latency = 0> <II = 1> <Delay = 1.95> <IPBlock> <Opcode : '' 'add' 'sub'> <InPorts = 3> <OutPorts = 1> <Sync> <CReg>
ST_3 : Operation 778 [1/1] (3.90ns) (root node of TernaryAdder)   --->   "%add_ln58_6200 = add i16 %add_ln58_6199, i16 %mult_408" [firmware/nnet_utils/nnet_dense_latency.h:58]   --->   Operation 778 'add' 'add_ln58_6200' <Predicate = true> <Delay = 3.90> <CoreInst = "TAddSub">   --->   Core 10 'TAddSub' <Latency = 0> <II = 1> <Delay = 1.95> <IPBlock> <Opcode : '' 'add' 'sub'> <InPorts = 3> <OutPorts = 1> <Sync> <CReg>
ST_3 : Operation 779 [1/1] (0.00ns) (grouped into TernaryAdder)   --->   "%add_ln58_6203 = add i16 %add_ln58_6202, i16 %mult_483" [firmware/nnet_utils/nnet_dense_latency.h:58]   --->   Operation 779 'add' 'add_ln58_6203' <Predicate = true> <Delay = 0.00> <CoreInst = "TAddSub">   --->   Core 10 'TAddSub' <Latency = 0> <II = 1> <Delay = 1.95> <IPBlock> <Opcode : '' 'add' 'sub'> <InPorts = 3> <OutPorts = 1> <Sync> <CReg>
ST_3 : Operation 780 [1/1] (3.90ns) (root node of TernaryAdder)   --->   "%add_ln58_6206 = add i16 %add_ln58_6205, i16 %add_ln58_6203" [firmware/nnet_utils/nnet_dense_latency.h:58]   --->   Operation 780 'add' 'add_ln58_6206' <Predicate = true> <Delay = 3.90> <CoreInst = "TAddSub">   --->   Core 10 'TAddSub' <Latency = 0> <II = 1> <Delay = 1.95> <IPBlock> <Opcode : '' 'add' 'sub'> <InPorts = 3> <OutPorts = 1> <Sync> <CReg>
ST_3 : Operation 781 [1/1] (0.00ns) (grouped into TernaryAdder)   --->   "%add_ln58_6208 = add i16 %mult_404, i16 %mult_411" [firmware/nnet_utils/nnet_dense_latency.h:58]   --->   Operation 781 'add' 'add_ln58_6208' <Predicate = true> <Delay = 0.00> <CoreInst = "TAddSub">   --->   Core 10 'TAddSub' <Latency = 0> <II = 1> <Delay = 1.95> <IPBlock> <Opcode : '' 'add' 'sub'> <InPorts = 3> <OutPorts = 1> <Sync> <CReg>
ST_3 : Operation 782 [1/1] (3.90ns) (root node of TernaryAdder)   --->   "%add_ln58_6209 = add i16 %add_ln58_6208, i16 %mult_373" [firmware/nnet_utils/nnet_dense_latency.h:58]   --->   Operation 782 'add' 'add_ln58_6209' <Predicate = true> <Delay = 3.90> <CoreInst = "TAddSub">   --->   Core 10 'TAddSub' <Latency = 0> <II = 1> <Delay = 1.95> <IPBlock> <Opcode : '' 'add' 'sub'> <InPorts = 3> <OutPorts = 1> <Sync> <CReg>
ST_3 : Operation 783 [1/1] (0.00ns) (grouped into TernaryAdder)   --->   "%add_ln58_6210 = add i16 %sext_ln42_99, i16 %mult_448" [firmware/nnet_utils/nnet_dense_latency.h:58]   --->   Operation 783 'add' 'add_ln58_6210' <Predicate = true> <Delay = 0.00> <CoreInst = "TAddSub">   --->   Core 10 'TAddSub' <Latency = 0> <II = 1> <Delay = 1.95> <IPBlock> <Opcode : '' 'add' 'sub'> <InPorts = 3> <OutPorts = 1> <Sync> <CReg>
ST_3 : Operation 784 [1/1] (3.90ns) (root node of TernaryAdder)   --->   "%add_ln58_6211 = add i16 %add_ln58_6210, i16 %sext_ln42_95" [firmware/nnet_utils/nnet_dense_latency.h:58]   --->   Operation 784 'add' 'add_ln58_6211' <Predicate = true> <Delay = 3.90> <CoreInst = "TAddSub">   --->   Core 10 'TAddSub' <Latency = 0> <II = 1> <Delay = 1.95> <IPBlock> <Opcode : '' 'add' 'sub'> <InPorts = 3> <OutPorts = 1> <Sync> <CReg>
ST_3 : Operation 785 [1/1] (0.00ns) (grouped into TernaryAdder)   --->   "%add_ln58_6214 = add i16 %add_ln58_6213, i16 %mult_460" [firmware/nnet_utils/nnet_dense_latency.h:58]   --->   Operation 785 'add' 'add_ln58_6214' <Predicate = true> <Delay = 0.00> <CoreInst = "TAddSub">   --->   Core 10 'TAddSub' <Latency = 0> <II = 1> <Delay = 1.95> <IPBlock> <Opcode : '' 'add' 'sub'> <InPorts = 3> <OutPorts = 1> <Sync> <CReg>
ST_3 : Operation 786 [1/1] (3.90ns) (root node of TernaryAdder)   --->   "%add_ln58_6218 = add i16 %add_ln58_6217, i16 %add_ln58_6214" [firmware/nnet_utils/nnet_dense_latency.h:58]   --->   Operation 786 'add' 'add_ln58_6218' <Predicate = true> <Delay = 3.90> <CoreInst = "TAddSub">   --->   Core 10 'TAddSub' <Latency = 0> <II = 1> <Delay = 1.95> <IPBlock> <Opcode : '' 'add' 'sub'> <InPorts = 3> <OutPorts = 1> <Sync> <CReg>
ST_3 : Operation 787 [1/1] (0.00ns) (grouped into TernaryAdder)   --->   "%add_ln58_6220 = add i16 %mult_398, i16 %sext_ln42_95" [firmware/nnet_utils/nnet_dense_latency.h:58]   --->   Operation 787 'add' 'add_ln58_6220' <Predicate = true> <Delay = 0.00> <CoreInst = "TAddSub">   --->   Core 10 'TAddSub' <Latency = 0> <II = 1> <Delay = 1.95> <IPBlock> <Opcode : '' 'add' 'sub'> <InPorts = 3> <OutPorts = 1> <Sync> <CReg>
ST_3 : Operation 788 [1/1] (3.90ns) (root node of TernaryAdder)   --->   "%add_ln58_6221 = add i16 %add_ln58_6220, i16 %mult_387" [firmware/nnet_utils/nnet_dense_latency.h:58]   --->   Operation 788 'add' 'add_ln58_6221' <Predicate = true> <Delay = 3.90> <CoreInst = "TAddSub">   --->   Core 10 'TAddSub' <Latency = 0> <II = 1> <Delay = 1.95> <IPBlock> <Opcode : '' 'add' 'sub'> <InPorts = 3> <OutPorts = 1> <Sync> <CReg>
ST_3 : Operation 789 [1/1] (0.00ns) (grouped into TernaryAdder)   --->   "%add_ln58_6222 = add i16 %mult_499, i16 %sext_ln42_33" [firmware/nnet_utils/nnet_dense_latency.h:58]   --->   Operation 789 'add' 'add_ln58_6222' <Predicate = true> <Delay = 0.00> <CoreInst = "TAddSub">   --->   Core 10 'TAddSub' <Latency = 0> <II = 1> <Delay = 1.95> <IPBlock> <Opcode : '' 'add' 'sub'> <InPorts = 3> <OutPorts = 1> <Sync> <CReg>
ST_3 : Operation 790 [1/1] (3.90ns) (root node of TernaryAdder)   --->   "%add_ln58_6223 = add i16 %add_ln58_6222, i16 %mult_460" [firmware/nnet_utils/nnet_dense_latency.h:58]   --->   Operation 790 'add' 'add_ln58_6223' <Predicate = true> <Delay = 3.90> <CoreInst = "TAddSub">   --->   Core 10 'TAddSub' <Latency = 0> <II = 1> <Delay = 1.95> <IPBlock> <Opcode : '' 'add' 'sub'> <InPorts = 3> <OutPorts = 1> <Sync> <CReg>
ST_3 : Operation 791 [1/1] (0.00ns) (grouped into TernaryAdder)   --->   "%add_ln58_6231 = add i16 %mult_387, i16 %sext_ln42_94" [firmware/nnet_utils/nnet_dense_latency.h:58]   --->   Operation 791 'add' 'add_ln58_6231' <Predicate = true> <Delay = 0.00> <CoreInst = "TAddSub">   --->   Core 10 'TAddSub' <Latency = 0> <II = 1> <Delay = 1.95> <IPBlock> <Opcode : '' 'add' 'sub'> <InPorts = 3> <OutPorts = 1> <Sync> <CReg>
ST_3 : Operation 792 [1/1] (3.90ns) (root node of TernaryAdder)   --->   "%add_ln58_6232 = add i16 %add_ln58_6231, i16 %mult_382" [firmware/nnet_utils/nnet_dense_latency.h:58]   --->   Operation 792 'add' 'add_ln58_6232' <Predicate = true> <Delay = 3.90> <CoreInst = "TAddSub">   --->   Core 10 'TAddSub' <Latency = 0> <II = 1> <Delay = 1.95> <IPBlock> <Opcode : '' 'add' 'sub'> <InPorts = 3> <OutPorts = 1> <Sync> <CReg>
ST_3 : Operation 793 [1/1] (0.00ns) (grouped into TernaryAdder)   --->   "%add_ln58_6233 = add i16 %mult_449, i16 %sext_ln42_111" [firmware/nnet_utils/nnet_dense_latency.h:58]   --->   Operation 793 'add' 'add_ln58_6233' <Predicate = true> <Delay = 0.00> <CoreInst = "TAddSub">   --->   Core 10 'TAddSub' <Latency = 0> <II = 1> <Delay = 1.95> <IPBlock> <Opcode : '' 'add' 'sub'> <InPorts = 3> <OutPorts = 1> <Sync> <CReg>
ST_3 : Operation 794 [1/1] (3.90ns) (root node of TernaryAdder)   --->   "%add_ln58_6234 = add i16 %add_ln58_6233, i16 %add_ln58_6123" [firmware/nnet_utils/nnet_dense_latency.h:58]   --->   Operation 794 'add' 'add_ln58_6234' <Predicate = true> <Delay = 3.90> <CoreInst = "TAddSub">   --->   Core 10 'TAddSub' <Latency = 0> <II = 1> <Delay = 1.95> <IPBlock> <Opcode : '' 'add' 'sub'> <InPorts = 3> <OutPorts = 1> <Sync> <CReg>
ST_3 : Operation 795 [1/1] (0.00ns) (grouped into TernaryAdder)   --->   "%add_ln58_6237 = add i16 %add_ln58_6236, i16 %sext_ln42_114" [firmware/nnet_utils/nnet_dense_latency.h:58]   --->   Operation 795 'add' 'add_ln58_6237' <Predicate = true> <Delay = 0.00> <CoreInst = "TAddSub">   --->   Core 10 'TAddSub' <Latency = 0> <II = 1> <Delay = 1.95> <IPBlock> <Opcode : '' 'add' 'sub'> <InPorts = 3> <OutPorts = 1> <Sync> <CReg>
ST_3 : Operation 796 [1/1] (3.90ns) (root node of TernaryAdder)   --->   "%add_ln58_6241 = add i16 %add_ln58_6240, i16 %add_ln58_6237" [firmware/nnet_utils/nnet_dense_latency.h:58]   --->   Operation 796 'add' 'add_ln58_6241' <Predicate = true> <Delay = 3.90> <CoreInst = "TAddSub">   --->   Core 10 'TAddSub' <Latency = 0> <II = 1> <Delay = 1.95> <IPBlock> <Opcode : '' 'add' 'sub'> <InPorts = 3> <OutPorts = 1> <Sync> <CReg>
ST_3 : Operation 797 [1/1] (2.07ns)   --->   "%add_ln58_6243 = add i16 %mult_397, i16 %sext_ln42_83" [firmware/nnet_utils/nnet_dense_latency.h:58]   --->   Operation 797 'add' 'add_ln58_6243' <Predicate = true> <Delay = 2.07> <CoreInst = "Adder">   --->   Core 1 'Adder' <Latency = 0> <II = 1> <Delay = 2.07> <FuncUnit> <Opcode : 'add' 'sub'> <InPorts = 2> <OutPorts = 1>
ST_3 : Operation 798 [1/1] (0.00ns) (grouped into TernaryAdder)   --->   "%add_ln58_6244 = add i16 %sext_ln42_94, i16 %sext_ln42_99" [firmware/nnet_utils/nnet_dense_latency.h:58]   --->   Operation 798 'add' 'add_ln58_6244' <Predicate = true> <Delay = 0.00> <CoreInst = "TAddSub">   --->   Core 10 'TAddSub' <Latency = 0> <II = 1> <Delay = 1.95> <IPBlock> <Opcode : '' 'add' 'sub'> <InPorts = 3> <OutPorts = 1> <Sync> <CReg>
ST_3 : Operation 799 [1/1] (3.90ns) (root node of TernaryAdder)   --->   "%add_ln58_6245 = add i16 %add_ln58_6244, i16 %mult_411" [firmware/nnet_utils/nnet_dense_latency.h:58]   --->   Operation 799 'add' 'add_ln58_6245' <Predicate = true> <Delay = 3.90> <CoreInst = "TAddSub">   --->   Core 10 'TAddSub' <Latency = 0> <II = 1> <Delay = 1.95> <IPBlock> <Opcode : '' 'add' 'sub'> <InPorts = 3> <OutPorts = 1> <Sync> <CReg>
ST_3 : Operation 800 [1/1] (0.00ns) (grouped into TernaryAdder)   --->   "%add_ln58_6248 = add i16 %add_ln58_6247, i16 %sext_ln42_107" [firmware/nnet_utils/nnet_dense_latency.h:58]   --->   Operation 800 'add' 'add_ln58_6248' <Predicate = true> <Delay = 0.00> <CoreInst = "TAddSub">   --->   Core 10 'TAddSub' <Latency = 0> <II = 1> <Delay = 1.95> <IPBlock> <Opcode : '' 'add' 'sub'> <InPorts = 3> <OutPorts = 1> <Sync> <CReg>
ST_3 : Operation 801 [1/1] (3.90ns) (root node of TernaryAdder)   --->   "%add_ln58_6251 = add i16 %add_ln58_6250, i16 %add_ln58_6248" [firmware/nnet_utils/nnet_dense_latency.h:58]   --->   Operation 801 'add' 'add_ln58_6251' <Predicate = true> <Delay = 3.90> <CoreInst = "TAddSub">   --->   Core 10 'TAddSub' <Latency = 0> <II = 1> <Delay = 1.95> <IPBlock> <Opcode : '' 'add' 'sub'> <InPorts = 3> <OutPorts = 1> <Sync> <CReg>
ST_3 : Operation 802 [1/1] (0.00ns) (grouped into TernaryAdder)   --->   "%add_ln58_6254 = add i16 %mult_435, i16 %mult_462" [firmware/nnet_utils/nnet_dense_latency.h:58]   --->   Operation 802 'add' 'add_ln58_6254' <Predicate = true> <Delay = 0.00> <CoreInst = "TAddSub">   --->   Core 10 'TAddSub' <Latency = 0> <II = 1> <Delay = 1.95> <IPBlock> <Opcode : '' 'add' 'sub'> <InPorts = 3> <OutPorts = 1> <Sync> <CReg>
ST_3 : Operation 803 [1/1] (3.90ns) (root node of TernaryAdder)   --->   "%add_ln58_6255 = add i16 %add_ln58_6254, i16 %sext_ln42_99" [firmware/nnet_utils/nnet_dense_latency.h:58]   --->   Operation 803 'add' 'add_ln58_6255' <Predicate = true> <Delay = 3.90> <CoreInst = "TAddSub">   --->   Core 10 'TAddSub' <Latency = 0> <II = 1> <Delay = 1.95> <IPBlock> <Opcode : '' 'add' 'sub'> <InPorts = 3> <OutPorts = 1> <Sync> <CReg>
ST_3 : Operation 804 [1/1] (0.00ns) (grouped into TernaryAdder)   --->   "%add_ln58_6263 = add i16 %mult_363, i16 %mult_400" [firmware/nnet_utils/nnet_dense_latency.h:58]   --->   Operation 804 'add' 'add_ln58_6263' <Predicate = true> <Delay = 0.00> <CoreInst = "TAddSub">   --->   Core 10 'TAddSub' <Latency = 0> <II = 1> <Delay = 1.95> <IPBlock> <Opcode : '' 'add' 'sub'> <InPorts = 3> <OutPorts = 1> <Sync> <CReg>
ST_3 : Operation 805 [1/1] (3.90ns) (root node of TernaryAdder)   --->   "%add_ln58_6264 = add i16 %add_ln58_6263, i16 %mult_383" [firmware/nnet_utils/nnet_dense_latency.h:58]   --->   Operation 805 'add' 'add_ln58_6264' <Predicate = true> <Delay = 3.90> <CoreInst = "TAddSub">   --->   Core 10 'TAddSub' <Latency = 0> <II = 1> <Delay = 1.95> <IPBlock> <Opcode : '' 'add' 'sub'> <InPorts = 3> <OutPorts = 1> <Sync> <CReg>
ST_3 : Operation 806 [1/1] (0.00ns) (grouped into TernaryAdder)   --->   "%add_ln58_6265 = add i16 %mult_433, i16 %sext_ln42_101" [firmware/nnet_utils/nnet_dense_latency.h:58]   --->   Operation 806 'add' 'add_ln58_6265' <Predicate = true> <Delay = 0.00> <CoreInst = "TAddSub">   --->   Core 10 'TAddSub' <Latency = 0> <II = 1> <Delay = 1.95> <IPBlock> <Opcode : '' 'add' 'sub'> <InPorts = 3> <OutPorts = 1> <Sync> <CReg>
ST_3 : Operation 807 [1/1] (3.90ns) (root node of TernaryAdder)   --->   "%add_ln58_6266 = add i16 %add_ln58_6265, i16 %sext_ln42_94" [firmware/nnet_utils/nnet_dense_latency.h:58]   --->   Operation 807 'add' 'add_ln58_6266' <Predicate = true> <Delay = 3.90> <CoreInst = "TAddSub">   --->   Core 10 'TAddSub' <Latency = 0> <II = 1> <Delay = 1.95> <IPBlock> <Opcode : '' 'add' 'sub'> <InPorts = 3> <OutPorts = 1> <Sync> <CReg>
ST_3 : Operation 808 [1/1] (0.00ns) (grouped into TernaryAdder)   --->   "%add_ln58_6269 = add i16 %add_ln58_6268, i16 %mult_464" [firmware/nnet_utils/nnet_dense_latency.h:58]   --->   Operation 808 'add' 'add_ln58_6269' <Predicate = true> <Delay = 0.00> <CoreInst = "TAddSub">   --->   Core 10 'TAddSub' <Latency = 0> <II = 1> <Delay = 1.95> <IPBlock> <Opcode : '' 'add' 'sub'> <InPorts = 3> <OutPorts = 1> <Sync> <CReg>
ST_3 : Operation 809 [1/1] (3.90ns) (root node of TernaryAdder)   --->   "%add_ln58_6273 = add i16 %add_ln58_6272, i16 %add_ln58_6269" [firmware/nnet_utils/nnet_dense_latency.h:58]   --->   Operation 809 'add' 'add_ln58_6273' <Predicate = true> <Delay = 3.90> <CoreInst = "TAddSub">   --->   Core 10 'TAddSub' <Latency = 0> <II = 1> <Delay = 1.95> <IPBlock> <Opcode : '' 'add' 'sub'> <InPorts = 3> <OutPorts = 1> <Sync> <CReg>

State 4 <SV = 3> <Delay = 3.90>
ST_4 : Operation 810 [1/1] (0.00ns)   --->   "%specpipeline_ln33 = specpipeline void @_ssdm_op_SpecPipeline, i32 1, i32 0, i32 0, i32 0, void @empty_0" [firmware/nnet_utils/nnet_dense_latency.h:33]   --->   Operation 810 'specpipeline' 'specpipeline_ln33' <Predicate = true> <Delay = 0.00>
ST_4 : Operation 811 [1/1] (0.00ns)   --->   "%specresourcelimit_ln33 = specresourcelimit void @_ssdm_op_SpecResourceLimit, i64 393, void @empty_1, void @empty_0, void @empty_0, void @empty_0" [firmware/nnet_utils/nnet_dense_latency.h:33]   --->   Operation 811 'specresourcelimit' 'specresourcelimit_ln33' <Predicate = true> <Delay = 0.00>
ST_4 : Operation 812 [1/1] (0.00ns) (grouped into TernaryAdder)   --->   "%add_ln58_5926 = add i16 %add_ln58_5925, i16 %add_ln58_5923" [firmware/nnet_utils/nnet_dense_latency.h:58]   --->   Operation 812 'add' 'add_ln58_5926' <Predicate = true> <Delay = 0.00> <CoreInst = "TAddSub">   --->   Core 10 'TAddSub' <Latency = 0> <II = 1> <Delay = 1.95> <IPBlock> <Opcode : '' 'add' 'sub'> <InPorts = 3> <OutPorts = 1> <Sync> <CReg>
ST_4 : Operation 813 [1/1] (3.90ns) (root node of TernaryAdder)   --->   "%add_ln58_5932 = add i16 %add_ln58_5931, i16 %add_ln58_5926" [firmware/nnet_utils/nnet_dense_latency.h:58]   --->   Operation 813 'add' 'add_ln58_5932' <Predicate = true> <Delay = 3.90> <CoreInst = "TAddSub">   --->   Core 10 'TAddSub' <Latency = 0> <II = 1> <Delay = 1.95> <IPBlock> <Opcode : '' 'add' 'sub'> <InPorts = 3> <OutPorts = 1> <Sync> <CReg>
ST_4 : Operation 814 [1/1] (0.00ns) (grouped into TernaryAdder)   --->   "%add_ln58_5935 = add i16 %add_ln58_5934, i16 %add_ln58_5933" [firmware/nnet_utils/nnet_dense_latency.h:58]   --->   Operation 814 'add' 'add_ln58_5935' <Predicate = true> <Delay = 0.00> <CoreInst = "TAddSub">   --->   Core 10 'TAddSub' <Latency = 0> <II = 1> <Delay = 1.95> <IPBlock> <Opcode : '' 'add' 'sub'> <InPorts = 3> <OutPorts = 1> <Sync> <CReg>
ST_4 : Operation 815 [1/1] (3.90ns) (root node of TernaryAdder)   --->   "%add_ln58_5940 = add i16 %add_ln58_5939, i16 %add_ln58_5935" [firmware/nnet_utils/nnet_dense_latency.h:58]   --->   Operation 815 'add' 'add_ln58_5940' <Predicate = true> <Delay = 3.90> <CoreInst = "TAddSub">   --->   Core 10 'TAddSub' <Latency = 0> <II = 1> <Delay = 1.95> <IPBlock> <Opcode : '' 'add' 'sub'> <InPorts = 3> <OutPorts = 1> <Sync> <CReg>
ST_4 : Operation 816 [1/1] (0.00ns) (grouped into TernaryAdder)   --->   "%add_ln58_5945 = add i16 %add_ln58_5944, i16 %add_ln58_5942" [firmware/nnet_utils/nnet_dense_latency.h:58]   --->   Operation 816 'add' 'add_ln58_5945' <Predicate = true> <Delay = 0.00> <CoreInst = "TAddSub">   --->   Core 10 'TAddSub' <Latency = 0> <II = 1> <Delay = 1.95> <IPBlock> <Opcode : '' 'add' 'sub'> <InPorts = 3> <OutPorts = 1> <Sync> <CReg>
ST_4 : Operation 817 [1/1] (3.90ns) (root node of TernaryAdder)   --->   "%add_ln58_5952 = add i16 %add_ln58_5951, i16 %add_ln58_5945" [firmware/nnet_utils/nnet_dense_latency.h:58]   --->   Operation 817 'add' 'add_ln58_5952' <Predicate = true> <Delay = 3.90> <CoreInst = "TAddSub">   --->   Core 10 'TAddSub' <Latency = 0> <II = 1> <Delay = 1.95> <IPBlock> <Opcode : '' 'add' 'sub'> <InPorts = 3> <OutPorts = 1> <Sync> <CReg>
ST_4 : Operation 818 [1/1] (0.00ns) (grouped into TernaryAdder)   --->   "%add_ln58_5958 = add i16 %add_ln58_5957, i16 %add_ln58_5954" [firmware/nnet_utils/nnet_dense_latency.h:58]   --->   Operation 818 'add' 'add_ln58_5958' <Predicate = true> <Delay = 0.00> <CoreInst = "TAddSub">   --->   Core 10 'TAddSub' <Latency = 0> <II = 1> <Delay = 1.95> <IPBlock> <Opcode : '' 'add' 'sub'> <InPorts = 3> <OutPorts = 1> <Sync> <CReg>
ST_4 : Operation 819 [1/1] (3.90ns) (root node of TernaryAdder)   --->   "%add_ln58_5965 = add i16 %add_ln58_5964, i16 %add_ln58_5958" [firmware/nnet_utils/nnet_dense_latency.h:58]   --->   Operation 819 'add' 'add_ln58_5965' <Predicate = true> <Delay = 3.90> <CoreInst = "TAddSub">   --->   Core 10 'TAddSub' <Latency = 0> <II = 1> <Delay = 1.95> <IPBlock> <Opcode : '' 'add' 'sub'> <InPorts = 3> <OutPorts = 1> <Sync> <CReg>
ST_4 : Operation 820 [1/1] (0.00ns) (grouped into TernaryAdder)   --->   "%add_ln58_5969 = add i16 %add_ln58_5968, i16 %add_ln58_5966" [firmware/nnet_utils/nnet_dense_latency.h:58]   --->   Operation 820 'add' 'add_ln58_5969' <Predicate = true> <Delay = 0.00> <CoreInst = "TAddSub">   --->   Core 10 'TAddSub' <Latency = 0> <II = 1> <Delay = 1.95> <IPBlock> <Opcode : '' 'add' 'sub'> <InPorts = 3> <OutPorts = 1> <Sync> <CReg>
ST_4 : Operation 821 [1/1] (3.90ns) (root node of TernaryAdder)   --->   "%add_ln58_5975 = add i16 %add_ln58_5974, i16 %add_ln58_5969" [firmware/nnet_utils/nnet_dense_latency.h:58]   --->   Operation 821 'add' 'add_ln58_5975' <Predicate = true> <Delay = 3.90> <CoreInst = "TAddSub">   --->   Core 10 'TAddSub' <Latency = 0> <II = 1> <Delay = 1.95> <IPBlock> <Opcode : '' 'add' 'sub'> <InPorts = 3> <OutPorts = 1> <Sync> <CReg>
ST_4 : Operation 822 [1/1] (0.00ns) (grouped into TernaryAdder)   --->   "%add_ln58_5980 = add i16 %add_ln58_5979, i16 %add_ln58_5977" [firmware/nnet_utils/nnet_dense_latency.h:58]   --->   Operation 822 'add' 'add_ln58_5980' <Predicate = true> <Delay = 0.00> <CoreInst = "TAddSub">   --->   Core 10 'TAddSub' <Latency = 0> <II = 1> <Delay = 1.95> <IPBlock> <Opcode : '' 'add' 'sub'> <InPorts = 3> <OutPorts = 1> <Sync> <CReg>
ST_4 : Operation 823 [1/1] (3.90ns) (root node of TernaryAdder)   --->   "%add_ln58_5986 = add i16 %add_ln58_5985, i16 %add_ln58_5980" [firmware/nnet_utils/nnet_dense_latency.h:58]   --->   Operation 823 'add' 'add_ln58_5986' <Predicate = true> <Delay = 3.90> <CoreInst = "TAddSub">   --->   Core 10 'TAddSub' <Latency = 0> <II = 1> <Delay = 1.95> <IPBlock> <Opcode : '' 'add' 'sub'> <InPorts = 3> <OutPorts = 1> <Sync> <CReg>
ST_4 : Operation 824 [1/1] (0.00ns) (grouped into TernaryAdder)   --->   "%add_ln58_5991 = add i16 %add_ln58_5990, i16 %add_ln58_5988" [firmware/nnet_utils/nnet_dense_latency.h:58]   --->   Operation 824 'add' 'add_ln58_5991' <Predicate = true> <Delay = 0.00> <CoreInst = "TAddSub">   --->   Core 10 'TAddSub' <Latency = 0> <II = 1> <Delay = 1.95> <IPBlock> <Opcode : '' 'add' 'sub'> <InPorts = 3> <OutPorts = 1> <Sync> <CReg>
ST_4 : Operation 825 [1/1] (3.90ns) (root node of TernaryAdder)   --->   "%add_ln58_5997 = add i16 %add_ln58_5996, i16 %add_ln58_5991" [firmware/nnet_utils/nnet_dense_latency.h:58]   --->   Operation 825 'add' 'add_ln58_5997' <Predicate = true> <Delay = 3.90> <CoreInst = "TAddSub">   --->   Core 10 'TAddSub' <Latency = 0> <II = 1> <Delay = 1.95> <IPBlock> <Opcode : '' 'add' 'sub'> <InPorts = 3> <OutPorts = 1> <Sync> <CReg>
ST_4 : Operation 826 [1/1] (0.00ns) (grouped into TernaryAdder)   --->   "%add_ln58_6003 = add i16 %add_ln58_6002, i16 %add_ln58_5999" [firmware/nnet_utils/nnet_dense_latency.h:58]   --->   Operation 826 'add' 'add_ln58_6003' <Predicate = true> <Delay = 0.00> <CoreInst = "TAddSub">   --->   Core 10 'TAddSub' <Latency = 0> <II = 1> <Delay = 1.95> <IPBlock> <Opcode : '' 'add' 'sub'> <InPorts = 3> <OutPorts = 1> <Sync> <CReg>
ST_4 : Operation 827 [1/1] (3.90ns) (root node of TernaryAdder)   --->   "%add_ln58_6010 = add i16 %add_ln58_6009, i16 %add_ln58_6003" [firmware/nnet_utils/nnet_dense_latency.h:58]   --->   Operation 827 'add' 'add_ln58_6010' <Predicate = true> <Delay = 3.90> <CoreInst = "TAddSub">   --->   Core 10 'TAddSub' <Latency = 0> <II = 1> <Delay = 1.95> <IPBlock> <Opcode : '' 'add' 'sub'> <InPorts = 3> <OutPorts = 1> <Sync> <CReg>
ST_4 : Operation 828 [1/1] (0.00ns) (grouped into TernaryAdder)   --->   "%add_ln58_6015 = add i16 %add_ln58_6014, i16 %add_ln58_6012" [firmware/nnet_utils/nnet_dense_latency.h:58]   --->   Operation 828 'add' 'add_ln58_6015' <Predicate = true> <Delay = 0.00> <CoreInst = "TAddSub">   --->   Core 10 'TAddSub' <Latency = 0> <II = 1> <Delay = 1.95> <IPBlock> <Opcode : '' 'add' 'sub'> <InPorts = 3> <OutPorts = 1> <Sync> <CReg>
ST_4 : Operation 829 [1/1] (3.90ns) (root node of TernaryAdder)   --->   "%add_ln58_6021 = add i16 %add_ln58_6020, i16 %add_ln58_6015" [firmware/nnet_utils/nnet_dense_latency.h:58]   --->   Operation 829 'add' 'add_ln58_6021' <Predicate = true> <Delay = 3.90> <CoreInst = "TAddSub">   --->   Core 10 'TAddSub' <Latency = 0> <II = 1> <Delay = 1.95> <IPBlock> <Opcode : '' 'add' 'sub'> <InPorts = 3> <OutPorts = 1> <Sync> <CReg>
ST_4 : Operation 830 [1/1] (0.00ns) (grouped into TernaryAdder)   --->   "%add_ln58_6025 = add i16 %add_ln58_6024, i16 %add_ln58_6022" [firmware/nnet_utils/nnet_dense_latency.h:58]   --->   Operation 830 'add' 'add_ln58_6025' <Predicate = true> <Delay = 0.00> <CoreInst = "TAddSub">   --->   Core 10 'TAddSub' <Latency = 0> <II = 1> <Delay = 1.95> <IPBlock> <Opcode : '' 'add' 'sub'> <InPorts = 3> <OutPorts = 1> <Sync> <CReg>
ST_4 : Operation 831 [1/1] (3.90ns) (root node of TernaryAdder)   --->   "%add_ln58_6031 = add i16 %add_ln58_6030, i16 %add_ln58_6025" [firmware/nnet_utils/nnet_dense_latency.h:58]   --->   Operation 831 'add' 'add_ln58_6031' <Predicate = true> <Delay = 3.90> <CoreInst = "TAddSub">   --->   Core 10 'TAddSub' <Latency = 0> <II = 1> <Delay = 1.95> <IPBlock> <Opcode : '' 'add' 'sub'> <InPorts = 3> <OutPorts = 1> <Sync> <CReg>
ST_4 : Operation 832 [1/1] (0.00ns) (grouped into TernaryAdder)   --->   "%add_ln58_6037 = add i16 %add_ln58_6036, i16 %add_ln58_6033" [firmware/nnet_utils/nnet_dense_latency.h:58]   --->   Operation 832 'add' 'add_ln58_6037' <Predicate = true> <Delay = 0.00> <CoreInst = "TAddSub">   --->   Core 10 'TAddSub' <Latency = 0> <II = 1> <Delay = 1.95> <IPBlock> <Opcode : '' 'add' 'sub'> <InPorts = 3> <OutPorts = 1> <Sync> <CReg>
ST_4 : Operation 833 [1/1] (3.90ns) (root node of TernaryAdder)   --->   "%add_ln58_6044 = add i16 %add_ln58_6043, i16 %add_ln58_6037" [firmware/nnet_utils/nnet_dense_latency.h:58]   --->   Operation 833 'add' 'add_ln58_6044' <Predicate = true> <Delay = 3.90> <CoreInst = "TAddSub">   --->   Core 10 'TAddSub' <Latency = 0> <II = 1> <Delay = 1.95> <IPBlock> <Opcode : '' 'add' 'sub'> <InPorts = 3> <OutPorts = 1> <Sync> <CReg>
ST_4 : Operation 834 [1/1] (0.00ns) (grouped into TernaryAdder)   --->   "%add_ln58_6049 = add i16 %add_ln58_6048, i16 %add_ln58_6046" [firmware/nnet_utils/nnet_dense_latency.h:58]   --->   Operation 834 'add' 'add_ln58_6049' <Predicate = true> <Delay = 0.00> <CoreInst = "TAddSub">   --->   Core 10 'TAddSub' <Latency = 0> <II = 1> <Delay = 1.95> <IPBlock> <Opcode : '' 'add' 'sub'> <InPorts = 3> <OutPorts = 1> <Sync> <CReg>
ST_4 : Operation 835 [1/1] (3.90ns) (root node of TernaryAdder)   --->   "%add_ln58_6055 = add i16 %add_ln58_6054, i16 %add_ln58_6049" [firmware/nnet_utils/nnet_dense_latency.h:58]   --->   Operation 835 'add' 'add_ln58_6055' <Predicate = true> <Delay = 3.90> <CoreInst = "TAddSub">   --->   Core 10 'TAddSub' <Latency = 0> <II = 1> <Delay = 1.95> <IPBlock> <Opcode : '' 'add' 'sub'> <InPorts = 3> <OutPorts = 1> <Sync> <CReg>
ST_4 : Operation 836 [1/1] (0.00ns) (grouped into TernaryAdder)   --->   "%add_ln58_6060 = add i16 %add_ln58_6059, i16 %add_ln58_6057" [firmware/nnet_utils/nnet_dense_latency.h:58]   --->   Operation 836 'add' 'add_ln58_6060' <Predicate = true> <Delay = 0.00> <CoreInst = "TAddSub">   --->   Core 10 'TAddSub' <Latency = 0> <II = 1> <Delay = 1.95> <IPBlock> <Opcode : '' 'add' 'sub'> <InPorts = 3> <OutPorts = 1> <Sync> <CReg>
ST_4 : Operation 837 [1/1] (3.90ns) (root node of TernaryAdder)   --->   "%add_ln58_6066 = add i16 %add_ln58_6065, i16 %add_ln58_6060" [firmware/nnet_utils/nnet_dense_latency.h:58]   --->   Operation 837 'add' 'add_ln58_6066' <Predicate = true> <Delay = 3.90> <CoreInst = "TAddSub">   --->   Core 10 'TAddSub' <Latency = 0> <II = 1> <Delay = 1.95> <IPBlock> <Opcode : '' 'add' 'sub'> <InPorts = 3> <OutPorts = 1> <Sync> <CReg>
ST_4 : Operation 838 [1/1] (0.00ns) (grouped into TernaryAdder)   --->   "%add_ln58_6071 = add i16 %add_ln58_6070, i16 %add_ln58_6068" [firmware/nnet_utils/nnet_dense_latency.h:58]   --->   Operation 838 'add' 'add_ln58_6071' <Predicate = true> <Delay = 0.00> <CoreInst = "TAddSub">   --->   Core 10 'TAddSub' <Latency = 0> <II = 1> <Delay = 1.95> <IPBlock> <Opcode : '' 'add' 'sub'> <InPorts = 3> <OutPorts = 1> <Sync> <CReg>
ST_4 : Operation 839 [1/1] (3.90ns) (root node of TernaryAdder)   --->   "%add_ln58_6077 = add i16 %add_ln58_6076, i16 %add_ln58_6071" [firmware/nnet_utils/nnet_dense_latency.h:58]   --->   Operation 839 'add' 'add_ln58_6077' <Predicate = true> <Delay = 3.90> <CoreInst = "TAddSub">   --->   Core 10 'TAddSub' <Latency = 0> <II = 1> <Delay = 1.95> <IPBlock> <Opcode : '' 'add' 'sub'> <InPorts = 3> <OutPorts = 1> <Sync> <CReg>
ST_4 : Operation 840 [1/1] (0.00ns) (grouped into TernaryAdder)   --->   "%add_ln58_6081 = add i16 %add_ln58_6080, i16 %add_ln58_6078" [firmware/nnet_utils/nnet_dense_latency.h:58]   --->   Operation 840 'add' 'add_ln58_6081' <Predicate = true> <Delay = 0.00> <CoreInst = "TAddSub">   --->   Core 10 'TAddSub' <Latency = 0> <II = 1> <Delay = 1.95> <IPBlock> <Opcode : '' 'add' 'sub'> <InPorts = 3> <OutPorts = 1> <Sync> <CReg>
ST_4 : Operation 841 [1/1] (3.90ns) (root node of TernaryAdder)   --->   "%add_ln58_6086 = add i16 %add_ln58_6085, i16 %add_ln58_6081" [firmware/nnet_utils/nnet_dense_latency.h:58]   --->   Operation 841 'add' 'add_ln58_6086' <Predicate = true> <Delay = 3.90> <CoreInst = "TAddSub">   --->   Core 10 'TAddSub' <Latency = 0> <II = 1> <Delay = 1.95> <IPBlock> <Opcode : '' 'add' 'sub'> <InPorts = 3> <OutPorts = 1> <Sync> <CReg>
ST_4 : Operation 842 [1/1] (0.00ns) (grouped into TernaryAdder)   --->   "%add_ln58_6091 = add i16 %add_ln58_6090, i16 %add_ln58_6088" [firmware/nnet_utils/nnet_dense_latency.h:58]   --->   Operation 842 'add' 'add_ln58_6091' <Predicate = true> <Delay = 0.00> <CoreInst = "TAddSub">   --->   Core 10 'TAddSub' <Latency = 0> <II = 1> <Delay = 1.95> <IPBlock> <Opcode : '' 'add' 'sub'> <InPorts = 3> <OutPorts = 1> <Sync> <CReg>
ST_4 : Operation 843 [1/1] (3.90ns) (root node of TernaryAdder)   --->   "%add_ln58_6098 = add i16 %add_ln58_6097, i16 %add_ln58_6091" [firmware/nnet_utils/nnet_dense_latency.h:58]   --->   Operation 843 'add' 'add_ln58_6098' <Predicate = true> <Delay = 3.90> <CoreInst = "TAddSub">   --->   Core 10 'TAddSub' <Latency = 0> <II = 1> <Delay = 1.95> <IPBlock> <Opcode : '' 'add' 'sub'> <InPorts = 3> <OutPorts = 1> <Sync> <CReg>
ST_4 : Operation 844 [1/1] (0.00ns) (grouped into TernaryAdder)   --->   "%add_ln58_6103 = add i16 %add_ln58_6102, i16 %add_ln58_6100" [firmware/nnet_utils/nnet_dense_latency.h:58]   --->   Operation 844 'add' 'add_ln58_6103' <Predicate = true> <Delay = 0.00> <CoreInst = "TAddSub">   --->   Core 10 'TAddSub' <Latency = 0> <II = 1> <Delay = 1.95> <IPBlock> <Opcode : '' 'add' 'sub'> <InPorts = 3> <OutPorts = 1> <Sync> <CReg>
ST_4 : Operation 845 [1/1] (3.90ns) (root node of TernaryAdder)   --->   "%add_ln58_6110 = add i16 %add_ln58_6109, i16 %add_ln58_6103" [firmware/nnet_utils/nnet_dense_latency.h:58]   --->   Operation 845 'add' 'add_ln58_6110' <Predicate = true> <Delay = 3.90> <CoreInst = "TAddSub">   --->   Core 10 'TAddSub' <Latency = 0> <II = 1> <Delay = 1.95> <IPBlock> <Opcode : '' 'add' 'sub'> <InPorts = 3> <OutPorts = 1> <Sync> <CReg>
ST_4 : Operation 846 [1/1] (0.00ns) (grouped into TernaryAdder)   --->   "%add_ln58_6115 = add i16 %add_ln58_6114, i16 %add_ln58_6112" [firmware/nnet_utils/nnet_dense_latency.h:58]   --->   Operation 846 'add' 'add_ln58_6115' <Predicate = true> <Delay = 0.00> <CoreInst = "TAddSub">   --->   Core 10 'TAddSub' <Latency = 0> <II = 1> <Delay = 1.95> <IPBlock> <Opcode : '' 'add' 'sub'> <InPorts = 3> <OutPorts = 1> <Sync> <CReg>
ST_4 : Operation 847 [1/1] (3.90ns) (root node of TernaryAdder)   --->   "%add_ln58_6120 = add i16 %add_ln58_6119, i16 %add_ln58_6115" [firmware/nnet_utils/nnet_dense_latency.h:58]   --->   Operation 847 'add' 'add_ln58_6120' <Predicate = true> <Delay = 3.90> <CoreInst = "TAddSub">   --->   Core 10 'TAddSub' <Latency = 0> <II = 1> <Delay = 1.95> <IPBlock> <Opcode : '' 'add' 'sub'> <InPorts = 3> <OutPorts = 1> <Sync> <CReg>
ST_4 : Operation 848 [1/1] (0.00ns) (grouped into TernaryAdder)   --->   "%add_ln58_6125 = add i16 %add_ln58_6124, i16 %add_ln58_6122" [firmware/nnet_utils/nnet_dense_latency.h:58]   --->   Operation 848 'add' 'add_ln58_6125' <Predicate = true> <Delay = 0.00> <CoreInst = "TAddSub">   --->   Core 10 'TAddSub' <Latency = 0> <II = 1> <Delay = 1.95> <IPBlock> <Opcode : '' 'add' 'sub'> <InPorts = 3> <OutPorts = 1> <Sync> <CReg>
ST_4 : Operation 849 [1/1] (3.90ns) (root node of TernaryAdder)   --->   "%add_ln58_6131 = add i16 %add_ln58_6130, i16 %add_ln58_6125" [firmware/nnet_utils/nnet_dense_latency.h:58]   --->   Operation 849 'add' 'add_ln58_6131' <Predicate = true> <Delay = 3.90> <CoreInst = "TAddSub">   --->   Core 10 'TAddSub' <Latency = 0> <II = 1> <Delay = 1.95> <IPBlock> <Opcode : '' 'add' 'sub'> <InPorts = 3> <OutPorts = 1> <Sync> <CReg>
ST_4 : Operation 850 [1/1] (0.00ns) (grouped into TernaryAdder)   --->   "%add_ln58_6136 = add i16 %add_ln58_6135, i16 %add_ln58_6133" [firmware/nnet_utils/nnet_dense_latency.h:58]   --->   Operation 850 'add' 'add_ln58_6136' <Predicate = true> <Delay = 0.00> <CoreInst = "TAddSub">   --->   Core 10 'TAddSub' <Latency = 0> <II = 1> <Delay = 1.95> <IPBlock> <Opcode : '' 'add' 'sub'> <InPorts = 3> <OutPorts = 1> <Sync> <CReg>
ST_4 : Operation 851 [1/1] (3.90ns) (root node of TernaryAdder)   --->   "%add_ln58_6142 = add i16 %add_ln58_6141, i16 %add_ln58_6136" [firmware/nnet_utils/nnet_dense_latency.h:58]   --->   Operation 851 'add' 'add_ln58_6142' <Predicate = true> <Delay = 3.90> <CoreInst = "TAddSub">   --->   Core 10 'TAddSub' <Latency = 0> <II = 1> <Delay = 1.95> <IPBlock> <Opcode : '' 'add' 'sub'> <InPorts = 3> <OutPorts = 1> <Sync> <CReg>
ST_4 : Operation 852 [1/1] (0.00ns) (grouped into TernaryAdder)   --->   "%add_ln58_6146 = add i16 %add_ln58_6145, i16 %add_ln58_6144" [firmware/nnet_utils/nnet_dense_latency.h:58]   --->   Operation 852 'add' 'add_ln58_6146' <Predicate = true> <Delay = 0.00> <CoreInst = "TAddSub">   --->   Core 10 'TAddSub' <Latency = 0> <II = 1> <Delay = 1.95> <IPBlock> <Opcode : '' 'add' 'sub'> <InPorts = 3> <OutPorts = 1> <Sync> <CReg>
ST_4 : Operation 853 [1/1] (3.90ns) (root node of TernaryAdder)   --->   "%add_ln58_6153 = add i16 %add_ln58_6152, i16 %add_ln58_6146" [firmware/nnet_utils/nnet_dense_latency.h:58]   --->   Operation 853 'add' 'add_ln58_6153' <Predicate = true> <Delay = 3.90> <CoreInst = "TAddSub">   --->   Core 10 'TAddSub' <Latency = 0> <II = 1> <Delay = 1.95> <IPBlock> <Opcode : '' 'add' 'sub'> <InPorts = 3> <OutPorts = 1> <Sync> <CReg>
ST_4 : Operation 854 [1/1] (0.00ns) (grouped into TernaryAdder)   --->   "%add_ln58_6157 = add i16 %add_ln58_6156, i16 %add_ln58_6154" [firmware/nnet_utils/nnet_dense_latency.h:58]   --->   Operation 854 'add' 'add_ln58_6157' <Predicate = true> <Delay = 0.00> <CoreInst = "TAddSub">   --->   Core 10 'TAddSub' <Latency = 0> <II = 1> <Delay = 1.95> <IPBlock> <Opcode : '' 'add' 'sub'> <InPorts = 3> <OutPorts = 1> <Sync> <CReg>
ST_4 : Operation 855 [1/1] (3.90ns) (root node of TernaryAdder)   --->   "%add_ln58_6163 = add i16 %add_ln58_6162, i16 %add_ln58_6157" [firmware/nnet_utils/nnet_dense_latency.h:58]   --->   Operation 855 'add' 'add_ln58_6163' <Predicate = true> <Delay = 3.90> <CoreInst = "TAddSub">   --->   Core 10 'TAddSub' <Latency = 0> <II = 1> <Delay = 1.95> <IPBlock> <Opcode : '' 'add' 'sub'> <InPorts = 3> <OutPorts = 1> <Sync> <CReg>
ST_4 : Operation 856 [1/1] (0.00ns) (grouped into TernaryAdder)   --->   "%add_ln58_6167 = add i16 %add_ln58_6166, i16 %add_ln58_6165" [firmware/nnet_utils/nnet_dense_latency.h:58]   --->   Operation 856 'add' 'add_ln58_6167' <Predicate = true> <Delay = 0.00> <CoreInst = "TAddSub">   --->   Core 10 'TAddSub' <Latency = 0> <II = 1> <Delay = 1.95> <IPBlock> <Opcode : '' 'add' 'sub'> <InPorts = 3> <OutPorts = 1> <Sync> <CReg>
ST_4 : Operation 857 [1/1] (3.90ns) (root node of TernaryAdder)   --->   "%add_ln58_6174 = add i16 %add_ln58_6173, i16 %add_ln58_6167" [firmware/nnet_utils/nnet_dense_latency.h:58]   --->   Operation 857 'add' 'add_ln58_6174' <Predicate = true> <Delay = 3.90> <CoreInst = "TAddSub">   --->   Core 10 'TAddSub' <Latency = 0> <II = 1> <Delay = 1.95> <IPBlock> <Opcode : '' 'add' 'sub'> <InPorts = 3> <OutPorts = 1> <Sync> <CReg>
ST_4 : Operation 858 [1/1] (0.00ns) (grouped into TernaryAdder)   --->   "%add_ln58_6179 = add i16 %add_ln58_6178, i16 %add_ln58_6176" [firmware/nnet_utils/nnet_dense_latency.h:58]   --->   Operation 858 'add' 'add_ln58_6179' <Predicate = true> <Delay = 0.00> <CoreInst = "TAddSub">   --->   Core 10 'TAddSub' <Latency = 0> <II = 1> <Delay = 1.95> <IPBlock> <Opcode : '' 'add' 'sub'> <InPorts = 3> <OutPorts = 1> <Sync> <CReg>
ST_4 : Operation 859 [1/1] (3.90ns) (root node of TernaryAdder)   --->   "%add_ln58_6184 = add i16 %add_ln58_6183, i16 %add_ln58_6179" [firmware/nnet_utils/nnet_dense_latency.h:58]   --->   Operation 859 'add' 'add_ln58_6184' <Predicate = true> <Delay = 3.90> <CoreInst = "TAddSub">   --->   Core 10 'TAddSub' <Latency = 0> <II = 1> <Delay = 1.95> <IPBlock> <Opcode : '' 'add' 'sub'> <InPorts = 3> <OutPorts = 1> <Sync> <CReg>
ST_4 : Operation 860 [1/1] (0.00ns) (grouped into TernaryAdder)   --->   "%add_ln58_6189 = add i16 %add_ln58_6188, i16 %add_ln58_6186" [firmware/nnet_utils/nnet_dense_latency.h:58]   --->   Operation 860 'add' 'add_ln58_6189' <Predicate = true> <Delay = 0.00> <CoreInst = "TAddSub">   --->   Core 10 'TAddSub' <Latency = 0> <II = 1> <Delay = 1.95> <IPBlock> <Opcode : '' 'add' 'sub'> <InPorts = 3> <OutPorts = 1> <Sync> <CReg>
ST_4 : Operation 861 [1/1] (3.90ns) (root node of TernaryAdder)   --->   "%add_ln58_6196 = add i16 %add_ln58_6195, i16 %add_ln58_6189" [firmware/nnet_utils/nnet_dense_latency.h:58]   --->   Operation 861 'add' 'add_ln58_6196' <Predicate = true> <Delay = 3.90> <CoreInst = "TAddSub">   --->   Core 10 'TAddSub' <Latency = 0> <II = 1> <Delay = 1.95> <IPBlock> <Opcode : '' 'add' 'sub'> <InPorts = 3> <OutPorts = 1> <Sync> <CReg>
ST_4 : Operation 862 [1/1] (0.00ns) (grouped into TernaryAdder)   --->   "%add_ln58_6201 = add i16 %add_ln58_6200, i16 %add_ln58_6198" [firmware/nnet_utils/nnet_dense_latency.h:58]   --->   Operation 862 'add' 'add_ln58_6201' <Predicate = true> <Delay = 0.00> <CoreInst = "TAddSub">   --->   Core 10 'TAddSub' <Latency = 0> <II = 1> <Delay = 1.95> <IPBlock> <Opcode : '' 'add' 'sub'> <InPorts = 3> <OutPorts = 1> <Sync> <CReg>
ST_4 : Operation 863 [1/1] (3.90ns) (root node of TernaryAdder)   --->   "%add_ln58_6207 = add i16 %add_ln58_6206, i16 %add_ln58_6201" [firmware/nnet_utils/nnet_dense_latency.h:58]   --->   Operation 863 'add' 'add_ln58_6207' <Predicate = true> <Delay = 3.90> <CoreInst = "TAddSub">   --->   Core 10 'TAddSub' <Latency = 0> <II = 1> <Delay = 1.95> <IPBlock> <Opcode : '' 'add' 'sub'> <InPorts = 3> <OutPorts = 1> <Sync> <CReg>
ST_4 : Operation 864 [1/1] (0.00ns) (grouped into TernaryAdder)   --->   "%add_ln58_6212 = add i16 %add_ln58_6211, i16 %add_ln58_6209" [firmware/nnet_utils/nnet_dense_latency.h:58]   --->   Operation 864 'add' 'add_ln58_6212' <Predicate = true> <Delay = 0.00> <CoreInst = "TAddSub">   --->   Core 10 'TAddSub' <Latency = 0> <II = 1> <Delay = 1.95> <IPBlock> <Opcode : '' 'add' 'sub'> <InPorts = 3> <OutPorts = 1> <Sync> <CReg>
ST_4 : Operation 865 [1/1] (3.90ns) (root node of TernaryAdder)   --->   "%add_ln58_6219 = add i16 %add_ln58_6218, i16 %add_ln58_6212" [firmware/nnet_utils/nnet_dense_latency.h:58]   --->   Operation 865 'add' 'add_ln58_6219' <Predicate = true> <Delay = 3.90> <CoreInst = "TAddSub">   --->   Core 10 'TAddSub' <Latency = 0> <II = 1> <Delay = 1.95> <IPBlock> <Opcode : '' 'add' 'sub'> <InPorts = 3> <OutPorts = 1> <Sync> <CReg>
ST_4 : Operation 866 [1/1] (0.00ns) (grouped into TernaryAdder)   --->   "%add_ln58_6224 = add i16 %add_ln58_6223, i16 %add_ln58_6221" [firmware/nnet_utils/nnet_dense_latency.h:58]   --->   Operation 866 'add' 'add_ln58_6224' <Predicate = true> <Delay = 0.00> <CoreInst = "TAddSub">   --->   Core 10 'TAddSub' <Latency = 0> <II = 1> <Delay = 1.95> <IPBlock> <Opcode : '' 'add' 'sub'> <InPorts = 3> <OutPorts = 1> <Sync> <CReg>
ST_4 : Operation 867 [1/1] (3.90ns) (root node of TernaryAdder)   --->   "%add_ln58_6230 = add i16 %add_ln58_6229, i16 %add_ln58_6224" [firmware/nnet_utils/nnet_dense_latency.h:58]   --->   Operation 867 'add' 'add_ln58_6230' <Predicate = true> <Delay = 3.90> <CoreInst = "TAddSub">   --->   Core 10 'TAddSub' <Latency = 0> <II = 1> <Delay = 1.95> <IPBlock> <Opcode : '' 'add' 'sub'> <InPorts = 3> <OutPorts = 1> <Sync> <CReg>
ST_4 : Operation 868 [1/1] (0.00ns) (grouped into TernaryAdder)   --->   "%add_ln58_6235 = add i16 %add_ln58_6234, i16 %add_ln58_6232" [firmware/nnet_utils/nnet_dense_latency.h:58]   --->   Operation 868 'add' 'add_ln58_6235' <Predicate = true> <Delay = 0.00> <CoreInst = "TAddSub">   --->   Core 10 'TAddSub' <Latency = 0> <II = 1> <Delay = 1.95> <IPBlock> <Opcode : '' 'add' 'sub'> <InPorts = 3> <OutPorts = 1> <Sync> <CReg>
ST_4 : Operation 869 [1/1] (3.90ns) (root node of TernaryAdder)   --->   "%add_ln58_6242 = add i16 %add_ln58_6241, i16 %add_ln58_6235" [firmware/nnet_utils/nnet_dense_latency.h:58]   --->   Operation 869 'add' 'add_ln58_6242' <Predicate = true> <Delay = 3.90> <CoreInst = "TAddSub">   --->   Core 10 'TAddSub' <Latency = 0> <II = 1> <Delay = 1.95> <IPBlock> <Opcode : '' 'add' 'sub'> <InPorts = 3> <OutPorts = 1> <Sync> <CReg>
ST_4 : Operation 870 [1/1] (0.00ns) (grouped into TernaryAdder)   --->   "%add_ln58_6246 = add i16 %add_ln58_6245, i16 %add_ln58_6243" [firmware/nnet_utils/nnet_dense_latency.h:58]   --->   Operation 870 'add' 'add_ln58_6246' <Predicate = true> <Delay = 0.00> <CoreInst = "TAddSub">   --->   Core 10 'TAddSub' <Latency = 0> <II = 1> <Delay = 1.95> <IPBlock> <Opcode : '' 'add' 'sub'> <InPorts = 3> <OutPorts = 1> <Sync> <CReg>
ST_4 : Operation 871 [1/1] (3.90ns) (root node of TernaryAdder)   --->   "%add_ln58_6252 = add i16 %add_ln58_6251, i16 %add_ln58_6246" [firmware/nnet_utils/nnet_dense_latency.h:58]   --->   Operation 871 'add' 'add_ln58_6252' <Predicate = true> <Delay = 3.90> <CoreInst = "TAddSub">   --->   Core 10 'TAddSub' <Latency = 0> <II = 1> <Delay = 1.95> <IPBlock> <Opcode : '' 'add' 'sub'> <InPorts = 3> <OutPorts = 1> <Sync> <CReg>
ST_4 : Operation 872 [1/1] (0.00ns) (grouped into TernaryAdder)   --->   "%add_ln58_6256 = add i16 %add_ln58_6255, i16 %add_ln58_6253" [firmware/nnet_utils/nnet_dense_latency.h:58]   --->   Operation 872 'add' 'add_ln58_6256' <Predicate = true> <Delay = 0.00> <CoreInst = "TAddSub">   --->   Core 10 'TAddSub' <Latency = 0> <II = 1> <Delay = 1.95> <IPBlock> <Opcode : '' 'add' 'sub'> <InPorts = 3> <OutPorts = 1> <Sync> <CReg>
ST_4 : Operation 873 [1/1] (3.90ns) (root node of TernaryAdder)   --->   "%add_ln58_6262 = add i16 %add_ln58_6261, i16 %add_ln58_6256" [firmware/nnet_utils/nnet_dense_latency.h:58]   --->   Operation 873 'add' 'add_ln58_6262' <Predicate = true> <Delay = 3.90> <CoreInst = "TAddSub">   --->   Core 10 'TAddSub' <Latency = 0> <II = 1> <Delay = 1.95> <IPBlock> <Opcode : '' 'add' 'sub'> <InPorts = 3> <OutPorts = 1> <Sync> <CReg>
ST_4 : Operation 874 [1/1] (0.00ns) (grouped into TernaryAdder)   --->   "%add_ln58_6267 = add i16 %add_ln58_6266, i16 %add_ln58_6264" [firmware/nnet_utils/nnet_dense_latency.h:58]   --->   Operation 874 'add' 'add_ln58_6267' <Predicate = true> <Delay = 0.00> <CoreInst = "TAddSub">   --->   Core 10 'TAddSub' <Latency = 0> <II = 1> <Delay = 1.95> <IPBlock> <Opcode : '' 'add' 'sub'> <InPorts = 3> <OutPorts = 1> <Sync> <CReg>
ST_4 : Operation 875 [1/1] (3.90ns) (root node of TernaryAdder)   --->   "%add_ln58_6274 = add i16 %add_ln58_6273, i16 %add_ln58_6267" [firmware/nnet_utils/nnet_dense_latency.h:58]   --->   Operation 875 'add' 'add_ln58_6274' <Predicate = true> <Delay = 3.90> <CoreInst = "TAddSub">   --->   Core 10 'TAddSub' <Latency = 0> <II = 1> <Delay = 1.95> <IPBlock> <Opcode : '' 'add' 'sub'> <InPorts = 3> <OutPorts = 1> <Sync> <CReg>
ST_4 : Operation 876 [1/1] (0.00ns)   --->   "%mrv = insertvalue i512 <undef>, i16 %add_ln58_5965" [firmware/nnet_utils/nnet_dense_latency.h:68]   --->   Operation 876 'insertvalue' 'mrv' <Predicate = true> <Delay = 0.00>
ST_4 : Operation 877 [1/1] (0.00ns)   --->   "%mrv_1 = insertvalue i512 %mrv, i16 %add_ln58_5975" [firmware/nnet_utils/nnet_dense_latency.h:68]   --->   Operation 877 'insertvalue' 'mrv_1' <Predicate = true> <Delay = 0.00>
ST_4 : Operation 878 [1/1] (0.00ns)   --->   "%mrv_2 = insertvalue i512 %mrv_1, i16 %add_ln58_5986" [firmware/nnet_utils/nnet_dense_latency.h:68]   --->   Operation 878 'insertvalue' 'mrv_2' <Predicate = true> <Delay = 0.00>
ST_4 : Operation 879 [1/1] (0.00ns)   --->   "%mrv_3 = insertvalue i512 %mrv_2, i16 %add_ln58_5997" [firmware/nnet_utils/nnet_dense_latency.h:68]   --->   Operation 879 'insertvalue' 'mrv_3' <Predicate = true> <Delay = 0.00>
ST_4 : Operation 880 [1/1] (0.00ns)   --->   "%mrv_4 = insertvalue i512 %mrv_3, i16 %add_ln58_6010" [firmware/nnet_utils/nnet_dense_latency.h:68]   --->   Operation 880 'insertvalue' 'mrv_4' <Predicate = true> <Delay = 0.00>
ST_4 : Operation 881 [1/1] (0.00ns)   --->   "%mrv_5 = insertvalue i512 %mrv_4, i16 %add_ln58_6021" [firmware/nnet_utils/nnet_dense_latency.h:68]   --->   Operation 881 'insertvalue' 'mrv_5' <Predicate = true> <Delay = 0.00>
ST_4 : Operation 882 [1/1] (0.00ns)   --->   "%mrv_6 = insertvalue i512 %mrv_5, i16 %add_ln58_6031" [firmware/nnet_utils/nnet_dense_latency.h:68]   --->   Operation 882 'insertvalue' 'mrv_6' <Predicate = true> <Delay = 0.00>
ST_4 : Operation 883 [1/1] (0.00ns)   --->   "%mrv_7 = insertvalue i512 %mrv_6, i16 %add_ln58_6044" [firmware/nnet_utils/nnet_dense_latency.h:68]   --->   Operation 883 'insertvalue' 'mrv_7' <Predicate = true> <Delay = 0.00>
ST_4 : Operation 884 [1/1] (0.00ns)   --->   "%mrv_8 = insertvalue i512 %mrv_7, i16 %add_ln58_6055" [firmware/nnet_utils/nnet_dense_latency.h:68]   --->   Operation 884 'insertvalue' 'mrv_8' <Predicate = true> <Delay = 0.00>
ST_4 : Operation 885 [1/1] (0.00ns)   --->   "%mrv_9 = insertvalue i512 %mrv_8, i16 %add_ln58_6066" [firmware/nnet_utils/nnet_dense_latency.h:68]   --->   Operation 885 'insertvalue' 'mrv_9' <Predicate = true> <Delay = 0.00>
ST_4 : Operation 886 [1/1] (0.00ns)   --->   "%mrv_10 = insertvalue i512 %mrv_9, i16 %add_ln58_6077" [firmware/nnet_utils/nnet_dense_latency.h:68]   --->   Operation 886 'insertvalue' 'mrv_10' <Predicate = true> <Delay = 0.00>
ST_4 : Operation 887 [1/1] (0.00ns)   --->   "%mrv_11 = insertvalue i512 %mrv_10, i16 %add_ln58_6086" [firmware/nnet_utils/nnet_dense_latency.h:68]   --->   Operation 887 'insertvalue' 'mrv_11' <Predicate = true> <Delay = 0.00>
ST_4 : Operation 888 [1/1] (0.00ns)   --->   "%mrv_12 = insertvalue i512 %mrv_11, i16 %add_ln58_6098" [firmware/nnet_utils/nnet_dense_latency.h:68]   --->   Operation 888 'insertvalue' 'mrv_12' <Predicate = true> <Delay = 0.00>
ST_4 : Operation 889 [1/1] (0.00ns)   --->   "%mrv_13 = insertvalue i512 %mrv_12, i16 %add_ln58_6110" [firmware/nnet_utils/nnet_dense_latency.h:68]   --->   Operation 889 'insertvalue' 'mrv_13' <Predicate = true> <Delay = 0.00>
ST_4 : Operation 890 [1/1] (0.00ns)   --->   "%mrv_14 = insertvalue i512 %mrv_13, i16 %add_ln58_6120" [firmware/nnet_utils/nnet_dense_latency.h:68]   --->   Operation 890 'insertvalue' 'mrv_14' <Predicate = true> <Delay = 0.00>
ST_4 : Operation 891 [1/1] (0.00ns)   --->   "%mrv_15 = insertvalue i512 %mrv_14, i16 %add_ln58_5932" [firmware/nnet_utils/nnet_dense_latency.h:68]   --->   Operation 891 'insertvalue' 'mrv_15' <Predicate = true> <Delay = 0.00>
ST_4 : Operation 892 [1/1] (0.00ns)   --->   "%mrv_16 = insertvalue i512 %mrv_15, i16 %add_ln58_6131" [firmware/nnet_utils/nnet_dense_latency.h:68]   --->   Operation 892 'insertvalue' 'mrv_16' <Predicate = true> <Delay = 0.00>
ST_4 : Operation 893 [1/1] (0.00ns)   --->   "%mrv_17 = insertvalue i512 %mrv_16, i16 %add_ln58_6142" [firmware/nnet_utils/nnet_dense_latency.h:68]   --->   Operation 893 'insertvalue' 'mrv_17' <Predicate = true> <Delay = 0.00>
ST_4 : Operation 894 [1/1] (0.00ns)   --->   "%mrv_18 = insertvalue i512 %mrv_17, i16 %add_ln58_6153" [firmware/nnet_utils/nnet_dense_latency.h:68]   --->   Operation 894 'insertvalue' 'mrv_18' <Predicate = true> <Delay = 0.00>
ST_4 : Operation 895 [1/1] (0.00ns)   --->   "%mrv_19 = insertvalue i512 %mrv_18, i16 %add_ln58_6163" [firmware/nnet_utils/nnet_dense_latency.h:68]   --->   Operation 895 'insertvalue' 'mrv_19' <Predicate = true> <Delay = 0.00>
ST_4 : Operation 896 [1/1] (0.00ns)   --->   "%mrv_20 = insertvalue i512 %mrv_19, i16 %add_ln58_5940" [firmware/nnet_utils/nnet_dense_latency.h:68]   --->   Operation 896 'insertvalue' 'mrv_20' <Predicate = true> <Delay = 0.00>
ST_4 : Operation 897 [1/1] (0.00ns)   --->   "%mrv_21 = insertvalue i512 %mrv_20, i16 %add_ln58_6174" [firmware/nnet_utils/nnet_dense_latency.h:68]   --->   Operation 897 'insertvalue' 'mrv_21' <Predicate = true> <Delay = 0.00>
ST_4 : Operation 898 [1/1] (0.00ns)   --->   "%mrv_22 = insertvalue i512 %mrv_21, i16 %add_ln58_6184" [firmware/nnet_utils/nnet_dense_latency.h:68]   --->   Operation 898 'insertvalue' 'mrv_22' <Predicate = true> <Delay = 0.00>
ST_4 : Operation 899 [1/1] (0.00ns)   --->   "%mrv_23 = insertvalue i512 %mrv_22, i16 %add_ln58_6196" [firmware/nnet_utils/nnet_dense_latency.h:68]   --->   Operation 899 'insertvalue' 'mrv_23' <Predicate = true> <Delay = 0.00>
ST_4 : Operation 900 [1/1] (0.00ns)   --->   "%mrv_24 = insertvalue i512 %mrv_23, i16 %add_ln58_6207" [firmware/nnet_utils/nnet_dense_latency.h:68]   --->   Operation 900 'insertvalue' 'mrv_24' <Predicate = true> <Delay = 0.00>
ST_4 : Operation 901 [1/1] (0.00ns)   --->   "%mrv_25 = insertvalue i512 %mrv_24, i16 %add_ln58_6219" [firmware/nnet_utils/nnet_dense_latency.h:68]   --->   Operation 901 'insertvalue' 'mrv_25' <Predicate = true> <Delay = 0.00>
ST_4 : Operation 902 [1/1] (0.00ns)   --->   "%mrv_26 = insertvalue i512 %mrv_25, i16 %add_ln58_6230" [firmware/nnet_utils/nnet_dense_latency.h:68]   --->   Operation 902 'insertvalue' 'mrv_26' <Predicate = true> <Delay = 0.00>
ST_4 : Operation 903 [1/1] (0.00ns)   --->   "%mrv_27 = insertvalue i512 %mrv_26, i16 %add_ln58_6242" [firmware/nnet_utils/nnet_dense_latency.h:68]   --->   Operation 903 'insertvalue' 'mrv_27' <Predicate = true> <Delay = 0.00>
ST_4 : Operation 904 [1/1] (0.00ns)   --->   "%mrv_28 = insertvalue i512 %mrv_27, i16 %add_ln58_6252" [firmware/nnet_utils/nnet_dense_latency.h:68]   --->   Operation 904 'insertvalue' 'mrv_28' <Predicate = true> <Delay = 0.00>
ST_4 : Operation 905 [1/1] (0.00ns)   --->   "%mrv_29 = insertvalue i512 %mrv_28, i16 %add_ln58_6262" [firmware/nnet_utils/nnet_dense_latency.h:68]   --->   Operation 905 'insertvalue' 'mrv_29' <Predicate = true> <Delay = 0.00>
ST_4 : Operation 906 [1/1] (0.00ns)   --->   "%mrv_30 = insertvalue i512 %mrv_29, i16 %add_ln58_5952" [firmware/nnet_utils/nnet_dense_latency.h:68]   --->   Operation 906 'insertvalue' 'mrv_30' <Predicate = true> <Delay = 0.00>
ST_4 : Operation 907 [1/1] (0.00ns)   --->   "%mrv_31 = insertvalue i512 %mrv_30, i16 %add_ln58_6274" [firmware/nnet_utils/nnet_dense_latency.h:68]   --->   Operation 907 'insertvalue' 'mrv_31' <Predicate = true> <Delay = 0.00>
ST_4 : Operation 908 [1/1] (0.00ns)   --->   "%ret_ln68 = ret i512 %mrv_31" [firmware/nnet_utils/nnet_dense_latency.h:68]   --->   Operation 908 'ret' 'ret_ln68' <Predicate = true> <Delay = 0.00>


============================================================
+ Verbose Summary: Timing violations
============================================================
Target clock period: 5.000ns, clock uncertainty: 0.625ns.

 <State 1>: 4.302ns
The critical path consists of the following:
	wire read operation ('data_12_val_read', firmware/nnet_utils/nnet_mult.h:70->firmware/nnet_utils/nnet_dense_latency.h:42) on port 'data_12_val' (firmware/nnet_utils/nnet_mult.h:70->firmware/nnet_utils/nnet_dense_latency.h:42) [18]  (0.000 ns)
	'sub' operation 19 bit ('sub_ln42_34', firmware/nnet_utils/nnet_dense_latency.h:42) [430]  (2.136 ns)
	'sub' operation 19 bit ('sub_ln42_35', firmware/nnet_utils/nnet_dense_latency.h:42) [431]  (2.166 ns)

 <State 2>: 4.302ns
The critical path consists of the following:
	'sub' operation 19 bit ('sub_ln42', firmware/nnet_utils/nnet_dense_latency.h:42) [49]  (2.136 ns)
	'sub' operation 19 bit ('sub_ln42_1', firmware/nnet_utils/nnet_dense_latency.h:42) [50]  (2.166 ns)

 <State 3>: 4.154ns
The critical path consists of the following:
	'add' operation 16 bit ('add_ln58_6134', firmware/nnet_utils/nnet_dense_latency.h:58) [728]  (2.077 ns)
	'add' operation 16 bit ('add_ln58_6135', firmware/nnet_utils/nnet_dense_latency.h:58) [729]  (2.077 ns)

 <State 4>: 3.903ns
The critical path consists of the following:
	'add' operation 16 bit ('add_ln58_5926', firmware/nnet_utils/nnet_dense_latency.h:58) [491]  (0.000 ns)
	'add' operation 16 bit ('add_ln58_5932', firmware/nnet_utils/nnet_dense_latency.h:58) [500]  (3.903 ns)


============================================================
+ Verbose Summary: Binding
============================================================
N/A
* FSMD analyzer results:
  - Output states:
 - Input state : 
  - Chain level:
	State 1
	State 2
	State 3
	State 4


============================================================
+ Verbose Summary: Datapath Resource usage 
============================================================
N/A
