

================================================================
== Vitis HLS Report for 'myproject'
================================================================
* Date:           Mon Oct 27 14:27:45 2025

* Version:        2024.1 (Build 5069499 on May 21 2024)
* Project:        myproject_prj
* Solution:       solution1 (Vivado IP Flow Target)
* Product family: zynq
* Target device:  xc7z020-clg400-1


================================================================
== Performance Estimates
================================================================
+ Timing: 
    * Summary: 
    +--------+---------+----------+------------+
    |  Clock |  Target | Estimated| Uncertainty|
    +--------+---------+----------+------------+
    |ap_clk  |  5.00 ns|  4.302 ns|     0.62 ns|
    +--------+---------+----------+------------+

+ Latency: 
    * Summary: 
    +---------+---------+----------+----------+-----+-----+---------+
    |  Latency (cycles) |  Latency (absolute) |  Interval | Pipeline|
    |   min   |   max   |    min   |    max   | min | max |   Type  |
    +---------+---------+----------+----------+-----+-----+---------+
    |       41|       41|  0.205 us|  0.205 us|    1|    1|      yes|
    +---------+---------+----------+----------+-----+-----+---------+

    + Detail: 
        * Instance: 
        N/A

        * Loop: 
        N/A

============================================================
+ Verbose Summary: Synthesis Manager
============================================================
InlineROM: 1
ExposeGlobal: 0
============================================================
+ Verbose Summary: CDFG Model
============================================================
IsTopModel: 1
ResetActiveHigh: 1
IsCombinational: 0
IsDatapathOnly: 0
HasWiredReturn: 1
HasMFsm: 2
HasVarLatency: 0
IsPipeline: 1
IsRtlPipelined: 1
IsInstanceOverlapped: 0
IsDontTouch: 0
HasImplIP: 0
IsGatedGlobalClock: 0

+ Individual pipeline summary: 
  * Pipeline-0: initiation interval (II) = 1, depth = 42


============================================================
+ Verbose Summary: Schedule
============================================================
* Number of FSM states : 42
* Pipeline : 1
  Pipeline-0 : II = 1, D = 42, States = { 1 2 3 4 5 6 7 8 9 10 11 12 13 14 15 16 17 18 19 20 21 22 23 24 25 26 27 28 29 30 31 32 33 34 35 36 37 38 39 40 41 42 }
* Dataflow Pipeline: 0

* FSM state transitions: 
1 --> 2 
2 --> 3 
3 --> 4 
4 --> 5 
5 --> 6 
6 --> 7 
7 --> 8 
8 --> 9 
9 --> 10 
10 --> 11 
11 --> 12 
12 --> 13 
13 --> 14 
14 --> 15 
15 --> 16 
16 --> 17 
17 --> 18 
18 --> 19 
19 --> 20 
20 --> 21 
21 --> 22 
22 --> 23 
23 --> 24 
24 --> 25 
25 --> 26 
26 --> 27 
27 --> 28 
28 --> 29 
29 --> 30 
30 --> 31 
31 --> 32 
32 --> 33 
33 --> 34 
34 --> 35 
35 --> 36 
36 --> 37 
37 --> 38 
38 --> 39 
39 --> 40 
40 --> 41 
41 --> 42 
42 --> 

* FSM state operations: 

State 1 <SV = 0> <Delay = 4.30>
ST_1 : Operation 43 [1/1] (0.00ns)   --->   "%x_profile_read = read i336 @_ssdm_op_Read.ap_vld.i336P0A, i336 %x_profile"   --->   Operation 43 'read' 'x_profile_read' <Predicate = true> <Delay = 0.00>
ST_1 : Operation 44 [1/1] (0.00ns)   --->   "%z_global_read = read i16 @_ssdm_op_Read.ap_vld.i16P0A, i16 %z_global"   --->   Operation 44 'read' 'z_global_read' <Predicate = true> <Delay = 0.00>
ST_1 : Operation 45 [1/1] (0.00ns)   --->   "%call_ret1 = call i352 @concatenate1d<ap_fixed,ap_fixed,ap_fixed<16,6,5,3,0>,config5>, i336 %x_profile_read, i16 %z_global_read" [firmware/myproject.cpp:48]   --->   Operation 45 'call' 'call_ret1' <Predicate = true> <Delay = 0.00> <CoreType = "Generic">   --->   Core 0 '' <Latency = 0> <II = 1> <Delay = 1.00> <Generic> <Opcode : >
ST_1 : Operation 46 [1/1] (0.00ns)   --->   "%layer5_out = extractvalue i352 %call_ret1" [firmware/myproject.cpp:48]   --->   Operation 46 'extractvalue' 'layer5_out' <Predicate = true> <Delay = 0.00>
ST_1 : Operation 47 [1/1] (0.00ns)   --->   "%layer5_out_1 = extractvalue i352 %call_ret1" [firmware/myproject.cpp:48]   --->   Operation 47 'extractvalue' 'layer5_out_1' <Predicate = true> <Delay = 0.00>
ST_1 : Operation 48 [1/1] (0.00ns)   --->   "%layer5_out_2 = extractvalue i352 %call_ret1" [firmware/myproject.cpp:48]   --->   Operation 48 'extractvalue' 'layer5_out_2' <Predicate = true> <Delay = 0.00>
ST_1 : Operation 49 [1/1] (0.00ns)   --->   "%layer5_out_3 = extractvalue i352 %call_ret1" [firmware/myproject.cpp:48]   --->   Operation 49 'extractvalue' 'layer5_out_3' <Predicate = true> <Delay = 0.00>
ST_1 : Operation 50 [1/1] (0.00ns)   --->   "%layer5_out_4 = extractvalue i352 %call_ret1" [firmware/myproject.cpp:48]   --->   Operation 50 'extractvalue' 'layer5_out_4' <Predicate = true> <Delay = 0.00>
ST_1 : Operation 51 [1/1] (0.00ns)   --->   "%layer5_out_5 = extractvalue i352 %call_ret1" [firmware/myproject.cpp:48]   --->   Operation 51 'extractvalue' 'layer5_out_5' <Predicate = true> <Delay = 0.00>
ST_1 : Operation 52 [1/1] (0.00ns)   --->   "%layer5_out_6 = extractvalue i352 %call_ret1" [firmware/myproject.cpp:48]   --->   Operation 52 'extractvalue' 'layer5_out_6' <Predicate = true> <Delay = 0.00>
ST_1 : Operation 53 [1/1] (0.00ns)   --->   "%layer5_out_7 = extractvalue i352 %call_ret1" [firmware/myproject.cpp:48]   --->   Operation 53 'extractvalue' 'layer5_out_7' <Predicate = true> <Delay = 0.00>
ST_1 : Operation 54 [1/1] (0.00ns)   --->   "%layer5_out_8 = extractvalue i352 %call_ret1" [firmware/myproject.cpp:48]   --->   Operation 54 'extractvalue' 'layer5_out_8' <Predicate = true> <Delay = 0.00>
ST_1 : Operation 55 [1/1] (0.00ns)   --->   "%layer5_out_9 = extractvalue i352 %call_ret1" [firmware/myproject.cpp:48]   --->   Operation 55 'extractvalue' 'layer5_out_9' <Predicate = true> <Delay = 0.00>
ST_1 : Operation 56 [1/1] (0.00ns)   --->   "%layer5_out_10 = extractvalue i352 %call_ret1" [firmware/myproject.cpp:48]   --->   Operation 56 'extractvalue' 'layer5_out_10' <Predicate = true> <Delay = 0.00>
ST_1 : Operation 57 [1/1] (0.00ns)   --->   "%layer5_out_11 = extractvalue i352 %call_ret1" [firmware/myproject.cpp:48]   --->   Operation 57 'extractvalue' 'layer5_out_11' <Predicate = true> <Delay = 0.00>
ST_1 : Operation 58 [1/1] (0.00ns)   --->   "%layer5_out_12 = extractvalue i352 %call_ret1" [firmware/myproject.cpp:48]   --->   Operation 58 'extractvalue' 'layer5_out_12' <Predicate = true> <Delay = 0.00>
ST_1 : Operation 59 [1/1] (0.00ns)   --->   "%layer5_out_13 = extractvalue i352 %call_ret1" [firmware/myproject.cpp:48]   --->   Operation 59 'extractvalue' 'layer5_out_13' <Predicate = true> <Delay = 0.00>
ST_1 : Operation 60 [1/1] (0.00ns)   --->   "%layer5_out_14 = extractvalue i352 %call_ret1" [firmware/myproject.cpp:48]   --->   Operation 60 'extractvalue' 'layer5_out_14' <Predicate = true> <Delay = 0.00>
ST_1 : Operation 61 [1/1] (0.00ns)   --->   "%layer5_out_15 = extractvalue i352 %call_ret1" [firmware/myproject.cpp:48]   --->   Operation 61 'extractvalue' 'layer5_out_15' <Predicate = true> <Delay = 0.00>
ST_1 : Operation 62 [1/1] (0.00ns)   --->   "%layer5_out_16 = extractvalue i352 %call_ret1" [firmware/myproject.cpp:48]   --->   Operation 62 'extractvalue' 'layer5_out_16' <Predicate = true> <Delay = 0.00>
ST_1 : Operation 63 [1/1] (0.00ns)   --->   "%layer5_out_17 = extractvalue i352 %call_ret1" [firmware/myproject.cpp:48]   --->   Operation 63 'extractvalue' 'layer5_out_17' <Predicate = true> <Delay = 0.00>
ST_1 : Operation 64 [1/1] (0.00ns)   --->   "%layer5_out_18 = extractvalue i352 %call_ret1" [firmware/myproject.cpp:48]   --->   Operation 64 'extractvalue' 'layer5_out_18' <Predicate = true> <Delay = 0.00>
ST_1 : Operation 65 [1/1] (0.00ns)   --->   "%layer5_out_19 = extractvalue i352 %call_ret1" [firmware/myproject.cpp:48]   --->   Operation 65 'extractvalue' 'layer5_out_19' <Predicate = true> <Delay = 0.00>
ST_1 : Operation 66 [1/1] (0.00ns)   --->   "%layer5_out_20 = extractvalue i352 %call_ret1" [firmware/myproject.cpp:48]   --->   Operation 66 'extractvalue' 'layer5_out_20' <Predicate = true> <Delay = 0.00>
ST_1 : Operation 67 [1/1] (0.00ns)   --->   "%layer5_out_21 = extractvalue i352 %call_ret1" [firmware/myproject.cpp:48]   --->   Operation 67 'extractvalue' 'layer5_out_21' <Predicate = true> <Delay = 0.00>
ST_1 : Operation 68 [1/1] (0.00ns)   --->   "%y_profile_read = read i208 @_ssdm_op_Read.ap_vld.i208P0A, i208 %y_profile"   --->   Operation 68 'read' 'y_profile_read' <Predicate = true> <Delay = 0.00>
ST_1 : Operation 69 [1/1] (0.00ns)   --->   "%y_local_read = read i16 @_ssdm_op_Read.ap_vld.i16P0A, i16 %y_local"   --->   Operation 69 'read' 'y_local_read' <Predicate = true> <Delay = 0.00>
ST_1 : Operation 70 [1/1] (0.00ns)   --->   "%call_ret2 = call i224 @concatenate1d<ap_fixed,ap_fixed,ap_fixed<16,6,5,3,0>,config6>, i208 %y_profile_read, i16 %y_local_read" [firmware/myproject.cpp:52]   --->   Operation 70 'call' 'call_ret2' <Predicate = true> <Delay = 0.00> <CoreType = "Generic">   --->   Core 0 '' <Latency = 0> <II = 1> <Delay = 1.00> <Generic> <Opcode : >
ST_1 : Operation 71 [1/1] (0.00ns)   --->   "%layer6_out = extractvalue i224 %call_ret2" [firmware/myproject.cpp:52]   --->   Operation 71 'extractvalue' 'layer6_out' <Predicate = true> <Delay = 0.00>
ST_1 : Operation 72 [1/1] (0.00ns)   --->   "%layer6_out_1 = extractvalue i224 %call_ret2" [firmware/myproject.cpp:52]   --->   Operation 72 'extractvalue' 'layer6_out_1' <Predicate = true> <Delay = 0.00>
ST_1 : Operation 73 [1/1] (0.00ns)   --->   "%layer6_out_2 = extractvalue i224 %call_ret2" [firmware/myproject.cpp:52]   --->   Operation 73 'extractvalue' 'layer6_out_2' <Predicate = true> <Delay = 0.00>
ST_1 : Operation 74 [1/1] (0.00ns)   --->   "%layer6_out_3 = extractvalue i224 %call_ret2" [firmware/myproject.cpp:52]   --->   Operation 74 'extractvalue' 'layer6_out_3' <Predicate = true> <Delay = 0.00>
ST_1 : Operation 75 [1/1] (0.00ns)   --->   "%layer6_out_4 = extractvalue i224 %call_ret2" [firmware/myproject.cpp:52]   --->   Operation 75 'extractvalue' 'layer6_out_4' <Predicate = true> <Delay = 0.00>
ST_1 : Operation 76 [1/1] (0.00ns)   --->   "%layer6_out_5 = extractvalue i224 %call_ret2" [firmware/myproject.cpp:52]   --->   Operation 76 'extractvalue' 'layer6_out_5' <Predicate = true> <Delay = 0.00>
ST_1 : Operation 77 [1/1] (0.00ns)   --->   "%layer6_out_6 = extractvalue i224 %call_ret2" [firmware/myproject.cpp:52]   --->   Operation 77 'extractvalue' 'layer6_out_6' <Predicate = true> <Delay = 0.00>
ST_1 : Operation 78 [1/1] (0.00ns)   --->   "%layer6_out_7 = extractvalue i224 %call_ret2" [firmware/myproject.cpp:52]   --->   Operation 78 'extractvalue' 'layer6_out_7' <Predicate = true> <Delay = 0.00>
ST_1 : Operation 79 [1/1] (0.00ns)   --->   "%layer6_out_8 = extractvalue i224 %call_ret2" [firmware/myproject.cpp:52]   --->   Operation 79 'extractvalue' 'layer6_out_8' <Predicate = true> <Delay = 0.00>
ST_1 : Operation 80 [1/1] (0.00ns)   --->   "%layer6_out_9 = extractvalue i224 %call_ret2" [firmware/myproject.cpp:52]   --->   Operation 80 'extractvalue' 'layer6_out_9' <Predicate = true> <Delay = 0.00>
ST_1 : Operation 81 [1/1] (0.00ns)   --->   "%layer6_out_10 = extractvalue i224 %call_ret2" [firmware/myproject.cpp:52]   --->   Operation 81 'extractvalue' 'layer6_out_10' <Predicate = true> <Delay = 0.00>
ST_1 : Operation 82 [1/1] (0.00ns)   --->   "%layer6_out_11 = extractvalue i224 %call_ret2" [firmware/myproject.cpp:52]   --->   Operation 82 'extractvalue' 'layer6_out_11' <Predicate = true> <Delay = 0.00>
ST_1 : Operation 83 [1/1] (0.00ns)   --->   "%layer6_out_12 = extractvalue i224 %call_ret2" [firmware/myproject.cpp:52]   --->   Operation 83 'extractvalue' 'layer6_out_12' <Predicate = true> <Delay = 0.00>
ST_1 : Operation 84 [1/1] (0.00ns)   --->   "%layer6_out_13 = extractvalue i224 %call_ret2" [firmware/myproject.cpp:52]   --->   Operation 84 'extractvalue' 'layer6_out_13' <Predicate = true> <Delay = 0.00>
ST_1 : Operation 85 [5/5] (4.30ns)   --->   "%call_ret3 = call i512 @dense_latency<ap_fixed<16, 6, 5, 3, 0>, ap_fixed<16, 6, 5, 3, 0>, config7>, i16 %layer5_out, i16 %layer5_out_1, i16 %layer5_out_2, i16 %layer5_out_3, i16 %layer5_out_4, i16 %layer5_out_5, i16 %layer5_out_6, i16 %layer5_out_7, i16 %layer5_out_8, i16 %layer5_out_9, i16 %layer5_out_10, i16 %layer5_out_11, i16 %layer5_out_12, i16 %layer5_out_13, i16 %layer5_out_14, i16 %layer5_out_15, i16 %layer5_out_16, i16 %layer5_out_17, i16 %layer5_out_18, i16 %layer5_out_19, i16 %layer5_out_20, i16 %layer5_out_21" [firmware/nnet_utils/nnet_dense.h:41->firmware/myproject.cpp:56]   --->   Operation 85 'call' 'call_ret3' <Predicate = true> <Delay = 4.30> <CoreType = "Generic">   --->   Core 0 '' <Latency = 0> <II = 1> <Delay = 1.00> <Generic> <Opcode : >
ST_1 : Operation 86 [5/5] (4.30ns)   --->   "%call_ret4 = call i512 @dense_latency<ap_fixed<16, 6, 5, 3, 0>, ap_fixed<16, 6, 5, 3, 0>, config9>, i16 %layer6_out, i16 %layer6_out_1, i16 %layer6_out_2, i16 %layer6_out_3, i16 %layer6_out_4, i16 %layer6_out_5, i16 %layer6_out_6, i16 %layer6_out_7, i16 %layer6_out_8, i16 %layer6_out_9, i16 %layer6_out_10, i16 %layer6_out_11, i16 %layer6_out_12, i16 %layer6_out_13" [firmware/nnet_utils/nnet_dense.h:41->firmware/myproject.cpp:60]   --->   Operation 86 'call' 'call_ret4' <Predicate = true> <Delay = 4.30> <CoreType = "Generic">   --->   Core 0 '' <Latency = 0> <II = 1> <Delay = 1.00> <Generic> <Opcode : >

State 2 <SV = 1> <Delay = 4.30>
ST_2 : Operation 87 [4/5] (4.30ns)   --->   "%call_ret3 = call i512 @dense_latency<ap_fixed<16, 6, 5, 3, 0>, ap_fixed<16, 6, 5, 3, 0>, config7>, i16 %layer5_out, i16 %layer5_out_1, i16 %layer5_out_2, i16 %layer5_out_3, i16 %layer5_out_4, i16 %layer5_out_5, i16 %layer5_out_6, i16 %layer5_out_7, i16 %layer5_out_8, i16 %layer5_out_9, i16 %layer5_out_10, i16 %layer5_out_11, i16 %layer5_out_12, i16 %layer5_out_13, i16 %layer5_out_14, i16 %layer5_out_15, i16 %layer5_out_16, i16 %layer5_out_17, i16 %layer5_out_18, i16 %layer5_out_19, i16 %layer5_out_20, i16 %layer5_out_21" [firmware/nnet_utils/nnet_dense.h:41->firmware/myproject.cpp:56]   --->   Operation 87 'call' 'call_ret3' <Predicate = true> <Delay = 4.30> <CoreType = "Generic">   --->   Core 0 '' <Latency = 0> <II = 1> <Delay = 1.00> <Generic> <Opcode : >
ST_2 : Operation 88 [4/5] (4.30ns)   --->   "%call_ret4 = call i512 @dense_latency<ap_fixed<16, 6, 5, 3, 0>, ap_fixed<16, 6, 5, 3, 0>, config9>, i16 %layer6_out, i16 %layer6_out_1, i16 %layer6_out_2, i16 %layer6_out_3, i16 %layer6_out_4, i16 %layer6_out_5, i16 %layer6_out_6, i16 %layer6_out_7, i16 %layer6_out_8, i16 %layer6_out_9, i16 %layer6_out_10, i16 %layer6_out_11, i16 %layer6_out_12, i16 %layer6_out_13" [firmware/nnet_utils/nnet_dense.h:41->firmware/myproject.cpp:60]   --->   Operation 88 'call' 'call_ret4' <Predicate = true> <Delay = 4.30> <CoreType = "Generic">   --->   Core 0 '' <Latency = 0> <II = 1> <Delay = 1.00> <Generic> <Opcode : >

State 3 <SV = 2> <Delay = 4.30>
ST_3 : Operation 89 [3/5] (4.30ns)   --->   "%call_ret3 = call i512 @dense_latency<ap_fixed<16, 6, 5, 3, 0>, ap_fixed<16, 6, 5, 3, 0>, config7>, i16 %layer5_out, i16 %layer5_out_1, i16 %layer5_out_2, i16 %layer5_out_3, i16 %layer5_out_4, i16 %layer5_out_5, i16 %layer5_out_6, i16 %layer5_out_7, i16 %layer5_out_8, i16 %layer5_out_9, i16 %layer5_out_10, i16 %layer5_out_11, i16 %layer5_out_12, i16 %layer5_out_13, i16 %layer5_out_14, i16 %layer5_out_15, i16 %layer5_out_16, i16 %layer5_out_17, i16 %layer5_out_18, i16 %layer5_out_19, i16 %layer5_out_20, i16 %layer5_out_21" [firmware/nnet_utils/nnet_dense.h:41->firmware/myproject.cpp:56]   --->   Operation 89 'call' 'call_ret3' <Predicate = true> <Delay = 4.30> <CoreType = "Generic">   --->   Core 0 '' <Latency = 0> <II = 1> <Delay = 1.00> <Generic> <Opcode : >
ST_3 : Operation 90 [3/5] (4.30ns)   --->   "%call_ret4 = call i512 @dense_latency<ap_fixed<16, 6, 5, 3, 0>, ap_fixed<16, 6, 5, 3, 0>, config9>, i16 %layer6_out, i16 %layer6_out_1, i16 %layer6_out_2, i16 %layer6_out_3, i16 %layer6_out_4, i16 %layer6_out_5, i16 %layer6_out_6, i16 %layer6_out_7, i16 %layer6_out_8, i16 %layer6_out_9, i16 %layer6_out_10, i16 %layer6_out_11, i16 %layer6_out_12, i16 %layer6_out_13" [firmware/nnet_utils/nnet_dense.h:41->firmware/myproject.cpp:60]   --->   Operation 90 'call' 'call_ret4' <Predicate = true> <Delay = 4.30> <CoreType = "Generic">   --->   Core 0 '' <Latency = 0> <II = 1> <Delay = 1.00> <Generic> <Opcode : >

State 4 <SV = 3> <Delay = 4.30>
ST_4 : Operation 91 [2/5] (4.30ns)   --->   "%call_ret3 = call i512 @dense_latency<ap_fixed<16, 6, 5, 3, 0>, ap_fixed<16, 6, 5, 3, 0>, config7>, i16 %layer5_out, i16 %layer5_out_1, i16 %layer5_out_2, i16 %layer5_out_3, i16 %layer5_out_4, i16 %layer5_out_5, i16 %layer5_out_6, i16 %layer5_out_7, i16 %layer5_out_8, i16 %layer5_out_9, i16 %layer5_out_10, i16 %layer5_out_11, i16 %layer5_out_12, i16 %layer5_out_13, i16 %layer5_out_14, i16 %layer5_out_15, i16 %layer5_out_16, i16 %layer5_out_17, i16 %layer5_out_18, i16 %layer5_out_19, i16 %layer5_out_20, i16 %layer5_out_21" [firmware/nnet_utils/nnet_dense.h:41->firmware/myproject.cpp:56]   --->   Operation 91 'call' 'call_ret3' <Predicate = true> <Delay = 4.30> <CoreType = "Generic">   --->   Core 0 '' <Latency = 0> <II = 1> <Delay = 1.00> <Generic> <Opcode : >
ST_4 : Operation 92 [2/5] (4.30ns)   --->   "%call_ret4 = call i512 @dense_latency<ap_fixed<16, 6, 5, 3, 0>, ap_fixed<16, 6, 5, 3, 0>, config9>, i16 %layer6_out, i16 %layer6_out_1, i16 %layer6_out_2, i16 %layer6_out_3, i16 %layer6_out_4, i16 %layer6_out_5, i16 %layer6_out_6, i16 %layer6_out_7, i16 %layer6_out_8, i16 %layer6_out_9, i16 %layer6_out_10, i16 %layer6_out_11, i16 %layer6_out_12, i16 %layer6_out_13" [firmware/nnet_utils/nnet_dense.h:41->firmware/myproject.cpp:60]   --->   Operation 92 'call' 'call_ret4' <Predicate = true> <Delay = 4.30> <CoreType = "Generic">   --->   Core 0 '' <Latency = 0> <II = 1> <Delay = 1.00> <Generic> <Opcode : >

State 5 <SV = 4> <Delay = 3.90>
ST_5 : Operation 93 [1/5] (3.90ns)   --->   "%call_ret3 = call i512 @dense_latency<ap_fixed<16, 6, 5, 3, 0>, ap_fixed<16, 6, 5, 3, 0>, config7>, i16 %layer5_out, i16 %layer5_out_1, i16 %layer5_out_2, i16 %layer5_out_3, i16 %layer5_out_4, i16 %layer5_out_5, i16 %layer5_out_6, i16 %layer5_out_7, i16 %layer5_out_8, i16 %layer5_out_9, i16 %layer5_out_10, i16 %layer5_out_11, i16 %layer5_out_12, i16 %layer5_out_13, i16 %layer5_out_14, i16 %layer5_out_15, i16 %layer5_out_16, i16 %layer5_out_17, i16 %layer5_out_18, i16 %layer5_out_19, i16 %layer5_out_20, i16 %layer5_out_21" [firmware/nnet_utils/nnet_dense.h:41->firmware/myproject.cpp:56]   --->   Operation 93 'call' 'call_ret3' <Predicate = true> <Delay = 3.90> <CoreType = "Generic">   --->   Core 0 '' <Latency = 0> <II = 1> <Delay = 1.00> <Generic> <Opcode : >
ST_5 : Operation 94 [1/1] (0.00ns)   --->   "%layer7_out = extractvalue i512 %call_ret3" [firmware/nnet_utils/nnet_dense.h:41->firmware/myproject.cpp:56]   --->   Operation 94 'extractvalue' 'layer7_out' <Predicate = true> <Delay = 0.00>
ST_5 : Operation 95 [1/1] (0.00ns)   --->   "%layer7_out_1 = extractvalue i512 %call_ret3" [firmware/nnet_utils/nnet_dense.h:41->firmware/myproject.cpp:56]   --->   Operation 95 'extractvalue' 'layer7_out_1' <Predicate = true> <Delay = 0.00>
ST_5 : Operation 96 [1/1] (0.00ns)   --->   "%layer7_out_2 = extractvalue i512 %call_ret3" [firmware/nnet_utils/nnet_dense.h:41->firmware/myproject.cpp:56]   --->   Operation 96 'extractvalue' 'layer7_out_2' <Predicate = true> <Delay = 0.00>
ST_5 : Operation 97 [1/1] (0.00ns)   --->   "%layer7_out_3 = extractvalue i512 %call_ret3" [firmware/nnet_utils/nnet_dense.h:41->firmware/myproject.cpp:56]   --->   Operation 97 'extractvalue' 'layer7_out_3' <Predicate = true> <Delay = 0.00>
ST_5 : Operation 98 [1/1] (0.00ns)   --->   "%layer7_out_4 = extractvalue i512 %call_ret3" [firmware/nnet_utils/nnet_dense.h:41->firmware/myproject.cpp:56]   --->   Operation 98 'extractvalue' 'layer7_out_4' <Predicate = true> <Delay = 0.00>
ST_5 : Operation 99 [1/1] (0.00ns)   --->   "%layer7_out_5 = extractvalue i512 %call_ret3" [firmware/nnet_utils/nnet_dense.h:41->firmware/myproject.cpp:56]   --->   Operation 99 'extractvalue' 'layer7_out_5' <Predicate = true> <Delay = 0.00>
ST_5 : Operation 100 [1/1] (0.00ns)   --->   "%layer7_out_6 = extractvalue i512 %call_ret3" [firmware/nnet_utils/nnet_dense.h:41->firmware/myproject.cpp:56]   --->   Operation 100 'extractvalue' 'layer7_out_6' <Predicate = true> <Delay = 0.00>
ST_5 : Operation 101 [1/1] (0.00ns)   --->   "%layer7_out_7 = extractvalue i512 %call_ret3" [firmware/nnet_utils/nnet_dense.h:41->firmware/myproject.cpp:56]   --->   Operation 101 'extractvalue' 'layer7_out_7' <Predicate = true> <Delay = 0.00>
ST_5 : Operation 102 [1/1] (0.00ns)   --->   "%layer7_out_8 = extractvalue i512 %call_ret3" [firmware/nnet_utils/nnet_dense.h:41->firmware/myproject.cpp:56]   --->   Operation 102 'extractvalue' 'layer7_out_8' <Predicate = true> <Delay = 0.00>
ST_5 : Operation 103 [1/1] (0.00ns)   --->   "%layer7_out_9 = extractvalue i512 %call_ret3" [firmware/nnet_utils/nnet_dense.h:41->firmware/myproject.cpp:56]   --->   Operation 103 'extractvalue' 'layer7_out_9' <Predicate = true> <Delay = 0.00>
ST_5 : Operation 104 [1/1] (0.00ns)   --->   "%layer7_out_10 = extractvalue i512 %call_ret3" [firmware/nnet_utils/nnet_dense.h:41->firmware/myproject.cpp:56]   --->   Operation 104 'extractvalue' 'layer7_out_10' <Predicate = true> <Delay = 0.00>
ST_5 : Operation 105 [1/1] (0.00ns)   --->   "%layer7_out_11 = extractvalue i512 %call_ret3" [firmware/nnet_utils/nnet_dense.h:41->firmware/myproject.cpp:56]   --->   Operation 105 'extractvalue' 'layer7_out_11' <Predicate = true> <Delay = 0.00>
ST_5 : Operation 106 [1/1] (0.00ns)   --->   "%layer7_out_12 = extractvalue i512 %call_ret3" [firmware/nnet_utils/nnet_dense.h:41->firmware/myproject.cpp:56]   --->   Operation 106 'extractvalue' 'layer7_out_12' <Predicate = true> <Delay = 0.00>
ST_5 : Operation 107 [1/1] (0.00ns)   --->   "%layer7_out_13 = extractvalue i512 %call_ret3" [firmware/nnet_utils/nnet_dense.h:41->firmware/myproject.cpp:56]   --->   Operation 107 'extractvalue' 'layer7_out_13' <Predicate = true> <Delay = 0.00>
ST_5 : Operation 108 [1/1] (0.00ns)   --->   "%layer7_out_14 = extractvalue i512 %call_ret3" [firmware/nnet_utils/nnet_dense.h:41->firmware/myproject.cpp:56]   --->   Operation 108 'extractvalue' 'layer7_out_14' <Predicate = true> <Delay = 0.00>
ST_5 : Operation 109 [1/1] (0.00ns)   --->   "%layer7_out_15 = extractvalue i512 %call_ret3" [firmware/nnet_utils/nnet_dense.h:41->firmware/myproject.cpp:56]   --->   Operation 109 'extractvalue' 'layer7_out_15' <Predicate = true> <Delay = 0.00>
ST_5 : Operation 110 [1/1] (0.00ns)   --->   "%layer7_out_16 = extractvalue i512 %call_ret3" [firmware/nnet_utils/nnet_dense.h:41->firmware/myproject.cpp:56]   --->   Operation 110 'extractvalue' 'layer7_out_16' <Predicate = true> <Delay = 0.00>
ST_5 : Operation 111 [1/1] (0.00ns)   --->   "%layer7_out_17 = extractvalue i512 %call_ret3" [firmware/nnet_utils/nnet_dense.h:41->firmware/myproject.cpp:56]   --->   Operation 111 'extractvalue' 'layer7_out_17' <Predicate = true> <Delay = 0.00>
ST_5 : Operation 112 [1/1] (0.00ns)   --->   "%layer7_out_18 = extractvalue i512 %call_ret3" [firmware/nnet_utils/nnet_dense.h:41->firmware/myproject.cpp:56]   --->   Operation 112 'extractvalue' 'layer7_out_18' <Predicate = true> <Delay = 0.00>
ST_5 : Operation 113 [1/1] (0.00ns)   --->   "%layer7_out_19 = extractvalue i512 %call_ret3" [firmware/nnet_utils/nnet_dense.h:41->firmware/myproject.cpp:56]   --->   Operation 113 'extractvalue' 'layer7_out_19' <Predicate = true> <Delay = 0.00>
ST_5 : Operation 114 [1/1] (0.00ns)   --->   "%layer7_out_20 = extractvalue i512 %call_ret3" [firmware/nnet_utils/nnet_dense.h:41->firmware/myproject.cpp:56]   --->   Operation 114 'extractvalue' 'layer7_out_20' <Predicate = true> <Delay = 0.00>
ST_5 : Operation 115 [1/1] (0.00ns)   --->   "%layer7_out_21 = extractvalue i512 %call_ret3" [firmware/nnet_utils/nnet_dense.h:41->firmware/myproject.cpp:56]   --->   Operation 115 'extractvalue' 'layer7_out_21' <Predicate = true> <Delay = 0.00>
ST_5 : Operation 116 [1/1] (0.00ns)   --->   "%layer7_out_22 = extractvalue i512 %call_ret3" [firmware/nnet_utils/nnet_dense.h:41->firmware/myproject.cpp:56]   --->   Operation 116 'extractvalue' 'layer7_out_22' <Predicate = true> <Delay = 0.00>
ST_5 : Operation 117 [1/1] (0.00ns)   --->   "%layer7_out_23 = extractvalue i512 %call_ret3" [firmware/nnet_utils/nnet_dense.h:41->firmware/myproject.cpp:56]   --->   Operation 117 'extractvalue' 'layer7_out_23' <Predicate = true> <Delay = 0.00>
ST_5 : Operation 118 [1/1] (0.00ns)   --->   "%layer7_out_24 = extractvalue i512 %call_ret3" [firmware/nnet_utils/nnet_dense.h:41->firmware/myproject.cpp:56]   --->   Operation 118 'extractvalue' 'layer7_out_24' <Predicate = true> <Delay = 0.00>
ST_5 : Operation 119 [1/1] (0.00ns)   --->   "%layer7_out_25 = extractvalue i512 %call_ret3" [firmware/nnet_utils/nnet_dense.h:41->firmware/myproject.cpp:56]   --->   Operation 119 'extractvalue' 'layer7_out_25' <Predicate = true> <Delay = 0.00>
ST_5 : Operation 120 [1/1] (0.00ns)   --->   "%layer7_out_26 = extractvalue i512 %call_ret3" [firmware/nnet_utils/nnet_dense.h:41->firmware/myproject.cpp:56]   --->   Operation 120 'extractvalue' 'layer7_out_26' <Predicate = true> <Delay = 0.00>
ST_5 : Operation 121 [1/1] (0.00ns)   --->   "%layer7_out_27 = extractvalue i512 %call_ret3" [firmware/nnet_utils/nnet_dense.h:41->firmware/myproject.cpp:56]   --->   Operation 121 'extractvalue' 'layer7_out_27' <Predicate = true> <Delay = 0.00>
ST_5 : Operation 122 [1/1] (0.00ns)   --->   "%layer7_out_28 = extractvalue i512 %call_ret3" [firmware/nnet_utils/nnet_dense.h:41->firmware/myproject.cpp:56]   --->   Operation 122 'extractvalue' 'layer7_out_28' <Predicate = true> <Delay = 0.00>
ST_5 : Operation 123 [1/1] (0.00ns)   --->   "%layer7_out_29 = extractvalue i512 %call_ret3" [firmware/nnet_utils/nnet_dense.h:41->firmware/myproject.cpp:56]   --->   Operation 123 'extractvalue' 'layer7_out_29' <Predicate = true> <Delay = 0.00>
ST_5 : Operation 124 [1/1] (0.00ns)   --->   "%layer7_out_30 = extractvalue i512 %call_ret3" [firmware/nnet_utils/nnet_dense.h:41->firmware/myproject.cpp:56]   --->   Operation 124 'extractvalue' 'layer7_out_30' <Predicate = true> <Delay = 0.00>
ST_5 : Operation 125 [1/1] (0.00ns)   --->   "%layer7_out_31 = extractvalue i512 %call_ret3" [firmware/nnet_utils/nnet_dense.h:41->firmware/myproject.cpp:56]   --->   Operation 125 'extractvalue' 'layer7_out_31' <Predicate = true> <Delay = 0.00>
ST_5 : Operation 126 [1/5] (3.90ns)   --->   "%call_ret4 = call i512 @dense_latency<ap_fixed<16, 6, 5, 3, 0>, ap_fixed<16, 6, 5, 3, 0>, config9>, i16 %layer6_out, i16 %layer6_out_1, i16 %layer6_out_2, i16 %layer6_out_3, i16 %layer6_out_4, i16 %layer6_out_5, i16 %layer6_out_6, i16 %layer6_out_7, i16 %layer6_out_8, i16 %layer6_out_9, i16 %layer6_out_10, i16 %layer6_out_11, i16 %layer6_out_12, i16 %layer6_out_13" [firmware/nnet_utils/nnet_dense.h:41->firmware/myproject.cpp:60]   --->   Operation 126 'call' 'call_ret4' <Predicate = true> <Delay = 3.90> <CoreType = "Generic">   --->   Core 0 '' <Latency = 0> <II = 1> <Delay = 1.00> <Generic> <Opcode : >
ST_5 : Operation 127 [1/1] (0.00ns)   --->   "%layer9_out = extractvalue i512 %call_ret4" [firmware/nnet_utils/nnet_dense.h:41->firmware/myproject.cpp:60]   --->   Operation 127 'extractvalue' 'layer9_out' <Predicate = true> <Delay = 0.00>
ST_5 : Operation 128 [1/1] (0.00ns)   --->   "%layer9_out_1 = extractvalue i512 %call_ret4" [firmware/nnet_utils/nnet_dense.h:41->firmware/myproject.cpp:60]   --->   Operation 128 'extractvalue' 'layer9_out_1' <Predicate = true> <Delay = 0.00>
ST_5 : Operation 129 [1/1] (0.00ns)   --->   "%layer9_out_2 = extractvalue i512 %call_ret4" [firmware/nnet_utils/nnet_dense.h:41->firmware/myproject.cpp:60]   --->   Operation 129 'extractvalue' 'layer9_out_2' <Predicate = true> <Delay = 0.00>
ST_5 : Operation 130 [1/1] (0.00ns)   --->   "%layer9_out_3 = extractvalue i512 %call_ret4" [firmware/nnet_utils/nnet_dense.h:41->firmware/myproject.cpp:60]   --->   Operation 130 'extractvalue' 'layer9_out_3' <Predicate = true> <Delay = 0.00>
ST_5 : Operation 131 [1/1] (0.00ns)   --->   "%layer9_out_4 = extractvalue i512 %call_ret4" [firmware/nnet_utils/nnet_dense.h:41->firmware/myproject.cpp:60]   --->   Operation 131 'extractvalue' 'layer9_out_4' <Predicate = true> <Delay = 0.00>
ST_5 : Operation 132 [1/1] (0.00ns)   --->   "%layer9_out_5 = extractvalue i512 %call_ret4" [firmware/nnet_utils/nnet_dense.h:41->firmware/myproject.cpp:60]   --->   Operation 132 'extractvalue' 'layer9_out_5' <Predicate = true> <Delay = 0.00>
ST_5 : Operation 133 [1/1] (0.00ns)   --->   "%layer9_out_6 = extractvalue i512 %call_ret4" [firmware/nnet_utils/nnet_dense.h:41->firmware/myproject.cpp:60]   --->   Operation 133 'extractvalue' 'layer9_out_6' <Predicate = true> <Delay = 0.00>
ST_5 : Operation 134 [1/1] (0.00ns)   --->   "%layer9_out_7 = extractvalue i512 %call_ret4" [firmware/nnet_utils/nnet_dense.h:41->firmware/myproject.cpp:60]   --->   Operation 134 'extractvalue' 'layer9_out_7' <Predicate = true> <Delay = 0.00>
ST_5 : Operation 135 [1/1] (0.00ns)   --->   "%layer9_out_8 = extractvalue i512 %call_ret4" [firmware/nnet_utils/nnet_dense.h:41->firmware/myproject.cpp:60]   --->   Operation 135 'extractvalue' 'layer9_out_8' <Predicate = true> <Delay = 0.00>
ST_5 : Operation 136 [1/1] (0.00ns)   --->   "%layer9_out_9 = extractvalue i512 %call_ret4" [firmware/nnet_utils/nnet_dense.h:41->firmware/myproject.cpp:60]   --->   Operation 136 'extractvalue' 'layer9_out_9' <Predicate = true> <Delay = 0.00>
ST_5 : Operation 137 [1/1] (0.00ns)   --->   "%layer9_out_10 = extractvalue i512 %call_ret4" [firmware/nnet_utils/nnet_dense.h:41->firmware/myproject.cpp:60]   --->   Operation 137 'extractvalue' 'layer9_out_10' <Predicate = true> <Delay = 0.00>
ST_5 : Operation 138 [1/1] (0.00ns)   --->   "%layer9_out_11 = extractvalue i512 %call_ret4" [firmware/nnet_utils/nnet_dense.h:41->firmware/myproject.cpp:60]   --->   Operation 138 'extractvalue' 'layer9_out_11' <Predicate = true> <Delay = 0.00>
ST_5 : Operation 139 [1/1] (0.00ns)   --->   "%layer9_out_12 = extractvalue i512 %call_ret4" [firmware/nnet_utils/nnet_dense.h:41->firmware/myproject.cpp:60]   --->   Operation 139 'extractvalue' 'layer9_out_12' <Predicate = true> <Delay = 0.00>
ST_5 : Operation 140 [1/1] (0.00ns)   --->   "%layer9_out_13 = extractvalue i512 %call_ret4" [firmware/nnet_utils/nnet_dense.h:41->firmware/myproject.cpp:60]   --->   Operation 140 'extractvalue' 'layer9_out_13' <Predicate = true> <Delay = 0.00>
ST_5 : Operation 141 [1/1] (0.00ns)   --->   "%layer9_out_14 = extractvalue i512 %call_ret4" [firmware/nnet_utils/nnet_dense.h:41->firmware/myproject.cpp:60]   --->   Operation 141 'extractvalue' 'layer9_out_14' <Predicate = true> <Delay = 0.00>
ST_5 : Operation 142 [1/1] (0.00ns)   --->   "%layer9_out_15 = extractvalue i512 %call_ret4" [firmware/nnet_utils/nnet_dense.h:41->firmware/myproject.cpp:60]   --->   Operation 142 'extractvalue' 'layer9_out_15' <Predicate = true> <Delay = 0.00>
ST_5 : Operation 143 [1/1] (0.00ns)   --->   "%layer9_out_16 = extractvalue i512 %call_ret4" [firmware/nnet_utils/nnet_dense.h:41->firmware/myproject.cpp:60]   --->   Operation 143 'extractvalue' 'layer9_out_16' <Predicate = true> <Delay = 0.00>
ST_5 : Operation 144 [1/1] (0.00ns)   --->   "%layer9_out_17 = extractvalue i512 %call_ret4" [firmware/nnet_utils/nnet_dense.h:41->firmware/myproject.cpp:60]   --->   Operation 144 'extractvalue' 'layer9_out_17' <Predicate = true> <Delay = 0.00>
ST_5 : Operation 145 [1/1] (0.00ns)   --->   "%layer9_out_18 = extractvalue i512 %call_ret4" [firmware/nnet_utils/nnet_dense.h:41->firmware/myproject.cpp:60]   --->   Operation 145 'extractvalue' 'layer9_out_18' <Predicate = true> <Delay = 0.00>
ST_5 : Operation 146 [1/1] (0.00ns)   --->   "%layer9_out_19 = extractvalue i512 %call_ret4" [firmware/nnet_utils/nnet_dense.h:41->firmware/myproject.cpp:60]   --->   Operation 146 'extractvalue' 'layer9_out_19' <Predicate = true> <Delay = 0.00>
ST_5 : Operation 147 [1/1] (0.00ns)   --->   "%layer9_out_20 = extractvalue i512 %call_ret4" [firmware/nnet_utils/nnet_dense.h:41->firmware/myproject.cpp:60]   --->   Operation 147 'extractvalue' 'layer9_out_20' <Predicate = true> <Delay = 0.00>
ST_5 : Operation 148 [1/1] (0.00ns)   --->   "%layer9_out_21 = extractvalue i512 %call_ret4" [firmware/nnet_utils/nnet_dense.h:41->firmware/myproject.cpp:60]   --->   Operation 148 'extractvalue' 'layer9_out_21' <Predicate = true> <Delay = 0.00>
ST_5 : Operation 149 [1/1] (0.00ns)   --->   "%layer9_out_22 = extractvalue i512 %call_ret4" [firmware/nnet_utils/nnet_dense.h:41->firmware/myproject.cpp:60]   --->   Operation 149 'extractvalue' 'layer9_out_22' <Predicate = true> <Delay = 0.00>
ST_5 : Operation 150 [1/1] (0.00ns)   --->   "%layer9_out_23 = extractvalue i512 %call_ret4" [firmware/nnet_utils/nnet_dense.h:41->firmware/myproject.cpp:60]   --->   Operation 150 'extractvalue' 'layer9_out_23' <Predicate = true> <Delay = 0.00>
ST_5 : Operation 151 [1/1] (0.00ns)   --->   "%layer9_out_24 = extractvalue i512 %call_ret4" [firmware/nnet_utils/nnet_dense.h:41->firmware/myproject.cpp:60]   --->   Operation 151 'extractvalue' 'layer9_out_24' <Predicate = true> <Delay = 0.00>
ST_5 : Operation 152 [1/1] (0.00ns)   --->   "%layer9_out_25 = extractvalue i512 %call_ret4" [firmware/nnet_utils/nnet_dense.h:41->firmware/myproject.cpp:60]   --->   Operation 152 'extractvalue' 'layer9_out_25' <Predicate = true> <Delay = 0.00>
ST_5 : Operation 153 [1/1] (0.00ns)   --->   "%layer9_out_26 = extractvalue i512 %call_ret4" [firmware/nnet_utils/nnet_dense.h:41->firmware/myproject.cpp:60]   --->   Operation 153 'extractvalue' 'layer9_out_26' <Predicate = true> <Delay = 0.00>
ST_5 : Operation 154 [1/1] (0.00ns)   --->   "%layer9_out_27 = extractvalue i512 %call_ret4" [firmware/nnet_utils/nnet_dense.h:41->firmware/myproject.cpp:60]   --->   Operation 154 'extractvalue' 'layer9_out_27' <Predicate = true> <Delay = 0.00>
ST_5 : Operation 155 [1/1] (0.00ns)   --->   "%layer9_out_28 = extractvalue i512 %call_ret4" [firmware/nnet_utils/nnet_dense.h:41->firmware/myproject.cpp:60]   --->   Operation 155 'extractvalue' 'layer9_out_28' <Predicate = true> <Delay = 0.00>
ST_5 : Operation 156 [1/1] (0.00ns)   --->   "%layer9_out_29 = extractvalue i512 %call_ret4" [firmware/nnet_utils/nnet_dense.h:41->firmware/myproject.cpp:60]   --->   Operation 156 'extractvalue' 'layer9_out_29' <Predicate = true> <Delay = 0.00>
ST_5 : Operation 157 [1/1] (0.00ns)   --->   "%layer9_out_30 = extractvalue i512 %call_ret4" [firmware/nnet_utils/nnet_dense.h:41->firmware/myproject.cpp:60]   --->   Operation 157 'extractvalue' 'layer9_out_30' <Predicate = true> <Delay = 0.00>
ST_5 : Operation 158 [1/1] (0.00ns)   --->   "%layer9_out_31 = extractvalue i512 %call_ret4" [firmware/nnet_utils/nnet_dense.h:41->firmware/myproject.cpp:60]   --->   Operation 158 'extractvalue' 'layer9_out_31' <Predicate = true> <Delay = 0.00>

State 6 <SV = 5> <Delay = 2.89>
ST_6 : Operation 159 [2/2] (2.89ns)   --->   "%call_ret5 = call i256 @relu<ap_fixed<16, 6, 5, 3, 0>, ap_ufixed<8, 0, 4, 0, 0>, relu_config11>, i16 %layer7_out, i16 %layer7_out_1, i16 %layer7_out_2, i16 %layer7_out_3, i16 %layer7_out_4, i16 %layer7_out_5, i16 %layer7_out_6, i16 %layer7_out_7, i16 %layer7_out_8, i16 %layer7_out_9, i16 %layer7_out_10, i16 %layer7_out_11, i16 %layer7_out_12, i16 %layer7_out_13, i16 %layer7_out_14, i16 %layer7_out_15, i16 %layer7_out_16, i16 %layer7_out_17, i16 %layer7_out_18, i16 %layer7_out_19, i16 %layer7_out_20, i16 %layer7_out_21, i16 %layer7_out_22, i16 %layer7_out_23, i16 %layer7_out_24, i16 %layer7_out_25, i16 %layer7_out_26, i16 %layer7_out_27, i16 %layer7_out_28, i16 %layer7_out_29, i16 %layer7_out_30, i16 %layer7_out_31" [firmware/myproject.cpp:64]   --->   Operation 159 'call' 'call_ret5' <Predicate = true> <Delay = 2.89> <CoreType = "Generic">   --->   Core 0 '' <Latency = 0> <II = 1> <Delay = 1.00> <Generic> <Opcode : >
ST_6 : Operation 160 [2/2] (2.89ns)   --->   "%call_ret6 = call i256 @relu<ap_fixed<16, 6, 5, 3, 0>, ap_ufixed<8, 0, 4, 0, 0>, relu_config12>, i16 %layer9_out, i16 %layer9_out_1, i16 %layer9_out_2, i16 %layer9_out_3, i16 %layer9_out_4, i16 %layer9_out_5, i16 %layer9_out_6, i16 %layer9_out_7, i16 %layer9_out_8, i16 %layer9_out_9, i16 %layer9_out_10, i16 %layer9_out_11, i16 %layer9_out_12, i16 %layer9_out_13, i16 %layer9_out_14, i16 %layer9_out_15, i16 %layer9_out_16, i16 %layer9_out_17, i16 %layer9_out_18, i16 %layer9_out_19, i16 %layer9_out_20, i16 %layer9_out_21, i16 %layer9_out_22, i16 %layer9_out_23, i16 %layer9_out_24, i16 %layer9_out_25, i16 %layer9_out_26, i16 %layer9_out_27, i16 %layer9_out_28, i16 %layer9_out_29, i16 %layer9_out_30, i16 %layer9_out_31" [firmware/myproject.cpp:68]   --->   Operation 160 'call' 'call_ret6' <Predicate = true> <Delay = 2.89> <CoreType = "Generic">   --->   Core 0 '' <Latency = 0> <II = 1> <Delay = 1.00> <Generic> <Opcode : >

State 7 <SV = 6> <Delay = 2.49>
ST_7 : Operation 161 [1/2] (2.49ns)   --->   "%call_ret5 = call i256 @relu<ap_fixed<16, 6, 5, 3, 0>, ap_ufixed<8, 0, 4, 0, 0>, relu_config11>, i16 %layer7_out, i16 %layer7_out_1, i16 %layer7_out_2, i16 %layer7_out_3, i16 %layer7_out_4, i16 %layer7_out_5, i16 %layer7_out_6, i16 %layer7_out_7, i16 %layer7_out_8, i16 %layer7_out_9, i16 %layer7_out_10, i16 %layer7_out_11, i16 %layer7_out_12, i16 %layer7_out_13, i16 %layer7_out_14, i16 %layer7_out_15, i16 %layer7_out_16, i16 %layer7_out_17, i16 %layer7_out_18, i16 %layer7_out_19, i16 %layer7_out_20, i16 %layer7_out_21, i16 %layer7_out_22, i16 %layer7_out_23, i16 %layer7_out_24, i16 %layer7_out_25, i16 %layer7_out_26, i16 %layer7_out_27, i16 %layer7_out_28, i16 %layer7_out_29, i16 %layer7_out_30, i16 %layer7_out_31" [firmware/myproject.cpp:64]   --->   Operation 161 'call' 'call_ret5' <Predicate = true> <Delay = 2.49> <CoreType = "Generic">   --->   Core 0 '' <Latency = 0> <II = 1> <Delay = 1.00> <Generic> <Opcode : >
ST_7 : Operation 162 [1/1] (0.00ns)   --->   "%layer11_out = extractvalue i256 %call_ret5" [firmware/myproject.cpp:64]   --->   Operation 162 'extractvalue' 'layer11_out' <Predicate = true> <Delay = 0.00>
ST_7 : Operation 163 [1/1] (0.00ns)   --->   "%layer11_out_1 = extractvalue i256 %call_ret5" [firmware/myproject.cpp:64]   --->   Operation 163 'extractvalue' 'layer11_out_1' <Predicate = true> <Delay = 0.00>
ST_7 : Operation 164 [1/1] (0.00ns)   --->   "%layer11_out_2 = extractvalue i256 %call_ret5" [firmware/myproject.cpp:64]   --->   Operation 164 'extractvalue' 'layer11_out_2' <Predicate = true> <Delay = 0.00>
ST_7 : Operation 165 [1/1] (0.00ns)   --->   "%layer11_out_3 = extractvalue i256 %call_ret5" [firmware/myproject.cpp:64]   --->   Operation 165 'extractvalue' 'layer11_out_3' <Predicate = true> <Delay = 0.00>
ST_7 : Operation 166 [1/1] (0.00ns)   --->   "%layer11_out_4 = extractvalue i256 %call_ret5" [firmware/myproject.cpp:64]   --->   Operation 166 'extractvalue' 'layer11_out_4' <Predicate = true> <Delay = 0.00>
ST_7 : Operation 167 [1/1] (0.00ns)   --->   "%layer11_out_5 = extractvalue i256 %call_ret5" [firmware/myproject.cpp:64]   --->   Operation 167 'extractvalue' 'layer11_out_5' <Predicate = true> <Delay = 0.00>
ST_7 : Operation 168 [1/1] (0.00ns)   --->   "%layer11_out_6 = extractvalue i256 %call_ret5" [firmware/myproject.cpp:64]   --->   Operation 168 'extractvalue' 'layer11_out_6' <Predicate = true> <Delay = 0.00>
ST_7 : Operation 169 [1/1] (0.00ns)   --->   "%layer11_out_7 = extractvalue i256 %call_ret5" [firmware/myproject.cpp:64]   --->   Operation 169 'extractvalue' 'layer11_out_7' <Predicate = true> <Delay = 0.00>
ST_7 : Operation 170 [1/1] (0.00ns)   --->   "%layer11_out_8 = extractvalue i256 %call_ret5" [firmware/myproject.cpp:64]   --->   Operation 170 'extractvalue' 'layer11_out_8' <Predicate = true> <Delay = 0.00>
ST_7 : Operation 171 [1/1] (0.00ns)   --->   "%layer11_out_9 = extractvalue i256 %call_ret5" [firmware/myproject.cpp:64]   --->   Operation 171 'extractvalue' 'layer11_out_9' <Predicate = true> <Delay = 0.00>
ST_7 : Operation 172 [1/1] (0.00ns)   --->   "%layer11_out_10 = extractvalue i256 %call_ret5" [firmware/myproject.cpp:64]   --->   Operation 172 'extractvalue' 'layer11_out_10' <Predicate = true> <Delay = 0.00>
ST_7 : Operation 173 [1/1] (0.00ns)   --->   "%layer11_out_11 = extractvalue i256 %call_ret5" [firmware/myproject.cpp:64]   --->   Operation 173 'extractvalue' 'layer11_out_11' <Predicate = true> <Delay = 0.00>
ST_7 : Operation 174 [1/1] (0.00ns)   --->   "%layer11_out_12 = extractvalue i256 %call_ret5" [firmware/myproject.cpp:64]   --->   Operation 174 'extractvalue' 'layer11_out_12' <Predicate = true> <Delay = 0.00>
ST_7 : Operation 175 [1/1] (0.00ns)   --->   "%layer11_out_13 = extractvalue i256 %call_ret5" [firmware/myproject.cpp:64]   --->   Operation 175 'extractvalue' 'layer11_out_13' <Predicate = true> <Delay = 0.00>
ST_7 : Operation 176 [1/1] (0.00ns)   --->   "%layer11_out_14 = extractvalue i256 %call_ret5" [firmware/myproject.cpp:64]   --->   Operation 176 'extractvalue' 'layer11_out_14' <Predicate = true> <Delay = 0.00>
ST_7 : Operation 177 [1/1] (0.00ns)   --->   "%layer11_out_15 = extractvalue i256 %call_ret5" [firmware/myproject.cpp:64]   --->   Operation 177 'extractvalue' 'layer11_out_15' <Predicate = true> <Delay = 0.00>
ST_7 : Operation 178 [1/1] (0.00ns)   --->   "%layer11_out_16 = extractvalue i256 %call_ret5" [firmware/myproject.cpp:64]   --->   Operation 178 'extractvalue' 'layer11_out_16' <Predicate = true> <Delay = 0.00>
ST_7 : Operation 179 [1/1] (0.00ns)   --->   "%layer11_out_17 = extractvalue i256 %call_ret5" [firmware/myproject.cpp:64]   --->   Operation 179 'extractvalue' 'layer11_out_17' <Predicate = true> <Delay = 0.00>
ST_7 : Operation 180 [1/1] (0.00ns)   --->   "%layer11_out_18 = extractvalue i256 %call_ret5" [firmware/myproject.cpp:64]   --->   Operation 180 'extractvalue' 'layer11_out_18' <Predicate = true> <Delay = 0.00>
ST_7 : Operation 181 [1/1] (0.00ns)   --->   "%layer11_out_19 = extractvalue i256 %call_ret5" [firmware/myproject.cpp:64]   --->   Operation 181 'extractvalue' 'layer11_out_19' <Predicate = true> <Delay = 0.00>
ST_7 : Operation 182 [1/1] (0.00ns)   --->   "%layer11_out_20 = extractvalue i256 %call_ret5" [firmware/myproject.cpp:64]   --->   Operation 182 'extractvalue' 'layer11_out_20' <Predicate = true> <Delay = 0.00>
ST_7 : Operation 183 [1/1] (0.00ns)   --->   "%layer11_out_21 = extractvalue i256 %call_ret5" [firmware/myproject.cpp:64]   --->   Operation 183 'extractvalue' 'layer11_out_21' <Predicate = true> <Delay = 0.00>
ST_7 : Operation 184 [1/1] (0.00ns)   --->   "%layer11_out_22 = extractvalue i256 %call_ret5" [firmware/myproject.cpp:64]   --->   Operation 184 'extractvalue' 'layer11_out_22' <Predicate = true> <Delay = 0.00>
ST_7 : Operation 185 [1/1] (0.00ns)   --->   "%layer11_out_23 = extractvalue i256 %call_ret5" [firmware/myproject.cpp:64]   --->   Operation 185 'extractvalue' 'layer11_out_23' <Predicate = true> <Delay = 0.00>
ST_7 : Operation 186 [1/1] (0.00ns)   --->   "%layer11_out_24 = extractvalue i256 %call_ret5" [firmware/myproject.cpp:64]   --->   Operation 186 'extractvalue' 'layer11_out_24' <Predicate = true> <Delay = 0.00>
ST_7 : Operation 187 [1/1] (0.00ns)   --->   "%layer11_out_25 = extractvalue i256 %call_ret5" [firmware/myproject.cpp:64]   --->   Operation 187 'extractvalue' 'layer11_out_25' <Predicate = true> <Delay = 0.00>
ST_7 : Operation 188 [1/1] (0.00ns)   --->   "%layer11_out_26 = extractvalue i256 %call_ret5" [firmware/myproject.cpp:64]   --->   Operation 188 'extractvalue' 'layer11_out_26' <Predicate = true> <Delay = 0.00>
ST_7 : Operation 189 [1/1] (0.00ns)   --->   "%layer11_out_27 = extractvalue i256 %call_ret5" [firmware/myproject.cpp:64]   --->   Operation 189 'extractvalue' 'layer11_out_27' <Predicate = true> <Delay = 0.00>
ST_7 : Operation 190 [1/1] (0.00ns)   --->   "%layer11_out_28 = extractvalue i256 %call_ret5" [firmware/myproject.cpp:64]   --->   Operation 190 'extractvalue' 'layer11_out_28' <Predicate = true> <Delay = 0.00>
ST_7 : Operation 191 [1/1] (0.00ns)   --->   "%layer11_out_29 = extractvalue i256 %call_ret5" [firmware/myproject.cpp:64]   --->   Operation 191 'extractvalue' 'layer11_out_29' <Predicate = true> <Delay = 0.00>
ST_7 : Operation 192 [1/1] (0.00ns)   --->   "%layer11_out_30 = extractvalue i256 %call_ret5" [firmware/myproject.cpp:64]   --->   Operation 192 'extractvalue' 'layer11_out_30' <Predicate = true> <Delay = 0.00>
ST_7 : Operation 193 [1/1] (0.00ns)   --->   "%layer11_out_31 = extractvalue i256 %call_ret5" [firmware/myproject.cpp:64]   --->   Operation 193 'extractvalue' 'layer11_out_31' <Predicate = true> <Delay = 0.00>
ST_7 : Operation 194 [1/2] (2.49ns)   --->   "%call_ret6 = call i256 @relu<ap_fixed<16, 6, 5, 3, 0>, ap_ufixed<8, 0, 4, 0, 0>, relu_config12>, i16 %layer9_out, i16 %layer9_out_1, i16 %layer9_out_2, i16 %layer9_out_3, i16 %layer9_out_4, i16 %layer9_out_5, i16 %layer9_out_6, i16 %layer9_out_7, i16 %layer9_out_8, i16 %layer9_out_9, i16 %layer9_out_10, i16 %layer9_out_11, i16 %layer9_out_12, i16 %layer9_out_13, i16 %layer9_out_14, i16 %layer9_out_15, i16 %layer9_out_16, i16 %layer9_out_17, i16 %layer9_out_18, i16 %layer9_out_19, i16 %layer9_out_20, i16 %layer9_out_21, i16 %layer9_out_22, i16 %layer9_out_23, i16 %layer9_out_24, i16 %layer9_out_25, i16 %layer9_out_26, i16 %layer9_out_27, i16 %layer9_out_28, i16 %layer9_out_29, i16 %layer9_out_30, i16 %layer9_out_31" [firmware/myproject.cpp:68]   --->   Operation 194 'call' 'call_ret6' <Predicate = true> <Delay = 2.49> <CoreType = "Generic">   --->   Core 0 '' <Latency = 0> <II = 1> <Delay = 1.00> <Generic> <Opcode : >
ST_7 : Operation 195 [1/1] (0.00ns)   --->   "%layer12_out = extractvalue i256 %call_ret6" [firmware/myproject.cpp:68]   --->   Operation 195 'extractvalue' 'layer12_out' <Predicate = true> <Delay = 0.00>
ST_7 : Operation 196 [1/1] (0.00ns)   --->   "%layer12_out_1 = extractvalue i256 %call_ret6" [firmware/myproject.cpp:68]   --->   Operation 196 'extractvalue' 'layer12_out_1' <Predicate = true> <Delay = 0.00>
ST_7 : Operation 197 [1/1] (0.00ns)   --->   "%layer12_out_2 = extractvalue i256 %call_ret6" [firmware/myproject.cpp:68]   --->   Operation 197 'extractvalue' 'layer12_out_2' <Predicate = true> <Delay = 0.00>
ST_7 : Operation 198 [1/1] (0.00ns)   --->   "%layer12_out_3 = extractvalue i256 %call_ret6" [firmware/myproject.cpp:68]   --->   Operation 198 'extractvalue' 'layer12_out_3' <Predicate = true> <Delay = 0.00>
ST_7 : Operation 199 [1/1] (0.00ns)   --->   "%layer12_out_4 = extractvalue i256 %call_ret6" [firmware/myproject.cpp:68]   --->   Operation 199 'extractvalue' 'layer12_out_4' <Predicate = true> <Delay = 0.00>
ST_7 : Operation 200 [1/1] (0.00ns)   --->   "%layer12_out_5 = extractvalue i256 %call_ret6" [firmware/myproject.cpp:68]   --->   Operation 200 'extractvalue' 'layer12_out_5' <Predicate = true> <Delay = 0.00>
ST_7 : Operation 201 [1/1] (0.00ns)   --->   "%layer12_out_6 = extractvalue i256 %call_ret6" [firmware/myproject.cpp:68]   --->   Operation 201 'extractvalue' 'layer12_out_6' <Predicate = true> <Delay = 0.00>
ST_7 : Operation 202 [1/1] (0.00ns)   --->   "%layer12_out_7 = extractvalue i256 %call_ret6" [firmware/myproject.cpp:68]   --->   Operation 202 'extractvalue' 'layer12_out_7' <Predicate = true> <Delay = 0.00>
ST_7 : Operation 203 [1/1] (0.00ns)   --->   "%layer12_out_8 = extractvalue i256 %call_ret6" [firmware/myproject.cpp:68]   --->   Operation 203 'extractvalue' 'layer12_out_8' <Predicate = true> <Delay = 0.00>
ST_7 : Operation 204 [1/1] (0.00ns)   --->   "%layer12_out_9 = extractvalue i256 %call_ret6" [firmware/myproject.cpp:68]   --->   Operation 204 'extractvalue' 'layer12_out_9' <Predicate = true> <Delay = 0.00>
ST_7 : Operation 205 [1/1] (0.00ns)   --->   "%layer12_out_10 = extractvalue i256 %call_ret6" [firmware/myproject.cpp:68]   --->   Operation 205 'extractvalue' 'layer12_out_10' <Predicate = true> <Delay = 0.00>
ST_7 : Operation 206 [1/1] (0.00ns)   --->   "%layer12_out_11 = extractvalue i256 %call_ret6" [firmware/myproject.cpp:68]   --->   Operation 206 'extractvalue' 'layer12_out_11' <Predicate = true> <Delay = 0.00>
ST_7 : Operation 207 [1/1] (0.00ns)   --->   "%layer12_out_12 = extractvalue i256 %call_ret6" [firmware/myproject.cpp:68]   --->   Operation 207 'extractvalue' 'layer12_out_12' <Predicate = true> <Delay = 0.00>
ST_7 : Operation 208 [1/1] (0.00ns)   --->   "%layer12_out_13 = extractvalue i256 %call_ret6" [firmware/myproject.cpp:68]   --->   Operation 208 'extractvalue' 'layer12_out_13' <Predicate = true> <Delay = 0.00>
ST_7 : Operation 209 [1/1] (0.00ns)   --->   "%layer12_out_14 = extractvalue i256 %call_ret6" [firmware/myproject.cpp:68]   --->   Operation 209 'extractvalue' 'layer12_out_14' <Predicate = true> <Delay = 0.00>
ST_7 : Operation 210 [1/1] (0.00ns)   --->   "%layer12_out_15 = extractvalue i256 %call_ret6" [firmware/myproject.cpp:68]   --->   Operation 210 'extractvalue' 'layer12_out_15' <Predicate = true> <Delay = 0.00>
ST_7 : Operation 211 [1/1] (0.00ns)   --->   "%layer12_out_16 = extractvalue i256 %call_ret6" [firmware/myproject.cpp:68]   --->   Operation 211 'extractvalue' 'layer12_out_16' <Predicate = true> <Delay = 0.00>
ST_7 : Operation 212 [1/1] (0.00ns)   --->   "%layer12_out_17 = extractvalue i256 %call_ret6" [firmware/myproject.cpp:68]   --->   Operation 212 'extractvalue' 'layer12_out_17' <Predicate = true> <Delay = 0.00>
ST_7 : Operation 213 [1/1] (0.00ns)   --->   "%layer12_out_18 = extractvalue i256 %call_ret6" [firmware/myproject.cpp:68]   --->   Operation 213 'extractvalue' 'layer12_out_18' <Predicate = true> <Delay = 0.00>
ST_7 : Operation 214 [1/1] (0.00ns)   --->   "%layer12_out_19 = extractvalue i256 %call_ret6" [firmware/myproject.cpp:68]   --->   Operation 214 'extractvalue' 'layer12_out_19' <Predicate = true> <Delay = 0.00>
ST_7 : Operation 215 [1/1] (0.00ns)   --->   "%layer12_out_20 = extractvalue i256 %call_ret6" [firmware/myproject.cpp:68]   --->   Operation 215 'extractvalue' 'layer12_out_20' <Predicate = true> <Delay = 0.00>
ST_7 : Operation 216 [1/1] (0.00ns)   --->   "%layer12_out_21 = extractvalue i256 %call_ret6" [firmware/myproject.cpp:68]   --->   Operation 216 'extractvalue' 'layer12_out_21' <Predicate = true> <Delay = 0.00>
ST_7 : Operation 217 [1/1] (0.00ns)   --->   "%layer12_out_22 = extractvalue i256 %call_ret6" [firmware/myproject.cpp:68]   --->   Operation 217 'extractvalue' 'layer12_out_22' <Predicate = true> <Delay = 0.00>
ST_7 : Operation 218 [1/1] (0.00ns)   --->   "%layer12_out_23 = extractvalue i256 %call_ret6" [firmware/myproject.cpp:68]   --->   Operation 218 'extractvalue' 'layer12_out_23' <Predicate = true> <Delay = 0.00>
ST_7 : Operation 219 [1/1] (0.00ns)   --->   "%layer12_out_24 = extractvalue i256 %call_ret6" [firmware/myproject.cpp:68]   --->   Operation 219 'extractvalue' 'layer12_out_24' <Predicate = true> <Delay = 0.00>
ST_7 : Operation 220 [1/1] (0.00ns)   --->   "%layer12_out_25 = extractvalue i256 %call_ret6" [firmware/myproject.cpp:68]   --->   Operation 220 'extractvalue' 'layer12_out_25' <Predicate = true> <Delay = 0.00>
ST_7 : Operation 221 [1/1] (0.00ns)   --->   "%layer12_out_26 = extractvalue i256 %call_ret6" [firmware/myproject.cpp:68]   --->   Operation 221 'extractvalue' 'layer12_out_26' <Predicate = true> <Delay = 0.00>
ST_7 : Operation 222 [1/1] (0.00ns)   --->   "%layer12_out_27 = extractvalue i256 %call_ret6" [firmware/myproject.cpp:68]   --->   Operation 222 'extractvalue' 'layer12_out_27' <Predicate = true> <Delay = 0.00>
ST_7 : Operation 223 [1/1] (0.00ns)   --->   "%layer12_out_28 = extractvalue i256 %call_ret6" [firmware/myproject.cpp:68]   --->   Operation 223 'extractvalue' 'layer12_out_28' <Predicate = true> <Delay = 0.00>
ST_7 : Operation 224 [1/1] (0.00ns)   --->   "%layer12_out_29 = extractvalue i256 %call_ret6" [firmware/myproject.cpp:68]   --->   Operation 224 'extractvalue' 'layer12_out_29' <Predicate = true> <Delay = 0.00>
ST_7 : Operation 225 [1/1] (0.00ns)   --->   "%layer12_out_30 = extractvalue i256 %call_ret6" [firmware/myproject.cpp:68]   --->   Operation 225 'extractvalue' 'layer12_out_30' <Predicate = true> <Delay = 0.00>
ST_7 : Operation 226 [1/1] (0.00ns)   --->   "%layer12_out_31 = extractvalue i256 %call_ret6" [firmware/myproject.cpp:68]   --->   Operation 226 'extractvalue' 'layer12_out_31' <Predicate = true> <Delay = 0.00>

State 8 <SV = 7> <Delay = 4.21>
ST_8 : Operation 227 [1/1] (0.00ns)   --->   "%call_ret7 = call i1024 @concatenate1d<ap_ufixed,ap_ufixed,ap_fixed<16,6,5,3,0>,config13>, i8 %layer11_out, i8 %layer11_out_1, i8 %layer11_out_2, i8 %layer11_out_3, i8 %layer11_out_4, i8 %layer11_out_5, i8 %layer11_out_6, i8 %layer11_out_7, i8 %layer11_out_8, i8 %layer11_out_9, i8 %layer11_out_10, i8 %layer11_out_11, i8 %layer11_out_12, i8 %layer11_out_13, i8 %layer11_out_14, i8 %layer11_out_15, i8 %layer11_out_16, i8 %layer11_out_17, i8 %layer11_out_18, i8 %layer11_out_19, i8 %layer11_out_20, i8 %layer11_out_21, i8 %layer11_out_22, i8 %layer11_out_23, i8 %layer11_out_24, i8 %layer11_out_25, i8 %layer11_out_26, i8 %layer11_out_27, i8 %layer11_out_28, i8 %layer11_out_29, i8 %layer11_out_30, i8 %layer11_out_31, i8 %layer12_out, i8 %layer12_out_1, i8 %layer12_out_2, i8 %layer12_out_3, i8 %layer12_out_4, i8 %layer12_out_5, i8 %layer12_out_6, i8 %layer12_out_7, i8 %layer12_out_8, i8 %layer12_out_9, i8 %layer12_out_10, i8 %layer12_out_11, i8 %layer12_out_12, i8 %layer12_out_13, i8 %layer12_out_14, i8 %layer12_out_15, i8 %layer12_out_16, i8 %layer12_out_17, i8 %layer12_out_18, i8 %layer12_out_19, i8 %layer12_out_20, i8 %layer12_out_21, i8 %layer12_out_22, i8 %layer12_out_23, i8 %layer12_out_24, i8 %layer12_out_25, i8 %layer12_out_26, i8 %layer12_out_27, i8 %layer12_out_28, i8 %layer12_out_29, i8 %layer12_out_30, i8 %layer12_out_31" [firmware/myproject.cpp:72]   --->   Operation 227 'call' 'call_ret7' <Predicate = true> <Delay = 0.00> <CoreType = "Generic">   --->   Core 0 '' <Latency = 0> <II = 1> <Delay = 1.00> <Generic> <Opcode : >
ST_8 : Operation 228 [1/1] (0.00ns)   --->   "%layer13_out = extractvalue i1024 %call_ret7" [firmware/myproject.cpp:72]   --->   Operation 228 'extractvalue' 'layer13_out' <Predicate = true> <Delay = 0.00>
ST_8 : Operation 229 [1/1] (0.00ns)   --->   "%layer13_out_1 = extractvalue i1024 %call_ret7" [firmware/myproject.cpp:72]   --->   Operation 229 'extractvalue' 'layer13_out_1' <Predicate = true> <Delay = 0.00>
ST_8 : Operation 230 [1/1] (0.00ns)   --->   "%layer13_out_2 = extractvalue i1024 %call_ret7" [firmware/myproject.cpp:72]   --->   Operation 230 'extractvalue' 'layer13_out_2' <Predicate = true> <Delay = 0.00>
ST_8 : Operation 231 [1/1] (0.00ns)   --->   "%layer13_out_3 = extractvalue i1024 %call_ret7" [firmware/myproject.cpp:72]   --->   Operation 231 'extractvalue' 'layer13_out_3' <Predicate = true> <Delay = 0.00>
ST_8 : Operation 232 [1/1] (0.00ns)   --->   "%layer13_out_4 = extractvalue i1024 %call_ret7" [firmware/myproject.cpp:72]   --->   Operation 232 'extractvalue' 'layer13_out_4' <Predicate = true> <Delay = 0.00>
ST_8 : Operation 233 [1/1] (0.00ns)   --->   "%layer13_out_5 = extractvalue i1024 %call_ret7" [firmware/myproject.cpp:72]   --->   Operation 233 'extractvalue' 'layer13_out_5' <Predicate = true> <Delay = 0.00>
ST_8 : Operation 234 [1/1] (0.00ns)   --->   "%layer13_out_6 = extractvalue i1024 %call_ret7" [firmware/myproject.cpp:72]   --->   Operation 234 'extractvalue' 'layer13_out_6' <Predicate = true> <Delay = 0.00>
ST_8 : Operation 235 [1/1] (0.00ns)   --->   "%layer13_out_7 = extractvalue i1024 %call_ret7" [firmware/myproject.cpp:72]   --->   Operation 235 'extractvalue' 'layer13_out_7' <Predicate = true> <Delay = 0.00>
ST_8 : Operation 236 [1/1] (0.00ns)   --->   "%layer13_out_8 = extractvalue i1024 %call_ret7" [firmware/myproject.cpp:72]   --->   Operation 236 'extractvalue' 'layer13_out_8' <Predicate = true> <Delay = 0.00>
ST_8 : Operation 237 [1/1] (0.00ns)   --->   "%layer13_out_9 = extractvalue i1024 %call_ret7" [firmware/myproject.cpp:72]   --->   Operation 237 'extractvalue' 'layer13_out_9' <Predicate = true> <Delay = 0.00>
ST_8 : Operation 238 [1/1] (0.00ns)   --->   "%layer13_out_10 = extractvalue i1024 %call_ret7" [firmware/myproject.cpp:72]   --->   Operation 238 'extractvalue' 'layer13_out_10' <Predicate = true> <Delay = 0.00>
ST_8 : Operation 239 [1/1] (0.00ns)   --->   "%layer13_out_11 = extractvalue i1024 %call_ret7" [firmware/myproject.cpp:72]   --->   Operation 239 'extractvalue' 'layer13_out_11' <Predicate = true> <Delay = 0.00>
ST_8 : Operation 240 [1/1] (0.00ns)   --->   "%layer13_out_12 = extractvalue i1024 %call_ret7" [firmware/myproject.cpp:72]   --->   Operation 240 'extractvalue' 'layer13_out_12' <Predicate = true> <Delay = 0.00>
ST_8 : Operation 241 [1/1] (0.00ns)   --->   "%layer13_out_13 = extractvalue i1024 %call_ret7" [firmware/myproject.cpp:72]   --->   Operation 241 'extractvalue' 'layer13_out_13' <Predicate = true> <Delay = 0.00>
ST_8 : Operation 242 [1/1] (0.00ns)   --->   "%layer13_out_14 = extractvalue i1024 %call_ret7" [firmware/myproject.cpp:72]   --->   Operation 242 'extractvalue' 'layer13_out_14' <Predicate = true> <Delay = 0.00>
ST_8 : Operation 243 [1/1] (0.00ns)   --->   "%layer13_out_15 = extractvalue i1024 %call_ret7" [firmware/myproject.cpp:72]   --->   Operation 243 'extractvalue' 'layer13_out_15' <Predicate = true> <Delay = 0.00>
ST_8 : Operation 244 [1/1] (0.00ns)   --->   "%layer13_out_16 = extractvalue i1024 %call_ret7" [firmware/myproject.cpp:72]   --->   Operation 244 'extractvalue' 'layer13_out_16' <Predicate = true> <Delay = 0.00>
ST_8 : Operation 245 [1/1] (0.00ns)   --->   "%layer13_out_17 = extractvalue i1024 %call_ret7" [firmware/myproject.cpp:72]   --->   Operation 245 'extractvalue' 'layer13_out_17' <Predicate = true> <Delay = 0.00>
ST_8 : Operation 246 [1/1] (0.00ns)   --->   "%layer13_out_18 = extractvalue i1024 %call_ret7" [firmware/myproject.cpp:72]   --->   Operation 246 'extractvalue' 'layer13_out_18' <Predicate = true> <Delay = 0.00>
ST_8 : Operation 247 [1/1] (0.00ns)   --->   "%layer13_out_19 = extractvalue i1024 %call_ret7" [firmware/myproject.cpp:72]   --->   Operation 247 'extractvalue' 'layer13_out_19' <Predicate = true> <Delay = 0.00>
ST_8 : Operation 248 [1/1] (0.00ns)   --->   "%layer13_out_20 = extractvalue i1024 %call_ret7" [firmware/myproject.cpp:72]   --->   Operation 248 'extractvalue' 'layer13_out_20' <Predicate = true> <Delay = 0.00>
ST_8 : Operation 249 [1/1] (0.00ns)   --->   "%layer13_out_21 = extractvalue i1024 %call_ret7" [firmware/myproject.cpp:72]   --->   Operation 249 'extractvalue' 'layer13_out_21' <Predicate = true> <Delay = 0.00>
ST_8 : Operation 250 [1/1] (0.00ns)   --->   "%layer13_out_22 = extractvalue i1024 %call_ret7" [firmware/myproject.cpp:72]   --->   Operation 250 'extractvalue' 'layer13_out_22' <Predicate = true> <Delay = 0.00>
ST_8 : Operation 251 [1/1] (0.00ns)   --->   "%layer13_out_23 = extractvalue i1024 %call_ret7" [firmware/myproject.cpp:72]   --->   Operation 251 'extractvalue' 'layer13_out_23' <Predicate = true> <Delay = 0.00>
ST_8 : Operation 252 [1/1] (0.00ns)   --->   "%layer13_out_24 = extractvalue i1024 %call_ret7" [firmware/myproject.cpp:72]   --->   Operation 252 'extractvalue' 'layer13_out_24' <Predicate = true> <Delay = 0.00>
ST_8 : Operation 253 [1/1] (0.00ns)   --->   "%layer13_out_25 = extractvalue i1024 %call_ret7" [firmware/myproject.cpp:72]   --->   Operation 253 'extractvalue' 'layer13_out_25' <Predicate = true> <Delay = 0.00>
ST_8 : Operation 254 [1/1] (0.00ns)   --->   "%layer13_out_26 = extractvalue i1024 %call_ret7" [firmware/myproject.cpp:72]   --->   Operation 254 'extractvalue' 'layer13_out_26' <Predicate = true> <Delay = 0.00>
ST_8 : Operation 255 [1/1] (0.00ns)   --->   "%layer13_out_27 = extractvalue i1024 %call_ret7" [firmware/myproject.cpp:72]   --->   Operation 255 'extractvalue' 'layer13_out_27' <Predicate = true> <Delay = 0.00>
ST_8 : Operation 256 [1/1] (0.00ns)   --->   "%layer13_out_28 = extractvalue i1024 %call_ret7" [firmware/myproject.cpp:72]   --->   Operation 256 'extractvalue' 'layer13_out_28' <Predicate = true> <Delay = 0.00>
ST_8 : Operation 257 [1/1] (0.00ns)   --->   "%layer13_out_29 = extractvalue i1024 %call_ret7" [firmware/myproject.cpp:72]   --->   Operation 257 'extractvalue' 'layer13_out_29' <Predicate = true> <Delay = 0.00>
ST_8 : Operation 258 [1/1] (0.00ns)   --->   "%layer13_out_30 = extractvalue i1024 %call_ret7" [firmware/myproject.cpp:72]   --->   Operation 258 'extractvalue' 'layer13_out_30' <Predicate = true> <Delay = 0.00>
ST_8 : Operation 259 [1/1] (0.00ns)   --->   "%layer13_out_31 = extractvalue i1024 %call_ret7" [firmware/myproject.cpp:72]   --->   Operation 259 'extractvalue' 'layer13_out_31' <Predicate = true> <Delay = 0.00>
ST_8 : Operation 260 [1/1] (0.00ns)   --->   "%layer13_out_32 = extractvalue i1024 %call_ret7" [firmware/myproject.cpp:72]   --->   Operation 260 'extractvalue' 'layer13_out_32' <Predicate = true> <Delay = 0.00>
ST_8 : Operation 261 [1/1] (0.00ns)   --->   "%layer13_out_33 = extractvalue i1024 %call_ret7" [firmware/myproject.cpp:72]   --->   Operation 261 'extractvalue' 'layer13_out_33' <Predicate = true> <Delay = 0.00>
ST_8 : Operation 262 [1/1] (0.00ns)   --->   "%layer13_out_34 = extractvalue i1024 %call_ret7" [firmware/myproject.cpp:72]   --->   Operation 262 'extractvalue' 'layer13_out_34' <Predicate = true> <Delay = 0.00>
ST_8 : Operation 263 [1/1] (0.00ns)   --->   "%layer13_out_35 = extractvalue i1024 %call_ret7" [firmware/myproject.cpp:72]   --->   Operation 263 'extractvalue' 'layer13_out_35' <Predicate = true> <Delay = 0.00>
ST_8 : Operation 264 [1/1] (0.00ns)   --->   "%layer13_out_36 = extractvalue i1024 %call_ret7" [firmware/myproject.cpp:72]   --->   Operation 264 'extractvalue' 'layer13_out_36' <Predicate = true> <Delay = 0.00>
ST_8 : Operation 265 [1/1] (0.00ns)   --->   "%layer13_out_37 = extractvalue i1024 %call_ret7" [firmware/myproject.cpp:72]   --->   Operation 265 'extractvalue' 'layer13_out_37' <Predicate = true> <Delay = 0.00>
ST_8 : Operation 266 [1/1] (0.00ns)   --->   "%layer13_out_38 = extractvalue i1024 %call_ret7" [firmware/myproject.cpp:72]   --->   Operation 266 'extractvalue' 'layer13_out_38' <Predicate = true> <Delay = 0.00>
ST_8 : Operation 267 [1/1] (0.00ns)   --->   "%layer13_out_39 = extractvalue i1024 %call_ret7" [firmware/myproject.cpp:72]   --->   Operation 267 'extractvalue' 'layer13_out_39' <Predicate = true> <Delay = 0.00>
ST_8 : Operation 268 [1/1] (0.00ns)   --->   "%layer13_out_40 = extractvalue i1024 %call_ret7" [firmware/myproject.cpp:72]   --->   Operation 268 'extractvalue' 'layer13_out_40' <Predicate = true> <Delay = 0.00>
ST_8 : Operation 269 [1/1] (0.00ns)   --->   "%layer13_out_41 = extractvalue i1024 %call_ret7" [firmware/myproject.cpp:72]   --->   Operation 269 'extractvalue' 'layer13_out_41' <Predicate = true> <Delay = 0.00>
ST_8 : Operation 270 [1/1] (0.00ns)   --->   "%layer13_out_42 = extractvalue i1024 %call_ret7" [firmware/myproject.cpp:72]   --->   Operation 270 'extractvalue' 'layer13_out_42' <Predicate = true> <Delay = 0.00>
ST_8 : Operation 271 [1/1] (0.00ns)   --->   "%layer13_out_43 = extractvalue i1024 %call_ret7" [firmware/myproject.cpp:72]   --->   Operation 271 'extractvalue' 'layer13_out_43' <Predicate = true> <Delay = 0.00>
ST_8 : Operation 272 [1/1] (0.00ns)   --->   "%layer13_out_44 = extractvalue i1024 %call_ret7" [firmware/myproject.cpp:72]   --->   Operation 272 'extractvalue' 'layer13_out_44' <Predicate = true> <Delay = 0.00>
ST_8 : Operation 273 [1/1] (0.00ns)   --->   "%layer13_out_45 = extractvalue i1024 %call_ret7" [firmware/myproject.cpp:72]   --->   Operation 273 'extractvalue' 'layer13_out_45' <Predicate = true> <Delay = 0.00>
ST_8 : Operation 274 [1/1] (0.00ns)   --->   "%layer13_out_46 = extractvalue i1024 %call_ret7" [firmware/myproject.cpp:72]   --->   Operation 274 'extractvalue' 'layer13_out_46' <Predicate = true> <Delay = 0.00>
ST_8 : Operation 275 [1/1] (0.00ns)   --->   "%layer13_out_47 = extractvalue i1024 %call_ret7" [firmware/myproject.cpp:72]   --->   Operation 275 'extractvalue' 'layer13_out_47' <Predicate = true> <Delay = 0.00>
ST_8 : Operation 276 [1/1] (0.00ns)   --->   "%layer13_out_48 = extractvalue i1024 %call_ret7" [firmware/myproject.cpp:72]   --->   Operation 276 'extractvalue' 'layer13_out_48' <Predicate = true> <Delay = 0.00>
ST_8 : Operation 277 [1/1] (0.00ns)   --->   "%layer13_out_49 = extractvalue i1024 %call_ret7" [firmware/myproject.cpp:72]   --->   Operation 277 'extractvalue' 'layer13_out_49' <Predicate = true> <Delay = 0.00>
ST_8 : Operation 278 [1/1] (0.00ns)   --->   "%layer13_out_50 = extractvalue i1024 %call_ret7" [firmware/myproject.cpp:72]   --->   Operation 278 'extractvalue' 'layer13_out_50' <Predicate = true> <Delay = 0.00>
ST_8 : Operation 279 [1/1] (0.00ns)   --->   "%layer13_out_51 = extractvalue i1024 %call_ret7" [firmware/myproject.cpp:72]   --->   Operation 279 'extractvalue' 'layer13_out_51' <Predicate = true> <Delay = 0.00>
ST_8 : Operation 280 [1/1] (0.00ns)   --->   "%layer13_out_52 = extractvalue i1024 %call_ret7" [firmware/myproject.cpp:72]   --->   Operation 280 'extractvalue' 'layer13_out_52' <Predicate = true> <Delay = 0.00>
ST_8 : Operation 281 [1/1] (0.00ns)   --->   "%layer13_out_53 = extractvalue i1024 %call_ret7" [firmware/myproject.cpp:72]   --->   Operation 281 'extractvalue' 'layer13_out_53' <Predicate = true> <Delay = 0.00>
ST_8 : Operation 282 [1/1] (0.00ns)   --->   "%layer13_out_54 = extractvalue i1024 %call_ret7" [firmware/myproject.cpp:72]   --->   Operation 282 'extractvalue' 'layer13_out_54' <Predicate = true> <Delay = 0.00>
ST_8 : Operation 283 [1/1] (0.00ns)   --->   "%layer13_out_55 = extractvalue i1024 %call_ret7" [firmware/myproject.cpp:72]   --->   Operation 283 'extractvalue' 'layer13_out_55' <Predicate = true> <Delay = 0.00>
ST_8 : Operation 284 [1/1] (0.00ns)   --->   "%layer13_out_56 = extractvalue i1024 %call_ret7" [firmware/myproject.cpp:72]   --->   Operation 284 'extractvalue' 'layer13_out_56' <Predicate = true> <Delay = 0.00>
ST_8 : Operation 285 [1/1] (0.00ns)   --->   "%layer13_out_57 = extractvalue i1024 %call_ret7" [firmware/myproject.cpp:72]   --->   Operation 285 'extractvalue' 'layer13_out_57' <Predicate = true> <Delay = 0.00>
ST_8 : Operation 286 [1/1] (0.00ns)   --->   "%layer13_out_58 = extractvalue i1024 %call_ret7" [firmware/myproject.cpp:72]   --->   Operation 286 'extractvalue' 'layer13_out_58' <Predicate = true> <Delay = 0.00>
ST_8 : Operation 287 [1/1] (0.00ns)   --->   "%layer13_out_59 = extractvalue i1024 %call_ret7" [firmware/myproject.cpp:72]   --->   Operation 287 'extractvalue' 'layer13_out_59' <Predicate = true> <Delay = 0.00>
ST_8 : Operation 288 [1/1] (0.00ns)   --->   "%layer13_out_60 = extractvalue i1024 %call_ret7" [firmware/myproject.cpp:72]   --->   Operation 288 'extractvalue' 'layer13_out_60' <Predicate = true> <Delay = 0.00>
ST_8 : Operation 289 [1/1] (0.00ns)   --->   "%layer13_out_61 = extractvalue i1024 %call_ret7" [firmware/myproject.cpp:72]   --->   Operation 289 'extractvalue' 'layer13_out_61' <Predicate = true> <Delay = 0.00>
ST_8 : Operation 290 [1/1] (0.00ns)   --->   "%layer13_out_62 = extractvalue i1024 %call_ret7" [firmware/myproject.cpp:72]   --->   Operation 290 'extractvalue' 'layer13_out_62' <Predicate = true> <Delay = 0.00>
ST_8 : Operation 291 [1/1] (0.00ns)   --->   "%layer13_out_63 = extractvalue i1024 %call_ret7" [firmware/myproject.cpp:72]   --->   Operation 291 'extractvalue' 'layer13_out_63' <Predicate = true> <Delay = 0.00>
ST_8 : Operation 292 [6/6] (4.21ns)   --->   "%call_ret8 = call i2048 @dense_latency<ap_fixed<16, 6, 5, 3, 0>, ap_fixed<16, 6, 5, 3, 0>, config14>, i16 %layer13_out, i16 %layer13_out_1, i16 %layer13_out_2, i16 %layer13_out_3, i16 %layer13_out_4, i16 %layer13_out_5, i16 %layer13_out_6, i16 %layer13_out_7, i16 %layer13_out_8, i16 %layer13_out_9, i16 %layer13_out_10, i16 %layer13_out_11, i16 %layer13_out_12, i16 %layer13_out_13, i16 %layer13_out_14, i16 %layer13_out_15, i16 %layer13_out_16, i16 %layer13_out_17, i16 %layer13_out_18, i16 %layer13_out_19, i16 %layer13_out_20, i16 %layer13_out_21, i16 %layer13_out_22, i16 %layer13_out_23, i16 %layer13_out_24, i16 %layer13_out_25, i16 %layer13_out_26, i16 %layer13_out_27, i16 %layer13_out_28, i16 %layer13_out_29, i16 %layer13_out_30, i16 %layer13_out_31, i16 %layer13_out_32, i16 %layer13_out_33, i16 %layer13_out_34, i16 %layer13_out_35, i16 %layer13_out_36, i16 %layer13_out_37, i16 %layer13_out_38, i16 %layer13_out_39, i16 %layer13_out_40, i16 %layer13_out_41, i16 %layer13_out_42, i16 %layer13_out_43, i16 %layer13_out_44, i16 %layer13_out_45, i16 %layer13_out_46, i16 %layer13_out_47, i16 %layer13_out_48, i16 %layer13_out_49, i16 %layer13_out_50, i16 %layer13_out_51, i16 %layer13_out_52, i16 %layer13_out_53, i16 %layer13_out_54, i16 %layer13_out_55, i16 %layer13_out_56, i16 %layer13_out_57, i16 %layer13_out_58, i16 %layer13_out_59, i16 %layer13_out_60, i16 %layer13_out_61, i16 %layer13_out_62, i16 %layer13_out_63" [firmware/nnet_utils/nnet_dense.h:41->firmware/myproject.cpp:76]   --->   Operation 292 'call' 'call_ret8' <Predicate = true> <Delay = 4.21> <CoreType = "Generic">   --->   Core 0 '' <Latency = 0> <II = 1> <Delay = 1.00> <Generic> <Opcode : >

State 9 <SV = 8> <Delay = 4.21>
ST_9 : Operation 293 [5/6] (4.21ns)   --->   "%call_ret8 = call i2048 @dense_latency<ap_fixed<16, 6, 5, 3, 0>, ap_fixed<16, 6, 5, 3, 0>, config14>, i16 %layer13_out, i16 %layer13_out_1, i16 %layer13_out_2, i16 %layer13_out_3, i16 %layer13_out_4, i16 %layer13_out_5, i16 %layer13_out_6, i16 %layer13_out_7, i16 %layer13_out_8, i16 %layer13_out_9, i16 %layer13_out_10, i16 %layer13_out_11, i16 %layer13_out_12, i16 %layer13_out_13, i16 %layer13_out_14, i16 %layer13_out_15, i16 %layer13_out_16, i16 %layer13_out_17, i16 %layer13_out_18, i16 %layer13_out_19, i16 %layer13_out_20, i16 %layer13_out_21, i16 %layer13_out_22, i16 %layer13_out_23, i16 %layer13_out_24, i16 %layer13_out_25, i16 %layer13_out_26, i16 %layer13_out_27, i16 %layer13_out_28, i16 %layer13_out_29, i16 %layer13_out_30, i16 %layer13_out_31, i16 %layer13_out_32, i16 %layer13_out_33, i16 %layer13_out_34, i16 %layer13_out_35, i16 %layer13_out_36, i16 %layer13_out_37, i16 %layer13_out_38, i16 %layer13_out_39, i16 %layer13_out_40, i16 %layer13_out_41, i16 %layer13_out_42, i16 %layer13_out_43, i16 %layer13_out_44, i16 %layer13_out_45, i16 %layer13_out_46, i16 %layer13_out_47, i16 %layer13_out_48, i16 %layer13_out_49, i16 %layer13_out_50, i16 %layer13_out_51, i16 %layer13_out_52, i16 %layer13_out_53, i16 %layer13_out_54, i16 %layer13_out_55, i16 %layer13_out_56, i16 %layer13_out_57, i16 %layer13_out_58, i16 %layer13_out_59, i16 %layer13_out_60, i16 %layer13_out_61, i16 %layer13_out_62, i16 %layer13_out_63" [firmware/nnet_utils/nnet_dense.h:41->firmware/myproject.cpp:76]   --->   Operation 293 'call' 'call_ret8' <Predicate = true> <Delay = 4.21> <CoreType = "Generic">   --->   Core 0 '' <Latency = 0> <II = 1> <Delay = 1.00> <Generic> <Opcode : >

State 10 <SV = 9> <Delay = 4.21>
ST_10 : Operation 294 [4/6] (4.21ns)   --->   "%call_ret8 = call i2048 @dense_latency<ap_fixed<16, 6, 5, 3, 0>, ap_fixed<16, 6, 5, 3, 0>, config14>, i16 %layer13_out, i16 %layer13_out_1, i16 %layer13_out_2, i16 %layer13_out_3, i16 %layer13_out_4, i16 %layer13_out_5, i16 %layer13_out_6, i16 %layer13_out_7, i16 %layer13_out_8, i16 %layer13_out_9, i16 %layer13_out_10, i16 %layer13_out_11, i16 %layer13_out_12, i16 %layer13_out_13, i16 %layer13_out_14, i16 %layer13_out_15, i16 %layer13_out_16, i16 %layer13_out_17, i16 %layer13_out_18, i16 %layer13_out_19, i16 %layer13_out_20, i16 %layer13_out_21, i16 %layer13_out_22, i16 %layer13_out_23, i16 %layer13_out_24, i16 %layer13_out_25, i16 %layer13_out_26, i16 %layer13_out_27, i16 %layer13_out_28, i16 %layer13_out_29, i16 %layer13_out_30, i16 %layer13_out_31, i16 %layer13_out_32, i16 %layer13_out_33, i16 %layer13_out_34, i16 %layer13_out_35, i16 %layer13_out_36, i16 %layer13_out_37, i16 %layer13_out_38, i16 %layer13_out_39, i16 %layer13_out_40, i16 %layer13_out_41, i16 %layer13_out_42, i16 %layer13_out_43, i16 %layer13_out_44, i16 %layer13_out_45, i16 %layer13_out_46, i16 %layer13_out_47, i16 %layer13_out_48, i16 %layer13_out_49, i16 %layer13_out_50, i16 %layer13_out_51, i16 %layer13_out_52, i16 %layer13_out_53, i16 %layer13_out_54, i16 %layer13_out_55, i16 %layer13_out_56, i16 %layer13_out_57, i16 %layer13_out_58, i16 %layer13_out_59, i16 %layer13_out_60, i16 %layer13_out_61, i16 %layer13_out_62, i16 %layer13_out_63" [firmware/nnet_utils/nnet_dense.h:41->firmware/myproject.cpp:76]   --->   Operation 294 'call' 'call_ret8' <Predicate = true> <Delay = 4.21> <CoreType = "Generic">   --->   Core 0 '' <Latency = 0> <II = 1> <Delay = 1.00> <Generic> <Opcode : >

State 11 <SV = 10> <Delay = 4.21>
ST_11 : Operation 295 [3/6] (4.21ns)   --->   "%call_ret8 = call i2048 @dense_latency<ap_fixed<16, 6, 5, 3, 0>, ap_fixed<16, 6, 5, 3, 0>, config14>, i16 %layer13_out, i16 %layer13_out_1, i16 %layer13_out_2, i16 %layer13_out_3, i16 %layer13_out_4, i16 %layer13_out_5, i16 %layer13_out_6, i16 %layer13_out_7, i16 %layer13_out_8, i16 %layer13_out_9, i16 %layer13_out_10, i16 %layer13_out_11, i16 %layer13_out_12, i16 %layer13_out_13, i16 %layer13_out_14, i16 %layer13_out_15, i16 %layer13_out_16, i16 %layer13_out_17, i16 %layer13_out_18, i16 %layer13_out_19, i16 %layer13_out_20, i16 %layer13_out_21, i16 %layer13_out_22, i16 %layer13_out_23, i16 %layer13_out_24, i16 %layer13_out_25, i16 %layer13_out_26, i16 %layer13_out_27, i16 %layer13_out_28, i16 %layer13_out_29, i16 %layer13_out_30, i16 %layer13_out_31, i16 %layer13_out_32, i16 %layer13_out_33, i16 %layer13_out_34, i16 %layer13_out_35, i16 %layer13_out_36, i16 %layer13_out_37, i16 %layer13_out_38, i16 %layer13_out_39, i16 %layer13_out_40, i16 %layer13_out_41, i16 %layer13_out_42, i16 %layer13_out_43, i16 %layer13_out_44, i16 %layer13_out_45, i16 %layer13_out_46, i16 %layer13_out_47, i16 %layer13_out_48, i16 %layer13_out_49, i16 %layer13_out_50, i16 %layer13_out_51, i16 %layer13_out_52, i16 %layer13_out_53, i16 %layer13_out_54, i16 %layer13_out_55, i16 %layer13_out_56, i16 %layer13_out_57, i16 %layer13_out_58, i16 %layer13_out_59, i16 %layer13_out_60, i16 %layer13_out_61, i16 %layer13_out_62, i16 %layer13_out_63" [firmware/nnet_utils/nnet_dense.h:41->firmware/myproject.cpp:76]   --->   Operation 295 'call' 'call_ret8' <Predicate = true> <Delay = 4.21> <CoreType = "Generic">   --->   Core 0 '' <Latency = 0> <II = 1> <Delay = 1.00> <Generic> <Opcode : >

State 12 <SV = 11> <Delay = 4.21>
ST_12 : Operation 296 [2/6] (4.21ns)   --->   "%call_ret8 = call i2048 @dense_latency<ap_fixed<16, 6, 5, 3, 0>, ap_fixed<16, 6, 5, 3, 0>, config14>, i16 %layer13_out, i16 %layer13_out_1, i16 %layer13_out_2, i16 %layer13_out_3, i16 %layer13_out_4, i16 %layer13_out_5, i16 %layer13_out_6, i16 %layer13_out_7, i16 %layer13_out_8, i16 %layer13_out_9, i16 %layer13_out_10, i16 %layer13_out_11, i16 %layer13_out_12, i16 %layer13_out_13, i16 %layer13_out_14, i16 %layer13_out_15, i16 %layer13_out_16, i16 %layer13_out_17, i16 %layer13_out_18, i16 %layer13_out_19, i16 %layer13_out_20, i16 %layer13_out_21, i16 %layer13_out_22, i16 %layer13_out_23, i16 %layer13_out_24, i16 %layer13_out_25, i16 %layer13_out_26, i16 %layer13_out_27, i16 %layer13_out_28, i16 %layer13_out_29, i16 %layer13_out_30, i16 %layer13_out_31, i16 %layer13_out_32, i16 %layer13_out_33, i16 %layer13_out_34, i16 %layer13_out_35, i16 %layer13_out_36, i16 %layer13_out_37, i16 %layer13_out_38, i16 %layer13_out_39, i16 %layer13_out_40, i16 %layer13_out_41, i16 %layer13_out_42, i16 %layer13_out_43, i16 %layer13_out_44, i16 %layer13_out_45, i16 %layer13_out_46, i16 %layer13_out_47, i16 %layer13_out_48, i16 %layer13_out_49, i16 %layer13_out_50, i16 %layer13_out_51, i16 %layer13_out_52, i16 %layer13_out_53, i16 %layer13_out_54, i16 %layer13_out_55, i16 %layer13_out_56, i16 %layer13_out_57, i16 %layer13_out_58, i16 %layer13_out_59, i16 %layer13_out_60, i16 %layer13_out_61, i16 %layer13_out_62, i16 %layer13_out_63" [firmware/nnet_utils/nnet_dense.h:41->firmware/myproject.cpp:76]   --->   Operation 296 'call' 'call_ret8' <Predicate = true> <Delay = 4.21> <CoreType = "Generic">   --->   Core 0 '' <Latency = 0> <II = 1> <Delay = 1.00> <Generic> <Opcode : >

State 13 <SV = 12> <Delay = 3.90>
ST_13 : Operation 297 [1/6] (3.90ns)   --->   "%call_ret8 = call i2048 @dense_latency<ap_fixed<16, 6, 5, 3, 0>, ap_fixed<16, 6, 5, 3, 0>, config14>, i16 %layer13_out, i16 %layer13_out_1, i16 %layer13_out_2, i16 %layer13_out_3, i16 %layer13_out_4, i16 %layer13_out_5, i16 %layer13_out_6, i16 %layer13_out_7, i16 %layer13_out_8, i16 %layer13_out_9, i16 %layer13_out_10, i16 %layer13_out_11, i16 %layer13_out_12, i16 %layer13_out_13, i16 %layer13_out_14, i16 %layer13_out_15, i16 %layer13_out_16, i16 %layer13_out_17, i16 %layer13_out_18, i16 %layer13_out_19, i16 %layer13_out_20, i16 %layer13_out_21, i16 %layer13_out_22, i16 %layer13_out_23, i16 %layer13_out_24, i16 %layer13_out_25, i16 %layer13_out_26, i16 %layer13_out_27, i16 %layer13_out_28, i16 %layer13_out_29, i16 %layer13_out_30, i16 %layer13_out_31, i16 %layer13_out_32, i16 %layer13_out_33, i16 %layer13_out_34, i16 %layer13_out_35, i16 %layer13_out_36, i16 %layer13_out_37, i16 %layer13_out_38, i16 %layer13_out_39, i16 %layer13_out_40, i16 %layer13_out_41, i16 %layer13_out_42, i16 %layer13_out_43, i16 %layer13_out_44, i16 %layer13_out_45, i16 %layer13_out_46, i16 %layer13_out_47, i16 %layer13_out_48, i16 %layer13_out_49, i16 %layer13_out_50, i16 %layer13_out_51, i16 %layer13_out_52, i16 %layer13_out_53, i16 %layer13_out_54, i16 %layer13_out_55, i16 %layer13_out_56, i16 %layer13_out_57, i16 %layer13_out_58, i16 %layer13_out_59, i16 %layer13_out_60, i16 %layer13_out_61, i16 %layer13_out_62, i16 %layer13_out_63" [firmware/nnet_utils/nnet_dense.h:41->firmware/myproject.cpp:76]   --->   Operation 297 'call' 'call_ret8' <Predicate = true> <Delay = 3.90> <CoreType = "Generic">   --->   Core 0 '' <Latency = 0> <II = 1> <Delay = 1.00> <Generic> <Opcode : >
ST_13 : Operation 298 [1/1] (0.00ns)   --->   "%layer14_out = extractvalue i2048 %call_ret8" [firmware/nnet_utils/nnet_dense.h:41->firmware/myproject.cpp:76]   --->   Operation 298 'extractvalue' 'layer14_out' <Predicate = true> <Delay = 0.00>
ST_13 : Operation 299 [1/1] (0.00ns)   --->   "%layer14_out_1 = extractvalue i2048 %call_ret8" [firmware/nnet_utils/nnet_dense.h:41->firmware/myproject.cpp:76]   --->   Operation 299 'extractvalue' 'layer14_out_1' <Predicate = true> <Delay = 0.00>
ST_13 : Operation 300 [1/1] (0.00ns)   --->   "%layer14_out_2 = extractvalue i2048 %call_ret8" [firmware/nnet_utils/nnet_dense.h:41->firmware/myproject.cpp:76]   --->   Operation 300 'extractvalue' 'layer14_out_2' <Predicate = true> <Delay = 0.00>
ST_13 : Operation 301 [1/1] (0.00ns)   --->   "%layer14_out_3 = extractvalue i2048 %call_ret8" [firmware/nnet_utils/nnet_dense.h:41->firmware/myproject.cpp:76]   --->   Operation 301 'extractvalue' 'layer14_out_3' <Predicate = true> <Delay = 0.00>
ST_13 : Operation 302 [1/1] (0.00ns)   --->   "%layer14_out_4 = extractvalue i2048 %call_ret8" [firmware/nnet_utils/nnet_dense.h:41->firmware/myproject.cpp:76]   --->   Operation 302 'extractvalue' 'layer14_out_4' <Predicate = true> <Delay = 0.00>
ST_13 : Operation 303 [1/1] (0.00ns)   --->   "%layer14_out_5 = extractvalue i2048 %call_ret8" [firmware/nnet_utils/nnet_dense.h:41->firmware/myproject.cpp:76]   --->   Operation 303 'extractvalue' 'layer14_out_5' <Predicate = true> <Delay = 0.00>
ST_13 : Operation 304 [1/1] (0.00ns)   --->   "%layer14_out_6 = extractvalue i2048 %call_ret8" [firmware/nnet_utils/nnet_dense.h:41->firmware/myproject.cpp:76]   --->   Operation 304 'extractvalue' 'layer14_out_6' <Predicate = true> <Delay = 0.00>
ST_13 : Operation 305 [1/1] (0.00ns)   --->   "%layer14_out_7 = extractvalue i2048 %call_ret8" [firmware/nnet_utils/nnet_dense.h:41->firmware/myproject.cpp:76]   --->   Operation 305 'extractvalue' 'layer14_out_7' <Predicate = true> <Delay = 0.00>
ST_13 : Operation 306 [1/1] (0.00ns)   --->   "%layer14_out_8 = extractvalue i2048 %call_ret8" [firmware/nnet_utils/nnet_dense.h:41->firmware/myproject.cpp:76]   --->   Operation 306 'extractvalue' 'layer14_out_8' <Predicate = true> <Delay = 0.00>
ST_13 : Operation 307 [1/1] (0.00ns)   --->   "%layer14_out_9 = extractvalue i2048 %call_ret8" [firmware/nnet_utils/nnet_dense.h:41->firmware/myproject.cpp:76]   --->   Operation 307 'extractvalue' 'layer14_out_9' <Predicate = true> <Delay = 0.00>
ST_13 : Operation 308 [1/1] (0.00ns)   --->   "%layer14_out_10 = extractvalue i2048 %call_ret8" [firmware/nnet_utils/nnet_dense.h:41->firmware/myproject.cpp:76]   --->   Operation 308 'extractvalue' 'layer14_out_10' <Predicate = true> <Delay = 0.00>
ST_13 : Operation 309 [1/1] (0.00ns)   --->   "%layer14_out_11 = extractvalue i2048 %call_ret8" [firmware/nnet_utils/nnet_dense.h:41->firmware/myproject.cpp:76]   --->   Operation 309 'extractvalue' 'layer14_out_11' <Predicate = true> <Delay = 0.00>
ST_13 : Operation 310 [1/1] (0.00ns)   --->   "%layer14_out_12 = extractvalue i2048 %call_ret8" [firmware/nnet_utils/nnet_dense.h:41->firmware/myproject.cpp:76]   --->   Operation 310 'extractvalue' 'layer14_out_12' <Predicate = true> <Delay = 0.00>
ST_13 : Operation 311 [1/1] (0.00ns)   --->   "%layer14_out_13 = extractvalue i2048 %call_ret8" [firmware/nnet_utils/nnet_dense.h:41->firmware/myproject.cpp:76]   --->   Operation 311 'extractvalue' 'layer14_out_13' <Predicate = true> <Delay = 0.00>
ST_13 : Operation 312 [1/1] (0.00ns)   --->   "%layer14_out_14 = extractvalue i2048 %call_ret8" [firmware/nnet_utils/nnet_dense.h:41->firmware/myproject.cpp:76]   --->   Operation 312 'extractvalue' 'layer14_out_14' <Predicate = true> <Delay = 0.00>
ST_13 : Operation 313 [1/1] (0.00ns)   --->   "%layer14_out_15 = extractvalue i2048 %call_ret8" [firmware/nnet_utils/nnet_dense.h:41->firmware/myproject.cpp:76]   --->   Operation 313 'extractvalue' 'layer14_out_15' <Predicate = true> <Delay = 0.00>
ST_13 : Operation 314 [1/1] (0.00ns)   --->   "%layer14_out_16 = extractvalue i2048 %call_ret8" [firmware/nnet_utils/nnet_dense.h:41->firmware/myproject.cpp:76]   --->   Operation 314 'extractvalue' 'layer14_out_16' <Predicate = true> <Delay = 0.00>
ST_13 : Operation 315 [1/1] (0.00ns)   --->   "%layer14_out_17 = extractvalue i2048 %call_ret8" [firmware/nnet_utils/nnet_dense.h:41->firmware/myproject.cpp:76]   --->   Operation 315 'extractvalue' 'layer14_out_17' <Predicate = true> <Delay = 0.00>
ST_13 : Operation 316 [1/1] (0.00ns)   --->   "%layer14_out_18 = extractvalue i2048 %call_ret8" [firmware/nnet_utils/nnet_dense.h:41->firmware/myproject.cpp:76]   --->   Operation 316 'extractvalue' 'layer14_out_18' <Predicate = true> <Delay = 0.00>
ST_13 : Operation 317 [1/1] (0.00ns)   --->   "%layer14_out_19 = extractvalue i2048 %call_ret8" [firmware/nnet_utils/nnet_dense.h:41->firmware/myproject.cpp:76]   --->   Operation 317 'extractvalue' 'layer14_out_19' <Predicate = true> <Delay = 0.00>
ST_13 : Operation 318 [1/1] (0.00ns)   --->   "%layer14_out_20 = extractvalue i2048 %call_ret8" [firmware/nnet_utils/nnet_dense.h:41->firmware/myproject.cpp:76]   --->   Operation 318 'extractvalue' 'layer14_out_20' <Predicate = true> <Delay = 0.00>
ST_13 : Operation 319 [1/1] (0.00ns)   --->   "%layer14_out_21 = extractvalue i2048 %call_ret8" [firmware/nnet_utils/nnet_dense.h:41->firmware/myproject.cpp:76]   --->   Operation 319 'extractvalue' 'layer14_out_21' <Predicate = true> <Delay = 0.00>
ST_13 : Operation 320 [1/1] (0.00ns)   --->   "%layer14_out_22 = extractvalue i2048 %call_ret8" [firmware/nnet_utils/nnet_dense.h:41->firmware/myproject.cpp:76]   --->   Operation 320 'extractvalue' 'layer14_out_22' <Predicate = true> <Delay = 0.00>
ST_13 : Operation 321 [1/1] (0.00ns)   --->   "%layer14_out_23 = extractvalue i2048 %call_ret8" [firmware/nnet_utils/nnet_dense.h:41->firmware/myproject.cpp:76]   --->   Operation 321 'extractvalue' 'layer14_out_23' <Predicate = true> <Delay = 0.00>
ST_13 : Operation 322 [1/1] (0.00ns)   --->   "%layer14_out_24 = extractvalue i2048 %call_ret8" [firmware/nnet_utils/nnet_dense.h:41->firmware/myproject.cpp:76]   --->   Operation 322 'extractvalue' 'layer14_out_24' <Predicate = true> <Delay = 0.00>
ST_13 : Operation 323 [1/1] (0.00ns)   --->   "%layer14_out_25 = extractvalue i2048 %call_ret8" [firmware/nnet_utils/nnet_dense.h:41->firmware/myproject.cpp:76]   --->   Operation 323 'extractvalue' 'layer14_out_25' <Predicate = true> <Delay = 0.00>
ST_13 : Operation 324 [1/1] (0.00ns)   --->   "%layer14_out_26 = extractvalue i2048 %call_ret8" [firmware/nnet_utils/nnet_dense.h:41->firmware/myproject.cpp:76]   --->   Operation 324 'extractvalue' 'layer14_out_26' <Predicate = true> <Delay = 0.00>
ST_13 : Operation 325 [1/1] (0.00ns)   --->   "%layer14_out_27 = extractvalue i2048 %call_ret8" [firmware/nnet_utils/nnet_dense.h:41->firmware/myproject.cpp:76]   --->   Operation 325 'extractvalue' 'layer14_out_27' <Predicate = true> <Delay = 0.00>
ST_13 : Operation 326 [1/1] (0.00ns)   --->   "%layer14_out_28 = extractvalue i2048 %call_ret8" [firmware/nnet_utils/nnet_dense.h:41->firmware/myproject.cpp:76]   --->   Operation 326 'extractvalue' 'layer14_out_28' <Predicate = true> <Delay = 0.00>
ST_13 : Operation 327 [1/1] (0.00ns)   --->   "%layer14_out_29 = extractvalue i2048 %call_ret8" [firmware/nnet_utils/nnet_dense.h:41->firmware/myproject.cpp:76]   --->   Operation 327 'extractvalue' 'layer14_out_29' <Predicate = true> <Delay = 0.00>
ST_13 : Operation 328 [1/1] (0.00ns)   --->   "%layer14_out_30 = extractvalue i2048 %call_ret8" [firmware/nnet_utils/nnet_dense.h:41->firmware/myproject.cpp:76]   --->   Operation 328 'extractvalue' 'layer14_out_30' <Predicate = true> <Delay = 0.00>
ST_13 : Operation 329 [1/1] (0.00ns)   --->   "%layer14_out_31 = extractvalue i2048 %call_ret8" [firmware/nnet_utils/nnet_dense.h:41->firmware/myproject.cpp:76]   --->   Operation 329 'extractvalue' 'layer14_out_31' <Predicate = true> <Delay = 0.00>
ST_13 : Operation 330 [1/1] (0.00ns)   --->   "%layer14_out_32 = extractvalue i2048 %call_ret8" [firmware/nnet_utils/nnet_dense.h:41->firmware/myproject.cpp:76]   --->   Operation 330 'extractvalue' 'layer14_out_32' <Predicate = true> <Delay = 0.00>
ST_13 : Operation 331 [1/1] (0.00ns)   --->   "%layer14_out_33 = extractvalue i2048 %call_ret8" [firmware/nnet_utils/nnet_dense.h:41->firmware/myproject.cpp:76]   --->   Operation 331 'extractvalue' 'layer14_out_33' <Predicate = true> <Delay = 0.00>
ST_13 : Operation 332 [1/1] (0.00ns)   --->   "%layer14_out_34 = extractvalue i2048 %call_ret8" [firmware/nnet_utils/nnet_dense.h:41->firmware/myproject.cpp:76]   --->   Operation 332 'extractvalue' 'layer14_out_34' <Predicate = true> <Delay = 0.00>
ST_13 : Operation 333 [1/1] (0.00ns)   --->   "%layer14_out_35 = extractvalue i2048 %call_ret8" [firmware/nnet_utils/nnet_dense.h:41->firmware/myproject.cpp:76]   --->   Operation 333 'extractvalue' 'layer14_out_35' <Predicate = true> <Delay = 0.00>
ST_13 : Operation 334 [1/1] (0.00ns)   --->   "%layer14_out_36 = extractvalue i2048 %call_ret8" [firmware/nnet_utils/nnet_dense.h:41->firmware/myproject.cpp:76]   --->   Operation 334 'extractvalue' 'layer14_out_36' <Predicate = true> <Delay = 0.00>
ST_13 : Operation 335 [1/1] (0.00ns)   --->   "%layer14_out_37 = extractvalue i2048 %call_ret8" [firmware/nnet_utils/nnet_dense.h:41->firmware/myproject.cpp:76]   --->   Operation 335 'extractvalue' 'layer14_out_37' <Predicate = true> <Delay = 0.00>
ST_13 : Operation 336 [1/1] (0.00ns)   --->   "%layer14_out_38 = extractvalue i2048 %call_ret8" [firmware/nnet_utils/nnet_dense.h:41->firmware/myproject.cpp:76]   --->   Operation 336 'extractvalue' 'layer14_out_38' <Predicate = true> <Delay = 0.00>
ST_13 : Operation 337 [1/1] (0.00ns)   --->   "%layer14_out_39 = extractvalue i2048 %call_ret8" [firmware/nnet_utils/nnet_dense.h:41->firmware/myproject.cpp:76]   --->   Operation 337 'extractvalue' 'layer14_out_39' <Predicate = true> <Delay = 0.00>
ST_13 : Operation 338 [1/1] (0.00ns)   --->   "%layer14_out_40 = extractvalue i2048 %call_ret8" [firmware/nnet_utils/nnet_dense.h:41->firmware/myproject.cpp:76]   --->   Operation 338 'extractvalue' 'layer14_out_40' <Predicate = true> <Delay = 0.00>
ST_13 : Operation 339 [1/1] (0.00ns)   --->   "%layer14_out_41 = extractvalue i2048 %call_ret8" [firmware/nnet_utils/nnet_dense.h:41->firmware/myproject.cpp:76]   --->   Operation 339 'extractvalue' 'layer14_out_41' <Predicate = true> <Delay = 0.00>
ST_13 : Operation 340 [1/1] (0.00ns)   --->   "%layer14_out_42 = extractvalue i2048 %call_ret8" [firmware/nnet_utils/nnet_dense.h:41->firmware/myproject.cpp:76]   --->   Operation 340 'extractvalue' 'layer14_out_42' <Predicate = true> <Delay = 0.00>
ST_13 : Operation 341 [1/1] (0.00ns)   --->   "%layer14_out_43 = extractvalue i2048 %call_ret8" [firmware/nnet_utils/nnet_dense.h:41->firmware/myproject.cpp:76]   --->   Operation 341 'extractvalue' 'layer14_out_43' <Predicate = true> <Delay = 0.00>
ST_13 : Operation 342 [1/1] (0.00ns)   --->   "%layer14_out_44 = extractvalue i2048 %call_ret8" [firmware/nnet_utils/nnet_dense.h:41->firmware/myproject.cpp:76]   --->   Operation 342 'extractvalue' 'layer14_out_44' <Predicate = true> <Delay = 0.00>
ST_13 : Operation 343 [1/1] (0.00ns)   --->   "%layer14_out_45 = extractvalue i2048 %call_ret8" [firmware/nnet_utils/nnet_dense.h:41->firmware/myproject.cpp:76]   --->   Operation 343 'extractvalue' 'layer14_out_45' <Predicate = true> <Delay = 0.00>
ST_13 : Operation 344 [1/1] (0.00ns)   --->   "%layer14_out_46 = extractvalue i2048 %call_ret8" [firmware/nnet_utils/nnet_dense.h:41->firmware/myproject.cpp:76]   --->   Operation 344 'extractvalue' 'layer14_out_46' <Predicate = true> <Delay = 0.00>
ST_13 : Operation 345 [1/1] (0.00ns)   --->   "%layer14_out_47 = extractvalue i2048 %call_ret8" [firmware/nnet_utils/nnet_dense.h:41->firmware/myproject.cpp:76]   --->   Operation 345 'extractvalue' 'layer14_out_47' <Predicate = true> <Delay = 0.00>
ST_13 : Operation 346 [1/1] (0.00ns)   --->   "%layer14_out_48 = extractvalue i2048 %call_ret8" [firmware/nnet_utils/nnet_dense.h:41->firmware/myproject.cpp:76]   --->   Operation 346 'extractvalue' 'layer14_out_48' <Predicate = true> <Delay = 0.00>
ST_13 : Operation 347 [1/1] (0.00ns)   --->   "%layer14_out_49 = extractvalue i2048 %call_ret8" [firmware/nnet_utils/nnet_dense.h:41->firmware/myproject.cpp:76]   --->   Operation 347 'extractvalue' 'layer14_out_49' <Predicate = true> <Delay = 0.00>
ST_13 : Operation 348 [1/1] (0.00ns)   --->   "%layer14_out_50 = extractvalue i2048 %call_ret8" [firmware/nnet_utils/nnet_dense.h:41->firmware/myproject.cpp:76]   --->   Operation 348 'extractvalue' 'layer14_out_50' <Predicate = true> <Delay = 0.00>
ST_13 : Operation 349 [1/1] (0.00ns)   --->   "%layer14_out_51 = extractvalue i2048 %call_ret8" [firmware/nnet_utils/nnet_dense.h:41->firmware/myproject.cpp:76]   --->   Operation 349 'extractvalue' 'layer14_out_51' <Predicate = true> <Delay = 0.00>
ST_13 : Operation 350 [1/1] (0.00ns)   --->   "%layer14_out_52 = extractvalue i2048 %call_ret8" [firmware/nnet_utils/nnet_dense.h:41->firmware/myproject.cpp:76]   --->   Operation 350 'extractvalue' 'layer14_out_52' <Predicate = true> <Delay = 0.00>
ST_13 : Operation 351 [1/1] (0.00ns)   --->   "%layer14_out_53 = extractvalue i2048 %call_ret8" [firmware/nnet_utils/nnet_dense.h:41->firmware/myproject.cpp:76]   --->   Operation 351 'extractvalue' 'layer14_out_53' <Predicate = true> <Delay = 0.00>
ST_13 : Operation 352 [1/1] (0.00ns)   --->   "%layer14_out_54 = extractvalue i2048 %call_ret8" [firmware/nnet_utils/nnet_dense.h:41->firmware/myproject.cpp:76]   --->   Operation 352 'extractvalue' 'layer14_out_54' <Predicate = true> <Delay = 0.00>
ST_13 : Operation 353 [1/1] (0.00ns)   --->   "%layer14_out_55 = extractvalue i2048 %call_ret8" [firmware/nnet_utils/nnet_dense.h:41->firmware/myproject.cpp:76]   --->   Operation 353 'extractvalue' 'layer14_out_55' <Predicate = true> <Delay = 0.00>
ST_13 : Operation 354 [1/1] (0.00ns)   --->   "%layer14_out_56 = extractvalue i2048 %call_ret8" [firmware/nnet_utils/nnet_dense.h:41->firmware/myproject.cpp:76]   --->   Operation 354 'extractvalue' 'layer14_out_56' <Predicate = true> <Delay = 0.00>
ST_13 : Operation 355 [1/1] (0.00ns)   --->   "%layer14_out_57 = extractvalue i2048 %call_ret8" [firmware/nnet_utils/nnet_dense.h:41->firmware/myproject.cpp:76]   --->   Operation 355 'extractvalue' 'layer14_out_57' <Predicate = true> <Delay = 0.00>
ST_13 : Operation 356 [1/1] (0.00ns)   --->   "%layer14_out_58 = extractvalue i2048 %call_ret8" [firmware/nnet_utils/nnet_dense.h:41->firmware/myproject.cpp:76]   --->   Operation 356 'extractvalue' 'layer14_out_58' <Predicate = true> <Delay = 0.00>
ST_13 : Operation 357 [1/1] (0.00ns)   --->   "%layer14_out_59 = extractvalue i2048 %call_ret8" [firmware/nnet_utils/nnet_dense.h:41->firmware/myproject.cpp:76]   --->   Operation 357 'extractvalue' 'layer14_out_59' <Predicate = true> <Delay = 0.00>
ST_13 : Operation 358 [1/1] (0.00ns)   --->   "%layer14_out_60 = extractvalue i2048 %call_ret8" [firmware/nnet_utils/nnet_dense.h:41->firmware/myproject.cpp:76]   --->   Operation 358 'extractvalue' 'layer14_out_60' <Predicate = true> <Delay = 0.00>
ST_13 : Operation 359 [1/1] (0.00ns)   --->   "%layer14_out_61 = extractvalue i2048 %call_ret8" [firmware/nnet_utils/nnet_dense.h:41->firmware/myproject.cpp:76]   --->   Operation 359 'extractvalue' 'layer14_out_61' <Predicate = true> <Delay = 0.00>
ST_13 : Operation 360 [1/1] (0.00ns)   --->   "%layer14_out_62 = extractvalue i2048 %call_ret8" [firmware/nnet_utils/nnet_dense.h:41->firmware/myproject.cpp:76]   --->   Operation 360 'extractvalue' 'layer14_out_62' <Predicate = true> <Delay = 0.00>
ST_13 : Operation 361 [1/1] (0.00ns)   --->   "%layer14_out_63 = extractvalue i2048 %call_ret8" [firmware/nnet_utils/nnet_dense.h:41->firmware/myproject.cpp:76]   --->   Operation 361 'extractvalue' 'layer14_out_63' <Predicate = true> <Delay = 0.00>
ST_13 : Operation 362 [1/1] (0.00ns)   --->   "%layer14_out_64 = extractvalue i2048 %call_ret8" [firmware/nnet_utils/nnet_dense.h:41->firmware/myproject.cpp:76]   --->   Operation 362 'extractvalue' 'layer14_out_64' <Predicate = true> <Delay = 0.00>
ST_13 : Operation 363 [1/1] (0.00ns)   --->   "%layer14_out_65 = extractvalue i2048 %call_ret8" [firmware/nnet_utils/nnet_dense.h:41->firmware/myproject.cpp:76]   --->   Operation 363 'extractvalue' 'layer14_out_65' <Predicate = true> <Delay = 0.00>
ST_13 : Operation 364 [1/1] (0.00ns)   --->   "%layer14_out_66 = extractvalue i2048 %call_ret8" [firmware/nnet_utils/nnet_dense.h:41->firmware/myproject.cpp:76]   --->   Operation 364 'extractvalue' 'layer14_out_66' <Predicate = true> <Delay = 0.00>
ST_13 : Operation 365 [1/1] (0.00ns)   --->   "%layer14_out_67 = extractvalue i2048 %call_ret8" [firmware/nnet_utils/nnet_dense.h:41->firmware/myproject.cpp:76]   --->   Operation 365 'extractvalue' 'layer14_out_67' <Predicate = true> <Delay = 0.00>
ST_13 : Operation 366 [1/1] (0.00ns)   --->   "%layer14_out_68 = extractvalue i2048 %call_ret8" [firmware/nnet_utils/nnet_dense.h:41->firmware/myproject.cpp:76]   --->   Operation 366 'extractvalue' 'layer14_out_68' <Predicate = true> <Delay = 0.00>
ST_13 : Operation 367 [1/1] (0.00ns)   --->   "%layer14_out_69 = extractvalue i2048 %call_ret8" [firmware/nnet_utils/nnet_dense.h:41->firmware/myproject.cpp:76]   --->   Operation 367 'extractvalue' 'layer14_out_69' <Predicate = true> <Delay = 0.00>
ST_13 : Operation 368 [1/1] (0.00ns)   --->   "%layer14_out_70 = extractvalue i2048 %call_ret8" [firmware/nnet_utils/nnet_dense.h:41->firmware/myproject.cpp:76]   --->   Operation 368 'extractvalue' 'layer14_out_70' <Predicate = true> <Delay = 0.00>
ST_13 : Operation 369 [1/1] (0.00ns)   --->   "%layer14_out_71 = extractvalue i2048 %call_ret8" [firmware/nnet_utils/nnet_dense.h:41->firmware/myproject.cpp:76]   --->   Operation 369 'extractvalue' 'layer14_out_71' <Predicate = true> <Delay = 0.00>
ST_13 : Operation 370 [1/1] (0.00ns)   --->   "%layer14_out_72 = extractvalue i2048 %call_ret8" [firmware/nnet_utils/nnet_dense.h:41->firmware/myproject.cpp:76]   --->   Operation 370 'extractvalue' 'layer14_out_72' <Predicate = true> <Delay = 0.00>
ST_13 : Operation 371 [1/1] (0.00ns)   --->   "%layer14_out_73 = extractvalue i2048 %call_ret8" [firmware/nnet_utils/nnet_dense.h:41->firmware/myproject.cpp:76]   --->   Operation 371 'extractvalue' 'layer14_out_73' <Predicate = true> <Delay = 0.00>
ST_13 : Operation 372 [1/1] (0.00ns)   --->   "%layer14_out_74 = extractvalue i2048 %call_ret8" [firmware/nnet_utils/nnet_dense.h:41->firmware/myproject.cpp:76]   --->   Operation 372 'extractvalue' 'layer14_out_74' <Predicate = true> <Delay = 0.00>
ST_13 : Operation 373 [1/1] (0.00ns)   --->   "%layer14_out_75 = extractvalue i2048 %call_ret8" [firmware/nnet_utils/nnet_dense.h:41->firmware/myproject.cpp:76]   --->   Operation 373 'extractvalue' 'layer14_out_75' <Predicate = true> <Delay = 0.00>
ST_13 : Operation 374 [1/1] (0.00ns)   --->   "%layer14_out_76 = extractvalue i2048 %call_ret8" [firmware/nnet_utils/nnet_dense.h:41->firmware/myproject.cpp:76]   --->   Operation 374 'extractvalue' 'layer14_out_76' <Predicate = true> <Delay = 0.00>
ST_13 : Operation 375 [1/1] (0.00ns)   --->   "%layer14_out_77 = extractvalue i2048 %call_ret8" [firmware/nnet_utils/nnet_dense.h:41->firmware/myproject.cpp:76]   --->   Operation 375 'extractvalue' 'layer14_out_77' <Predicate = true> <Delay = 0.00>
ST_13 : Operation 376 [1/1] (0.00ns)   --->   "%layer14_out_78 = extractvalue i2048 %call_ret8" [firmware/nnet_utils/nnet_dense.h:41->firmware/myproject.cpp:76]   --->   Operation 376 'extractvalue' 'layer14_out_78' <Predicate = true> <Delay = 0.00>
ST_13 : Operation 377 [1/1] (0.00ns)   --->   "%layer14_out_79 = extractvalue i2048 %call_ret8" [firmware/nnet_utils/nnet_dense.h:41->firmware/myproject.cpp:76]   --->   Operation 377 'extractvalue' 'layer14_out_79' <Predicate = true> <Delay = 0.00>
ST_13 : Operation 378 [1/1] (0.00ns)   --->   "%layer14_out_80 = extractvalue i2048 %call_ret8" [firmware/nnet_utils/nnet_dense.h:41->firmware/myproject.cpp:76]   --->   Operation 378 'extractvalue' 'layer14_out_80' <Predicate = true> <Delay = 0.00>
ST_13 : Operation 379 [1/1] (0.00ns)   --->   "%layer14_out_81 = extractvalue i2048 %call_ret8" [firmware/nnet_utils/nnet_dense.h:41->firmware/myproject.cpp:76]   --->   Operation 379 'extractvalue' 'layer14_out_81' <Predicate = true> <Delay = 0.00>
ST_13 : Operation 380 [1/1] (0.00ns)   --->   "%layer14_out_82 = extractvalue i2048 %call_ret8" [firmware/nnet_utils/nnet_dense.h:41->firmware/myproject.cpp:76]   --->   Operation 380 'extractvalue' 'layer14_out_82' <Predicate = true> <Delay = 0.00>
ST_13 : Operation 381 [1/1] (0.00ns)   --->   "%layer14_out_83 = extractvalue i2048 %call_ret8" [firmware/nnet_utils/nnet_dense.h:41->firmware/myproject.cpp:76]   --->   Operation 381 'extractvalue' 'layer14_out_83' <Predicate = true> <Delay = 0.00>
ST_13 : Operation 382 [1/1] (0.00ns)   --->   "%layer14_out_84 = extractvalue i2048 %call_ret8" [firmware/nnet_utils/nnet_dense.h:41->firmware/myproject.cpp:76]   --->   Operation 382 'extractvalue' 'layer14_out_84' <Predicate = true> <Delay = 0.00>
ST_13 : Operation 383 [1/1] (0.00ns)   --->   "%layer14_out_85 = extractvalue i2048 %call_ret8" [firmware/nnet_utils/nnet_dense.h:41->firmware/myproject.cpp:76]   --->   Operation 383 'extractvalue' 'layer14_out_85' <Predicate = true> <Delay = 0.00>
ST_13 : Operation 384 [1/1] (0.00ns)   --->   "%layer14_out_86 = extractvalue i2048 %call_ret8" [firmware/nnet_utils/nnet_dense.h:41->firmware/myproject.cpp:76]   --->   Operation 384 'extractvalue' 'layer14_out_86' <Predicate = true> <Delay = 0.00>
ST_13 : Operation 385 [1/1] (0.00ns)   --->   "%layer14_out_87 = extractvalue i2048 %call_ret8" [firmware/nnet_utils/nnet_dense.h:41->firmware/myproject.cpp:76]   --->   Operation 385 'extractvalue' 'layer14_out_87' <Predicate = true> <Delay = 0.00>
ST_13 : Operation 386 [1/1] (0.00ns)   --->   "%layer14_out_88 = extractvalue i2048 %call_ret8" [firmware/nnet_utils/nnet_dense.h:41->firmware/myproject.cpp:76]   --->   Operation 386 'extractvalue' 'layer14_out_88' <Predicate = true> <Delay = 0.00>
ST_13 : Operation 387 [1/1] (0.00ns)   --->   "%layer14_out_89 = extractvalue i2048 %call_ret8" [firmware/nnet_utils/nnet_dense.h:41->firmware/myproject.cpp:76]   --->   Operation 387 'extractvalue' 'layer14_out_89' <Predicate = true> <Delay = 0.00>
ST_13 : Operation 388 [1/1] (0.00ns)   --->   "%layer14_out_90 = extractvalue i2048 %call_ret8" [firmware/nnet_utils/nnet_dense.h:41->firmware/myproject.cpp:76]   --->   Operation 388 'extractvalue' 'layer14_out_90' <Predicate = true> <Delay = 0.00>
ST_13 : Operation 389 [1/1] (0.00ns)   --->   "%layer14_out_91 = extractvalue i2048 %call_ret8" [firmware/nnet_utils/nnet_dense.h:41->firmware/myproject.cpp:76]   --->   Operation 389 'extractvalue' 'layer14_out_91' <Predicate = true> <Delay = 0.00>
ST_13 : Operation 390 [1/1] (0.00ns)   --->   "%layer14_out_92 = extractvalue i2048 %call_ret8" [firmware/nnet_utils/nnet_dense.h:41->firmware/myproject.cpp:76]   --->   Operation 390 'extractvalue' 'layer14_out_92' <Predicate = true> <Delay = 0.00>
ST_13 : Operation 391 [1/1] (0.00ns)   --->   "%layer14_out_93 = extractvalue i2048 %call_ret8" [firmware/nnet_utils/nnet_dense.h:41->firmware/myproject.cpp:76]   --->   Operation 391 'extractvalue' 'layer14_out_93' <Predicate = true> <Delay = 0.00>
ST_13 : Operation 392 [1/1] (0.00ns)   --->   "%layer14_out_94 = extractvalue i2048 %call_ret8" [firmware/nnet_utils/nnet_dense.h:41->firmware/myproject.cpp:76]   --->   Operation 392 'extractvalue' 'layer14_out_94' <Predicate = true> <Delay = 0.00>
ST_13 : Operation 393 [1/1] (0.00ns)   --->   "%layer14_out_95 = extractvalue i2048 %call_ret8" [firmware/nnet_utils/nnet_dense.h:41->firmware/myproject.cpp:76]   --->   Operation 393 'extractvalue' 'layer14_out_95' <Predicate = true> <Delay = 0.00>
ST_13 : Operation 394 [1/1] (0.00ns)   --->   "%layer14_out_96 = extractvalue i2048 %call_ret8" [firmware/nnet_utils/nnet_dense.h:41->firmware/myproject.cpp:76]   --->   Operation 394 'extractvalue' 'layer14_out_96' <Predicate = true> <Delay = 0.00>
ST_13 : Operation 395 [1/1] (0.00ns)   --->   "%layer14_out_97 = extractvalue i2048 %call_ret8" [firmware/nnet_utils/nnet_dense.h:41->firmware/myproject.cpp:76]   --->   Operation 395 'extractvalue' 'layer14_out_97' <Predicate = true> <Delay = 0.00>
ST_13 : Operation 396 [1/1] (0.00ns)   --->   "%layer14_out_98 = extractvalue i2048 %call_ret8" [firmware/nnet_utils/nnet_dense.h:41->firmware/myproject.cpp:76]   --->   Operation 396 'extractvalue' 'layer14_out_98' <Predicate = true> <Delay = 0.00>
ST_13 : Operation 397 [1/1] (0.00ns)   --->   "%layer14_out_99 = extractvalue i2048 %call_ret8" [firmware/nnet_utils/nnet_dense.h:41->firmware/myproject.cpp:76]   --->   Operation 397 'extractvalue' 'layer14_out_99' <Predicate = true> <Delay = 0.00>
ST_13 : Operation 398 [1/1] (0.00ns)   --->   "%layer14_out_100 = extractvalue i2048 %call_ret8" [firmware/nnet_utils/nnet_dense.h:41->firmware/myproject.cpp:76]   --->   Operation 398 'extractvalue' 'layer14_out_100' <Predicate = true> <Delay = 0.00>
ST_13 : Operation 399 [1/1] (0.00ns)   --->   "%layer14_out_101 = extractvalue i2048 %call_ret8" [firmware/nnet_utils/nnet_dense.h:41->firmware/myproject.cpp:76]   --->   Operation 399 'extractvalue' 'layer14_out_101' <Predicate = true> <Delay = 0.00>
ST_13 : Operation 400 [1/1] (0.00ns)   --->   "%layer14_out_102 = extractvalue i2048 %call_ret8" [firmware/nnet_utils/nnet_dense.h:41->firmware/myproject.cpp:76]   --->   Operation 400 'extractvalue' 'layer14_out_102' <Predicate = true> <Delay = 0.00>
ST_13 : Operation 401 [1/1] (0.00ns)   --->   "%layer14_out_103 = extractvalue i2048 %call_ret8" [firmware/nnet_utils/nnet_dense.h:41->firmware/myproject.cpp:76]   --->   Operation 401 'extractvalue' 'layer14_out_103' <Predicate = true> <Delay = 0.00>
ST_13 : Operation 402 [1/1] (0.00ns)   --->   "%layer14_out_104 = extractvalue i2048 %call_ret8" [firmware/nnet_utils/nnet_dense.h:41->firmware/myproject.cpp:76]   --->   Operation 402 'extractvalue' 'layer14_out_104' <Predicate = true> <Delay = 0.00>
ST_13 : Operation 403 [1/1] (0.00ns)   --->   "%layer14_out_105 = extractvalue i2048 %call_ret8" [firmware/nnet_utils/nnet_dense.h:41->firmware/myproject.cpp:76]   --->   Operation 403 'extractvalue' 'layer14_out_105' <Predicate = true> <Delay = 0.00>
ST_13 : Operation 404 [1/1] (0.00ns)   --->   "%layer14_out_106 = extractvalue i2048 %call_ret8" [firmware/nnet_utils/nnet_dense.h:41->firmware/myproject.cpp:76]   --->   Operation 404 'extractvalue' 'layer14_out_106' <Predicate = true> <Delay = 0.00>
ST_13 : Operation 405 [1/1] (0.00ns)   --->   "%layer14_out_107 = extractvalue i2048 %call_ret8" [firmware/nnet_utils/nnet_dense.h:41->firmware/myproject.cpp:76]   --->   Operation 405 'extractvalue' 'layer14_out_107' <Predicate = true> <Delay = 0.00>
ST_13 : Operation 406 [1/1] (0.00ns)   --->   "%layer14_out_108 = extractvalue i2048 %call_ret8" [firmware/nnet_utils/nnet_dense.h:41->firmware/myproject.cpp:76]   --->   Operation 406 'extractvalue' 'layer14_out_108' <Predicate = true> <Delay = 0.00>
ST_13 : Operation 407 [1/1] (0.00ns)   --->   "%layer14_out_109 = extractvalue i2048 %call_ret8" [firmware/nnet_utils/nnet_dense.h:41->firmware/myproject.cpp:76]   --->   Operation 407 'extractvalue' 'layer14_out_109' <Predicate = true> <Delay = 0.00>
ST_13 : Operation 408 [1/1] (0.00ns)   --->   "%layer14_out_110 = extractvalue i2048 %call_ret8" [firmware/nnet_utils/nnet_dense.h:41->firmware/myproject.cpp:76]   --->   Operation 408 'extractvalue' 'layer14_out_110' <Predicate = true> <Delay = 0.00>
ST_13 : Operation 409 [1/1] (0.00ns)   --->   "%layer14_out_111 = extractvalue i2048 %call_ret8" [firmware/nnet_utils/nnet_dense.h:41->firmware/myproject.cpp:76]   --->   Operation 409 'extractvalue' 'layer14_out_111' <Predicate = true> <Delay = 0.00>
ST_13 : Operation 410 [1/1] (0.00ns)   --->   "%layer14_out_112 = extractvalue i2048 %call_ret8" [firmware/nnet_utils/nnet_dense.h:41->firmware/myproject.cpp:76]   --->   Operation 410 'extractvalue' 'layer14_out_112' <Predicate = true> <Delay = 0.00>
ST_13 : Operation 411 [1/1] (0.00ns)   --->   "%layer14_out_113 = extractvalue i2048 %call_ret8" [firmware/nnet_utils/nnet_dense.h:41->firmware/myproject.cpp:76]   --->   Operation 411 'extractvalue' 'layer14_out_113' <Predicate = true> <Delay = 0.00>
ST_13 : Operation 412 [1/1] (0.00ns)   --->   "%layer14_out_114 = extractvalue i2048 %call_ret8" [firmware/nnet_utils/nnet_dense.h:41->firmware/myproject.cpp:76]   --->   Operation 412 'extractvalue' 'layer14_out_114' <Predicate = true> <Delay = 0.00>
ST_13 : Operation 413 [1/1] (0.00ns)   --->   "%layer14_out_115 = extractvalue i2048 %call_ret8" [firmware/nnet_utils/nnet_dense.h:41->firmware/myproject.cpp:76]   --->   Operation 413 'extractvalue' 'layer14_out_115' <Predicate = true> <Delay = 0.00>
ST_13 : Operation 414 [1/1] (0.00ns)   --->   "%layer14_out_116 = extractvalue i2048 %call_ret8" [firmware/nnet_utils/nnet_dense.h:41->firmware/myproject.cpp:76]   --->   Operation 414 'extractvalue' 'layer14_out_116' <Predicate = true> <Delay = 0.00>
ST_13 : Operation 415 [1/1] (0.00ns)   --->   "%layer14_out_117 = extractvalue i2048 %call_ret8" [firmware/nnet_utils/nnet_dense.h:41->firmware/myproject.cpp:76]   --->   Operation 415 'extractvalue' 'layer14_out_117' <Predicate = true> <Delay = 0.00>
ST_13 : Operation 416 [1/1] (0.00ns)   --->   "%layer14_out_118 = extractvalue i2048 %call_ret8" [firmware/nnet_utils/nnet_dense.h:41->firmware/myproject.cpp:76]   --->   Operation 416 'extractvalue' 'layer14_out_118' <Predicate = true> <Delay = 0.00>
ST_13 : Operation 417 [1/1] (0.00ns)   --->   "%layer14_out_119 = extractvalue i2048 %call_ret8" [firmware/nnet_utils/nnet_dense.h:41->firmware/myproject.cpp:76]   --->   Operation 417 'extractvalue' 'layer14_out_119' <Predicate = true> <Delay = 0.00>
ST_13 : Operation 418 [1/1] (0.00ns)   --->   "%layer14_out_120 = extractvalue i2048 %call_ret8" [firmware/nnet_utils/nnet_dense.h:41->firmware/myproject.cpp:76]   --->   Operation 418 'extractvalue' 'layer14_out_120' <Predicate = true> <Delay = 0.00>
ST_13 : Operation 419 [1/1] (0.00ns)   --->   "%layer14_out_121 = extractvalue i2048 %call_ret8" [firmware/nnet_utils/nnet_dense.h:41->firmware/myproject.cpp:76]   --->   Operation 419 'extractvalue' 'layer14_out_121' <Predicate = true> <Delay = 0.00>
ST_13 : Operation 420 [1/1] (0.00ns)   --->   "%layer14_out_122 = extractvalue i2048 %call_ret8" [firmware/nnet_utils/nnet_dense.h:41->firmware/myproject.cpp:76]   --->   Operation 420 'extractvalue' 'layer14_out_122' <Predicate = true> <Delay = 0.00>
ST_13 : Operation 421 [1/1] (0.00ns)   --->   "%layer14_out_123 = extractvalue i2048 %call_ret8" [firmware/nnet_utils/nnet_dense.h:41->firmware/myproject.cpp:76]   --->   Operation 421 'extractvalue' 'layer14_out_123' <Predicate = true> <Delay = 0.00>
ST_13 : Operation 422 [1/1] (0.00ns)   --->   "%layer14_out_124 = extractvalue i2048 %call_ret8" [firmware/nnet_utils/nnet_dense.h:41->firmware/myproject.cpp:76]   --->   Operation 422 'extractvalue' 'layer14_out_124' <Predicate = true> <Delay = 0.00>
ST_13 : Operation 423 [1/1] (0.00ns)   --->   "%layer14_out_125 = extractvalue i2048 %call_ret8" [firmware/nnet_utils/nnet_dense.h:41->firmware/myproject.cpp:76]   --->   Operation 423 'extractvalue' 'layer14_out_125' <Predicate = true> <Delay = 0.00>
ST_13 : Operation 424 [1/1] (0.00ns)   --->   "%layer14_out_126 = extractvalue i2048 %call_ret8" [firmware/nnet_utils/nnet_dense.h:41->firmware/myproject.cpp:76]   --->   Operation 424 'extractvalue' 'layer14_out_126' <Predicate = true> <Delay = 0.00>
ST_13 : Operation 425 [1/1] (0.00ns)   --->   "%layer14_out_127 = extractvalue i2048 %call_ret8" [firmware/nnet_utils/nnet_dense.h:41->firmware/myproject.cpp:76]   --->   Operation 425 'extractvalue' 'layer14_out_127' <Predicate = true> <Delay = 0.00>

State 14 <SV = 13> <Delay = 2.89>
ST_14 : Operation 426 [2/2] (2.89ns)   --->   "%call_ret9 = call i1024 @relu<ap_fixed<16, 6, 5, 3, 0>, ap_ufixed<8, 0, 4, 0, 0>, relu_config16>, i16 %layer14_out, i16 %layer14_out_1, i16 %layer14_out_2, i16 %layer14_out_3, i16 %layer14_out_4, i16 %layer14_out_5, i16 %layer14_out_6, i16 %layer14_out_7, i16 %layer14_out_8, i16 %layer14_out_9, i16 %layer14_out_10, i16 %layer14_out_11, i16 %layer14_out_12, i16 %layer14_out_13, i16 %layer14_out_14, i16 %layer14_out_15, i16 %layer14_out_16, i16 %layer14_out_17, i16 %layer14_out_18, i16 %layer14_out_19, i16 %layer14_out_20, i16 %layer14_out_21, i16 %layer14_out_22, i16 %layer14_out_23, i16 %layer14_out_24, i16 %layer14_out_25, i16 %layer14_out_26, i16 %layer14_out_27, i16 %layer14_out_28, i16 %layer14_out_29, i16 %layer14_out_30, i16 %layer14_out_31, i16 %layer14_out_32, i16 %layer14_out_33, i16 %layer14_out_34, i16 %layer14_out_35, i16 %layer14_out_36, i16 %layer14_out_37, i16 %layer14_out_38, i16 %layer14_out_39, i16 %layer14_out_40, i16 %layer14_out_41, i16 %layer14_out_42, i16 %layer14_out_43, i16 %layer14_out_44, i16 %layer14_out_45, i16 %layer14_out_46, i16 %layer14_out_47, i16 %layer14_out_48, i16 %layer14_out_49, i16 %layer14_out_50, i16 %layer14_out_51, i16 %layer14_out_52, i16 %layer14_out_53, i16 %layer14_out_54, i16 %layer14_out_55, i16 %layer14_out_56, i16 %layer14_out_57, i16 %layer14_out_58, i16 %layer14_out_59, i16 %layer14_out_60, i16 %layer14_out_61, i16 %layer14_out_62, i16 %layer14_out_63, i16 %layer14_out_64, i16 %layer14_out_65, i16 %layer14_out_66, i16 %layer14_out_67, i16 %layer14_out_68, i16 %layer14_out_69, i16 %layer14_out_70, i16 %layer14_out_71, i16 %layer14_out_72, i16 %layer14_out_73, i16 %layer14_out_74, i16 %layer14_out_75, i16 %layer14_out_76, i16 %layer14_out_77, i16 %layer14_out_78, i16 %layer14_out_79, i16 %layer14_out_80, i16 %layer14_out_81, i16 %layer14_out_82, i16 %layer14_out_83, i16 %layer14_out_84, i16 %layer14_out_85, i16 %layer14_out_86, i16 %layer14_out_87, i16 %layer14_out_88, i16 %layer14_out_89, i16 %layer14_out_90, i16 %layer14_out_91, i16 %layer14_out_92, i16 %layer14_out_93, i16 %layer14_out_94, i16 %layer14_out_95, i16 %layer14_out_96, i16 %layer14_out_97, i16 %layer14_out_98, i16 %layer14_out_99, i16 %layer14_out_100, i16 %layer14_out_101, i16 %layer14_out_102, i16 %layer14_out_103, i16 %layer14_out_104, i16 %layer14_out_105, i16 %layer14_out_106, i16 %layer14_out_107, i16 %layer14_out_108, i16 %layer14_out_109, i16 %layer14_out_110, i16 %layer14_out_111, i16 %layer14_out_112, i16 %layer14_out_113, i16 %layer14_out_114, i16 %layer14_out_115, i16 %layer14_out_116, i16 %layer14_out_117, i16 %layer14_out_118, i16 %layer14_out_119, i16 %layer14_out_120, i16 %layer14_out_121, i16 %layer14_out_122, i16 %layer14_out_123, i16 %layer14_out_124, i16 %layer14_out_125, i16 %layer14_out_126, i16 %layer14_out_127" [firmware/myproject.cpp:80]   --->   Operation 426 'call' 'call_ret9' <Predicate = true> <Delay = 2.89> <CoreType = "Generic">   --->   Core 0 '' <Latency = 0> <II = 1> <Delay = 1.00> <Generic> <Opcode : >

State 15 <SV = 14> <Delay = 2.49>
ST_15 : Operation 427 [1/2] (2.49ns)   --->   "%call_ret9 = call i1024 @relu<ap_fixed<16, 6, 5, 3, 0>, ap_ufixed<8, 0, 4, 0, 0>, relu_config16>, i16 %layer14_out, i16 %layer14_out_1, i16 %layer14_out_2, i16 %layer14_out_3, i16 %layer14_out_4, i16 %layer14_out_5, i16 %layer14_out_6, i16 %layer14_out_7, i16 %layer14_out_8, i16 %layer14_out_9, i16 %layer14_out_10, i16 %layer14_out_11, i16 %layer14_out_12, i16 %layer14_out_13, i16 %layer14_out_14, i16 %layer14_out_15, i16 %layer14_out_16, i16 %layer14_out_17, i16 %layer14_out_18, i16 %layer14_out_19, i16 %layer14_out_20, i16 %layer14_out_21, i16 %layer14_out_22, i16 %layer14_out_23, i16 %layer14_out_24, i16 %layer14_out_25, i16 %layer14_out_26, i16 %layer14_out_27, i16 %layer14_out_28, i16 %layer14_out_29, i16 %layer14_out_30, i16 %layer14_out_31, i16 %layer14_out_32, i16 %layer14_out_33, i16 %layer14_out_34, i16 %layer14_out_35, i16 %layer14_out_36, i16 %layer14_out_37, i16 %layer14_out_38, i16 %layer14_out_39, i16 %layer14_out_40, i16 %layer14_out_41, i16 %layer14_out_42, i16 %layer14_out_43, i16 %layer14_out_44, i16 %layer14_out_45, i16 %layer14_out_46, i16 %layer14_out_47, i16 %layer14_out_48, i16 %layer14_out_49, i16 %layer14_out_50, i16 %layer14_out_51, i16 %layer14_out_52, i16 %layer14_out_53, i16 %layer14_out_54, i16 %layer14_out_55, i16 %layer14_out_56, i16 %layer14_out_57, i16 %layer14_out_58, i16 %layer14_out_59, i16 %layer14_out_60, i16 %layer14_out_61, i16 %layer14_out_62, i16 %layer14_out_63, i16 %layer14_out_64, i16 %layer14_out_65, i16 %layer14_out_66, i16 %layer14_out_67, i16 %layer14_out_68, i16 %layer14_out_69, i16 %layer14_out_70, i16 %layer14_out_71, i16 %layer14_out_72, i16 %layer14_out_73, i16 %layer14_out_74, i16 %layer14_out_75, i16 %layer14_out_76, i16 %layer14_out_77, i16 %layer14_out_78, i16 %layer14_out_79, i16 %layer14_out_80, i16 %layer14_out_81, i16 %layer14_out_82, i16 %layer14_out_83, i16 %layer14_out_84, i16 %layer14_out_85, i16 %layer14_out_86, i16 %layer14_out_87, i16 %layer14_out_88, i16 %layer14_out_89, i16 %layer14_out_90, i16 %layer14_out_91, i16 %layer14_out_92, i16 %layer14_out_93, i16 %layer14_out_94, i16 %layer14_out_95, i16 %layer14_out_96, i16 %layer14_out_97, i16 %layer14_out_98, i16 %layer14_out_99, i16 %layer14_out_100, i16 %layer14_out_101, i16 %layer14_out_102, i16 %layer14_out_103, i16 %layer14_out_104, i16 %layer14_out_105, i16 %layer14_out_106, i16 %layer14_out_107, i16 %layer14_out_108, i16 %layer14_out_109, i16 %layer14_out_110, i16 %layer14_out_111, i16 %layer14_out_112, i16 %layer14_out_113, i16 %layer14_out_114, i16 %layer14_out_115, i16 %layer14_out_116, i16 %layer14_out_117, i16 %layer14_out_118, i16 %layer14_out_119, i16 %layer14_out_120, i16 %layer14_out_121, i16 %layer14_out_122, i16 %layer14_out_123, i16 %layer14_out_124, i16 %layer14_out_125, i16 %layer14_out_126, i16 %layer14_out_127" [firmware/myproject.cpp:80]   --->   Operation 427 'call' 'call_ret9' <Predicate = true> <Delay = 2.49> <CoreType = "Generic">   --->   Core 0 '' <Latency = 0> <II = 1> <Delay = 1.00> <Generic> <Opcode : >
ST_15 : Operation 428 [1/1] (0.00ns)   --->   "%layer16_out = extractvalue i1024 %call_ret9" [firmware/myproject.cpp:80]   --->   Operation 428 'extractvalue' 'layer16_out' <Predicate = true> <Delay = 0.00>
ST_15 : Operation 429 [1/1] (0.00ns)   --->   "%layer16_out_1 = extractvalue i1024 %call_ret9" [firmware/myproject.cpp:80]   --->   Operation 429 'extractvalue' 'layer16_out_1' <Predicate = true> <Delay = 0.00>
ST_15 : Operation 430 [1/1] (0.00ns)   --->   "%layer16_out_2 = extractvalue i1024 %call_ret9" [firmware/myproject.cpp:80]   --->   Operation 430 'extractvalue' 'layer16_out_2' <Predicate = true> <Delay = 0.00>
ST_15 : Operation 431 [1/1] (0.00ns)   --->   "%layer16_out_3 = extractvalue i1024 %call_ret9" [firmware/myproject.cpp:80]   --->   Operation 431 'extractvalue' 'layer16_out_3' <Predicate = true> <Delay = 0.00>
ST_15 : Operation 432 [1/1] (0.00ns)   --->   "%layer16_out_4 = extractvalue i1024 %call_ret9" [firmware/myproject.cpp:80]   --->   Operation 432 'extractvalue' 'layer16_out_4' <Predicate = true> <Delay = 0.00>
ST_15 : Operation 433 [1/1] (0.00ns)   --->   "%layer16_out_5 = extractvalue i1024 %call_ret9" [firmware/myproject.cpp:80]   --->   Operation 433 'extractvalue' 'layer16_out_5' <Predicate = true> <Delay = 0.00>
ST_15 : Operation 434 [1/1] (0.00ns)   --->   "%layer16_out_6 = extractvalue i1024 %call_ret9" [firmware/myproject.cpp:80]   --->   Operation 434 'extractvalue' 'layer16_out_6' <Predicate = true> <Delay = 0.00>
ST_15 : Operation 435 [1/1] (0.00ns)   --->   "%layer16_out_7 = extractvalue i1024 %call_ret9" [firmware/myproject.cpp:80]   --->   Operation 435 'extractvalue' 'layer16_out_7' <Predicate = true> <Delay = 0.00>
ST_15 : Operation 436 [1/1] (0.00ns)   --->   "%layer16_out_8 = extractvalue i1024 %call_ret9" [firmware/myproject.cpp:80]   --->   Operation 436 'extractvalue' 'layer16_out_8' <Predicate = true> <Delay = 0.00>
ST_15 : Operation 437 [1/1] (0.00ns)   --->   "%layer16_out_9 = extractvalue i1024 %call_ret9" [firmware/myproject.cpp:80]   --->   Operation 437 'extractvalue' 'layer16_out_9' <Predicate = true> <Delay = 0.00>
ST_15 : Operation 438 [1/1] (0.00ns)   --->   "%layer16_out_10 = extractvalue i1024 %call_ret9" [firmware/myproject.cpp:80]   --->   Operation 438 'extractvalue' 'layer16_out_10' <Predicate = true> <Delay = 0.00>
ST_15 : Operation 439 [1/1] (0.00ns)   --->   "%layer16_out_11 = extractvalue i1024 %call_ret9" [firmware/myproject.cpp:80]   --->   Operation 439 'extractvalue' 'layer16_out_11' <Predicate = true> <Delay = 0.00>
ST_15 : Operation 440 [1/1] (0.00ns)   --->   "%layer16_out_12 = extractvalue i1024 %call_ret9" [firmware/myproject.cpp:80]   --->   Operation 440 'extractvalue' 'layer16_out_12' <Predicate = true> <Delay = 0.00>
ST_15 : Operation 441 [1/1] (0.00ns)   --->   "%layer16_out_13 = extractvalue i1024 %call_ret9" [firmware/myproject.cpp:80]   --->   Operation 441 'extractvalue' 'layer16_out_13' <Predicate = true> <Delay = 0.00>
ST_15 : Operation 442 [1/1] (0.00ns)   --->   "%layer16_out_14 = extractvalue i1024 %call_ret9" [firmware/myproject.cpp:80]   --->   Operation 442 'extractvalue' 'layer16_out_14' <Predicate = true> <Delay = 0.00>
ST_15 : Operation 443 [1/1] (0.00ns)   --->   "%layer16_out_15 = extractvalue i1024 %call_ret9" [firmware/myproject.cpp:80]   --->   Operation 443 'extractvalue' 'layer16_out_15' <Predicate = true> <Delay = 0.00>
ST_15 : Operation 444 [1/1] (0.00ns)   --->   "%layer16_out_16 = extractvalue i1024 %call_ret9" [firmware/myproject.cpp:80]   --->   Operation 444 'extractvalue' 'layer16_out_16' <Predicate = true> <Delay = 0.00>
ST_15 : Operation 445 [1/1] (0.00ns)   --->   "%layer16_out_17 = extractvalue i1024 %call_ret9" [firmware/myproject.cpp:80]   --->   Operation 445 'extractvalue' 'layer16_out_17' <Predicate = true> <Delay = 0.00>
ST_15 : Operation 446 [1/1] (0.00ns)   --->   "%layer16_out_18 = extractvalue i1024 %call_ret9" [firmware/myproject.cpp:80]   --->   Operation 446 'extractvalue' 'layer16_out_18' <Predicate = true> <Delay = 0.00>
ST_15 : Operation 447 [1/1] (0.00ns)   --->   "%layer16_out_19 = extractvalue i1024 %call_ret9" [firmware/myproject.cpp:80]   --->   Operation 447 'extractvalue' 'layer16_out_19' <Predicate = true> <Delay = 0.00>
ST_15 : Operation 448 [1/1] (0.00ns)   --->   "%layer16_out_20 = extractvalue i1024 %call_ret9" [firmware/myproject.cpp:80]   --->   Operation 448 'extractvalue' 'layer16_out_20' <Predicate = true> <Delay = 0.00>
ST_15 : Operation 449 [1/1] (0.00ns)   --->   "%layer16_out_21 = extractvalue i1024 %call_ret9" [firmware/myproject.cpp:80]   --->   Operation 449 'extractvalue' 'layer16_out_21' <Predicate = true> <Delay = 0.00>
ST_15 : Operation 450 [1/1] (0.00ns)   --->   "%layer16_out_22 = extractvalue i1024 %call_ret9" [firmware/myproject.cpp:80]   --->   Operation 450 'extractvalue' 'layer16_out_22' <Predicate = true> <Delay = 0.00>
ST_15 : Operation 451 [1/1] (0.00ns)   --->   "%layer16_out_23 = extractvalue i1024 %call_ret9" [firmware/myproject.cpp:80]   --->   Operation 451 'extractvalue' 'layer16_out_23' <Predicate = true> <Delay = 0.00>
ST_15 : Operation 452 [1/1] (0.00ns)   --->   "%layer16_out_24 = extractvalue i1024 %call_ret9" [firmware/myproject.cpp:80]   --->   Operation 452 'extractvalue' 'layer16_out_24' <Predicate = true> <Delay = 0.00>
ST_15 : Operation 453 [1/1] (0.00ns)   --->   "%layer16_out_25 = extractvalue i1024 %call_ret9" [firmware/myproject.cpp:80]   --->   Operation 453 'extractvalue' 'layer16_out_25' <Predicate = true> <Delay = 0.00>
ST_15 : Operation 454 [1/1] (0.00ns)   --->   "%layer16_out_26 = extractvalue i1024 %call_ret9" [firmware/myproject.cpp:80]   --->   Operation 454 'extractvalue' 'layer16_out_26' <Predicate = true> <Delay = 0.00>
ST_15 : Operation 455 [1/1] (0.00ns)   --->   "%layer16_out_27 = extractvalue i1024 %call_ret9" [firmware/myproject.cpp:80]   --->   Operation 455 'extractvalue' 'layer16_out_27' <Predicate = true> <Delay = 0.00>
ST_15 : Operation 456 [1/1] (0.00ns)   --->   "%layer16_out_28 = extractvalue i1024 %call_ret9" [firmware/myproject.cpp:80]   --->   Operation 456 'extractvalue' 'layer16_out_28' <Predicate = true> <Delay = 0.00>
ST_15 : Operation 457 [1/1] (0.00ns)   --->   "%layer16_out_29 = extractvalue i1024 %call_ret9" [firmware/myproject.cpp:80]   --->   Operation 457 'extractvalue' 'layer16_out_29' <Predicate = true> <Delay = 0.00>
ST_15 : Operation 458 [1/1] (0.00ns)   --->   "%layer16_out_30 = extractvalue i1024 %call_ret9" [firmware/myproject.cpp:80]   --->   Operation 458 'extractvalue' 'layer16_out_30' <Predicate = true> <Delay = 0.00>
ST_15 : Operation 459 [1/1] (0.00ns)   --->   "%layer16_out_31 = extractvalue i1024 %call_ret9" [firmware/myproject.cpp:80]   --->   Operation 459 'extractvalue' 'layer16_out_31' <Predicate = true> <Delay = 0.00>
ST_15 : Operation 460 [1/1] (0.00ns)   --->   "%layer16_out_32 = extractvalue i1024 %call_ret9" [firmware/myproject.cpp:80]   --->   Operation 460 'extractvalue' 'layer16_out_32' <Predicate = true> <Delay = 0.00>
ST_15 : Operation 461 [1/1] (0.00ns)   --->   "%layer16_out_33 = extractvalue i1024 %call_ret9" [firmware/myproject.cpp:80]   --->   Operation 461 'extractvalue' 'layer16_out_33' <Predicate = true> <Delay = 0.00>
ST_15 : Operation 462 [1/1] (0.00ns)   --->   "%layer16_out_34 = extractvalue i1024 %call_ret9" [firmware/myproject.cpp:80]   --->   Operation 462 'extractvalue' 'layer16_out_34' <Predicate = true> <Delay = 0.00>
ST_15 : Operation 463 [1/1] (0.00ns)   --->   "%layer16_out_35 = extractvalue i1024 %call_ret9" [firmware/myproject.cpp:80]   --->   Operation 463 'extractvalue' 'layer16_out_35' <Predicate = true> <Delay = 0.00>
ST_15 : Operation 464 [1/1] (0.00ns)   --->   "%layer16_out_36 = extractvalue i1024 %call_ret9" [firmware/myproject.cpp:80]   --->   Operation 464 'extractvalue' 'layer16_out_36' <Predicate = true> <Delay = 0.00>
ST_15 : Operation 465 [1/1] (0.00ns)   --->   "%layer16_out_37 = extractvalue i1024 %call_ret9" [firmware/myproject.cpp:80]   --->   Operation 465 'extractvalue' 'layer16_out_37' <Predicate = true> <Delay = 0.00>
ST_15 : Operation 466 [1/1] (0.00ns)   --->   "%layer16_out_38 = extractvalue i1024 %call_ret9" [firmware/myproject.cpp:80]   --->   Operation 466 'extractvalue' 'layer16_out_38' <Predicate = true> <Delay = 0.00>
ST_15 : Operation 467 [1/1] (0.00ns)   --->   "%layer16_out_39 = extractvalue i1024 %call_ret9" [firmware/myproject.cpp:80]   --->   Operation 467 'extractvalue' 'layer16_out_39' <Predicate = true> <Delay = 0.00>
ST_15 : Operation 468 [1/1] (0.00ns)   --->   "%layer16_out_40 = extractvalue i1024 %call_ret9" [firmware/myproject.cpp:80]   --->   Operation 468 'extractvalue' 'layer16_out_40' <Predicate = true> <Delay = 0.00>
ST_15 : Operation 469 [1/1] (0.00ns)   --->   "%layer16_out_41 = extractvalue i1024 %call_ret9" [firmware/myproject.cpp:80]   --->   Operation 469 'extractvalue' 'layer16_out_41' <Predicate = true> <Delay = 0.00>
ST_15 : Operation 470 [1/1] (0.00ns)   --->   "%layer16_out_42 = extractvalue i1024 %call_ret9" [firmware/myproject.cpp:80]   --->   Operation 470 'extractvalue' 'layer16_out_42' <Predicate = true> <Delay = 0.00>
ST_15 : Operation 471 [1/1] (0.00ns)   --->   "%layer16_out_43 = extractvalue i1024 %call_ret9" [firmware/myproject.cpp:80]   --->   Operation 471 'extractvalue' 'layer16_out_43' <Predicate = true> <Delay = 0.00>
ST_15 : Operation 472 [1/1] (0.00ns)   --->   "%layer16_out_44 = extractvalue i1024 %call_ret9" [firmware/myproject.cpp:80]   --->   Operation 472 'extractvalue' 'layer16_out_44' <Predicate = true> <Delay = 0.00>
ST_15 : Operation 473 [1/1] (0.00ns)   --->   "%layer16_out_45 = extractvalue i1024 %call_ret9" [firmware/myproject.cpp:80]   --->   Operation 473 'extractvalue' 'layer16_out_45' <Predicate = true> <Delay = 0.00>
ST_15 : Operation 474 [1/1] (0.00ns)   --->   "%layer16_out_46 = extractvalue i1024 %call_ret9" [firmware/myproject.cpp:80]   --->   Operation 474 'extractvalue' 'layer16_out_46' <Predicate = true> <Delay = 0.00>
ST_15 : Operation 475 [1/1] (0.00ns)   --->   "%layer16_out_47 = extractvalue i1024 %call_ret9" [firmware/myproject.cpp:80]   --->   Operation 475 'extractvalue' 'layer16_out_47' <Predicate = true> <Delay = 0.00>
ST_15 : Operation 476 [1/1] (0.00ns)   --->   "%layer16_out_48 = extractvalue i1024 %call_ret9" [firmware/myproject.cpp:80]   --->   Operation 476 'extractvalue' 'layer16_out_48' <Predicate = true> <Delay = 0.00>
ST_15 : Operation 477 [1/1] (0.00ns)   --->   "%layer16_out_49 = extractvalue i1024 %call_ret9" [firmware/myproject.cpp:80]   --->   Operation 477 'extractvalue' 'layer16_out_49' <Predicate = true> <Delay = 0.00>
ST_15 : Operation 478 [1/1] (0.00ns)   --->   "%layer16_out_50 = extractvalue i1024 %call_ret9" [firmware/myproject.cpp:80]   --->   Operation 478 'extractvalue' 'layer16_out_50' <Predicate = true> <Delay = 0.00>
ST_15 : Operation 479 [1/1] (0.00ns)   --->   "%layer16_out_51 = extractvalue i1024 %call_ret9" [firmware/myproject.cpp:80]   --->   Operation 479 'extractvalue' 'layer16_out_51' <Predicate = true> <Delay = 0.00>
ST_15 : Operation 480 [1/1] (0.00ns)   --->   "%layer16_out_52 = extractvalue i1024 %call_ret9" [firmware/myproject.cpp:80]   --->   Operation 480 'extractvalue' 'layer16_out_52' <Predicate = true> <Delay = 0.00>
ST_15 : Operation 481 [1/1] (0.00ns)   --->   "%layer16_out_53 = extractvalue i1024 %call_ret9" [firmware/myproject.cpp:80]   --->   Operation 481 'extractvalue' 'layer16_out_53' <Predicate = true> <Delay = 0.00>
ST_15 : Operation 482 [1/1] (0.00ns)   --->   "%layer16_out_54 = extractvalue i1024 %call_ret9" [firmware/myproject.cpp:80]   --->   Operation 482 'extractvalue' 'layer16_out_54' <Predicate = true> <Delay = 0.00>
ST_15 : Operation 483 [1/1] (0.00ns)   --->   "%layer16_out_55 = extractvalue i1024 %call_ret9" [firmware/myproject.cpp:80]   --->   Operation 483 'extractvalue' 'layer16_out_55' <Predicate = true> <Delay = 0.00>
ST_15 : Operation 484 [1/1] (0.00ns)   --->   "%layer16_out_56 = extractvalue i1024 %call_ret9" [firmware/myproject.cpp:80]   --->   Operation 484 'extractvalue' 'layer16_out_56' <Predicate = true> <Delay = 0.00>
ST_15 : Operation 485 [1/1] (0.00ns)   --->   "%layer16_out_57 = extractvalue i1024 %call_ret9" [firmware/myproject.cpp:80]   --->   Operation 485 'extractvalue' 'layer16_out_57' <Predicate = true> <Delay = 0.00>
ST_15 : Operation 486 [1/1] (0.00ns)   --->   "%layer16_out_58 = extractvalue i1024 %call_ret9" [firmware/myproject.cpp:80]   --->   Operation 486 'extractvalue' 'layer16_out_58' <Predicate = true> <Delay = 0.00>
ST_15 : Operation 487 [1/1] (0.00ns)   --->   "%layer16_out_59 = extractvalue i1024 %call_ret9" [firmware/myproject.cpp:80]   --->   Operation 487 'extractvalue' 'layer16_out_59' <Predicate = true> <Delay = 0.00>
ST_15 : Operation 488 [1/1] (0.00ns)   --->   "%layer16_out_60 = extractvalue i1024 %call_ret9" [firmware/myproject.cpp:80]   --->   Operation 488 'extractvalue' 'layer16_out_60' <Predicate = true> <Delay = 0.00>
ST_15 : Operation 489 [1/1] (0.00ns)   --->   "%layer16_out_61 = extractvalue i1024 %call_ret9" [firmware/myproject.cpp:80]   --->   Operation 489 'extractvalue' 'layer16_out_61' <Predicate = true> <Delay = 0.00>
ST_15 : Operation 490 [1/1] (0.00ns)   --->   "%layer16_out_62 = extractvalue i1024 %call_ret9" [firmware/myproject.cpp:80]   --->   Operation 490 'extractvalue' 'layer16_out_62' <Predicate = true> <Delay = 0.00>
ST_15 : Operation 491 [1/1] (0.00ns)   --->   "%layer16_out_63 = extractvalue i1024 %call_ret9" [firmware/myproject.cpp:80]   --->   Operation 491 'extractvalue' 'layer16_out_63' <Predicate = true> <Delay = 0.00>
ST_15 : Operation 492 [1/1] (0.00ns)   --->   "%layer16_out_64 = extractvalue i1024 %call_ret9" [firmware/myproject.cpp:80]   --->   Operation 492 'extractvalue' 'layer16_out_64' <Predicate = true> <Delay = 0.00>
ST_15 : Operation 493 [1/1] (0.00ns)   --->   "%layer16_out_65 = extractvalue i1024 %call_ret9" [firmware/myproject.cpp:80]   --->   Operation 493 'extractvalue' 'layer16_out_65' <Predicate = true> <Delay = 0.00>
ST_15 : Operation 494 [1/1] (0.00ns)   --->   "%layer16_out_66 = extractvalue i1024 %call_ret9" [firmware/myproject.cpp:80]   --->   Operation 494 'extractvalue' 'layer16_out_66' <Predicate = true> <Delay = 0.00>
ST_15 : Operation 495 [1/1] (0.00ns)   --->   "%layer16_out_67 = extractvalue i1024 %call_ret9" [firmware/myproject.cpp:80]   --->   Operation 495 'extractvalue' 'layer16_out_67' <Predicate = true> <Delay = 0.00>
ST_15 : Operation 496 [1/1] (0.00ns)   --->   "%layer16_out_68 = extractvalue i1024 %call_ret9" [firmware/myproject.cpp:80]   --->   Operation 496 'extractvalue' 'layer16_out_68' <Predicate = true> <Delay = 0.00>
ST_15 : Operation 497 [1/1] (0.00ns)   --->   "%layer16_out_69 = extractvalue i1024 %call_ret9" [firmware/myproject.cpp:80]   --->   Operation 497 'extractvalue' 'layer16_out_69' <Predicate = true> <Delay = 0.00>
ST_15 : Operation 498 [1/1] (0.00ns)   --->   "%layer16_out_70 = extractvalue i1024 %call_ret9" [firmware/myproject.cpp:80]   --->   Operation 498 'extractvalue' 'layer16_out_70' <Predicate = true> <Delay = 0.00>
ST_15 : Operation 499 [1/1] (0.00ns)   --->   "%layer16_out_71 = extractvalue i1024 %call_ret9" [firmware/myproject.cpp:80]   --->   Operation 499 'extractvalue' 'layer16_out_71' <Predicate = true> <Delay = 0.00>
ST_15 : Operation 500 [1/1] (0.00ns)   --->   "%layer16_out_72 = extractvalue i1024 %call_ret9" [firmware/myproject.cpp:80]   --->   Operation 500 'extractvalue' 'layer16_out_72' <Predicate = true> <Delay = 0.00>
ST_15 : Operation 501 [1/1] (0.00ns)   --->   "%layer16_out_73 = extractvalue i1024 %call_ret9" [firmware/myproject.cpp:80]   --->   Operation 501 'extractvalue' 'layer16_out_73' <Predicate = true> <Delay = 0.00>
ST_15 : Operation 502 [1/1] (0.00ns)   --->   "%layer16_out_74 = extractvalue i1024 %call_ret9" [firmware/myproject.cpp:80]   --->   Operation 502 'extractvalue' 'layer16_out_74' <Predicate = true> <Delay = 0.00>
ST_15 : Operation 503 [1/1] (0.00ns)   --->   "%layer16_out_75 = extractvalue i1024 %call_ret9" [firmware/myproject.cpp:80]   --->   Operation 503 'extractvalue' 'layer16_out_75' <Predicate = true> <Delay = 0.00>
ST_15 : Operation 504 [1/1] (0.00ns)   --->   "%layer16_out_76 = extractvalue i1024 %call_ret9" [firmware/myproject.cpp:80]   --->   Operation 504 'extractvalue' 'layer16_out_76' <Predicate = true> <Delay = 0.00>
ST_15 : Operation 505 [1/1] (0.00ns)   --->   "%layer16_out_77 = extractvalue i1024 %call_ret9" [firmware/myproject.cpp:80]   --->   Operation 505 'extractvalue' 'layer16_out_77' <Predicate = true> <Delay = 0.00>
ST_15 : Operation 506 [1/1] (0.00ns)   --->   "%layer16_out_78 = extractvalue i1024 %call_ret9" [firmware/myproject.cpp:80]   --->   Operation 506 'extractvalue' 'layer16_out_78' <Predicate = true> <Delay = 0.00>
ST_15 : Operation 507 [1/1] (0.00ns)   --->   "%layer16_out_79 = extractvalue i1024 %call_ret9" [firmware/myproject.cpp:80]   --->   Operation 507 'extractvalue' 'layer16_out_79' <Predicate = true> <Delay = 0.00>
ST_15 : Operation 508 [1/1] (0.00ns)   --->   "%layer16_out_80 = extractvalue i1024 %call_ret9" [firmware/myproject.cpp:80]   --->   Operation 508 'extractvalue' 'layer16_out_80' <Predicate = true> <Delay = 0.00>
ST_15 : Operation 509 [1/1] (0.00ns)   --->   "%layer16_out_81 = extractvalue i1024 %call_ret9" [firmware/myproject.cpp:80]   --->   Operation 509 'extractvalue' 'layer16_out_81' <Predicate = true> <Delay = 0.00>
ST_15 : Operation 510 [1/1] (0.00ns)   --->   "%layer16_out_82 = extractvalue i1024 %call_ret9" [firmware/myproject.cpp:80]   --->   Operation 510 'extractvalue' 'layer16_out_82' <Predicate = true> <Delay = 0.00>
ST_15 : Operation 511 [1/1] (0.00ns)   --->   "%layer16_out_83 = extractvalue i1024 %call_ret9" [firmware/myproject.cpp:80]   --->   Operation 511 'extractvalue' 'layer16_out_83' <Predicate = true> <Delay = 0.00>
ST_15 : Operation 512 [1/1] (0.00ns)   --->   "%layer16_out_84 = extractvalue i1024 %call_ret9" [firmware/myproject.cpp:80]   --->   Operation 512 'extractvalue' 'layer16_out_84' <Predicate = true> <Delay = 0.00>
ST_15 : Operation 513 [1/1] (0.00ns)   --->   "%layer16_out_85 = extractvalue i1024 %call_ret9" [firmware/myproject.cpp:80]   --->   Operation 513 'extractvalue' 'layer16_out_85' <Predicate = true> <Delay = 0.00>
ST_15 : Operation 514 [1/1] (0.00ns)   --->   "%layer16_out_86 = extractvalue i1024 %call_ret9" [firmware/myproject.cpp:80]   --->   Operation 514 'extractvalue' 'layer16_out_86' <Predicate = true> <Delay = 0.00>
ST_15 : Operation 515 [1/1] (0.00ns)   --->   "%layer16_out_87 = extractvalue i1024 %call_ret9" [firmware/myproject.cpp:80]   --->   Operation 515 'extractvalue' 'layer16_out_87' <Predicate = true> <Delay = 0.00>
ST_15 : Operation 516 [1/1] (0.00ns)   --->   "%layer16_out_88 = extractvalue i1024 %call_ret9" [firmware/myproject.cpp:80]   --->   Operation 516 'extractvalue' 'layer16_out_88' <Predicate = true> <Delay = 0.00>
ST_15 : Operation 517 [1/1] (0.00ns)   --->   "%layer16_out_89 = extractvalue i1024 %call_ret9" [firmware/myproject.cpp:80]   --->   Operation 517 'extractvalue' 'layer16_out_89' <Predicate = true> <Delay = 0.00>
ST_15 : Operation 518 [1/1] (0.00ns)   --->   "%layer16_out_90 = extractvalue i1024 %call_ret9" [firmware/myproject.cpp:80]   --->   Operation 518 'extractvalue' 'layer16_out_90' <Predicate = true> <Delay = 0.00>
ST_15 : Operation 519 [1/1] (0.00ns)   --->   "%layer16_out_91 = extractvalue i1024 %call_ret9" [firmware/myproject.cpp:80]   --->   Operation 519 'extractvalue' 'layer16_out_91' <Predicate = true> <Delay = 0.00>
ST_15 : Operation 520 [1/1] (0.00ns)   --->   "%layer16_out_92 = extractvalue i1024 %call_ret9" [firmware/myproject.cpp:80]   --->   Operation 520 'extractvalue' 'layer16_out_92' <Predicate = true> <Delay = 0.00>
ST_15 : Operation 521 [1/1] (0.00ns)   --->   "%layer16_out_93 = extractvalue i1024 %call_ret9" [firmware/myproject.cpp:80]   --->   Operation 521 'extractvalue' 'layer16_out_93' <Predicate = true> <Delay = 0.00>
ST_15 : Operation 522 [1/1] (0.00ns)   --->   "%layer16_out_94 = extractvalue i1024 %call_ret9" [firmware/myproject.cpp:80]   --->   Operation 522 'extractvalue' 'layer16_out_94' <Predicate = true> <Delay = 0.00>
ST_15 : Operation 523 [1/1] (0.00ns)   --->   "%layer16_out_95 = extractvalue i1024 %call_ret9" [firmware/myproject.cpp:80]   --->   Operation 523 'extractvalue' 'layer16_out_95' <Predicate = true> <Delay = 0.00>
ST_15 : Operation 524 [1/1] (0.00ns)   --->   "%layer16_out_96 = extractvalue i1024 %call_ret9" [firmware/myproject.cpp:80]   --->   Operation 524 'extractvalue' 'layer16_out_96' <Predicate = true> <Delay = 0.00>
ST_15 : Operation 525 [1/1] (0.00ns)   --->   "%layer16_out_97 = extractvalue i1024 %call_ret9" [firmware/myproject.cpp:80]   --->   Operation 525 'extractvalue' 'layer16_out_97' <Predicate = true> <Delay = 0.00>
ST_15 : Operation 526 [1/1] (0.00ns)   --->   "%layer16_out_98 = extractvalue i1024 %call_ret9" [firmware/myproject.cpp:80]   --->   Operation 526 'extractvalue' 'layer16_out_98' <Predicate = true> <Delay = 0.00>
ST_15 : Operation 527 [1/1] (0.00ns)   --->   "%layer16_out_99 = extractvalue i1024 %call_ret9" [firmware/myproject.cpp:80]   --->   Operation 527 'extractvalue' 'layer16_out_99' <Predicate = true> <Delay = 0.00>
ST_15 : Operation 528 [1/1] (0.00ns)   --->   "%layer16_out_100 = extractvalue i1024 %call_ret9" [firmware/myproject.cpp:80]   --->   Operation 528 'extractvalue' 'layer16_out_100' <Predicate = true> <Delay = 0.00>
ST_15 : Operation 529 [1/1] (0.00ns)   --->   "%layer16_out_101 = extractvalue i1024 %call_ret9" [firmware/myproject.cpp:80]   --->   Operation 529 'extractvalue' 'layer16_out_101' <Predicate = true> <Delay = 0.00>
ST_15 : Operation 530 [1/1] (0.00ns)   --->   "%layer16_out_102 = extractvalue i1024 %call_ret9" [firmware/myproject.cpp:80]   --->   Operation 530 'extractvalue' 'layer16_out_102' <Predicate = true> <Delay = 0.00>
ST_15 : Operation 531 [1/1] (0.00ns)   --->   "%layer16_out_103 = extractvalue i1024 %call_ret9" [firmware/myproject.cpp:80]   --->   Operation 531 'extractvalue' 'layer16_out_103' <Predicate = true> <Delay = 0.00>
ST_15 : Operation 532 [1/1] (0.00ns)   --->   "%layer16_out_104 = extractvalue i1024 %call_ret9" [firmware/myproject.cpp:80]   --->   Operation 532 'extractvalue' 'layer16_out_104' <Predicate = true> <Delay = 0.00>
ST_15 : Operation 533 [1/1] (0.00ns)   --->   "%layer16_out_105 = extractvalue i1024 %call_ret9" [firmware/myproject.cpp:80]   --->   Operation 533 'extractvalue' 'layer16_out_105' <Predicate = true> <Delay = 0.00>
ST_15 : Operation 534 [1/1] (0.00ns)   --->   "%layer16_out_106 = extractvalue i1024 %call_ret9" [firmware/myproject.cpp:80]   --->   Operation 534 'extractvalue' 'layer16_out_106' <Predicate = true> <Delay = 0.00>
ST_15 : Operation 535 [1/1] (0.00ns)   --->   "%layer16_out_107 = extractvalue i1024 %call_ret9" [firmware/myproject.cpp:80]   --->   Operation 535 'extractvalue' 'layer16_out_107' <Predicate = true> <Delay = 0.00>
ST_15 : Operation 536 [1/1] (0.00ns)   --->   "%layer16_out_108 = extractvalue i1024 %call_ret9" [firmware/myproject.cpp:80]   --->   Operation 536 'extractvalue' 'layer16_out_108' <Predicate = true> <Delay = 0.00>
ST_15 : Operation 537 [1/1] (0.00ns)   --->   "%layer16_out_109 = extractvalue i1024 %call_ret9" [firmware/myproject.cpp:80]   --->   Operation 537 'extractvalue' 'layer16_out_109' <Predicate = true> <Delay = 0.00>
ST_15 : Operation 538 [1/1] (0.00ns)   --->   "%layer16_out_110 = extractvalue i1024 %call_ret9" [firmware/myproject.cpp:80]   --->   Operation 538 'extractvalue' 'layer16_out_110' <Predicate = true> <Delay = 0.00>
ST_15 : Operation 539 [1/1] (0.00ns)   --->   "%layer16_out_111 = extractvalue i1024 %call_ret9" [firmware/myproject.cpp:80]   --->   Operation 539 'extractvalue' 'layer16_out_111' <Predicate = true> <Delay = 0.00>
ST_15 : Operation 540 [1/1] (0.00ns)   --->   "%layer16_out_112 = extractvalue i1024 %call_ret9" [firmware/myproject.cpp:80]   --->   Operation 540 'extractvalue' 'layer16_out_112' <Predicate = true> <Delay = 0.00>
ST_15 : Operation 541 [1/1] (0.00ns)   --->   "%layer16_out_113 = extractvalue i1024 %call_ret9" [firmware/myproject.cpp:80]   --->   Operation 541 'extractvalue' 'layer16_out_113' <Predicate = true> <Delay = 0.00>
ST_15 : Operation 542 [1/1] (0.00ns)   --->   "%layer16_out_114 = extractvalue i1024 %call_ret9" [firmware/myproject.cpp:80]   --->   Operation 542 'extractvalue' 'layer16_out_114' <Predicate = true> <Delay = 0.00>
ST_15 : Operation 543 [1/1] (0.00ns)   --->   "%layer16_out_115 = extractvalue i1024 %call_ret9" [firmware/myproject.cpp:80]   --->   Operation 543 'extractvalue' 'layer16_out_115' <Predicate = true> <Delay = 0.00>
ST_15 : Operation 544 [1/1] (0.00ns)   --->   "%layer16_out_116 = extractvalue i1024 %call_ret9" [firmware/myproject.cpp:80]   --->   Operation 544 'extractvalue' 'layer16_out_116' <Predicate = true> <Delay = 0.00>
ST_15 : Operation 545 [1/1] (0.00ns)   --->   "%layer16_out_117 = extractvalue i1024 %call_ret9" [firmware/myproject.cpp:80]   --->   Operation 545 'extractvalue' 'layer16_out_117' <Predicate = true> <Delay = 0.00>
ST_15 : Operation 546 [1/1] (0.00ns)   --->   "%layer16_out_118 = extractvalue i1024 %call_ret9" [firmware/myproject.cpp:80]   --->   Operation 546 'extractvalue' 'layer16_out_118' <Predicate = true> <Delay = 0.00>
ST_15 : Operation 547 [1/1] (0.00ns)   --->   "%layer16_out_119 = extractvalue i1024 %call_ret9" [firmware/myproject.cpp:80]   --->   Operation 547 'extractvalue' 'layer16_out_119' <Predicate = true> <Delay = 0.00>
ST_15 : Operation 548 [1/1] (0.00ns)   --->   "%layer16_out_120 = extractvalue i1024 %call_ret9" [firmware/myproject.cpp:80]   --->   Operation 548 'extractvalue' 'layer16_out_120' <Predicate = true> <Delay = 0.00>
ST_15 : Operation 549 [1/1] (0.00ns)   --->   "%layer16_out_121 = extractvalue i1024 %call_ret9" [firmware/myproject.cpp:80]   --->   Operation 549 'extractvalue' 'layer16_out_121' <Predicate = true> <Delay = 0.00>
ST_15 : Operation 550 [1/1] (0.00ns)   --->   "%layer16_out_122 = extractvalue i1024 %call_ret9" [firmware/myproject.cpp:80]   --->   Operation 550 'extractvalue' 'layer16_out_122' <Predicate = true> <Delay = 0.00>
ST_15 : Operation 551 [1/1] (0.00ns)   --->   "%layer16_out_123 = extractvalue i1024 %call_ret9" [firmware/myproject.cpp:80]   --->   Operation 551 'extractvalue' 'layer16_out_123' <Predicate = true> <Delay = 0.00>
ST_15 : Operation 552 [1/1] (0.00ns)   --->   "%layer16_out_124 = extractvalue i1024 %call_ret9" [firmware/myproject.cpp:80]   --->   Operation 552 'extractvalue' 'layer16_out_124' <Predicate = true> <Delay = 0.00>
ST_15 : Operation 553 [1/1] (0.00ns)   --->   "%layer16_out_125 = extractvalue i1024 %call_ret9" [firmware/myproject.cpp:80]   --->   Operation 553 'extractvalue' 'layer16_out_125' <Predicate = true> <Delay = 0.00>
ST_15 : Operation 554 [1/1] (0.00ns)   --->   "%layer16_out_126 = extractvalue i1024 %call_ret9" [firmware/myproject.cpp:80]   --->   Operation 554 'extractvalue' 'layer16_out_126' <Predicate = true> <Delay = 0.00>
ST_15 : Operation 555 [1/1] (0.00ns)   --->   "%layer16_out_127 = extractvalue i1024 %call_ret9" [firmware/myproject.cpp:80]   --->   Operation 555 'extractvalue' 'layer16_out_127' <Predicate = true> <Delay = 0.00>

State 16 <SV = 15> <Delay = 3.83>
ST_16 : Operation 556 [7/7] (3.83ns)   --->   "%call_ret10 = call i1024 @dense_latency<ap_ufixed<8, 0, 4, 0, 0>, ap_fixed<16, 6, 5, 3, 0>, config17>, i8 %layer16_out, i8 %layer16_out_1, i8 %layer16_out_2, i8 %layer16_out_3, i8 %layer16_out_4, i8 %layer16_out_5, i8 %layer16_out_6, i8 %layer16_out_7, i8 %layer16_out_8, i8 %layer16_out_9, i8 %layer16_out_10, i8 %layer16_out_11, i8 %layer16_out_12, i8 %layer16_out_13, i8 %layer16_out_14, i8 %layer16_out_15, i8 %layer16_out_16, i8 %layer16_out_17, i8 %layer16_out_18, i8 %layer16_out_19, i8 %layer16_out_20, i8 %layer16_out_21, i8 %layer16_out_22, i8 %layer16_out_23, i8 %layer16_out_24, i8 %layer16_out_25, i8 %layer16_out_26, i8 %layer16_out_27, i8 %layer16_out_28, i8 %layer16_out_29, i8 %layer16_out_30, i8 %layer16_out_31, i8 %layer16_out_32, i8 %layer16_out_33, i8 %layer16_out_34, i8 %layer16_out_35, i8 %layer16_out_36, i8 %layer16_out_37, i8 %layer16_out_38, i8 %layer16_out_39, i8 %layer16_out_40, i8 %layer16_out_41, i8 %layer16_out_42, i8 %layer16_out_43, i8 %layer16_out_44, i8 %layer16_out_45, i8 %layer16_out_46, i8 %layer16_out_47, i8 %layer16_out_48, i8 %layer16_out_49, i8 %layer16_out_50, i8 %layer16_out_51, i8 %layer16_out_52, i8 %layer16_out_53, i8 %layer16_out_54, i8 %layer16_out_55, i8 %layer16_out_56, i8 %layer16_out_57, i8 %layer16_out_58, i8 %layer16_out_59, i8 %layer16_out_60, i8 %layer16_out_61, i8 %layer16_out_62, i8 %layer16_out_63, i8 %layer16_out_64, i8 %layer16_out_65, i8 %layer16_out_66, i8 %layer16_out_67, i8 %layer16_out_68, i8 %layer16_out_69, i8 %layer16_out_70, i8 %layer16_out_71, i8 %layer16_out_72, i8 %layer16_out_73, i8 %layer16_out_74, i8 %layer16_out_75, i8 %layer16_out_76, i8 %layer16_out_77, i8 %layer16_out_78, i8 %layer16_out_79, i8 %layer16_out_80, i8 %layer16_out_81, i8 %layer16_out_82, i8 %layer16_out_83, i8 %layer16_out_84, i8 %layer16_out_85, i8 %layer16_out_86, i8 %layer16_out_87, i8 %layer16_out_88, i8 %layer16_out_89, i8 %layer16_out_90, i8 %layer16_out_91, i8 %layer16_out_92, i8 %layer16_out_93, i8 %layer16_out_94, i8 %layer16_out_95, i8 %layer16_out_96, i8 %layer16_out_97, i8 %layer16_out_98, i8 %layer16_out_99, i8 %layer16_out_100, i8 %layer16_out_101, i8 %layer16_out_102, i8 %layer16_out_103, i8 %layer16_out_104, i8 %layer16_out_105, i8 %layer16_out_106, i8 %layer16_out_107, i8 %layer16_out_108, i8 %layer16_out_109, i8 %layer16_out_110, i8 %layer16_out_111, i8 %layer16_out_112, i8 %layer16_out_113, i8 %layer16_out_114, i8 %layer16_out_115, i8 %layer16_out_116, i8 %layer16_out_117, i8 %layer16_out_118, i8 %layer16_out_119, i8 %layer16_out_120, i8 %layer16_out_121, i8 %layer16_out_122, i8 %layer16_out_123, i8 %layer16_out_124, i8 %layer16_out_125, i8 %layer16_out_126, i8 %layer16_out_127" [firmware/nnet_utils/nnet_dense.h:41->firmware/myproject.cpp:84]   --->   Operation 556 'call' 'call_ret10' <Predicate = true> <Delay = 3.83> <CoreType = "Generic">   --->   Core 0 '' <Latency = 0> <II = 1> <Delay = 1.00> <Generic> <Opcode : >

State 17 <SV = 16> <Delay = 3.84>
ST_17 : Operation 557 [6/7] (3.84ns)   --->   "%call_ret10 = call i1024 @dense_latency<ap_ufixed<8, 0, 4, 0, 0>, ap_fixed<16, 6, 5, 3, 0>, config17>, i8 %layer16_out, i8 %layer16_out_1, i8 %layer16_out_2, i8 %layer16_out_3, i8 %layer16_out_4, i8 %layer16_out_5, i8 %layer16_out_6, i8 %layer16_out_7, i8 %layer16_out_8, i8 %layer16_out_9, i8 %layer16_out_10, i8 %layer16_out_11, i8 %layer16_out_12, i8 %layer16_out_13, i8 %layer16_out_14, i8 %layer16_out_15, i8 %layer16_out_16, i8 %layer16_out_17, i8 %layer16_out_18, i8 %layer16_out_19, i8 %layer16_out_20, i8 %layer16_out_21, i8 %layer16_out_22, i8 %layer16_out_23, i8 %layer16_out_24, i8 %layer16_out_25, i8 %layer16_out_26, i8 %layer16_out_27, i8 %layer16_out_28, i8 %layer16_out_29, i8 %layer16_out_30, i8 %layer16_out_31, i8 %layer16_out_32, i8 %layer16_out_33, i8 %layer16_out_34, i8 %layer16_out_35, i8 %layer16_out_36, i8 %layer16_out_37, i8 %layer16_out_38, i8 %layer16_out_39, i8 %layer16_out_40, i8 %layer16_out_41, i8 %layer16_out_42, i8 %layer16_out_43, i8 %layer16_out_44, i8 %layer16_out_45, i8 %layer16_out_46, i8 %layer16_out_47, i8 %layer16_out_48, i8 %layer16_out_49, i8 %layer16_out_50, i8 %layer16_out_51, i8 %layer16_out_52, i8 %layer16_out_53, i8 %layer16_out_54, i8 %layer16_out_55, i8 %layer16_out_56, i8 %layer16_out_57, i8 %layer16_out_58, i8 %layer16_out_59, i8 %layer16_out_60, i8 %layer16_out_61, i8 %layer16_out_62, i8 %layer16_out_63, i8 %layer16_out_64, i8 %layer16_out_65, i8 %layer16_out_66, i8 %layer16_out_67, i8 %layer16_out_68, i8 %layer16_out_69, i8 %layer16_out_70, i8 %layer16_out_71, i8 %layer16_out_72, i8 %layer16_out_73, i8 %layer16_out_74, i8 %layer16_out_75, i8 %layer16_out_76, i8 %layer16_out_77, i8 %layer16_out_78, i8 %layer16_out_79, i8 %layer16_out_80, i8 %layer16_out_81, i8 %layer16_out_82, i8 %layer16_out_83, i8 %layer16_out_84, i8 %layer16_out_85, i8 %layer16_out_86, i8 %layer16_out_87, i8 %layer16_out_88, i8 %layer16_out_89, i8 %layer16_out_90, i8 %layer16_out_91, i8 %layer16_out_92, i8 %layer16_out_93, i8 %layer16_out_94, i8 %layer16_out_95, i8 %layer16_out_96, i8 %layer16_out_97, i8 %layer16_out_98, i8 %layer16_out_99, i8 %layer16_out_100, i8 %layer16_out_101, i8 %layer16_out_102, i8 %layer16_out_103, i8 %layer16_out_104, i8 %layer16_out_105, i8 %layer16_out_106, i8 %layer16_out_107, i8 %layer16_out_108, i8 %layer16_out_109, i8 %layer16_out_110, i8 %layer16_out_111, i8 %layer16_out_112, i8 %layer16_out_113, i8 %layer16_out_114, i8 %layer16_out_115, i8 %layer16_out_116, i8 %layer16_out_117, i8 %layer16_out_118, i8 %layer16_out_119, i8 %layer16_out_120, i8 %layer16_out_121, i8 %layer16_out_122, i8 %layer16_out_123, i8 %layer16_out_124, i8 %layer16_out_125, i8 %layer16_out_126, i8 %layer16_out_127" [firmware/nnet_utils/nnet_dense.h:41->firmware/myproject.cpp:84]   --->   Operation 557 'call' 'call_ret10' <Predicate = true> <Delay = 3.84> <CoreType = "Generic">   --->   Core 0 '' <Latency = 0> <II = 1> <Delay = 1.00> <Generic> <Opcode : >

State 18 <SV = 17> <Delay = 3.84>
ST_18 : Operation 558 [5/7] (3.84ns)   --->   "%call_ret10 = call i1024 @dense_latency<ap_ufixed<8, 0, 4, 0, 0>, ap_fixed<16, 6, 5, 3, 0>, config17>, i8 %layer16_out, i8 %layer16_out_1, i8 %layer16_out_2, i8 %layer16_out_3, i8 %layer16_out_4, i8 %layer16_out_5, i8 %layer16_out_6, i8 %layer16_out_7, i8 %layer16_out_8, i8 %layer16_out_9, i8 %layer16_out_10, i8 %layer16_out_11, i8 %layer16_out_12, i8 %layer16_out_13, i8 %layer16_out_14, i8 %layer16_out_15, i8 %layer16_out_16, i8 %layer16_out_17, i8 %layer16_out_18, i8 %layer16_out_19, i8 %layer16_out_20, i8 %layer16_out_21, i8 %layer16_out_22, i8 %layer16_out_23, i8 %layer16_out_24, i8 %layer16_out_25, i8 %layer16_out_26, i8 %layer16_out_27, i8 %layer16_out_28, i8 %layer16_out_29, i8 %layer16_out_30, i8 %layer16_out_31, i8 %layer16_out_32, i8 %layer16_out_33, i8 %layer16_out_34, i8 %layer16_out_35, i8 %layer16_out_36, i8 %layer16_out_37, i8 %layer16_out_38, i8 %layer16_out_39, i8 %layer16_out_40, i8 %layer16_out_41, i8 %layer16_out_42, i8 %layer16_out_43, i8 %layer16_out_44, i8 %layer16_out_45, i8 %layer16_out_46, i8 %layer16_out_47, i8 %layer16_out_48, i8 %layer16_out_49, i8 %layer16_out_50, i8 %layer16_out_51, i8 %layer16_out_52, i8 %layer16_out_53, i8 %layer16_out_54, i8 %layer16_out_55, i8 %layer16_out_56, i8 %layer16_out_57, i8 %layer16_out_58, i8 %layer16_out_59, i8 %layer16_out_60, i8 %layer16_out_61, i8 %layer16_out_62, i8 %layer16_out_63, i8 %layer16_out_64, i8 %layer16_out_65, i8 %layer16_out_66, i8 %layer16_out_67, i8 %layer16_out_68, i8 %layer16_out_69, i8 %layer16_out_70, i8 %layer16_out_71, i8 %layer16_out_72, i8 %layer16_out_73, i8 %layer16_out_74, i8 %layer16_out_75, i8 %layer16_out_76, i8 %layer16_out_77, i8 %layer16_out_78, i8 %layer16_out_79, i8 %layer16_out_80, i8 %layer16_out_81, i8 %layer16_out_82, i8 %layer16_out_83, i8 %layer16_out_84, i8 %layer16_out_85, i8 %layer16_out_86, i8 %layer16_out_87, i8 %layer16_out_88, i8 %layer16_out_89, i8 %layer16_out_90, i8 %layer16_out_91, i8 %layer16_out_92, i8 %layer16_out_93, i8 %layer16_out_94, i8 %layer16_out_95, i8 %layer16_out_96, i8 %layer16_out_97, i8 %layer16_out_98, i8 %layer16_out_99, i8 %layer16_out_100, i8 %layer16_out_101, i8 %layer16_out_102, i8 %layer16_out_103, i8 %layer16_out_104, i8 %layer16_out_105, i8 %layer16_out_106, i8 %layer16_out_107, i8 %layer16_out_108, i8 %layer16_out_109, i8 %layer16_out_110, i8 %layer16_out_111, i8 %layer16_out_112, i8 %layer16_out_113, i8 %layer16_out_114, i8 %layer16_out_115, i8 %layer16_out_116, i8 %layer16_out_117, i8 %layer16_out_118, i8 %layer16_out_119, i8 %layer16_out_120, i8 %layer16_out_121, i8 %layer16_out_122, i8 %layer16_out_123, i8 %layer16_out_124, i8 %layer16_out_125, i8 %layer16_out_126, i8 %layer16_out_127" [firmware/nnet_utils/nnet_dense.h:41->firmware/myproject.cpp:84]   --->   Operation 558 'call' 'call_ret10' <Predicate = true> <Delay = 3.84> <CoreType = "Generic">   --->   Core 0 '' <Latency = 0> <II = 1> <Delay = 1.00> <Generic> <Opcode : >

State 19 <SV = 18> <Delay = 3.84>
ST_19 : Operation 559 [4/7] (3.84ns)   --->   "%call_ret10 = call i1024 @dense_latency<ap_ufixed<8, 0, 4, 0, 0>, ap_fixed<16, 6, 5, 3, 0>, config17>, i8 %layer16_out, i8 %layer16_out_1, i8 %layer16_out_2, i8 %layer16_out_3, i8 %layer16_out_4, i8 %layer16_out_5, i8 %layer16_out_6, i8 %layer16_out_7, i8 %layer16_out_8, i8 %layer16_out_9, i8 %layer16_out_10, i8 %layer16_out_11, i8 %layer16_out_12, i8 %layer16_out_13, i8 %layer16_out_14, i8 %layer16_out_15, i8 %layer16_out_16, i8 %layer16_out_17, i8 %layer16_out_18, i8 %layer16_out_19, i8 %layer16_out_20, i8 %layer16_out_21, i8 %layer16_out_22, i8 %layer16_out_23, i8 %layer16_out_24, i8 %layer16_out_25, i8 %layer16_out_26, i8 %layer16_out_27, i8 %layer16_out_28, i8 %layer16_out_29, i8 %layer16_out_30, i8 %layer16_out_31, i8 %layer16_out_32, i8 %layer16_out_33, i8 %layer16_out_34, i8 %layer16_out_35, i8 %layer16_out_36, i8 %layer16_out_37, i8 %layer16_out_38, i8 %layer16_out_39, i8 %layer16_out_40, i8 %layer16_out_41, i8 %layer16_out_42, i8 %layer16_out_43, i8 %layer16_out_44, i8 %layer16_out_45, i8 %layer16_out_46, i8 %layer16_out_47, i8 %layer16_out_48, i8 %layer16_out_49, i8 %layer16_out_50, i8 %layer16_out_51, i8 %layer16_out_52, i8 %layer16_out_53, i8 %layer16_out_54, i8 %layer16_out_55, i8 %layer16_out_56, i8 %layer16_out_57, i8 %layer16_out_58, i8 %layer16_out_59, i8 %layer16_out_60, i8 %layer16_out_61, i8 %layer16_out_62, i8 %layer16_out_63, i8 %layer16_out_64, i8 %layer16_out_65, i8 %layer16_out_66, i8 %layer16_out_67, i8 %layer16_out_68, i8 %layer16_out_69, i8 %layer16_out_70, i8 %layer16_out_71, i8 %layer16_out_72, i8 %layer16_out_73, i8 %layer16_out_74, i8 %layer16_out_75, i8 %layer16_out_76, i8 %layer16_out_77, i8 %layer16_out_78, i8 %layer16_out_79, i8 %layer16_out_80, i8 %layer16_out_81, i8 %layer16_out_82, i8 %layer16_out_83, i8 %layer16_out_84, i8 %layer16_out_85, i8 %layer16_out_86, i8 %layer16_out_87, i8 %layer16_out_88, i8 %layer16_out_89, i8 %layer16_out_90, i8 %layer16_out_91, i8 %layer16_out_92, i8 %layer16_out_93, i8 %layer16_out_94, i8 %layer16_out_95, i8 %layer16_out_96, i8 %layer16_out_97, i8 %layer16_out_98, i8 %layer16_out_99, i8 %layer16_out_100, i8 %layer16_out_101, i8 %layer16_out_102, i8 %layer16_out_103, i8 %layer16_out_104, i8 %layer16_out_105, i8 %layer16_out_106, i8 %layer16_out_107, i8 %layer16_out_108, i8 %layer16_out_109, i8 %layer16_out_110, i8 %layer16_out_111, i8 %layer16_out_112, i8 %layer16_out_113, i8 %layer16_out_114, i8 %layer16_out_115, i8 %layer16_out_116, i8 %layer16_out_117, i8 %layer16_out_118, i8 %layer16_out_119, i8 %layer16_out_120, i8 %layer16_out_121, i8 %layer16_out_122, i8 %layer16_out_123, i8 %layer16_out_124, i8 %layer16_out_125, i8 %layer16_out_126, i8 %layer16_out_127" [firmware/nnet_utils/nnet_dense.h:41->firmware/myproject.cpp:84]   --->   Operation 559 'call' 'call_ret10' <Predicate = true> <Delay = 3.84> <CoreType = "Generic">   --->   Core 0 '' <Latency = 0> <II = 1> <Delay = 1.00> <Generic> <Opcode : >

State 20 <SV = 19> <Delay = 3.84>
ST_20 : Operation 560 [3/7] (3.84ns)   --->   "%call_ret10 = call i1024 @dense_latency<ap_ufixed<8, 0, 4, 0, 0>, ap_fixed<16, 6, 5, 3, 0>, config17>, i8 %layer16_out, i8 %layer16_out_1, i8 %layer16_out_2, i8 %layer16_out_3, i8 %layer16_out_4, i8 %layer16_out_5, i8 %layer16_out_6, i8 %layer16_out_7, i8 %layer16_out_8, i8 %layer16_out_9, i8 %layer16_out_10, i8 %layer16_out_11, i8 %layer16_out_12, i8 %layer16_out_13, i8 %layer16_out_14, i8 %layer16_out_15, i8 %layer16_out_16, i8 %layer16_out_17, i8 %layer16_out_18, i8 %layer16_out_19, i8 %layer16_out_20, i8 %layer16_out_21, i8 %layer16_out_22, i8 %layer16_out_23, i8 %layer16_out_24, i8 %layer16_out_25, i8 %layer16_out_26, i8 %layer16_out_27, i8 %layer16_out_28, i8 %layer16_out_29, i8 %layer16_out_30, i8 %layer16_out_31, i8 %layer16_out_32, i8 %layer16_out_33, i8 %layer16_out_34, i8 %layer16_out_35, i8 %layer16_out_36, i8 %layer16_out_37, i8 %layer16_out_38, i8 %layer16_out_39, i8 %layer16_out_40, i8 %layer16_out_41, i8 %layer16_out_42, i8 %layer16_out_43, i8 %layer16_out_44, i8 %layer16_out_45, i8 %layer16_out_46, i8 %layer16_out_47, i8 %layer16_out_48, i8 %layer16_out_49, i8 %layer16_out_50, i8 %layer16_out_51, i8 %layer16_out_52, i8 %layer16_out_53, i8 %layer16_out_54, i8 %layer16_out_55, i8 %layer16_out_56, i8 %layer16_out_57, i8 %layer16_out_58, i8 %layer16_out_59, i8 %layer16_out_60, i8 %layer16_out_61, i8 %layer16_out_62, i8 %layer16_out_63, i8 %layer16_out_64, i8 %layer16_out_65, i8 %layer16_out_66, i8 %layer16_out_67, i8 %layer16_out_68, i8 %layer16_out_69, i8 %layer16_out_70, i8 %layer16_out_71, i8 %layer16_out_72, i8 %layer16_out_73, i8 %layer16_out_74, i8 %layer16_out_75, i8 %layer16_out_76, i8 %layer16_out_77, i8 %layer16_out_78, i8 %layer16_out_79, i8 %layer16_out_80, i8 %layer16_out_81, i8 %layer16_out_82, i8 %layer16_out_83, i8 %layer16_out_84, i8 %layer16_out_85, i8 %layer16_out_86, i8 %layer16_out_87, i8 %layer16_out_88, i8 %layer16_out_89, i8 %layer16_out_90, i8 %layer16_out_91, i8 %layer16_out_92, i8 %layer16_out_93, i8 %layer16_out_94, i8 %layer16_out_95, i8 %layer16_out_96, i8 %layer16_out_97, i8 %layer16_out_98, i8 %layer16_out_99, i8 %layer16_out_100, i8 %layer16_out_101, i8 %layer16_out_102, i8 %layer16_out_103, i8 %layer16_out_104, i8 %layer16_out_105, i8 %layer16_out_106, i8 %layer16_out_107, i8 %layer16_out_108, i8 %layer16_out_109, i8 %layer16_out_110, i8 %layer16_out_111, i8 %layer16_out_112, i8 %layer16_out_113, i8 %layer16_out_114, i8 %layer16_out_115, i8 %layer16_out_116, i8 %layer16_out_117, i8 %layer16_out_118, i8 %layer16_out_119, i8 %layer16_out_120, i8 %layer16_out_121, i8 %layer16_out_122, i8 %layer16_out_123, i8 %layer16_out_124, i8 %layer16_out_125, i8 %layer16_out_126, i8 %layer16_out_127" [firmware/nnet_utils/nnet_dense.h:41->firmware/myproject.cpp:84]   --->   Operation 560 'call' 'call_ret10' <Predicate = true> <Delay = 3.84> <CoreType = "Generic">   --->   Core 0 '' <Latency = 0> <II = 1> <Delay = 1.00> <Generic> <Opcode : >

State 21 <SV = 20> <Delay = 3.84>
ST_21 : Operation 561 [2/7] (3.84ns)   --->   "%call_ret10 = call i1024 @dense_latency<ap_ufixed<8, 0, 4, 0, 0>, ap_fixed<16, 6, 5, 3, 0>, config17>, i8 %layer16_out, i8 %layer16_out_1, i8 %layer16_out_2, i8 %layer16_out_3, i8 %layer16_out_4, i8 %layer16_out_5, i8 %layer16_out_6, i8 %layer16_out_7, i8 %layer16_out_8, i8 %layer16_out_9, i8 %layer16_out_10, i8 %layer16_out_11, i8 %layer16_out_12, i8 %layer16_out_13, i8 %layer16_out_14, i8 %layer16_out_15, i8 %layer16_out_16, i8 %layer16_out_17, i8 %layer16_out_18, i8 %layer16_out_19, i8 %layer16_out_20, i8 %layer16_out_21, i8 %layer16_out_22, i8 %layer16_out_23, i8 %layer16_out_24, i8 %layer16_out_25, i8 %layer16_out_26, i8 %layer16_out_27, i8 %layer16_out_28, i8 %layer16_out_29, i8 %layer16_out_30, i8 %layer16_out_31, i8 %layer16_out_32, i8 %layer16_out_33, i8 %layer16_out_34, i8 %layer16_out_35, i8 %layer16_out_36, i8 %layer16_out_37, i8 %layer16_out_38, i8 %layer16_out_39, i8 %layer16_out_40, i8 %layer16_out_41, i8 %layer16_out_42, i8 %layer16_out_43, i8 %layer16_out_44, i8 %layer16_out_45, i8 %layer16_out_46, i8 %layer16_out_47, i8 %layer16_out_48, i8 %layer16_out_49, i8 %layer16_out_50, i8 %layer16_out_51, i8 %layer16_out_52, i8 %layer16_out_53, i8 %layer16_out_54, i8 %layer16_out_55, i8 %layer16_out_56, i8 %layer16_out_57, i8 %layer16_out_58, i8 %layer16_out_59, i8 %layer16_out_60, i8 %layer16_out_61, i8 %layer16_out_62, i8 %layer16_out_63, i8 %layer16_out_64, i8 %layer16_out_65, i8 %layer16_out_66, i8 %layer16_out_67, i8 %layer16_out_68, i8 %layer16_out_69, i8 %layer16_out_70, i8 %layer16_out_71, i8 %layer16_out_72, i8 %layer16_out_73, i8 %layer16_out_74, i8 %layer16_out_75, i8 %layer16_out_76, i8 %layer16_out_77, i8 %layer16_out_78, i8 %layer16_out_79, i8 %layer16_out_80, i8 %layer16_out_81, i8 %layer16_out_82, i8 %layer16_out_83, i8 %layer16_out_84, i8 %layer16_out_85, i8 %layer16_out_86, i8 %layer16_out_87, i8 %layer16_out_88, i8 %layer16_out_89, i8 %layer16_out_90, i8 %layer16_out_91, i8 %layer16_out_92, i8 %layer16_out_93, i8 %layer16_out_94, i8 %layer16_out_95, i8 %layer16_out_96, i8 %layer16_out_97, i8 %layer16_out_98, i8 %layer16_out_99, i8 %layer16_out_100, i8 %layer16_out_101, i8 %layer16_out_102, i8 %layer16_out_103, i8 %layer16_out_104, i8 %layer16_out_105, i8 %layer16_out_106, i8 %layer16_out_107, i8 %layer16_out_108, i8 %layer16_out_109, i8 %layer16_out_110, i8 %layer16_out_111, i8 %layer16_out_112, i8 %layer16_out_113, i8 %layer16_out_114, i8 %layer16_out_115, i8 %layer16_out_116, i8 %layer16_out_117, i8 %layer16_out_118, i8 %layer16_out_119, i8 %layer16_out_120, i8 %layer16_out_121, i8 %layer16_out_122, i8 %layer16_out_123, i8 %layer16_out_124, i8 %layer16_out_125, i8 %layer16_out_126, i8 %layer16_out_127" [firmware/nnet_utils/nnet_dense.h:41->firmware/myproject.cpp:84]   --->   Operation 561 'call' 'call_ret10' <Predicate = true> <Delay = 3.84> <CoreType = "Generic">   --->   Core 0 '' <Latency = 0> <II = 1> <Delay = 1.00> <Generic> <Opcode : >

State 22 <SV = 21> <Delay = 3.49>
ST_22 : Operation 562 [1/7] (3.49ns)   --->   "%call_ret10 = call i1024 @dense_latency<ap_ufixed<8, 0, 4, 0, 0>, ap_fixed<16, 6, 5, 3, 0>, config17>, i8 %layer16_out, i8 %layer16_out_1, i8 %layer16_out_2, i8 %layer16_out_3, i8 %layer16_out_4, i8 %layer16_out_5, i8 %layer16_out_6, i8 %layer16_out_7, i8 %layer16_out_8, i8 %layer16_out_9, i8 %layer16_out_10, i8 %layer16_out_11, i8 %layer16_out_12, i8 %layer16_out_13, i8 %layer16_out_14, i8 %layer16_out_15, i8 %layer16_out_16, i8 %layer16_out_17, i8 %layer16_out_18, i8 %layer16_out_19, i8 %layer16_out_20, i8 %layer16_out_21, i8 %layer16_out_22, i8 %layer16_out_23, i8 %layer16_out_24, i8 %layer16_out_25, i8 %layer16_out_26, i8 %layer16_out_27, i8 %layer16_out_28, i8 %layer16_out_29, i8 %layer16_out_30, i8 %layer16_out_31, i8 %layer16_out_32, i8 %layer16_out_33, i8 %layer16_out_34, i8 %layer16_out_35, i8 %layer16_out_36, i8 %layer16_out_37, i8 %layer16_out_38, i8 %layer16_out_39, i8 %layer16_out_40, i8 %layer16_out_41, i8 %layer16_out_42, i8 %layer16_out_43, i8 %layer16_out_44, i8 %layer16_out_45, i8 %layer16_out_46, i8 %layer16_out_47, i8 %layer16_out_48, i8 %layer16_out_49, i8 %layer16_out_50, i8 %layer16_out_51, i8 %layer16_out_52, i8 %layer16_out_53, i8 %layer16_out_54, i8 %layer16_out_55, i8 %layer16_out_56, i8 %layer16_out_57, i8 %layer16_out_58, i8 %layer16_out_59, i8 %layer16_out_60, i8 %layer16_out_61, i8 %layer16_out_62, i8 %layer16_out_63, i8 %layer16_out_64, i8 %layer16_out_65, i8 %layer16_out_66, i8 %layer16_out_67, i8 %layer16_out_68, i8 %layer16_out_69, i8 %layer16_out_70, i8 %layer16_out_71, i8 %layer16_out_72, i8 %layer16_out_73, i8 %layer16_out_74, i8 %layer16_out_75, i8 %layer16_out_76, i8 %layer16_out_77, i8 %layer16_out_78, i8 %layer16_out_79, i8 %layer16_out_80, i8 %layer16_out_81, i8 %layer16_out_82, i8 %layer16_out_83, i8 %layer16_out_84, i8 %layer16_out_85, i8 %layer16_out_86, i8 %layer16_out_87, i8 %layer16_out_88, i8 %layer16_out_89, i8 %layer16_out_90, i8 %layer16_out_91, i8 %layer16_out_92, i8 %layer16_out_93, i8 %layer16_out_94, i8 %layer16_out_95, i8 %layer16_out_96, i8 %layer16_out_97, i8 %layer16_out_98, i8 %layer16_out_99, i8 %layer16_out_100, i8 %layer16_out_101, i8 %layer16_out_102, i8 %layer16_out_103, i8 %layer16_out_104, i8 %layer16_out_105, i8 %layer16_out_106, i8 %layer16_out_107, i8 %layer16_out_108, i8 %layer16_out_109, i8 %layer16_out_110, i8 %layer16_out_111, i8 %layer16_out_112, i8 %layer16_out_113, i8 %layer16_out_114, i8 %layer16_out_115, i8 %layer16_out_116, i8 %layer16_out_117, i8 %layer16_out_118, i8 %layer16_out_119, i8 %layer16_out_120, i8 %layer16_out_121, i8 %layer16_out_122, i8 %layer16_out_123, i8 %layer16_out_124, i8 %layer16_out_125, i8 %layer16_out_126, i8 %layer16_out_127" [firmware/nnet_utils/nnet_dense.h:41->firmware/myproject.cpp:84]   --->   Operation 562 'call' 'call_ret10' <Predicate = true> <Delay = 3.49> <CoreType = "Generic">   --->   Core 0 '' <Latency = 0> <II = 1> <Delay = 1.00> <Generic> <Opcode : >
ST_22 : Operation 563 [1/1] (0.00ns)   --->   "%layer17_out = extractvalue i1024 %call_ret10" [firmware/nnet_utils/nnet_dense.h:41->firmware/myproject.cpp:84]   --->   Operation 563 'extractvalue' 'layer17_out' <Predicate = true> <Delay = 0.00>
ST_22 : Operation 564 [1/1] (0.00ns)   --->   "%layer17_out_1 = extractvalue i1024 %call_ret10" [firmware/nnet_utils/nnet_dense.h:41->firmware/myproject.cpp:84]   --->   Operation 564 'extractvalue' 'layer17_out_1' <Predicate = true> <Delay = 0.00>
ST_22 : Operation 565 [1/1] (0.00ns)   --->   "%layer17_out_2 = extractvalue i1024 %call_ret10" [firmware/nnet_utils/nnet_dense.h:41->firmware/myproject.cpp:84]   --->   Operation 565 'extractvalue' 'layer17_out_2' <Predicate = true> <Delay = 0.00>
ST_22 : Operation 566 [1/1] (0.00ns)   --->   "%layer17_out_3 = extractvalue i1024 %call_ret10" [firmware/nnet_utils/nnet_dense.h:41->firmware/myproject.cpp:84]   --->   Operation 566 'extractvalue' 'layer17_out_3' <Predicate = true> <Delay = 0.00>
ST_22 : Operation 567 [1/1] (0.00ns)   --->   "%layer17_out_4 = extractvalue i1024 %call_ret10" [firmware/nnet_utils/nnet_dense.h:41->firmware/myproject.cpp:84]   --->   Operation 567 'extractvalue' 'layer17_out_4' <Predicate = true> <Delay = 0.00>
ST_22 : Operation 568 [1/1] (0.00ns)   --->   "%layer17_out_5 = extractvalue i1024 %call_ret10" [firmware/nnet_utils/nnet_dense.h:41->firmware/myproject.cpp:84]   --->   Operation 568 'extractvalue' 'layer17_out_5' <Predicate = true> <Delay = 0.00>
ST_22 : Operation 569 [1/1] (0.00ns)   --->   "%layer17_out_6 = extractvalue i1024 %call_ret10" [firmware/nnet_utils/nnet_dense.h:41->firmware/myproject.cpp:84]   --->   Operation 569 'extractvalue' 'layer17_out_6' <Predicate = true> <Delay = 0.00>
ST_22 : Operation 570 [1/1] (0.00ns)   --->   "%layer17_out_7 = extractvalue i1024 %call_ret10" [firmware/nnet_utils/nnet_dense.h:41->firmware/myproject.cpp:84]   --->   Operation 570 'extractvalue' 'layer17_out_7' <Predicate = true> <Delay = 0.00>
ST_22 : Operation 571 [1/1] (0.00ns)   --->   "%layer17_out_8 = extractvalue i1024 %call_ret10" [firmware/nnet_utils/nnet_dense.h:41->firmware/myproject.cpp:84]   --->   Operation 571 'extractvalue' 'layer17_out_8' <Predicate = true> <Delay = 0.00>
ST_22 : Operation 572 [1/1] (0.00ns)   --->   "%layer17_out_9 = extractvalue i1024 %call_ret10" [firmware/nnet_utils/nnet_dense.h:41->firmware/myproject.cpp:84]   --->   Operation 572 'extractvalue' 'layer17_out_9' <Predicate = true> <Delay = 0.00>
ST_22 : Operation 573 [1/1] (0.00ns)   --->   "%layer17_out_10 = extractvalue i1024 %call_ret10" [firmware/nnet_utils/nnet_dense.h:41->firmware/myproject.cpp:84]   --->   Operation 573 'extractvalue' 'layer17_out_10' <Predicate = true> <Delay = 0.00>
ST_22 : Operation 574 [1/1] (0.00ns)   --->   "%layer17_out_11 = extractvalue i1024 %call_ret10" [firmware/nnet_utils/nnet_dense.h:41->firmware/myproject.cpp:84]   --->   Operation 574 'extractvalue' 'layer17_out_11' <Predicate = true> <Delay = 0.00>
ST_22 : Operation 575 [1/1] (0.00ns)   --->   "%layer17_out_12 = extractvalue i1024 %call_ret10" [firmware/nnet_utils/nnet_dense.h:41->firmware/myproject.cpp:84]   --->   Operation 575 'extractvalue' 'layer17_out_12' <Predicate = true> <Delay = 0.00>
ST_22 : Operation 576 [1/1] (0.00ns)   --->   "%layer17_out_13 = extractvalue i1024 %call_ret10" [firmware/nnet_utils/nnet_dense.h:41->firmware/myproject.cpp:84]   --->   Operation 576 'extractvalue' 'layer17_out_13' <Predicate = true> <Delay = 0.00>
ST_22 : Operation 577 [1/1] (0.00ns)   --->   "%layer17_out_14 = extractvalue i1024 %call_ret10" [firmware/nnet_utils/nnet_dense.h:41->firmware/myproject.cpp:84]   --->   Operation 577 'extractvalue' 'layer17_out_14' <Predicate = true> <Delay = 0.00>
ST_22 : Operation 578 [1/1] (0.00ns)   --->   "%layer17_out_15 = extractvalue i1024 %call_ret10" [firmware/nnet_utils/nnet_dense.h:41->firmware/myproject.cpp:84]   --->   Operation 578 'extractvalue' 'layer17_out_15' <Predicate = true> <Delay = 0.00>
ST_22 : Operation 579 [1/1] (0.00ns)   --->   "%layer17_out_16 = extractvalue i1024 %call_ret10" [firmware/nnet_utils/nnet_dense.h:41->firmware/myproject.cpp:84]   --->   Operation 579 'extractvalue' 'layer17_out_16' <Predicate = true> <Delay = 0.00>
ST_22 : Operation 580 [1/1] (0.00ns)   --->   "%layer17_out_17 = extractvalue i1024 %call_ret10" [firmware/nnet_utils/nnet_dense.h:41->firmware/myproject.cpp:84]   --->   Operation 580 'extractvalue' 'layer17_out_17' <Predicate = true> <Delay = 0.00>
ST_22 : Operation 581 [1/1] (0.00ns)   --->   "%layer17_out_18 = extractvalue i1024 %call_ret10" [firmware/nnet_utils/nnet_dense.h:41->firmware/myproject.cpp:84]   --->   Operation 581 'extractvalue' 'layer17_out_18' <Predicate = true> <Delay = 0.00>
ST_22 : Operation 582 [1/1] (0.00ns)   --->   "%layer17_out_19 = extractvalue i1024 %call_ret10" [firmware/nnet_utils/nnet_dense.h:41->firmware/myproject.cpp:84]   --->   Operation 582 'extractvalue' 'layer17_out_19' <Predicate = true> <Delay = 0.00>
ST_22 : Operation 583 [1/1] (0.00ns)   --->   "%layer17_out_20 = extractvalue i1024 %call_ret10" [firmware/nnet_utils/nnet_dense.h:41->firmware/myproject.cpp:84]   --->   Operation 583 'extractvalue' 'layer17_out_20' <Predicate = true> <Delay = 0.00>
ST_22 : Operation 584 [1/1] (0.00ns)   --->   "%layer17_out_21 = extractvalue i1024 %call_ret10" [firmware/nnet_utils/nnet_dense.h:41->firmware/myproject.cpp:84]   --->   Operation 584 'extractvalue' 'layer17_out_21' <Predicate = true> <Delay = 0.00>
ST_22 : Operation 585 [1/1] (0.00ns)   --->   "%layer17_out_22 = extractvalue i1024 %call_ret10" [firmware/nnet_utils/nnet_dense.h:41->firmware/myproject.cpp:84]   --->   Operation 585 'extractvalue' 'layer17_out_22' <Predicate = true> <Delay = 0.00>
ST_22 : Operation 586 [1/1] (0.00ns)   --->   "%layer17_out_23 = extractvalue i1024 %call_ret10" [firmware/nnet_utils/nnet_dense.h:41->firmware/myproject.cpp:84]   --->   Operation 586 'extractvalue' 'layer17_out_23' <Predicate = true> <Delay = 0.00>
ST_22 : Operation 587 [1/1] (0.00ns)   --->   "%layer17_out_24 = extractvalue i1024 %call_ret10" [firmware/nnet_utils/nnet_dense.h:41->firmware/myproject.cpp:84]   --->   Operation 587 'extractvalue' 'layer17_out_24' <Predicate = true> <Delay = 0.00>
ST_22 : Operation 588 [1/1] (0.00ns)   --->   "%layer17_out_25 = extractvalue i1024 %call_ret10" [firmware/nnet_utils/nnet_dense.h:41->firmware/myproject.cpp:84]   --->   Operation 588 'extractvalue' 'layer17_out_25' <Predicate = true> <Delay = 0.00>
ST_22 : Operation 589 [1/1] (0.00ns)   --->   "%layer17_out_26 = extractvalue i1024 %call_ret10" [firmware/nnet_utils/nnet_dense.h:41->firmware/myproject.cpp:84]   --->   Operation 589 'extractvalue' 'layer17_out_26' <Predicate = true> <Delay = 0.00>
ST_22 : Operation 590 [1/1] (0.00ns)   --->   "%layer17_out_27 = extractvalue i1024 %call_ret10" [firmware/nnet_utils/nnet_dense.h:41->firmware/myproject.cpp:84]   --->   Operation 590 'extractvalue' 'layer17_out_27' <Predicate = true> <Delay = 0.00>
ST_22 : Operation 591 [1/1] (0.00ns)   --->   "%layer17_out_28 = extractvalue i1024 %call_ret10" [firmware/nnet_utils/nnet_dense.h:41->firmware/myproject.cpp:84]   --->   Operation 591 'extractvalue' 'layer17_out_28' <Predicate = true> <Delay = 0.00>
ST_22 : Operation 592 [1/1] (0.00ns)   --->   "%layer17_out_29 = extractvalue i1024 %call_ret10" [firmware/nnet_utils/nnet_dense.h:41->firmware/myproject.cpp:84]   --->   Operation 592 'extractvalue' 'layer17_out_29' <Predicate = true> <Delay = 0.00>
ST_22 : Operation 593 [1/1] (0.00ns)   --->   "%layer17_out_30 = extractvalue i1024 %call_ret10" [firmware/nnet_utils/nnet_dense.h:41->firmware/myproject.cpp:84]   --->   Operation 593 'extractvalue' 'layer17_out_30' <Predicate = true> <Delay = 0.00>
ST_22 : Operation 594 [1/1] (0.00ns)   --->   "%layer17_out_31 = extractvalue i1024 %call_ret10" [firmware/nnet_utils/nnet_dense.h:41->firmware/myproject.cpp:84]   --->   Operation 594 'extractvalue' 'layer17_out_31' <Predicate = true> <Delay = 0.00>
ST_22 : Operation 595 [1/1] (0.00ns)   --->   "%layer17_out_32 = extractvalue i1024 %call_ret10" [firmware/nnet_utils/nnet_dense.h:41->firmware/myproject.cpp:84]   --->   Operation 595 'extractvalue' 'layer17_out_32' <Predicate = true> <Delay = 0.00>
ST_22 : Operation 596 [1/1] (0.00ns)   --->   "%layer17_out_33 = extractvalue i1024 %call_ret10" [firmware/nnet_utils/nnet_dense.h:41->firmware/myproject.cpp:84]   --->   Operation 596 'extractvalue' 'layer17_out_33' <Predicate = true> <Delay = 0.00>
ST_22 : Operation 597 [1/1] (0.00ns)   --->   "%layer17_out_34 = extractvalue i1024 %call_ret10" [firmware/nnet_utils/nnet_dense.h:41->firmware/myproject.cpp:84]   --->   Operation 597 'extractvalue' 'layer17_out_34' <Predicate = true> <Delay = 0.00>
ST_22 : Operation 598 [1/1] (0.00ns)   --->   "%layer17_out_35 = extractvalue i1024 %call_ret10" [firmware/nnet_utils/nnet_dense.h:41->firmware/myproject.cpp:84]   --->   Operation 598 'extractvalue' 'layer17_out_35' <Predicate = true> <Delay = 0.00>
ST_22 : Operation 599 [1/1] (0.00ns)   --->   "%layer17_out_36 = extractvalue i1024 %call_ret10" [firmware/nnet_utils/nnet_dense.h:41->firmware/myproject.cpp:84]   --->   Operation 599 'extractvalue' 'layer17_out_36' <Predicate = true> <Delay = 0.00>
ST_22 : Operation 600 [1/1] (0.00ns)   --->   "%layer17_out_37 = extractvalue i1024 %call_ret10" [firmware/nnet_utils/nnet_dense.h:41->firmware/myproject.cpp:84]   --->   Operation 600 'extractvalue' 'layer17_out_37' <Predicate = true> <Delay = 0.00>
ST_22 : Operation 601 [1/1] (0.00ns)   --->   "%layer17_out_38 = extractvalue i1024 %call_ret10" [firmware/nnet_utils/nnet_dense.h:41->firmware/myproject.cpp:84]   --->   Operation 601 'extractvalue' 'layer17_out_38' <Predicate = true> <Delay = 0.00>
ST_22 : Operation 602 [1/1] (0.00ns)   --->   "%layer17_out_39 = extractvalue i1024 %call_ret10" [firmware/nnet_utils/nnet_dense.h:41->firmware/myproject.cpp:84]   --->   Operation 602 'extractvalue' 'layer17_out_39' <Predicate = true> <Delay = 0.00>
ST_22 : Operation 603 [1/1] (0.00ns)   --->   "%layer17_out_40 = extractvalue i1024 %call_ret10" [firmware/nnet_utils/nnet_dense.h:41->firmware/myproject.cpp:84]   --->   Operation 603 'extractvalue' 'layer17_out_40' <Predicate = true> <Delay = 0.00>
ST_22 : Operation 604 [1/1] (0.00ns)   --->   "%layer17_out_41 = extractvalue i1024 %call_ret10" [firmware/nnet_utils/nnet_dense.h:41->firmware/myproject.cpp:84]   --->   Operation 604 'extractvalue' 'layer17_out_41' <Predicate = true> <Delay = 0.00>
ST_22 : Operation 605 [1/1] (0.00ns)   --->   "%layer17_out_42 = extractvalue i1024 %call_ret10" [firmware/nnet_utils/nnet_dense.h:41->firmware/myproject.cpp:84]   --->   Operation 605 'extractvalue' 'layer17_out_42' <Predicate = true> <Delay = 0.00>
ST_22 : Operation 606 [1/1] (0.00ns)   --->   "%layer17_out_43 = extractvalue i1024 %call_ret10" [firmware/nnet_utils/nnet_dense.h:41->firmware/myproject.cpp:84]   --->   Operation 606 'extractvalue' 'layer17_out_43' <Predicate = true> <Delay = 0.00>
ST_22 : Operation 607 [1/1] (0.00ns)   --->   "%layer17_out_44 = extractvalue i1024 %call_ret10" [firmware/nnet_utils/nnet_dense.h:41->firmware/myproject.cpp:84]   --->   Operation 607 'extractvalue' 'layer17_out_44' <Predicate = true> <Delay = 0.00>
ST_22 : Operation 608 [1/1] (0.00ns)   --->   "%layer17_out_45 = extractvalue i1024 %call_ret10" [firmware/nnet_utils/nnet_dense.h:41->firmware/myproject.cpp:84]   --->   Operation 608 'extractvalue' 'layer17_out_45' <Predicate = true> <Delay = 0.00>
ST_22 : Operation 609 [1/1] (0.00ns)   --->   "%layer17_out_46 = extractvalue i1024 %call_ret10" [firmware/nnet_utils/nnet_dense.h:41->firmware/myproject.cpp:84]   --->   Operation 609 'extractvalue' 'layer17_out_46' <Predicate = true> <Delay = 0.00>
ST_22 : Operation 610 [1/1] (0.00ns)   --->   "%layer17_out_47 = extractvalue i1024 %call_ret10" [firmware/nnet_utils/nnet_dense.h:41->firmware/myproject.cpp:84]   --->   Operation 610 'extractvalue' 'layer17_out_47' <Predicate = true> <Delay = 0.00>
ST_22 : Operation 611 [1/1] (0.00ns)   --->   "%layer17_out_48 = extractvalue i1024 %call_ret10" [firmware/nnet_utils/nnet_dense.h:41->firmware/myproject.cpp:84]   --->   Operation 611 'extractvalue' 'layer17_out_48' <Predicate = true> <Delay = 0.00>
ST_22 : Operation 612 [1/1] (0.00ns)   --->   "%layer17_out_49 = extractvalue i1024 %call_ret10" [firmware/nnet_utils/nnet_dense.h:41->firmware/myproject.cpp:84]   --->   Operation 612 'extractvalue' 'layer17_out_49' <Predicate = true> <Delay = 0.00>
ST_22 : Operation 613 [1/1] (0.00ns)   --->   "%layer17_out_50 = extractvalue i1024 %call_ret10" [firmware/nnet_utils/nnet_dense.h:41->firmware/myproject.cpp:84]   --->   Operation 613 'extractvalue' 'layer17_out_50' <Predicate = true> <Delay = 0.00>
ST_22 : Operation 614 [1/1] (0.00ns)   --->   "%layer17_out_51 = extractvalue i1024 %call_ret10" [firmware/nnet_utils/nnet_dense.h:41->firmware/myproject.cpp:84]   --->   Operation 614 'extractvalue' 'layer17_out_51' <Predicate = true> <Delay = 0.00>
ST_22 : Operation 615 [1/1] (0.00ns)   --->   "%layer17_out_52 = extractvalue i1024 %call_ret10" [firmware/nnet_utils/nnet_dense.h:41->firmware/myproject.cpp:84]   --->   Operation 615 'extractvalue' 'layer17_out_52' <Predicate = true> <Delay = 0.00>
ST_22 : Operation 616 [1/1] (0.00ns)   --->   "%layer17_out_53 = extractvalue i1024 %call_ret10" [firmware/nnet_utils/nnet_dense.h:41->firmware/myproject.cpp:84]   --->   Operation 616 'extractvalue' 'layer17_out_53' <Predicate = true> <Delay = 0.00>
ST_22 : Operation 617 [1/1] (0.00ns)   --->   "%layer17_out_54 = extractvalue i1024 %call_ret10" [firmware/nnet_utils/nnet_dense.h:41->firmware/myproject.cpp:84]   --->   Operation 617 'extractvalue' 'layer17_out_54' <Predicate = true> <Delay = 0.00>
ST_22 : Operation 618 [1/1] (0.00ns)   --->   "%layer17_out_55 = extractvalue i1024 %call_ret10" [firmware/nnet_utils/nnet_dense.h:41->firmware/myproject.cpp:84]   --->   Operation 618 'extractvalue' 'layer17_out_55' <Predicate = true> <Delay = 0.00>
ST_22 : Operation 619 [1/1] (0.00ns)   --->   "%layer17_out_56 = extractvalue i1024 %call_ret10" [firmware/nnet_utils/nnet_dense.h:41->firmware/myproject.cpp:84]   --->   Operation 619 'extractvalue' 'layer17_out_56' <Predicate = true> <Delay = 0.00>
ST_22 : Operation 620 [1/1] (0.00ns)   --->   "%layer17_out_57 = extractvalue i1024 %call_ret10" [firmware/nnet_utils/nnet_dense.h:41->firmware/myproject.cpp:84]   --->   Operation 620 'extractvalue' 'layer17_out_57' <Predicate = true> <Delay = 0.00>
ST_22 : Operation 621 [1/1] (0.00ns)   --->   "%layer17_out_58 = extractvalue i1024 %call_ret10" [firmware/nnet_utils/nnet_dense.h:41->firmware/myproject.cpp:84]   --->   Operation 621 'extractvalue' 'layer17_out_58' <Predicate = true> <Delay = 0.00>
ST_22 : Operation 622 [1/1] (0.00ns)   --->   "%layer17_out_59 = extractvalue i1024 %call_ret10" [firmware/nnet_utils/nnet_dense.h:41->firmware/myproject.cpp:84]   --->   Operation 622 'extractvalue' 'layer17_out_59' <Predicate = true> <Delay = 0.00>
ST_22 : Operation 623 [1/1] (0.00ns)   --->   "%layer17_out_60 = extractvalue i1024 %call_ret10" [firmware/nnet_utils/nnet_dense.h:41->firmware/myproject.cpp:84]   --->   Operation 623 'extractvalue' 'layer17_out_60' <Predicate = true> <Delay = 0.00>
ST_22 : Operation 624 [1/1] (0.00ns)   --->   "%layer17_out_61 = extractvalue i1024 %call_ret10" [firmware/nnet_utils/nnet_dense.h:41->firmware/myproject.cpp:84]   --->   Operation 624 'extractvalue' 'layer17_out_61' <Predicate = true> <Delay = 0.00>
ST_22 : Operation 625 [1/1] (0.00ns)   --->   "%layer17_out_62 = extractvalue i1024 %call_ret10" [firmware/nnet_utils/nnet_dense.h:41->firmware/myproject.cpp:84]   --->   Operation 625 'extractvalue' 'layer17_out_62' <Predicate = true> <Delay = 0.00>
ST_22 : Operation 626 [1/1] (0.00ns)   --->   "%layer17_out_63 = extractvalue i1024 %call_ret10" [firmware/nnet_utils/nnet_dense.h:41->firmware/myproject.cpp:84]   --->   Operation 626 'extractvalue' 'layer17_out_63' <Predicate = true> <Delay = 0.00>

State 23 <SV = 22> <Delay = 2.89>
ST_23 : Operation 627 [2/2] (2.89ns)   --->   "%call_ret11 = call i512 @relu<ap_fixed<16, 6, 5, 3, 0>, ap_ufixed<8, 0, 4, 0, 0>, relu_config19>, i16 %layer17_out, i16 %layer17_out_1, i16 %layer17_out_2, i16 %layer17_out_3, i16 %layer17_out_4, i16 %layer17_out_5, i16 %layer17_out_6, i16 %layer17_out_7, i16 %layer17_out_8, i16 %layer17_out_9, i16 %layer17_out_10, i16 %layer17_out_11, i16 %layer17_out_12, i16 %layer17_out_13, i16 %layer17_out_14, i16 %layer17_out_15, i16 %layer17_out_16, i16 %layer17_out_17, i16 %layer17_out_18, i16 %layer17_out_19, i16 %layer17_out_20, i16 %layer17_out_21, i16 %layer17_out_22, i16 %layer17_out_23, i16 %layer17_out_24, i16 %layer17_out_25, i16 %layer17_out_26, i16 %layer17_out_27, i16 %layer17_out_28, i16 %layer17_out_29, i16 %layer17_out_30, i16 %layer17_out_31, i16 %layer17_out_32, i16 %layer17_out_33, i16 %layer17_out_34, i16 %layer17_out_35, i16 %layer17_out_36, i16 %layer17_out_37, i16 %layer17_out_38, i16 %layer17_out_39, i16 %layer17_out_40, i16 %layer17_out_41, i16 %layer17_out_42, i16 %layer17_out_43, i16 %layer17_out_44, i16 %layer17_out_45, i16 %layer17_out_46, i16 %layer17_out_47, i16 %layer17_out_48, i16 %layer17_out_49, i16 %layer17_out_50, i16 %layer17_out_51, i16 %layer17_out_52, i16 %layer17_out_53, i16 %layer17_out_54, i16 %layer17_out_55, i16 %layer17_out_56, i16 %layer17_out_57, i16 %layer17_out_58, i16 %layer17_out_59, i16 %layer17_out_60, i16 %layer17_out_61, i16 %layer17_out_62, i16 %layer17_out_63" [firmware/myproject.cpp:88]   --->   Operation 627 'call' 'call_ret11' <Predicate = true> <Delay = 2.89> <CoreType = "Generic">   --->   Core 0 '' <Latency = 0> <II = 1> <Delay = 1.00> <Generic> <Opcode : >

State 24 <SV = 23> <Delay = 2.49>
ST_24 : Operation 628 [1/2] (2.49ns)   --->   "%call_ret11 = call i512 @relu<ap_fixed<16, 6, 5, 3, 0>, ap_ufixed<8, 0, 4, 0, 0>, relu_config19>, i16 %layer17_out, i16 %layer17_out_1, i16 %layer17_out_2, i16 %layer17_out_3, i16 %layer17_out_4, i16 %layer17_out_5, i16 %layer17_out_6, i16 %layer17_out_7, i16 %layer17_out_8, i16 %layer17_out_9, i16 %layer17_out_10, i16 %layer17_out_11, i16 %layer17_out_12, i16 %layer17_out_13, i16 %layer17_out_14, i16 %layer17_out_15, i16 %layer17_out_16, i16 %layer17_out_17, i16 %layer17_out_18, i16 %layer17_out_19, i16 %layer17_out_20, i16 %layer17_out_21, i16 %layer17_out_22, i16 %layer17_out_23, i16 %layer17_out_24, i16 %layer17_out_25, i16 %layer17_out_26, i16 %layer17_out_27, i16 %layer17_out_28, i16 %layer17_out_29, i16 %layer17_out_30, i16 %layer17_out_31, i16 %layer17_out_32, i16 %layer17_out_33, i16 %layer17_out_34, i16 %layer17_out_35, i16 %layer17_out_36, i16 %layer17_out_37, i16 %layer17_out_38, i16 %layer17_out_39, i16 %layer17_out_40, i16 %layer17_out_41, i16 %layer17_out_42, i16 %layer17_out_43, i16 %layer17_out_44, i16 %layer17_out_45, i16 %layer17_out_46, i16 %layer17_out_47, i16 %layer17_out_48, i16 %layer17_out_49, i16 %layer17_out_50, i16 %layer17_out_51, i16 %layer17_out_52, i16 %layer17_out_53, i16 %layer17_out_54, i16 %layer17_out_55, i16 %layer17_out_56, i16 %layer17_out_57, i16 %layer17_out_58, i16 %layer17_out_59, i16 %layer17_out_60, i16 %layer17_out_61, i16 %layer17_out_62, i16 %layer17_out_63" [firmware/myproject.cpp:88]   --->   Operation 628 'call' 'call_ret11' <Predicate = true> <Delay = 2.49> <CoreType = "Generic">   --->   Core 0 '' <Latency = 0> <II = 1> <Delay = 1.00> <Generic> <Opcode : >
ST_24 : Operation 629 [1/1] (0.00ns)   --->   "%layer19_out = extractvalue i512 %call_ret11" [firmware/myproject.cpp:88]   --->   Operation 629 'extractvalue' 'layer19_out' <Predicate = true> <Delay = 0.00>
ST_24 : Operation 630 [1/1] (0.00ns)   --->   "%layer19_out_1 = extractvalue i512 %call_ret11" [firmware/myproject.cpp:88]   --->   Operation 630 'extractvalue' 'layer19_out_1' <Predicate = true> <Delay = 0.00>
ST_24 : Operation 631 [1/1] (0.00ns)   --->   "%layer19_out_2 = extractvalue i512 %call_ret11" [firmware/myproject.cpp:88]   --->   Operation 631 'extractvalue' 'layer19_out_2' <Predicate = true> <Delay = 0.00>
ST_24 : Operation 632 [1/1] (0.00ns)   --->   "%layer19_out_3 = extractvalue i512 %call_ret11" [firmware/myproject.cpp:88]   --->   Operation 632 'extractvalue' 'layer19_out_3' <Predicate = true> <Delay = 0.00>
ST_24 : Operation 633 [1/1] (0.00ns)   --->   "%layer19_out_4 = extractvalue i512 %call_ret11" [firmware/myproject.cpp:88]   --->   Operation 633 'extractvalue' 'layer19_out_4' <Predicate = true> <Delay = 0.00>
ST_24 : Operation 634 [1/1] (0.00ns)   --->   "%layer19_out_5 = extractvalue i512 %call_ret11" [firmware/myproject.cpp:88]   --->   Operation 634 'extractvalue' 'layer19_out_5' <Predicate = true> <Delay = 0.00>
ST_24 : Operation 635 [1/1] (0.00ns)   --->   "%layer19_out_6 = extractvalue i512 %call_ret11" [firmware/myproject.cpp:88]   --->   Operation 635 'extractvalue' 'layer19_out_6' <Predicate = true> <Delay = 0.00>
ST_24 : Operation 636 [1/1] (0.00ns)   --->   "%layer19_out_7 = extractvalue i512 %call_ret11" [firmware/myproject.cpp:88]   --->   Operation 636 'extractvalue' 'layer19_out_7' <Predicate = true> <Delay = 0.00>
ST_24 : Operation 637 [1/1] (0.00ns)   --->   "%layer19_out_8 = extractvalue i512 %call_ret11" [firmware/myproject.cpp:88]   --->   Operation 637 'extractvalue' 'layer19_out_8' <Predicate = true> <Delay = 0.00>
ST_24 : Operation 638 [1/1] (0.00ns)   --->   "%layer19_out_9 = extractvalue i512 %call_ret11" [firmware/myproject.cpp:88]   --->   Operation 638 'extractvalue' 'layer19_out_9' <Predicate = true> <Delay = 0.00>
ST_24 : Operation 639 [1/1] (0.00ns)   --->   "%layer19_out_10 = extractvalue i512 %call_ret11" [firmware/myproject.cpp:88]   --->   Operation 639 'extractvalue' 'layer19_out_10' <Predicate = true> <Delay = 0.00>
ST_24 : Operation 640 [1/1] (0.00ns)   --->   "%layer19_out_11 = extractvalue i512 %call_ret11" [firmware/myproject.cpp:88]   --->   Operation 640 'extractvalue' 'layer19_out_11' <Predicate = true> <Delay = 0.00>
ST_24 : Operation 641 [1/1] (0.00ns)   --->   "%layer19_out_12 = extractvalue i512 %call_ret11" [firmware/myproject.cpp:88]   --->   Operation 641 'extractvalue' 'layer19_out_12' <Predicate = true> <Delay = 0.00>
ST_24 : Operation 642 [1/1] (0.00ns)   --->   "%layer19_out_13 = extractvalue i512 %call_ret11" [firmware/myproject.cpp:88]   --->   Operation 642 'extractvalue' 'layer19_out_13' <Predicate = true> <Delay = 0.00>
ST_24 : Operation 643 [1/1] (0.00ns)   --->   "%layer19_out_14 = extractvalue i512 %call_ret11" [firmware/myproject.cpp:88]   --->   Operation 643 'extractvalue' 'layer19_out_14' <Predicate = true> <Delay = 0.00>
ST_24 : Operation 644 [1/1] (0.00ns)   --->   "%layer19_out_15 = extractvalue i512 %call_ret11" [firmware/myproject.cpp:88]   --->   Operation 644 'extractvalue' 'layer19_out_15' <Predicate = true> <Delay = 0.00>
ST_24 : Operation 645 [1/1] (0.00ns)   --->   "%layer19_out_16 = extractvalue i512 %call_ret11" [firmware/myproject.cpp:88]   --->   Operation 645 'extractvalue' 'layer19_out_16' <Predicate = true> <Delay = 0.00>
ST_24 : Operation 646 [1/1] (0.00ns)   --->   "%layer19_out_17 = extractvalue i512 %call_ret11" [firmware/myproject.cpp:88]   --->   Operation 646 'extractvalue' 'layer19_out_17' <Predicate = true> <Delay = 0.00>
ST_24 : Operation 647 [1/1] (0.00ns)   --->   "%layer19_out_18 = extractvalue i512 %call_ret11" [firmware/myproject.cpp:88]   --->   Operation 647 'extractvalue' 'layer19_out_18' <Predicate = true> <Delay = 0.00>
ST_24 : Operation 648 [1/1] (0.00ns)   --->   "%layer19_out_19 = extractvalue i512 %call_ret11" [firmware/myproject.cpp:88]   --->   Operation 648 'extractvalue' 'layer19_out_19' <Predicate = true> <Delay = 0.00>
ST_24 : Operation 649 [1/1] (0.00ns)   --->   "%layer19_out_20 = extractvalue i512 %call_ret11" [firmware/myproject.cpp:88]   --->   Operation 649 'extractvalue' 'layer19_out_20' <Predicate = true> <Delay = 0.00>
ST_24 : Operation 650 [1/1] (0.00ns)   --->   "%layer19_out_21 = extractvalue i512 %call_ret11" [firmware/myproject.cpp:88]   --->   Operation 650 'extractvalue' 'layer19_out_21' <Predicate = true> <Delay = 0.00>
ST_24 : Operation 651 [1/1] (0.00ns)   --->   "%layer19_out_22 = extractvalue i512 %call_ret11" [firmware/myproject.cpp:88]   --->   Operation 651 'extractvalue' 'layer19_out_22' <Predicate = true> <Delay = 0.00>
ST_24 : Operation 652 [1/1] (0.00ns)   --->   "%layer19_out_23 = extractvalue i512 %call_ret11" [firmware/myproject.cpp:88]   --->   Operation 652 'extractvalue' 'layer19_out_23' <Predicate = true> <Delay = 0.00>
ST_24 : Operation 653 [1/1] (0.00ns)   --->   "%layer19_out_24 = extractvalue i512 %call_ret11" [firmware/myproject.cpp:88]   --->   Operation 653 'extractvalue' 'layer19_out_24' <Predicate = true> <Delay = 0.00>
ST_24 : Operation 654 [1/1] (0.00ns)   --->   "%layer19_out_25 = extractvalue i512 %call_ret11" [firmware/myproject.cpp:88]   --->   Operation 654 'extractvalue' 'layer19_out_25' <Predicate = true> <Delay = 0.00>
ST_24 : Operation 655 [1/1] (0.00ns)   --->   "%layer19_out_26 = extractvalue i512 %call_ret11" [firmware/myproject.cpp:88]   --->   Operation 655 'extractvalue' 'layer19_out_26' <Predicate = true> <Delay = 0.00>
ST_24 : Operation 656 [1/1] (0.00ns)   --->   "%layer19_out_27 = extractvalue i512 %call_ret11" [firmware/myproject.cpp:88]   --->   Operation 656 'extractvalue' 'layer19_out_27' <Predicate = true> <Delay = 0.00>
ST_24 : Operation 657 [1/1] (0.00ns)   --->   "%layer19_out_28 = extractvalue i512 %call_ret11" [firmware/myproject.cpp:88]   --->   Operation 657 'extractvalue' 'layer19_out_28' <Predicate = true> <Delay = 0.00>
ST_24 : Operation 658 [1/1] (0.00ns)   --->   "%layer19_out_29 = extractvalue i512 %call_ret11" [firmware/myproject.cpp:88]   --->   Operation 658 'extractvalue' 'layer19_out_29' <Predicate = true> <Delay = 0.00>
ST_24 : Operation 659 [1/1] (0.00ns)   --->   "%layer19_out_30 = extractvalue i512 %call_ret11" [firmware/myproject.cpp:88]   --->   Operation 659 'extractvalue' 'layer19_out_30' <Predicate = true> <Delay = 0.00>
ST_24 : Operation 660 [1/1] (0.00ns)   --->   "%layer19_out_31 = extractvalue i512 %call_ret11" [firmware/myproject.cpp:88]   --->   Operation 660 'extractvalue' 'layer19_out_31' <Predicate = true> <Delay = 0.00>
ST_24 : Operation 661 [1/1] (0.00ns)   --->   "%layer19_out_32 = extractvalue i512 %call_ret11" [firmware/myproject.cpp:88]   --->   Operation 661 'extractvalue' 'layer19_out_32' <Predicate = true> <Delay = 0.00>
ST_24 : Operation 662 [1/1] (0.00ns)   --->   "%layer19_out_33 = extractvalue i512 %call_ret11" [firmware/myproject.cpp:88]   --->   Operation 662 'extractvalue' 'layer19_out_33' <Predicate = true> <Delay = 0.00>
ST_24 : Operation 663 [1/1] (0.00ns)   --->   "%layer19_out_34 = extractvalue i512 %call_ret11" [firmware/myproject.cpp:88]   --->   Operation 663 'extractvalue' 'layer19_out_34' <Predicate = true> <Delay = 0.00>
ST_24 : Operation 664 [1/1] (0.00ns)   --->   "%layer19_out_35 = extractvalue i512 %call_ret11" [firmware/myproject.cpp:88]   --->   Operation 664 'extractvalue' 'layer19_out_35' <Predicate = true> <Delay = 0.00>
ST_24 : Operation 665 [1/1] (0.00ns)   --->   "%layer19_out_36 = extractvalue i512 %call_ret11" [firmware/myproject.cpp:88]   --->   Operation 665 'extractvalue' 'layer19_out_36' <Predicate = true> <Delay = 0.00>
ST_24 : Operation 666 [1/1] (0.00ns)   --->   "%layer19_out_37 = extractvalue i512 %call_ret11" [firmware/myproject.cpp:88]   --->   Operation 666 'extractvalue' 'layer19_out_37' <Predicate = true> <Delay = 0.00>
ST_24 : Operation 667 [1/1] (0.00ns)   --->   "%layer19_out_38 = extractvalue i512 %call_ret11" [firmware/myproject.cpp:88]   --->   Operation 667 'extractvalue' 'layer19_out_38' <Predicate = true> <Delay = 0.00>
ST_24 : Operation 668 [1/1] (0.00ns)   --->   "%layer19_out_39 = extractvalue i512 %call_ret11" [firmware/myproject.cpp:88]   --->   Operation 668 'extractvalue' 'layer19_out_39' <Predicate = true> <Delay = 0.00>
ST_24 : Operation 669 [1/1] (0.00ns)   --->   "%layer19_out_40 = extractvalue i512 %call_ret11" [firmware/myproject.cpp:88]   --->   Operation 669 'extractvalue' 'layer19_out_40' <Predicate = true> <Delay = 0.00>
ST_24 : Operation 670 [1/1] (0.00ns)   --->   "%layer19_out_41 = extractvalue i512 %call_ret11" [firmware/myproject.cpp:88]   --->   Operation 670 'extractvalue' 'layer19_out_41' <Predicate = true> <Delay = 0.00>
ST_24 : Operation 671 [1/1] (0.00ns)   --->   "%layer19_out_42 = extractvalue i512 %call_ret11" [firmware/myproject.cpp:88]   --->   Operation 671 'extractvalue' 'layer19_out_42' <Predicate = true> <Delay = 0.00>
ST_24 : Operation 672 [1/1] (0.00ns)   --->   "%layer19_out_43 = extractvalue i512 %call_ret11" [firmware/myproject.cpp:88]   --->   Operation 672 'extractvalue' 'layer19_out_43' <Predicate = true> <Delay = 0.00>
ST_24 : Operation 673 [1/1] (0.00ns)   --->   "%layer19_out_44 = extractvalue i512 %call_ret11" [firmware/myproject.cpp:88]   --->   Operation 673 'extractvalue' 'layer19_out_44' <Predicate = true> <Delay = 0.00>
ST_24 : Operation 674 [1/1] (0.00ns)   --->   "%layer19_out_45 = extractvalue i512 %call_ret11" [firmware/myproject.cpp:88]   --->   Operation 674 'extractvalue' 'layer19_out_45' <Predicate = true> <Delay = 0.00>
ST_24 : Operation 675 [1/1] (0.00ns)   --->   "%layer19_out_46 = extractvalue i512 %call_ret11" [firmware/myproject.cpp:88]   --->   Operation 675 'extractvalue' 'layer19_out_46' <Predicate = true> <Delay = 0.00>
ST_24 : Operation 676 [1/1] (0.00ns)   --->   "%layer19_out_47 = extractvalue i512 %call_ret11" [firmware/myproject.cpp:88]   --->   Operation 676 'extractvalue' 'layer19_out_47' <Predicate = true> <Delay = 0.00>
ST_24 : Operation 677 [1/1] (0.00ns)   --->   "%layer19_out_48 = extractvalue i512 %call_ret11" [firmware/myproject.cpp:88]   --->   Operation 677 'extractvalue' 'layer19_out_48' <Predicate = true> <Delay = 0.00>
ST_24 : Operation 678 [1/1] (0.00ns)   --->   "%layer19_out_49 = extractvalue i512 %call_ret11" [firmware/myproject.cpp:88]   --->   Operation 678 'extractvalue' 'layer19_out_49' <Predicate = true> <Delay = 0.00>
ST_24 : Operation 679 [1/1] (0.00ns)   --->   "%layer19_out_50 = extractvalue i512 %call_ret11" [firmware/myproject.cpp:88]   --->   Operation 679 'extractvalue' 'layer19_out_50' <Predicate = true> <Delay = 0.00>
ST_24 : Operation 680 [1/1] (0.00ns)   --->   "%layer19_out_51 = extractvalue i512 %call_ret11" [firmware/myproject.cpp:88]   --->   Operation 680 'extractvalue' 'layer19_out_51' <Predicate = true> <Delay = 0.00>
ST_24 : Operation 681 [1/1] (0.00ns)   --->   "%layer19_out_52 = extractvalue i512 %call_ret11" [firmware/myproject.cpp:88]   --->   Operation 681 'extractvalue' 'layer19_out_52' <Predicate = true> <Delay = 0.00>
ST_24 : Operation 682 [1/1] (0.00ns)   --->   "%layer19_out_53 = extractvalue i512 %call_ret11" [firmware/myproject.cpp:88]   --->   Operation 682 'extractvalue' 'layer19_out_53' <Predicate = true> <Delay = 0.00>
ST_24 : Operation 683 [1/1] (0.00ns)   --->   "%layer19_out_54 = extractvalue i512 %call_ret11" [firmware/myproject.cpp:88]   --->   Operation 683 'extractvalue' 'layer19_out_54' <Predicate = true> <Delay = 0.00>
ST_24 : Operation 684 [1/1] (0.00ns)   --->   "%layer19_out_55 = extractvalue i512 %call_ret11" [firmware/myproject.cpp:88]   --->   Operation 684 'extractvalue' 'layer19_out_55' <Predicate = true> <Delay = 0.00>
ST_24 : Operation 685 [1/1] (0.00ns)   --->   "%layer19_out_56 = extractvalue i512 %call_ret11" [firmware/myproject.cpp:88]   --->   Operation 685 'extractvalue' 'layer19_out_56' <Predicate = true> <Delay = 0.00>
ST_24 : Operation 686 [1/1] (0.00ns)   --->   "%layer19_out_57 = extractvalue i512 %call_ret11" [firmware/myproject.cpp:88]   --->   Operation 686 'extractvalue' 'layer19_out_57' <Predicate = true> <Delay = 0.00>
ST_24 : Operation 687 [1/1] (0.00ns)   --->   "%layer19_out_58 = extractvalue i512 %call_ret11" [firmware/myproject.cpp:88]   --->   Operation 687 'extractvalue' 'layer19_out_58' <Predicate = true> <Delay = 0.00>
ST_24 : Operation 688 [1/1] (0.00ns)   --->   "%layer19_out_59 = extractvalue i512 %call_ret11" [firmware/myproject.cpp:88]   --->   Operation 688 'extractvalue' 'layer19_out_59' <Predicate = true> <Delay = 0.00>
ST_24 : Operation 689 [1/1] (0.00ns)   --->   "%layer19_out_60 = extractvalue i512 %call_ret11" [firmware/myproject.cpp:88]   --->   Operation 689 'extractvalue' 'layer19_out_60' <Predicate = true> <Delay = 0.00>
ST_24 : Operation 690 [1/1] (0.00ns)   --->   "%layer19_out_61 = extractvalue i512 %call_ret11" [firmware/myproject.cpp:88]   --->   Operation 690 'extractvalue' 'layer19_out_61' <Predicate = true> <Delay = 0.00>
ST_24 : Operation 691 [1/1] (0.00ns)   --->   "%layer19_out_62 = extractvalue i512 %call_ret11" [firmware/myproject.cpp:88]   --->   Operation 691 'extractvalue' 'layer19_out_62' <Predicate = true> <Delay = 0.00>
ST_24 : Operation 692 [1/1] (0.00ns)   --->   "%layer19_out_63 = extractvalue i512 %call_ret11" [firmware/myproject.cpp:88]   --->   Operation 692 'extractvalue' 'layer19_out_63' <Predicate = true> <Delay = 0.00>

State 25 <SV = 24> <Delay = 3.83>
ST_25 : Operation 693 [7/7] (3.83ns)   --->   "%call_ret12 = call i416 @dense_latency<ap_ufixed<8, 0, 4, 0, 0>, ap_fixed<16, 6, 5, 3, 0>, config20>, i8 %layer19_out, i8 %layer19_out_1, i8 %layer19_out_2, i8 %layer19_out_3, i8 %layer19_out_4, i8 %layer19_out_5, i8 %layer19_out_6, i8 %layer19_out_7, i8 %layer19_out_8, i8 %layer19_out_9, i8 %layer19_out_10, i8 %layer19_out_11, i8 %layer19_out_12, i8 %layer19_out_13, i8 %layer19_out_14, i8 %layer19_out_15, i8 %layer19_out_16, i8 %layer19_out_17, i8 %layer19_out_18, i8 %layer19_out_19, i8 %layer19_out_20, i8 %layer19_out_21, i8 %layer19_out_22, i8 %layer19_out_23, i8 %layer19_out_24, i8 %layer19_out_25, i8 %layer19_out_26, i8 %layer19_out_27, i8 %layer19_out_28, i8 %layer19_out_29, i8 %layer19_out_30, i8 %layer19_out_31, i8 %layer19_out_32, i8 %layer19_out_33, i8 %layer19_out_34, i8 %layer19_out_35, i8 %layer19_out_36, i8 %layer19_out_37, i8 %layer19_out_38, i8 %layer19_out_39, i8 %layer19_out_40, i8 %layer19_out_41, i8 %layer19_out_42, i8 %layer19_out_43, i8 %layer19_out_44, i8 %layer19_out_45, i8 %layer19_out_46, i8 %layer19_out_47, i8 %layer19_out_48, i8 %layer19_out_49, i8 %layer19_out_50, i8 %layer19_out_51, i8 %layer19_out_52, i8 %layer19_out_53, i8 %layer19_out_54, i8 %layer19_out_55, i8 %layer19_out_56, i8 %layer19_out_57, i8 %layer19_out_58, i8 %layer19_out_59, i8 %layer19_out_60, i8 %layer19_out_61, i8 %layer19_out_62, i8 %layer19_out_63" [firmware/nnet_utils/nnet_dense.h:41->firmware/myproject.cpp:92]   --->   Operation 693 'call' 'call_ret12' <Predicate = true> <Delay = 3.83> <CoreType = "Generic">   --->   Core 0 '' <Latency = 0> <II = 1> <Delay = 1.00> <Generic> <Opcode : >

State 26 <SV = 25> <Delay = 3.83>
ST_26 : Operation 694 [6/7] (3.83ns)   --->   "%call_ret12 = call i416 @dense_latency<ap_ufixed<8, 0, 4, 0, 0>, ap_fixed<16, 6, 5, 3, 0>, config20>, i8 %layer19_out, i8 %layer19_out_1, i8 %layer19_out_2, i8 %layer19_out_3, i8 %layer19_out_4, i8 %layer19_out_5, i8 %layer19_out_6, i8 %layer19_out_7, i8 %layer19_out_8, i8 %layer19_out_9, i8 %layer19_out_10, i8 %layer19_out_11, i8 %layer19_out_12, i8 %layer19_out_13, i8 %layer19_out_14, i8 %layer19_out_15, i8 %layer19_out_16, i8 %layer19_out_17, i8 %layer19_out_18, i8 %layer19_out_19, i8 %layer19_out_20, i8 %layer19_out_21, i8 %layer19_out_22, i8 %layer19_out_23, i8 %layer19_out_24, i8 %layer19_out_25, i8 %layer19_out_26, i8 %layer19_out_27, i8 %layer19_out_28, i8 %layer19_out_29, i8 %layer19_out_30, i8 %layer19_out_31, i8 %layer19_out_32, i8 %layer19_out_33, i8 %layer19_out_34, i8 %layer19_out_35, i8 %layer19_out_36, i8 %layer19_out_37, i8 %layer19_out_38, i8 %layer19_out_39, i8 %layer19_out_40, i8 %layer19_out_41, i8 %layer19_out_42, i8 %layer19_out_43, i8 %layer19_out_44, i8 %layer19_out_45, i8 %layer19_out_46, i8 %layer19_out_47, i8 %layer19_out_48, i8 %layer19_out_49, i8 %layer19_out_50, i8 %layer19_out_51, i8 %layer19_out_52, i8 %layer19_out_53, i8 %layer19_out_54, i8 %layer19_out_55, i8 %layer19_out_56, i8 %layer19_out_57, i8 %layer19_out_58, i8 %layer19_out_59, i8 %layer19_out_60, i8 %layer19_out_61, i8 %layer19_out_62, i8 %layer19_out_63" [firmware/nnet_utils/nnet_dense.h:41->firmware/myproject.cpp:92]   --->   Operation 694 'call' 'call_ret12' <Predicate = true> <Delay = 3.83> <CoreType = "Generic">   --->   Core 0 '' <Latency = 0> <II = 1> <Delay = 1.00> <Generic> <Opcode : >

State 27 <SV = 26> <Delay = 3.83>
ST_27 : Operation 695 [5/7] (3.83ns)   --->   "%call_ret12 = call i416 @dense_latency<ap_ufixed<8, 0, 4, 0, 0>, ap_fixed<16, 6, 5, 3, 0>, config20>, i8 %layer19_out, i8 %layer19_out_1, i8 %layer19_out_2, i8 %layer19_out_3, i8 %layer19_out_4, i8 %layer19_out_5, i8 %layer19_out_6, i8 %layer19_out_7, i8 %layer19_out_8, i8 %layer19_out_9, i8 %layer19_out_10, i8 %layer19_out_11, i8 %layer19_out_12, i8 %layer19_out_13, i8 %layer19_out_14, i8 %layer19_out_15, i8 %layer19_out_16, i8 %layer19_out_17, i8 %layer19_out_18, i8 %layer19_out_19, i8 %layer19_out_20, i8 %layer19_out_21, i8 %layer19_out_22, i8 %layer19_out_23, i8 %layer19_out_24, i8 %layer19_out_25, i8 %layer19_out_26, i8 %layer19_out_27, i8 %layer19_out_28, i8 %layer19_out_29, i8 %layer19_out_30, i8 %layer19_out_31, i8 %layer19_out_32, i8 %layer19_out_33, i8 %layer19_out_34, i8 %layer19_out_35, i8 %layer19_out_36, i8 %layer19_out_37, i8 %layer19_out_38, i8 %layer19_out_39, i8 %layer19_out_40, i8 %layer19_out_41, i8 %layer19_out_42, i8 %layer19_out_43, i8 %layer19_out_44, i8 %layer19_out_45, i8 %layer19_out_46, i8 %layer19_out_47, i8 %layer19_out_48, i8 %layer19_out_49, i8 %layer19_out_50, i8 %layer19_out_51, i8 %layer19_out_52, i8 %layer19_out_53, i8 %layer19_out_54, i8 %layer19_out_55, i8 %layer19_out_56, i8 %layer19_out_57, i8 %layer19_out_58, i8 %layer19_out_59, i8 %layer19_out_60, i8 %layer19_out_61, i8 %layer19_out_62, i8 %layer19_out_63" [firmware/nnet_utils/nnet_dense.h:41->firmware/myproject.cpp:92]   --->   Operation 695 'call' 'call_ret12' <Predicate = true> <Delay = 3.83> <CoreType = "Generic">   --->   Core 0 '' <Latency = 0> <II = 1> <Delay = 1.00> <Generic> <Opcode : >

State 28 <SV = 27> <Delay = 3.83>
ST_28 : Operation 696 [4/7] (3.83ns)   --->   "%call_ret12 = call i416 @dense_latency<ap_ufixed<8, 0, 4, 0, 0>, ap_fixed<16, 6, 5, 3, 0>, config20>, i8 %layer19_out, i8 %layer19_out_1, i8 %layer19_out_2, i8 %layer19_out_3, i8 %layer19_out_4, i8 %layer19_out_5, i8 %layer19_out_6, i8 %layer19_out_7, i8 %layer19_out_8, i8 %layer19_out_9, i8 %layer19_out_10, i8 %layer19_out_11, i8 %layer19_out_12, i8 %layer19_out_13, i8 %layer19_out_14, i8 %layer19_out_15, i8 %layer19_out_16, i8 %layer19_out_17, i8 %layer19_out_18, i8 %layer19_out_19, i8 %layer19_out_20, i8 %layer19_out_21, i8 %layer19_out_22, i8 %layer19_out_23, i8 %layer19_out_24, i8 %layer19_out_25, i8 %layer19_out_26, i8 %layer19_out_27, i8 %layer19_out_28, i8 %layer19_out_29, i8 %layer19_out_30, i8 %layer19_out_31, i8 %layer19_out_32, i8 %layer19_out_33, i8 %layer19_out_34, i8 %layer19_out_35, i8 %layer19_out_36, i8 %layer19_out_37, i8 %layer19_out_38, i8 %layer19_out_39, i8 %layer19_out_40, i8 %layer19_out_41, i8 %layer19_out_42, i8 %layer19_out_43, i8 %layer19_out_44, i8 %layer19_out_45, i8 %layer19_out_46, i8 %layer19_out_47, i8 %layer19_out_48, i8 %layer19_out_49, i8 %layer19_out_50, i8 %layer19_out_51, i8 %layer19_out_52, i8 %layer19_out_53, i8 %layer19_out_54, i8 %layer19_out_55, i8 %layer19_out_56, i8 %layer19_out_57, i8 %layer19_out_58, i8 %layer19_out_59, i8 %layer19_out_60, i8 %layer19_out_61, i8 %layer19_out_62, i8 %layer19_out_63" [firmware/nnet_utils/nnet_dense.h:41->firmware/myproject.cpp:92]   --->   Operation 696 'call' 'call_ret12' <Predicate = true> <Delay = 3.83> <CoreType = "Generic">   --->   Core 0 '' <Latency = 0> <II = 1> <Delay = 1.00> <Generic> <Opcode : >

State 29 <SV = 28> <Delay = 3.83>
ST_29 : Operation 697 [3/7] (3.83ns)   --->   "%call_ret12 = call i416 @dense_latency<ap_ufixed<8, 0, 4, 0, 0>, ap_fixed<16, 6, 5, 3, 0>, config20>, i8 %layer19_out, i8 %layer19_out_1, i8 %layer19_out_2, i8 %layer19_out_3, i8 %layer19_out_4, i8 %layer19_out_5, i8 %layer19_out_6, i8 %layer19_out_7, i8 %layer19_out_8, i8 %layer19_out_9, i8 %layer19_out_10, i8 %layer19_out_11, i8 %layer19_out_12, i8 %layer19_out_13, i8 %layer19_out_14, i8 %layer19_out_15, i8 %layer19_out_16, i8 %layer19_out_17, i8 %layer19_out_18, i8 %layer19_out_19, i8 %layer19_out_20, i8 %layer19_out_21, i8 %layer19_out_22, i8 %layer19_out_23, i8 %layer19_out_24, i8 %layer19_out_25, i8 %layer19_out_26, i8 %layer19_out_27, i8 %layer19_out_28, i8 %layer19_out_29, i8 %layer19_out_30, i8 %layer19_out_31, i8 %layer19_out_32, i8 %layer19_out_33, i8 %layer19_out_34, i8 %layer19_out_35, i8 %layer19_out_36, i8 %layer19_out_37, i8 %layer19_out_38, i8 %layer19_out_39, i8 %layer19_out_40, i8 %layer19_out_41, i8 %layer19_out_42, i8 %layer19_out_43, i8 %layer19_out_44, i8 %layer19_out_45, i8 %layer19_out_46, i8 %layer19_out_47, i8 %layer19_out_48, i8 %layer19_out_49, i8 %layer19_out_50, i8 %layer19_out_51, i8 %layer19_out_52, i8 %layer19_out_53, i8 %layer19_out_54, i8 %layer19_out_55, i8 %layer19_out_56, i8 %layer19_out_57, i8 %layer19_out_58, i8 %layer19_out_59, i8 %layer19_out_60, i8 %layer19_out_61, i8 %layer19_out_62, i8 %layer19_out_63" [firmware/nnet_utils/nnet_dense.h:41->firmware/myproject.cpp:92]   --->   Operation 697 'call' 'call_ret12' <Predicate = true> <Delay = 3.83> <CoreType = "Generic">   --->   Core 0 '' <Latency = 0> <II = 1> <Delay = 1.00> <Generic> <Opcode : >

State 30 <SV = 29> <Delay = 3.83>
ST_30 : Operation 698 [2/7] (3.83ns)   --->   "%call_ret12 = call i416 @dense_latency<ap_ufixed<8, 0, 4, 0, 0>, ap_fixed<16, 6, 5, 3, 0>, config20>, i8 %layer19_out, i8 %layer19_out_1, i8 %layer19_out_2, i8 %layer19_out_3, i8 %layer19_out_4, i8 %layer19_out_5, i8 %layer19_out_6, i8 %layer19_out_7, i8 %layer19_out_8, i8 %layer19_out_9, i8 %layer19_out_10, i8 %layer19_out_11, i8 %layer19_out_12, i8 %layer19_out_13, i8 %layer19_out_14, i8 %layer19_out_15, i8 %layer19_out_16, i8 %layer19_out_17, i8 %layer19_out_18, i8 %layer19_out_19, i8 %layer19_out_20, i8 %layer19_out_21, i8 %layer19_out_22, i8 %layer19_out_23, i8 %layer19_out_24, i8 %layer19_out_25, i8 %layer19_out_26, i8 %layer19_out_27, i8 %layer19_out_28, i8 %layer19_out_29, i8 %layer19_out_30, i8 %layer19_out_31, i8 %layer19_out_32, i8 %layer19_out_33, i8 %layer19_out_34, i8 %layer19_out_35, i8 %layer19_out_36, i8 %layer19_out_37, i8 %layer19_out_38, i8 %layer19_out_39, i8 %layer19_out_40, i8 %layer19_out_41, i8 %layer19_out_42, i8 %layer19_out_43, i8 %layer19_out_44, i8 %layer19_out_45, i8 %layer19_out_46, i8 %layer19_out_47, i8 %layer19_out_48, i8 %layer19_out_49, i8 %layer19_out_50, i8 %layer19_out_51, i8 %layer19_out_52, i8 %layer19_out_53, i8 %layer19_out_54, i8 %layer19_out_55, i8 %layer19_out_56, i8 %layer19_out_57, i8 %layer19_out_58, i8 %layer19_out_59, i8 %layer19_out_60, i8 %layer19_out_61, i8 %layer19_out_62, i8 %layer19_out_63" [firmware/nnet_utils/nnet_dense.h:41->firmware/myproject.cpp:92]   --->   Operation 698 'call' 'call_ret12' <Predicate = true> <Delay = 3.83> <CoreType = "Generic">   --->   Core 0 '' <Latency = 0> <II = 1> <Delay = 1.00> <Generic> <Opcode : >

State 31 <SV = 30> <Delay = 1.67>
ST_31 : Operation 699 [1/7] (1.67ns)   --->   "%call_ret12 = call i416 @dense_latency<ap_ufixed<8, 0, 4, 0, 0>, ap_fixed<16, 6, 5, 3, 0>, config20>, i8 %layer19_out, i8 %layer19_out_1, i8 %layer19_out_2, i8 %layer19_out_3, i8 %layer19_out_4, i8 %layer19_out_5, i8 %layer19_out_6, i8 %layer19_out_7, i8 %layer19_out_8, i8 %layer19_out_9, i8 %layer19_out_10, i8 %layer19_out_11, i8 %layer19_out_12, i8 %layer19_out_13, i8 %layer19_out_14, i8 %layer19_out_15, i8 %layer19_out_16, i8 %layer19_out_17, i8 %layer19_out_18, i8 %layer19_out_19, i8 %layer19_out_20, i8 %layer19_out_21, i8 %layer19_out_22, i8 %layer19_out_23, i8 %layer19_out_24, i8 %layer19_out_25, i8 %layer19_out_26, i8 %layer19_out_27, i8 %layer19_out_28, i8 %layer19_out_29, i8 %layer19_out_30, i8 %layer19_out_31, i8 %layer19_out_32, i8 %layer19_out_33, i8 %layer19_out_34, i8 %layer19_out_35, i8 %layer19_out_36, i8 %layer19_out_37, i8 %layer19_out_38, i8 %layer19_out_39, i8 %layer19_out_40, i8 %layer19_out_41, i8 %layer19_out_42, i8 %layer19_out_43, i8 %layer19_out_44, i8 %layer19_out_45, i8 %layer19_out_46, i8 %layer19_out_47, i8 %layer19_out_48, i8 %layer19_out_49, i8 %layer19_out_50, i8 %layer19_out_51, i8 %layer19_out_52, i8 %layer19_out_53, i8 %layer19_out_54, i8 %layer19_out_55, i8 %layer19_out_56, i8 %layer19_out_57, i8 %layer19_out_58, i8 %layer19_out_59, i8 %layer19_out_60, i8 %layer19_out_61, i8 %layer19_out_62, i8 %layer19_out_63" [firmware/nnet_utils/nnet_dense.h:41->firmware/myproject.cpp:92]   --->   Operation 699 'call' 'call_ret12' <Predicate = true> <Delay = 1.67> <CoreType = "Generic">   --->   Core 0 '' <Latency = 0> <II = 1> <Delay = 1.00> <Generic> <Opcode : >
ST_31 : Operation 700 [1/1] (0.00ns)   --->   "%layer20_out = extractvalue i416 %call_ret12" [firmware/nnet_utils/nnet_dense.h:41->firmware/myproject.cpp:92]   --->   Operation 700 'extractvalue' 'layer20_out' <Predicate = true> <Delay = 0.00>
ST_31 : Operation 701 [1/1] (0.00ns)   --->   "%layer20_out_1 = extractvalue i416 %call_ret12" [firmware/nnet_utils/nnet_dense.h:41->firmware/myproject.cpp:92]   --->   Operation 701 'extractvalue' 'layer20_out_1' <Predicate = true> <Delay = 0.00>
ST_31 : Operation 702 [1/1] (0.00ns)   --->   "%layer20_out_2 = extractvalue i416 %call_ret12" [firmware/nnet_utils/nnet_dense.h:41->firmware/myproject.cpp:92]   --->   Operation 702 'extractvalue' 'layer20_out_2' <Predicate = true> <Delay = 0.00>
ST_31 : Operation 703 [1/1] (0.00ns)   --->   "%layer20_out_3 = extractvalue i416 %call_ret12" [firmware/nnet_utils/nnet_dense.h:41->firmware/myproject.cpp:92]   --->   Operation 703 'extractvalue' 'layer20_out_3' <Predicate = true> <Delay = 0.00>
ST_31 : Operation 704 [1/1] (0.00ns)   --->   "%layer20_out_4 = extractvalue i416 %call_ret12" [firmware/nnet_utils/nnet_dense.h:41->firmware/myproject.cpp:92]   --->   Operation 704 'extractvalue' 'layer20_out_4' <Predicate = true> <Delay = 0.00>
ST_31 : Operation 705 [1/1] (0.00ns)   --->   "%layer20_out_5 = extractvalue i416 %call_ret12" [firmware/nnet_utils/nnet_dense.h:41->firmware/myproject.cpp:92]   --->   Operation 705 'extractvalue' 'layer20_out_5' <Predicate = true> <Delay = 0.00>
ST_31 : Operation 706 [1/1] (0.00ns)   --->   "%layer20_out_6 = extractvalue i416 %call_ret12" [firmware/nnet_utils/nnet_dense.h:41->firmware/myproject.cpp:92]   --->   Operation 706 'extractvalue' 'layer20_out_6' <Predicate = true> <Delay = 0.00>
ST_31 : Operation 707 [1/1] (0.00ns)   --->   "%layer20_out_7 = extractvalue i416 %call_ret12" [firmware/nnet_utils/nnet_dense.h:41->firmware/myproject.cpp:92]   --->   Operation 707 'extractvalue' 'layer20_out_7' <Predicate = true> <Delay = 0.00>
ST_31 : Operation 708 [1/1] (0.00ns)   --->   "%layer20_out_8 = extractvalue i416 %call_ret12" [firmware/nnet_utils/nnet_dense.h:41->firmware/myproject.cpp:92]   --->   Operation 708 'extractvalue' 'layer20_out_8' <Predicate = true> <Delay = 0.00>
ST_31 : Operation 709 [1/1] (0.00ns)   --->   "%layer20_out_9 = extractvalue i416 %call_ret12" [firmware/nnet_utils/nnet_dense.h:41->firmware/myproject.cpp:92]   --->   Operation 709 'extractvalue' 'layer20_out_9' <Predicate = true> <Delay = 0.00>
ST_31 : Operation 710 [1/1] (0.00ns)   --->   "%layer20_out_25 = extractvalue i416 %call_ret12" [firmware/nnet_utils/nnet_dense.h:41->firmware/myproject.cpp:92]   --->   Operation 710 'extractvalue' 'layer20_out_25' <Predicate = true> <Delay = 0.00>
ST_31 : Operation 711 [1/1] (0.00ns)   --->   "%layer20_out_10 = extractvalue i416 %call_ret12" [firmware/nnet_utils/nnet_dense.h:41->firmware/myproject.cpp:92]   --->   Operation 711 'extractvalue' 'layer20_out_10' <Predicate = true> <Delay = 0.00>
ST_31 : Operation 712 [1/1] (0.00ns)   --->   "%layer20_out_11 = extractvalue i416 %call_ret12" [firmware/nnet_utils/nnet_dense.h:41->firmware/myproject.cpp:92]   --->   Operation 712 'extractvalue' 'layer20_out_11' <Predicate = true> <Delay = 0.00>
ST_31 : Operation 713 [1/1] (0.00ns)   --->   "%layer20_out_12 = extractvalue i416 %call_ret12" [firmware/nnet_utils/nnet_dense.h:41->firmware/myproject.cpp:92]   --->   Operation 713 'extractvalue' 'layer20_out_12' <Predicate = true> <Delay = 0.00>
ST_31 : Operation 714 [1/1] (0.00ns)   --->   "%layer20_out_13 = extractvalue i416 %call_ret12" [firmware/nnet_utils/nnet_dense.h:41->firmware/myproject.cpp:92]   --->   Operation 714 'extractvalue' 'layer20_out_13' <Predicate = true> <Delay = 0.00>
ST_31 : Operation 715 [1/1] (0.00ns)   --->   "%layer20_out_14 = extractvalue i416 %call_ret12" [firmware/nnet_utils/nnet_dense.h:41->firmware/myproject.cpp:92]   --->   Operation 715 'extractvalue' 'layer20_out_14' <Predicate = true> <Delay = 0.00>
ST_31 : Operation 716 [1/1] (0.00ns)   --->   "%layer20_out_15 = extractvalue i416 %call_ret12" [firmware/nnet_utils/nnet_dense.h:41->firmware/myproject.cpp:92]   --->   Operation 716 'extractvalue' 'layer20_out_15' <Predicate = true> <Delay = 0.00>
ST_31 : Operation 717 [1/1] (0.00ns)   --->   "%layer20_out_16 = extractvalue i416 %call_ret12" [firmware/nnet_utils/nnet_dense.h:41->firmware/myproject.cpp:92]   --->   Operation 717 'extractvalue' 'layer20_out_16' <Predicate = true> <Delay = 0.00>
ST_31 : Operation 718 [1/1] (0.00ns)   --->   "%layer20_out_17 = extractvalue i416 %call_ret12" [firmware/nnet_utils/nnet_dense.h:41->firmware/myproject.cpp:92]   --->   Operation 718 'extractvalue' 'layer20_out_17' <Predicate = true> <Delay = 0.00>
ST_31 : Operation 719 [1/1] (0.00ns)   --->   "%layer20_out_18 = extractvalue i416 %call_ret12" [firmware/nnet_utils/nnet_dense.h:41->firmware/myproject.cpp:92]   --->   Operation 719 'extractvalue' 'layer20_out_18' <Predicate = true> <Delay = 0.00>
ST_31 : Operation 720 [1/1] (0.00ns)   --->   "%layer20_out_19 = extractvalue i416 %call_ret12" [firmware/nnet_utils/nnet_dense.h:41->firmware/myproject.cpp:92]   --->   Operation 720 'extractvalue' 'layer20_out_19' <Predicate = true> <Delay = 0.00>
ST_31 : Operation 721 [1/1] (0.00ns)   --->   "%layer20_out_20 = extractvalue i416 %call_ret12" [firmware/nnet_utils/nnet_dense.h:41->firmware/myproject.cpp:92]   --->   Operation 721 'extractvalue' 'layer20_out_20' <Predicate = true> <Delay = 0.00>
ST_31 : Operation 722 [1/1] (0.00ns)   --->   "%layer20_out_21 = extractvalue i416 %call_ret12" [firmware/nnet_utils/nnet_dense.h:41->firmware/myproject.cpp:92]   --->   Operation 722 'extractvalue' 'layer20_out_21' <Predicate = true> <Delay = 0.00>
ST_31 : Operation 723 [1/1] (0.00ns)   --->   "%layer20_out_22 = extractvalue i416 %call_ret12" [firmware/nnet_utils/nnet_dense.h:41->firmware/myproject.cpp:92]   --->   Operation 723 'extractvalue' 'layer20_out_22' <Predicate = true> <Delay = 0.00>
ST_31 : Operation 724 [1/1] (0.00ns)   --->   "%layer20_out_23 = extractvalue i416 %call_ret12" [firmware/nnet_utils/nnet_dense.h:41->firmware/myproject.cpp:92]   --->   Operation 724 'extractvalue' 'layer20_out_23' <Predicate = true> <Delay = 0.00>
ST_31 : Operation 725 [1/1] (0.00ns)   --->   "%layer20_out_24 = extractvalue i416 %call_ret12" [firmware/nnet_utils/nnet_dense.h:41->firmware/myproject.cpp:92]   --->   Operation 725 'extractvalue' 'layer20_out_24' <Predicate = true> <Delay = 0.00>

State 32 <SV = 31> <Delay = 2.89>
ST_32 : Operation 726 [2/2] (2.89ns)   --->   "%call_ret = call i208 @relu<ap_fixed<16, 6, 5, 3, 0>, ap_ufixed<8, 0, 4, 0, 0>, relu_config22>, i16 %layer20_out, i16 %layer20_out_1, i16 %layer20_out_2, i16 %layer20_out_3, i16 %layer20_out_4, i16 %layer20_out_5, i16 %layer20_out_6, i16 %layer20_out_7, i16 %layer20_out_8, i16 %layer20_out_9, i16 %layer20_out_25, i16 %layer20_out_10, i16 %layer20_out_11, i16 %layer20_out_12, i16 %layer20_out_13, i16 %layer20_out_14, i16 %layer20_out_15, i16 %layer20_out_16, i16 %layer20_out_17, i16 %layer20_out_18, i16 %layer20_out_19, i16 %layer20_out_20, i16 %layer20_out_21, i16 %layer20_out_22, i16 %layer20_out_23, i16 %layer20_out_24" [firmware/myproject.cpp:96]   --->   Operation 726 'call' 'call_ret' <Predicate = true> <Delay = 2.89> <CoreType = "Generic">   --->   Core 0 '' <Latency = 0> <II = 1> <Delay = 1.00> <Generic> <Opcode : >

State 33 <SV = 32> <Delay = 2.49>
ST_33 : Operation 727 [1/2] (2.49ns)   --->   "%call_ret = call i208 @relu<ap_fixed<16, 6, 5, 3, 0>, ap_ufixed<8, 0, 4, 0, 0>, relu_config22>, i16 %layer20_out, i16 %layer20_out_1, i16 %layer20_out_2, i16 %layer20_out_3, i16 %layer20_out_4, i16 %layer20_out_5, i16 %layer20_out_6, i16 %layer20_out_7, i16 %layer20_out_8, i16 %layer20_out_9, i16 %layer20_out_25, i16 %layer20_out_10, i16 %layer20_out_11, i16 %layer20_out_12, i16 %layer20_out_13, i16 %layer20_out_14, i16 %layer20_out_15, i16 %layer20_out_16, i16 %layer20_out_17, i16 %layer20_out_18, i16 %layer20_out_19, i16 %layer20_out_20, i16 %layer20_out_21, i16 %layer20_out_22, i16 %layer20_out_23, i16 %layer20_out_24" [firmware/myproject.cpp:96]   --->   Operation 727 'call' 'call_ret' <Predicate = true> <Delay = 2.49> <CoreType = "Generic">   --->   Core 0 '' <Latency = 0> <II = 1> <Delay = 1.00> <Generic> <Opcode : >
ST_33 : Operation 728 [1/1] (0.00ns)   --->   "%layer22_out = extractvalue i208 %call_ret" [firmware/myproject.cpp:96]   --->   Operation 728 'extractvalue' 'layer22_out' <Predicate = true> <Delay = 0.00>
ST_33 : Operation 729 [1/1] (0.00ns)   --->   "%layer22_out_1 = extractvalue i208 %call_ret" [firmware/myproject.cpp:96]   --->   Operation 729 'extractvalue' 'layer22_out_1' <Predicate = true> <Delay = 0.00>
ST_33 : Operation 730 [1/1] (0.00ns)   --->   "%layer22_out_2 = extractvalue i208 %call_ret" [firmware/myproject.cpp:96]   --->   Operation 730 'extractvalue' 'layer22_out_2' <Predicate = true> <Delay = 0.00>
ST_33 : Operation 731 [1/1] (0.00ns)   --->   "%layer22_out_3 = extractvalue i208 %call_ret" [firmware/myproject.cpp:96]   --->   Operation 731 'extractvalue' 'layer22_out_3' <Predicate = true> <Delay = 0.00>
ST_33 : Operation 732 [1/1] (0.00ns)   --->   "%layer22_out_4 = extractvalue i208 %call_ret" [firmware/myproject.cpp:96]   --->   Operation 732 'extractvalue' 'layer22_out_4' <Predicate = true> <Delay = 0.00>
ST_33 : Operation 733 [1/1] (0.00ns)   --->   "%layer22_out_5 = extractvalue i208 %call_ret" [firmware/myproject.cpp:96]   --->   Operation 733 'extractvalue' 'layer22_out_5' <Predicate = true> <Delay = 0.00>
ST_33 : Operation 734 [1/1] (0.00ns)   --->   "%layer22_out_6 = extractvalue i208 %call_ret" [firmware/myproject.cpp:96]   --->   Operation 734 'extractvalue' 'layer22_out_6' <Predicate = true> <Delay = 0.00>
ST_33 : Operation 735 [1/1] (0.00ns)   --->   "%layer22_out_7 = extractvalue i208 %call_ret" [firmware/myproject.cpp:96]   --->   Operation 735 'extractvalue' 'layer22_out_7' <Predicate = true> <Delay = 0.00>
ST_33 : Operation 736 [1/1] (0.00ns)   --->   "%layer22_out_8 = extractvalue i208 %call_ret" [firmware/myproject.cpp:96]   --->   Operation 736 'extractvalue' 'layer22_out_8' <Predicate = true> <Delay = 0.00>
ST_33 : Operation 737 [1/1] (0.00ns)   --->   "%layer22_out_9 = extractvalue i208 %call_ret" [firmware/myproject.cpp:96]   --->   Operation 737 'extractvalue' 'layer22_out_9' <Predicate = true> <Delay = 0.00>
ST_33 : Operation 738 [1/1] (0.00ns)   --->   "%layer22_out_25 = extractvalue i208 %call_ret" [firmware/myproject.cpp:96]   --->   Operation 738 'extractvalue' 'layer22_out_25' <Predicate = true> <Delay = 0.00>
ST_33 : Operation 739 [1/1] (0.00ns)   --->   "%layer22_out_10 = extractvalue i208 %call_ret" [firmware/myproject.cpp:96]   --->   Operation 739 'extractvalue' 'layer22_out_10' <Predicate = true> <Delay = 0.00>
ST_33 : Operation 740 [1/1] (0.00ns)   --->   "%layer22_out_11 = extractvalue i208 %call_ret" [firmware/myproject.cpp:96]   --->   Operation 740 'extractvalue' 'layer22_out_11' <Predicate = true> <Delay = 0.00>
ST_33 : Operation 741 [1/1] (0.00ns)   --->   "%layer22_out_12 = extractvalue i208 %call_ret" [firmware/myproject.cpp:96]   --->   Operation 741 'extractvalue' 'layer22_out_12' <Predicate = true> <Delay = 0.00>
ST_33 : Operation 742 [1/1] (0.00ns)   --->   "%layer22_out_13 = extractvalue i208 %call_ret" [firmware/myproject.cpp:96]   --->   Operation 742 'extractvalue' 'layer22_out_13' <Predicate = true> <Delay = 0.00>
ST_33 : Operation 743 [1/1] (0.00ns)   --->   "%layer22_out_14 = extractvalue i208 %call_ret" [firmware/myproject.cpp:96]   --->   Operation 743 'extractvalue' 'layer22_out_14' <Predicate = true> <Delay = 0.00>
ST_33 : Operation 744 [1/1] (0.00ns)   --->   "%layer22_out_15 = extractvalue i208 %call_ret" [firmware/myproject.cpp:96]   --->   Operation 744 'extractvalue' 'layer22_out_15' <Predicate = true> <Delay = 0.00>
ST_33 : Operation 745 [1/1] (0.00ns)   --->   "%layer22_out_16 = extractvalue i208 %call_ret" [firmware/myproject.cpp:96]   --->   Operation 745 'extractvalue' 'layer22_out_16' <Predicate = true> <Delay = 0.00>
ST_33 : Operation 746 [1/1] (0.00ns)   --->   "%layer22_out_17 = extractvalue i208 %call_ret" [firmware/myproject.cpp:96]   --->   Operation 746 'extractvalue' 'layer22_out_17' <Predicate = true> <Delay = 0.00>
ST_33 : Operation 747 [1/1] (0.00ns)   --->   "%layer22_out_18 = extractvalue i208 %call_ret" [firmware/myproject.cpp:96]   --->   Operation 747 'extractvalue' 'layer22_out_18' <Predicate = true> <Delay = 0.00>
ST_33 : Operation 748 [1/1] (0.00ns)   --->   "%layer22_out_19 = extractvalue i208 %call_ret" [firmware/myproject.cpp:96]   --->   Operation 748 'extractvalue' 'layer22_out_19' <Predicate = true> <Delay = 0.00>
ST_33 : Operation 749 [1/1] (0.00ns)   --->   "%layer22_out_20 = extractvalue i208 %call_ret" [firmware/myproject.cpp:96]   --->   Operation 749 'extractvalue' 'layer22_out_20' <Predicate = true> <Delay = 0.00>
ST_33 : Operation 750 [1/1] (0.00ns)   --->   "%layer22_out_21 = extractvalue i208 %call_ret" [firmware/myproject.cpp:96]   --->   Operation 750 'extractvalue' 'layer22_out_21' <Predicate = true> <Delay = 0.00>
ST_33 : Operation 751 [1/1] (0.00ns)   --->   "%layer22_out_22 = extractvalue i208 %call_ret" [firmware/myproject.cpp:96]   --->   Operation 751 'extractvalue' 'layer22_out_22' <Predicate = true> <Delay = 0.00>
ST_33 : Operation 752 [1/1] (0.00ns)   --->   "%layer22_out_23 = extractvalue i208 %call_ret" [firmware/myproject.cpp:96]   --->   Operation 752 'extractvalue' 'layer22_out_23' <Predicate = true> <Delay = 0.00>
ST_33 : Operation 753 [1/1] (0.00ns)   --->   "%layer22_out_24 = extractvalue i208 %call_ret" [firmware/myproject.cpp:96]   --->   Operation 753 'extractvalue' 'layer22_out_24' <Predicate = true> <Delay = 0.00>

State 34 <SV = 33> <Delay = 3.83>
ST_34 : Operation 754 [6/6] (3.83ns)   --->   "%layer23_out = call i14 @dense_latency<ap_ufixed<8, 0, 4, 0, 0>, ap_fixed<16, 6, 5, 3, 0>, config23>, i8 %layer22_out, i8 %layer22_out_1, i8 %layer22_out_2, i8 %layer22_out_3, i8 %layer22_out_4, i8 %layer22_out_5, i8 %layer22_out_6, i8 %layer22_out_7, i8 %layer22_out_8, i8 %layer22_out_9, i8 %layer22_out_25, i8 %layer22_out_10, i8 %layer22_out_11, i8 %layer22_out_12, i8 %layer22_out_13, i8 %layer22_out_14, i8 %layer22_out_15, i8 %layer22_out_16, i8 %layer22_out_17, i8 %layer22_out_18, i8 %layer22_out_19, i8 %layer22_out_20, i8 %layer22_out_21, i8 %layer22_out_22, i8 %layer22_out_23, i8 %layer22_out_24" [firmware/nnet_utils/nnet_dense.h:41->firmware/myproject.cpp:100]   --->   Operation 754 'call' 'layer23_out' <Predicate = true> <Delay = 3.83> <CoreType = "Generic">   --->   Core 0 '' <Latency = 0> <II = 1> <Delay = 1.00> <Generic> <Opcode : >

State 35 <SV = 34> <Delay = 3.83>
ST_35 : Operation 755 [5/6] (3.83ns)   --->   "%layer23_out = call i14 @dense_latency<ap_ufixed<8, 0, 4, 0, 0>, ap_fixed<16, 6, 5, 3, 0>, config23>, i8 %layer22_out, i8 %layer22_out_1, i8 %layer22_out_2, i8 %layer22_out_3, i8 %layer22_out_4, i8 %layer22_out_5, i8 %layer22_out_6, i8 %layer22_out_7, i8 %layer22_out_8, i8 %layer22_out_9, i8 %layer22_out_25, i8 %layer22_out_10, i8 %layer22_out_11, i8 %layer22_out_12, i8 %layer22_out_13, i8 %layer22_out_14, i8 %layer22_out_15, i8 %layer22_out_16, i8 %layer22_out_17, i8 %layer22_out_18, i8 %layer22_out_19, i8 %layer22_out_20, i8 %layer22_out_21, i8 %layer22_out_22, i8 %layer22_out_23, i8 %layer22_out_24" [firmware/nnet_utils/nnet_dense.h:41->firmware/myproject.cpp:100]   --->   Operation 755 'call' 'layer23_out' <Predicate = true> <Delay = 3.83> <CoreType = "Generic">   --->   Core 0 '' <Latency = 0> <II = 1> <Delay = 1.00> <Generic> <Opcode : >

State 36 <SV = 35> <Delay = 3.83>
ST_36 : Operation 756 [4/6] (3.83ns)   --->   "%layer23_out = call i14 @dense_latency<ap_ufixed<8, 0, 4, 0, 0>, ap_fixed<16, 6, 5, 3, 0>, config23>, i8 %layer22_out, i8 %layer22_out_1, i8 %layer22_out_2, i8 %layer22_out_3, i8 %layer22_out_4, i8 %layer22_out_5, i8 %layer22_out_6, i8 %layer22_out_7, i8 %layer22_out_8, i8 %layer22_out_9, i8 %layer22_out_25, i8 %layer22_out_10, i8 %layer22_out_11, i8 %layer22_out_12, i8 %layer22_out_13, i8 %layer22_out_14, i8 %layer22_out_15, i8 %layer22_out_16, i8 %layer22_out_17, i8 %layer22_out_18, i8 %layer22_out_19, i8 %layer22_out_20, i8 %layer22_out_21, i8 %layer22_out_22, i8 %layer22_out_23, i8 %layer22_out_24" [firmware/nnet_utils/nnet_dense.h:41->firmware/myproject.cpp:100]   --->   Operation 756 'call' 'layer23_out' <Predicate = true> <Delay = 3.83> <CoreType = "Generic">   --->   Core 0 '' <Latency = 0> <II = 1> <Delay = 1.00> <Generic> <Opcode : >

State 37 <SV = 36> <Delay = 3.83>
ST_37 : Operation 757 [3/6] (3.83ns)   --->   "%layer23_out = call i14 @dense_latency<ap_ufixed<8, 0, 4, 0, 0>, ap_fixed<16, 6, 5, 3, 0>, config23>, i8 %layer22_out, i8 %layer22_out_1, i8 %layer22_out_2, i8 %layer22_out_3, i8 %layer22_out_4, i8 %layer22_out_5, i8 %layer22_out_6, i8 %layer22_out_7, i8 %layer22_out_8, i8 %layer22_out_9, i8 %layer22_out_25, i8 %layer22_out_10, i8 %layer22_out_11, i8 %layer22_out_12, i8 %layer22_out_13, i8 %layer22_out_14, i8 %layer22_out_15, i8 %layer22_out_16, i8 %layer22_out_17, i8 %layer22_out_18, i8 %layer22_out_19, i8 %layer22_out_20, i8 %layer22_out_21, i8 %layer22_out_22, i8 %layer22_out_23, i8 %layer22_out_24" [firmware/nnet_utils/nnet_dense.h:41->firmware/myproject.cpp:100]   --->   Operation 757 'call' 'layer23_out' <Predicate = true> <Delay = 3.83> <CoreType = "Generic">   --->   Core 0 '' <Latency = 0> <II = 1> <Delay = 1.00> <Generic> <Opcode : >

State 38 <SV = 37> <Delay = 3.83>
ST_38 : Operation 758 [2/6] (3.83ns)   --->   "%layer23_out = call i14 @dense_latency<ap_ufixed<8, 0, 4, 0, 0>, ap_fixed<16, 6, 5, 3, 0>, config23>, i8 %layer22_out, i8 %layer22_out_1, i8 %layer22_out_2, i8 %layer22_out_3, i8 %layer22_out_4, i8 %layer22_out_5, i8 %layer22_out_6, i8 %layer22_out_7, i8 %layer22_out_8, i8 %layer22_out_9, i8 %layer22_out_25, i8 %layer22_out_10, i8 %layer22_out_11, i8 %layer22_out_12, i8 %layer22_out_13, i8 %layer22_out_14, i8 %layer22_out_15, i8 %layer22_out_16, i8 %layer22_out_17, i8 %layer22_out_18, i8 %layer22_out_19, i8 %layer22_out_20, i8 %layer22_out_21, i8 %layer22_out_22, i8 %layer22_out_23, i8 %layer22_out_24" [firmware/nnet_utils/nnet_dense.h:41->firmware/myproject.cpp:100]   --->   Operation 758 'call' 'layer23_out' <Predicate = true> <Delay = 3.83> <CoreType = "Generic">   --->   Core 0 '' <Latency = 0> <II = 1> <Delay = 1.00> <Generic> <Opcode : >

State 39 <SV = 38> <Delay = 3.62>
ST_39 : Operation 759 [1/6] (1.67ns)   --->   "%layer23_out = call i14 @dense_latency<ap_ufixed<8, 0, 4, 0, 0>, ap_fixed<16, 6, 5, 3, 0>, config23>, i8 %layer22_out, i8 %layer22_out_1, i8 %layer22_out_2, i8 %layer22_out_3, i8 %layer22_out_4, i8 %layer22_out_5, i8 %layer22_out_6, i8 %layer22_out_7, i8 %layer22_out_8, i8 %layer22_out_9, i8 %layer22_out_25, i8 %layer22_out_10, i8 %layer22_out_11, i8 %layer22_out_12, i8 %layer22_out_13, i8 %layer22_out_14, i8 %layer22_out_15, i8 %layer22_out_16, i8 %layer22_out_17, i8 %layer22_out_18, i8 %layer22_out_19, i8 %layer22_out_20, i8 %layer22_out_21, i8 %layer22_out_22, i8 %layer22_out_23, i8 %layer22_out_24" [firmware/nnet_utils/nnet_dense.h:41->firmware/myproject.cpp:100]   --->   Operation 759 'call' 'layer23_out' <Predicate = true> <Delay = 1.67> <CoreType = "Generic">   --->   Core 0 '' <Latency = 0> <II = 1> <Delay = 1.00> <Generic> <Opcode : >
ST_39 : Operation 760 [1/1] (0.00ns)   --->   "%shl_ln = bitconcatenate i15 @_ssdm_op_BitConcatenate.i15.i14.i1, i14 %layer23_out, i1 0" [firmware/nnet_utils/nnet_activation.h:468->firmware/myproject.cpp:102]   --->   Operation 760 'bitconcatenate' 'shl_ln' <Predicate = true> <Delay = 0.00>
ST_39 : Operation 761 [1/1] (0.00ns)   --->   "%sext_ln468 = sext i15 %shl_ln" [firmware/nnet_utils/nnet_activation.h:468->firmware/myproject.cpp:102]   --->   Operation 761 'sext' 'sext_ln468' <Predicate = true> <Delay = 0.00>
ST_39 : Operation 762 [1/1] (1.94ns)   --->   "%sigmoid = add i16 %sext_ln468, i16 2048" [firmware/nnet_utils/nnet_activation.h:468->firmware/myproject.cpp:102]   --->   Operation 762 'add' 'sigmoid' <Predicate = true> <Delay = 1.94> <CoreInst = "Adder">   --->   Core 1 'Adder' <Latency = 0> <II = 1> <Delay = 1.94> <FuncUnit> <Opcode : 'add' 'sub'> <InPorts = 2> <OutPorts = 1>

State 40 <SV = 39> <Delay = 3.88>
ST_40 : Operation 763 [1/1] (0.00ns) (grouped into LUT with out node add_ln473)   --->   "%sext_ln468_1 = sext i16 %sigmoid" [firmware/nnet_utils/nnet_activation.h:468->firmware/myproject.cpp:102]   --->   Operation 763 'sext' 'sext_ln468_1' <Predicate = true> <Delay = 0.00>
ST_40 : Operation 764 [1/1] (2.07ns)   --->   "%icmp_ln469 = icmp_sgt  i16 %sigmoid, i16 4096" [firmware/nnet_utils/nnet_activation.h:469->firmware/myproject.cpp:102]   --->   Operation 764 'icmp' 'icmp_ln469' <Predicate = true> <Delay = 2.07> <CoreInst = "Cmp">   --->   Core 9 'Cmp' <Latency = 0> <II = 1> <Delay = 2.07> <FuncUnit> <Opcode : 'seteq' 'setne' 'setle' 'setge' 'setlt' 'setgt'> <InPorts = 2> <OutPorts = 1>
ST_40 : Operation 765 [1/1] (0.00ns) (grouped into LUT with out node add_ln473)   --->   "%tmp = bitselect i1 @_ssdm_op_BitSelect.i1.i17.i32, i17 %sext_ln468_1, i32 16" [firmware/nnet_utils/nnet_activation.h:471->firmware/myproject.cpp:102]   --->   Operation 765 'bitselect' 'tmp' <Predicate = true> <Delay = 0.00>
ST_40 : Operation 766 [1/1] (0.00ns) (grouped into LUT with out node add_ln473)   --->   "%or_ln469 = or i1 %icmp_ln469, i1 %tmp" [firmware/nnet_utils/nnet_activation.h:469->firmware/myproject.cpp:102]   --->   Operation 766 'or' 'or_ln469' <Predicate = true> <Delay = 0.00> <CoreInst = "LogicGate">   --->   Core 74 'LogicGate' <Latency = 0> <II = 1> <Delay = 0.97> <FuncUnit> <Opcode : 'and' 'or' 'xor'> <InPorts = 2> <OutPorts = 1>
ST_40 : Operation 767 [1/1] (0.00ns) (grouped into LUT with out node add_ln473)   --->   "%select_ln469 = select i1 %icmp_ln469, i13 4096, i13 0" [firmware/nnet_utils/nnet_activation.h:469->firmware/myproject.cpp:102]   --->   Operation 767 'select' 'select_ln469' <Predicate = true> <Delay = 0.00> <CoreInst = "Sel">   --->   Core 73 'Sel' <Latency = 0> <II = 1> <Delay = 0.69> <FuncUnit> <Opcode : 'select'> <InPorts = 3> <OutPorts = 1>
ST_40 : Operation 768 [1/1] (0.00ns) (grouped into LUT with out node add_ln473)   --->   "%trunc_ln473 = trunc i16 %sigmoid" [firmware/nnet_utils/nnet_activation.h:473->firmware/myproject.cpp:102]   --->   Operation 768 'trunc' 'trunc_ln473' <Predicate = true> <Delay = 0.00>
ST_40 : Operation 769 [1/1] (0.00ns) (grouped into LUT with out node add_ln473)   --->   "%select_ln469_1 = select i1 %or_ln469, i13 %select_ln469, i13 %trunc_ln473" [firmware/nnet_utils/nnet_activation.h:469->firmware/myproject.cpp:102]   --->   Operation 769 'select' 'select_ln469_1' <Predicate = true> <Delay = 0.00> <CoreInst = "Sel">   --->   Core 73 'Sel' <Latency = 0> <II = 1> <Delay = 0.69> <FuncUnit> <Opcode : 'select'> <InPorts = 3> <OutPorts = 1>
ST_40 : Operation 770 [1/1] (0.00ns) (grouped into LUT with out node add_ln473)   --->   "%shl_ln1 = bitconcatenate i14 @_ssdm_op_BitConcatenate.i14.i13.i1, i13 %select_ln469_1, i1 0" [firmware/nnet_utils/nnet_activation.h:473->firmware/myproject.cpp:102]   --->   Operation 770 'bitconcatenate' 'shl_ln1' <Predicate = true> <Delay = 0.00>
ST_40 : Operation 771 [1/1] (1.81ns) (out node of the LUT)   --->   "%add_ln473 = add i14 %shl_ln1, i14 12288" [firmware/nnet_utils/nnet_activation.h:473->firmware/myproject.cpp:102]   --->   Operation 771 'add' 'add_ln473' <Predicate = true> <Delay = 1.81> <CoreInst = "Adder">   --->   Core 1 'Adder' <Latency = 0> <II = 1> <Delay = 1.81> <FuncUnit> <Opcode : 'add' 'sub'> <InPorts = 2> <OutPorts = 1>
ST_40 : Operation 772 [1/1] (0.00ns)   --->   "%tmp_1679 = bitselect i1 @_ssdm_op_BitSelect.i1.i14.i32, i14 %add_ln473, i32 13" [firmware/nnet_utils/nnet_activation.h:473->firmware/myproject.cpp:102]   --->   Operation 772 'bitselect' 'tmp_1679' <Predicate = true> <Delay = 0.00>
ST_40 : Operation 773 [1/1] (0.00ns)   --->   "%trunc_ln473_1 = trunc i14 %add_ln473" [firmware/nnet_utils/nnet_activation.h:473->firmware/myproject.cpp:102]   --->   Operation 773 'trunc' 'trunc_ln473_1' <Predicate = true> <Delay = 0.00>
ST_40 : Operation 774 [1/1] (0.00ns)   --->   "%tmp_1681 = bitselect i1 @_ssdm_op_BitSelect.i1.i14.i32, i14 %add_ln473, i32 12" [firmware/nnet_utils/nnet_activation.h:473->firmware/myproject.cpp:102]   --->   Operation 774 'bitselect' 'tmp_1681' <Predicate = true> <Delay = 0.00>

State 41 <SV = 40> <Delay = 3.65>
ST_41 : Operation 775 [1/1] (0.00ns) (grouped into LUT with out node add_ln473_1)   --->   "%trunc_ln = partselect i8 @_ssdm_op_PartSelect.i8.i14.i32.i32, i14 %add_ln473, i32 5, i32 12" [firmware/nnet_utils/nnet_activation.h:473->firmware/myproject.cpp:102]   --->   Operation 775 'partselect' 'trunc_ln' <Predicate = true> <Delay = 0.00>
ST_41 : Operation 776 [1/1] (0.00ns) (grouped into LUT with out node add_ln473_1)   --->   "%tmp_1680 = bitselect i1 @_ssdm_op_BitSelect.i1.i14.i32, i14 %add_ln473, i32 4" [firmware/nnet_utils/nnet_activation.h:473->firmware/myproject.cpp:102]   --->   Operation 776 'bitselect' 'tmp_1680' <Predicate = true> <Delay = 0.00>
ST_41 : Operation 777 [1/1] (1.73ns)   --->   "%icmp_ln473 = icmp_ne  i4 %trunc_ln473_1, i4 0" [firmware/nnet_utils/nnet_activation.h:473->firmware/myproject.cpp:102]   --->   Operation 777 'icmp' 'icmp_ln473' <Predicate = true> <Delay = 1.73> <CoreInst = "Cmp">   --->   Core 9 'Cmp' <Latency = 0> <II = 1> <Delay = 1.73> <FuncUnit> <Opcode : 'seteq' 'setne' 'setle' 'setge' 'setlt' 'setgt'> <InPorts = 2> <OutPorts = 1>
ST_41 : Operation 778 [1/1] (0.00ns) (grouped into LUT with out node add_ln473_1)   --->   "%tmp_1682 = bitselect i1 @_ssdm_op_BitSelect.i1.i14.i32, i14 %add_ln473, i32 5" [firmware/nnet_utils/nnet_activation.h:473->firmware/myproject.cpp:102]   --->   Operation 778 'bitselect' 'tmp_1682' <Predicate = true> <Delay = 0.00>
ST_41 : Operation 779 [1/1] (0.00ns) (grouped into LUT with out node add_ln473_1)   --->   "%or_ln473 = or i1 %tmp_1682, i1 %icmp_ln473" [firmware/nnet_utils/nnet_activation.h:473->firmware/myproject.cpp:102]   --->   Operation 779 'or' 'or_ln473' <Predicate = true> <Delay = 0.00> <CoreInst = "LogicGate">   --->   Core 74 'LogicGate' <Latency = 0> <II = 1> <Delay = 0.97> <FuncUnit> <Opcode : 'and' 'or' 'xor'> <InPorts = 2> <OutPorts = 1>
ST_41 : Operation 780 [1/1] (0.00ns) (grouped into LUT with out node add_ln473_1)   --->   "%and_ln473 = and i1 %or_ln473, i1 %tmp_1680" [firmware/nnet_utils/nnet_activation.h:473->firmware/myproject.cpp:102]   --->   Operation 780 'and' 'and_ln473' <Predicate = true> <Delay = 0.00> <CoreInst = "LogicGate">   --->   Core 74 'LogicGate' <Latency = 0> <II = 1> <Delay = 0.97> <FuncUnit> <Opcode : 'and' 'or' 'xor'> <InPorts = 2> <OutPorts = 1>
ST_41 : Operation 781 [1/1] (0.00ns) (grouped into LUT with out node add_ln473_1)   --->   "%zext_ln473 = zext i1 %and_ln473" [firmware/nnet_utils/nnet_activation.h:473->firmware/myproject.cpp:102]   --->   Operation 781 'zext' 'zext_ln473' <Predicate = true> <Delay = 0.00>
ST_41 : Operation 782 [1/1] (1.91ns) (out node of the LUT)   --->   "%add_ln473_1 = add i8 %trunc_ln, i8 %zext_ln473" [firmware/nnet_utils/nnet_activation.h:473->firmware/myproject.cpp:102]   --->   Operation 782 'add' 'add_ln473_1' <Predicate = true> <Delay = 1.91> <CoreInst = "Adder">   --->   Core 1 'Adder' <Latency = 0> <II = 1> <Delay = 1.91> <FuncUnit> <Opcode : 'add' 'sub'> <InPorts = 2> <OutPorts = 1>
ST_41 : Operation 783 [1/1] (0.00ns)   --->   "%tmp_1683 = bitselect i1 @_ssdm_op_BitSelect.i1.i8.i32, i8 %add_ln473_1, i32 7" [firmware/nnet_utils/nnet_activation.h:473->firmware/myproject.cpp:102]   --->   Operation 783 'bitselect' 'tmp_1683' <Predicate = true> <Delay = 0.00>

State 42 <SV = 41> <Delay = 2.22>
ST_42 : Operation 784 [1/1] (0.00ns)   --->   "%specpipeline_ln0 = specpipeline void @_ssdm_op_SpecPipeline, i32 4294967295, i32 0, i32 0, i32 0, void @empty_0"   --->   Operation 784 'specpipeline' 'specpipeline_ln0' <Predicate = true> <Delay = 0.00>
ST_42 : Operation 785 [1/1] (0.00ns)   --->   "%spectopmodule_ln0 = spectopmodule void @_ssdm_op_SpecTopModule, void @empty_2"   --->   Operation 785 'spectopmodule' 'spectopmodule_ln0' <Predicate = true> <Delay = 0.00>
ST_42 : Operation 786 [1/1] (0.00ns)   --->   "%specbitsmap_ln0 = specbitsmap void @_ssdm_op_SpecBitsMap, i336 %x_profile"   --->   Operation 786 'specbitsmap' 'specbitsmap_ln0' <Predicate = true> <Delay = 0.00>
ST_42 : Operation 787 [1/1] (0.00ns)   --->   "%specinterface_ln0 = specinterface void @_ssdm_op_SpecInterface, i336 %x_profile, void @empty, i32 4294967295, i32 4294967295, void @empty_0, i32 0, i32 0, void @empty_0, void @empty_0, void @empty_0, i32 0, i32 0, i32 0, i32 0, void @empty_0, void @empty_0, i32 4294967295, i32 0, i32 0"   --->   Operation 787 'specinterface' 'specinterface_ln0' <Predicate = true> <Delay = 0.00>
ST_42 : Operation 788 [1/1] (0.00ns)   --->   "%specbitsmap_ln0 = specbitsmap void @_ssdm_op_SpecBitsMap, i16 %z_global"   --->   Operation 788 'specbitsmap' 'specbitsmap_ln0' <Predicate = true> <Delay = 0.00>
ST_42 : Operation 789 [1/1] (0.00ns)   --->   "%specinterface_ln0 = specinterface void @_ssdm_op_SpecInterface, i16 %z_global, void @empty, i32 4294967295, i32 4294967295, void @empty_0, i32 0, i32 0, void @empty_0, void @empty_0, void @empty_0, i32 0, i32 0, i32 0, i32 0, void @empty_0, void @empty_0, i32 4294967295, i32 0, i32 0"   --->   Operation 789 'specinterface' 'specinterface_ln0' <Predicate = true> <Delay = 0.00>
ST_42 : Operation 790 [1/1] (0.00ns)   --->   "%specbitsmap_ln0 = specbitsmap void @_ssdm_op_SpecBitsMap, i208 %y_profile"   --->   Operation 790 'specbitsmap' 'specbitsmap_ln0' <Predicate = true> <Delay = 0.00>
ST_42 : Operation 791 [1/1] (0.00ns)   --->   "%specinterface_ln0 = specinterface void @_ssdm_op_SpecInterface, i208 %y_profile, void @empty, i32 4294967295, i32 4294967295, void @empty_0, i32 0, i32 0, void @empty_0, void @empty_0, void @empty_0, i32 0, i32 0, i32 0, i32 0, void @empty_0, void @empty_0, i32 4294967295, i32 0, i32 0"   --->   Operation 791 'specinterface' 'specinterface_ln0' <Predicate = true> <Delay = 0.00>
ST_42 : Operation 792 [1/1] (0.00ns)   --->   "%specbitsmap_ln0 = specbitsmap void @_ssdm_op_SpecBitsMap, i16 %y_local"   --->   Operation 792 'specbitsmap' 'specbitsmap_ln0' <Predicate = true> <Delay = 0.00>
ST_42 : Operation 793 [1/1] (0.00ns)   --->   "%specinterface_ln0 = specinterface void @_ssdm_op_SpecInterface, i16 %y_local, void @empty, i32 4294967295, i32 4294967295, void @empty_0, i32 0, i32 0, void @empty_0, void @empty_0, void @empty_0, i32 0, i32 0, i32 0, i32 0, void @empty_0, void @empty_0, i32 4294967295, i32 0, i32 0"   --->   Operation 793 'specinterface' 'specinterface_ln0' <Predicate = true> <Delay = 0.00>
ST_42 : Operation 794 [1/1] (0.00ns)   --->   "%specbitsmap_ln0 = specbitsmap void @_ssdm_op_SpecBitsMap, i8 %layer25_out"   --->   Operation 794 'specbitsmap' 'specbitsmap_ln0' <Predicate = true> <Delay = 0.00>
ST_42 : Operation 795 [1/1] (0.00ns)   --->   "%specinterface_ln0 = specinterface void @_ssdm_op_SpecInterface, i8 %layer25_out, void @empty, i32 4294967295, i32 4294967295, void @empty_0, i32 0, i32 0, void @empty_0, void @empty_0, void @empty_0, i32 0, i32 0, i32 0, i32 0, void @empty_0, void @empty_0, i32 4294967295, i32 0, i32 0"   --->   Operation 795 'specinterface' 'specinterface_ln0' <Predicate = true> <Delay = 0.00>
ST_42 : Operation 796 [1/1] (0.00ns) (grouped into LUT with out node and_ln473_1)   --->   "%xor_ln473 = xor i1 %tmp_1681, i1 1" [firmware/nnet_utils/nnet_activation.h:473->firmware/myproject.cpp:102]   --->   Operation 796 'xor' 'xor_ln473' <Predicate = true> <Delay = 0.00> <CoreInst = "LogicGate">   --->   Core 74 'LogicGate' <Latency = 0> <II = 1> <Delay = 0.97> <FuncUnit> <Opcode : 'and' 'or' 'xor'> <InPorts = 2> <OutPorts = 1>
ST_42 : Operation 797 [1/1] (0.00ns) (grouped into LUT with out node and_ln473_1)   --->   "%or_ln473_3 = or i1 %tmp_1683, i1 %xor_ln473" [firmware/nnet_utils/nnet_activation.h:473->firmware/myproject.cpp:102]   --->   Operation 797 'or' 'or_ln473_3' <Predicate = true> <Delay = 0.00> <CoreInst = "LogicGate">   --->   Core 74 'LogicGate' <Latency = 0> <II = 1> <Delay = 0.97> <FuncUnit> <Opcode : 'and' 'or' 'xor'> <InPorts = 2> <OutPorts = 1>
ST_42 : Operation 798 [1/1] (0.00ns) (grouped into LUT with out node and_ln473_1)   --->   "%xor_ln473_2 = xor i1 %tmp_1679, i1 %or_ln473_3" [firmware/nnet_utils/nnet_activation.h:473->firmware/myproject.cpp:102]   --->   Operation 798 'xor' 'xor_ln473_2' <Predicate = true> <Delay = 0.00> <CoreInst = "LogicGate">   --->   Core 74 'LogicGate' <Latency = 0> <II = 1> <Delay = 0.97> <FuncUnit> <Opcode : 'and' 'or' 'xor'> <InPorts = 2> <OutPorts = 1>
ST_42 : Operation 799 [1/1] (0.00ns) (grouped into LUT with out node and_ln473_1)   --->   "%xor_ln473_1 = xor i1 %tmp_1679, i1 1" [firmware/nnet_utils/nnet_activation.h:473->firmware/myproject.cpp:102]   --->   Operation 799 'xor' 'xor_ln473_1' <Predicate = true> <Delay = 0.00> <CoreInst = "LogicGate">   --->   Core 74 'LogicGate' <Latency = 0> <II = 1> <Delay = 0.97> <FuncUnit> <Opcode : 'and' 'or' 'xor'> <InPorts = 2> <OutPorts = 1>
ST_42 : Operation 800 [1/1] (0.00ns) (grouped into LUT with out node and_ln473_1)   --->   "%xor_ln473_3 = xor i1 %xor_ln473_2, i1 1" [firmware/nnet_utils/nnet_activation.h:473->firmware/myproject.cpp:102]   --->   Operation 800 'xor' 'xor_ln473_3' <Predicate = true> <Delay = 0.00> <CoreInst = "LogicGate">   --->   Core 74 'LogicGate' <Latency = 0> <II = 1> <Delay = 0.97> <FuncUnit> <Opcode : 'and' 'or' 'xor'> <InPorts = 2> <OutPorts = 1>
ST_42 : Operation 801 [1/1] (0.00ns) (grouped into LUT with out node and_ln473_1)   --->   "%or_ln473_1 = or i1 %tmp_1683, i1 %xor_ln473_3" [firmware/nnet_utils/nnet_activation.h:473->firmware/myproject.cpp:102]   --->   Operation 801 'or' 'or_ln473_1' <Predicate = true> <Delay = 0.00> <CoreInst = "LogicGate">   --->   Core 74 'LogicGate' <Latency = 0> <II = 1> <Delay = 0.97> <FuncUnit> <Opcode : 'and' 'or' 'xor'> <InPorts = 2> <OutPorts = 1>
ST_42 : Operation 802 [1/1] (0.97ns) (out node of the LUT)   --->   "%and_ln473_1 = and i1 %or_ln473_1, i1 %xor_ln473_1" [firmware/nnet_utils/nnet_activation.h:473->firmware/myproject.cpp:102]   --->   Operation 802 'and' 'and_ln473_1' <Predicate = true> <Delay = 0.97> <CoreInst = "LogicGate">   --->   Core 74 'LogicGate' <Latency = 0> <II = 1> <Delay = 0.97> <FuncUnit> <Opcode : 'and' 'or' 'xor'> <InPorts = 2> <OutPorts = 1>
ST_42 : Operation 803 [1/1] (0.00ns) (grouped into LUT with out node select_ln473_1)   --->   "%or_ln473_4 = or i1 %tmp_1681, i1 %tmp_1683" [firmware/nnet_utils/nnet_activation.h:473->firmware/myproject.cpp:102]   --->   Operation 803 'or' 'or_ln473_4' <Predicate = true> <Delay = 0.00> <CoreInst = "LogicGate">   --->   Core 74 'LogicGate' <Latency = 0> <II = 1> <Delay = 0.97> <FuncUnit> <Opcode : 'and' 'or' 'xor'> <InPorts = 2> <OutPorts = 1>
ST_42 : Operation 804 [1/1] (0.00ns) (grouped into LUT with out node select_ln473_1)   --->   "%xor_ln473_4 = xor i1 %or_ln473_4, i1 1" [firmware/nnet_utils/nnet_activation.h:473->firmware/myproject.cpp:102]   --->   Operation 804 'xor' 'xor_ln473_4' <Predicate = true> <Delay = 0.00> <CoreInst = "LogicGate">   --->   Core 74 'LogicGate' <Latency = 0> <II = 1> <Delay = 0.97> <FuncUnit> <Opcode : 'and' 'or' 'xor'> <InPorts = 2> <OutPorts = 1>
ST_42 : Operation 805 [1/1] (0.00ns) (grouped into LUT with out node select_ln473_1)   --->   "%and_ln473_2 = and i1 %tmp_1679, i1 %xor_ln473_4" [firmware/nnet_utils/nnet_activation.h:473->firmware/myproject.cpp:102]   --->   Operation 805 'and' 'and_ln473_2' <Predicate = true> <Delay = 0.00> <CoreInst = "LogicGate">   --->   Core 74 'LogicGate' <Latency = 0> <II = 1> <Delay = 0.97> <FuncUnit> <Opcode : 'and' 'or' 'xor'> <InPorts = 2> <OutPorts = 1>
ST_42 : Operation 806 [1/1] (0.00ns) (grouped into LUT with out node select_ln473_1)   --->   "%select_ln473 = select i1 %and_ln473_1, i8 127, i8 128" [firmware/nnet_utils/nnet_activation.h:473->firmware/myproject.cpp:102]   --->   Operation 806 'select' 'select_ln473' <Predicate = true> <Delay = 0.00> <CoreInst = "Sel">   --->   Core 73 'Sel' <Latency = 0> <II = 1> <Delay = 1.24> <FuncUnit> <Opcode : 'select'> <InPorts = 3> <OutPorts = 1>
ST_42 : Operation 807 [1/1] (0.00ns) (grouped into LUT with out node select_ln473_1)   --->   "%or_ln473_2 = or i1 %and_ln473_1, i1 %and_ln473_2" [firmware/nnet_utils/nnet_activation.h:473->firmware/myproject.cpp:102]   --->   Operation 807 'or' 'or_ln473_2' <Predicate = true> <Delay = 0.00> <CoreInst = "LogicGate">   --->   Core 74 'LogicGate' <Latency = 0> <II = 1> <Delay = 0.97> <FuncUnit> <Opcode : 'and' 'or' 'xor'> <InPorts = 2> <OutPorts = 1>
ST_42 : Operation 808 [1/1] (1.24ns) (out node of the LUT)   --->   "%select_ln473_1 = select i1 %or_ln473_2, i8 %select_ln473, i8 %add_ln473_1" [firmware/nnet_utils/nnet_activation.h:473->firmware/myproject.cpp:102]   --->   Operation 808 'select' 'select_ln473_1' <Predicate = true> <Delay = 1.24> <CoreInst = "Sel">   --->   Core 73 'Sel' <Latency = 0> <II = 1> <Delay = 1.24> <FuncUnit> <Opcode : 'select'> <InPorts = 3> <OutPorts = 1>
ST_42 : Operation 809 [1/1] (0.00ns)   --->   "%write_ln473 = write void @_ssdm_op_Write.ap_vld.i8P0A, i8 %layer25_out, i8 %select_ln473_1" [firmware/nnet_utils/nnet_activation.h:473->firmware/myproject.cpp:102]   --->   Operation 809 'write' 'write_ln473' <Predicate = true> <Delay = 0.00>
ST_42 : Operation 810 [1/1] (0.00ns)   --->   "%ret_ln104 = ret" [firmware/myproject.cpp:104]   --->   Operation 810 'ret' 'ret_ln104' <Predicate = true> <Delay = 0.00>


============================================================
+ Verbose Summary: Timing violations
============================================================
Target clock period: 5.000ns, clock uncertainty: 0.625ns.

 <State 1>: 4.302ns
The critical path consists of the following:
	wire read operation ('x_profile_read') on port 'x_profile' [18]  (0.000 ns)
	'call' operation 352 bit ('call_ret1', firmware/myproject.cpp:48) to 'concatenate1d<ap_fixed,ap_fixed,ap_fixed<16,6,5,3,0>,config5>' [20]  (0.000 ns)
	'call' operation 512 bit ('call_ret3', firmware/nnet_utils/nnet_dense.h:41->firmware/myproject.cpp:56) to 'dense_latency<ap_fixed<16, 6, 5, 3, 0>, ap_fixed<16, 6, 5, 3, 0>, config7>' [60]  (4.302 ns)

 <State 2>: 4.302ns
The critical path consists of the following:
	'call' operation 512 bit ('call_ret3', firmware/nnet_utils/nnet_dense.h:41->firmware/myproject.cpp:56) to 'dense_latency<ap_fixed<16, 6, 5, 3, 0>, ap_fixed<16, 6, 5, 3, 0>, config7>' [60]  (4.302 ns)

 <State 3>: 4.302ns
The critical path consists of the following:
	'call' operation 512 bit ('call_ret3', firmware/nnet_utils/nnet_dense.h:41->firmware/myproject.cpp:56) to 'dense_latency<ap_fixed<16, 6, 5, 3, 0>, ap_fixed<16, 6, 5, 3, 0>, config7>' [60]  (4.302 ns)

 <State 4>: 4.302ns
The critical path consists of the following:
	'call' operation 512 bit ('call_ret3', firmware/nnet_utils/nnet_dense.h:41->firmware/myproject.cpp:56) to 'dense_latency<ap_fixed<16, 6, 5, 3, 0>, ap_fixed<16, 6, 5, 3, 0>, config7>' [60]  (4.302 ns)

 <State 5>: 3.903ns
The critical path consists of the following:
	'call' operation 512 bit ('call_ret3', firmware/nnet_utils/nnet_dense.h:41->firmware/myproject.cpp:56) to 'dense_latency<ap_fixed<16, 6, 5, 3, 0>, ap_fixed<16, 6, 5, 3, 0>, config7>' [60]  (3.903 ns)

 <State 6>: 2.893ns
The critical path consists of the following:
	'call' operation 256 bit ('call_ret5', firmware/myproject.cpp:64) to 'relu<ap_fixed<16, 6, 5, 3, 0>, ap_ufixed<8, 0, 4, 0, 0>, relu_config11>' [126]  (2.893 ns)

 <State 7>: 2.496ns
The critical path consists of the following:
	'call' operation 256 bit ('call_ret5', firmware/myproject.cpp:64) to 'relu<ap_fixed<16, 6, 5, 3, 0>, ap_ufixed<8, 0, 4, 0, 0>, relu_config11>' [126]  (2.496 ns)

 <State 8>: 4.213ns
The critical path consists of the following:
	'call' operation 1024 bit ('call_ret7', firmware/myproject.cpp:72) to 'concatenate1d<ap_ufixed,ap_ufixed,ap_fixed<16,6,5,3,0>,config13>' [192]  (0.000 ns)
	'call' operation 2048 bit ('call_ret8', firmware/nnet_utils/nnet_dense.h:41->firmware/myproject.cpp:76) to 'dense_latency<ap_fixed<16, 6, 5, 3, 0>, ap_fixed<16, 6, 5, 3, 0>, config14>' [257]  (4.213 ns)

 <State 9>: 4.213ns
The critical path consists of the following:
	'call' operation 2048 bit ('call_ret8', firmware/nnet_utils/nnet_dense.h:41->firmware/myproject.cpp:76) to 'dense_latency<ap_fixed<16, 6, 5, 3, 0>, ap_fixed<16, 6, 5, 3, 0>, config14>' [257]  (4.213 ns)

 <State 10>: 4.213ns
The critical path consists of the following:
	'call' operation 2048 bit ('call_ret8', firmware/nnet_utils/nnet_dense.h:41->firmware/myproject.cpp:76) to 'dense_latency<ap_fixed<16, 6, 5, 3, 0>, ap_fixed<16, 6, 5, 3, 0>, config14>' [257]  (4.213 ns)

 <State 11>: 4.213ns
The critical path consists of the following:
	'call' operation 2048 bit ('call_ret8', firmware/nnet_utils/nnet_dense.h:41->firmware/myproject.cpp:76) to 'dense_latency<ap_fixed<16, 6, 5, 3, 0>, ap_fixed<16, 6, 5, 3, 0>, config14>' [257]  (4.213 ns)

 <State 12>: 4.213ns
The critical path consists of the following:
	'call' operation 2048 bit ('call_ret8', firmware/nnet_utils/nnet_dense.h:41->firmware/myproject.cpp:76) to 'dense_latency<ap_fixed<16, 6, 5, 3, 0>, ap_fixed<16, 6, 5, 3, 0>, config14>' [257]  (4.213 ns)

 <State 13>: 3.903ns
The critical path consists of the following:
	'call' operation 2048 bit ('call_ret8', firmware/nnet_utils/nnet_dense.h:41->firmware/myproject.cpp:76) to 'dense_latency<ap_fixed<16, 6, 5, 3, 0>, ap_fixed<16, 6, 5, 3, 0>, config14>' [257]  (3.903 ns)

 <State 14>: 2.893ns
The critical path consists of the following:
	'call' operation 1024 bit ('call_ret9', firmware/myproject.cpp:80) to 'relu<ap_fixed<16, 6, 5, 3, 0>, ap_ufixed<8, 0, 4, 0, 0>, relu_config16>' [386]  (2.893 ns)

 <State 15>: 2.496ns
The critical path consists of the following:
	'call' operation 1024 bit ('call_ret9', firmware/myproject.cpp:80) to 'relu<ap_fixed<16, 6, 5, 3, 0>, ap_ufixed<8, 0, 4, 0, 0>, relu_config16>' [386]  (2.496 ns)

 <State 16>: 3.830ns
The critical path consists of the following:
	'call' operation 1024 bit ('call_ret10', firmware/nnet_utils/nnet_dense.h:41->firmware/myproject.cpp:84) to 'dense_latency<ap_ufixed<8, 0, 4, 0, 0>, ap_fixed<16, 6, 5, 3, 0>, config17>' [515]  (3.830 ns)

 <State 17>: 3.845ns
The critical path consists of the following:
	'call' operation 1024 bit ('call_ret10', firmware/nnet_utils/nnet_dense.h:41->firmware/myproject.cpp:84) to 'dense_latency<ap_ufixed<8, 0, 4, 0, 0>, ap_fixed<16, 6, 5, 3, 0>, config17>' [515]  (3.845 ns)

 <State 18>: 3.845ns
The critical path consists of the following:
	'call' operation 1024 bit ('call_ret10', firmware/nnet_utils/nnet_dense.h:41->firmware/myproject.cpp:84) to 'dense_latency<ap_ufixed<8, 0, 4, 0, 0>, ap_fixed<16, 6, 5, 3, 0>, config17>' [515]  (3.845 ns)

 <State 19>: 3.845ns
The critical path consists of the following:
	'call' operation 1024 bit ('call_ret10', firmware/nnet_utils/nnet_dense.h:41->firmware/myproject.cpp:84) to 'dense_latency<ap_ufixed<8, 0, 4, 0, 0>, ap_fixed<16, 6, 5, 3, 0>, config17>' [515]  (3.845 ns)

 <State 20>: 3.845ns
The critical path consists of the following:
	'call' operation 1024 bit ('call_ret10', firmware/nnet_utils/nnet_dense.h:41->firmware/myproject.cpp:84) to 'dense_latency<ap_ufixed<8, 0, 4, 0, 0>, ap_fixed<16, 6, 5, 3, 0>, config17>' [515]  (3.845 ns)

 <State 21>: 3.845ns
The critical path consists of the following:
	'call' operation 1024 bit ('call_ret10', firmware/nnet_utils/nnet_dense.h:41->firmware/myproject.cpp:84) to 'dense_latency<ap_ufixed<8, 0, 4, 0, 0>, ap_fixed<16, 6, 5, 3, 0>, config17>' [515]  (3.845 ns)

 <State 22>: 3.491ns
The critical path consists of the following:
	'call' operation 1024 bit ('call_ret10', firmware/nnet_utils/nnet_dense.h:41->firmware/myproject.cpp:84) to 'dense_latency<ap_ufixed<8, 0, 4, 0, 0>, ap_fixed<16, 6, 5, 3, 0>, config17>' [515]  (3.491 ns)

 <State 23>: 2.893ns
The critical path consists of the following:
	'call' operation 512 bit ('call_ret11', firmware/myproject.cpp:88) to 'relu<ap_fixed<16, 6, 5, 3, 0>, ap_ufixed<8, 0, 4, 0, 0>, relu_config19>' [580]  (2.893 ns)

 <State 24>: 2.496ns
The critical path consists of the following:
	'call' operation 512 bit ('call_ret11', firmware/myproject.cpp:88) to 'relu<ap_fixed<16, 6, 5, 3, 0>, ap_ufixed<8, 0, 4, 0, 0>, relu_config19>' [580]  (2.496 ns)

 <State 25>: 3.830ns
The critical path consists of the following:
	'call' operation 416 bit ('call_ret12', firmware/nnet_utils/nnet_dense.h:41->firmware/myproject.cpp:92) to 'dense_latency<ap_ufixed<8, 0, 4, 0, 0>, ap_fixed<16, 6, 5, 3, 0>, config20>' [645]  (3.830 ns)

 <State 26>: 3.830ns
The critical path consists of the following:
	'call' operation 416 bit ('call_ret12', firmware/nnet_utils/nnet_dense.h:41->firmware/myproject.cpp:92) to 'dense_latency<ap_ufixed<8, 0, 4, 0, 0>, ap_fixed<16, 6, 5, 3, 0>, config20>' [645]  (3.830 ns)

 <State 27>: 3.830ns
The critical path consists of the following:
	'call' operation 416 bit ('call_ret12', firmware/nnet_utils/nnet_dense.h:41->firmware/myproject.cpp:92) to 'dense_latency<ap_ufixed<8, 0, 4, 0, 0>, ap_fixed<16, 6, 5, 3, 0>, config20>' [645]  (3.830 ns)

 <State 28>: 3.830ns
The critical path consists of the following:
	'call' operation 416 bit ('call_ret12', firmware/nnet_utils/nnet_dense.h:41->firmware/myproject.cpp:92) to 'dense_latency<ap_ufixed<8, 0, 4, 0, 0>, ap_fixed<16, 6, 5, 3, 0>, config20>' [645]  (3.830 ns)

 <State 29>: 3.830ns
The critical path consists of the following:
	'call' operation 416 bit ('call_ret12', firmware/nnet_utils/nnet_dense.h:41->firmware/myproject.cpp:92) to 'dense_latency<ap_ufixed<8, 0, 4, 0, 0>, ap_fixed<16, 6, 5, 3, 0>, config20>' [645]  (3.830 ns)

 <State 30>: 3.830ns
The critical path consists of the following:
	'call' operation 416 bit ('call_ret12', firmware/nnet_utils/nnet_dense.h:41->firmware/myproject.cpp:92) to 'dense_latency<ap_ufixed<8, 0, 4, 0, 0>, ap_fixed<16, 6, 5, 3, 0>, config20>' [645]  (3.830 ns)

 <State 31>: 1.679ns
The critical path consists of the following:
	'call' operation 416 bit ('call_ret12', firmware/nnet_utils/nnet_dense.h:41->firmware/myproject.cpp:92) to 'dense_latency<ap_ufixed<8, 0, 4, 0, 0>, ap_fixed<16, 6, 5, 3, 0>, config20>' [645]  (1.679 ns)

 <State 32>: 2.893ns
The critical path consists of the following:
	'call' operation 208 bit ('call_ret', firmware/myproject.cpp:96) to 'relu<ap_fixed<16, 6, 5, 3, 0>, ap_ufixed<8, 0, 4, 0, 0>, relu_config22>' [672]  (2.893 ns)

 <State 33>: 2.496ns
The critical path consists of the following:
	'call' operation 208 bit ('call_ret', firmware/myproject.cpp:96) to 'relu<ap_fixed<16, 6, 5, 3, 0>, ap_ufixed<8, 0, 4, 0, 0>, relu_config22>' [672]  (2.496 ns)

 <State 34>: 3.830ns
The critical path consists of the following:
	'call' operation 14 bit ('layer23_out', firmware/nnet_utils/nnet_dense.h:41->firmware/myproject.cpp:100) to 'dense_latency<ap_ufixed<8, 0, 4, 0, 0>, ap_fixed<16, 6, 5, 3, 0>, config23>' [699]  (3.830 ns)

 <State 35>: 3.830ns
The critical path consists of the following:
	'call' operation 14 bit ('layer23_out', firmware/nnet_utils/nnet_dense.h:41->firmware/myproject.cpp:100) to 'dense_latency<ap_ufixed<8, 0, 4, 0, 0>, ap_fixed<16, 6, 5, 3, 0>, config23>' [699]  (3.830 ns)

 <State 36>: 3.830ns
The critical path consists of the following:
	'call' operation 14 bit ('layer23_out', firmware/nnet_utils/nnet_dense.h:41->firmware/myproject.cpp:100) to 'dense_latency<ap_ufixed<8, 0, 4, 0, 0>, ap_fixed<16, 6, 5, 3, 0>, config23>' [699]  (3.830 ns)

 <State 37>: 3.830ns
The critical path consists of the following:
	'call' operation 14 bit ('layer23_out', firmware/nnet_utils/nnet_dense.h:41->firmware/myproject.cpp:100) to 'dense_latency<ap_ufixed<8, 0, 4, 0, 0>, ap_fixed<16, 6, 5, 3, 0>, config23>' [699]  (3.830 ns)

 <State 38>: 3.830ns
The critical path consists of the following:
	'call' operation 14 bit ('layer23_out', firmware/nnet_utils/nnet_dense.h:41->firmware/myproject.cpp:100) to 'dense_latency<ap_ufixed<8, 0, 4, 0, 0>, ap_fixed<16, 6, 5, 3, 0>, config23>' [699]  (3.830 ns)

 <State 39>: 3.624ns
The critical path consists of the following:
	'call' operation 14 bit ('layer23_out', firmware/nnet_utils/nnet_dense.h:41->firmware/myproject.cpp:100) to 'dense_latency<ap_ufixed<8, 0, 4, 0, 0>, ap_fixed<16, 6, 5, 3, 0>, config23>' [699]  (1.679 ns)
	'add' operation 16 bit ('sigmoid', firmware/nnet_utils/nnet_activation.h:468->firmware/myproject.cpp:102) [702]  (1.944 ns)

 <State 40>: 3.889ns
The critical path consists of the following:
	'icmp' operation 1 bit ('icmp_ln469', firmware/nnet_utils/nnet_activation.h:469->firmware/myproject.cpp:102) [704]  (2.077 ns)
	'or' operation 1 bit ('or_ln469', firmware/nnet_utils/nnet_activation.h:469->firmware/myproject.cpp:102) [706]  (0.000 ns)
	'select' operation 13 bit ('select_ln469_1', firmware/nnet_utils/nnet_activation.h:469->firmware/myproject.cpp:102) [709]  (0.000 ns)
	'add' operation 14 bit ('add_ln473', firmware/nnet_utils/nnet_activation.h:473->firmware/myproject.cpp:102) [711]  (1.812 ns)

 <State 41>: 3.650ns
The critical path consists of the following:
	'icmp' operation 1 bit ('icmp_ln473', firmware/nnet_utils/nnet_activation.h:473->firmware/myproject.cpp:102) [716]  (1.735 ns)
	'or' operation 1 bit ('or_ln473', firmware/nnet_utils/nnet_activation.h:473->firmware/myproject.cpp:102) [719]  (0.000 ns)
	'and' operation 1 bit ('and_ln473', firmware/nnet_utils/nnet_activation.h:473->firmware/myproject.cpp:102) [720]  (0.000 ns)
	'add' operation 8 bit ('add_ln473_1', firmware/nnet_utils/nnet_activation.h:473->firmware/myproject.cpp:102) [722]  (1.915 ns)

 <State 42>: 2.226ns
The critical path consists of the following:
	'xor' operation 1 bit ('xor_ln473', firmware/nnet_utils/nnet_activation.h:473->firmware/myproject.cpp:102) [724]  (0.000 ns)
	'or' operation 1 bit ('or_ln473_3', firmware/nnet_utils/nnet_activation.h:473->firmware/myproject.cpp:102) [725]  (0.000 ns)
	'xor' operation 1 bit ('xor_ln473_2', firmware/nnet_utils/nnet_activation.h:473->firmware/myproject.cpp:102) [726]  (0.000 ns)
	'xor' operation 1 bit ('xor_ln473_3', firmware/nnet_utils/nnet_activation.h:473->firmware/myproject.cpp:102) [728]  (0.000 ns)
	'or' operation 1 bit ('or_ln473_1', firmware/nnet_utils/nnet_activation.h:473->firmware/myproject.cpp:102) [729]  (0.000 ns)
	'and' operation 1 bit ('and_ln473_1', firmware/nnet_utils/nnet_activation.h:473->firmware/myproject.cpp:102) [730]  (0.978 ns)
	'select' operation 8 bit ('select_ln473', firmware/nnet_utils/nnet_activation.h:473->firmware/myproject.cpp:102) [734]  (0.000 ns)
	'select' operation 8 bit ('select_ln473_1', firmware/nnet_utils/nnet_activation.h:473->firmware/myproject.cpp:102) [736]  (1.248 ns)


============================================================
+ Verbose Summary: Binding
============================================================
N/A
* FSMD analyzer results:
  - Output states:
 - Input state : 
  - Chain level:
	State 1
	State 2
	State 3
	State 4
	State 5
	State 6
	State 7
	State 8
	State 9
	State 10
	State 11
	State 12
	State 13
	State 14
	State 15
	State 16
	State 17
	State 18
	State 19
	State 20
	State 21
	State 22
	State 23
	State 24
	State 25
	State 26
	State 27
	State 28
	State 29
	State 30
	State 31
	State 32
	State 33
	State 34
	State 35
	State 36
	State 37
	State 38
	State 39
	State 40
	State 41
	State 42


============================================================
+ Verbose Summary: Datapath Resource usage 
============================================================
N/A
