

================================================================
== Vitis HLS Report for 'relu_ap_fixed_16_6_5_3_0_ap_ufixed_8_0_4_0_0_relu_config22_s'
================================================================
* Date:           Mon Oct 27 14:27:44 2025

* Version:        2024.1 (Build 5069499 on May 21 2024)
* Project:        myproject_prj
* Solution:       solution1 (Vivado IP Flow Target)
* Product family: zynq
* Target device:  xc7z020-clg400-1


================================================================
== Performance Estimates
================================================================
+ Timing: 
    * Summary: 
    +--------+---------+----------+------------+
    |  Clock |  Target | Estimated| Uncertainty|
    +--------+---------+----------+------------+
    |ap_clk  |  5.00 ns|  2.893 ns|     0.62 ns|
    +--------+---------+----------+------------+

+ Latency: 
    * Summary: 
    +---------+---------+----------+----------+-----+-----+---------+
    |  Latency (cycles) |  Latency (absolute) |  Interval | Pipeline|
    |   min   |   max   |    min   |    max   | min | max |   Type  |
    +---------+---------+----------+----------+-----+-----+---------+
    |        1|        1|  5.000 ns|  5.000 ns|    1|    1|      yes|
    +---------+---------+----------+----------+-----+-----+---------+

    + Detail: 
        * Instance: 
        N/A

        * Loop: 
        N/A

============================================================
+ Verbose Summary: Synthesis Manager
============================================================
InlineROM: 1
ExposeGlobal: 0
============================================================
+ Verbose Summary: CDFG Model
============================================================
IsTopModel: 0
ResetActiveHigh: 1
IsCombinational: 0
IsDatapathOnly: 0
HasWiredReturn: 1
HasMFsm: 2
HasVarLatency: 0
IsPipeline: 1
IsRtlPipelined: 1
IsInstanceOverlapped: 0
IsDontTouch: 0
HasImplIP: 0
IsGatedGlobalClock: 0

+ Individual pipeline summary: 
  * Pipeline-0: initiation interval (II) = 1, depth = 2


============================================================
+ Verbose Summary: Schedule
============================================================
* Number of FSM states : 2
* Pipeline : 1
  Pipeline-0 : II = 1, D = 2, States = { 1 2 }
* Dataflow Pipeline: 0

* FSM state transitions: 
1 --> 2 
2 --> 

* FSM state operations: 

State 1 <SV = 0> <Delay = 2.89>
ST_1 : Operation 3 [1/1] (0.00ns)   --->   "%data_31_val_read = read i16 @_ssdm_op_Read.ap_auto.i16, i16 %data_31_val" [firmware/nnet_utils/nnet_activation.h:42]   --->   Operation 3 'read' 'data_31_val_read' <Predicate = true> <Delay = 0.00>
ST_1 : Operation 4 [1/1] (0.00ns)   --->   "%data_29_val_read = read i16 @_ssdm_op_Read.ap_auto.i16, i16 %data_29_val" [firmware/nnet_utils/nnet_activation.h:42]   --->   Operation 4 'read' 'data_29_val_read' <Predicate = true> <Delay = 0.00>
ST_1 : Operation 5 [1/1] (0.00ns)   --->   "%data_27_val_read = read i16 @_ssdm_op_Read.ap_auto.i16, i16 %data_27_val" [firmware/nnet_utils/nnet_activation.h:42]   --->   Operation 5 'read' 'data_27_val_read' <Predicate = true> <Delay = 0.00>
ST_1 : Operation 6 [1/1] (0.00ns)   --->   "%data_26_val_read = read i16 @_ssdm_op_Read.ap_auto.i16, i16 %data_26_val" [firmware/nnet_utils/nnet_activation.h:42]   --->   Operation 6 'read' 'data_26_val_read' <Predicate = true> <Delay = 0.00>
ST_1 : Operation 7 [1/1] (0.00ns)   --->   "%data_25_val_read = read i16 @_ssdm_op_Read.ap_auto.i16, i16 %data_25_val" [firmware/nnet_utils/nnet_activation.h:42]   --->   Operation 7 'read' 'data_25_val_read' <Predicate = true> <Delay = 0.00>
ST_1 : Operation 8 [1/1] (0.00ns)   --->   "%data_24_val_read = read i16 @_ssdm_op_Read.ap_auto.i16, i16 %data_24_val" [firmware/nnet_utils/nnet_activation.h:42]   --->   Operation 8 'read' 'data_24_val_read' <Predicate = true> <Delay = 0.00>
ST_1 : Operation 9 [1/1] (0.00ns)   --->   "%data_23_val_read = read i16 @_ssdm_op_Read.ap_auto.i16, i16 %data_23_val" [firmware/nnet_utils/nnet_activation.h:42]   --->   Operation 9 'read' 'data_23_val_read' <Predicate = true> <Delay = 0.00>
ST_1 : Operation 10 [1/1] (0.00ns)   --->   "%data_22_val_read = read i16 @_ssdm_op_Read.ap_auto.i16, i16 %data_22_val" [firmware/nnet_utils/nnet_activation.h:42]   --->   Operation 10 'read' 'data_22_val_read' <Predicate = true> <Delay = 0.00>
ST_1 : Operation 11 [1/1] (0.00ns)   --->   "%data_21_val_read = read i16 @_ssdm_op_Read.ap_auto.i16, i16 %data_21_val" [firmware/nnet_utils/nnet_activation.h:42]   --->   Operation 11 'read' 'data_21_val_read' <Predicate = true> <Delay = 0.00>
ST_1 : Operation 12 [1/1] (0.00ns)   --->   "%data_20_val_read = read i16 @_ssdm_op_Read.ap_auto.i16, i16 %data_20_val" [firmware/nnet_utils/nnet_activation.h:42]   --->   Operation 12 'read' 'data_20_val_read' <Predicate = true> <Delay = 0.00>
ST_1 : Operation 13 [1/1] (0.00ns)   --->   "%data_19_val_read = read i16 @_ssdm_op_Read.ap_auto.i16, i16 %data_19_val" [firmware/nnet_utils/nnet_activation.h:42]   --->   Operation 13 'read' 'data_19_val_read' <Predicate = true> <Delay = 0.00>
ST_1 : Operation 14 [1/1] (0.00ns)   --->   "%data_18_val_read = read i16 @_ssdm_op_Read.ap_auto.i16, i16 %data_18_val" [firmware/nnet_utils/nnet_activation.h:42]   --->   Operation 14 'read' 'data_18_val_read' <Predicate = true> <Delay = 0.00>
ST_1 : Operation 15 [1/1] (0.00ns)   --->   "%data_17_val_read = read i16 @_ssdm_op_Read.ap_auto.i16, i16 %data_17_val" [firmware/nnet_utils/nnet_activation.h:42]   --->   Operation 15 'read' 'data_17_val_read' <Predicate = true> <Delay = 0.00>
ST_1 : Operation 16 [1/1] (0.00ns)   --->   "%data_15_val_read = read i16 @_ssdm_op_Read.ap_auto.i16, i16 %data_15_val" [firmware/nnet_utils/nnet_activation.h:42]   --->   Operation 16 'read' 'data_15_val_read' <Predicate = true> <Delay = 0.00>
ST_1 : Operation 17 [1/1] (0.00ns)   --->   "%data_14_val_read = read i16 @_ssdm_op_Read.ap_auto.i16, i16 %data_14_val" [firmware/nnet_utils/nnet_activation.h:42]   --->   Operation 17 'read' 'data_14_val_read' <Predicate = true> <Delay = 0.00>
ST_1 : Operation 18 [1/1] (0.00ns)   --->   "%data_12_val_read = read i16 @_ssdm_op_Read.ap_auto.i16, i16 %data_12_val" [firmware/nnet_utils/nnet_activation.h:42]   --->   Operation 18 'read' 'data_12_val_read' <Predicate = true> <Delay = 0.00>
ST_1 : Operation 19 [1/1] (0.00ns)   --->   "%data_11_val_read = read i16 @_ssdm_op_Read.ap_auto.i16, i16 %data_11_val" [firmware/nnet_utils/nnet_activation.h:42]   --->   Operation 19 'read' 'data_11_val_read' <Predicate = true> <Delay = 0.00>
ST_1 : Operation 20 [1/1] (0.00ns)   --->   "%data_10_val_read = read i16 @_ssdm_op_Read.ap_auto.i16, i16 %data_10_val" [firmware/nnet_utils/nnet_activation.h:42]   --->   Operation 20 'read' 'data_10_val_read' <Predicate = true> <Delay = 0.00>
ST_1 : Operation 21 [1/1] (0.00ns)   --->   "%data_9_val_read = read i16 @_ssdm_op_Read.ap_auto.i16, i16 %data_9_val" [firmware/nnet_utils/nnet_activation.h:42]   --->   Operation 21 'read' 'data_9_val_read' <Predicate = true> <Delay = 0.00>
ST_1 : Operation 22 [1/1] (0.00ns)   --->   "%data_8_val_read = read i16 @_ssdm_op_Read.ap_auto.i16, i16 %data_8_val" [firmware/nnet_utils/nnet_activation.h:42]   --->   Operation 22 'read' 'data_8_val_read' <Predicate = true> <Delay = 0.00>
ST_1 : Operation 23 [1/1] (0.00ns)   --->   "%data_6_val_read = read i16 @_ssdm_op_Read.ap_auto.i16, i16 %data_6_val" [firmware/nnet_utils/nnet_activation.h:42]   --->   Operation 23 'read' 'data_6_val_read' <Predicate = true> <Delay = 0.00>
ST_1 : Operation 24 [1/1] (0.00ns)   --->   "%data_5_val_read = read i16 @_ssdm_op_Read.ap_auto.i16, i16 %data_5_val" [firmware/nnet_utils/nnet_activation.h:42]   --->   Operation 24 'read' 'data_5_val_read' <Predicate = true> <Delay = 0.00>
ST_1 : Operation 25 [1/1] (0.00ns)   --->   "%data_4_val_read = read i16 @_ssdm_op_Read.ap_auto.i16, i16 %data_4_val" [firmware/nnet_utils/nnet_activation.h:42]   --->   Operation 25 'read' 'data_4_val_read' <Predicate = true> <Delay = 0.00>
ST_1 : Operation 26 [1/1] (0.00ns)   --->   "%data_3_val_read = read i16 @_ssdm_op_Read.ap_auto.i16, i16 %data_3_val" [firmware/nnet_utils/nnet_activation.h:42]   --->   Operation 26 'read' 'data_3_val_read' <Predicate = true> <Delay = 0.00>
ST_1 : Operation 27 [1/1] (0.00ns)   --->   "%data_2_val_read = read i16 @_ssdm_op_Read.ap_auto.i16, i16 %data_2_val" [firmware/nnet_utils/nnet_activation.h:42]   --->   Operation 27 'read' 'data_2_val_read' <Predicate = true> <Delay = 0.00>
ST_1 : Operation 28 [1/1] (0.00ns)   --->   "%data_0_val_read = read i16 @_ssdm_op_Read.ap_auto.i16, i16 %data_0_val" [firmware/nnet_utils/nnet_activation.h:42]   --->   Operation 28 'read' 'data_0_val_read' <Predicate = true> <Delay = 0.00>
ST_1 : Operation 29 [1/1] (2.07ns)   --->   "%icmp_ln45 = icmp_sgt  i16 %data_0_val_read, i16 0" [firmware/nnet_utils/nnet_activation.h:45]   --->   Operation 29 'icmp' 'icmp_ln45' <Predicate = true> <Delay = 2.07> <CoreInst = "Cmp">   --->   Core 9 'Cmp' <Latency = 0> <II = 1> <Delay = 2.07> <FuncUnit> <Opcode : 'seteq' 'setne' 'setle' 'setge' 'setlt' 'setgt'> <InPorts = 2> <OutPorts = 1>
ST_1 : Operation 30 [1/1] (0.00ns)   --->   "%tmp = bitselect i1 @_ssdm_op_BitSelect.i1.i16.i32, i16 %data_0_val_read, i32 15" [firmware/nnet_utils/nnet_activation.h:46]   --->   Operation 30 'bitselect' 'tmp' <Predicate = true> <Delay = 0.00>
ST_1 : Operation 31 [1/1] (0.00ns) (grouped into LUT with out node add_ln46)   --->   "%trunc_ln = partselect i8 @_ssdm_op_PartSelect.i8.i16.i32.i32, i16 %data_0_val_read, i32 2, i32 9" [firmware/nnet_utils/nnet_activation.h:46]   --->   Operation 31 'partselect' 'trunc_ln' <Predicate = true> <Delay = 0.00>
ST_1 : Operation 32 [1/1] (0.00ns) (grouped into LUT with out node add_ln46)   --->   "%tmp_1 = bitselect i1 @_ssdm_op_BitSelect.i1.i16.i32, i16 %data_0_val_read, i32 1" [firmware/nnet_utils/nnet_activation.h:46]   --->   Operation 32 'bitselect' 'tmp_1' <Predicate = true> <Delay = 0.00>
ST_1 : Operation 33 [1/1] (0.00ns) (grouped into LUT with out node add_ln46)   --->   "%trunc_ln46 = trunc i16 %data_0_val_read" [firmware/nnet_utils/nnet_activation.h:46]   --->   Operation 33 'trunc' 'trunc_ln46' <Predicate = true> <Delay = 0.00>
ST_1 : Operation 34 [1/1] (0.00ns) (grouped into LUT with out node empty)   --->   "%tmp_2 = bitselect i1 @_ssdm_op_BitSelect.i1.i16.i32, i16 %data_0_val_read, i32 9" [firmware/nnet_utils/nnet_activation.h:46]   --->   Operation 34 'bitselect' 'tmp_2' <Predicate = true> <Delay = 0.00>
ST_1 : Operation 35 [1/1] (0.00ns) (grouped into LUT with out node add_ln46)   --->   "%tmp_3 = bitselect i1 @_ssdm_op_BitSelect.i1.i16.i32, i16 %data_0_val_read, i32 2" [firmware/nnet_utils/nnet_activation.h:46]   --->   Operation 35 'bitselect' 'tmp_3' <Predicate = true> <Delay = 0.00>
ST_1 : Operation 36 [1/1] (0.00ns) (grouped into LUT with out node add_ln46)   --->   "%or_ln46 = or i1 %tmp_3, i1 %trunc_ln46" [firmware/nnet_utils/nnet_activation.h:46]   --->   Operation 36 'or' 'or_ln46' <Predicate = true> <Delay = 0.00> <CoreInst = "LogicGate">   --->   Core 74 'LogicGate' <Latency = 0> <II = 1> <Delay = 0.97> <FuncUnit> <Opcode : 'and' 'or' 'xor'> <InPorts = 2> <OutPorts = 1>
ST_1 : Operation 37 [1/1] (0.00ns) (grouped into LUT with out node add_ln46)   --->   "%and_ln46 = and i1 %or_ln46, i1 %tmp_1" [firmware/nnet_utils/nnet_activation.h:46]   --->   Operation 37 'and' 'and_ln46' <Predicate = true> <Delay = 0.00> <CoreInst = "LogicGate">   --->   Core 74 'LogicGate' <Latency = 0> <II = 1> <Delay = 0.97> <FuncUnit> <Opcode : 'and' 'or' 'xor'> <InPorts = 2> <OutPorts = 1>
ST_1 : Operation 38 [1/1] (0.00ns) (grouped into LUT with out node add_ln46)   --->   "%zext_ln46 = zext i1 %and_ln46" [firmware/nnet_utils/nnet_activation.h:46]   --->   Operation 38 'zext' 'zext_ln46' <Predicate = true> <Delay = 0.00>
ST_1 : Operation 39 [1/1] (1.91ns) (out node of the LUT)   --->   "%add_ln46 = add i8 %trunc_ln, i8 %zext_ln46" [firmware/nnet_utils/nnet_activation.h:46]   --->   Operation 39 'add' 'add_ln46' <Predicate = true> <Delay = 1.91> <CoreInst = "Adder">   --->   Core 1 'Adder' <Latency = 0> <II = 1> <Delay = 1.91> <FuncUnit> <Opcode : 'add' 'sub'> <InPorts = 2> <OutPorts = 1>
ST_1 : Operation 40 [1/1] (0.00ns)   --->   "%tmp_s = partselect i6 @_ssdm_op_PartSelect.i6.i16.i32.i32, i16 %data_0_val_read, i32 10, i32 15" [firmware/nnet_utils/nnet_activation.h:46]   --->   Operation 40 'partselect' 'tmp_s' <Predicate = true> <Delay = 0.00>
ST_1 : Operation 41 [1/1] (1.82ns)   --->   "%icmp_ln46 = icmp_eq  i6 %tmp_s, i6 0" [firmware/nnet_utils/nnet_activation.h:46]   --->   Operation 41 'icmp' 'icmp_ln46' <Predicate = true> <Delay = 1.82> <CoreInst = "Cmp">   --->   Core 9 'Cmp' <Latency = 0> <II = 1> <Delay = 1.82> <FuncUnit> <Opcode : 'seteq' 'setne' 'setle' 'setge' 'setlt' 'setgt'> <InPorts = 2> <OutPorts = 1>
ST_1 : Operation 42 [1/1] (0.00ns) (grouped into LUT with out node empty)   --->   "%tmp_4 = bitselect i1 @_ssdm_op_BitSelect.i1.i8.i32, i8 %add_ln46, i32 7" [firmware/nnet_utils/nnet_activation.h:46]   --->   Operation 42 'bitselect' 'tmp_4' <Predicate = true> <Delay = 0.00>
ST_1 : Operation 43 [1/1] (0.00ns) (grouped into LUT with out node empty)   --->   "%not_tmp_3 = xor i1 %tmp_2, i1 1" [firmware/nnet_utils/nnet_activation.h:46]   --->   Operation 43 'xor' 'not_tmp_3' <Predicate = true> <Delay = 0.00> <CoreInst = "LogicGate">   --->   Core 74 'LogicGate' <Latency = 0> <II = 1> <Delay = 0.97> <FuncUnit> <Opcode : 'and' 'or' 'xor'> <InPorts = 2> <OutPorts = 1>
ST_1 : Operation 44 [1/1] (0.00ns) (grouped into LUT with out node empty)   --->   "%and_ln46_1 = or i1 %tmp_4, i1 %not_tmp_3" [firmware/nnet_utils/nnet_activation.h:46]   --->   Operation 44 'or' 'and_ln46_1' <Predicate = true> <Delay = 0.00> <CoreInst = "LogicGate">   --->   Core 74 'LogicGate' <Latency = 0> <II = 1> <Delay = 0.97> <FuncUnit> <Opcode : 'and' 'or' 'xor'> <InPorts = 2> <OutPorts = 1>
ST_1 : Operation 45 [1/1] (0.97ns) (out node of the LUT)   --->   "%empty = and i1 %icmp_ln46, i1 %and_ln46_1" [firmware/nnet_utils/nnet_activation.h:46]   --->   Operation 45 'and' 'empty' <Predicate = true> <Delay = 0.97> <CoreInst = "LogicGate">   --->   Core 74 'LogicGate' <Latency = 0> <II = 1> <Delay = 0.97> <FuncUnit> <Opcode : 'and' 'or' 'xor'> <InPorts = 2> <OutPorts = 1>
ST_1 : Operation 46 [1/1] (2.07ns)   --->   "%icmp_ln45_1 = icmp_sgt  i16 %data_2_val_read, i16 0" [firmware/nnet_utils/nnet_activation.h:45]   --->   Operation 46 'icmp' 'icmp_ln45_1' <Predicate = true> <Delay = 2.07> <CoreInst = "Cmp">   --->   Core 9 'Cmp' <Latency = 0> <II = 1> <Delay = 2.07> <FuncUnit> <Opcode : 'seteq' 'setne' 'setle' 'setge' 'setlt' 'setgt'> <InPorts = 2> <OutPorts = 1>
ST_1 : Operation 47 [1/1] (0.00ns)   --->   "%tmp_5 = bitselect i1 @_ssdm_op_BitSelect.i1.i16.i32, i16 %data_2_val_read, i32 15" [firmware/nnet_utils/nnet_activation.h:46]   --->   Operation 47 'bitselect' 'tmp_5' <Predicate = true> <Delay = 0.00>
ST_1 : Operation 48 [1/1] (0.00ns) (grouped into LUT with out node add_ln46_1)   --->   "%trunc_ln46_1 = partselect i8 @_ssdm_op_PartSelect.i8.i16.i32.i32, i16 %data_2_val_read, i32 2, i32 9" [firmware/nnet_utils/nnet_activation.h:46]   --->   Operation 48 'partselect' 'trunc_ln46_1' <Predicate = true> <Delay = 0.00>
ST_1 : Operation 49 [1/1] (0.00ns) (grouped into LUT with out node add_ln46_1)   --->   "%tmp_6 = bitselect i1 @_ssdm_op_BitSelect.i1.i16.i32, i16 %data_2_val_read, i32 1" [firmware/nnet_utils/nnet_activation.h:46]   --->   Operation 49 'bitselect' 'tmp_6' <Predicate = true> <Delay = 0.00>
ST_1 : Operation 50 [1/1] (0.00ns) (grouped into LUT with out node add_ln46_1)   --->   "%trunc_ln46_25 = trunc i16 %data_2_val_read" [firmware/nnet_utils/nnet_activation.h:46]   --->   Operation 50 'trunc' 'trunc_ln46_25' <Predicate = true> <Delay = 0.00>
ST_1 : Operation 51 [1/1] (0.00ns) (grouped into LUT with out node empty_27)   --->   "%tmp_7 = bitselect i1 @_ssdm_op_BitSelect.i1.i16.i32, i16 %data_2_val_read, i32 9" [firmware/nnet_utils/nnet_activation.h:46]   --->   Operation 51 'bitselect' 'tmp_7' <Predicate = true> <Delay = 0.00>
ST_1 : Operation 52 [1/1] (0.00ns) (grouped into LUT with out node add_ln46_1)   --->   "%tmp_8 = bitselect i1 @_ssdm_op_BitSelect.i1.i16.i32, i16 %data_2_val_read, i32 2" [firmware/nnet_utils/nnet_activation.h:46]   --->   Operation 52 'bitselect' 'tmp_8' <Predicate = true> <Delay = 0.00>
ST_1 : Operation 53 [1/1] (0.00ns) (grouped into LUT with out node add_ln46_1)   --->   "%or_ln46_3 = or i1 %tmp_8, i1 %trunc_ln46_25" [firmware/nnet_utils/nnet_activation.h:46]   --->   Operation 53 'or' 'or_ln46_3' <Predicate = true> <Delay = 0.00> <CoreInst = "LogicGate">   --->   Core 74 'LogicGate' <Latency = 0> <II = 1> <Delay = 0.97> <FuncUnit> <Opcode : 'and' 'or' 'xor'> <InPorts = 2> <OutPorts = 1>
ST_1 : Operation 54 [1/1] (0.00ns) (grouped into LUT with out node add_ln46_1)   --->   "%and_ln46_2 = and i1 %or_ln46_3, i1 %tmp_6" [firmware/nnet_utils/nnet_activation.h:46]   --->   Operation 54 'and' 'and_ln46_2' <Predicate = true> <Delay = 0.00> <CoreInst = "LogicGate">   --->   Core 74 'LogicGate' <Latency = 0> <II = 1> <Delay = 0.97> <FuncUnit> <Opcode : 'and' 'or' 'xor'> <InPorts = 2> <OutPorts = 1>
ST_1 : Operation 55 [1/1] (0.00ns) (grouped into LUT with out node add_ln46_1)   --->   "%zext_ln46_1 = zext i1 %and_ln46_2" [firmware/nnet_utils/nnet_activation.h:46]   --->   Operation 55 'zext' 'zext_ln46_1' <Predicate = true> <Delay = 0.00>
ST_1 : Operation 56 [1/1] (1.91ns) (out node of the LUT)   --->   "%add_ln46_1 = add i8 %trunc_ln46_1, i8 %zext_ln46_1" [firmware/nnet_utils/nnet_activation.h:46]   --->   Operation 56 'add' 'add_ln46_1' <Predicate = true> <Delay = 1.91> <CoreInst = "Adder">   --->   Core 1 'Adder' <Latency = 0> <II = 1> <Delay = 1.91> <FuncUnit> <Opcode : 'add' 'sub'> <InPorts = 2> <OutPorts = 1>
ST_1 : Operation 57 [1/1] (0.00ns)   --->   "%tmp_9 = partselect i6 @_ssdm_op_PartSelect.i6.i16.i32.i32, i16 %data_2_val_read, i32 10, i32 15" [firmware/nnet_utils/nnet_activation.h:46]   --->   Operation 57 'partselect' 'tmp_9' <Predicate = true> <Delay = 0.00>
ST_1 : Operation 58 [1/1] (1.82ns)   --->   "%icmp_ln46_1 = icmp_eq  i6 %tmp_9, i6 0" [firmware/nnet_utils/nnet_activation.h:46]   --->   Operation 58 'icmp' 'icmp_ln46_1' <Predicate = true> <Delay = 1.82> <CoreInst = "Cmp">   --->   Core 9 'Cmp' <Latency = 0> <II = 1> <Delay = 1.82> <FuncUnit> <Opcode : 'seteq' 'setne' 'setle' 'setge' 'setlt' 'setgt'> <InPorts = 2> <OutPorts = 1>
ST_1 : Operation 59 [1/1] (0.00ns) (grouped into LUT with out node empty_27)   --->   "%tmp_10 = bitselect i1 @_ssdm_op_BitSelect.i1.i8.i32, i8 %add_ln46_1, i32 7" [firmware/nnet_utils/nnet_activation.h:46]   --->   Operation 59 'bitselect' 'tmp_10' <Predicate = true> <Delay = 0.00>
ST_1 : Operation 60 [1/1] (0.00ns) (grouped into LUT with out node empty_27)   --->   "%not_tmp_9 = xor i1 %tmp_7, i1 1" [firmware/nnet_utils/nnet_activation.h:46]   --->   Operation 60 'xor' 'not_tmp_9' <Predicate = true> <Delay = 0.00> <CoreInst = "LogicGate">   --->   Core 74 'LogicGate' <Latency = 0> <II = 1> <Delay = 0.97> <FuncUnit> <Opcode : 'and' 'or' 'xor'> <InPorts = 2> <OutPorts = 1>
ST_1 : Operation 61 [1/1] (0.00ns) (grouped into LUT with out node empty_27)   --->   "%and_ln46_3 = or i1 %tmp_10, i1 %not_tmp_9" [firmware/nnet_utils/nnet_activation.h:46]   --->   Operation 61 'or' 'and_ln46_3' <Predicate = true> <Delay = 0.00> <CoreInst = "LogicGate">   --->   Core 74 'LogicGate' <Latency = 0> <II = 1> <Delay = 0.97> <FuncUnit> <Opcode : 'and' 'or' 'xor'> <InPorts = 2> <OutPorts = 1>
ST_1 : Operation 62 [1/1] (0.97ns) (out node of the LUT)   --->   "%empty_27 = and i1 %icmp_ln46_1, i1 %and_ln46_3" [firmware/nnet_utils/nnet_activation.h:46]   --->   Operation 62 'and' 'empty_27' <Predicate = true> <Delay = 0.97> <CoreInst = "LogicGate">   --->   Core 74 'LogicGate' <Latency = 0> <II = 1> <Delay = 0.97> <FuncUnit> <Opcode : 'and' 'or' 'xor'> <InPorts = 2> <OutPorts = 1>
ST_1 : Operation 63 [1/1] (2.07ns)   --->   "%icmp_ln45_2 = icmp_sgt  i16 %data_3_val_read, i16 0" [firmware/nnet_utils/nnet_activation.h:45]   --->   Operation 63 'icmp' 'icmp_ln45_2' <Predicate = true> <Delay = 2.07> <CoreInst = "Cmp">   --->   Core 9 'Cmp' <Latency = 0> <II = 1> <Delay = 2.07> <FuncUnit> <Opcode : 'seteq' 'setne' 'setle' 'setge' 'setlt' 'setgt'> <InPorts = 2> <OutPorts = 1>
ST_1 : Operation 64 [1/1] (0.00ns)   --->   "%tmp_11 = bitselect i1 @_ssdm_op_BitSelect.i1.i16.i32, i16 %data_3_val_read, i32 15" [firmware/nnet_utils/nnet_activation.h:46]   --->   Operation 64 'bitselect' 'tmp_11' <Predicate = true> <Delay = 0.00>
ST_1 : Operation 65 [1/1] (0.00ns) (grouped into LUT with out node add_ln46_2)   --->   "%trunc_ln46_2 = partselect i8 @_ssdm_op_PartSelect.i8.i16.i32.i32, i16 %data_3_val_read, i32 2, i32 9" [firmware/nnet_utils/nnet_activation.h:46]   --->   Operation 65 'partselect' 'trunc_ln46_2' <Predicate = true> <Delay = 0.00>
ST_1 : Operation 66 [1/1] (0.00ns) (grouped into LUT with out node add_ln46_2)   --->   "%tmp_12 = bitselect i1 @_ssdm_op_BitSelect.i1.i16.i32, i16 %data_3_val_read, i32 1" [firmware/nnet_utils/nnet_activation.h:46]   --->   Operation 66 'bitselect' 'tmp_12' <Predicate = true> <Delay = 0.00>
ST_1 : Operation 67 [1/1] (0.00ns) (grouped into LUT with out node add_ln46_2)   --->   "%trunc_ln46_26 = trunc i16 %data_3_val_read" [firmware/nnet_utils/nnet_activation.h:46]   --->   Operation 67 'trunc' 'trunc_ln46_26' <Predicate = true> <Delay = 0.00>
ST_1 : Operation 68 [1/1] (0.00ns) (grouped into LUT with out node empty_28)   --->   "%tmp_13 = bitselect i1 @_ssdm_op_BitSelect.i1.i16.i32, i16 %data_3_val_read, i32 9" [firmware/nnet_utils/nnet_activation.h:46]   --->   Operation 68 'bitselect' 'tmp_13' <Predicate = true> <Delay = 0.00>
ST_1 : Operation 69 [1/1] (0.00ns) (grouped into LUT with out node add_ln46_2)   --->   "%tmp_14 = bitselect i1 @_ssdm_op_BitSelect.i1.i16.i32, i16 %data_3_val_read, i32 2" [firmware/nnet_utils/nnet_activation.h:46]   --->   Operation 69 'bitselect' 'tmp_14' <Predicate = true> <Delay = 0.00>
ST_1 : Operation 70 [1/1] (0.00ns) (grouped into LUT with out node add_ln46_2)   --->   "%or_ln46_6 = or i1 %tmp_14, i1 %trunc_ln46_26" [firmware/nnet_utils/nnet_activation.h:46]   --->   Operation 70 'or' 'or_ln46_6' <Predicate = true> <Delay = 0.00> <CoreInst = "LogicGate">   --->   Core 74 'LogicGate' <Latency = 0> <II = 1> <Delay = 0.97> <FuncUnit> <Opcode : 'and' 'or' 'xor'> <InPorts = 2> <OutPorts = 1>
ST_1 : Operation 71 [1/1] (0.00ns) (grouped into LUT with out node add_ln46_2)   --->   "%and_ln46_4 = and i1 %or_ln46_6, i1 %tmp_12" [firmware/nnet_utils/nnet_activation.h:46]   --->   Operation 71 'and' 'and_ln46_4' <Predicate = true> <Delay = 0.00> <CoreInst = "LogicGate">   --->   Core 74 'LogicGate' <Latency = 0> <II = 1> <Delay = 0.97> <FuncUnit> <Opcode : 'and' 'or' 'xor'> <InPorts = 2> <OutPorts = 1>
ST_1 : Operation 72 [1/1] (0.00ns) (grouped into LUT with out node add_ln46_2)   --->   "%zext_ln46_2 = zext i1 %and_ln46_4" [firmware/nnet_utils/nnet_activation.h:46]   --->   Operation 72 'zext' 'zext_ln46_2' <Predicate = true> <Delay = 0.00>
ST_1 : Operation 73 [1/1] (1.91ns) (out node of the LUT)   --->   "%add_ln46_2 = add i8 %trunc_ln46_2, i8 %zext_ln46_2" [firmware/nnet_utils/nnet_activation.h:46]   --->   Operation 73 'add' 'add_ln46_2' <Predicate = true> <Delay = 1.91> <CoreInst = "Adder">   --->   Core 1 'Adder' <Latency = 0> <II = 1> <Delay = 1.91> <FuncUnit> <Opcode : 'add' 'sub'> <InPorts = 2> <OutPorts = 1>
ST_1 : Operation 74 [1/1] (0.00ns)   --->   "%tmp_15 = partselect i6 @_ssdm_op_PartSelect.i6.i16.i32.i32, i16 %data_3_val_read, i32 10, i32 15" [firmware/nnet_utils/nnet_activation.h:46]   --->   Operation 74 'partselect' 'tmp_15' <Predicate = true> <Delay = 0.00>
ST_1 : Operation 75 [1/1] (1.82ns)   --->   "%icmp_ln46_2 = icmp_eq  i6 %tmp_15, i6 0" [firmware/nnet_utils/nnet_activation.h:46]   --->   Operation 75 'icmp' 'icmp_ln46_2' <Predicate = true> <Delay = 1.82> <CoreInst = "Cmp">   --->   Core 9 'Cmp' <Latency = 0> <II = 1> <Delay = 1.82> <FuncUnit> <Opcode : 'seteq' 'setne' 'setle' 'setge' 'setlt' 'setgt'> <InPorts = 2> <OutPorts = 1>
ST_1 : Operation 76 [1/1] (0.00ns) (grouped into LUT with out node empty_28)   --->   "%tmp_16 = bitselect i1 @_ssdm_op_BitSelect.i1.i8.i32, i8 %add_ln46_2, i32 7" [firmware/nnet_utils/nnet_activation.h:46]   --->   Operation 76 'bitselect' 'tmp_16' <Predicate = true> <Delay = 0.00>
ST_1 : Operation 77 [1/1] (0.00ns) (grouped into LUT with out node empty_28)   --->   "%not_tmp_16 = xor i1 %tmp_13, i1 1" [firmware/nnet_utils/nnet_activation.h:46]   --->   Operation 77 'xor' 'not_tmp_16' <Predicate = true> <Delay = 0.00> <CoreInst = "LogicGate">   --->   Core 74 'LogicGate' <Latency = 0> <II = 1> <Delay = 0.97> <FuncUnit> <Opcode : 'and' 'or' 'xor'> <InPorts = 2> <OutPorts = 1>
ST_1 : Operation 78 [1/1] (0.00ns) (grouped into LUT with out node empty_28)   --->   "%and_ln46_5 = or i1 %tmp_16, i1 %not_tmp_16" [firmware/nnet_utils/nnet_activation.h:46]   --->   Operation 78 'or' 'and_ln46_5' <Predicate = true> <Delay = 0.00> <CoreInst = "LogicGate">   --->   Core 74 'LogicGate' <Latency = 0> <II = 1> <Delay = 0.97> <FuncUnit> <Opcode : 'and' 'or' 'xor'> <InPorts = 2> <OutPorts = 1>
ST_1 : Operation 79 [1/1] (0.97ns) (out node of the LUT)   --->   "%empty_28 = and i1 %icmp_ln46_2, i1 %and_ln46_5" [firmware/nnet_utils/nnet_activation.h:46]   --->   Operation 79 'and' 'empty_28' <Predicate = true> <Delay = 0.97> <CoreInst = "LogicGate">   --->   Core 74 'LogicGate' <Latency = 0> <II = 1> <Delay = 0.97> <FuncUnit> <Opcode : 'and' 'or' 'xor'> <InPorts = 2> <OutPorts = 1>
ST_1 : Operation 80 [1/1] (2.07ns)   --->   "%icmp_ln45_3 = icmp_sgt  i16 %data_4_val_read, i16 0" [firmware/nnet_utils/nnet_activation.h:45]   --->   Operation 80 'icmp' 'icmp_ln45_3' <Predicate = true> <Delay = 2.07> <CoreInst = "Cmp">   --->   Core 9 'Cmp' <Latency = 0> <II = 1> <Delay = 2.07> <FuncUnit> <Opcode : 'seteq' 'setne' 'setle' 'setge' 'setlt' 'setgt'> <InPorts = 2> <OutPorts = 1>
ST_1 : Operation 81 [1/1] (0.00ns)   --->   "%tmp_17 = bitselect i1 @_ssdm_op_BitSelect.i1.i16.i32, i16 %data_4_val_read, i32 15" [firmware/nnet_utils/nnet_activation.h:46]   --->   Operation 81 'bitselect' 'tmp_17' <Predicate = true> <Delay = 0.00>
ST_1 : Operation 82 [1/1] (0.00ns) (grouped into LUT with out node add_ln46_3)   --->   "%trunc_ln46_3 = partselect i8 @_ssdm_op_PartSelect.i8.i16.i32.i32, i16 %data_4_val_read, i32 2, i32 9" [firmware/nnet_utils/nnet_activation.h:46]   --->   Operation 82 'partselect' 'trunc_ln46_3' <Predicate = true> <Delay = 0.00>
ST_1 : Operation 83 [1/1] (0.00ns) (grouped into LUT with out node add_ln46_3)   --->   "%tmp_18 = bitselect i1 @_ssdm_op_BitSelect.i1.i16.i32, i16 %data_4_val_read, i32 1" [firmware/nnet_utils/nnet_activation.h:46]   --->   Operation 83 'bitselect' 'tmp_18' <Predicate = true> <Delay = 0.00>
ST_1 : Operation 84 [1/1] (0.00ns) (grouped into LUT with out node add_ln46_3)   --->   "%trunc_ln46_27 = trunc i16 %data_4_val_read" [firmware/nnet_utils/nnet_activation.h:46]   --->   Operation 84 'trunc' 'trunc_ln46_27' <Predicate = true> <Delay = 0.00>
ST_1 : Operation 85 [1/1] (0.00ns) (grouped into LUT with out node empty_29)   --->   "%tmp_19 = bitselect i1 @_ssdm_op_BitSelect.i1.i16.i32, i16 %data_4_val_read, i32 9" [firmware/nnet_utils/nnet_activation.h:46]   --->   Operation 85 'bitselect' 'tmp_19' <Predicate = true> <Delay = 0.00>
ST_1 : Operation 86 [1/1] (0.00ns) (grouped into LUT with out node add_ln46_3)   --->   "%tmp_20 = bitselect i1 @_ssdm_op_BitSelect.i1.i16.i32, i16 %data_4_val_read, i32 2" [firmware/nnet_utils/nnet_activation.h:46]   --->   Operation 86 'bitselect' 'tmp_20' <Predicate = true> <Delay = 0.00>
ST_1 : Operation 87 [1/1] (0.00ns) (grouped into LUT with out node add_ln46_3)   --->   "%or_ln46_9 = or i1 %tmp_20, i1 %trunc_ln46_27" [firmware/nnet_utils/nnet_activation.h:46]   --->   Operation 87 'or' 'or_ln46_9' <Predicate = true> <Delay = 0.00> <CoreInst = "LogicGate">   --->   Core 74 'LogicGate' <Latency = 0> <II = 1> <Delay = 0.97> <FuncUnit> <Opcode : 'and' 'or' 'xor'> <InPorts = 2> <OutPorts = 1>
ST_1 : Operation 88 [1/1] (0.00ns) (grouped into LUT with out node add_ln46_3)   --->   "%and_ln46_6 = and i1 %or_ln46_9, i1 %tmp_18" [firmware/nnet_utils/nnet_activation.h:46]   --->   Operation 88 'and' 'and_ln46_6' <Predicate = true> <Delay = 0.00> <CoreInst = "LogicGate">   --->   Core 74 'LogicGate' <Latency = 0> <II = 1> <Delay = 0.97> <FuncUnit> <Opcode : 'and' 'or' 'xor'> <InPorts = 2> <OutPorts = 1>
ST_1 : Operation 89 [1/1] (0.00ns) (grouped into LUT with out node add_ln46_3)   --->   "%zext_ln46_3 = zext i1 %and_ln46_6" [firmware/nnet_utils/nnet_activation.h:46]   --->   Operation 89 'zext' 'zext_ln46_3' <Predicate = true> <Delay = 0.00>
ST_1 : Operation 90 [1/1] (1.91ns) (out node of the LUT)   --->   "%add_ln46_3 = add i8 %trunc_ln46_3, i8 %zext_ln46_3" [firmware/nnet_utils/nnet_activation.h:46]   --->   Operation 90 'add' 'add_ln46_3' <Predicate = true> <Delay = 1.91> <CoreInst = "Adder">   --->   Core 1 'Adder' <Latency = 0> <II = 1> <Delay = 1.91> <FuncUnit> <Opcode : 'add' 'sub'> <InPorts = 2> <OutPorts = 1>
ST_1 : Operation 91 [1/1] (0.00ns)   --->   "%tmp_21 = partselect i6 @_ssdm_op_PartSelect.i6.i16.i32.i32, i16 %data_4_val_read, i32 10, i32 15" [firmware/nnet_utils/nnet_activation.h:46]   --->   Operation 91 'partselect' 'tmp_21' <Predicate = true> <Delay = 0.00>
ST_1 : Operation 92 [1/1] (1.82ns)   --->   "%icmp_ln46_3 = icmp_eq  i6 %tmp_21, i6 0" [firmware/nnet_utils/nnet_activation.h:46]   --->   Operation 92 'icmp' 'icmp_ln46_3' <Predicate = true> <Delay = 1.82> <CoreInst = "Cmp">   --->   Core 9 'Cmp' <Latency = 0> <II = 1> <Delay = 1.82> <FuncUnit> <Opcode : 'seteq' 'setne' 'setle' 'setge' 'setlt' 'setgt'> <InPorts = 2> <OutPorts = 1>
ST_1 : Operation 93 [1/1] (0.00ns) (grouped into LUT with out node empty_29)   --->   "%tmp_22 = bitselect i1 @_ssdm_op_BitSelect.i1.i8.i32, i8 %add_ln46_3, i32 7" [firmware/nnet_utils/nnet_activation.h:46]   --->   Operation 93 'bitselect' 'tmp_22' <Predicate = true> <Delay = 0.00>
ST_1 : Operation 94 [1/1] (0.00ns) (grouped into LUT with out node empty_29)   --->   "%not_tmp_23 = xor i1 %tmp_19, i1 1" [firmware/nnet_utils/nnet_activation.h:46]   --->   Operation 94 'xor' 'not_tmp_23' <Predicate = true> <Delay = 0.00> <CoreInst = "LogicGate">   --->   Core 74 'LogicGate' <Latency = 0> <II = 1> <Delay = 0.97> <FuncUnit> <Opcode : 'and' 'or' 'xor'> <InPorts = 2> <OutPorts = 1>
ST_1 : Operation 95 [1/1] (0.00ns) (grouped into LUT with out node empty_29)   --->   "%and_ln46_7 = or i1 %tmp_22, i1 %not_tmp_23" [firmware/nnet_utils/nnet_activation.h:46]   --->   Operation 95 'or' 'and_ln46_7' <Predicate = true> <Delay = 0.00> <CoreInst = "LogicGate">   --->   Core 74 'LogicGate' <Latency = 0> <II = 1> <Delay = 0.97> <FuncUnit> <Opcode : 'and' 'or' 'xor'> <InPorts = 2> <OutPorts = 1>
ST_1 : Operation 96 [1/1] (0.97ns) (out node of the LUT)   --->   "%empty_29 = and i1 %icmp_ln46_3, i1 %and_ln46_7" [firmware/nnet_utils/nnet_activation.h:46]   --->   Operation 96 'and' 'empty_29' <Predicate = true> <Delay = 0.97> <CoreInst = "LogicGate">   --->   Core 74 'LogicGate' <Latency = 0> <II = 1> <Delay = 0.97> <FuncUnit> <Opcode : 'and' 'or' 'xor'> <InPorts = 2> <OutPorts = 1>
ST_1 : Operation 97 [1/1] (2.07ns)   --->   "%icmp_ln45_4 = icmp_sgt  i16 %data_5_val_read, i16 0" [firmware/nnet_utils/nnet_activation.h:45]   --->   Operation 97 'icmp' 'icmp_ln45_4' <Predicate = true> <Delay = 2.07> <CoreInst = "Cmp">   --->   Core 9 'Cmp' <Latency = 0> <II = 1> <Delay = 2.07> <FuncUnit> <Opcode : 'seteq' 'setne' 'setle' 'setge' 'setlt' 'setgt'> <InPorts = 2> <OutPorts = 1>
ST_1 : Operation 98 [1/1] (0.00ns)   --->   "%tmp_23 = bitselect i1 @_ssdm_op_BitSelect.i1.i16.i32, i16 %data_5_val_read, i32 15" [firmware/nnet_utils/nnet_activation.h:46]   --->   Operation 98 'bitselect' 'tmp_23' <Predicate = true> <Delay = 0.00>
ST_1 : Operation 99 [1/1] (0.00ns) (grouped into LUT with out node add_ln46_4)   --->   "%trunc_ln46_4 = partselect i8 @_ssdm_op_PartSelect.i8.i16.i32.i32, i16 %data_5_val_read, i32 2, i32 9" [firmware/nnet_utils/nnet_activation.h:46]   --->   Operation 99 'partselect' 'trunc_ln46_4' <Predicate = true> <Delay = 0.00>
ST_1 : Operation 100 [1/1] (0.00ns) (grouped into LUT with out node add_ln46_4)   --->   "%tmp_24 = bitselect i1 @_ssdm_op_BitSelect.i1.i16.i32, i16 %data_5_val_read, i32 1" [firmware/nnet_utils/nnet_activation.h:46]   --->   Operation 100 'bitselect' 'tmp_24' <Predicate = true> <Delay = 0.00>
ST_1 : Operation 101 [1/1] (0.00ns) (grouped into LUT with out node add_ln46_4)   --->   "%trunc_ln46_28 = trunc i16 %data_5_val_read" [firmware/nnet_utils/nnet_activation.h:46]   --->   Operation 101 'trunc' 'trunc_ln46_28' <Predicate = true> <Delay = 0.00>
ST_1 : Operation 102 [1/1] (0.00ns) (grouped into LUT with out node empty_30)   --->   "%tmp_25 = bitselect i1 @_ssdm_op_BitSelect.i1.i16.i32, i16 %data_5_val_read, i32 9" [firmware/nnet_utils/nnet_activation.h:46]   --->   Operation 102 'bitselect' 'tmp_25' <Predicate = true> <Delay = 0.00>
ST_1 : Operation 103 [1/1] (0.00ns) (grouped into LUT with out node add_ln46_4)   --->   "%tmp_26 = bitselect i1 @_ssdm_op_BitSelect.i1.i16.i32, i16 %data_5_val_read, i32 2" [firmware/nnet_utils/nnet_activation.h:46]   --->   Operation 103 'bitselect' 'tmp_26' <Predicate = true> <Delay = 0.00>
ST_1 : Operation 104 [1/1] (0.00ns) (grouped into LUT with out node add_ln46_4)   --->   "%or_ln46_12 = or i1 %tmp_26, i1 %trunc_ln46_28" [firmware/nnet_utils/nnet_activation.h:46]   --->   Operation 104 'or' 'or_ln46_12' <Predicate = true> <Delay = 0.00> <CoreInst = "LogicGate">   --->   Core 74 'LogicGate' <Latency = 0> <II = 1> <Delay = 0.97> <FuncUnit> <Opcode : 'and' 'or' 'xor'> <InPorts = 2> <OutPorts = 1>
ST_1 : Operation 105 [1/1] (0.00ns) (grouped into LUT with out node add_ln46_4)   --->   "%and_ln46_8 = and i1 %or_ln46_12, i1 %tmp_24" [firmware/nnet_utils/nnet_activation.h:46]   --->   Operation 105 'and' 'and_ln46_8' <Predicate = true> <Delay = 0.00> <CoreInst = "LogicGate">   --->   Core 74 'LogicGate' <Latency = 0> <II = 1> <Delay = 0.97> <FuncUnit> <Opcode : 'and' 'or' 'xor'> <InPorts = 2> <OutPorts = 1>
ST_1 : Operation 106 [1/1] (0.00ns) (grouped into LUT with out node add_ln46_4)   --->   "%zext_ln46_4 = zext i1 %and_ln46_8" [firmware/nnet_utils/nnet_activation.h:46]   --->   Operation 106 'zext' 'zext_ln46_4' <Predicate = true> <Delay = 0.00>
ST_1 : Operation 107 [1/1] (1.91ns) (out node of the LUT)   --->   "%add_ln46_4 = add i8 %trunc_ln46_4, i8 %zext_ln46_4" [firmware/nnet_utils/nnet_activation.h:46]   --->   Operation 107 'add' 'add_ln46_4' <Predicate = true> <Delay = 1.91> <CoreInst = "Adder">   --->   Core 1 'Adder' <Latency = 0> <II = 1> <Delay = 1.91> <FuncUnit> <Opcode : 'add' 'sub'> <InPorts = 2> <OutPorts = 1>
ST_1 : Operation 108 [1/1] (0.00ns)   --->   "%tmp_27 = partselect i6 @_ssdm_op_PartSelect.i6.i16.i32.i32, i16 %data_5_val_read, i32 10, i32 15" [firmware/nnet_utils/nnet_activation.h:46]   --->   Operation 108 'partselect' 'tmp_27' <Predicate = true> <Delay = 0.00>
ST_1 : Operation 109 [1/1] (1.82ns)   --->   "%icmp_ln46_4 = icmp_eq  i6 %tmp_27, i6 0" [firmware/nnet_utils/nnet_activation.h:46]   --->   Operation 109 'icmp' 'icmp_ln46_4' <Predicate = true> <Delay = 1.82> <CoreInst = "Cmp">   --->   Core 9 'Cmp' <Latency = 0> <II = 1> <Delay = 1.82> <FuncUnit> <Opcode : 'seteq' 'setne' 'setle' 'setge' 'setlt' 'setgt'> <InPorts = 2> <OutPorts = 1>
ST_1 : Operation 110 [1/1] (0.00ns) (grouped into LUT with out node empty_30)   --->   "%tmp_28 = bitselect i1 @_ssdm_op_BitSelect.i1.i8.i32, i8 %add_ln46_4, i32 7" [firmware/nnet_utils/nnet_activation.h:46]   --->   Operation 110 'bitselect' 'tmp_28' <Predicate = true> <Delay = 0.00>
ST_1 : Operation 111 [1/1] (0.00ns) (grouped into LUT with out node empty_30)   --->   "%not_tmp_30 = xor i1 %tmp_25, i1 1" [firmware/nnet_utils/nnet_activation.h:46]   --->   Operation 111 'xor' 'not_tmp_30' <Predicate = true> <Delay = 0.00> <CoreInst = "LogicGate">   --->   Core 74 'LogicGate' <Latency = 0> <II = 1> <Delay = 0.97> <FuncUnit> <Opcode : 'and' 'or' 'xor'> <InPorts = 2> <OutPorts = 1>
ST_1 : Operation 112 [1/1] (0.00ns) (grouped into LUT with out node empty_30)   --->   "%and_ln46_9 = or i1 %tmp_28, i1 %not_tmp_30" [firmware/nnet_utils/nnet_activation.h:46]   --->   Operation 112 'or' 'and_ln46_9' <Predicate = true> <Delay = 0.00> <CoreInst = "LogicGate">   --->   Core 74 'LogicGate' <Latency = 0> <II = 1> <Delay = 0.97> <FuncUnit> <Opcode : 'and' 'or' 'xor'> <InPorts = 2> <OutPorts = 1>
ST_1 : Operation 113 [1/1] (0.97ns) (out node of the LUT)   --->   "%empty_30 = and i1 %icmp_ln46_4, i1 %and_ln46_9" [firmware/nnet_utils/nnet_activation.h:46]   --->   Operation 113 'and' 'empty_30' <Predicate = true> <Delay = 0.97> <CoreInst = "LogicGate">   --->   Core 74 'LogicGate' <Latency = 0> <II = 1> <Delay = 0.97> <FuncUnit> <Opcode : 'and' 'or' 'xor'> <InPorts = 2> <OutPorts = 1>
ST_1 : Operation 114 [1/1] (2.07ns)   --->   "%icmp_ln45_5 = icmp_sgt  i16 %data_6_val_read, i16 0" [firmware/nnet_utils/nnet_activation.h:45]   --->   Operation 114 'icmp' 'icmp_ln45_5' <Predicate = true> <Delay = 2.07> <CoreInst = "Cmp">   --->   Core 9 'Cmp' <Latency = 0> <II = 1> <Delay = 2.07> <FuncUnit> <Opcode : 'seteq' 'setne' 'setle' 'setge' 'setlt' 'setgt'> <InPorts = 2> <OutPorts = 1>
ST_1 : Operation 115 [1/1] (0.00ns)   --->   "%tmp_29 = bitselect i1 @_ssdm_op_BitSelect.i1.i16.i32, i16 %data_6_val_read, i32 15" [firmware/nnet_utils/nnet_activation.h:46]   --->   Operation 115 'bitselect' 'tmp_29' <Predicate = true> <Delay = 0.00>
ST_1 : Operation 116 [1/1] (0.00ns) (grouped into LUT with out node add_ln46_5)   --->   "%trunc_ln46_5 = partselect i8 @_ssdm_op_PartSelect.i8.i16.i32.i32, i16 %data_6_val_read, i32 2, i32 9" [firmware/nnet_utils/nnet_activation.h:46]   --->   Operation 116 'partselect' 'trunc_ln46_5' <Predicate = true> <Delay = 0.00>
ST_1 : Operation 117 [1/1] (0.00ns) (grouped into LUT with out node add_ln46_5)   --->   "%tmp_30 = bitselect i1 @_ssdm_op_BitSelect.i1.i16.i32, i16 %data_6_val_read, i32 1" [firmware/nnet_utils/nnet_activation.h:46]   --->   Operation 117 'bitselect' 'tmp_30' <Predicate = true> <Delay = 0.00>
ST_1 : Operation 118 [1/1] (0.00ns) (grouped into LUT with out node add_ln46_5)   --->   "%trunc_ln46_29 = trunc i16 %data_6_val_read" [firmware/nnet_utils/nnet_activation.h:46]   --->   Operation 118 'trunc' 'trunc_ln46_29' <Predicate = true> <Delay = 0.00>
ST_1 : Operation 119 [1/1] (0.00ns) (grouped into LUT with out node empty_31)   --->   "%tmp_31 = bitselect i1 @_ssdm_op_BitSelect.i1.i16.i32, i16 %data_6_val_read, i32 9" [firmware/nnet_utils/nnet_activation.h:46]   --->   Operation 119 'bitselect' 'tmp_31' <Predicate = true> <Delay = 0.00>
ST_1 : Operation 120 [1/1] (0.00ns) (grouped into LUT with out node add_ln46_5)   --->   "%tmp_32 = bitselect i1 @_ssdm_op_BitSelect.i1.i16.i32, i16 %data_6_val_read, i32 2" [firmware/nnet_utils/nnet_activation.h:46]   --->   Operation 120 'bitselect' 'tmp_32' <Predicate = true> <Delay = 0.00>
ST_1 : Operation 121 [1/1] (0.00ns) (grouped into LUT with out node add_ln46_5)   --->   "%or_ln46_15 = or i1 %tmp_32, i1 %trunc_ln46_29" [firmware/nnet_utils/nnet_activation.h:46]   --->   Operation 121 'or' 'or_ln46_15' <Predicate = true> <Delay = 0.00> <CoreInst = "LogicGate">   --->   Core 74 'LogicGate' <Latency = 0> <II = 1> <Delay = 0.97> <FuncUnit> <Opcode : 'and' 'or' 'xor'> <InPorts = 2> <OutPorts = 1>
ST_1 : Operation 122 [1/1] (0.00ns) (grouped into LUT with out node add_ln46_5)   --->   "%and_ln46_10 = and i1 %or_ln46_15, i1 %tmp_30" [firmware/nnet_utils/nnet_activation.h:46]   --->   Operation 122 'and' 'and_ln46_10' <Predicate = true> <Delay = 0.00> <CoreInst = "LogicGate">   --->   Core 74 'LogicGate' <Latency = 0> <II = 1> <Delay = 0.97> <FuncUnit> <Opcode : 'and' 'or' 'xor'> <InPorts = 2> <OutPorts = 1>
ST_1 : Operation 123 [1/1] (0.00ns) (grouped into LUT with out node add_ln46_5)   --->   "%zext_ln46_5 = zext i1 %and_ln46_10" [firmware/nnet_utils/nnet_activation.h:46]   --->   Operation 123 'zext' 'zext_ln46_5' <Predicate = true> <Delay = 0.00>
ST_1 : Operation 124 [1/1] (1.91ns) (out node of the LUT)   --->   "%add_ln46_5 = add i8 %trunc_ln46_5, i8 %zext_ln46_5" [firmware/nnet_utils/nnet_activation.h:46]   --->   Operation 124 'add' 'add_ln46_5' <Predicate = true> <Delay = 1.91> <CoreInst = "Adder">   --->   Core 1 'Adder' <Latency = 0> <II = 1> <Delay = 1.91> <FuncUnit> <Opcode : 'add' 'sub'> <InPorts = 2> <OutPorts = 1>
ST_1 : Operation 125 [1/1] (0.00ns)   --->   "%tmp_33 = partselect i6 @_ssdm_op_PartSelect.i6.i16.i32.i32, i16 %data_6_val_read, i32 10, i32 15" [firmware/nnet_utils/nnet_activation.h:46]   --->   Operation 125 'partselect' 'tmp_33' <Predicate = true> <Delay = 0.00>
ST_1 : Operation 126 [1/1] (1.82ns)   --->   "%icmp_ln46_5 = icmp_eq  i6 %tmp_33, i6 0" [firmware/nnet_utils/nnet_activation.h:46]   --->   Operation 126 'icmp' 'icmp_ln46_5' <Predicate = true> <Delay = 1.82> <CoreInst = "Cmp">   --->   Core 9 'Cmp' <Latency = 0> <II = 1> <Delay = 1.82> <FuncUnit> <Opcode : 'seteq' 'setne' 'setle' 'setge' 'setlt' 'setgt'> <InPorts = 2> <OutPorts = 1>
ST_1 : Operation 127 [1/1] (0.00ns) (grouped into LUT with out node empty_31)   --->   "%tmp_34 = bitselect i1 @_ssdm_op_BitSelect.i1.i8.i32, i8 %add_ln46_5, i32 7" [firmware/nnet_utils/nnet_activation.h:46]   --->   Operation 127 'bitselect' 'tmp_34' <Predicate = true> <Delay = 0.00>
ST_1 : Operation 128 [1/1] (0.00ns) (grouped into LUT with out node empty_31)   --->   "%not_tmp_37 = xor i1 %tmp_31, i1 1" [firmware/nnet_utils/nnet_activation.h:46]   --->   Operation 128 'xor' 'not_tmp_37' <Predicate = true> <Delay = 0.00> <CoreInst = "LogicGate">   --->   Core 74 'LogicGate' <Latency = 0> <II = 1> <Delay = 0.97> <FuncUnit> <Opcode : 'and' 'or' 'xor'> <InPorts = 2> <OutPorts = 1>
ST_1 : Operation 129 [1/1] (0.00ns) (grouped into LUT with out node empty_31)   --->   "%and_ln46_11 = or i1 %tmp_34, i1 %not_tmp_37" [firmware/nnet_utils/nnet_activation.h:46]   --->   Operation 129 'or' 'and_ln46_11' <Predicate = true> <Delay = 0.00> <CoreInst = "LogicGate">   --->   Core 74 'LogicGate' <Latency = 0> <II = 1> <Delay = 0.97> <FuncUnit> <Opcode : 'and' 'or' 'xor'> <InPorts = 2> <OutPorts = 1>
ST_1 : Operation 130 [1/1] (0.97ns) (out node of the LUT)   --->   "%empty_31 = and i1 %icmp_ln46_5, i1 %and_ln46_11" [firmware/nnet_utils/nnet_activation.h:46]   --->   Operation 130 'and' 'empty_31' <Predicate = true> <Delay = 0.97> <CoreInst = "LogicGate">   --->   Core 74 'LogicGate' <Latency = 0> <II = 1> <Delay = 0.97> <FuncUnit> <Opcode : 'and' 'or' 'xor'> <InPorts = 2> <OutPorts = 1>
ST_1 : Operation 131 [1/1] (2.07ns)   --->   "%icmp_ln45_6 = icmp_sgt  i16 %data_8_val_read, i16 0" [firmware/nnet_utils/nnet_activation.h:45]   --->   Operation 131 'icmp' 'icmp_ln45_6' <Predicate = true> <Delay = 2.07> <CoreInst = "Cmp">   --->   Core 9 'Cmp' <Latency = 0> <II = 1> <Delay = 2.07> <FuncUnit> <Opcode : 'seteq' 'setne' 'setle' 'setge' 'setlt' 'setgt'> <InPorts = 2> <OutPorts = 1>
ST_1 : Operation 132 [1/1] (0.00ns)   --->   "%tmp_35 = bitselect i1 @_ssdm_op_BitSelect.i1.i16.i32, i16 %data_8_val_read, i32 15" [firmware/nnet_utils/nnet_activation.h:46]   --->   Operation 132 'bitselect' 'tmp_35' <Predicate = true> <Delay = 0.00>
ST_1 : Operation 133 [1/1] (0.00ns) (grouped into LUT with out node add_ln46_6)   --->   "%trunc_ln46_6 = partselect i8 @_ssdm_op_PartSelect.i8.i16.i32.i32, i16 %data_8_val_read, i32 2, i32 9" [firmware/nnet_utils/nnet_activation.h:46]   --->   Operation 133 'partselect' 'trunc_ln46_6' <Predicate = true> <Delay = 0.00>
ST_1 : Operation 134 [1/1] (0.00ns) (grouped into LUT with out node add_ln46_6)   --->   "%tmp_36 = bitselect i1 @_ssdm_op_BitSelect.i1.i16.i32, i16 %data_8_val_read, i32 1" [firmware/nnet_utils/nnet_activation.h:46]   --->   Operation 134 'bitselect' 'tmp_36' <Predicate = true> <Delay = 0.00>
ST_1 : Operation 135 [1/1] (0.00ns) (grouped into LUT with out node add_ln46_6)   --->   "%trunc_ln46_30 = trunc i16 %data_8_val_read" [firmware/nnet_utils/nnet_activation.h:46]   --->   Operation 135 'trunc' 'trunc_ln46_30' <Predicate = true> <Delay = 0.00>
ST_1 : Operation 136 [1/1] (0.00ns) (grouped into LUT with out node empty_32)   --->   "%tmp_37 = bitselect i1 @_ssdm_op_BitSelect.i1.i16.i32, i16 %data_8_val_read, i32 9" [firmware/nnet_utils/nnet_activation.h:46]   --->   Operation 136 'bitselect' 'tmp_37' <Predicate = true> <Delay = 0.00>
ST_1 : Operation 137 [1/1] (0.00ns) (grouped into LUT with out node add_ln46_6)   --->   "%tmp_38 = bitselect i1 @_ssdm_op_BitSelect.i1.i16.i32, i16 %data_8_val_read, i32 2" [firmware/nnet_utils/nnet_activation.h:46]   --->   Operation 137 'bitselect' 'tmp_38' <Predicate = true> <Delay = 0.00>
ST_1 : Operation 138 [1/1] (0.00ns) (grouped into LUT with out node add_ln46_6)   --->   "%or_ln46_18 = or i1 %tmp_38, i1 %trunc_ln46_30" [firmware/nnet_utils/nnet_activation.h:46]   --->   Operation 138 'or' 'or_ln46_18' <Predicate = true> <Delay = 0.00> <CoreInst = "LogicGate">   --->   Core 74 'LogicGate' <Latency = 0> <II = 1> <Delay = 0.97> <FuncUnit> <Opcode : 'and' 'or' 'xor'> <InPorts = 2> <OutPorts = 1>
ST_1 : Operation 139 [1/1] (0.00ns) (grouped into LUT with out node add_ln46_6)   --->   "%and_ln46_12 = and i1 %or_ln46_18, i1 %tmp_36" [firmware/nnet_utils/nnet_activation.h:46]   --->   Operation 139 'and' 'and_ln46_12' <Predicate = true> <Delay = 0.00> <CoreInst = "LogicGate">   --->   Core 74 'LogicGate' <Latency = 0> <II = 1> <Delay = 0.97> <FuncUnit> <Opcode : 'and' 'or' 'xor'> <InPorts = 2> <OutPorts = 1>
ST_1 : Operation 140 [1/1] (0.00ns) (grouped into LUT with out node add_ln46_6)   --->   "%zext_ln46_6 = zext i1 %and_ln46_12" [firmware/nnet_utils/nnet_activation.h:46]   --->   Operation 140 'zext' 'zext_ln46_6' <Predicate = true> <Delay = 0.00>
ST_1 : Operation 141 [1/1] (1.91ns) (out node of the LUT)   --->   "%add_ln46_6 = add i8 %trunc_ln46_6, i8 %zext_ln46_6" [firmware/nnet_utils/nnet_activation.h:46]   --->   Operation 141 'add' 'add_ln46_6' <Predicate = true> <Delay = 1.91> <CoreInst = "Adder">   --->   Core 1 'Adder' <Latency = 0> <II = 1> <Delay = 1.91> <FuncUnit> <Opcode : 'add' 'sub'> <InPorts = 2> <OutPorts = 1>
ST_1 : Operation 142 [1/1] (0.00ns)   --->   "%tmp_39 = partselect i6 @_ssdm_op_PartSelect.i6.i16.i32.i32, i16 %data_8_val_read, i32 10, i32 15" [firmware/nnet_utils/nnet_activation.h:46]   --->   Operation 142 'partselect' 'tmp_39' <Predicate = true> <Delay = 0.00>
ST_1 : Operation 143 [1/1] (1.82ns)   --->   "%icmp_ln46_6 = icmp_eq  i6 %tmp_39, i6 0" [firmware/nnet_utils/nnet_activation.h:46]   --->   Operation 143 'icmp' 'icmp_ln46_6' <Predicate = true> <Delay = 1.82> <CoreInst = "Cmp">   --->   Core 9 'Cmp' <Latency = 0> <II = 1> <Delay = 1.82> <FuncUnit> <Opcode : 'seteq' 'setne' 'setle' 'setge' 'setlt' 'setgt'> <InPorts = 2> <OutPorts = 1>
ST_1 : Operation 144 [1/1] (0.00ns) (grouped into LUT with out node empty_32)   --->   "%tmp_40 = bitselect i1 @_ssdm_op_BitSelect.i1.i8.i32, i8 %add_ln46_6, i32 7" [firmware/nnet_utils/nnet_activation.h:46]   --->   Operation 144 'bitselect' 'tmp_40' <Predicate = true> <Delay = 0.00>
ST_1 : Operation 145 [1/1] (0.00ns) (grouped into LUT with out node empty_32)   --->   "%not_tmp_44 = xor i1 %tmp_37, i1 1" [firmware/nnet_utils/nnet_activation.h:46]   --->   Operation 145 'xor' 'not_tmp_44' <Predicate = true> <Delay = 0.00> <CoreInst = "LogicGate">   --->   Core 74 'LogicGate' <Latency = 0> <II = 1> <Delay = 0.97> <FuncUnit> <Opcode : 'and' 'or' 'xor'> <InPorts = 2> <OutPorts = 1>
ST_1 : Operation 146 [1/1] (0.00ns) (grouped into LUT with out node empty_32)   --->   "%and_ln46_13 = or i1 %tmp_40, i1 %not_tmp_44" [firmware/nnet_utils/nnet_activation.h:46]   --->   Operation 146 'or' 'and_ln46_13' <Predicate = true> <Delay = 0.00> <CoreInst = "LogicGate">   --->   Core 74 'LogicGate' <Latency = 0> <II = 1> <Delay = 0.97> <FuncUnit> <Opcode : 'and' 'or' 'xor'> <InPorts = 2> <OutPorts = 1>
ST_1 : Operation 147 [1/1] (0.97ns) (out node of the LUT)   --->   "%empty_32 = and i1 %icmp_ln46_6, i1 %and_ln46_13" [firmware/nnet_utils/nnet_activation.h:46]   --->   Operation 147 'and' 'empty_32' <Predicate = true> <Delay = 0.97> <CoreInst = "LogicGate">   --->   Core 74 'LogicGate' <Latency = 0> <II = 1> <Delay = 0.97> <FuncUnit> <Opcode : 'and' 'or' 'xor'> <InPorts = 2> <OutPorts = 1>
ST_1 : Operation 148 [1/1] (2.07ns)   --->   "%icmp_ln45_7 = icmp_sgt  i16 %data_9_val_read, i16 0" [firmware/nnet_utils/nnet_activation.h:45]   --->   Operation 148 'icmp' 'icmp_ln45_7' <Predicate = true> <Delay = 2.07> <CoreInst = "Cmp">   --->   Core 9 'Cmp' <Latency = 0> <II = 1> <Delay = 2.07> <FuncUnit> <Opcode : 'seteq' 'setne' 'setle' 'setge' 'setlt' 'setgt'> <InPorts = 2> <OutPorts = 1>
ST_1 : Operation 149 [1/1] (0.00ns)   --->   "%tmp_41 = bitselect i1 @_ssdm_op_BitSelect.i1.i16.i32, i16 %data_9_val_read, i32 15" [firmware/nnet_utils/nnet_activation.h:46]   --->   Operation 149 'bitselect' 'tmp_41' <Predicate = true> <Delay = 0.00>
ST_1 : Operation 150 [1/1] (0.00ns) (grouped into LUT with out node add_ln46_7)   --->   "%trunc_ln46_7 = partselect i8 @_ssdm_op_PartSelect.i8.i16.i32.i32, i16 %data_9_val_read, i32 2, i32 9" [firmware/nnet_utils/nnet_activation.h:46]   --->   Operation 150 'partselect' 'trunc_ln46_7' <Predicate = true> <Delay = 0.00>
ST_1 : Operation 151 [1/1] (0.00ns) (grouped into LUT with out node add_ln46_7)   --->   "%tmp_42 = bitselect i1 @_ssdm_op_BitSelect.i1.i16.i32, i16 %data_9_val_read, i32 1" [firmware/nnet_utils/nnet_activation.h:46]   --->   Operation 151 'bitselect' 'tmp_42' <Predicate = true> <Delay = 0.00>
ST_1 : Operation 152 [1/1] (0.00ns) (grouped into LUT with out node add_ln46_7)   --->   "%trunc_ln46_31 = trunc i16 %data_9_val_read" [firmware/nnet_utils/nnet_activation.h:46]   --->   Operation 152 'trunc' 'trunc_ln46_31' <Predicate = true> <Delay = 0.00>
ST_1 : Operation 153 [1/1] (0.00ns) (grouped into LUT with out node empty_33)   --->   "%tmp_43 = bitselect i1 @_ssdm_op_BitSelect.i1.i16.i32, i16 %data_9_val_read, i32 9" [firmware/nnet_utils/nnet_activation.h:46]   --->   Operation 153 'bitselect' 'tmp_43' <Predicate = true> <Delay = 0.00>
ST_1 : Operation 154 [1/1] (0.00ns) (grouped into LUT with out node add_ln46_7)   --->   "%tmp_44 = bitselect i1 @_ssdm_op_BitSelect.i1.i16.i32, i16 %data_9_val_read, i32 2" [firmware/nnet_utils/nnet_activation.h:46]   --->   Operation 154 'bitselect' 'tmp_44' <Predicate = true> <Delay = 0.00>
ST_1 : Operation 155 [1/1] (0.00ns) (grouped into LUT with out node add_ln46_7)   --->   "%or_ln46_21 = or i1 %tmp_44, i1 %trunc_ln46_31" [firmware/nnet_utils/nnet_activation.h:46]   --->   Operation 155 'or' 'or_ln46_21' <Predicate = true> <Delay = 0.00> <CoreInst = "LogicGate">   --->   Core 74 'LogicGate' <Latency = 0> <II = 1> <Delay = 0.97> <FuncUnit> <Opcode : 'and' 'or' 'xor'> <InPorts = 2> <OutPorts = 1>
ST_1 : Operation 156 [1/1] (0.00ns) (grouped into LUT with out node add_ln46_7)   --->   "%and_ln46_14 = and i1 %or_ln46_21, i1 %tmp_42" [firmware/nnet_utils/nnet_activation.h:46]   --->   Operation 156 'and' 'and_ln46_14' <Predicate = true> <Delay = 0.00> <CoreInst = "LogicGate">   --->   Core 74 'LogicGate' <Latency = 0> <II = 1> <Delay = 0.97> <FuncUnit> <Opcode : 'and' 'or' 'xor'> <InPorts = 2> <OutPorts = 1>
ST_1 : Operation 157 [1/1] (0.00ns) (grouped into LUT with out node add_ln46_7)   --->   "%zext_ln46_7 = zext i1 %and_ln46_14" [firmware/nnet_utils/nnet_activation.h:46]   --->   Operation 157 'zext' 'zext_ln46_7' <Predicate = true> <Delay = 0.00>
ST_1 : Operation 158 [1/1] (1.91ns) (out node of the LUT)   --->   "%add_ln46_7 = add i8 %trunc_ln46_7, i8 %zext_ln46_7" [firmware/nnet_utils/nnet_activation.h:46]   --->   Operation 158 'add' 'add_ln46_7' <Predicate = true> <Delay = 1.91> <CoreInst = "Adder">   --->   Core 1 'Adder' <Latency = 0> <II = 1> <Delay = 1.91> <FuncUnit> <Opcode : 'add' 'sub'> <InPorts = 2> <OutPorts = 1>
ST_1 : Operation 159 [1/1] (0.00ns)   --->   "%tmp_45 = partselect i6 @_ssdm_op_PartSelect.i6.i16.i32.i32, i16 %data_9_val_read, i32 10, i32 15" [firmware/nnet_utils/nnet_activation.h:46]   --->   Operation 159 'partselect' 'tmp_45' <Predicate = true> <Delay = 0.00>
ST_1 : Operation 160 [1/1] (1.82ns)   --->   "%icmp_ln46_7 = icmp_eq  i6 %tmp_45, i6 0" [firmware/nnet_utils/nnet_activation.h:46]   --->   Operation 160 'icmp' 'icmp_ln46_7' <Predicate = true> <Delay = 1.82> <CoreInst = "Cmp">   --->   Core 9 'Cmp' <Latency = 0> <II = 1> <Delay = 1.82> <FuncUnit> <Opcode : 'seteq' 'setne' 'setle' 'setge' 'setlt' 'setgt'> <InPorts = 2> <OutPorts = 1>
ST_1 : Operation 161 [1/1] (0.00ns) (grouped into LUT with out node empty_33)   --->   "%tmp_46 = bitselect i1 @_ssdm_op_BitSelect.i1.i8.i32, i8 %add_ln46_7, i32 7" [firmware/nnet_utils/nnet_activation.h:46]   --->   Operation 161 'bitselect' 'tmp_46' <Predicate = true> <Delay = 0.00>
ST_1 : Operation 162 [1/1] (0.00ns) (grouped into LUT with out node empty_33)   --->   "%not_tmp_51 = xor i1 %tmp_43, i1 1" [firmware/nnet_utils/nnet_activation.h:46]   --->   Operation 162 'xor' 'not_tmp_51' <Predicate = true> <Delay = 0.00> <CoreInst = "LogicGate">   --->   Core 74 'LogicGate' <Latency = 0> <II = 1> <Delay = 0.97> <FuncUnit> <Opcode : 'and' 'or' 'xor'> <InPorts = 2> <OutPorts = 1>
ST_1 : Operation 163 [1/1] (0.00ns) (grouped into LUT with out node empty_33)   --->   "%and_ln46_15 = or i1 %tmp_46, i1 %not_tmp_51" [firmware/nnet_utils/nnet_activation.h:46]   --->   Operation 163 'or' 'and_ln46_15' <Predicate = true> <Delay = 0.00> <CoreInst = "LogicGate">   --->   Core 74 'LogicGate' <Latency = 0> <II = 1> <Delay = 0.97> <FuncUnit> <Opcode : 'and' 'or' 'xor'> <InPorts = 2> <OutPorts = 1>
ST_1 : Operation 164 [1/1] (0.97ns) (out node of the LUT)   --->   "%empty_33 = and i1 %icmp_ln46_7, i1 %and_ln46_15" [firmware/nnet_utils/nnet_activation.h:46]   --->   Operation 164 'and' 'empty_33' <Predicate = true> <Delay = 0.97> <CoreInst = "LogicGate">   --->   Core 74 'LogicGate' <Latency = 0> <II = 1> <Delay = 0.97> <FuncUnit> <Opcode : 'and' 'or' 'xor'> <InPorts = 2> <OutPorts = 1>
ST_1 : Operation 165 [1/1] (2.07ns)   --->   "%icmp_ln45_8 = icmp_sgt  i16 %data_10_val_read, i16 0" [firmware/nnet_utils/nnet_activation.h:45]   --->   Operation 165 'icmp' 'icmp_ln45_8' <Predicate = true> <Delay = 2.07> <CoreInst = "Cmp">   --->   Core 9 'Cmp' <Latency = 0> <II = 1> <Delay = 2.07> <FuncUnit> <Opcode : 'seteq' 'setne' 'setle' 'setge' 'setlt' 'setgt'> <InPorts = 2> <OutPorts = 1>
ST_1 : Operation 166 [1/1] (0.00ns)   --->   "%tmp_47 = bitselect i1 @_ssdm_op_BitSelect.i1.i16.i32, i16 %data_10_val_read, i32 15" [firmware/nnet_utils/nnet_activation.h:46]   --->   Operation 166 'bitselect' 'tmp_47' <Predicate = true> <Delay = 0.00>
ST_1 : Operation 167 [1/1] (0.00ns) (grouped into LUT with out node add_ln46_8)   --->   "%trunc_ln46_8 = partselect i8 @_ssdm_op_PartSelect.i8.i16.i32.i32, i16 %data_10_val_read, i32 2, i32 9" [firmware/nnet_utils/nnet_activation.h:46]   --->   Operation 167 'partselect' 'trunc_ln46_8' <Predicate = true> <Delay = 0.00>
ST_1 : Operation 168 [1/1] (0.00ns) (grouped into LUT with out node add_ln46_8)   --->   "%tmp_48 = bitselect i1 @_ssdm_op_BitSelect.i1.i16.i32, i16 %data_10_val_read, i32 1" [firmware/nnet_utils/nnet_activation.h:46]   --->   Operation 168 'bitselect' 'tmp_48' <Predicate = true> <Delay = 0.00>
ST_1 : Operation 169 [1/1] (0.00ns) (grouped into LUT with out node add_ln46_8)   --->   "%trunc_ln46_32 = trunc i16 %data_10_val_read" [firmware/nnet_utils/nnet_activation.h:46]   --->   Operation 169 'trunc' 'trunc_ln46_32' <Predicate = true> <Delay = 0.00>
ST_1 : Operation 170 [1/1] (0.00ns) (grouped into LUT with out node empty_34)   --->   "%tmp_49 = bitselect i1 @_ssdm_op_BitSelect.i1.i16.i32, i16 %data_10_val_read, i32 9" [firmware/nnet_utils/nnet_activation.h:46]   --->   Operation 170 'bitselect' 'tmp_49' <Predicate = true> <Delay = 0.00>
ST_1 : Operation 171 [1/1] (0.00ns) (grouped into LUT with out node add_ln46_8)   --->   "%tmp_50 = bitselect i1 @_ssdm_op_BitSelect.i1.i16.i32, i16 %data_10_val_read, i32 2" [firmware/nnet_utils/nnet_activation.h:46]   --->   Operation 171 'bitselect' 'tmp_50' <Predicate = true> <Delay = 0.00>
ST_1 : Operation 172 [1/1] (0.00ns) (grouped into LUT with out node add_ln46_8)   --->   "%or_ln46_24 = or i1 %tmp_50, i1 %trunc_ln46_32" [firmware/nnet_utils/nnet_activation.h:46]   --->   Operation 172 'or' 'or_ln46_24' <Predicate = true> <Delay = 0.00> <CoreInst = "LogicGate">   --->   Core 74 'LogicGate' <Latency = 0> <II = 1> <Delay = 0.97> <FuncUnit> <Opcode : 'and' 'or' 'xor'> <InPorts = 2> <OutPorts = 1>
ST_1 : Operation 173 [1/1] (0.00ns) (grouped into LUT with out node add_ln46_8)   --->   "%and_ln46_16 = and i1 %or_ln46_24, i1 %tmp_48" [firmware/nnet_utils/nnet_activation.h:46]   --->   Operation 173 'and' 'and_ln46_16' <Predicate = true> <Delay = 0.00> <CoreInst = "LogicGate">   --->   Core 74 'LogicGate' <Latency = 0> <II = 1> <Delay = 0.97> <FuncUnit> <Opcode : 'and' 'or' 'xor'> <InPorts = 2> <OutPorts = 1>
ST_1 : Operation 174 [1/1] (0.00ns) (grouped into LUT with out node add_ln46_8)   --->   "%zext_ln46_8 = zext i1 %and_ln46_16" [firmware/nnet_utils/nnet_activation.h:46]   --->   Operation 174 'zext' 'zext_ln46_8' <Predicate = true> <Delay = 0.00>
ST_1 : Operation 175 [1/1] (1.91ns) (out node of the LUT)   --->   "%add_ln46_8 = add i8 %trunc_ln46_8, i8 %zext_ln46_8" [firmware/nnet_utils/nnet_activation.h:46]   --->   Operation 175 'add' 'add_ln46_8' <Predicate = true> <Delay = 1.91> <CoreInst = "Adder">   --->   Core 1 'Adder' <Latency = 0> <II = 1> <Delay = 1.91> <FuncUnit> <Opcode : 'add' 'sub'> <InPorts = 2> <OutPorts = 1>
ST_1 : Operation 176 [1/1] (0.00ns)   --->   "%tmp_51 = partselect i6 @_ssdm_op_PartSelect.i6.i16.i32.i32, i16 %data_10_val_read, i32 10, i32 15" [firmware/nnet_utils/nnet_activation.h:46]   --->   Operation 176 'partselect' 'tmp_51' <Predicate = true> <Delay = 0.00>
ST_1 : Operation 177 [1/1] (1.82ns)   --->   "%icmp_ln46_8 = icmp_eq  i6 %tmp_51, i6 0" [firmware/nnet_utils/nnet_activation.h:46]   --->   Operation 177 'icmp' 'icmp_ln46_8' <Predicate = true> <Delay = 1.82> <CoreInst = "Cmp">   --->   Core 9 'Cmp' <Latency = 0> <II = 1> <Delay = 1.82> <FuncUnit> <Opcode : 'seteq' 'setne' 'setle' 'setge' 'setlt' 'setgt'> <InPorts = 2> <OutPorts = 1>
ST_1 : Operation 178 [1/1] (0.00ns) (grouped into LUT with out node empty_34)   --->   "%tmp_52 = bitselect i1 @_ssdm_op_BitSelect.i1.i8.i32, i8 %add_ln46_8, i32 7" [firmware/nnet_utils/nnet_activation.h:46]   --->   Operation 178 'bitselect' 'tmp_52' <Predicate = true> <Delay = 0.00>
ST_1 : Operation 179 [1/1] (0.00ns) (grouped into LUT with out node empty_34)   --->   "%not_tmp_58 = xor i1 %tmp_49, i1 1" [firmware/nnet_utils/nnet_activation.h:46]   --->   Operation 179 'xor' 'not_tmp_58' <Predicate = true> <Delay = 0.00> <CoreInst = "LogicGate">   --->   Core 74 'LogicGate' <Latency = 0> <II = 1> <Delay = 0.97> <FuncUnit> <Opcode : 'and' 'or' 'xor'> <InPorts = 2> <OutPorts = 1>
ST_1 : Operation 180 [1/1] (0.00ns) (grouped into LUT with out node empty_34)   --->   "%and_ln46_17 = or i1 %tmp_52, i1 %not_tmp_58" [firmware/nnet_utils/nnet_activation.h:46]   --->   Operation 180 'or' 'and_ln46_17' <Predicate = true> <Delay = 0.00> <CoreInst = "LogicGate">   --->   Core 74 'LogicGate' <Latency = 0> <II = 1> <Delay = 0.97> <FuncUnit> <Opcode : 'and' 'or' 'xor'> <InPorts = 2> <OutPorts = 1>
ST_1 : Operation 181 [1/1] (0.97ns) (out node of the LUT)   --->   "%empty_34 = and i1 %icmp_ln46_8, i1 %and_ln46_17" [firmware/nnet_utils/nnet_activation.h:46]   --->   Operation 181 'and' 'empty_34' <Predicate = true> <Delay = 0.97> <CoreInst = "LogicGate">   --->   Core 74 'LogicGate' <Latency = 0> <II = 1> <Delay = 0.97> <FuncUnit> <Opcode : 'and' 'or' 'xor'> <InPorts = 2> <OutPorts = 1>
ST_1 : Operation 182 [1/1] (2.07ns)   --->   "%icmp_ln45_9 = icmp_sgt  i16 %data_11_val_read, i16 0" [firmware/nnet_utils/nnet_activation.h:45]   --->   Operation 182 'icmp' 'icmp_ln45_9' <Predicate = true> <Delay = 2.07> <CoreInst = "Cmp">   --->   Core 9 'Cmp' <Latency = 0> <II = 1> <Delay = 2.07> <FuncUnit> <Opcode : 'seteq' 'setne' 'setle' 'setge' 'setlt' 'setgt'> <InPorts = 2> <OutPorts = 1>
ST_1 : Operation 183 [1/1] (0.00ns)   --->   "%tmp_53 = bitselect i1 @_ssdm_op_BitSelect.i1.i16.i32, i16 %data_11_val_read, i32 15" [firmware/nnet_utils/nnet_activation.h:46]   --->   Operation 183 'bitselect' 'tmp_53' <Predicate = true> <Delay = 0.00>
ST_1 : Operation 184 [1/1] (0.00ns) (grouped into LUT with out node add_ln46_9)   --->   "%trunc_ln46_9 = partselect i8 @_ssdm_op_PartSelect.i8.i16.i32.i32, i16 %data_11_val_read, i32 2, i32 9" [firmware/nnet_utils/nnet_activation.h:46]   --->   Operation 184 'partselect' 'trunc_ln46_9' <Predicate = true> <Delay = 0.00>
ST_1 : Operation 185 [1/1] (0.00ns) (grouped into LUT with out node add_ln46_9)   --->   "%tmp_54 = bitselect i1 @_ssdm_op_BitSelect.i1.i16.i32, i16 %data_11_val_read, i32 1" [firmware/nnet_utils/nnet_activation.h:46]   --->   Operation 185 'bitselect' 'tmp_54' <Predicate = true> <Delay = 0.00>
ST_1 : Operation 186 [1/1] (0.00ns) (grouped into LUT with out node add_ln46_9)   --->   "%trunc_ln46_33 = trunc i16 %data_11_val_read" [firmware/nnet_utils/nnet_activation.h:46]   --->   Operation 186 'trunc' 'trunc_ln46_33' <Predicate = true> <Delay = 0.00>
ST_1 : Operation 187 [1/1] (0.00ns) (grouped into LUT with out node empty_35)   --->   "%tmp_55 = bitselect i1 @_ssdm_op_BitSelect.i1.i16.i32, i16 %data_11_val_read, i32 9" [firmware/nnet_utils/nnet_activation.h:46]   --->   Operation 187 'bitselect' 'tmp_55' <Predicate = true> <Delay = 0.00>
ST_1 : Operation 188 [1/1] (0.00ns) (grouped into LUT with out node add_ln46_9)   --->   "%tmp_56 = bitselect i1 @_ssdm_op_BitSelect.i1.i16.i32, i16 %data_11_val_read, i32 2" [firmware/nnet_utils/nnet_activation.h:46]   --->   Operation 188 'bitselect' 'tmp_56' <Predicate = true> <Delay = 0.00>
ST_1 : Operation 189 [1/1] (0.00ns) (grouped into LUT with out node add_ln46_9)   --->   "%or_ln46_27 = or i1 %tmp_56, i1 %trunc_ln46_33" [firmware/nnet_utils/nnet_activation.h:46]   --->   Operation 189 'or' 'or_ln46_27' <Predicate = true> <Delay = 0.00> <CoreInst = "LogicGate">   --->   Core 74 'LogicGate' <Latency = 0> <II = 1> <Delay = 0.97> <FuncUnit> <Opcode : 'and' 'or' 'xor'> <InPorts = 2> <OutPorts = 1>
ST_1 : Operation 190 [1/1] (0.00ns) (grouped into LUT with out node add_ln46_9)   --->   "%and_ln46_18 = and i1 %or_ln46_27, i1 %tmp_54" [firmware/nnet_utils/nnet_activation.h:46]   --->   Operation 190 'and' 'and_ln46_18' <Predicate = true> <Delay = 0.00> <CoreInst = "LogicGate">   --->   Core 74 'LogicGate' <Latency = 0> <II = 1> <Delay = 0.97> <FuncUnit> <Opcode : 'and' 'or' 'xor'> <InPorts = 2> <OutPorts = 1>
ST_1 : Operation 191 [1/1] (0.00ns) (grouped into LUT with out node add_ln46_9)   --->   "%zext_ln46_9 = zext i1 %and_ln46_18" [firmware/nnet_utils/nnet_activation.h:46]   --->   Operation 191 'zext' 'zext_ln46_9' <Predicate = true> <Delay = 0.00>
ST_1 : Operation 192 [1/1] (1.91ns) (out node of the LUT)   --->   "%add_ln46_9 = add i8 %trunc_ln46_9, i8 %zext_ln46_9" [firmware/nnet_utils/nnet_activation.h:46]   --->   Operation 192 'add' 'add_ln46_9' <Predicate = true> <Delay = 1.91> <CoreInst = "Adder">   --->   Core 1 'Adder' <Latency = 0> <II = 1> <Delay = 1.91> <FuncUnit> <Opcode : 'add' 'sub'> <InPorts = 2> <OutPorts = 1>
ST_1 : Operation 193 [1/1] (0.00ns)   --->   "%tmp_57 = partselect i6 @_ssdm_op_PartSelect.i6.i16.i32.i32, i16 %data_11_val_read, i32 10, i32 15" [firmware/nnet_utils/nnet_activation.h:46]   --->   Operation 193 'partselect' 'tmp_57' <Predicate = true> <Delay = 0.00>
ST_1 : Operation 194 [1/1] (1.82ns)   --->   "%icmp_ln46_9 = icmp_eq  i6 %tmp_57, i6 0" [firmware/nnet_utils/nnet_activation.h:46]   --->   Operation 194 'icmp' 'icmp_ln46_9' <Predicate = true> <Delay = 1.82> <CoreInst = "Cmp">   --->   Core 9 'Cmp' <Latency = 0> <II = 1> <Delay = 1.82> <FuncUnit> <Opcode : 'seteq' 'setne' 'setle' 'setge' 'setlt' 'setgt'> <InPorts = 2> <OutPorts = 1>
ST_1 : Operation 195 [1/1] (0.00ns) (grouped into LUT with out node empty_35)   --->   "%tmp_58 = bitselect i1 @_ssdm_op_BitSelect.i1.i8.i32, i8 %add_ln46_9, i32 7" [firmware/nnet_utils/nnet_activation.h:46]   --->   Operation 195 'bitselect' 'tmp_58' <Predicate = true> <Delay = 0.00>
ST_1 : Operation 196 [1/1] (0.00ns) (grouped into LUT with out node empty_35)   --->   "%not_tmp_65 = xor i1 %tmp_55, i1 1" [firmware/nnet_utils/nnet_activation.h:46]   --->   Operation 196 'xor' 'not_tmp_65' <Predicate = true> <Delay = 0.00> <CoreInst = "LogicGate">   --->   Core 74 'LogicGate' <Latency = 0> <II = 1> <Delay = 0.97> <FuncUnit> <Opcode : 'and' 'or' 'xor'> <InPorts = 2> <OutPorts = 1>
ST_1 : Operation 197 [1/1] (0.00ns) (grouped into LUT with out node empty_35)   --->   "%and_ln46_19 = or i1 %tmp_58, i1 %not_tmp_65" [firmware/nnet_utils/nnet_activation.h:46]   --->   Operation 197 'or' 'and_ln46_19' <Predicate = true> <Delay = 0.00> <CoreInst = "LogicGate">   --->   Core 74 'LogicGate' <Latency = 0> <II = 1> <Delay = 0.97> <FuncUnit> <Opcode : 'and' 'or' 'xor'> <InPorts = 2> <OutPorts = 1>
ST_1 : Operation 198 [1/1] (0.97ns) (out node of the LUT)   --->   "%empty_35 = and i1 %icmp_ln46_9, i1 %and_ln46_19" [firmware/nnet_utils/nnet_activation.h:46]   --->   Operation 198 'and' 'empty_35' <Predicate = true> <Delay = 0.97> <CoreInst = "LogicGate">   --->   Core 74 'LogicGate' <Latency = 0> <II = 1> <Delay = 0.97> <FuncUnit> <Opcode : 'and' 'or' 'xor'> <InPorts = 2> <OutPorts = 1>
ST_1 : Operation 199 [1/1] (2.07ns)   --->   "%icmp_ln45_10 = icmp_sgt  i16 %data_12_val_read, i16 0" [firmware/nnet_utils/nnet_activation.h:45]   --->   Operation 199 'icmp' 'icmp_ln45_10' <Predicate = true> <Delay = 2.07> <CoreInst = "Cmp">   --->   Core 9 'Cmp' <Latency = 0> <II = 1> <Delay = 2.07> <FuncUnit> <Opcode : 'seteq' 'setne' 'setle' 'setge' 'setlt' 'setgt'> <InPorts = 2> <OutPorts = 1>
ST_1 : Operation 200 [1/1] (0.00ns)   --->   "%tmp_59 = bitselect i1 @_ssdm_op_BitSelect.i1.i16.i32, i16 %data_12_val_read, i32 15" [firmware/nnet_utils/nnet_activation.h:46]   --->   Operation 200 'bitselect' 'tmp_59' <Predicate = true> <Delay = 0.00>
ST_1 : Operation 201 [1/1] (0.00ns) (grouped into LUT with out node add_ln46_10)   --->   "%trunc_ln46_s = partselect i8 @_ssdm_op_PartSelect.i8.i16.i32.i32, i16 %data_12_val_read, i32 2, i32 9" [firmware/nnet_utils/nnet_activation.h:46]   --->   Operation 201 'partselect' 'trunc_ln46_s' <Predicate = true> <Delay = 0.00>
ST_1 : Operation 202 [1/1] (0.00ns) (grouped into LUT with out node add_ln46_10)   --->   "%tmp_60 = bitselect i1 @_ssdm_op_BitSelect.i1.i16.i32, i16 %data_12_val_read, i32 1" [firmware/nnet_utils/nnet_activation.h:46]   --->   Operation 202 'bitselect' 'tmp_60' <Predicate = true> <Delay = 0.00>
ST_1 : Operation 203 [1/1] (0.00ns) (grouped into LUT with out node add_ln46_10)   --->   "%trunc_ln46_34 = trunc i16 %data_12_val_read" [firmware/nnet_utils/nnet_activation.h:46]   --->   Operation 203 'trunc' 'trunc_ln46_34' <Predicate = true> <Delay = 0.00>
ST_1 : Operation 204 [1/1] (0.00ns) (grouped into LUT with out node empty_36)   --->   "%tmp_61 = bitselect i1 @_ssdm_op_BitSelect.i1.i16.i32, i16 %data_12_val_read, i32 9" [firmware/nnet_utils/nnet_activation.h:46]   --->   Operation 204 'bitselect' 'tmp_61' <Predicate = true> <Delay = 0.00>
ST_1 : Operation 205 [1/1] (0.00ns) (grouped into LUT with out node add_ln46_10)   --->   "%tmp_62 = bitselect i1 @_ssdm_op_BitSelect.i1.i16.i32, i16 %data_12_val_read, i32 2" [firmware/nnet_utils/nnet_activation.h:46]   --->   Operation 205 'bitselect' 'tmp_62' <Predicate = true> <Delay = 0.00>
ST_1 : Operation 206 [1/1] (0.00ns) (grouped into LUT with out node add_ln46_10)   --->   "%or_ln46_30 = or i1 %tmp_62, i1 %trunc_ln46_34" [firmware/nnet_utils/nnet_activation.h:46]   --->   Operation 206 'or' 'or_ln46_30' <Predicate = true> <Delay = 0.00> <CoreInst = "LogicGate">   --->   Core 74 'LogicGate' <Latency = 0> <II = 1> <Delay = 0.97> <FuncUnit> <Opcode : 'and' 'or' 'xor'> <InPorts = 2> <OutPorts = 1>
ST_1 : Operation 207 [1/1] (0.00ns) (grouped into LUT with out node add_ln46_10)   --->   "%and_ln46_20 = and i1 %or_ln46_30, i1 %tmp_60" [firmware/nnet_utils/nnet_activation.h:46]   --->   Operation 207 'and' 'and_ln46_20' <Predicate = true> <Delay = 0.00> <CoreInst = "LogicGate">   --->   Core 74 'LogicGate' <Latency = 0> <II = 1> <Delay = 0.97> <FuncUnit> <Opcode : 'and' 'or' 'xor'> <InPorts = 2> <OutPorts = 1>
ST_1 : Operation 208 [1/1] (0.00ns) (grouped into LUT with out node add_ln46_10)   --->   "%zext_ln46_10 = zext i1 %and_ln46_20" [firmware/nnet_utils/nnet_activation.h:46]   --->   Operation 208 'zext' 'zext_ln46_10' <Predicate = true> <Delay = 0.00>
ST_1 : Operation 209 [1/1] (1.91ns) (out node of the LUT)   --->   "%add_ln46_10 = add i8 %trunc_ln46_s, i8 %zext_ln46_10" [firmware/nnet_utils/nnet_activation.h:46]   --->   Operation 209 'add' 'add_ln46_10' <Predicate = true> <Delay = 1.91> <CoreInst = "Adder">   --->   Core 1 'Adder' <Latency = 0> <II = 1> <Delay = 1.91> <FuncUnit> <Opcode : 'add' 'sub'> <InPorts = 2> <OutPorts = 1>
ST_1 : Operation 210 [1/1] (0.00ns)   --->   "%tmp_63 = partselect i6 @_ssdm_op_PartSelect.i6.i16.i32.i32, i16 %data_12_val_read, i32 10, i32 15" [firmware/nnet_utils/nnet_activation.h:46]   --->   Operation 210 'partselect' 'tmp_63' <Predicate = true> <Delay = 0.00>
ST_1 : Operation 211 [1/1] (1.82ns)   --->   "%icmp_ln46_10 = icmp_eq  i6 %tmp_63, i6 0" [firmware/nnet_utils/nnet_activation.h:46]   --->   Operation 211 'icmp' 'icmp_ln46_10' <Predicate = true> <Delay = 1.82> <CoreInst = "Cmp">   --->   Core 9 'Cmp' <Latency = 0> <II = 1> <Delay = 1.82> <FuncUnit> <Opcode : 'seteq' 'setne' 'setle' 'setge' 'setlt' 'setgt'> <InPorts = 2> <OutPorts = 1>
ST_1 : Operation 212 [1/1] (0.00ns) (grouped into LUT with out node empty_36)   --->   "%tmp_64 = bitselect i1 @_ssdm_op_BitSelect.i1.i8.i32, i8 %add_ln46_10, i32 7" [firmware/nnet_utils/nnet_activation.h:46]   --->   Operation 212 'bitselect' 'tmp_64' <Predicate = true> <Delay = 0.00>
ST_1 : Operation 213 [1/1] (0.00ns) (grouped into LUT with out node empty_36)   --->   "%not_tmp_72 = xor i1 %tmp_61, i1 1" [firmware/nnet_utils/nnet_activation.h:46]   --->   Operation 213 'xor' 'not_tmp_72' <Predicate = true> <Delay = 0.00> <CoreInst = "LogicGate">   --->   Core 74 'LogicGate' <Latency = 0> <II = 1> <Delay = 0.97> <FuncUnit> <Opcode : 'and' 'or' 'xor'> <InPorts = 2> <OutPorts = 1>
ST_1 : Operation 214 [1/1] (0.00ns) (grouped into LUT with out node empty_36)   --->   "%and_ln46_21 = or i1 %tmp_64, i1 %not_tmp_72" [firmware/nnet_utils/nnet_activation.h:46]   --->   Operation 214 'or' 'and_ln46_21' <Predicate = true> <Delay = 0.00> <CoreInst = "LogicGate">   --->   Core 74 'LogicGate' <Latency = 0> <II = 1> <Delay = 0.97> <FuncUnit> <Opcode : 'and' 'or' 'xor'> <InPorts = 2> <OutPorts = 1>
ST_1 : Operation 215 [1/1] (0.97ns) (out node of the LUT)   --->   "%empty_36 = and i1 %icmp_ln46_10, i1 %and_ln46_21" [firmware/nnet_utils/nnet_activation.h:46]   --->   Operation 215 'and' 'empty_36' <Predicate = true> <Delay = 0.97> <CoreInst = "LogicGate">   --->   Core 74 'LogicGate' <Latency = 0> <II = 1> <Delay = 0.97> <FuncUnit> <Opcode : 'and' 'or' 'xor'> <InPorts = 2> <OutPorts = 1>
ST_1 : Operation 216 [1/1] (2.07ns)   --->   "%icmp_ln45_11 = icmp_sgt  i16 %data_14_val_read, i16 0" [firmware/nnet_utils/nnet_activation.h:45]   --->   Operation 216 'icmp' 'icmp_ln45_11' <Predicate = true> <Delay = 2.07> <CoreInst = "Cmp">   --->   Core 9 'Cmp' <Latency = 0> <II = 1> <Delay = 2.07> <FuncUnit> <Opcode : 'seteq' 'setne' 'setle' 'setge' 'setlt' 'setgt'> <InPorts = 2> <OutPorts = 1>
ST_1 : Operation 217 [1/1] (0.00ns)   --->   "%tmp_65 = bitselect i1 @_ssdm_op_BitSelect.i1.i16.i32, i16 %data_14_val_read, i32 15" [firmware/nnet_utils/nnet_activation.h:46]   --->   Operation 217 'bitselect' 'tmp_65' <Predicate = true> <Delay = 0.00>
ST_1 : Operation 218 [1/1] (0.00ns) (grouped into LUT with out node add_ln46_11)   --->   "%trunc_ln46_10 = partselect i8 @_ssdm_op_PartSelect.i8.i16.i32.i32, i16 %data_14_val_read, i32 2, i32 9" [firmware/nnet_utils/nnet_activation.h:46]   --->   Operation 218 'partselect' 'trunc_ln46_10' <Predicate = true> <Delay = 0.00>
ST_1 : Operation 219 [1/1] (0.00ns) (grouped into LUT with out node add_ln46_11)   --->   "%tmp_66 = bitselect i1 @_ssdm_op_BitSelect.i1.i16.i32, i16 %data_14_val_read, i32 1" [firmware/nnet_utils/nnet_activation.h:46]   --->   Operation 219 'bitselect' 'tmp_66' <Predicate = true> <Delay = 0.00>
ST_1 : Operation 220 [1/1] (0.00ns) (grouped into LUT with out node add_ln46_11)   --->   "%trunc_ln46_35 = trunc i16 %data_14_val_read" [firmware/nnet_utils/nnet_activation.h:46]   --->   Operation 220 'trunc' 'trunc_ln46_35' <Predicate = true> <Delay = 0.00>
ST_1 : Operation 221 [1/1] (0.00ns) (grouped into LUT with out node empty_37)   --->   "%tmp_67 = bitselect i1 @_ssdm_op_BitSelect.i1.i16.i32, i16 %data_14_val_read, i32 9" [firmware/nnet_utils/nnet_activation.h:46]   --->   Operation 221 'bitselect' 'tmp_67' <Predicate = true> <Delay = 0.00>
ST_1 : Operation 222 [1/1] (0.00ns) (grouped into LUT with out node add_ln46_11)   --->   "%tmp_68 = bitselect i1 @_ssdm_op_BitSelect.i1.i16.i32, i16 %data_14_val_read, i32 2" [firmware/nnet_utils/nnet_activation.h:46]   --->   Operation 222 'bitselect' 'tmp_68' <Predicate = true> <Delay = 0.00>
ST_1 : Operation 223 [1/1] (0.00ns) (grouped into LUT with out node add_ln46_11)   --->   "%or_ln46_33 = or i1 %tmp_68, i1 %trunc_ln46_35" [firmware/nnet_utils/nnet_activation.h:46]   --->   Operation 223 'or' 'or_ln46_33' <Predicate = true> <Delay = 0.00> <CoreInst = "LogicGate">   --->   Core 74 'LogicGate' <Latency = 0> <II = 1> <Delay = 0.97> <FuncUnit> <Opcode : 'and' 'or' 'xor'> <InPorts = 2> <OutPorts = 1>
ST_1 : Operation 224 [1/1] (0.00ns) (grouped into LUT with out node add_ln46_11)   --->   "%and_ln46_22 = and i1 %or_ln46_33, i1 %tmp_66" [firmware/nnet_utils/nnet_activation.h:46]   --->   Operation 224 'and' 'and_ln46_22' <Predicate = true> <Delay = 0.00> <CoreInst = "LogicGate">   --->   Core 74 'LogicGate' <Latency = 0> <II = 1> <Delay = 0.97> <FuncUnit> <Opcode : 'and' 'or' 'xor'> <InPorts = 2> <OutPorts = 1>
ST_1 : Operation 225 [1/1] (0.00ns) (grouped into LUT with out node add_ln46_11)   --->   "%zext_ln46_11 = zext i1 %and_ln46_22" [firmware/nnet_utils/nnet_activation.h:46]   --->   Operation 225 'zext' 'zext_ln46_11' <Predicate = true> <Delay = 0.00>
ST_1 : Operation 226 [1/1] (1.91ns) (out node of the LUT)   --->   "%add_ln46_11 = add i8 %trunc_ln46_10, i8 %zext_ln46_11" [firmware/nnet_utils/nnet_activation.h:46]   --->   Operation 226 'add' 'add_ln46_11' <Predicate = true> <Delay = 1.91> <CoreInst = "Adder">   --->   Core 1 'Adder' <Latency = 0> <II = 1> <Delay = 1.91> <FuncUnit> <Opcode : 'add' 'sub'> <InPorts = 2> <OutPorts = 1>
ST_1 : Operation 227 [1/1] (0.00ns)   --->   "%tmp_69 = partselect i6 @_ssdm_op_PartSelect.i6.i16.i32.i32, i16 %data_14_val_read, i32 10, i32 15" [firmware/nnet_utils/nnet_activation.h:46]   --->   Operation 227 'partselect' 'tmp_69' <Predicate = true> <Delay = 0.00>
ST_1 : Operation 228 [1/1] (1.82ns)   --->   "%icmp_ln46_11 = icmp_eq  i6 %tmp_69, i6 0" [firmware/nnet_utils/nnet_activation.h:46]   --->   Operation 228 'icmp' 'icmp_ln46_11' <Predicate = true> <Delay = 1.82> <CoreInst = "Cmp">   --->   Core 9 'Cmp' <Latency = 0> <II = 1> <Delay = 1.82> <FuncUnit> <Opcode : 'seteq' 'setne' 'setle' 'setge' 'setlt' 'setgt'> <InPorts = 2> <OutPorts = 1>
ST_1 : Operation 229 [1/1] (0.00ns) (grouped into LUT with out node empty_37)   --->   "%tmp_70 = bitselect i1 @_ssdm_op_BitSelect.i1.i8.i32, i8 %add_ln46_11, i32 7" [firmware/nnet_utils/nnet_activation.h:46]   --->   Operation 229 'bitselect' 'tmp_70' <Predicate = true> <Delay = 0.00>
ST_1 : Operation 230 [1/1] (0.00ns) (grouped into LUT with out node empty_37)   --->   "%not_tmp_79 = xor i1 %tmp_67, i1 1" [firmware/nnet_utils/nnet_activation.h:46]   --->   Operation 230 'xor' 'not_tmp_79' <Predicate = true> <Delay = 0.00> <CoreInst = "LogicGate">   --->   Core 74 'LogicGate' <Latency = 0> <II = 1> <Delay = 0.97> <FuncUnit> <Opcode : 'and' 'or' 'xor'> <InPorts = 2> <OutPorts = 1>
ST_1 : Operation 231 [1/1] (0.00ns) (grouped into LUT with out node empty_37)   --->   "%and_ln46_23 = or i1 %tmp_70, i1 %not_tmp_79" [firmware/nnet_utils/nnet_activation.h:46]   --->   Operation 231 'or' 'and_ln46_23' <Predicate = true> <Delay = 0.00> <CoreInst = "LogicGate">   --->   Core 74 'LogicGate' <Latency = 0> <II = 1> <Delay = 0.97> <FuncUnit> <Opcode : 'and' 'or' 'xor'> <InPorts = 2> <OutPorts = 1>
ST_1 : Operation 232 [1/1] (0.97ns) (out node of the LUT)   --->   "%empty_37 = and i1 %icmp_ln46_11, i1 %and_ln46_23" [firmware/nnet_utils/nnet_activation.h:46]   --->   Operation 232 'and' 'empty_37' <Predicate = true> <Delay = 0.97> <CoreInst = "LogicGate">   --->   Core 74 'LogicGate' <Latency = 0> <II = 1> <Delay = 0.97> <FuncUnit> <Opcode : 'and' 'or' 'xor'> <InPorts = 2> <OutPorts = 1>
ST_1 : Operation 233 [1/1] (2.07ns)   --->   "%icmp_ln45_12 = icmp_sgt  i16 %data_15_val_read, i16 0" [firmware/nnet_utils/nnet_activation.h:45]   --->   Operation 233 'icmp' 'icmp_ln45_12' <Predicate = true> <Delay = 2.07> <CoreInst = "Cmp">   --->   Core 9 'Cmp' <Latency = 0> <II = 1> <Delay = 2.07> <FuncUnit> <Opcode : 'seteq' 'setne' 'setle' 'setge' 'setlt' 'setgt'> <InPorts = 2> <OutPorts = 1>
ST_1 : Operation 234 [1/1] (0.00ns)   --->   "%tmp_71 = bitselect i1 @_ssdm_op_BitSelect.i1.i16.i32, i16 %data_15_val_read, i32 15" [firmware/nnet_utils/nnet_activation.h:46]   --->   Operation 234 'bitselect' 'tmp_71' <Predicate = true> <Delay = 0.00>
ST_1 : Operation 235 [1/1] (0.00ns) (grouped into LUT with out node add_ln46_12)   --->   "%trunc_ln46_11 = partselect i8 @_ssdm_op_PartSelect.i8.i16.i32.i32, i16 %data_15_val_read, i32 2, i32 9" [firmware/nnet_utils/nnet_activation.h:46]   --->   Operation 235 'partselect' 'trunc_ln46_11' <Predicate = true> <Delay = 0.00>
ST_1 : Operation 236 [1/1] (0.00ns) (grouped into LUT with out node add_ln46_12)   --->   "%tmp_72 = bitselect i1 @_ssdm_op_BitSelect.i1.i16.i32, i16 %data_15_val_read, i32 1" [firmware/nnet_utils/nnet_activation.h:46]   --->   Operation 236 'bitselect' 'tmp_72' <Predicate = true> <Delay = 0.00>
ST_1 : Operation 237 [1/1] (0.00ns) (grouped into LUT with out node add_ln46_12)   --->   "%trunc_ln46_36 = trunc i16 %data_15_val_read" [firmware/nnet_utils/nnet_activation.h:46]   --->   Operation 237 'trunc' 'trunc_ln46_36' <Predicate = true> <Delay = 0.00>
ST_1 : Operation 238 [1/1] (0.00ns) (grouped into LUT with out node empty_38)   --->   "%tmp_73 = bitselect i1 @_ssdm_op_BitSelect.i1.i16.i32, i16 %data_15_val_read, i32 9" [firmware/nnet_utils/nnet_activation.h:46]   --->   Operation 238 'bitselect' 'tmp_73' <Predicate = true> <Delay = 0.00>
ST_1 : Operation 239 [1/1] (0.00ns) (grouped into LUT with out node add_ln46_12)   --->   "%tmp_74 = bitselect i1 @_ssdm_op_BitSelect.i1.i16.i32, i16 %data_15_val_read, i32 2" [firmware/nnet_utils/nnet_activation.h:46]   --->   Operation 239 'bitselect' 'tmp_74' <Predicate = true> <Delay = 0.00>
ST_1 : Operation 240 [1/1] (0.00ns) (grouped into LUT with out node add_ln46_12)   --->   "%or_ln46_36 = or i1 %tmp_74, i1 %trunc_ln46_36" [firmware/nnet_utils/nnet_activation.h:46]   --->   Operation 240 'or' 'or_ln46_36' <Predicate = true> <Delay = 0.00> <CoreInst = "LogicGate">   --->   Core 74 'LogicGate' <Latency = 0> <II = 1> <Delay = 0.97> <FuncUnit> <Opcode : 'and' 'or' 'xor'> <InPorts = 2> <OutPorts = 1>
ST_1 : Operation 241 [1/1] (0.00ns) (grouped into LUT with out node add_ln46_12)   --->   "%and_ln46_24 = and i1 %or_ln46_36, i1 %tmp_72" [firmware/nnet_utils/nnet_activation.h:46]   --->   Operation 241 'and' 'and_ln46_24' <Predicate = true> <Delay = 0.00> <CoreInst = "LogicGate">   --->   Core 74 'LogicGate' <Latency = 0> <II = 1> <Delay = 0.97> <FuncUnit> <Opcode : 'and' 'or' 'xor'> <InPorts = 2> <OutPorts = 1>
ST_1 : Operation 242 [1/1] (0.00ns) (grouped into LUT with out node add_ln46_12)   --->   "%zext_ln46_12 = zext i1 %and_ln46_24" [firmware/nnet_utils/nnet_activation.h:46]   --->   Operation 242 'zext' 'zext_ln46_12' <Predicate = true> <Delay = 0.00>
ST_1 : Operation 243 [1/1] (1.91ns) (out node of the LUT)   --->   "%add_ln46_12 = add i8 %trunc_ln46_11, i8 %zext_ln46_12" [firmware/nnet_utils/nnet_activation.h:46]   --->   Operation 243 'add' 'add_ln46_12' <Predicate = true> <Delay = 1.91> <CoreInst = "Adder">   --->   Core 1 'Adder' <Latency = 0> <II = 1> <Delay = 1.91> <FuncUnit> <Opcode : 'add' 'sub'> <InPorts = 2> <OutPorts = 1>
ST_1 : Operation 244 [1/1] (0.00ns)   --->   "%tmp_75 = partselect i6 @_ssdm_op_PartSelect.i6.i16.i32.i32, i16 %data_15_val_read, i32 10, i32 15" [firmware/nnet_utils/nnet_activation.h:46]   --->   Operation 244 'partselect' 'tmp_75' <Predicate = true> <Delay = 0.00>
ST_1 : Operation 245 [1/1] (1.82ns)   --->   "%icmp_ln46_12 = icmp_eq  i6 %tmp_75, i6 0" [firmware/nnet_utils/nnet_activation.h:46]   --->   Operation 245 'icmp' 'icmp_ln46_12' <Predicate = true> <Delay = 1.82> <CoreInst = "Cmp">   --->   Core 9 'Cmp' <Latency = 0> <II = 1> <Delay = 1.82> <FuncUnit> <Opcode : 'seteq' 'setne' 'setle' 'setge' 'setlt' 'setgt'> <InPorts = 2> <OutPorts = 1>
ST_1 : Operation 246 [1/1] (0.00ns) (grouped into LUT with out node empty_38)   --->   "%tmp_76 = bitselect i1 @_ssdm_op_BitSelect.i1.i8.i32, i8 %add_ln46_12, i32 7" [firmware/nnet_utils/nnet_activation.h:46]   --->   Operation 246 'bitselect' 'tmp_76' <Predicate = true> <Delay = 0.00>
ST_1 : Operation 247 [1/1] (0.00ns) (grouped into LUT with out node empty_38)   --->   "%not_tmp_86 = xor i1 %tmp_73, i1 1" [firmware/nnet_utils/nnet_activation.h:46]   --->   Operation 247 'xor' 'not_tmp_86' <Predicate = true> <Delay = 0.00> <CoreInst = "LogicGate">   --->   Core 74 'LogicGate' <Latency = 0> <II = 1> <Delay = 0.97> <FuncUnit> <Opcode : 'and' 'or' 'xor'> <InPorts = 2> <OutPorts = 1>
ST_1 : Operation 248 [1/1] (0.00ns) (grouped into LUT with out node empty_38)   --->   "%and_ln46_25 = or i1 %tmp_76, i1 %not_tmp_86" [firmware/nnet_utils/nnet_activation.h:46]   --->   Operation 248 'or' 'and_ln46_25' <Predicate = true> <Delay = 0.00> <CoreInst = "LogicGate">   --->   Core 74 'LogicGate' <Latency = 0> <II = 1> <Delay = 0.97> <FuncUnit> <Opcode : 'and' 'or' 'xor'> <InPorts = 2> <OutPorts = 1>
ST_1 : Operation 249 [1/1] (0.97ns) (out node of the LUT)   --->   "%empty_38 = and i1 %icmp_ln46_12, i1 %and_ln46_25" [firmware/nnet_utils/nnet_activation.h:46]   --->   Operation 249 'and' 'empty_38' <Predicate = true> <Delay = 0.97> <CoreInst = "LogicGate">   --->   Core 74 'LogicGate' <Latency = 0> <II = 1> <Delay = 0.97> <FuncUnit> <Opcode : 'and' 'or' 'xor'> <InPorts = 2> <OutPorts = 1>
ST_1 : Operation 250 [1/1] (2.07ns)   --->   "%icmp_ln45_13 = icmp_sgt  i16 %data_17_val_read, i16 0" [firmware/nnet_utils/nnet_activation.h:45]   --->   Operation 250 'icmp' 'icmp_ln45_13' <Predicate = true> <Delay = 2.07> <CoreInst = "Cmp">   --->   Core 9 'Cmp' <Latency = 0> <II = 1> <Delay = 2.07> <FuncUnit> <Opcode : 'seteq' 'setne' 'setle' 'setge' 'setlt' 'setgt'> <InPorts = 2> <OutPorts = 1>
ST_1 : Operation 251 [1/1] (0.00ns)   --->   "%tmp_77 = bitselect i1 @_ssdm_op_BitSelect.i1.i16.i32, i16 %data_17_val_read, i32 15" [firmware/nnet_utils/nnet_activation.h:46]   --->   Operation 251 'bitselect' 'tmp_77' <Predicate = true> <Delay = 0.00>
ST_1 : Operation 252 [1/1] (0.00ns) (grouped into LUT with out node add_ln46_13)   --->   "%trunc_ln46_12 = partselect i8 @_ssdm_op_PartSelect.i8.i16.i32.i32, i16 %data_17_val_read, i32 2, i32 9" [firmware/nnet_utils/nnet_activation.h:46]   --->   Operation 252 'partselect' 'trunc_ln46_12' <Predicate = true> <Delay = 0.00>
ST_1 : Operation 253 [1/1] (0.00ns) (grouped into LUT with out node add_ln46_13)   --->   "%tmp_78 = bitselect i1 @_ssdm_op_BitSelect.i1.i16.i32, i16 %data_17_val_read, i32 1" [firmware/nnet_utils/nnet_activation.h:46]   --->   Operation 253 'bitselect' 'tmp_78' <Predicate = true> <Delay = 0.00>
ST_1 : Operation 254 [1/1] (0.00ns) (grouped into LUT with out node add_ln46_13)   --->   "%trunc_ln46_37 = trunc i16 %data_17_val_read" [firmware/nnet_utils/nnet_activation.h:46]   --->   Operation 254 'trunc' 'trunc_ln46_37' <Predicate = true> <Delay = 0.00>
ST_1 : Operation 255 [1/1] (0.00ns) (grouped into LUT with out node empty_39)   --->   "%tmp_79 = bitselect i1 @_ssdm_op_BitSelect.i1.i16.i32, i16 %data_17_val_read, i32 9" [firmware/nnet_utils/nnet_activation.h:46]   --->   Operation 255 'bitselect' 'tmp_79' <Predicate = true> <Delay = 0.00>
ST_1 : Operation 256 [1/1] (0.00ns) (grouped into LUT with out node add_ln46_13)   --->   "%tmp_80 = bitselect i1 @_ssdm_op_BitSelect.i1.i16.i32, i16 %data_17_val_read, i32 2" [firmware/nnet_utils/nnet_activation.h:46]   --->   Operation 256 'bitselect' 'tmp_80' <Predicate = true> <Delay = 0.00>
ST_1 : Operation 257 [1/1] (0.00ns) (grouped into LUT with out node add_ln46_13)   --->   "%or_ln46_39 = or i1 %tmp_80, i1 %trunc_ln46_37" [firmware/nnet_utils/nnet_activation.h:46]   --->   Operation 257 'or' 'or_ln46_39' <Predicate = true> <Delay = 0.00> <CoreInst = "LogicGate">   --->   Core 74 'LogicGate' <Latency = 0> <II = 1> <Delay = 0.97> <FuncUnit> <Opcode : 'and' 'or' 'xor'> <InPorts = 2> <OutPorts = 1>
ST_1 : Operation 258 [1/1] (0.00ns) (grouped into LUT with out node add_ln46_13)   --->   "%and_ln46_26 = and i1 %or_ln46_39, i1 %tmp_78" [firmware/nnet_utils/nnet_activation.h:46]   --->   Operation 258 'and' 'and_ln46_26' <Predicate = true> <Delay = 0.00> <CoreInst = "LogicGate">   --->   Core 74 'LogicGate' <Latency = 0> <II = 1> <Delay = 0.97> <FuncUnit> <Opcode : 'and' 'or' 'xor'> <InPorts = 2> <OutPorts = 1>
ST_1 : Operation 259 [1/1] (0.00ns) (grouped into LUT with out node add_ln46_13)   --->   "%zext_ln46_13 = zext i1 %and_ln46_26" [firmware/nnet_utils/nnet_activation.h:46]   --->   Operation 259 'zext' 'zext_ln46_13' <Predicate = true> <Delay = 0.00>
ST_1 : Operation 260 [1/1] (1.91ns) (out node of the LUT)   --->   "%add_ln46_13 = add i8 %trunc_ln46_12, i8 %zext_ln46_13" [firmware/nnet_utils/nnet_activation.h:46]   --->   Operation 260 'add' 'add_ln46_13' <Predicate = true> <Delay = 1.91> <CoreInst = "Adder">   --->   Core 1 'Adder' <Latency = 0> <II = 1> <Delay = 1.91> <FuncUnit> <Opcode : 'add' 'sub'> <InPorts = 2> <OutPorts = 1>
ST_1 : Operation 261 [1/1] (0.00ns)   --->   "%tmp_81 = partselect i6 @_ssdm_op_PartSelect.i6.i16.i32.i32, i16 %data_17_val_read, i32 10, i32 15" [firmware/nnet_utils/nnet_activation.h:46]   --->   Operation 261 'partselect' 'tmp_81' <Predicate = true> <Delay = 0.00>
ST_1 : Operation 262 [1/1] (1.82ns)   --->   "%icmp_ln46_13 = icmp_eq  i6 %tmp_81, i6 0" [firmware/nnet_utils/nnet_activation.h:46]   --->   Operation 262 'icmp' 'icmp_ln46_13' <Predicate = true> <Delay = 1.82> <CoreInst = "Cmp">   --->   Core 9 'Cmp' <Latency = 0> <II = 1> <Delay = 1.82> <FuncUnit> <Opcode : 'seteq' 'setne' 'setle' 'setge' 'setlt' 'setgt'> <InPorts = 2> <OutPorts = 1>
ST_1 : Operation 263 [1/1] (0.00ns) (grouped into LUT with out node empty_39)   --->   "%tmp_82 = bitselect i1 @_ssdm_op_BitSelect.i1.i8.i32, i8 %add_ln46_13, i32 7" [firmware/nnet_utils/nnet_activation.h:46]   --->   Operation 263 'bitselect' 'tmp_82' <Predicate = true> <Delay = 0.00>
ST_1 : Operation 264 [1/1] (0.00ns) (grouped into LUT with out node empty_39)   --->   "%not_tmp_93 = xor i1 %tmp_79, i1 1" [firmware/nnet_utils/nnet_activation.h:46]   --->   Operation 264 'xor' 'not_tmp_93' <Predicate = true> <Delay = 0.00> <CoreInst = "LogicGate">   --->   Core 74 'LogicGate' <Latency = 0> <II = 1> <Delay = 0.97> <FuncUnit> <Opcode : 'and' 'or' 'xor'> <InPorts = 2> <OutPorts = 1>
ST_1 : Operation 265 [1/1] (0.00ns) (grouped into LUT with out node empty_39)   --->   "%and_ln46_27 = or i1 %tmp_82, i1 %not_tmp_93" [firmware/nnet_utils/nnet_activation.h:46]   --->   Operation 265 'or' 'and_ln46_27' <Predicate = true> <Delay = 0.00> <CoreInst = "LogicGate">   --->   Core 74 'LogicGate' <Latency = 0> <II = 1> <Delay = 0.97> <FuncUnit> <Opcode : 'and' 'or' 'xor'> <InPorts = 2> <OutPorts = 1>
ST_1 : Operation 266 [1/1] (0.97ns) (out node of the LUT)   --->   "%empty_39 = and i1 %icmp_ln46_13, i1 %and_ln46_27" [firmware/nnet_utils/nnet_activation.h:46]   --->   Operation 266 'and' 'empty_39' <Predicate = true> <Delay = 0.97> <CoreInst = "LogicGate">   --->   Core 74 'LogicGate' <Latency = 0> <II = 1> <Delay = 0.97> <FuncUnit> <Opcode : 'and' 'or' 'xor'> <InPorts = 2> <OutPorts = 1>
ST_1 : Operation 267 [1/1] (2.07ns)   --->   "%icmp_ln45_14 = icmp_sgt  i16 %data_18_val_read, i16 0" [firmware/nnet_utils/nnet_activation.h:45]   --->   Operation 267 'icmp' 'icmp_ln45_14' <Predicate = true> <Delay = 2.07> <CoreInst = "Cmp">   --->   Core 9 'Cmp' <Latency = 0> <II = 1> <Delay = 2.07> <FuncUnit> <Opcode : 'seteq' 'setne' 'setle' 'setge' 'setlt' 'setgt'> <InPorts = 2> <OutPorts = 1>
ST_1 : Operation 268 [1/1] (0.00ns)   --->   "%tmp_83 = bitselect i1 @_ssdm_op_BitSelect.i1.i16.i32, i16 %data_18_val_read, i32 15" [firmware/nnet_utils/nnet_activation.h:46]   --->   Operation 268 'bitselect' 'tmp_83' <Predicate = true> <Delay = 0.00>
ST_1 : Operation 269 [1/1] (0.00ns) (grouped into LUT with out node add_ln46_14)   --->   "%trunc_ln46_13 = partselect i8 @_ssdm_op_PartSelect.i8.i16.i32.i32, i16 %data_18_val_read, i32 2, i32 9" [firmware/nnet_utils/nnet_activation.h:46]   --->   Operation 269 'partselect' 'trunc_ln46_13' <Predicate = true> <Delay = 0.00>
ST_1 : Operation 270 [1/1] (0.00ns) (grouped into LUT with out node add_ln46_14)   --->   "%tmp_84 = bitselect i1 @_ssdm_op_BitSelect.i1.i16.i32, i16 %data_18_val_read, i32 1" [firmware/nnet_utils/nnet_activation.h:46]   --->   Operation 270 'bitselect' 'tmp_84' <Predicate = true> <Delay = 0.00>
ST_1 : Operation 271 [1/1] (0.00ns) (grouped into LUT with out node add_ln46_14)   --->   "%trunc_ln46_38 = trunc i16 %data_18_val_read" [firmware/nnet_utils/nnet_activation.h:46]   --->   Operation 271 'trunc' 'trunc_ln46_38' <Predicate = true> <Delay = 0.00>
ST_1 : Operation 272 [1/1] (0.00ns) (grouped into LUT with out node empty_40)   --->   "%tmp_85 = bitselect i1 @_ssdm_op_BitSelect.i1.i16.i32, i16 %data_18_val_read, i32 9" [firmware/nnet_utils/nnet_activation.h:46]   --->   Operation 272 'bitselect' 'tmp_85' <Predicate = true> <Delay = 0.00>
ST_1 : Operation 273 [1/1] (0.00ns) (grouped into LUT with out node add_ln46_14)   --->   "%tmp_86 = bitselect i1 @_ssdm_op_BitSelect.i1.i16.i32, i16 %data_18_val_read, i32 2" [firmware/nnet_utils/nnet_activation.h:46]   --->   Operation 273 'bitselect' 'tmp_86' <Predicate = true> <Delay = 0.00>
ST_1 : Operation 274 [1/1] (0.00ns) (grouped into LUT with out node add_ln46_14)   --->   "%or_ln46_42 = or i1 %tmp_86, i1 %trunc_ln46_38" [firmware/nnet_utils/nnet_activation.h:46]   --->   Operation 274 'or' 'or_ln46_42' <Predicate = true> <Delay = 0.00> <CoreInst = "LogicGate">   --->   Core 74 'LogicGate' <Latency = 0> <II = 1> <Delay = 0.97> <FuncUnit> <Opcode : 'and' 'or' 'xor'> <InPorts = 2> <OutPorts = 1>
ST_1 : Operation 275 [1/1] (0.00ns) (grouped into LUT with out node add_ln46_14)   --->   "%and_ln46_28 = and i1 %or_ln46_42, i1 %tmp_84" [firmware/nnet_utils/nnet_activation.h:46]   --->   Operation 275 'and' 'and_ln46_28' <Predicate = true> <Delay = 0.00> <CoreInst = "LogicGate">   --->   Core 74 'LogicGate' <Latency = 0> <II = 1> <Delay = 0.97> <FuncUnit> <Opcode : 'and' 'or' 'xor'> <InPorts = 2> <OutPorts = 1>
ST_1 : Operation 276 [1/1] (0.00ns) (grouped into LUT with out node add_ln46_14)   --->   "%zext_ln46_14 = zext i1 %and_ln46_28" [firmware/nnet_utils/nnet_activation.h:46]   --->   Operation 276 'zext' 'zext_ln46_14' <Predicate = true> <Delay = 0.00>
ST_1 : Operation 277 [1/1] (1.91ns) (out node of the LUT)   --->   "%add_ln46_14 = add i8 %trunc_ln46_13, i8 %zext_ln46_14" [firmware/nnet_utils/nnet_activation.h:46]   --->   Operation 277 'add' 'add_ln46_14' <Predicate = true> <Delay = 1.91> <CoreInst = "Adder">   --->   Core 1 'Adder' <Latency = 0> <II = 1> <Delay = 1.91> <FuncUnit> <Opcode : 'add' 'sub'> <InPorts = 2> <OutPorts = 1>
ST_1 : Operation 278 [1/1] (0.00ns)   --->   "%tmp_87 = partselect i6 @_ssdm_op_PartSelect.i6.i16.i32.i32, i16 %data_18_val_read, i32 10, i32 15" [firmware/nnet_utils/nnet_activation.h:46]   --->   Operation 278 'partselect' 'tmp_87' <Predicate = true> <Delay = 0.00>
ST_1 : Operation 279 [1/1] (1.82ns)   --->   "%icmp_ln46_14 = icmp_eq  i6 %tmp_87, i6 0" [firmware/nnet_utils/nnet_activation.h:46]   --->   Operation 279 'icmp' 'icmp_ln46_14' <Predicate = true> <Delay = 1.82> <CoreInst = "Cmp">   --->   Core 9 'Cmp' <Latency = 0> <II = 1> <Delay = 1.82> <FuncUnit> <Opcode : 'seteq' 'setne' 'setle' 'setge' 'setlt' 'setgt'> <InPorts = 2> <OutPorts = 1>
ST_1 : Operation 280 [1/1] (0.00ns) (grouped into LUT with out node empty_40)   --->   "%tmp_88 = bitselect i1 @_ssdm_op_BitSelect.i1.i8.i32, i8 %add_ln46_14, i32 7" [firmware/nnet_utils/nnet_activation.h:46]   --->   Operation 280 'bitselect' 'tmp_88' <Predicate = true> <Delay = 0.00>
ST_1 : Operation 281 [1/1] (0.00ns) (grouped into LUT with out node empty_40)   --->   "%not_tmp_100 = xor i1 %tmp_85, i1 1" [firmware/nnet_utils/nnet_activation.h:46]   --->   Operation 281 'xor' 'not_tmp_100' <Predicate = true> <Delay = 0.00> <CoreInst = "LogicGate">   --->   Core 74 'LogicGate' <Latency = 0> <II = 1> <Delay = 0.97> <FuncUnit> <Opcode : 'and' 'or' 'xor'> <InPorts = 2> <OutPorts = 1>
ST_1 : Operation 282 [1/1] (0.00ns) (grouped into LUT with out node empty_40)   --->   "%and_ln46_29 = or i1 %tmp_88, i1 %not_tmp_100" [firmware/nnet_utils/nnet_activation.h:46]   --->   Operation 282 'or' 'and_ln46_29' <Predicate = true> <Delay = 0.00> <CoreInst = "LogicGate">   --->   Core 74 'LogicGate' <Latency = 0> <II = 1> <Delay = 0.97> <FuncUnit> <Opcode : 'and' 'or' 'xor'> <InPorts = 2> <OutPorts = 1>
ST_1 : Operation 283 [1/1] (0.97ns) (out node of the LUT)   --->   "%empty_40 = and i1 %icmp_ln46_14, i1 %and_ln46_29" [firmware/nnet_utils/nnet_activation.h:46]   --->   Operation 283 'and' 'empty_40' <Predicate = true> <Delay = 0.97> <CoreInst = "LogicGate">   --->   Core 74 'LogicGate' <Latency = 0> <II = 1> <Delay = 0.97> <FuncUnit> <Opcode : 'and' 'or' 'xor'> <InPorts = 2> <OutPorts = 1>
ST_1 : Operation 284 [1/1] (2.07ns)   --->   "%icmp_ln45_15 = icmp_sgt  i16 %data_19_val_read, i16 0" [firmware/nnet_utils/nnet_activation.h:45]   --->   Operation 284 'icmp' 'icmp_ln45_15' <Predicate = true> <Delay = 2.07> <CoreInst = "Cmp">   --->   Core 9 'Cmp' <Latency = 0> <II = 1> <Delay = 2.07> <FuncUnit> <Opcode : 'seteq' 'setne' 'setle' 'setge' 'setlt' 'setgt'> <InPorts = 2> <OutPorts = 1>
ST_1 : Operation 285 [1/1] (0.00ns)   --->   "%tmp_89 = bitselect i1 @_ssdm_op_BitSelect.i1.i16.i32, i16 %data_19_val_read, i32 15" [firmware/nnet_utils/nnet_activation.h:46]   --->   Operation 285 'bitselect' 'tmp_89' <Predicate = true> <Delay = 0.00>
ST_1 : Operation 286 [1/1] (0.00ns) (grouped into LUT with out node add_ln46_15)   --->   "%trunc_ln46_14 = partselect i8 @_ssdm_op_PartSelect.i8.i16.i32.i32, i16 %data_19_val_read, i32 2, i32 9" [firmware/nnet_utils/nnet_activation.h:46]   --->   Operation 286 'partselect' 'trunc_ln46_14' <Predicate = true> <Delay = 0.00>
ST_1 : Operation 287 [1/1] (0.00ns) (grouped into LUT with out node add_ln46_15)   --->   "%tmp_90 = bitselect i1 @_ssdm_op_BitSelect.i1.i16.i32, i16 %data_19_val_read, i32 1" [firmware/nnet_utils/nnet_activation.h:46]   --->   Operation 287 'bitselect' 'tmp_90' <Predicate = true> <Delay = 0.00>
ST_1 : Operation 288 [1/1] (0.00ns) (grouped into LUT with out node add_ln46_15)   --->   "%trunc_ln46_39 = trunc i16 %data_19_val_read" [firmware/nnet_utils/nnet_activation.h:46]   --->   Operation 288 'trunc' 'trunc_ln46_39' <Predicate = true> <Delay = 0.00>
ST_1 : Operation 289 [1/1] (0.00ns) (grouped into LUT with out node empty_41)   --->   "%tmp_91 = bitselect i1 @_ssdm_op_BitSelect.i1.i16.i32, i16 %data_19_val_read, i32 9" [firmware/nnet_utils/nnet_activation.h:46]   --->   Operation 289 'bitselect' 'tmp_91' <Predicate = true> <Delay = 0.00>
ST_1 : Operation 290 [1/1] (0.00ns) (grouped into LUT with out node add_ln46_15)   --->   "%tmp_92 = bitselect i1 @_ssdm_op_BitSelect.i1.i16.i32, i16 %data_19_val_read, i32 2" [firmware/nnet_utils/nnet_activation.h:46]   --->   Operation 290 'bitselect' 'tmp_92' <Predicate = true> <Delay = 0.00>
ST_1 : Operation 291 [1/1] (0.00ns) (grouped into LUT with out node add_ln46_15)   --->   "%or_ln46_45 = or i1 %tmp_92, i1 %trunc_ln46_39" [firmware/nnet_utils/nnet_activation.h:46]   --->   Operation 291 'or' 'or_ln46_45' <Predicate = true> <Delay = 0.00> <CoreInst = "LogicGate">   --->   Core 74 'LogicGate' <Latency = 0> <II = 1> <Delay = 0.97> <FuncUnit> <Opcode : 'and' 'or' 'xor'> <InPorts = 2> <OutPorts = 1>
ST_1 : Operation 292 [1/1] (0.00ns) (grouped into LUT with out node add_ln46_15)   --->   "%and_ln46_30 = and i1 %or_ln46_45, i1 %tmp_90" [firmware/nnet_utils/nnet_activation.h:46]   --->   Operation 292 'and' 'and_ln46_30' <Predicate = true> <Delay = 0.00> <CoreInst = "LogicGate">   --->   Core 74 'LogicGate' <Latency = 0> <II = 1> <Delay = 0.97> <FuncUnit> <Opcode : 'and' 'or' 'xor'> <InPorts = 2> <OutPorts = 1>
ST_1 : Operation 293 [1/1] (0.00ns) (grouped into LUT with out node add_ln46_15)   --->   "%zext_ln46_15 = zext i1 %and_ln46_30" [firmware/nnet_utils/nnet_activation.h:46]   --->   Operation 293 'zext' 'zext_ln46_15' <Predicate = true> <Delay = 0.00>
ST_1 : Operation 294 [1/1] (1.91ns) (out node of the LUT)   --->   "%add_ln46_15 = add i8 %trunc_ln46_14, i8 %zext_ln46_15" [firmware/nnet_utils/nnet_activation.h:46]   --->   Operation 294 'add' 'add_ln46_15' <Predicate = true> <Delay = 1.91> <CoreInst = "Adder">   --->   Core 1 'Adder' <Latency = 0> <II = 1> <Delay = 1.91> <FuncUnit> <Opcode : 'add' 'sub'> <InPorts = 2> <OutPorts = 1>
ST_1 : Operation 295 [1/1] (0.00ns)   --->   "%tmp_93 = partselect i6 @_ssdm_op_PartSelect.i6.i16.i32.i32, i16 %data_19_val_read, i32 10, i32 15" [firmware/nnet_utils/nnet_activation.h:46]   --->   Operation 295 'partselect' 'tmp_93' <Predicate = true> <Delay = 0.00>
ST_1 : Operation 296 [1/1] (1.82ns)   --->   "%icmp_ln46_15 = icmp_eq  i6 %tmp_93, i6 0" [firmware/nnet_utils/nnet_activation.h:46]   --->   Operation 296 'icmp' 'icmp_ln46_15' <Predicate = true> <Delay = 1.82> <CoreInst = "Cmp">   --->   Core 9 'Cmp' <Latency = 0> <II = 1> <Delay = 1.82> <FuncUnit> <Opcode : 'seteq' 'setne' 'setle' 'setge' 'setlt' 'setgt'> <InPorts = 2> <OutPorts = 1>
ST_1 : Operation 297 [1/1] (0.00ns) (grouped into LUT with out node empty_41)   --->   "%tmp_94 = bitselect i1 @_ssdm_op_BitSelect.i1.i8.i32, i8 %add_ln46_15, i32 7" [firmware/nnet_utils/nnet_activation.h:46]   --->   Operation 297 'bitselect' 'tmp_94' <Predicate = true> <Delay = 0.00>
ST_1 : Operation 298 [1/1] (0.00ns) (grouped into LUT with out node empty_41)   --->   "%not_tmp_107 = xor i1 %tmp_91, i1 1" [firmware/nnet_utils/nnet_activation.h:46]   --->   Operation 298 'xor' 'not_tmp_107' <Predicate = true> <Delay = 0.00> <CoreInst = "LogicGate">   --->   Core 74 'LogicGate' <Latency = 0> <II = 1> <Delay = 0.97> <FuncUnit> <Opcode : 'and' 'or' 'xor'> <InPorts = 2> <OutPorts = 1>
ST_1 : Operation 299 [1/1] (0.00ns) (grouped into LUT with out node empty_41)   --->   "%and_ln46_31 = or i1 %tmp_94, i1 %not_tmp_107" [firmware/nnet_utils/nnet_activation.h:46]   --->   Operation 299 'or' 'and_ln46_31' <Predicate = true> <Delay = 0.00> <CoreInst = "LogicGate">   --->   Core 74 'LogicGate' <Latency = 0> <II = 1> <Delay = 0.97> <FuncUnit> <Opcode : 'and' 'or' 'xor'> <InPorts = 2> <OutPorts = 1>
ST_1 : Operation 300 [1/1] (0.97ns) (out node of the LUT)   --->   "%empty_41 = and i1 %icmp_ln46_15, i1 %and_ln46_31" [firmware/nnet_utils/nnet_activation.h:46]   --->   Operation 300 'and' 'empty_41' <Predicate = true> <Delay = 0.97> <CoreInst = "LogicGate">   --->   Core 74 'LogicGate' <Latency = 0> <II = 1> <Delay = 0.97> <FuncUnit> <Opcode : 'and' 'or' 'xor'> <InPorts = 2> <OutPorts = 1>
ST_1 : Operation 301 [1/1] (2.07ns)   --->   "%icmp_ln45_16 = icmp_sgt  i16 %data_20_val_read, i16 0" [firmware/nnet_utils/nnet_activation.h:45]   --->   Operation 301 'icmp' 'icmp_ln45_16' <Predicate = true> <Delay = 2.07> <CoreInst = "Cmp">   --->   Core 9 'Cmp' <Latency = 0> <II = 1> <Delay = 2.07> <FuncUnit> <Opcode : 'seteq' 'setne' 'setle' 'setge' 'setlt' 'setgt'> <InPorts = 2> <OutPorts = 1>
ST_1 : Operation 302 [1/1] (0.00ns)   --->   "%tmp_95 = bitselect i1 @_ssdm_op_BitSelect.i1.i16.i32, i16 %data_20_val_read, i32 15" [firmware/nnet_utils/nnet_activation.h:46]   --->   Operation 302 'bitselect' 'tmp_95' <Predicate = true> <Delay = 0.00>
ST_1 : Operation 303 [1/1] (0.00ns) (grouped into LUT with out node add_ln46_16)   --->   "%trunc_ln46_15 = partselect i8 @_ssdm_op_PartSelect.i8.i16.i32.i32, i16 %data_20_val_read, i32 2, i32 9" [firmware/nnet_utils/nnet_activation.h:46]   --->   Operation 303 'partselect' 'trunc_ln46_15' <Predicate = true> <Delay = 0.00>
ST_1 : Operation 304 [1/1] (0.00ns) (grouped into LUT with out node add_ln46_16)   --->   "%tmp_96 = bitselect i1 @_ssdm_op_BitSelect.i1.i16.i32, i16 %data_20_val_read, i32 1" [firmware/nnet_utils/nnet_activation.h:46]   --->   Operation 304 'bitselect' 'tmp_96' <Predicate = true> <Delay = 0.00>
ST_1 : Operation 305 [1/1] (0.00ns) (grouped into LUT with out node add_ln46_16)   --->   "%trunc_ln46_40 = trunc i16 %data_20_val_read" [firmware/nnet_utils/nnet_activation.h:46]   --->   Operation 305 'trunc' 'trunc_ln46_40' <Predicate = true> <Delay = 0.00>
ST_1 : Operation 306 [1/1] (0.00ns) (grouped into LUT with out node empty_42)   --->   "%tmp_97 = bitselect i1 @_ssdm_op_BitSelect.i1.i16.i32, i16 %data_20_val_read, i32 9" [firmware/nnet_utils/nnet_activation.h:46]   --->   Operation 306 'bitselect' 'tmp_97' <Predicate = true> <Delay = 0.00>
ST_1 : Operation 307 [1/1] (0.00ns) (grouped into LUT with out node add_ln46_16)   --->   "%tmp_98 = bitselect i1 @_ssdm_op_BitSelect.i1.i16.i32, i16 %data_20_val_read, i32 2" [firmware/nnet_utils/nnet_activation.h:46]   --->   Operation 307 'bitselect' 'tmp_98' <Predicate = true> <Delay = 0.00>
ST_1 : Operation 308 [1/1] (0.00ns) (grouped into LUT with out node add_ln46_16)   --->   "%or_ln46_48 = or i1 %tmp_98, i1 %trunc_ln46_40" [firmware/nnet_utils/nnet_activation.h:46]   --->   Operation 308 'or' 'or_ln46_48' <Predicate = true> <Delay = 0.00> <CoreInst = "LogicGate">   --->   Core 74 'LogicGate' <Latency = 0> <II = 1> <Delay = 0.97> <FuncUnit> <Opcode : 'and' 'or' 'xor'> <InPorts = 2> <OutPorts = 1>
ST_1 : Operation 309 [1/1] (0.00ns) (grouped into LUT with out node add_ln46_16)   --->   "%and_ln46_32 = and i1 %or_ln46_48, i1 %tmp_96" [firmware/nnet_utils/nnet_activation.h:46]   --->   Operation 309 'and' 'and_ln46_32' <Predicate = true> <Delay = 0.00> <CoreInst = "LogicGate">   --->   Core 74 'LogicGate' <Latency = 0> <II = 1> <Delay = 0.97> <FuncUnit> <Opcode : 'and' 'or' 'xor'> <InPorts = 2> <OutPorts = 1>
ST_1 : Operation 310 [1/1] (0.00ns) (grouped into LUT with out node add_ln46_16)   --->   "%zext_ln46_16 = zext i1 %and_ln46_32" [firmware/nnet_utils/nnet_activation.h:46]   --->   Operation 310 'zext' 'zext_ln46_16' <Predicate = true> <Delay = 0.00>
ST_1 : Operation 311 [1/1] (1.91ns) (out node of the LUT)   --->   "%add_ln46_16 = add i8 %trunc_ln46_15, i8 %zext_ln46_16" [firmware/nnet_utils/nnet_activation.h:46]   --->   Operation 311 'add' 'add_ln46_16' <Predicate = true> <Delay = 1.91> <CoreInst = "Adder">   --->   Core 1 'Adder' <Latency = 0> <II = 1> <Delay = 1.91> <FuncUnit> <Opcode : 'add' 'sub'> <InPorts = 2> <OutPorts = 1>
ST_1 : Operation 312 [1/1] (0.00ns)   --->   "%tmp_99 = partselect i6 @_ssdm_op_PartSelect.i6.i16.i32.i32, i16 %data_20_val_read, i32 10, i32 15" [firmware/nnet_utils/nnet_activation.h:46]   --->   Operation 312 'partselect' 'tmp_99' <Predicate = true> <Delay = 0.00>
ST_1 : Operation 313 [1/1] (1.82ns)   --->   "%icmp_ln46_16 = icmp_eq  i6 %tmp_99, i6 0" [firmware/nnet_utils/nnet_activation.h:46]   --->   Operation 313 'icmp' 'icmp_ln46_16' <Predicate = true> <Delay = 1.82> <CoreInst = "Cmp">   --->   Core 9 'Cmp' <Latency = 0> <II = 1> <Delay = 1.82> <FuncUnit> <Opcode : 'seteq' 'setne' 'setle' 'setge' 'setlt' 'setgt'> <InPorts = 2> <OutPorts = 1>
ST_1 : Operation 314 [1/1] (0.00ns) (grouped into LUT with out node empty_42)   --->   "%tmp_100 = bitselect i1 @_ssdm_op_BitSelect.i1.i8.i32, i8 %add_ln46_16, i32 7" [firmware/nnet_utils/nnet_activation.h:46]   --->   Operation 314 'bitselect' 'tmp_100' <Predicate = true> <Delay = 0.00>
ST_1 : Operation 315 [1/1] (0.00ns) (grouped into LUT with out node empty_42)   --->   "%not_tmp_114 = xor i1 %tmp_97, i1 1" [firmware/nnet_utils/nnet_activation.h:46]   --->   Operation 315 'xor' 'not_tmp_114' <Predicate = true> <Delay = 0.00> <CoreInst = "LogicGate">   --->   Core 74 'LogicGate' <Latency = 0> <II = 1> <Delay = 0.97> <FuncUnit> <Opcode : 'and' 'or' 'xor'> <InPorts = 2> <OutPorts = 1>
ST_1 : Operation 316 [1/1] (0.00ns) (grouped into LUT with out node empty_42)   --->   "%and_ln46_33 = or i1 %tmp_100, i1 %not_tmp_114" [firmware/nnet_utils/nnet_activation.h:46]   --->   Operation 316 'or' 'and_ln46_33' <Predicate = true> <Delay = 0.00> <CoreInst = "LogicGate">   --->   Core 74 'LogicGate' <Latency = 0> <II = 1> <Delay = 0.97> <FuncUnit> <Opcode : 'and' 'or' 'xor'> <InPorts = 2> <OutPorts = 1>
ST_1 : Operation 317 [1/1] (0.97ns) (out node of the LUT)   --->   "%empty_42 = and i1 %icmp_ln46_16, i1 %and_ln46_33" [firmware/nnet_utils/nnet_activation.h:46]   --->   Operation 317 'and' 'empty_42' <Predicate = true> <Delay = 0.97> <CoreInst = "LogicGate">   --->   Core 74 'LogicGate' <Latency = 0> <II = 1> <Delay = 0.97> <FuncUnit> <Opcode : 'and' 'or' 'xor'> <InPorts = 2> <OutPorts = 1>
ST_1 : Operation 318 [1/1] (2.07ns)   --->   "%icmp_ln45_17 = icmp_sgt  i16 %data_21_val_read, i16 0" [firmware/nnet_utils/nnet_activation.h:45]   --->   Operation 318 'icmp' 'icmp_ln45_17' <Predicate = true> <Delay = 2.07> <CoreInst = "Cmp">   --->   Core 9 'Cmp' <Latency = 0> <II = 1> <Delay = 2.07> <FuncUnit> <Opcode : 'seteq' 'setne' 'setle' 'setge' 'setlt' 'setgt'> <InPorts = 2> <OutPorts = 1>
ST_1 : Operation 319 [1/1] (0.00ns)   --->   "%tmp_101 = bitselect i1 @_ssdm_op_BitSelect.i1.i16.i32, i16 %data_21_val_read, i32 15" [firmware/nnet_utils/nnet_activation.h:46]   --->   Operation 319 'bitselect' 'tmp_101' <Predicate = true> <Delay = 0.00>
ST_1 : Operation 320 [1/1] (0.00ns) (grouped into LUT with out node add_ln46_17)   --->   "%trunc_ln46_16 = partselect i8 @_ssdm_op_PartSelect.i8.i16.i32.i32, i16 %data_21_val_read, i32 2, i32 9" [firmware/nnet_utils/nnet_activation.h:46]   --->   Operation 320 'partselect' 'trunc_ln46_16' <Predicate = true> <Delay = 0.00>
ST_1 : Operation 321 [1/1] (0.00ns) (grouped into LUT with out node add_ln46_17)   --->   "%tmp_102 = bitselect i1 @_ssdm_op_BitSelect.i1.i16.i32, i16 %data_21_val_read, i32 1" [firmware/nnet_utils/nnet_activation.h:46]   --->   Operation 321 'bitselect' 'tmp_102' <Predicate = true> <Delay = 0.00>
ST_1 : Operation 322 [1/1] (0.00ns) (grouped into LUT with out node add_ln46_17)   --->   "%trunc_ln46_41 = trunc i16 %data_21_val_read" [firmware/nnet_utils/nnet_activation.h:46]   --->   Operation 322 'trunc' 'trunc_ln46_41' <Predicate = true> <Delay = 0.00>
ST_1 : Operation 323 [1/1] (0.00ns) (grouped into LUT with out node empty_43)   --->   "%tmp_103 = bitselect i1 @_ssdm_op_BitSelect.i1.i16.i32, i16 %data_21_val_read, i32 9" [firmware/nnet_utils/nnet_activation.h:46]   --->   Operation 323 'bitselect' 'tmp_103' <Predicate = true> <Delay = 0.00>
ST_1 : Operation 324 [1/1] (0.00ns) (grouped into LUT with out node add_ln46_17)   --->   "%tmp_104 = bitselect i1 @_ssdm_op_BitSelect.i1.i16.i32, i16 %data_21_val_read, i32 2" [firmware/nnet_utils/nnet_activation.h:46]   --->   Operation 324 'bitselect' 'tmp_104' <Predicate = true> <Delay = 0.00>
ST_1 : Operation 325 [1/1] (0.00ns) (grouped into LUT with out node add_ln46_17)   --->   "%or_ln46_51 = or i1 %tmp_104, i1 %trunc_ln46_41" [firmware/nnet_utils/nnet_activation.h:46]   --->   Operation 325 'or' 'or_ln46_51' <Predicate = true> <Delay = 0.00> <CoreInst = "LogicGate">   --->   Core 74 'LogicGate' <Latency = 0> <II = 1> <Delay = 0.97> <FuncUnit> <Opcode : 'and' 'or' 'xor'> <InPorts = 2> <OutPorts = 1>
ST_1 : Operation 326 [1/1] (0.00ns) (grouped into LUT with out node add_ln46_17)   --->   "%and_ln46_34 = and i1 %or_ln46_51, i1 %tmp_102" [firmware/nnet_utils/nnet_activation.h:46]   --->   Operation 326 'and' 'and_ln46_34' <Predicate = true> <Delay = 0.00> <CoreInst = "LogicGate">   --->   Core 74 'LogicGate' <Latency = 0> <II = 1> <Delay = 0.97> <FuncUnit> <Opcode : 'and' 'or' 'xor'> <InPorts = 2> <OutPorts = 1>
ST_1 : Operation 327 [1/1] (0.00ns) (grouped into LUT with out node add_ln46_17)   --->   "%zext_ln46_17 = zext i1 %and_ln46_34" [firmware/nnet_utils/nnet_activation.h:46]   --->   Operation 327 'zext' 'zext_ln46_17' <Predicate = true> <Delay = 0.00>
ST_1 : Operation 328 [1/1] (1.91ns) (out node of the LUT)   --->   "%add_ln46_17 = add i8 %trunc_ln46_16, i8 %zext_ln46_17" [firmware/nnet_utils/nnet_activation.h:46]   --->   Operation 328 'add' 'add_ln46_17' <Predicate = true> <Delay = 1.91> <CoreInst = "Adder">   --->   Core 1 'Adder' <Latency = 0> <II = 1> <Delay = 1.91> <FuncUnit> <Opcode : 'add' 'sub'> <InPorts = 2> <OutPorts = 1>
ST_1 : Operation 329 [1/1] (0.00ns)   --->   "%tmp_105 = partselect i6 @_ssdm_op_PartSelect.i6.i16.i32.i32, i16 %data_21_val_read, i32 10, i32 15" [firmware/nnet_utils/nnet_activation.h:46]   --->   Operation 329 'partselect' 'tmp_105' <Predicate = true> <Delay = 0.00>
ST_1 : Operation 330 [1/1] (1.82ns)   --->   "%icmp_ln46_17 = icmp_eq  i6 %tmp_105, i6 0" [firmware/nnet_utils/nnet_activation.h:46]   --->   Operation 330 'icmp' 'icmp_ln46_17' <Predicate = true> <Delay = 1.82> <CoreInst = "Cmp">   --->   Core 9 'Cmp' <Latency = 0> <II = 1> <Delay = 1.82> <FuncUnit> <Opcode : 'seteq' 'setne' 'setle' 'setge' 'setlt' 'setgt'> <InPorts = 2> <OutPorts = 1>
ST_1 : Operation 331 [1/1] (0.00ns) (grouped into LUT with out node empty_43)   --->   "%tmp_106 = bitselect i1 @_ssdm_op_BitSelect.i1.i8.i32, i8 %add_ln46_17, i32 7" [firmware/nnet_utils/nnet_activation.h:46]   --->   Operation 331 'bitselect' 'tmp_106' <Predicate = true> <Delay = 0.00>
ST_1 : Operation 332 [1/1] (0.00ns) (grouped into LUT with out node empty_43)   --->   "%not_tmp_121 = xor i1 %tmp_103, i1 1" [firmware/nnet_utils/nnet_activation.h:46]   --->   Operation 332 'xor' 'not_tmp_121' <Predicate = true> <Delay = 0.00> <CoreInst = "LogicGate">   --->   Core 74 'LogicGate' <Latency = 0> <II = 1> <Delay = 0.97> <FuncUnit> <Opcode : 'and' 'or' 'xor'> <InPorts = 2> <OutPorts = 1>
ST_1 : Operation 333 [1/1] (0.00ns) (grouped into LUT with out node empty_43)   --->   "%and_ln46_35 = or i1 %tmp_106, i1 %not_tmp_121" [firmware/nnet_utils/nnet_activation.h:46]   --->   Operation 333 'or' 'and_ln46_35' <Predicate = true> <Delay = 0.00> <CoreInst = "LogicGate">   --->   Core 74 'LogicGate' <Latency = 0> <II = 1> <Delay = 0.97> <FuncUnit> <Opcode : 'and' 'or' 'xor'> <InPorts = 2> <OutPorts = 1>
ST_1 : Operation 334 [1/1] (0.97ns) (out node of the LUT)   --->   "%empty_43 = and i1 %icmp_ln46_17, i1 %and_ln46_35" [firmware/nnet_utils/nnet_activation.h:46]   --->   Operation 334 'and' 'empty_43' <Predicate = true> <Delay = 0.97> <CoreInst = "LogicGate">   --->   Core 74 'LogicGate' <Latency = 0> <II = 1> <Delay = 0.97> <FuncUnit> <Opcode : 'and' 'or' 'xor'> <InPorts = 2> <OutPorts = 1>
ST_1 : Operation 335 [1/1] (2.07ns)   --->   "%icmp_ln45_18 = icmp_sgt  i16 %data_22_val_read, i16 0" [firmware/nnet_utils/nnet_activation.h:45]   --->   Operation 335 'icmp' 'icmp_ln45_18' <Predicate = true> <Delay = 2.07> <CoreInst = "Cmp">   --->   Core 9 'Cmp' <Latency = 0> <II = 1> <Delay = 2.07> <FuncUnit> <Opcode : 'seteq' 'setne' 'setle' 'setge' 'setlt' 'setgt'> <InPorts = 2> <OutPorts = 1>
ST_1 : Operation 336 [1/1] (0.00ns)   --->   "%tmp_107 = bitselect i1 @_ssdm_op_BitSelect.i1.i16.i32, i16 %data_22_val_read, i32 15" [firmware/nnet_utils/nnet_activation.h:46]   --->   Operation 336 'bitselect' 'tmp_107' <Predicate = true> <Delay = 0.00>
ST_1 : Operation 337 [1/1] (0.00ns) (grouped into LUT with out node add_ln46_18)   --->   "%trunc_ln46_17 = partselect i8 @_ssdm_op_PartSelect.i8.i16.i32.i32, i16 %data_22_val_read, i32 2, i32 9" [firmware/nnet_utils/nnet_activation.h:46]   --->   Operation 337 'partselect' 'trunc_ln46_17' <Predicate = true> <Delay = 0.00>
ST_1 : Operation 338 [1/1] (0.00ns) (grouped into LUT with out node add_ln46_18)   --->   "%tmp_108 = bitselect i1 @_ssdm_op_BitSelect.i1.i16.i32, i16 %data_22_val_read, i32 1" [firmware/nnet_utils/nnet_activation.h:46]   --->   Operation 338 'bitselect' 'tmp_108' <Predicate = true> <Delay = 0.00>
ST_1 : Operation 339 [1/1] (0.00ns) (grouped into LUT with out node add_ln46_18)   --->   "%trunc_ln46_42 = trunc i16 %data_22_val_read" [firmware/nnet_utils/nnet_activation.h:46]   --->   Operation 339 'trunc' 'trunc_ln46_42' <Predicate = true> <Delay = 0.00>
ST_1 : Operation 340 [1/1] (0.00ns) (grouped into LUT with out node empty_44)   --->   "%tmp_109 = bitselect i1 @_ssdm_op_BitSelect.i1.i16.i32, i16 %data_22_val_read, i32 9" [firmware/nnet_utils/nnet_activation.h:46]   --->   Operation 340 'bitselect' 'tmp_109' <Predicate = true> <Delay = 0.00>
ST_1 : Operation 341 [1/1] (0.00ns) (grouped into LUT with out node add_ln46_18)   --->   "%tmp_110 = bitselect i1 @_ssdm_op_BitSelect.i1.i16.i32, i16 %data_22_val_read, i32 2" [firmware/nnet_utils/nnet_activation.h:46]   --->   Operation 341 'bitselect' 'tmp_110' <Predicate = true> <Delay = 0.00>
ST_1 : Operation 342 [1/1] (0.00ns) (grouped into LUT with out node add_ln46_18)   --->   "%or_ln46_54 = or i1 %tmp_110, i1 %trunc_ln46_42" [firmware/nnet_utils/nnet_activation.h:46]   --->   Operation 342 'or' 'or_ln46_54' <Predicate = true> <Delay = 0.00> <CoreInst = "LogicGate">   --->   Core 74 'LogicGate' <Latency = 0> <II = 1> <Delay = 0.97> <FuncUnit> <Opcode : 'and' 'or' 'xor'> <InPorts = 2> <OutPorts = 1>
ST_1 : Operation 343 [1/1] (0.00ns) (grouped into LUT with out node add_ln46_18)   --->   "%and_ln46_36 = and i1 %or_ln46_54, i1 %tmp_108" [firmware/nnet_utils/nnet_activation.h:46]   --->   Operation 343 'and' 'and_ln46_36' <Predicate = true> <Delay = 0.00> <CoreInst = "LogicGate">   --->   Core 74 'LogicGate' <Latency = 0> <II = 1> <Delay = 0.97> <FuncUnit> <Opcode : 'and' 'or' 'xor'> <InPorts = 2> <OutPorts = 1>
ST_1 : Operation 344 [1/1] (0.00ns) (grouped into LUT with out node add_ln46_18)   --->   "%zext_ln46_18 = zext i1 %and_ln46_36" [firmware/nnet_utils/nnet_activation.h:46]   --->   Operation 344 'zext' 'zext_ln46_18' <Predicate = true> <Delay = 0.00>
ST_1 : Operation 345 [1/1] (1.91ns) (out node of the LUT)   --->   "%add_ln46_18 = add i8 %trunc_ln46_17, i8 %zext_ln46_18" [firmware/nnet_utils/nnet_activation.h:46]   --->   Operation 345 'add' 'add_ln46_18' <Predicate = true> <Delay = 1.91> <CoreInst = "Adder">   --->   Core 1 'Adder' <Latency = 0> <II = 1> <Delay = 1.91> <FuncUnit> <Opcode : 'add' 'sub'> <InPorts = 2> <OutPorts = 1>
ST_1 : Operation 346 [1/1] (0.00ns)   --->   "%tmp_111 = partselect i6 @_ssdm_op_PartSelect.i6.i16.i32.i32, i16 %data_22_val_read, i32 10, i32 15" [firmware/nnet_utils/nnet_activation.h:46]   --->   Operation 346 'partselect' 'tmp_111' <Predicate = true> <Delay = 0.00>
ST_1 : Operation 347 [1/1] (1.82ns)   --->   "%icmp_ln46_18 = icmp_eq  i6 %tmp_111, i6 0" [firmware/nnet_utils/nnet_activation.h:46]   --->   Operation 347 'icmp' 'icmp_ln46_18' <Predicate = true> <Delay = 1.82> <CoreInst = "Cmp">   --->   Core 9 'Cmp' <Latency = 0> <II = 1> <Delay = 1.82> <FuncUnit> <Opcode : 'seteq' 'setne' 'setle' 'setge' 'setlt' 'setgt'> <InPorts = 2> <OutPorts = 1>
ST_1 : Operation 348 [1/1] (0.00ns) (grouped into LUT with out node empty_44)   --->   "%tmp_112 = bitselect i1 @_ssdm_op_BitSelect.i1.i8.i32, i8 %add_ln46_18, i32 7" [firmware/nnet_utils/nnet_activation.h:46]   --->   Operation 348 'bitselect' 'tmp_112' <Predicate = true> <Delay = 0.00>
ST_1 : Operation 349 [1/1] (0.00ns) (grouped into LUT with out node empty_44)   --->   "%not_tmp_128 = xor i1 %tmp_109, i1 1" [firmware/nnet_utils/nnet_activation.h:46]   --->   Operation 349 'xor' 'not_tmp_128' <Predicate = true> <Delay = 0.00> <CoreInst = "LogicGate">   --->   Core 74 'LogicGate' <Latency = 0> <II = 1> <Delay = 0.97> <FuncUnit> <Opcode : 'and' 'or' 'xor'> <InPorts = 2> <OutPorts = 1>
ST_1 : Operation 350 [1/1] (0.00ns) (grouped into LUT with out node empty_44)   --->   "%and_ln46_37 = or i1 %tmp_112, i1 %not_tmp_128" [firmware/nnet_utils/nnet_activation.h:46]   --->   Operation 350 'or' 'and_ln46_37' <Predicate = true> <Delay = 0.00> <CoreInst = "LogicGate">   --->   Core 74 'LogicGate' <Latency = 0> <II = 1> <Delay = 0.97> <FuncUnit> <Opcode : 'and' 'or' 'xor'> <InPorts = 2> <OutPorts = 1>
ST_1 : Operation 351 [1/1] (0.97ns) (out node of the LUT)   --->   "%empty_44 = and i1 %icmp_ln46_18, i1 %and_ln46_37" [firmware/nnet_utils/nnet_activation.h:46]   --->   Operation 351 'and' 'empty_44' <Predicate = true> <Delay = 0.97> <CoreInst = "LogicGate">   --->   Core 74 'LogicGate' <Latency = 0> <II = 1> <Delay = 0.97> <FuncUnit> <Opcode : 'and' 'or' 'xor'> <InPorts = 2> <OutPorts = 1>
ST_1 : Operation 352 [1/1] (2.07ns)   --->   "%icmp_ln45_19 = icmp_sgt  i16 %data_23_val_read, i16 0" [firmware/nnet_utils/nnet_activation.h:45]   --->   Operation 352 'icmp' 'icmp_ln45_19' <Predicate = true> <Delay = 2.07> <CoreInst = "Cmp">   --->   Core 9 'Cmp' <Latency = 0> <II = 1> <Delay = 2.07> <FuncUnit> <Opcode : 'seteq' 'setne' 'setle' 'setge' 'setlt' 'setgt'> <InPorts = 2> <OutPorts = 1>
ST_1 : Operation 353 [1/1] (0.00ns)   --->   "%tmp_113 = bitselect i1 @_ssdm_op_BitSelect.i1.i16.i32, i16 %data_23_val_read, i32 15" [firmware/nnet_utils/nnet_activation.h:46]   --->   Operation 353 'bitselect' 'tmp_113' <Predicate = true> <Delay = 0.00>
ST_1 : Operation 354 [1/1] (0.00ns) (grouped into LUT with out node add_ln46_19)   --->   "%trunc_ln46_18 = partselect i8 @_ssdm_op_PartSelect.i8.i16.i32.i32, i16 %data_23_val_read, i32 2, i32 9" [firmware/nnet_utils/nnet_activation.h:46]   --->   Operation 354 'partselect' 'trunc_ln46_18' <Predicate = true> <Delay = 0.00>
ST_1 : Operation 355 [1/1] (0.00ns) (grouped into LUT with out node add_ln46_19)   --->   "%tmp_114 = bitselect i1 @_ssdm_op_BitSelect.i1.i16.i32, i16 %data_23_val_read, i32 1" [firmware/nnet_utils/nnet_activation.h:46]   --->   Operation 355 'bitselect' 'tmp_114' <Predicate = true> <Delay = 0.00>
ST_1 : Operation 356 [1/1] (0.00ns) (grouped into LUT with out node add_ln46_19)   --->   "%trunc_ln46_43 = trunc i16 %data_23_val_read" [firmware/nnet_utils/nnet_activation.h:46]   --->   Operation 356 'trunc' 'trunc_ln46_43' <Predicate = true> <Delay = 0.00>
ST_1 : Operation 357 [1/1] (0.00ns) (grouped into LUT with out node empty_45)   --->   "%tmp_115 = bitselect i1 @_ssdm_op_BitSelect.i1.i16.i32, i16 %data_23_val_read, i32 9" [firmware/nnet_utils/nnet_activation.h:46]   --->   Operation 357 'bitselect' 'tmp_115' <Predicate = true> <Delay = 0.00>
ST_1 : Operation 358 [1/1] (0.00ns) (grouped into LUT with out node add_ln46_19)   --->   "%tmp_116 = bitselect i1 @_ssdm_op_BitSelect.i1.i16.i32, i16 %data_23_val_read, i32 2" [firmware/nnet_utils/nnet_activation.h:46]   --->   Operation 358 'bitselect' 'tmp_116' <Predicate = true> <Delay = 0.00>
ST_1 : Operation 359 [1/1] (0.00ns) (grouped into LUT with out node add_ln46_19)   --->   "%or_ln46_57 = or i1 %tmp_116, i1 %trunc_ln46_43" [firmware/nnet_utils/nnet_activation.h:46]   --->   Operation 359 'or' 'or_ln46_57' <Predicate = true> <Delay = 0.00> <CoreInst = "LogicGate">   --->   Core 74 'LogicGate' <Latency = 0> <II = 1> <Delay = 0.97> <FuncUnit> <Opcode : 'and' 'or' 'xor'> <InPorts = 2> <OutPorts = 1>
ST_1 : Operation 360 [1/1] (0.00ns) (grouped into LUT with out node add_ln46_19)   --->   "%and_ln46_38 = and i1 %or_ln46_57, i1 %tmp_114" [firmware/nnet_utils/nnet_activation.h:46]   --->   Operation 360 'and' 'and_ln46_38' <Predicate = true> <Delay = 0.00> <CoreInst = "LogicGate">   --->   Core 74 'LogicGate' <Latency = 0> <II = 1> <Delay = 0.97> <FuncUnit> <Opcode : 'and' 'or' 'xor'> <InPorts = 2> <OutPorts = 1>
ST_1 : Operation 361 [1/1] (0.00ns) (grouped into LUT with out node add_ln46_19)   --->   "%zext_ln46_19 = zext i1 %and_ln46_38" [firmware/nnet_utils/nnet_activation.h:46]   --->   Operation 361 'zext' 'zext_ln46_19' <Predicate = true> <Delay = 0.00>
ST_1 : Operation 362 [1/1] (1.91ns) (out node of the LUT)   --->   "%add_ln46_19 = add i8 %trunc_ln46_18, i8 %zext_ln46_19" [firmware/nnet_utils/nnet_activation.h:46]   --->   Operation 362 'add' 'add_ln46_19' <Predicate = true> <Delay = 1.91> <CoreInst = "Adder">   --->   Core 1 'Adder' <Latency = 0> <II = 1> <Delay = 1.91> <FuncUnit> <Opcode : 'add' 'sub'> <InPorts = 2> <OutPorts = 1>
ST_1 : Operation 363 [1/1] (0.00ns)   --->   "%tmp_117 = partselect i6 @_ssdm_op_PartSelect.i6.i16.i32.i32, i16 %data_23_val_read, i32 10, i32 15" [firmware/nnet_utils/nnet_activation.h:46]   --->   Operation 363 'partselect' 'tmp_117' <Predicate = true> <Delay = 0.00>
ST_1 : Operation 364 [1/1] (1.82ns)   --->   "%icmp_ln46_19 = icmp_eq  i6 %tmp_117, i6 0" [firmware/nnet_utils/nnet_activation.h:46]   --->   Operation 364 'icmp' 'icmp_ln46_19' <Predicate = true> <Delay = 1.82> <CoreInst = "Cmp">   --->   Core 9 'Cmp' <Latency = 0> <II = 1> <Delay = 1.82> <FuncUnit> <Opcode : 'seteq' 'setne' 'setle' 'setge' 'setlt' 'setgt'> <InPorts = 2> <OutPorts = 1>
ST_1 : Operation 365 [1/1] (0.00ns) (grouped into LUT with out node empty_45)   --->   "%tmp_118 = bitselect i1 @_ssdm_op_BitSelect.i1.i8.i32, i8 %add_ln46_19, i32 7" [firmware/nnet_utils/nnet_activation.h:46]   --->   Operation 365 'bitselect' 'tmp_118' <Predicate = true> <Delay = 0.00>
ST_1 : Operation 366 [1/1] (0.00ns) (grouped into LUT with out node empty_45)   --->   "%not_tmp_135 = xor i1 %tmp_115, i1 1" [firmware/nnet_utils/nnet_activation.h:46]   --->   Operation 366 'xor' 'not_tmp_135' <Predicate = true> <Delay = 0.00> <CoreInst = "LogicGate">   --->   Core 74 'LogicGate' <Latency = 0> <II = 1> <Delay = 0.97> <FuncUnit> <Opcode : 'and' 'or' 'xor'> <InPorts = 2> <OutPorts = 1>
ST_1 : Operation 367 [1/1] (0.00ns) (grouped into LUT with out node empty_45)   --->   "%and_ln46_39 = or i1 %tmp_118, i1 %not_tmp_135" [firmware/nnet_utils/nnet_activation.h:46]   --->   Operation 367 'or' 'and_ln46_39' <Predicate = true> <Delay = 0.00> <CoreInst = "LogicGate">   --->   Core 74 'LogicGate' <Latency = 0> <II = 1> <Delay = 0.97> <FuncUnit> <Opcode : 'and' 'or' 'xor'> <InPorts = 2> <OutPorts = 1>
ST_1 : Operation 368 [1/1] (0.97ns) (out node of the LUT)   --->   "%empty_45 = and i1 %icmp_ln46_19, i1 %and_ln46_39" [firmware/nnet_utils/nnet_activation.h:46]   --->   Operation 368 'and' 'empty_45' <Predicate = true> <Delay = 0.97> <CoreInst = "LogicGate">   --->   Core 74 'LogicGate' <Latency = 0> <II = 1> <Delay = 0.97> <FuncUnit> <Opcode : 'and' 'or' 'xor'> <InPorts = 2> <OutPorts = 1>
ST_1 : Operation 369 [1/1] (2.07ns)   --->   "%icmp_ln45_20 = icmp_sgt  i16 %data_24_val_read, i16 0" [firmware/nnet_utils/nnet_activation.h:45]   --->   Operation 369 'icmp' 'icmp_ln45_20' <Predicate = true> <Delay = 2.07> <CoreInst = "Cmp">   --->   Core 9 'Cmp' <Latency = 0> <II = 1> <Delay = 2.07> <FuncUnit> <Opcode : 'seteq' 'setne' 'setle' 'setge' 'setlt' 'setgt'> <InPorts = 2> <OutPorts = 1>
ST_1 : Operation 370 [1/1] (0.00ns)   --->   "%tmp_119 = bitselect i1 @_ssdm_op_BitSelect.i1.i16.i32, i16 %data_24_val_read, i32 15" [firmware/nnet_utils/nnet_activation.h:46]   --->   Operation 370 'bitselect' 'tmp_119' <Predicate = true> <Delay = 0.00>
ST_1 : Operation 371 [1/1] (0.00ns) (grouped into LUT with out node add_ln46_20)   --->   "%trunc_ln46_19 = partselect i8 @_ssdm_op_PartSelect.i8.i16.i32.i32, i16 %data_24_val_read, i32 2, i32 9" [firmware/nnet_utils/nnet_activation.h:46]   --->   Operation 371 'partselect' 'trunc_ln46_19' <Predicate = true> <Delay = 0.00>
ST_1 : Operation 372 [1/1] (0.00ns) (grouped into LUT with out node add_ln46_20)   --->   "%tmp_120 = bitselect i1 @_ssdm_op_BitSelect.i1.i16.i32, i16 %data_24_val_read, i32 1" [firmware/nnet_utils/nnet_activation.h:46]   --->   Operation 372 'bitselect' 'tmp_120' <Predicate = true> <Delay = 0.00>
ST_1 : Operation 373 [1/1] (0.00ns) (grouped into LUT with out node add_ln46_20)   --->   "%trunc_ln46_44 = trunc i16 %data_24_val_read" [firmware/nnet_utils/nnet_activation.h:46]   --->   Operation 373 'trunc' 'trunc_ln46_44' <Predicate = true> <Delay = 0.00>
ST_1 : Operation 374 [1/1] (0.00ns) (grouped into LUT with out node empty_46)   --->   "%tmp_121 = bitselect i1 @_ssdm_op_BitSelect.i1.i16.i32, i16 %data_24_val_read, i32 9" [firmware/nnet_utils/nnet_activation.h:46]   --->   Operation 374 'bitselect' 'tmp_121' <Predicate = true> <Delay = 0.00>
ST_1 : Operation 375 [1/1] (0.00ns) (grouped into LUT with out node add_ln46_20)   --->   "%tmp_122 = bitselect i1 @_ssdm_op_BitSelect.i1.i16.i32, i16 %data_24_val_read, i32 2" [firmware/nnet_utils/nnet_activation.h:46]   --->   Operation 375 'bitselect' 'tmp_122' <Predicate = true> <Delay = 0.00>
ST_1 : Operation 376 [1/1] (0.00ns) (grouped into LUT with out node add_ln46_20)   --->   "%or_ln46_60 = or i1 %tmp_122, i1 %trunc_ln46_44" [firmware/nnet_utils/nnet_activation.h:46]   --->   Operation 376 'or' 'or_ln46_60' <Predicate = true> <Delay = 0.00> <CoreInst = "LogicGate">   --->   Core 74 'LogicGate' <Latency = 0> <II = 1> <Delay = 0.97> <FuncUnit> <Opcode : 'and' 'or' 'xor'> <InPorts = 2> <OutPorts = 1>
ST_1 : Operation 377 [1/1] (0.00ns) (grouped into LUT with out node add_ln46_20)   --->   "%and_ln46_40 = and i1 %or_ln46_60, i1 %tmp_120" [firmware/nnet_utils/nnet_activation.h:46]   --->   Operation 377 'and' 'and_ln46_40' <Predicate = true> <Delay = 0.00> <CoreInst = "LogicGate">   --->   Core 74 'LogicGate' <Latency = 0> <II = 1> <Delay = 0.97> <FuncUnit> <Opcode : 'and' 'or' 'xor'> <InPorts = 2> <OutPorts = 1>
ST_1 : Operation 378 [1/1] (0.00ns) (grouped into LUT with out node add_ln46_20)   --->   "%zext_ln46_20 = zext i1 %and_ln46_40" [firmware/nnet_utils/nnet_activation.h:46]   --->   Operation 378 'zext' 'zext_ln46_20' <Predicate = true> <Delay = 0.00>
ST_1 : Operation 379 [1/1] (1.91ns) (out node of the LUT)   --->   "%add_ln46_20 = add i8 %trunc_ln46_19, i8 %zext_ln46_20" [firmware/nnet_utils/nnet_activation.h:46]   --->   Operation 379 'add' 'add_ln46_20' <Predicate = true> <Delay = 1.91> <CoreInst = "Adder">   --->   Core 1 'Adder' <Latency = 0> <II = 1> <Delay = 1.91> <FuncUnit> <Opcode : 'add' 'sub'> <InPorts = 2> <OutPorts = 1>
ST_1 : Operation 380 [1/1] (0.00ns)   --->   "%tmp_123 = partselect i6 @_ssdm_op_PartSelect.i6.i16.i32.i32, i16 %data_24_val_read, i32 10, i32 15" [firmware/nnet_utils/nnet_activation.h:46]   --->   Operation 380 'partselect' 'tmp_123' <Predicate = true> <Delay = 0.00>
ST_1 : Operation 381 [1/1] (1.82ns)   --->   "%icmp_ln46_20 = icmp_eq  i6 %tmp_123, i6 0" [firmware/nnet_utils/nnet_activation.h:46]   --->   Operation 381 'icmp' 'icmp_ln46_20' <Predicate = true> <Delay = 1.82> <CoreInst = "Cmp">   --->   Core 9 'Cmp' <Latency = 0> <II = 1> <Delay = 1.82> <FuncUnit> <Opcode : 'seteq' 'setne' 'setle' 'setge' 'setlt' 'setgt'> <InPorts = 2> <OutPorts = 1>
ST_1 : Operation 382 [1/1] (0.00ns) (grouped into LUT with out node empty_46)   --->   "%tmp_124 = bitselect i1 @_ssdm_op_BitSelect.i1.i8.i32, i8 %add_ln46_20, i32 7" [firmware/nnet_utils/nnet_activation.h:46]   --->   Operation 382 'bitselect' 'tmp_124' <Predicate = true> <Delay = 0.00>
ST_1 : Operation 383 [1/1] (0.00ns) (grouped into LUT with out node empty_46)   --->   "%not_tmp_142 = xor i1 %tmp_121, i1 1" [firmware/nnet_utils/nnet_activation.h:46]   --->   Operation 383 'xor' 'not_tmp_142' <Predicate = true> <Delay = 0.00> <CoreInst = "LogicGate">   --->   Core 74 'LogicGate' <Latency = 0> <II = 1> <Delay = 0.97> <FuncUnit> <Opcode : 'and' 'or' 'xor'> <InPorts = 2> <OutPorts = 1>
ST_1 : Operation 384 [1/1] (0.00ns) (grouped into LUT with out node empty_46)   --->   "%and_ln46_41 = or i1 %tmp_124, i1 %not_tmp_142" [firmware/nnet_utils/nnet_activation.h:46]   --->   Operation 384 'or' 'and_ln46_41' <Predicate = true> <Delay = 0.00> <CoreInst = "LogicGate">   --->   Core 74 'LogicGate' <Latency = 0> <II = 1> <Delay = 0.97> <FuncUnit> <Opcode : 'and' 'or' 'xor'> <InPorts = 2> <OutPorts = 1>
ST_1 : Operation 385 [1/1] (0.97ns) (out node of the LUT)   --->   "%empty_46 = and i1 %icmp_ln46_20, i1 %and_ln46_41" [firmware/nnet_utils/nnet_activation.h:46]   --->   Operation 385 'and' 'empty_46' <Predicate = true> <Delay = 0.97> <CoreInst = "LogicGate">   --->   Core 74 'LogicGate' <Latency = 0> <II = 1> <Delay = 0.97> <FuncUnit> <Opcode : 'and' 'or' 'xor'> <InPorts = 2> <OutPorts = 1>
ST_1 : Operation 386 [1/1] (2.07ns)   --->   "%icmp_ln45_21 = icmp_sgt  i16 %data_25_val_read, i16 0" [firmware/nnet_utils/nnet_activation.h:45]   --->   Operation 386 'icmp' 'icmp_ln45_21' <Predicate = true> <Delay = 2.07> <CoreInst = "Cmp">   --->   Core 9 'Cmp' <Latency = 0> <II = 1> <Delay = 2.07> <FuncUnit> <Opcode : 'seteq' 'setne' 'setle' 'setge' 'setlt' 'setgt'> <InPorts = 2> <OutPorts = 1>
ST_1 : Operation 387 [1/1] (0.00ns)   --->   "%tmp_125 = bitselect i1 @_ssdm_op_BitSelect.i1.i16.i32, i16 %data_25_val_read, i32 15" [firmware/nnet_utils/nnet_activation.h:46]   --->   Operation 387 'bitselect' 'tmp_125' <Predicate = true> <Delay = 0.00>
ST_1 : Operation 388 [1/1] (0.00ns) (grouped into LUT with out node add_ln46_21)   --->   "%trunc_ln46_20 = partselect i8 @_ssdm_op_PartSelect.i8.i16.i32.i32, i16 %data_25_val_read, i32 2, i32 9" [firmware/nnet_utils/nnet_activation.h:46]   --->   Operation 388 'partselect' 'trunc_ln46_20' <Predicate = true> <Delay = 0.00>
ST_1 : Operation 389 [1/1] (0.00ns) (grouped into LUT with out node add_ln46_21)   --->   "%tmp_126 = bitselect i1 @_ssdm_op_BitSelect.i1.i16.i32, i16 %data_25_val_read, i32 1" [firmware/nnet_utils/nnet_activation.h:46]   --->   Operation 389 'bitselect' 'tmp_126' <Predicate = true> <Delay = 0.00>
ST_1 : Operation 390 [1/1] (0.00ns) (grouped into LUT with out node add_ln46_21)   --->   "%trunc_ln46_45 = trunc i16 %data_25_val_read" [firmware/nnet_utils/nnet_activation.h:46]   --->   Operation 390 'trunc' 'trunc_ln46_45' <Predicate = true> <Delay = 0.00>
ST_1 : Operation 391 [1/1] (0.00ns) (grouped into LUT with out node empty_47)   --->   "%tmp_127 = bitselect i1 @_ssdm_op_BitSelect.i1.i16.i32, i16 %data_25_val_read, i32 9" [firmware/nnet_utils/nnet_activation.h:46]   --->   Operation 391 'bitselect' 'tmp_127' <Predicate = true> <Delay = 0.00>
ST_1 : Operation 392 [1/1] (0.00ns) (grouped into LUT with out node add_ln46_21)   --->   "%tmp_128 = bitselect i1 @_ssdm_op_BitSelect.i1.i16.i32, i16 %data_25_val_read, i32 2" [firmware/nnet_utils/nnet_activation.h:46]   --->   Operation 392 'bitselect' 'tmp_128' <Predicate = true> <Delay = 0.00>
ST_1 : Operation 393 [1/1] (0.00ns) (grouped into LUT with out node add_ln46_21)   --->   "%or_ln46_63 = or i1 %tmp_128, i1 %trunc_ln46_45" [firmware/nnet_utils/nnet_activation.h:46]   --->   Operation 393 'or' 'or_ln46_63' <Predicate = true> <Delay = 0.00> <CoreInst = "LogicGate">   --->   Core 74 'LogicGate' <Latency = 0> <II = 1> <Delay = 0.97> <FuncUnit> <Opcode : 'and' 'or' 'xor'> <InPorts = 2> <OutPorts = 1>
ST_1 : Operation 394 [1/1] (0.00ns) (grouped into LUT with out node add_ln46_21)   --->   "%and_ln46_42 = and i1 %or_ln46_63, i1 %tmp_126" [firmware/nnet_utils/nnet_activation.h:46]   --->   Operation 394 'and' 'and_ln46_42' <Predicate = true> <Delay = 0.00> <CoreInst = "LogicGate">   --->   Core 74 'LogicGate' <Latency = 0> <II = 1> <Delay = 0.97> <FuncUnit> <Opcode : 'and' 'or' 'xor'> <InPorts = 2> <OutPorts = 1>
ST_1 : Operation 395 [1/1] (0.00ns) (grouped into LUT with out node add_ln46_21)   --->   "%zext_ln46_21 = zext i1 %and_ln46_42" [firmware/nnet_utils/nnet_activation.h:46]   --->   Operation 395 'zext' 'zext_ln46_21' <Predicate = true> <Delay = 0.00>
ST_1 : Operation 396 [1/1] (1.91ns) (out node of the LUT)   --->   "%add_ln46_21 = add i8 %trunc_ln46_20, i8 %zext_ln46_21" [firmware/nnet_utils/nnet_activation.h:46]   --->   Operation 396 'add' 'add_ln46_21' <Predicate = true> <Delay = 1.91> <CoreInst = "Adder">   --->   Core 1 'Adder' <Latency = 0> <II = 1> <Delay = 1.91> <FuncUnit> <Opcode : 'add' 'sub'> <InPorts = 2> <OutPorts = 1>
ST_1 : Operation 397 [1/1] (0.00ns)   --->   "%tmp_129 = partselect i6 @_ssdm_op_PartSelect.i6.i16.i32.i32, i16 %data_25_val_read, i32 10, i32 15" [firmware/nnet_utils/nnet_activation.h:46]   --->   Operation 397 'partselect' 'tmp_129' <Predicate = true> <Delay = 0.00>
ST_1 : Operation 398 [1/1] (1.82ns)   --->   "%icmp_ln46_21 = icmp_eq  i6 %tmp_129, i6 0" [firmware/nnet_utils/nnet_activation.h:46]   --->   Operation 398 'icmp' 'icmp_ln46_21' <Predicate = true> <Delay = 1.82> <CoreInst = "Cmp">   --->   Core 9 'Cmp' <Latency = 0> <II = 1> <Delay = 1.82> <FuncUnit> <Opcode : 'seteq' 'setne' 'setle' 'setge' 'setlt' 'setgt'> <InPorts = 2> <OutPorts = 1>
ST_1 : Operation 399 [1/1] (0.00ns) (grouped into LUT with out node empty_47)   --->   "%tmp_130 = bitselect i1 @_ssdm_op_BitSelect.i1.i8.i32, i8 %add_ln46_21, i32 7" [firmware/nnet_utils/nnet_activation.h:46]   --->   Operation 399 'bitselect' 'tmp_130' <Predicate = true> <Delay = 0.00>
ST_1 : Operation 400 [1/1] (0.00ns) (grouped into LUT with out node empty_47)   --->   "%not_tmp_149 = xor i1 %tmp_127, i1 1" [firmware/nnet_utils/nnet_activation.h:46]   --->   Operation 400 'xor' 'not_tmp_149' <Predicate = true> <Delay = 0.00> <CoreInst = "LogicGate">   --->   Core 74 'LogicGate' <Latency = 0> <II = 1> <Delay = 0.97> <FuncUnit> <Opcode : 'and' 'or' 'xor'> <InPorts = 2> <OutPorts = 1>
ST_1 : Operation 401 [1/1] (0.00ns) (grouped into LUT with out node empty_47)   --->   "%and_ln46_43 = or i1 %tmp_130, i1 %not_tmp_149" [firmware/nnet_utils/nnet_activation.h:46]   --->   Operation 401 'or' 'and_ln46_43' <Predicate = true> <Delay = 0.00> <CoreInst = "LogicGate">   --->   Core 74 'LogicGate' <Latency = 0> <II = 1> <Delay = 0.97> <FuncUnit> <Opcode : 'and' 'or' 'xor'> <InPorts = 2> <OutPorts = 1>
ST_1 : Operation 402 [1/1] (0.97ns) (out node of the LUT)   --->   "%empty_47 = and i1 %icmp_ln46_21, i1 %and_ln46_43" [firmware/nnet_utils/nnet_activation.h:46]   --->   Operation 402 'and' 'empty_47' <Predicate = true> <Delay = 0.97> <CoreInst = "LogicGate">   --->   Core 74 'LogicGate' <Latency = 0> <II = 1> <Delay = 0.97> <FuncUnit> <Opcode : 'and' 'or' 'xor'> <InPorts = 2> <OutPorts = 1>
ST_1 : Operation 403 [1/1] (2.07ns)   --->   "%icmp_ln45_22 = icmp_sgt  i16 %data_26_val_read, i16 0" [firmware/nnet_utils/nnet_activation.h:45]   --->   Operation 403 'icmp' 'icmp_ln45_22' <Predicate = true> <Delay = 2.07> <CoreInst = "Cmp">   --->   Core 9 'Cmp' <Latency = 0> <II = 1> <Delay = 2.07> <FuncUnit> <Opcode : 'seteq' 'setne' 'setle' 'setge' 'setlt' 'setgt'> <InPorts = 2> <OutPorts = 1>
ST_1 : Operation 404 [1/1] (0.00ns)   --->   "%tmp_131 = bitselect i1 @_ssdm_op_BitSelect.i1.i16.i32, i16 %data_26_val_read, i32 15" [firmware/nnet_utils/nnet_activation.h:46]   --->   Operation 404 'bitselect' 'tmp_131' <Predicate = true> <Delay = 0.00>
ST_1 : Operation 405 [1/1] (0.00ns) (grouped into LUT with out node add_ln46_22)   --->   "%trunc_ln46_21 = partselect i8 @_ssdm_op_PartSelect.i8.i16.i32.i32, i16 %data_26_val_read, i32 2, i32 9" [firmware/nnet_utils/nnet_activation.h:46]   --->   Operation 405 'partselect' 'trunc_ln46_21' <Predicate = true> <Delay = 0.00>
ST_1 : Operation 406 [1/1] (0.00ns) (grouped into LUT with out node add_ln46_22)   --->   "%tmp_132 = bitselect i1 @_ssdm_op_BitSelect.i1.i16.i32, i16 %data_26_val_read, i32 1" [firmware/nnet_utils/nnet_activation.h:46]   --->   Operation 406 'bitselect' 'tmp_132' <Predicate = true> <Delay = 0.00>
ST_1 : Operation 407 [1/1] (0.00ns) (grouped into LUT with out node add_ln46_22)   --->   "%trunc_ln46_46 = trunc i16 %data_26_val_read" [firmware/nnet_utils/nnet_activation.h:46]   --->   Operation 407 'trunc' 'trunc_ln46_46' <Predicate = true> <Delay = 0.00>
ST_1 : Operation 408 [1/1] (0.00ns) (grouped into LUT with out node empty_48)   --->   "%tmp_133 = bitselect i1 @_ssdm_op_BitSelect.i1.i16.i32, i16 %data_26_val_read, i32 9" [firmware/nnet_utils/nnet_activation.h:46]   --->   Operation 408 'bitselect' 'tmp_133' <Predicate = true> <Delay = 0.00>
ST_1 : Operation 409 [1/1] (0.00ns) (grouped into LUT with out node add_ln46_22)   --->   "%tmp_134 = bitselect i1 @_ssdm_op_BitSelect.i1.i16.i32, i16 %data_26_val_read, i32 2" [firmware/nnet_utils/nnet_activation.h:46]   --->   Operation 409 'bitselect' 'tmp_134' <Predicate = true> <Delay = 0.00>
ST_1 : Operation 410 [1/1] (0.00ns) (grouped into LUT with out node add_ln46_22)   --->   "%or_ln46_66 = or i1 %tmp_134, i1 %trunc_ln46_46" [firmware/nnet_utils/nnet_activation.h:46]   --->   Operation 410 'or' 'or_ln46_66' <Predicate = true> <Delay = 0.00> <CoreInst = "LogicGate">   --->   Core 74 'LogicGate' <Latency = 0> <II = 1> <Delay = 0.97> <FuncUnit> <Opcode : 'and' 'or' 'xor'> <InPorts = 2> <OutPorts = 1>
ST_1 : Operation 411 [1/1] (0.00ns) (grouped into LUT with out node add_ln46_22)   --->   "%and_ln46_44 = and i1 %or_ln46_66, i1 %tmp_132" [firmware/nnet_utils/nnet_activation.h:46]   --->   Operation 411 'and' 'and_ln46_44' <Predicate = true> <Delay = 0.00> <CoreInst = "LogicGate">   --->   Core 74 'LogicGate' <Latency = 0> <II = 1> <Delay = 0.97> <FuncUnit> <Opcode : 'and' 'or' 'xor'> <InPorts = 2> <OutPorts = 1>
ST_1 : Operation 412 [1/1] (0.00ns) (grouped into LUT with out node add_ln46_22)   --->   "%zext_ln46_22 = zext i1 %and_ln46_44" [firmware/nnet_utils/nnet_activation.h:46]   --->   Operation 412 'zext' 'zext_ln46_22' <Predicate = true> <Delay = 0.00>
ST_1 : Operation 413 [1/1] (1.91ns) (out node of the LUT)   --->   "%add_ln46_22 = add i8 %trunc_ln46_21, i8 %zext_ln46_22" [firmware/nnet_utils/nnet_activation.h:46]   --->   Operation 413 'add' 'add_ln46_22' <Predicate = true> <Delay = 1.91> <CoreInst = "Adder">   --->   Core 1 'Adder' <Latency = 0> <II = 1> <Delay = 1.91> <FuncUnit> <Opcode : 'add' 'sub'> <InPorts = 2> <OutPorts = 1>
ST_1 : Operation 414 [1/1] (0.00ns)   --->   "%tmp_135 = partselect i6 @_ssdm_op_PartSelect.i6.i16.i32.i32, i16 %data_26_val_read, i32 10, i32 15" [firmware/nnet_utils/nnet_activation.h:46]   --->   Operation 414 'partselect' 'tmp_135' <Predicate = true> <Delay = 0.00>
ST_1 : Operation 415 [1/1] (1.82ns)   --->   "%icmp_ln46_22 = icmp_eq  i6 %tmp_135, i6 0" [firmware/nnet_utils/nnet_activation.h:46]   --->   Operation 415 'icmp' 'icmp_ln46_22' <Predicate = true> <Delay = 1.82> <CoreInst = "Cmp">   --->   Core 9 'Cmp' <Latency = 0> <II = 1> <Delay = 1.82> <FuncUnit> <Opcode : 'seteq' 'setne' 'setle' 'setge' 'setlt' 'setgt'> <InPorts = 2> <OutPorts = 1>
ST_1 : Operation 416 [1/1] (0.00ns) (grouped into LUT with out node empty_48)   --->   "%tmp_136 = bitselect i1 @_ssdm_op_BitSelect.i1.i8.i32, i8 %add_ln46_22, i32 7" [firmware/nnet_utils/nnet_activation.h:46]   --->   Operation 416 'bitselect' 'tmp_136' <Predicate = true> <Delay = 0.00>
ST_1 : Operation 417 [1/1] (0.00ns) (grouped into LUT with out node empty_48)   --->   "%not_tmp_156 = xor i1 %tmp_133, i1 1" [firmware/nnet_utils/nnet_activation.h:46]   --->   Operation 417 'xor' 'not_tmp_156' <Predicate = true> <Delay = 0.00> <CoreInst = "LogicGate">   --->   Core 74 'LogicGate' <Latency = 0> <II = 1> <Delay = 0.97> <FuncUnit> <Opcode : 'and' 'or' 'xor'> <InPorts = 2> <OutPorts = 1>
ST_1 : Operation 418 [1/1] (0.00ns) (grouped into LUT with out node empty_48)   --->   "%and_ln46_45 = or i1 %tmp_136, i1 %not_tmp_156" [firmware/nnet_utils/nnet_activation.h:46]   --->   Operation 418 'or' 'and_ln46_45' <Predicate = true> <Delay = 0.00> <CoreInst = "LogicGate">   --->   Core 74 'LogicGate' <Latency = 0> <II = 1> <Delay = 0.97> <FuncUnit> <Opcode : 'and' 'or' 'xor'> <InPorts = 2> <OutPorts = 1>
ST_1 : Operation 419 [1/1] (0.97ns) (out node of the LUT)   --->   "%empty_48 = and i1 %icmp_ln46_22, i1 %and_ln46_45" [firmware/nnet_utils/nnet_activation.h:46]   --->   Operation 419 'and' 'empty_48' <Predicate = true> <Delay = 0.97> <CoreInst = "LogicGate">   --->   Core 74 'LogicGate' <Latency = 0> <II = 1> <Delay = 0.97> <FuncUnit> <Opcode : 'and' 'or' 'xor'> <InPorts = 2> <OutPorts = 1>
ST_1 : Operation 420 [1/1] (2.07ns)   --->   "%icmp_ln45_23 = icmp_sgt  i16 %data_27_val_read, i16 0" [firmware/nnet_utils/nnet_activation.h:45]   --->   Operation 420 'icmp' 'icmp_ln45_23' <Predicate = true> <Delay = 2.07> <CoreInst = "Cmp">   --->   Core 9 'Cmp' <Latency = 0> <II = 1> <Delay = 2.07> <FuncUnit> <Opcode : 'seteq' 'setne' 'setle' 'setge' 'setlt' 'setgt'> <InPorts = 2> <OutPorts = 1>
ST_1 : Operation 421 [1/1] (0.00ns)   --->   "%tmp_137 = bitselect i1 @_ssdm_op_BitSelect.i1.i16.i32, i16 %data_27_val_read, i32 15" [firmware/nnet_utils/nnet_activation.h:46]   --->   Operation 421 'bitselect' 'tmp_137' <Predicate = true> <Delay = 0.00>
ST_1 : Operation 422 [1/1] (0.00ns) (grouped into LUT with out node add_ln46_23)   --->   "%trunc_ln46_22 = partselect i8 @_ssdm_op_PartSelect.i8.i16.i32.i32, i16 %data_27_val_read, i32 2, i32 9" [firmware/nnet_utils/nnet_activation.h:46]   --->   Operation 422 'partselect' 'trunc_ln46_22' <Predicate = true> <Delay = 0.00>
ST_1 : Operation 423 [1/1] (0.00ns) (grouped into LUT with out node add_ln46_23)   --->   "%tmp_138 = bitselect i1 @_ssdm_op_BitSelect.i1.i16.i32, i16 %data_27_val_read, i32 1" [firmware/nnet_utils/nnet_activation.h:46]   --->   Operation 423 'bitselect' 'tmp_138' <Predicate = true> <Delay = 0.00>
ST_1 : Operation 424 [1/1] (0.00ns) (grouped into LUT with out node add_ln46_23)   --->   "%trunc_ln46_47 = trunc i16 %data_27_val_read" [firmware/nnet_utils/nnet_activation.h:46]   --->   Operation 424 'trunc' 'trunc_ln46_47' <Predicate = true> <Delay = 0.00>
ST_1 : Operation 425 [1/1] (0.00ns) (grouped into LUT with out node empty_49)   --->   "%tmp_139 = bitselect i1 @_ssdm_op_BitSelect.i1.i16.i32, i16 %data_27_val_read, i32 9" [firmware/nnet_utils/nnet_activation.h:46]   --->   Operation 425 'bitselect' 'tmp_139' <Predicate = true> <Delay = 0.00>
ST_1 : Operation 426 [1/1] (0.00ns) (grouped into LUT with out node add_ln46_23)   --->   "%tmp_140 = bitselect i1 @_ssdm_op_BitSelect.i1.i16.i32, i16 %data_27_val_read, i32 2" [firmware/nnet_utils/nnet_activation.h:46]   --->   Operation 426 'bitselect' 'tmp_140' <Predicate = true> <Delay = 0.00>
ST_1 : Operation 427 [1/1] (0.00ns) (grouped into LUT with out node add_ln46_23)   --->   "%or_ln46_69 = or i1 %tmp_140, i1 %trunc_ln46_47" [firmware/nnet_utils/nnet_activation.h:46]   --->   Operation 427 'or' 'or_ln46_69' <Predicate = true> <Delay = 0.00> <CoreInst = "LogicGate">   --->   Core 74 'LogicGate' <Latency = 0> <II = 1> <Delay = 0.97> <FuncUnit> <Opcode : 'and' 'or' 'xor'> <InPorts = 2> <OutPorts = 1>
ST_1 : Operation 428 [1/1] (0.00ns) (grouped into LUT with out node add_ln46_23)   --->   "%and_ln46_46 = and i1 %or_ln46_69, i1 %tmp_138" [firmware/nnet_utils/nnet_activation.h:46]   --->   Operation 428 'and' 'and_ln46_46' <Predicate = true> <Delay = 0.00> <CoreInst = "LogicGate">   --->   Core 74 'LogicGate' <Latency = 0> <II = 1> <Delay = 0.97> <FuncUnit> <Opcode : 'and' 'or' 'xor'> <InPorts = 2> <OutPorts = 1>
ST_1 : Operation 429 [1/1] (0.00ns) (grouped into LUT with out node add_ln46_23)   --->   "%zext_ln46_23 = zext i1 %and_ln46_46" [firmware/nnet_utils/nnet_activation.h:46]   --->   Operation 429 'zext' 'zext_ln46_23' <Predicate = true> <Delay = 0.00>
ST_1 : Operation 430 [1/1] (1.91ns) (out node of the LUT)   --->   "%add_ln46_23 = add i8 %trunc_ln46_22, i8 %zext_ln46_23" [firmware/nnet_utils/nnet_activation.h:46]   --->   Operation 430 'add' 'add_ln46_23' <Predicate = true> <Delay = 1.91> <CoreInst = "Adder">   --->   Core 1 'Adder' <Latency = 0> <II = 1> <Delay = 1.91> <FuncUnit> <Opcode : 'add' 'sub'> <InPorts = 2> <OutPorts = 1>
ST_1 : Operation 431 [1/1] (0.00ns)   --->   "%tmp_141 = partselect i6 @_ssdm_op_PartSelect.i6.i16.i32.i32, i16 %data_27_val_read, i32 10, i32 15" [firmware/nnet_utils/nnet_activation.h:46]   --->   Operation 431 'partselect' 'tmp_141' <Predicate = true> <Delay = 0.00>
ST_1 : Operation 432 [1/1] (1.82ns)   --->   "%icmp_ln46_23 = icmp_eq  i6 %tmp_141, i6 0" [firmware/nnet_utils/nnet_activation.h:46]   --->   Operation 432 'icmp' 'icmp_ln46_23' <Predicate = true> <Delay = 1.82> <CoreInst = "Cmp">   --->   Core 9 'Cmp' <Latency = 0> <II = 1> <Delay = 1.82> <FuncUnit> <Opcode : 'seteq' 'setne' 'setle' 'setge' 'setlt' 'setgt'> <InPorts = 2> <OutPorts = 1>
ST_1 : Operation 433 [1/1] (0.00ns) (grouped into LUT with out node empty_49)   --->   "%tmp_142 = bitselect i1 @_ssdm_op_BitSelect.i1.i8.i32, i8 %add_ln46_23, i32 7" [firmware/nnet_utils/nnet_activation.h:46]   --->   Operation 433 'bitselect' 'tmp_142' <Predicate = true> <Delay = 0.00>
ST_1 : Operation 434 [1/1] (0.00ns) (grouped into LUT with out node empty_49)   --->   "%not_tmp_163 = xor i1 %tmp_139, i1 1" [firmware/nnet_utils/nnet_activation.h:46]   --->   Operation 434 'xor' 'not_tmp_163' <Predicate = true> <Delay = 0.00> <CoreInst = "LogicGate">   --->   Core 74 'LogicGate' <Latency = 0> <II = 1> <Delay = 0.97> <FuncUnit> <Opcode : 'and' 'or' 'xor'> <InPorts = 2> <OutPorts = 1>
ST_1 : Operation 435 [1/1] (0.00ns) (grouped into LUT with out node empty_49)   --->   "%and_ln46_47 = or i1 %tmp_142, i1 %not_tmp_163" [firmware/nnet_utils/nnet_activation.h:46]   --->   Operation 435 'or' 'and_ln46_47' <Predicate = true> <Delay = 0.00> <CoreInst = "LogicGate">   --->   Core 74 'LogicGate' <Latency = 0> <II = 1> <Delay = 0.97> <FuncUnit> <Opcode : 'and' 'or' 'xor'> <InPorts = 2> <OutPorts = 1>
ST_1 : Operation 436 [1/1] (0.97ns) (out node of the LUT)   --->   "%empty_49 = and i1 %icmp_ln46_23, i1 %and_ln46_47" [firmware/nnet_utils/nnet_activation.h:46]   --->   Operation 436 'and' 'empty_49' <Predicate = true> <Delay = 0.97> <CoreInst = "LogicGate">   --->   Core 74 'LogicGate' <Latency = 0> <II = 1> <Delay = 0.97> <FuncUnit> <Opcode : 'and' 'or' 'xor'> <InPorts = 2> <OutPorts = 1>
ST_1 : Operation 437 [1/1] (2.07ns)   --->   "%icmp_ln45_24 = icmp_sgt  i16 %data_29_val_read, i16 0" [firmware/nnet_utils/nnet_activation.h:45]   --->   Operation 437 'icmp' 'icmp_ln45_24' <Predicate = true> <Delay = 2.07> <CoreInst = "Cmp">   --->   Core 9 'Cmp' <Latency = 0> <II = 1> <Delay = 2.07> <FuncUnit> <Opcode : 'seteq' 'setne' 'setle' 'setge' 'setlt' 'setgt'> <InPorts = 2> <OutPorts = 1>
ST_1 : Operation 438 [1/1] (0.00ns)   --->   "%tmp_143 = bitselect i1 @_ssdm_op_BitSelect.i1.i16.i32, i16 %data_29_val_read, i32 15" [firmware/nnet_utils/nnet_activation.h:46]   --->   Operation 438 'bitselect' 'tmp_143' <Predicate = true> <Delay = 0.00>
ST_1 : Operation 439 [1/1] (0.00ns) (grouped into LUT with out node add_ln46_24)   --->   "%trunc_ln46_23 = partselect i8 @_ssdm_op_PartSelect.i8.i16.i32.i32, i16 %data_29_val_read, i32 2, i32 9" [firmware/nnet_utils/nnet_activation.h:46]   --->   Operation 439 'partselect' 'trunc_ln46_23' <Predicate = true> <Delay = 0.00>
ST_1 : Operation 440 [1/1] (0.00ns) (grouped into LUT with out node add_ln46_24)   --->   "%tmp_144 = bitselect i1 @_ssdm_op_BitSelect.i1.i16.i32, i16 %data_29_val_read, i32 1" [firmware/nnet_utils/nnet_activation.h:46]   --->   Operation 440 'bitselect' 'tmp_144' <Predicate = true> <Delay = 0.00>
ST_1 : Operation 441 [1/1] (0.00ns) (grouped into LUT with out node add_ln46_24)   --->   "%trunc_ln46_48 = trunc i16 %data_29_val_read" [firmware/nnet_utils/nnet_activation.h:46]   --->   Operation 441 'trunc' 'trunc_ln46_48' <Predicate = true> <Delay = 0.00>
ST_1 : Operation 442 [1/1] (0.00ns) (grouped into LUT with out node empty_50)   --->   "%tmp_145 = bitselect i1 @_ssdm_op_BitSelect.i1.i16.i32, i16 %data_29_val_read, i32 9" [firmware/nnet_utils/nnet_activation.h:46]   --->   Operation 442 'bitselect' 'tmp_145' <Predicate = true> <Delay = 0.00>
ST_1 : Operation 443 [1/1] (0.00ns) (grouped into LUT with out node add_ln46_24)   --->   "%tmp_146 = bitselect i1 @_ssdm_op_BitSelect.i1.i16.i32, i16 %data_29_val_read, i32 2" [firmware/nnet_utils/nnet_activation.h:46]   --->   Operation 443 'bitselect' 'tmp_146' <Predicate = true> <Delay = 0.00>
ST_1 : Operation 444 [1/1] (0.00ns) (grouped into LUT with out node add_ln46_24)   --->   "%or_ln46_72 = or i1 %tmp_146, i1 %trunc_ln46_48" [firmware/nnet_utils/nnet_activation.h:46]   --->   Operation 444 'or' 'or_ln46_72' <Predicate = true> <Delay = 0.00> <CoreInst = "LogicGate">   --->   Core 74 'LogicGate' <Latency = 0> <II = 1> <Delay = 0.97> <FuncUnit> <Opcode : 'and' 'or' 'xor'> <InPorts = 2> <OutPorts = 1>
ST_1 : Operation 445 [1/1] (0.00ns) (grouped into LUT with out node add_ln46_24)   --->   "%and_ln46_48 = and i1 %or_ln46_72, i1 %tmp_144" [firmware/nnet_utils/nnet_activation.h:46]   --->   Operation 445 'and' 'and_ln46_48' <Predicate = true> <Delay = 0.00> <CoreInst = "LogicGate">   --->   Core 74 'LogicGate' <Latency = 0> <II = 1> <Delay = 0.97> <FuncUnit> <Opcode : 'and' 'or' 'xor'> <InPorts = 2> <OutPorts = 1>
ST_1 : Operation 446 [1/1] (0.00ns) (grouped into LUT with out node add_ln46_24)   --->   "%zext_ln46_24 = zext i1 %and_ln46_48" [firmware/nnet_utils/nnet_activation.h:46]   --->   Operation 446 'zext' 'zext_ln46_24' <Predicate = true> <Delay = 0.00>
ST_1 : Operation 447 [1/1] (1.91ns) (out node of the LUT)   --->   "%add_ln46_24 = add i8 %trunc_ln46_23, i8 %zext_ln46_24" [firmware/nnet_utils/nnet_activation.h:46]   --->   Operation 447 'add' 'add_ln46_24' <Predicate = true> <Delay = 1.91> <CoreInst = "Adder">   --->   Core 1 'Adder' <Latency = 0> <II = 1> <Delay = 1.91> <FuncUnit> <Opcode : 'add' 'sub'> <InPorts = 2> <OutPorts = 1>
ST_1 : Operation 448 [1/1] (0.00ns)   --->   "%tmp_147 = partselect i6 @_ssdm_op_PartSelect.i6.i16.i32.i32, i16 %data_29_val_read, i32 10, i32 15" [firmware/nnet_utils/nnet_activation.h:46]   --->   Operation 448 'partselect' 'tmp_147' <Predicate = true> <Delay = 0.00>
ST_1 : Operation 449 [1/1] (1.82ns)   --->   "%icmp_ln46_24 = icmp_eq  i6 %tmp_147, i6 0" [firmware/nnet_utils/nnet_activation.h:46]   --->   Operation 449 'icmp' 'icmp_ln46_24' <Predicate = true> <Delay = 1.82> <CoreInst = "Cmp">   --->   Core 9 'Cmp' <Latency = 0> <II = 1> <Delay = 1.82> <FuncUnit> <Opcode : 'seteq' 'setne' 'setle' 'setge' 'setlt' 'setgt'> <InPorts = 2> <OutPorts = 1>
ST_1 : Operation 450 [1/1] (0.00ns) (grouped into LUT with out node empty_50)   --->   "%tmp_148 = bitselect i1 @_ssdm_op_BitSelect.i1.i8.i32, i8 %add_ln46_24, i32 7" [firmware/nnet_utils/nnet_activation.h:46]   --->   Operation 450 'bitselect' 'tmp_148' <Predicate = true> <Delay = 0.00>
ST_1 : Operation 451 [1/1] (0.00ns) (grouped into LUT with out node empty_50)   --->   "%not_tmp_170 = xor i1 %tmp_145, i1 1" [firmware/nnet_utils/nnet_activation.h:46]   --->   Operation 451 'xor' 'not_tmp_170' <Predicate = true> <Delay = 0.00> <CoreInst = "LogicGate">   --->   Core 74 'LogicGate' <Latency = 0> <II = 1> <Delay = 0.97> <FuncUnit> <Opcode : 'and' 'or' 'xor'> <InPorts = 2> <OutPorts = 1>
ST_1 : Operation 452 [1/1] (0.00ns) (grouped into LUT with out node empty_50)   --->   "%and_ln46_49 = or i1 %tmp_148, i1 %not_tmp_170" [firmware/nnet_utils/nnet_activation.h:46]   --->   Operation 452 'or' 'and_ln46_49' <Predicate = true> <Delay = 0.00> <CoreInst = "LogicGate">   --->   Core 74 'LogicGate' <Latency = 0> <II = 1> <Delay = 0.97> <FuncUnit> <Opcode : 'and' 'or' 'xor'> <InPorts = 2> <OutPorts = 1>
ST_1 : Operation 453 [1/1] (0.97ns) (out node of the LUT)   --->   "%empty_50 = and i1 %icmp_ln46_24, i1 %and_ln46_49" [firmware/nnet_utils/nnet_activation.h:46]   --->   Operation 453 'and' 'empty_50' <Predicate = true> <Delay = 0.97> <CoreInst = "LogicGate">   --->   Core 74 'LogicGate' <Latency = 0> <II = 1> <Delay = 0.97> <FuncUnit> <Opcode : 'and' 'or' 'xor'> <InPorts = 2> <OutPorts = 1>
ST_1 : Operation 454 [1/1] (2.07ns)   --->   "%icmp_ln45_25 = icmp_sgt  i16 %data_31_val_read, i16 0" [firmware/nnet_utils/nnet_activation.h:45]   --->   Operation 454 'icmp' 'icmp_ln45_25' <Predicate = true> <Delay = 2.07> <CoreInst = "Cmp">   --->   Core 9 'Cmp' <Latency = 0> <II = 1> <Delay = 2.07> <FuncUnit> <Opcode : 'seteq' 'setne' 'setle' 'setge' 'setlt' 'setgt'> <InPorts = 2> <OutPorts = 1>
ST_1 : Operation 455 [1/1] (0.00ns)   --->   "%tmp_149 = bitselect i1 @_ssdm_op_BitSelect.i1.i16.i32, i16 %data_31_val_read, i32 15" [firmware/nnet_utils/nnet_activation.h:46]   --->   Operation 455 'bitselect' 'tmp_149' <Predicate = true> <Delay = 0.00>
ST_1 : Operation 456 [1/1] (0.00ns) (grouped into LUT with out node add_ln46_25)   --->   "%trunc_ln46_24 = partselect i8 @_ssdm_op_PartSelect.i8.i16.i32.i32, i16 %data_31_val_read, i32 2, i32 9" [firmware/nnet_utils/nnet_activation.h:46]   --->   Operation 456 'partselect' 'trunc_ln46_24' <Predicate = true> <Delay = 0.00>
ST_1 : Operation 457 [1/1] (0.00ns) (grouped into LUT with out node add_ln46_25)   --->   "%tmp_150 = bitselect i1 @_ssdm_op_BitSelect.i1.i16.i32, i16 %data_31_val_read, i32 1" [firmware/nnet_utils/nnet_activation.h:46]   --->   Operation 457 'bitselect' 'tmp_150' <Predicate = true> <Delay = 0.00>
ST_1 : Operation 458 [1/1] (0.00ns) (grouped into LUT with out node add_ln46_25)   --->   "%trunc_ln46_49 = trunc i16 %data_31_val_read" [firmware/nnet_utils/nnet_activation.h:46]   --->   Operation 458 'trunc' 'trunc_ln46_49' <Predicate = true> <Delay = 0.00>
ST_1 : Operation 459 [1/1] (0.00ns) (grouped into LUT with out node empty_51)   --->   "%tmp_151 = bitselect i1 @_ssdm_op_BitSelect.i1.i16.i32, i16 %data_31_val_read, i32 9" [firmware/nnet_utils/nnet_activation.h:46]   --->   Operation 459 'bitselect' 'tmp_151' <Predicate = true> <Delay = 0.00>
ST_1 : Operation 460 [1/1] (0.00ns) (grouped into LUT with out node add_ln46_25)   --->   "%tmp_152 = bitselect i1 @_ssdm_op_BitSelect.i1.i16.i32, i16 %data_31_val_read, i32 2" [firmware/nnet_utils/nnet_activation.h:46]   --->   Operation 460 'bitselect' 'tmp_152' <Predicate = true> <Delay = 0.00>
ST_1 : Operation 461 [1/1] (0.00ns) (grouped into LUT with out node add_ln46_25)   --->   "%or_ln46_75 = or i1 %tmp_152, i1 %trunc_ln46_49" [firmware/nnet_utils/nnet_activation.h:46]   --->   Operation 461 'or' 'or_ln46_75' <Predicate = true> <Delay = 0.00> <CoreInst = "LogicGate">   --->   Core 74 'LogicGate' <Latency = 0> <II = 1> <Delay = 0.97> <FuncUnit> <Opcode : 'and' 'or' 'xor'> <InPorts = 2> <OutPorts = 1>
ST_1 : Operation 462 [1/1] (0.00ns) (grouped into LUT with out node add_ln46_25)   --->   "%and_ln46_50 = and i1 %or_ln46_75, i1 %tmp_150" [firmware/nnet_utils/nnet_activation.h:46]   --->   Operation 462 'and' 'and_ln46_50' <Predicate = true> <Delay = 0.00> <CoreInst = "LogicGate">   --->   Core 74 'LogicGate' <Latency = 0> <II = 1> <Delay = 0.97> <FuncUnit> <Opcode : 'and' 'or' 'xor'> <InPorts = 2> <OutPorts = 1>
ST_1 : Operation 463 [1/1] (0.00ns) (grouped into LUT with out node add_ln46_25)   --->   "%zext_ln46_25 = zext i1 %and_ln46_50" [firmware/nnet_utils/nnet_activation.h:46]   --->   Operation 463 'zext' 'zext_ln46_25' <Predicate = true> <Delay = 0.00>
ST_1 : Operation 464 [1/1] (1.91ns) (out node of the LUT)   --->   "%add_ln46_25 = add i8 %trunc_ln46_24, i8 %zext_ln46_25" [firmware/nnet_utils/nnet_activation.h:46]   --->   Operation 464 'add' 'add_ln46_25' <Predicate = true> <Delay = 1.91> <CoreInst = "Adder">   --->   Core 1 'Adder' <Latency = 0> <II = 1> <Delay = 1.91> <FuncUnit> <Opcode : 'add' 'sub'> <InPorts = 2> <OutPorts = 1>
ST_1 : Operation 465 [1/1] (0.00ns)   --->   "%tmp_153 = partselect i6 @_ssdm_op_PartSelect.i6.i16.i32.i32, i16 %data_31_val_read, i32 10, i32 15" [firmware/nnet_utils/nnet_activation.h:46]   --->   Operation 465 'partselect' 'tmp_153' <Predicate = true> <Delay = 0.00>
ST_1 : Operation 466 [1/1] (1.82ns)   --->   "%icmp_ln46_25 = icmp_eq  i6 %tmp_153, i6 0" [firmware/nnet_utils/nnet_activation.h:46]   --->   Operation 466 'icmp' 'icmp_ln46_25' <Predicate = true> <Delay = 1.82> <CoreInst = "Cmp">   --->   Core 9 'Cmp' <Latency = 0> <II = 1> <Delay = 1.82> <FuncUnit> <Opcode : 'seteq' 'setne' 'setle' 'setge' 'setlt' 'setgt'> <InPorts = 2> <OutPorts = 1>
ST_1 : Operation 467 [1/1] (0.00ns) (grouped into LUT with out node empty_51)   --->   "%tmp_154 = bitselect i1 @_ssdm_op_BitSelect.i1.i8.i32, i8 %add_ln46_25, i32 7" [firmware/nnet_utils/nnet_activation.h:46]   --->   Operation 467 'bitselect' 'tmp_154' <Predicate = true> <Delay = 0.00>
ST_1 : Operation 468 [1/1] (0.00ns) (grouped into LUT with out node empty_51)   --->   "%not_tmp_177 = xor i1 %tmp_151, i1 1" [firmware/nnet_utils/nnet_activation.h:46]   --->   Operation 468 'xor' 'not_tmp_177' <Predicate = true> <Delay = 0.00> <CoreInst = "LogicGate">   --->   Core 74 'LogicGate' <Latency = 0> <II = 1> <Delay = 0.97> <FuncUnit> <Opcode : 'and' 'or' 'xor'> <InPorts = 2> <OutPorts = 1>
ST_1 : Operation 469 [1/1] (0.00ns) (grouped into LUT with out node empty_51)   --->   "%and_ln46_51 = or i1 %tmp_154, i1 %not_tmp_177" [firmware/nnet_utils/nnet_activation.h:46]   --->   Operation 469 'or' 'and_ln46_51' <Predicate = true> <Delay = 0.00> <CoreInst = "LogicGate">   --->   Core 74 'LogicGate' <Latency = 0> <II = 1> <Delay = 0.97> <FuncUnit> <Opcode : 'and' 'or' 'xor'> <InPorts = 2> <OutPorts = 1>
ST_1 : Operation 470 [1/1] (0.97ns) (out node of the LUT)   --->   "%empty_51 = and i1 %icmp_ln46_25, i1 %and_ln46_51" [firmware/nnet_utils/nnet_activation.h:46]   --->   Operation 470 'and' 'empty_51' <Predicate = true> <Delay = 0.97> <CoreInst = "LogicGate">   --->   Core 74 'LogicGate' <Latency = 0> <II = 1> <Delay = 0.97> <FuncUnit> <Opcode : 'and' 'or' 'xor'> <InPorts = 2> <OutPorts = 1>

State 2 <SV = 1> <Delay = 2.49>
ST_2 : Operation 471 [1/1] (0.00ns)   --->   "%specpipeline_ln42 = specpipeline void @_ssdm_op_SpecPipeline, i32 4294967295, i32 0, i32 0, i32 0, void @empty_0" [firmware/nnet_utils/nnet_activation.h:42]   --->   Operation 471 'specpipeline' 'specpipeline_ln42' <Predicate = true> <Delay = 0.00>
ST_2 : Operation 472 [1/1] (0.00ns) (grouped into LUT with out node select_ln46_1)   --->   "%or_ln46_1 = or i1 %empty, i1 %tmp" [firmware/nnet_utils/nnet_activation.h:46]   --->   Operation 472 'or' 'or_ln46_1' <Predicate = (icmp_ln45)> <Delay = 0.00> <CoreInst = "LogicGate">   --->   Core 74 'LogicGate' <Latency = 0> <II = 1> <Delay = 0.97> <FuncUnit> <Opcode : 'and' 'or' 'xor'> <InPorts = 2> <OutPorts = 1>
ST_2 : Operation 473 [1/1] (0.00ns) (grouped into LUT with out node res_0_0)   --->   "%xor_ln46 = xor i1 %empty, i1 1" [firmware/nnet_utils/nnet_activation.h:46]   --->   Operation 473 'xor' 'xor_ln46' <Predicate = (icmp_ln45)> <Delay = 0.00> <CoreInst = "LogicGate">   --->   Core 74 'LogicGate' <Latency = 0> <II = 1> <Delay = 0.97> <FuncUnit> <Opcode : 'and' 'or' 'xor'> <InPorts = 2> <OutPorts = 1>
ST_2 : Operation 474 [1/1] (0.00ns) (grouped into LUT with out node res_0_0)   --->   "%or_ln46_2 = or i1 %tmp, i1 %xor_ln46" [firmware/nnet_utils/nnet_activation.h:46]   --->   Operation 474 'or' 'or_ln46_2' <Predicate = (icmp_ln45)> <Delay = 0.00> <CoreInst = "LogicGate">   --->   Core 74 'LogicGate' <Latency = 0> <II = 1> <Delay = 0.97> <FuncUnit> <Opcode : 'and' 'or' 'xor'> <InPorts = 2> <OutPorts = 1>
ST_2 : Operation 475 [1/1] (0.00ns) (grouped into LUT with out node select_ln46_1)   --->   "%select_ln46 = select i1 %tmp, i8 0, i8 %add_ln46" [firmware/nnet_utils/nnet_activation.h:46]   --->   Operation 475 'select' 'select_ln46' <Predicate = (icmp_ln45)> <Delay = 0.00> <CoreInst = "Sel">   --->   Core 73 'Sel' <Latency = 0> <II = 1> <Delay = 1.24> <FuncUnit> <Opcode : 'select'> <InPorts = 3> <OutPorts = 1>
ST_2 : Operation 476 [1/1] (1.24ns) (out node of the LUT)   --->   "%select_ln46_1 = select i1 %or_ln46_1, i8 %select_ln46, i8 255" [firmware/nnet_utils/nnet_activation.h:46]   --->   Operation 476 'select' 'select_ln46_1' <Predicate = (icmp_ln45)> <Delay = 1.24> <CoreInst = "Sel">   --->   Core 73 'Sel' <Latency = 0> <II = 1> <Delay = 1.24> <FuncUnit> <Opcode : 'select'> <InPorts = 3> <OutPorts = 1>
ST_2 : Operation 477 [1/1] (0.00ns) (grouped into LUT with out node res_0_0)   --->   "%select_ln46_2 = select i1 %or_ln46_2, i8 %select_ln46_1, i8 %add_ln46" [firmware/nnet_utils/nnet_activation.h:46]   --->   Operation 477 'select' 'select_ln46_2' <Predicate = (icmp_ln45)> <Delay = 0.00> <CoreInst = "Sel">   --->   Core 73 'Sel' <Latency = 0> <II = 1> <Delay = 1.24> <FuncUnit> <Opcode : 'select'> <InPorts = 3> <OutPorts = 1>
ST_2 : Operation 478 [1/1] (1.24ns) (out node of the LUT)   --->   "%res_0_0 = select i1 %icmp_ln45, i8 %select_ln46_2, i8 0" [firmware/nnet_utils/nnet_activation.h:45]   --->   Operation 478 'select' 'res_0_0' <Predicate = true> <Delay = 1.24> <CoreInst = "Sel">   --->   Core 73 'Sel' <Latency = 0> <II = 1> <Delay = 1.24> <FuncUnit> <Opcode : 'select'> <InPorts = 3> <OutPorts = 1>
ST_2 : Operation 479 [1/1] (0.00ns) (grouped into LUT with out node select_ln46_4)   --->   "%or_ln46_4 = or i1 %empty_27, i1 %tmp_5" [firmware/nnet_utils/nnet_activation.h:46]   --->   Operation 479 'or' 'or_ln46_4' <Predicate = (icmp_ln45_1)> <Delay = 0.00> <CoreInst = "LogicGate">   --->   Core 74 'LogicGate' <Latency = 0> <II = 1> <Delay = 0.97> <FuncUnit> <Opcode : 'and' 'or' 'xor'> <InPorts = 2> <OutPorts = 1>
ST_2 : Operation 480 [1/1] (0.00ns) (grouped into LUT with out node res_2_0)   --->   "%xor_ln46_1 = xor i1 %empty_27, i1 1" [firmware/nnet_utils/nnet_activation.h:46]   --->   Operation 480 'xor' 'xor_ln46_1' <Predicate = (icmp_ln45_1)> <Delay = 0.00> <CoreInst = "LogicGate">   --->   Core 74 'LogicGate' <Latency = 0> <II = 1> <Delay = 0.97> <FuncUnit> <Opcode : 'and' 'or' 'xor'> <InPorts = 2> <OutPorts = 1>
ST_2 : Operation 481 [1/1] (0.00ns) (grouped into LUT with out node res_2_0)   --->   "%or_ln46_5 = or i1 %tmp_5, i1 %xor_ln46_1" [firmware/nnet_utils/nnet_activation.h:46]   --->   Operation 481 'or' 'or_ln46_5' <Predicate = (icmp_ln45_1)> <Delay = 0.00> <CoreInst = "LogicGate">   --->   Core 74 'LogicGate' <Latency = 0> <II = 1> <Delay = 0.97> <FuncUnit> <Opcode : 'and' 'or' 'xor'> <InPorts = 2> <OutPorts = 1>
ST_2 : Operation 482 [1/1] (0.00ns) (grouped into LUT with out node select_ln46_4)   --->   "%select_ln46_3 = select i1 %tmp_5, i8 0, i8 %add_ln46_1" [firmware/nnet_utils/nnet_activation.h:46]   --->   Operation 482 'select' 'select_ln46_3' <Predicate = (icmp_ln45_1)> <Delay = 0.00> <CoreInst = "Sel">   --->   Core 73 'Sel' <Latency = 0> <II = 1> <Delay = 1.24> <FuncUnit> <Opcode : 'select'> <InPorts = 3> <OutPorts = 1>
ST_2 : Operation 483 [1/1] (1.24ns) (out node of the LUT)   --->   "%select_ln46_4 = select i1 %or_ln46_4, i8 %select_ln46_3, i8 255" [firmware/nnet_utils/nnet_activation.h:46]   --->   Operation 483 'select' 'select_ln46_4' <Predicate = (icmp_ln45_1)> <Delay = 1.24> <CoreInst = "Sel">   --->   Core 73 'Sel' <Latency = 0> <II = 1> <Delay = 1.24> <FuncUnit> <Opcode : 'select'> <InPorts = 3> <OutPorts = 1>
ST_2 : Operation 484 [1/1] (0.00ns) (grouped into LUT with out node res_2_0)   --->   "%select_ln46_5 = select i1 %or_ln46_5, i8 %select_ln46_4, i8 %add_ln46_1" [firmware/nnet_utils/nnet_activation.h:46]   --->   Operation 484 'select' 'select_ln46_5' <Predicate = (icmp_ln45_1)> <Delay = 0.00> <CoreInst = "Sel">   --->   Core 73 'Sel' <Latency = 0> <II = 1> <Delay = 1.24> <FuncUnit> <Opcode : 'select'> <InPorts = 3> <OutPorts = 1>
ST_2 : Operation 485 [1/1] (1.24ns) (out node of the LUT)   --->   "%res_2_0 = select i1 %icmp_ln45_1, i8 %select_ln46_5, i8 0" [firmware/nnet_utils/nnet_activation.h:45]   --->   Operation 485 'select' 'res_2_0' <Predicate = true> <Delay = 1.24> <CoreInst = "Sel">   --->   Core 73 'Sel' <Latency = 0> <II = 1> <Delay = 1.24> <FuncUnit> <Opcode : 'select'> <InPorts = 3> <OutPorts = 1>
ST_2 : Operation 486 [1/1] (0.00ns) (grouped into LUT with out node select_ln46_7)   --->   "%or_ln46_7 = or i1 %empty_28, i1 %tmp_11" [firmware/nnet_utils/nnet_activation.h:46]   --->   Operation 486 'or' 'or_ln46_7' <Predicate = (icmp_ln45_2)> <Delay = 0.00> <CoreInst = "LogicGate">   --->   Core 74 'LogicGate' <Latency = 0> <II = 1> <Delay = 0.97> <FuncUnit> <Opcode : 'and' 'or' 'xor'> <InPorts = 2> <OutPorts = 1>
ST_2 : Operation 487 [1/1] (0.00ns) (grouped into LUT with out node res_3_0)   --->   "%xor_ln46_2 = xor i1 %empty_28, i1 1" [firmware/nnet_utils/nnet_activation.h:46]   --->   Operation 487 'xor' 'xor_ln46_2' <Predicate = (icmp_ln45_2)> <Delay = 0.00> <CoreInst = "LogicGate">   --->   Core 74 'LogicGate' <Latency = 0> <II = 1> <Delay = 0.97> <FuncUnit> <Opcode : 'and' 'or' 'xor'> <InPorts = 2> <OutPorts = 1>
ST_2 : Operation 488 [1/1] (0.00ns) (grouped into LUT with out node res_3_0)   --->   "%or_ln46_8 = or i1 %tmp_11, i1 %xor_ln46_2" [firmware/nnet_utils/nnet_activation.h:46]   --->   Operation 488 'or' 'or_ln46_8' <Predicate = (icmp_ln45_2)> <Delay = 0.00> <CoreInst = "LogicGate">   --->   Core 74 'LogicGate' <Latency = 0> <II = 1> <Delay = 0.97> <FuncUnit> <Opcode : 'and' 'or' 'xor'> <InPorts = 2> <OutPorts = 1>
ST_2 : Operation 489 [1/1] (0.00ns) (grouped into LUT with out node select_ln46_7)   --->   "%select_ln46_6 = select i1 %tmp_11, i8 0, i8 %add_ln46_2" [firmware/nnet_utils/nnet_activation.h:46]   --->   Operation 489 'select' 'select_ln46_6' <Predicate = (icmp_ln45_2)> <Delay = 0.00> <CoreInst = "Sel">   --->   Core 73 'Sel' <Latency = 0> <II = 1> <Delay = 1.24> <FuncUnit> <Opcode : 'select'> <InPorts = 3> <OutPorts = 1>
ST_2 : Operation 490 [1/1] (1.24ns) (out node of the LUT)   --->   "%select_ln46_7 = select i1 %or_ln46_7, i8 %select_ln46_6, i8 255" [firmware/nnet_utils/nnet_activation.h:46]   --->   Operation 490 'select' 'select_ln46_7' <Predicate = (icmp_ln45_2)> <Delay = 1.24> <CoreInst = "Sel">   --->   Core 73 'Sel' <Latency = 0> <II = 1> <Delay = 1.24> <FuncUnit> <Opcode : 'select'> <InPorts = 3> <OutPorts = 1>
ST_2 : Operation 491 [1/1] (0.00ns) (grouped into LUT with out node res_3_0)   --->   "%select_ln46_8 = select i1 %or_ln46_8, i8 %select_ln46_7, i8 %add_ln46_2" [firmware/nnet_utils/nnet_activation.h:46]   --->   Operation 491 'select' 'select_ln46_8' <Predicate = (icmp_ln45_2)> <Delay = 0.00> <CoreInst = "Sel">   --->   Core 73 'Sel' <Latency = 0> <II = 1> <Delay = 1.24> <FuncUnit> <Opcode : 'select'> <InPorts = 3> <OutPorts = 1>
ST_2 : Operation 492 [1/1] (1.24ns) (out node of the LUT)   --->   "%res_3_0 = select i1 %icmp_ln45_2, i8 %select_ln46_8, i8 0" [firmware/nnet_utils/nnet_activation.h:45]   --->   Operation 492 'select' 'res_3_0' <Predicate = true> <Delay = 1.24> <CoreInst = "Sel">   --->   Core 73 'Sel' <Latency = 0> <II = 1> <Delay = 1.24> <FuncUnit> <Opcode : 'select'> <InPorts = 3> <OutPorts = 1>
ST_2 : Operation 493 [1/1] (0.00ns) (grouped into LUT with out node select_ln46_10)   --->   "%or_ln46_10 = or i1 %empty_29, i1 %tmp_17" [firmware/nnet_utils/nnet_activation.h:46]   --->   Operation 493 'or' 'or_ln46_10' <Predicate = (icmp_ln45_3)> <Delay = 0.00> <CoreInst = "LogicGate">   --->   Core 74 'LogicGate' <Latency = 0> <II = 1> <Delay = 0.97> <FuncUnit> <Opcode : 'and' 'or' 'xor'> <InPorts = 2> <OutPorts = 1>
ST_2 : Operation 494 [1/1] (0.00ns) (grouped into LUT with out node res_4_0)   --->   "%xor_ln46_3 = xor i1 %empty_29, i1 1" [firmware/nnet_utils/nnet_activation.h:46]   --->   Operation 494 'xor' 'xor_ln46_3' <Predicate = (icmp_ln45_3)> <Delay = 0.00> <CoreInst = "LogicGate">   --->   Core 74 'LogicGate' <Latency = 0> <II = 1> <Delay = 0.97> <FuncUnit> <Opcode : 'and' 'or' 'xor'> <InPorts = 2> <OutPorts = 1>
ST_2 : Operation 495 [1/1] (0.00ns) (grouped into LUT with out node res_4_0)   --->   "%or_ln46_11 = or i1 %tmp_17, i1 %xor_ln46_3" [firmware/nnet_utils/nnet_activation.h:46]   --->   Operation 495 'or' 'or_ln46_11' <Predicate = (icmp_ln45_3)> <Delay = 0.00> <CoreInst = "LogicGate">   --->   Core 74 'LogicGate' <Latency = 0> <II = 1> <Delay = 0.97> <FuncUnit> <Opcode : 'and' 'or' 'xor'> <InPorts = 2> <OutPorts = 1>
ST_2 : Operation 496 [1/1] (0.00ns) (grouped into LUT with out node select_ln46_10)   --->   "%select_ln46_9 = select i1 %tmp_17, i8 0, i8 %add_ln46_3" [firmware/nnet_utils/nnet_activation.h:46]   --->   Operation 496 'select' 'select_ln46_9' <Predicate = (icmp_ln45_3)> <Delay = 0.00> <CoreInst = "Sel">   --->   Core 73 'Sel' <Latency = 0> <II = 1> <Delay = 1.24> <FuncUnit> <Opcode : 'select'> <InPorts = 3> <OutPorts = 1>
ST_2 : Operation 497 [1/1] (1.24ns) (out node of the LUT)   --->   "%select_ln46_10 = select i1 %or_ln46_10, i8 %select_ln46_9, i8 255" [firmware/nnet_utils/nnet_activation.h:46]   --->   Operation 497 'select' 'select_ln46_10' <Predicate = (icmp_ln45_3)> <Delay = 1.24> <CoreInst = "Sel">   --->   Core 73 'Sel' <Latency = 0> <II = 1> <Delay = 1.24> <FuncUnit> <Opcode : 'select'> <InPorts = 3> <OutPorts = 1>
ST_2 : Operation 498 [1/1] (0.00ns) (grouped into LUT with out node res_4_0)   --->   "%select_ln46_11 = select i1 %or_ln46_11, i8 %select_ln46_10, i8 %add_ln46_3" [firmware/nnet_utils/nnet_activation.h:46]   --->   Operation 498 'select' 'select_ln46_11' <Predicate = (icmp_ln45_3)> <Delay = 0.00> <CoreInst = "Sel">   --->   Core 73 'Sel' <Latency = 0> <II = 1> <Delay = 1.24> <FuncUnit> <Opcode : 'select'> <InPorts = 3> <OutPorts = 1>
ST_2 : Operation 499 [1/1] (1.24ns) (out node of the LUT)   --->   "%res_4_0 = select i1 %icmp_ln45_3, i8 %select_ln46_11, i8 0" [firmware/nnet_utils/nnet_activation.h:45]   --->   Operation 499 'select' 'res_4_0' <Predicate = true> <Delay = 1.24> <CoreInst = "Sel">   --->   Core 73 'Sel' <Latency = 0> <II = 1> <Delay = 1.24> <FuncUnit> <Opcode : 'select'> <InPorts = 3> <OutPorts = 1>
ST_2 : Operation 500 [1/1] (0.00ns) (grouped into LUT with out node select_ln46_13)   --->   "%or_ln46_13 = or i1 %empty_30, i1 %tmp_23" [firmware/nnet_utils/nnet_activation.h:46]   --->   Operation 500 'or' 'or_ln46_13' <Predicate = (icmp_ln45_4)> <Delay = 0.00> <CoreInst = "LogicGate">   --->   Core 74 'LogicGate' <Latency = 0> <II = 1> <Delay = 0.97> <FuncUnit> <Opcode : 'and' 'or' 'xor'> <InPorts = 2> <OutPorts = 1>
ST_2 : Operation 501 [1/1] (0.00ns) (grouped into LUT with out node res_5_0)   --->   "%xor_ln46_4 = xor i1 %empty_30, i1 1" [firmware/nnet_utils/nnet_activation.h:46]   --->   Operation 501 'xor' 'xor_ln46_4' <Predicate = (icmp_ln45_4)> <Delay = 0.00> <CoreInst = "LogicGate">   --->   Core 74 'LogicGate' <Latency = 0> <II = 1> <Delay = 0.97> <FuncUnit> <Opcode : 'and' 'or' 'xor'> <InPorts = 2> <OutPorts = 1>
ST_2 : Operation 502 [1/1] (0.00ns) (grouped into LUT with out node res_5_0)   --->   "%or_ln46_14 = or i1 %tmp_23, i1 %xor_ln46_4" [firmware/nnet_utils/nnet_activation.h:46]   --->   Operation 502 'or' 'or_ln46_14' <Predicate = (icmp_ln45_4)> <Delay = 0.00> <CoreInst = "LogicGate">   --->   Core 74 'LogicGate' <Latency = 0> <II = 1> <Delay = 0.97> <FuncUnit> <Opcode : 'and' 'or' 'xor'> <InPorts = 2> <OutPorts = 1>
ST_2 : Operation 503 [1/1] (0.00ns) (grouped into LUT with out node select_ln46_13)   --->   "%select_ln46_12 = select i1 %tmp_23, i8 0, i8 %add_ln46_4" [firmware/nnet_utils/nnet_activation.h:46]   --->   Operation 503 'select' 'select_ln46_12' <Predicate = (icmp_ln45_4)> <Delay = 0.00> <CoreInst = "Sel">   --->   Core 73 'Sel' <Latency = 0> <II = 1> <Delay = 1.24> <FuncUnit> <Opcode : 'select'> <InPorts = 3> <OutPorts = 1>
ST_2 : Operation 504 [1/1] (1.24ns) (out node of the LUT)   --->   "%select_ln46_13 = select i1 %or_ln46_13, i8 %select_ln46_12, i8 255" [firmware/nnet_utils/nnet_activation.h:46]   --->   Operation 504 'select' 'select_ln46_13' <Predicate = (icmp_ln45_4)> <Delay = 1.24> <CoreInst = "Sel">   --->   Core 73 'Sel' <Latency = 0> <II = 1> <Delay = 1.24> <FuncUnit> <Opcode : 'select'> <InPorts = 3> <OutPorts = 1>
ST_2 : Operation 505 [1/1] (0.00ns) (grouped into LUT with out node res_5_0)   --->   "%select_ln46_14 = select i1 %or_ln46_14, i8 %select_ln46_13, i8 %add_ln46_4" [firmware/nnet_utils/nnet_activation.h:46]   --->   Operation 505 'select' 'select_ln46_14' <Predicate = (icmp_ln45_4)> <Delay = 0.00> <CoreInst = "Sel">   --->   Core 73 'Sel' <Latency = 0> <II = 1> <Delay = 1.24> <FuncUnit> <Opcode : 'select'> <InPorts = 3> <OutPorts = 1>
ST_2 : Operation 506 [1/1] (1.24ns) (out node of the LUT)   --->   "%res_5_0 = select i1 %icmp_ln45_4, i8 %select_ln46_14, i8 0" [firmware/nnet_utils/nnet_activation.h:45]   --->   Operation 506 'select' 'res_5_0' <Predicate = true> <Delay = 1.24> <CoreInst = "Sel">   --->   Core 73 'Sel' <Latency = 0> <II = 1> <Delay = 1.24> <FuncUnit> <Opcode : 'select'> <InPorts = 3> <OutPorts = 1>
ST_2 : Operation 507 [1/1] (0.00ns) (grouped into LUT with out node select_ln46_16)   --->   "%or_ln46_16 = or i1 %empty_31, i1 %tmp_29" [firmware/nnet_utils/nnet_activation.h:46]   --->   Operation 507 'or' 'or_ln46_16' <Predicate = (icmp_ln45_5)> <Delay = 0.00> <CoreInst = "LogicGate">   --->   Core 74 'LogicGate' <Latency = 0> <II = 1> <Delay = 0.97> <FuncUnit> <Opcode : 'and' 'or' 'xor'> <InPorts = 2> <OutPorts = 1>
ST_2 : Operation 508 [1/1] (0.00ns) (grouped into LUT with out node res_6_0)   --->   "%xor_ln46_5 = xor i1 %empty_31, i1 1" [firmware/nnet_utils/nnet_activation.h:46]   --->   Operation 508 'xor' 'xor_ln46_5' <Predicate = (icmp_ln45_5)> <Delay = 0.00> <CoreInst = "LogicGate">   --->   Core 74 'LogicGate' <Latency = 0> <II = 1> <Delay = 0.97> <FuncUnit> <Opcode : 'and' 'or' 'xor'> <InPorts = 2> <OutPorts = 1>
ST_2 : Operation 509 [1/1] (0.00ns) (grouped into LUT with out node res_6_0)   --->   "%or_ln46_17 = or i1 %tmp_29, i1 %xor_ln46_5" [firmware/nnet_utils/nnet_activation.h:46]   --->   Operation 509 'or' 'or_ln46_17' <Predicate = (icmp_ln45_5)> <Delay = 0.00> <CoreInst = "LogicGate">   --->   Core 74 'LogicGate' <Latency = 0> <II = 1> <Delay = 0.97> <FuncUnit> <Opcode : 'and' 'or' 'xor'> <InPorts = 2> <OutPorts = 1>
ST_2 : Operation 510 [1/1] (0.00ns) (grouped into LUT with out node select_ln46_16)   --->   "%select_ln46_15 = select i1 %tmp_29, i8 0, i8 %add_ln46_5" [firmware/nnet_utils/nnet_activation.h:46]   --->   Operation 510 'select' 'select_ln46_15' <Predicate = (icmp_ln45_5)> <Delay = 0.00> <CoreInst = "Sel">   --->   Core 73 'Sel' <Latency = 0> <II = 1> <Delay = 1.24> <FuncUnit> <Opcode : 'select'> <InPorts = 3> <OutPorts = 1>
ST_2 : Operation 511 [1/1] (1.24ns) (out node of the LUT)   --->   "%select_ln46_16 = select i1 %or_ln46_16, i8 %select_ln46_15, i8 255" [firmware/nnet_utils/nnet_activation.h:46]   --->   Operation 511 'select' 'select_ln46_16' <Predicate = (icmp_ln45_5)> <Delay = 1.24> <CoreInst = "Sel">   --->   Core 73 'Sel' <Latency = 0> <II = 1> <Delay = 1.24> <FuncUnit> <Opcode : 'select'> <InPorts = 3> <OutPorts = 1>
ST_2 : Operation 512 [1/1] (0.00ns) (grouped into LUT with out node res_6_0)   --->   "%select_ln46_17 = select i1 %or_ln46_17, i8 %select_ln46_16, i8 %add_ln46_5" [firmware/nnet_utils/nnet_activation.h:46]   --->   Operation 512 'select' 'select_ln46_17' <Predicate = (icmp_ln45_5)> <Delay = 0.00> <CoreInst = "Sel">   --->   Core 73 'Sel' <Latency = 0> <II = 1> <Delay = 1.24> <FuncUnit> <Opcode : 'select'> <InPorts = 3> <OutPorts = 1>
ST_2 : Operation 513 [1/1] (1.24ns) (out node of the LUT)   --->   "%res_6_0 = select i1 %icmp_ln45_5, i8 %select_ln46_17, i8 0" [firmware/nnet_utils/nnet_activation.h:45]   --->   Operation 513 'select' 'res_6_0' <Predicate = true> <Delay = 1.24> <CoreInst = "Sel">   --->   Core 73 'Sel' <Latency = 0> <II = 1> <Delay = 1.24> <FuncUnit> <Opcode : 'select'> <InPorts = 3> <OutPorts = 1>
ST_2 : Operation 514 [1/1] (0.00ns) (grouped into LUT with out node select_ln46_19)   --->   "%or_ln46_19 = or i1 %empty_32, i1 %tmp_35" [firmware/nnet_utils/nnet_activation.h:46]   --->   Operation 514 'or' 'or_ln46_19' <Predicate = (icmp_ln45_6)> <Delay = 0.00> <CoreInst = "LogicGate">   --->   Core 74 'LogicGate' <Latency = 0> <II = 1> <Delay = 0.97> <FuncUnit> <Opcode : 'and' 'or' 'xor'> <InPorts = 2> <OutPorts = 1>
ST_2 : Operation 515 [1/1] (0.00ns) (grouped into LUT with out node res_8_0)   --->   "%xor_ln46_6 = xor i1 %empty_32, i1 1" [firmware/nnet_utils/nnet_activation.h:46]   --->   Operation 515 'xor' 'xor_ln46_6' <Predicate = (icmp_ln45_6)> <Delay = 0.00> <CoreInst = "LogicGate">   --->   Core 74 'LogicGate' <Latency = 0> <II = 1> <Delay = 0.97> <FuncUnit> <Opcode : 'and' 'or' 'xor'> <InPorts = 2> <OutPorts = 1>
ST_2 : Operation 516 [1/1] (0.00ns) (grouped into LUT with out node res_8_0)   --->   "%or_ln46_20 = or i1 %tmp_35, i1 %xor_ln46_6" [firmware/nnet_utils/nnet_activation.h:46]   --->   Operation 516 'or' 'or_ln46_20' <Predicate = (icmp_ln45_6)> <Delay = 0.00> <CoreInst = "LogicGate">   --->   Core 74 'LogicGate' <Latency = 0> <II = 1> <Delay = 0.97> <FuncUnit> <Opcode : 'and' 'or' 'xor'> <InPorts = 2> <OutPorts = 1>
ST_2 : Operation 517 [1/1] (0.00ns) (grouped into LUT with out node select_ln46_19)   --->   "%select_ln46_18 = select i1 %tmp_35, i8 0, i8 %add_ln46_6" [firmware/nnet_utils/nnet_activation.h:46]   --->   Operation 517 'select' 'select_ln46_18' <Predicate = (icmp_ln45_6)> <Delay = 0.00> <CoreInst = "Sel">   --->   Core 73 'Sel' <Latency = 0> <II = 1> <Delay = 1.24> <FuncUnit> <Opcode : 'select'> <InPorts = 3> <OutPorts = 1>
ST_2 : Operation 518 [1/1] (1.24ns) (out node of the LUT)   --->   "%select_ln46_19 = select i1 %or_ln46_19, i8 %select_ln46_18, i8 255" [firmware/nnet_utils/nnet_activation.h:46]   --->   Operation 518 'select' 'select_ln46_19' <Predicate = (icmp_ln45_6)> <Delay = 1.24> <CoreInst = "Sel">   --->   Core 73 'Sel' <Latency = 0> <II = 1> <Delay = 1.24> <FuncUnit> <Opcode : 'select'> <InPorts = 3> <OutPorts = 1>
ST_2 : Operation 519 [1/1] (0.00ns) (grouped into LUT with out node res_8_0)   --->   "%select_ln46_20 = select i1 %or_ln46_20, i8 %select_ln46_19, i8 %add_ln46_6" [firmware/nnet_utils/nnet_activation.h:46]   --->   Operation 519 'select' 'select_ln46_20' <Predicate = (icmp_ln45_6)> <Delay = 0.00> <CoreInst = "Sel">   --->   Core 73 'Sel' <Latency = 0> <II = 1> <Delay = 1.24> <FuncUnit> <Opcode : 'select'> <InPorts = 3> <OutPorts = 1>
ST_2 : Operation 520 [1/1] (1.24ns) (out node of the LUT)   --->   "%res_8_0 = select i1 %icmp_ln45_6, i8 %select_ln46_20, i8 0" [firmware/nnet_utils/nnet_activation.h:45]   --->   Operation 520 'select' 'res_8_0' <Predicate = true> <Delay = 1.24> <CoreInst = "Sel">   --->   Core 73 'Sel' <Latency = 0> <II = 1> <Delay = 1.24> <FuncUnit> <Opcode : 'select'> <InPorts = 3> <OutPorts = 1>
ST_2 : Operation 521 [1/1] (0.00ns) (grouped into LUT with out node select_ln46_22)   --->   "%or_ln46_22 = or i1 %empty_33, i1 %tmp_41" [firmware/nnet_utils/nnet_activation.h:46]   --->   Operation 521 'or' 'or_ln46_22' <Predicate = (icmp_ln45_7)> <Delay = 0.00> <CoreInst = "LogicGate">   --->   Core 74 'LogicGate' <Latency = 0> <II = 1> <Delay = 0.97> <FuncUnit> <Opcode : 'and' 'or' 'xor'> <InPorts = 2> <OutPorts = 1>
ST_2 : Operation 522 [1/1] (0.00ns) (grouped into LUT with out node res_9_0)   --->   "%xor_ln46_7 = xor i1 %empty_33, i1 1" [firmware/nnet_utils/nnet_activation.h:46]   --->   Operation 522 'xor' 'xor_ln46_7' <Predicate = (icmp_ln45_7)> <Delay = 0.00> <CoreInst = "LogicGate">   --->   Core 74 'LogicGate' <Latency = 0> <II = 1> <Delay = 0.97> <FuncUnit> <Opcode : 'and' 'or' 'xor'> <InPorts = 2> <OutPorts = 1>
ST_2 : Operation 523 [1/1] (0.00ns) (grouped into LUT with out node res_9_0)   --->   "%or_ln46_23 = or i1 %tmp_41, i1 %xor_ln46_7" [firmware/nnet_utils/nnet_activation.h:46]   --->   Operation 523 'or' 'or_ln46_23' <Predicate = (icmp_ln45_7)> <Delay = 0.00> <CoreInst = "LogicGate">   --->   Core 74 'LogicGate' <Latency = 0> <II = 1> <Delay = 0.97> <FuncUnit> <Opcode : 'and' 'or' 'xor'> <InPorts = 2> <OutPorts = 1>
ST_2 : Operation 524 [1/1] (0.00ns) (grouped into LUT with out node select_ln46_22)   --->   "%select_ln46_21 = select i1 %tmp_41, i8 0, i8 %add_ln46_7" [firmware/nnet_utils/nnet_activation.h:46]   --->   Operation 524 'select' 'select_ln46_21' <Predicate = (icmp_ln45_7)> <Delay = 0.00> <CoreInst = "Sel">   --->   Core 73 'Sel' <Latency = 0> <II = 1> <Delay = 1.24> <FuncUnit> <Opcode : 'select'> <InPorts = 3> <OutPorts = 1>
ST_2 : Operation 525 [1/1] (1.24ns) (out node of the LUT)   --->   "%select_ln46_22 = select i1 %or_ln46_22, i8 %select_ln46_21, i8 255" [firmware/nnet_utils/nnet_activation.h:46]   --->   Operation 525 'select' 'select_ln46_22' <Predicate = (icmp_ln45_7)> <Delay = 1.24> <CoreInst = "Sel">   --->   Core 73 'Sel' <Latency = 0> <II = 1> <Delay = 1.24> <FuncUnit> <Opcode : 'select'> <InPorts = 3> <OutPorts = 1>
ST_2 : Operation 526 [1/1] (0.00ns) (grouped into LUT with out node res_9_0)   --->   "%select_ln46_23 = select i1 %or_ln46_23, i8 %select_ln46_22, i8 %add_ln46_7" [firmware/nnet_utils/nnet_activation.h:46]   --->   Operation 526 'select' 'select_ln46_23' <Predicate = (icmp_ln45_7)> <Delay = 0.00> <CoreInst = "Sel">   --->   Core 73 'Sel' <Latency = 0> <II = 1> <Delay = 1.24> <FuncUnit> <Opcode : 'select'> <InPorts = 3> <OutPorts = 1>
ST_2 : Operation 527 [1/1] (1.24ns) (out node of the LUT)   --->   "%res_9_0 = select i1 %icmp_ln45_7, i8 %select_ln46_23, i8 0" [firmware/nnet_utils/nnet_activation.h:45]   --->   Operation 527 'select' 'res_9_0' <Predicate = true> <Delay = 1.24> <CoreInst = "Sel">   --->   Core 73 'Sel' <Latency = 0> <II = 1> <Delay = 1.24> <FuncUnit> <Opcode : 'select'> <InPorts = 3> <OutPorts = 1>
ST_2 : Operation 528 [1/1] (0.00ns) (grouped into LUT with out node select_ln46_25)   --->   "%or_ln46_25 = or i1 %empty_34, i1 %tmp_47" [firmware/nnet_utils/nnet_activation.h:46]   --->   Operation 528 'or' 'or_ln46_25' <Predicate = (icmp_ln45_8)> <Delay = 0.00> <CoreInst = "LogicGate">   --->   Core 74 'LogicGate' <Latency = 0> <II = 1> <Delay = 0.97> <FuncUnit> <Opcode : 'and' 'or' 'xor'> <InPorts = 2> <OutPorts = 1>
ST_2 : Operation 529 [1/1] (0.00ns) (grouped into LUT with out node res_10_0)   --->   "%xor_ln46_8 = xor i1 %empty_34, i1 1" [firmware/nnet_utils/nnet_activation.h:46]   --->   Operation 529 'xor' 'xor_ln46_8' <Predicate = (icmp_ln45_8)> <Delay = 0.00> <CoreInst = "LogicGate">   --->   Core 74 'LogicGate' <Latency = 0> <II = 1> <Delay = 0.97> <FuncUnit> <Opcode : 'and' 'or' 'xor'> <InPorts = 2> <OutPorts = 1>
ST_2 : Operation 530 [1/1] (0.00ns) (grouped into LUT with out node res_10_0)   --->   "%or_ln46_26 = or i1 %tmp_47, i1 %xor_ln46_8" [firmware/nnet_utils/nnet_activation.h:46]   --->   Operation 530 'or' 'or_ln46_26' <Predicate = (icmp_ln45_8)> <Delay = 0.00> <CoreInst = "LogicGate">   --->   Core 74 'LogicGate' <Latency = 0> <II = 1> <Delay = 0.97> <FuncUnit> <Opcode : 'and' 'or' 'xor'> <InPorts = 2> <OutPorts = 1>
ST_2 : Operation 531 [1/1] (0.00ns) (grouped into LUT with out node select_ln46_25)   --->   "%select_ln46_24 = select i1 %tmp_47, i8 0, i8 %add_ln46_8" [firmware/nnet_utils/nnet_activation.h:46]   --->   Operation 531 'select' 'select_ln46_24' <Predicate = (icmp_ln45_8)> <Delay = 0.00> <CoreInst = "Sel">   --->   Core 73 'Sel' <Latency = 0> <II = 1> <Delay = 1.24> <FuncUnit> <Opcode : 'select'> <InPorts = 3> <OutPorts = 1>
ST_2 : Operation 532 [1/1] (1.24ns) (out node of the LUT)   --->   "%select_ln46_25 = select i1 %or_ln46_25, i8 %select_ln46_24, i8 255" [firmware/nnet_utils/nnet_activation.h:46]   --->   Operation 532 'select' 'select_ln46_25' <Predicate = (icmp_ln45_8)> <Delay = 1.24> <CoreInst = "Sel">   --->   Core 73 'Sel' <Latency = 0> <II = 1> <Delay = 1.24> <FuncUnit> <Opcode : 'select'> <InPorts = 3> <OutPorts = 1>
ST_2 : Operation 533 [1/1] (0.00ns) (grouped into LUT with out node res_10_0)   --->   "%select_ln46_26 = select i1 %or_ln46_26, i8 %select_ln46_25, i8 %add_ln46_8" [firmware/nnet_utils/nnet_activation.h:46]   --->   Operation 533 'select' 'select_ln46_26' <Predicate = (icmp_ln45_8)> <Delay = 0.00> <CoreInst = "Sel">   --->   Core 73 'Sel' <Latency = 0> <II = 1> <Delay = 1.24> <FuncUnit> <Opcode : 'select'> <InPorts = 3> <OutPorts = 1>
ST_2 : Operation 534 [1/1] (1.24ns) (out node of the LUT)   --->   "%res_10_0 = select i1 %icmp_ln45_8, i8 %select_ln46_26, i8 0" [firmware/nnet_utils/nnet_activation.h:45]   --->   Operation 534 'select' 'res_10_0' <Predicate = true> <Delay = 1.24> <CoreInst = "Sel">   --->   Core 73 'Sel' <Latency = 0> <II = 1> <Delay = 1.24> <FuncUnit> <Opcode : 'select'> <InPorts = 3> <OutPorts = 1>
ST_2 : Operation 535 [1/1] (0.00ns) (grouped into LUT with out node select_ln46_28)   --->   "%or_ln46_28 = or i1 %empty_35, i1 %tmp_53" [firmware/nnet_utils/nnet_activation.h:46]   --->   Operation 535 'or' 'or_ln46_28' <Predicate = (icmp_ln45_9)> <Delay = 0.00> <CoreInst = "LogicGate">   --->   Core 74 'LogicGate' <Latency = 0> <II = 1> <Delay = 0.97> <FuncUnit> <Opcode : 'and' 'or' 'xor'> <InPorts = 2> <OutPorts = 1>
ST_2 : Operation 536 [1/1] (0.00ns) (grouped into LUT with out node res_11_0)   --->   "%xor_ln46_9 = xor i1 %empty_35, i1 1" [firmware/nnet_utils/nnet_activation.h:46]   --->   Operation 536 'xor' 'xor_ln46_9' <Predicate = (icmp_ln45_9)> <Delay = 0.00> <CoreInst = "LogicGate">   --->   Core 74 'LogicGate' <Latency = 0> <II = 1> <Delay = 0.97> <FuncUnit> <Opcode : 'and' 'or' 'xor'> <InPorts = 2> <OutPorts = 1>
ST_2 : Operation 537 [1/1] (0.00ns) (grouped into LUT with out node res_11_0)   --->   "%or_ln46_29 = or i1 %tmp_53, i1 %xor_ln46_9" [firmware/nnet_utils/nnet_activation.h:46]   --->   Operation 537 'or' 'or_ln46_29' <Predicate = (icmp_ln45_9)> <Delay = 0.00> <CoreInst = "LogicGate">   --->   Core 74 'LogicGate' <Latency = 0> <II = 1> <Delay = 0.97> <FuncUnit> <Opcode : 'and' 'or' 'xor'> <InPorts = 2> <OutPorts = 1>
ST_2 : Operation 538 [1/1] (0.00ns) (grouped into LUT with out node select_ln46_28)   --->   "%select_ln46_27 = select i1 %tmp_53, i8 0, i8 %add_ln46_9" [firmware/nnet_utils/nnet_activation.h:46]   --->   Operation 538 'select' 'select_ln46_27' <Predicate = (icmp_ln45_9)> <Delay = 0.00> <CoreInst = "Sel">   --->   Core 73 'Sel' <Latency = 0> <II = 1> <Delay = 1.24> <FuncUnit> <Opcode : 'select'> <InPorts = 3> <OutPorts = 1>
ST_2 : Operation 539 [1/1] (1.24ns) (out node of the LUT)   --->   "%select_ln46_28 = select i1 %or_ln46_28, i8 %select_ln46_27, i8 255" [firmware/nnet_utils/nnet_activation.h:46]   --->   Operation 539 'select' 'select_ln46_28' <Predicate = (icmp_ln45_9)> <Delay = 1.24> <CoreInst = "Sel">   --->   Core 73 'Sel' <Latency = 0> <II = 1> <Delay = 1.24> <FuncUnit> <Opcode : 'select'> <InPorts = 3> <OutPorts = 1>
ST_2 : Operation 540 [1/1] (0.00ns) (grouped into LUT with out node res_11_0)   --->   "%select_ln46_29 = select i1 %or_ln46_29, i8 %select_ln46_28, i8 %add_ln46_9" [firmware/nnet_utils/nnet_activation.h:46]   --->   Operation 540 'select' 'select_ln46_29' <Predicate = (icmp_ln45_9)> <Delay = 0.00> <CoreInst = "Sel">   --->   Core 73 'Sel' <Latency = 0> <II = 1> <Delay = 1.24> <FuncUnit> <Opcode : 'select'> <InPorts = 3> <OutPorts = 1>
ST_2 : Operation 541 [1/1] (1.24ns) (out node of the LUT)   --->   "%res_11_0 = select i1 %icmp_ln45_9, i8 %select_ln46_29, i8 0" [firmware/nnet_utils/nnet_activation.h:45]   --->   Operation 541 'select' 'res_11_0' <Predicate = true> <Delay = 1.24> <CoreInst = "Sel">   --->   Core 73 'Sel' <Latency = 0> <II = 1> <Delay = 1.24> <FuncUnit> <Opcode : 'select'> <InPorts = 3> <OutPorts = 1>
ST_2 : Operation 542 [1/1] (0.00ns) (grouped into LUT with out node select_ln46_31)   --->   "%or_ln46_31 = or i1 %empty_36, i1 %tmp_59" [firmware/nnet_utils/nnet_activation.h:46]   --->   Operation 542 'or' 'or_ln46_31' <Predicate = (icmp_ln45_10)> <Delay = 0.00> <CoreInst = "LogicGate">   --->   Core 74 'LogicGate' <Latency = 0> <II = 1> <Delay = 0.97> <FuncUnit> <Opcode : 'and' 'or' 'xor'> <InPorts = 2> <OutPorts = 1>
ST_2 : Operation 543 [1/1] (0.00ns) (grouped into LUT with out node res_12_0)   --->   "%xor_ln46_10 = xor i1 %empty_36, i1 1" [firmware/nnet_utils/nnet_activation.h:46]   --->   Operation 543 'xor' 'xor_ln46_10' <Predicate = (icmp_ln45_10)> <Delay = 0.00> <CoreInst = "LogicGate">   --->   Core 74 'LogicGate' <Latency = 0> <II = 1> <Delay = 0.97> <FuncUnit> <Opcode : 'and' 'or' 'xor'> <InPorts = 2> <OutPorts = 1>
ST_2 : Operation 544 [1/1] (0.00ns) (grouped into LUT with out node res_12_0)   --->   "%or_ln46_32 = or i1 %tmp_59, i1 %xor_ln46_10" [firmware/nnet_utils/nnet_activation.h:46]   --->   Operation 544 'or' 'or_ln46_32' <Predicate = (icmp_ln45_10)> <Delay = 0.00> <CoreInst = "LogicGate">   --->   Core 74 'LogicGate' <Latency = 0> <II = 1> <Delay = 0.97> <FuncUnit> <Opcode : 'and' 'or' 'xor'> <InPorts = 2> <OutPorts = 1>
ST_2 : Operation 545 [1/1] (0.00ns) (grouped into LUT with out node select_ln46_31)   --->   "%select_ln46_30 = select i1 %tmp_59, i8 0, i8 %add_ln46_10" [firmware/nnet_utils/nnet_activation.h:46]   --->   Operation 545 'select' 'select_ln46_30' <Predicate = (icmp_ln45_10)> <Delay = 0.00> <CoreInst = "Sel">   --->   Core 73 'Sel' <Latency = 0> <II = 1> <Delay = 1.24> <FuncUnit> <Opcode : 'select'> <InPorts = 3> <OutPorts = 1>
ST_2 : Operation 546 [1/1] (1.24ns) (out node of the LUT)   --->   "%select_ln46_31 = select i1 %or_ln46_31, i8 %select_ln46_30, i8 255" [firmware/nnet_utils/nnet_activation.h:46]   --->   Operation 546 'select' 'select_ln46_31' <Predicate = (icmp_ln45_10)> <Delay = 1.24> <CoreInst = "Sel">   --->   Core 73 'Sel' <Latency = 0> <II = 1> <Delay = 1.24> <FuncUnit> <Opcode : 'select'> <InPorts = 3> <OutPorts = 1>
ST_2 : Operation 547 [1/1] (0.00ns) (grouped into LUT with out node res_12_0)   --->   "%select_ln46_32 = select i1 %or_ln46_32, i8 %select_ln46_31, i8 %add_ln46_10" [firmware/nnet_utils/nnet_activation.h:46]   --->   Operation 547 'select' 'select_ln46_32' <Predicate = (icmp_ln45_10)> <Delay = 0.00> <CoreInst = "Sel">   --->   Core 73 'Sel' <Latency = 0> <II = 1> <Delay = 1.24> <FuncUnit> <Opcode : 'select'> <InPorts = 3> <OutPorts = 1>
ST_2 : Operation 548 [1/1] (1.24ns) (out node of the LUT)   --->   "%res_12_0 = select i1 %icmp_ln45_10, i8 %select_ln46_32, i8 0" [firmware/nnet_utils/nnet_activation.h:45]   --->   Operation 548 'select' 'res_12_0' <Predicate = true> <Delay = 1.24> <CoreInst = "Sel">   --->   Core 73 'Sel' <Latency = 0> <II = 1> <Delay = 1.24> <FuncUnit> <Opcode : 'select'> <InPorts = 3> <OutPorts = 1>
ST_2 : Operation 549 [1/1] (0.00ns) (grouped into LUT with out node select_ln46_34)   --->   "%or_ln46_34 = or i1 %empty_37, i1 %tmp_65" [firmware/nnet_utils/nnet_activation.h:46]   --->   Operation 549 'or' 'or_ln46_34' <Predicate = (icmp_ln45_11)> <Delay = 0.00> <CoreInst = "LogicGate">   --->   Core 74 'LogicGate' <Latency = 0> <II = 1> <Delay = 0.97> <FuncUnit> <Opcode : 'and' 'or' 'xor'> <InPorts = 2> <OutPorts = 1>
ST_2 : Operation 550 [1/1] (0.00ns) (grouped into LUT with out node res_1445_0)   --->   "%xor_ln46_11 = xor i1 %empty_37, i1 1" [firmware/nnet_utils/nnet_activation.h:46]   --->   Operation 550 'xor' 'xor_ln46_11' <Predicate = (icmp_ln45_11)> <Delay = 0.00> <CoreInst = "LogicGate">   --->   Core 74 'LogicGate' <Latency = 0> <II = 1> <Delay = 0.97> <FuncUnit> <Opcode : 'and' 'or' 'xor'> <InPorts = 2> <OutPorts = 1>
ST_2 : Operation 551 [1/1] (0.00ns) (grouped into LUT with out node res_1445_0)   --->   "%or_ln46_35 = or i1 %tmp_65, i1 %xor_ln46_11" [firmware/nnet_utils/nnet_activation.h:46]   --->   Operation 551 'or' 'or_ln46_35' <Predicate = (icmp_ln45_11)> <Delay = 0.00> <CoreInst = "LogicGate">   --->   Core 74 'LogicGate' <Latency = 0> <II = 1> <Delay = 0.97> <FuncUnit> <Opcode : 'and' 'or' 'xor'> <InPorts = 2> <OutPorts = 1>
ST_2 : Operation 552 [1/1] (0.00ns) (grouped into LUT with out node select_ln46_34)   --->   "%select_ln46_33 = select i1 %tmp_65, i8 0, i8 %add_ln46_11" [firmware/nnet_utils/nnet_activation.h:46]   --->   Operation 552 'select' 'select_ln46_33' <Predicate = (icmp_ln45_11)> <Delay = 0.00> <CoreInst = "Sel">   --->   Core 73 'Sel' <Latency = 0> <II = 1> <Delay = 1.24> <FuncUnit> <Opcode : 'select'> <InPorts = 3> <OutPorts = 1>
ST_2 : Operation 553 [1/1] (1.24ns) (out node of the LUT)   --->   "%select_ln46_34 = select i1 %or_ln46_34, i8 %select_ln46_33, i8 255" [firmware/nnet_utils/nnet_activation.h:46]   --->   Operation 553 'select' 'select_ln46_34' <Predicate = (icmp_ln45_11)> <Delay = 1.24> <CoreInst = "Sel">   --->   Core 73 'Sel' <Latency = 0> <II = 1> <Delay = 1.24> <FuncUnit> <Opcode : 'select'> <InPorts = 3> <OutPorts = 1>
ST_2 : Operation 554 [1/1] (0.00ns) (grouped into LUT with out node res_1445_0)   --->   "%select_ln46_35 = select i1 %or_ln46_35, i8 %select_ln46_34, i8 %add_ln46_11" [firmware/nnet_utils/nnet_activation.h:46]   --->   Operation 554 'select' 'select_ln46_35' <Predicate = (icmp_ln45_11)> <Delay = 0.00> <CoreInst = "Sel">   --->   Core 73 'Sel' <Latency = 0> <II = 1> <Delay = 1.24> <FuncUnit> <Opcode : 'select'> <InPorts = 3> <OutPorts = 1>
ST_2 : Operation 555 [1/1] (1.24ns) (out node of the LUT)   --->   "%res_1445_0 = select i1 %icmp_ln45_11, i8 %select_ln46_35, i8 0" [firmware/nnet_utils/nnet_activation.h:45]   --->   Operation 555 'select' 'res_1445_0' <Predicate = true> <Delay = 1.24> <CoreInst = "Sel">   --->   Core 73 'Sel' <Latency = 0> <II = 1> <Delay = 1.24> <FuncUnit> <Opcode : 'select'> <InPorts = 3> <OutPorts = 1>
ST_2 : Operation 556 [1/1] (0.00ns) (grouped into LUT with out node select_ln46_37)   --->   "%or_ln46_37 = or i1 %empty_38, i1 %tmp_71" [firmware/nnet_utils/nnet_activation.h:46]   --->   Operation 556 'or' 'or_ln46_37' <Predicate = (icmp_ln45_12)> <Delay = 0.00> <CoreInst = "LogicGate">   --->   Core 74 'LogicGate' <Latency = 0> <II = 1> <Delay = 0.97> <FuncUnit> <Opcode : 'and' 'or' 'xor'> <InPorts = 2> <OutPorts = 1>
ST_2 : Operation 557 [1/1] (0.00ns) (grouped into LUT with out node res_15_0)   --->   "%xor_ln46_12 = xor i1 %empty_38, i1 1" [firmware/nnet_utils/nnet_activation.h:46]   --->   Operation 557 'xor' 'xor_ln46_12' <Predicate = (icmp_ln45_12)> <Delay = 0.00> <CoreInst = "LogicGate">   --->   Core 74 'LogicGate' <Latency = 0> <II = 1> <Delay = 0.97> <FuncUnit> <Opcode : 'and' 'or' 'xor'> <InPorts = 2> <OutPorts = 1>
ST_2 : Operation 558 [1/1] (0.00ns) (grouped into LUT with out node res_15_0)   --->   "%or_ln46_38 = or i1 %tmp_71, i1 %xor_ln46_12" [firmware/nnet_utils/nnet_activation.h:46]   --->   Operation 558 'or' 'or_ln46_38' <Predicate = (icmp_ln45_12)> <Delay = 0.00> <CoreInst = "LogicGate">   --->   Core 74 'LogicGate' <Latency = 0> <II = 1> <Delay = 0.97> <FuncUnit> <Opcode : 'and' 'or' 'xor'> <InPorts = 2> <OutPorts = 1>
ST_2 : Operation 559 [1/1] (0.00ns) (grouped into LUT with out node select_ln46_37)   --->   "%select_ln46_36 = select i1 %tmp_71, i8 0, i8 %add_ln46_12" [firmware/nnet_utils/nnet_activation.h:46]   --->   Operation 559 'select' 'select_ln46_36' <Predicate = (icmp_ln45_12)> <Delay = 0.00> <CoreInst = "Sel">   --->   Core 73 'Sel' <Latency = 0> <II = 1> <Delay = 1.24> <FuncUnit> <Opcode : 'select'> <InPorts = 3> <OutPorts = 1>
ST_2 : Operation 560 [1/1] (1.24ns) (out node of the LUT)   --->   "%select_ln46_37 = select i1 %or_ln46_37, i8 %select_ln46_36, i8 255" [firmware/nnet_utils/nnet_activation.h:46]   --->   Operation 560 'select' 'select_ln46_37' <Predicate = (icmp_ln45_12)> <Delay = 1.24> <CoreInst = "Sel">   --->   Core 73 'Sel' <Latency = 0> <II = 1> <Delay = 1.24> <FuncUnit> <Opcode : 'select'> <InPorts = 3> <OutPorts = 1>
ST_2 : Operation 561 [1/1] (0.00ns) (grouped into LUT with out node res_15_0)   --->   "%select_ln46_38 = select i1 %or_ln46_38, i8 %select_ln46_37, i8 %add_ln46_12" [firmware/nnet_utils/nnet_activation.h:46]   --->   Operation 561 'select' 'select_ln46_38' <Predicate = (icmp_ln45_12)> <Delay = 0.00> <CoreInst = "Sel">   --->   Core 73 'Sel' <Latency = 0> <II = 1> <Delay = 1.24> <FuncUnit> <Opcode : 'select'> <InPorts = 3> <OutPorts = 1>
ST_2 : Operation 562 [1/1] (1.24ns) (out node of the LUT)   --->   "%res_15_0 = select i1 %icmp_ln45_12, i8 %select_ln46_38, i8 0" [firmware/nnet_utils/nnet_activation.h:45]   --->   Operation 562 'select' 'res_15_0' <Predicate = true> <Delay = 1.24> <CoreInst = "Sel">   --->   Core 73 'Sel' <Latency = 0> <II = 1> <Delay = 1.24> <FuncUnit> <Opcode : 'select'> <InPorts = 3> <OutPorts = 1>
ST_2 : Operation 563 [1/1] (0.00ns) (grouped into LUT with out node select_ln46_40)   --->   "%or_ln46_40 = or i1 %empty_39, i1 %tmp_77" [firmware/nnet_utils/nnet_activation.h:46]   --->   Operation 563 'or' 'or_ln46_40' <Predicate = (icmp_ln45_13)> <Delay = 0.00> <CoreInst = "LogicGate">   --->   Core 74 'LogicGate' <Latency = 0> <II = 1> <Delay = 0.97> <FuncUnit> <Opcode : 'and' 'or' 'xor'> <InPorts = 2> <OutPorts = 1>
ST_2 : Operation 564 [1/1] (0.00ns) (grouped into LUT with out node res_17_0)   --->   "%xor_ln46_13 = xor i1 %empty_39, i1 1" [firmware/nnet_utils/nnet_activation.h:46]   --->   Operation 564 'xor' 'xor_ln46_13' <Predicate = (icmp_ln45_13)> <Delay = 0.00> <CoreInst = "LogicGate">   --->   Core 74 'LogicGate' <Latency = 0> <II = 1> <Delay = 0.97> <FuncUnit> <Opcode : 'and' 'or' 'xor'> <InPorts = 2> <OutPorts = 1>
ST_2 : Operation 565 [1/1] (0.00ns) (grouped into LUT with out node res_17_0)   --->   "%or_ln46_41 = or i1 %tmp_77, i1 %xor_ln46_13" [firmware/nnet_utils/nnet_activation.h:46]   --->   Operation 565 'or' 'or_ln46_41' <Predicate = (icmp_ln45_13)> <Delay = 0.00> <CoreInst = "LogicGate">   --->   Core 74 'LogicGate' <Latency = 0> <II = 1> <Delay = 0.97> <FuncUnit> <Opcode : 'and' 'or' 'xor'> <InPorts = 2> <OutPorts = 1>
ST_2 : Operation 566 [1/1] (0.00ns) (grouped into LUT with out node select_ln46_40)   --->   "%select_ln46_39 = select i1 %tmp_77, i8 0, i8 %add_ln46_13" [firmware/nnet_utils/nnet_activation.h:46]   --->   Operation 566 'select' 'select_ln46_39' <Predicate = (icmp_ln45_13)> <Delay = 0.00> <CoreInst = "Sel">   --->   Core 73 'Sel' <Latency = 0> <II = 1> <Delay = 1.24> <FuncUnit> <Opcode : 'select'> <InPorts = 3> <OutPorts = 1>
ST_2 : Operation 567 [1/1] (1.24ns) (out node of the LUT)   --->   "%select_ln46_40 = select i1 %or_ln46_40, i8 %select_ln46_39, i8 255" [firmware/nnet_utils/nnet_activation.h:46]   --->   Operation 567 'select' 'select_ln46_40' <Predicate = (icmp_ln45_13)> <Delay = 1.24> <CoreInst = "Sel">   --->   Core 73 'Sel' <Latency = 0> <II = 1> <Delay = 1.24> <FuncUnit> <Opcode : 'select'> <InPorts = 3> <OutPorts = 1>
ST_2 : Operation 568 [1/1] (0.00ns) (grouped into LUT with out node res_17_0)   --->   "%select_ln46_41 = select i1 %or_ln46_41, i8 %select_ln46_40, i8 %add_ln46_13" [firmware/nnet_utils/nnet_activation.h:46]   --->   Operation 568 'select' 'select_ln46_41' <Predicate = (icmp_ln45_13)> <Delay = 0.00> <CoreInst = "Sel">   --->   Core 73 'Sel' <Latency = 0> <II = 1> <Delay = 1.24> <FuncUnit> <Opcode : 'select'> <InPorts = 3> <OutPorts = 1>
ST_2 : Operation 569 [1/1] (1.24ns) (out node of the LUT)   --->   "%res_17_0 = select i1 %icmp_ln45_13, i8 %select_ln46_41, i8 0" [firmware/nnet_utils/nnet_activation.h:45]   --->   Operation 569 'select' 'res_17_0' <Predicate = true> <Delay = 1.24> <CoreInst = "Sel">   --->   Core 73 'Sel' <Latency = 0> <II = 1> <Delay = 1.24> <FuncUnit> <Opcode : 'select'> <InPorts = 3> <OutPorts = 1>
ST_2 : Operation 570 [1/1] (0.00ns) (grouped into LUT with out node select_ln46_43)   --->   "%or_ln46_43 = or i1 %empty_40, i1 %tmp_83" [firmware/nnet_utils/nnet_activation.h:46]   --->   Operation 570 'or' 'or_ln46_43' <Predicate = (icmp_ln45_14)> <Delay = 0.00> <CoreInst = "LogicGate">   --->   Core 74 'LogicGate' <Latency = 0> <II = 1> <Delay = 0.97> <FuncUnit> <Opcode : 'and' 'or' 'xor'> <InPorts = 2> <OutPorts = 1>
ST_2 : Operation 571 [1/1] (0.00ns) (grouped into LUT with out node res_18_0)   --->   "%xor_ln46_14 = xor i1 %empty_40, i1 1" [firmware/nnet_utils/nnet_activation.h:46]   --->   Operation 571 'xor' 'xor_ln46_14' <Predicate = (icmp_ln45_14)> <Delay = 0.00> <CoreInst = "LogicGate">   --->   Core 74 'LogicGate' <Latency = 0> <II = 1> <Delay = 0.97> <FuncUnit> <Opcode : 'and' 'or' 'xor'> <InPorts = 2> <OutPorts = 1>
ST_2 : Operation 572 [1/1] (0.00ns) (grouped into LUT with out node res_18_0)   --->   "%or_ln46_44 = or i1 %tmp_83, i1 %xor_ln46_14" [firmware/nnet_utils/nnet_activation.h:46]   --->   Operation 572 'or' 'or_ln46_44' <Predicate = (icmp_ln45_14)> <Delay = 0.00> <CoreInst = "LogicGate">   --->   Core 74 'LogicGate' <Latency = 0> <II = 1> <Delay = 0.97> <FuncUnit> <Opcode : 'and' 'or' 'xor'> <InPorts = 2> <OutPorts = 1>
ST_2 : Operation 573 [1/1] (0.00ns) (grouped into LUT with out node select_ln46_43)   --->   "%select_ln46_42 = select i1 %tmp_83, i8 0, i8 %add_ln46_14" [firmware/nnet_utils/nnet_activation.h:46]   --->   Operation 573 'select' 'select_ln46_42' <Predicate = (icmp_ln45_14)> <Delay = 0.00> <CoreInst = "Sel">   --->   Core 73 'Sel' <Latency = 0> <II = 1> <Delay = 1.24> <FuncUnit> <Opcode : 'select'> <InPorts = 3> <OutPorts = 1>
ST_2 : Operation 574 [1/1] (1.24ns) (out node of the LUT)   --->   "%select_ln46_43 = select i1 %or_ln46_43, i8 %select_ln46_42, i8 255" [firmware/nnet_utils/nnet_activation.h:46]   --->   Operation 574 'select' 'select_ln46_43' <Predicate = (icmp_ln45_14)> <Delay = 1.24> <CoreInst = "Sel">   --->   Core 73 'Sel' <Latency = 0> <II = 1> <Delay = 1.24> <FuncUnit> <Opcode : 'select'> <InPorts = 3> <OutPorts = 1>
ST_2 : Operation 575 [1/1] (0.00ns) (grouped into LUT with out node res_18_0)   --->   "%select_ln46_44 = select i1 %or_ln46_44, i8 %select_ln46_43, i8 %add_ln46_14" [firmware/nnet_utils/nnet_activation.h:46]   --->   Operation 575 'select' 'select_ln46_44' <Predicate = (icmp_ln45_14)> <Delay = 0.00> <CoreInst = "Sel">   --->   Core 73 'Sel' <Latency = 0> <II = 1> <Delay = 1.24> <FuncUnit> <Opcode : 'select'> <InPorts = 3> <OutPorts = 1>
ST_2 : Operation 576 [1/1] (1.24ns) (out node of the LUT)   --->   "%res_18_0 = select i1 %icmp_ln45_14, i8 %select_ln46_44, i8 0" [firmware/nnet_utils/nnet_activation.h:45]   --->   Operation 576 'select' 'res_18_0' <Predicate = true> <Delay = 1.24> <CoreInst = "Sel">   --->   Core 73 'Sel' <Latency = 0> <II = 1> <Delay = 1.24> <FuncUnit> <Opcode : 'select'> <InPorts = 3> <OutPorts = 1>
ST_2 : Operation 577 [1/1] (0.00ns) (grouped into LUT with out node select_ln46_46)   --->   "%or_ln46_46 = or i1 %empty_41, i1 %tmp_89" [firmware/nnet_utils/nnet_activation.h:46]   --->   Operation 577 'or' 'or_ln46_46' <Predicate = (icmp_ln45_15)> <Delay = 0.00> <CoreInst = "LogicGate">   --->   Core 74 'LogicGate' <Latency = 0> <II = 1> <Delay = 0.97> <FuncUnit> <Opcode : 'and' 'or' 'xor'> <InPorts = 2> <OutPorts = 1>
ST_2 : Operation 578 [1/1] (0.00ns) (grouped into LUT with out node res_19_0)   --->   "%xor_ln46_15 = xor i1 %empty_41, i1 1" [firmware/nnet_utils/nnet_activation.h:46]   --->   Operation 578 'xor' 'xor_ln46_15' <Predicate = (icmp_ln45_15)> <Delay = 0.00> <CoreInst = "LogicGate">   --->   Core 74 'LogicGate' <Latency = 0> <II = 1> <Delay = 0.97> <FuncUnit> <Opcode : 'and' 'or' 'xor'> <InPorts = 2> <OutPorts = 1>
ST_2 : Operation 579 [1/1] (0.00ns) (grouped into LUT with out node res_19_0)   --->   "%or_ln46_47 = or i1 %tmp_89, i1 %xor_ln46_15" [firmware/nnet_utils/nnet_activation.h:46]   --->   Operation 579 'or' 'or_ln46_47' <Predicate = (icmp_ln45_15)> <Delay = 0.00> <CoreInst = "LogicGate">   --->   Core 74 'LogicGate' <Latency = 0> <II = 1> <Delay = 0.97> <FuncUnit> <Opcode : 'and' 'or' 'xor'> <InPorts = 2> <OutPorts = 1>
ST_2 : Operation 580 [1/1] (0.00ns) (grouped into LUT with out node select_ln46_46)   --->   "%select_ln46_45 = select i1 %tmp_89, i8 0, i8 %add_ln46_15" [firmware/nnet_utils/nnet_activation.h:46]   --->   Operation 580 'select' 'select_ln46_45' <Predicate = (icmp_ln45_15)> <Delay = 0.00> <CoreInst = "Sel">   --->   Core 73 'Sel' <Latency = 0> <II = 1> <Delay = 1.24> <FuncUnit> <Opcode : 'select'> <InPorts = 3> <OutPorts = 1>
ST_2 : Operation 581 [1/1] (1.24ns) (out node of the LUT)   --->   "%select_ln46_46 = select i1 %or_ln46_46, i8 %select_ln46_45, i8 255" [firmware/nnet_utils/nnet_activation.h:46]   --->   Operation 581 'select' 'select_ln46_46' <Predicate = (icmp_ln45_15)> <Delay = 1.24> <CoreInst = "Sel">   --->   Core 73 'Sel' <Latency = 0> <II = 1> <Delay = 1.24> <FuncUnit> <Opcode : 'select'> <InPorts = 3> <OutPorts = 1>
ST_2 : Operation 582 [1/1] (0.00ns) (grouped into LUT with out node res_19_0)   --->   "%select_ln46_47 = select i1 %or_ln46_47, i8 %select_ln46_46, i8 %add_ln46_15" [firmware/nnet_utils/nnet_activation.h:46]   --->   Operation 582 'select' 'select_ln46_47' <Predicate = (icmp_ln45_15)> <Delay = 0.00> <CoreInst = "Sel">   --->   Core 73 'Sel' <Latency = 0> <II = 1> <Delay = 1.24> <FuncUnit> <Opcode : 'select'> <InPorts = 3> <OutPorts = 1>
ST_2 : Operation 583 [1/1] (1.24ns) (out node of the LUT)   --->   "%res_19_0 = select i1 %icmp_ln45_15, i8 %select_ln46_47, i8 0" [firmware/nnet_utils/nnet_activation.h:45]   --->   Operation 583 'select' 'res_19_0' <Predicate = true> <Delay = 1.24> <CoreInst = "Sel">   --->   Core 73 'Sel' <Latency = 0> <II = 1> <Delay = 1.24> <FuncUnit> <Opcode : 'select'> <InPorts = 3> <OutPorts = 1>
ST_2 : Operation 584 [1/1] (0.00ns) (grouped into LUT with out node select_ln46_49)   --->   "%or_ln46_49 = or i1 %empty_42, i1 %tmp_95" [firmware/nnet_utils/nnet_activation.h:46]   --->   Operation 584 'or' 'or_ln46_49' <Predicate = (icmp_ln45_16)> <Delay = 0.00> <CoreInst = "LogicGate">   --->   Core 74 'LogicGate' <Latency = 0> <II = 1> <Delay = 0.97> <FuncUnit> <Opcode : 'and' 'or' 'xor'> <InPorts = 2> <OutPorts = 1>
ST_2 : Operation 585 [1/1] (0.00ns) (grouped into LUT with out node res_20_0)   --->   "%xor_ln46_16 = xor i1 %empty_42, i1 1" [firmware/nnet_utils/nnet_activation.h:46]   --->   Operation 585 'xor' 'xor_ln46_16' <Predicate = (icmp_ln45_16)> <Delay = 0.00> <CoreInst = "LogicGate">   --->   Core 74 'LogicGate' <Latency = 0> <II = 1> <Delay = 0.97> <FuncUnit> <Opcode : 'and' 'or' 'xor'> <InPorts = 2> <OutPorts = 1>
ST_2 : Operation 586 [1/1] (0.00ns) (grouped into LUT with out node res_20_0)   --->   "%or_ln46_50 = or i1 %tmp_95, i1 %xor_ln46_16" [firmware/nnet_utils/nnet_activation.h:46]   --->   Operation 586 'or' 'or_ln46_50' <Predicate = (icmp_ln45_16)> <Delay = 0.00> <CoreInst = "LogicGate">   --->   Core 74 'LogicGate' <Latency = 0> <II = 1> <Delay = 0.97> <FuncUnit> <Opcode : 'and' 'or' 'xor'> <InPorts = 2> <OutPorts = 1>
ST_2 : Operation 587 [1/1] (0.00ns) (grouped into LUT with out node select_ln46_49)   --->   "%select_ln46_48 = select i1 %tmp_95, i8 0, i8 %add_ln46_16" [firmware/nnet_utils/nnet_activation.h:46]   --->   Operation 587 'select' 'select_ln46_48' <Predicate = (icmp_ln45_16)> <Delay = 0.00> <CoreInst = "Sel">   --->   Core 73 'Sel' <Latency = 0> <II = 1> <Delay = 1.24> <FuncUnit> <Opcode : 'select'> <InPorts = 3> <OutPorts = 1>
ST_2 : Operation 588 [1/1] (1.24ns) (out node of the LUT)   --->   "%select_ln46_49 = select i1 %or_ln46_49, i8 %select_ln46_48, i8 255" [firmware/nnet_utils/nnet_activation.h:46]   --->   Operation 588 'select' 'select_ln46_49' <Predicate = (icmp_ln45_16)> <Delay = 1.24> <CoreInst = "Sel">   --->   Core 73 'Sel' <Latency = 0> <II = 1> <Delay = 1.24> <FuncUnit> <Opcode : 'select'> <InPorts = 3> <OutPorts = 1>
ST_2 : Operation 589 [1/1] (0.00ns) (grouped into LUT with out node res_20_0)   --->   "%select_ln46_50 = select i1 %or_ln46_50, i8 %select_ln46_49, i8 %add_ln46_16" [firmware/nnet_utils/nnet_activation.h:46]   --->   Operation 589 'select' 'select_ln46_50' <Predicate = (icmp_ln45_16)> <Delay = 0.00> <CoreInst = "Sel">   --->   Core 73 'Sel' <Latency = 0> <II = 1> <Delay = 1.24> <FuncUnit> <Opcode : 'select'> <InPorts = 3> <OutPorts = 1>
ST_2 : Operation 590 [1/1] (1.24ns) (out node of the LUT)   --->   "%res_20_0 = select i1 %icmp_ln45_16, i8 %select_ln46_50, i8 0" [firmware/nnet_utils/nnet_activation.h:45]   --->   Operation 590 'select' 'res_20_0' <Predicate = true> <Delay = 1.24> <CoreInst = "Sel">   --->   Core 73 'Sel' <Latency = 0> <II = 1> <Delay = 1.24> <FuncUnit> <Opcode : 'select'> <InPorts = 3> <OutPorts = 1>
ST_2 : Operation 591 [1/1] (0.00ns) (grouped into LUT with out node select_ln46_52)   --->   "%or_ln46_52 = or i1 %empty_43, i1 %tmp_101" [firmware/nnet_utils/nnet_activation.h:46]   --->   Operation 591 'or' 'or_ln46_52' <Predicate = (icmp_ln45_17)> <Delay = 0.00> <CoreInst = "LogicGate">   --->   Core 74 'LogicGate' <Latency = 0> <II = 1> <Delay = 0.97> <FuncUnit> <Opcode : 'and' 'or' 'xor'> <InPorts = 2> <OutPorts = 1>
ST_2 : Operation 592 [1/1] (0.00ns) (grouped into LUT with out node res_21_0)   --->   "%xor_ln46_17 = xor i1 %empty_43, i1 1" [firmware/nnet_utils/nnet_activation.h:46]   --->   Operation 592 'xor' 'xor_ln46_17' <Predicate = (icmp_ln45_17)> <Delay = 0.00> <CoreInst = "LogicGate">   --->   Core 74 'LogicGate' <Latency = 0> <II = 1> <Delay = 0.97> <FuncUnit> <Opcode : 'and' 'or' 'xor'> <InPorts = 2> <OutPorts = 1>
ST_2 : Operation 593 [1/1] (0.00ns) (grouped into LUT with out node res_21_0)   --->   "%or_ln46_53 = or i1 %tmp_101, i1 %xor_ln46_17" [firmware/nnet_utils/nnet_activation.h:46]   --->   Operation 593 'or' 'or_ln46_53' <Predicate = (icmp_ln45_17)> <Delay = 0.00> <CoreInst = "LogicGate">   --->   Core 74 'LogicGate' <Latency = 0> <II = 1> <Delay = 0.97> <FuncUnit> <Opcode : 'and' 'or' 'xor'> <InPorts = 2> <OutPorts = 1>
ST_2 : Operation 594 [1/1] (0.00ns) (grouped into LUT with out node select_ln46_52)   --->   "%select_ln46_51 = select i1 %tmp_101, i8 0, i8 %add_ln46_17" [firmware/nnet_utils/nnet_activation.h:46]   --->   Operation 594 'select' 'select_ln46_51' <Predicate = (icmp_ln45_17)> <Delay = 0.00> <CoreInst = "Sel">   --->   Core 73 'Sel' <Latency = 0> <II = 1> <Delay = 1.24> <FuncUnit> <Opcode : 'select'> <InPorts = 3> <OutPorts = 1>
ST_2 : Operation 595 [1/1] (1.24ns) (out node of the LUT)   --->   "%select_ln46_52 = select i1 %or_ln46_52, i8 %select_ln46_51, i8 255" [firmware/nnet_utils/nnet_activation.h:46]   --->   Operation 595 'select' 'select_ln46_52' <Predicate = (icmp_ln45_17)> <Delay = 1.24> <CoreInst = "Sel">   --->   Core 73 'Sel' <Latency = 0> <II = 1> <Delay = 1.24> <FuncUnit> <Opcode : 'select'> <InPorts = 3> <OutPorts = 1>
ST_2 : Operation 596 [1/1] (0.00ns) (grouped into LUT with out node res_21_0)   --->   "%select_ln46_53 = select i1 %or_ln46_53, i8 %select_ln46_52, i8 %add_ln46_17" [firmware/nnet_utils/nnet_activation.h:46]   --->   Operation 596 'select' 'select_ln46_53' <Predicate = (icmp_ln45_17)> <Delay = 0.00> <CoreInst = "Sel">   --->   Core 73 'Sel' <Latency = 0> <II = 1> <Delay = 1.24> <FuncUnit> <Opcode : 'select'> <InPorts = 3> <OutPorts = 1>
ST_2 : Operation 597 [1/1] (1.24ns) (out node of the LUT)   --->   "%res_21_0 = select i1 %icmp_ln45_17, i8 %select_ln46_53, i8 0" [firmware/nnet_utils/nnet_activation.h:45]   --->   Operation 597 'select' 'res_21_0' <Predicate = true> <Delay = 1.24> <CoreInst = "Sel">   --->   Core 73 'Sel' <Latency = 0> <II = 1> <Delay = 1.24> <FuncUnit> <Opcode : 'select'> <InPorts = 3> <OutPorts = 1>
ST_2 : Operation 598 [1/1] (0.00ns) (grouped into LUT with out node select_ln46_55)   --->   "%or_ln46_55 = or i1 %empty_44, i1 %tmp_107" [firmware/nnet_utils/nnet_activation.h:46]   --->   Operation 598 'or' 'or_ln46_55' <Predicate = (icmp_ln45_18)> <Delay = 0.00> <CoreInst = "LogicGate">   --->   Core 74 'LogicGate' <Latency = 0> <II = 1> <Delay = 0.97> <FuncUnit> <Opcode : 'and' 'or' 'xor'> <InPorts = 2> <OutPorts = 1>
ST_2 : Operation 599 [1/1] (0.00ns) (grouped into LUT with out node res_22_0)   --->   "%xor_ln46_18 = xor i1 %empty_44, i1 1" [firmware/nnet_utils/nnet_activation.h:46]   --->   Operation 599 'xor' 'xor_ln46_18' <Predicate = (icmp_ln45_18)> <Delay = 0.00> <CoreInst = "LogicGate">   --->   Core 74 'LogicGate' <Latency = 0> <II = 1> <Delay = 0.97> <FuncUnit> <Opcode : 'and' 'or' 'xor'> <InPorts = 2> <OutPorts = 1>
ST_2 : Operation 600 [1/1] (0.00ns) (grouped into LUT with out node res_22_0)   --->   "%or_ln46_56 = or i1 %tmp_107, i1 %xor_ln46_18" [firmware/nnet_utils/nnet_activation.h:46]   --->   Operation 600 'or' 'or_ln46_56' <Predicate = (icmp_ln45_18)> <Delay = 0.00> <CoreInst = "LogicGate">   --->   Core 74 'LogicGate' <Latency = 0> <II = 1> <Delay = 0.97> <FuncUnit> <Opcode : 'and' 'or' 'xor'> <InPorts = 2> <OutPorts = 1>
ST_2 : Operation 601 [1/1] (0.00ns) (grouped into LUT with out node select_ln46_55)   --->   "%select_ln46_54 = select i1 %tmp_107, i8 0, i8 %add_ln46_18" [firmware/nnet_utils/nnet_activation.h:46]   --->   Operation 601 'select' 'select_ln46_54' <Predicate = (icmp_ln45_18)> <Delay = 0.00> <CoreInst = "Sel">   --->   Core 73 'Sel' <Latency = 0> <II = 1> <Delay = 1.24> <FuncUnit> <Opcode : 'select'> <InPorts = 3> <OutPorts = 1>
ST_2 : Operation 602 [1/1] (1.24ns) (out node of the LUT)   --->   "%select_ln46_55 = select i1 %or_ln46_55, i8 %select_ln46_54, i8 255" [firmware/nnet_utils/nnet_activation.h:46]   --->   Operation 602 'select' 'select_ln46_55' <Predicate = (icmp_ln45_18)> <Delay = 1.24> <CoreInst = "Sel">   --->   Core 73 'Sel' <Latency = 0> <II = 1> <Delay = 1.24> <FuncUnit> <Opcode : 'select'> <InPorts = 3> <OutPorts = 1>
ST_2 : Operation 603 [1/1] (0.00ns) (grouped into LUT with out node res_22_0)   --->   "%select_ln46_56 = select i1 %or_ln46_56, i8 %select_ln46_55, i8 %add_ln46_18" [firmware/nnet_utils/nnet_activation.h:46]   --->   Operation 603 'select' 'select_ln46_56' <Predicate = (icmp_ln45_18)> <Delay = 0.00> <CoreInst = "Sel">   --->   Core 73 'Sel' <Latency = 0> <II = 1> <Delay = 1.24> <FuncUnit> <Opcode : 'select'> <InPorts = 3> <OutPorts = 1>
ST_2 : Operation 604 [1/1] (1.24ns) (out node of the LUT)   --->   "%res_22_0 = select i1 %icmp_ln45_18, i8 %select_ln46_56, i8 0" [firmware/nnet_utils/nnet_activation.h:45]   --->   Operation 604 'select' 'res_22_0' <Predicate = true> <Delay = 1.24> <CoreInst = "Sel">   --->   Core 73 'Sel' <Latency = 0> <II = 1> <Delay = 1.24> <FuncUnit> <Opcode : 'select'> <InPorts = 3> <OutPorts = 1>
ST_2 : Operation 605 [1/1] (0.00ns) (grouped into LUT with out node select_ln46_58)   --->   "%or_ln46_58 = or i1 %empty_45, i1 %tmp_113" [firmware/nnet_utils/nnet_activation.h:46]   --->   Operation 605 'or' 'or_ln46_58' <Predicate = (icmp_ln45_19)> <Delay = 0.00> <CoreInst = "LogicGate">   --->   Core 74 'LogicGate' <Latency = 0> <II = 1> <Delay = 0.97> <FuncUnit> <Opcode : 'and' 'or' 'xor'> <InPorts = 2> <OutPorts = 1>
ST_2 : Operation 606 [1/1] (0.00ns) (grouped into LUT with out node res_23_0)   --->   "%xor_ln46_19 = xor i1 %empty_45, i1 1" [firmware/nnet_utils/nnet_activation.h:46]   --->   Operation 606 'xor' 'xor_ln46_19' <Predicate = (icmp_ln45_19)> <Delay = 0.00> <CoreInst = "LogicGate">   --->   Core 74 'LogicGate' <Latency = 0> <II = 1> <Delay = 0.97> <FuncUnit> <Opcode : 'and' 'or' 'xor'> <InPorts = 2> <OutPorts = 1>
ST_2 : Operation 607 [1/1] (0.00ns) (grouped into LUT with out node res_23_0)   --->   "%or_ln46_59 = or i1 %tmp_113, i1 %xor_ln46_19" [firmware/nnet_utils/nnet_activation.h:46]   --->   Operation 607 'or' 'or_ln46_59' <Predicate = (icmp_ln45_19)> <Delay = 0.00> <CoreInst = "LogicGate">   --->   Core 74 'LogicGate' <Latency = 0> <II = 1> <Delay = 0.97> <FuncUnit> <Opcode : 'and' 'or' 'xor'> <InPorts = 2> <OutPorts = 1>
ST_2 : Operation 608 [1/1] (0.00ns) (grouped into LUT with out node select_ln46_58)   --->   "%select_ln46_57 = select i1 %tmp_113, i8 0, i8 %add_ln46_19" [firmware/nnet_utils/nnet_activation.h:46]   --->   Operation 608 'select' 'select_ln46_57' <Predicate = (icmp_ln45_19)> <Delay = 0.00> <CoreInst = "Sel">   --->   Core 73 'Sel' <Latency = 0> <II = 1> <Delay = 1.24> <FuncUnit> <Opcode : 'select'> <InPorts = 3> <OutPorts = 1>
ST_2 : Operation 609 [1/1] (1.24ns) (out node of the LUT)   --->   "%select_ln46_58 = select i1 %or_ln46_58, i8 %select_ln46_57, i8 255" [firmware/nnet_utils/nnet_activation.h:46]   --->   Operation 609 'select' 'select_ln46_58' <Predicate = (icmp_ln45_19)> <Delay = 1.24> <CoreInst = "Sel">   --->   Core 73 'Sel' <Latency = 0> <II = 1> <Delay = 1.24> <FuncUnit> <Opcode : 'select'> <InPorts = 3> <OutPorts = 1>
ST_2 : Operation 610 [1/1] (0.00ns) (grouped into LUT with out node res_23_0)   --->   "%select_ln46_59 = select i1 %or_ln46_59, i8 %select_ln46_58, i8 %add_ln46_19" [firmware/nnet_utils/nnet_activation.h:46]   --->   Operation 610 'select' 'select_ln46_59' <Predicate = (icmp_ln45_19)> <Delay = 0.00> <CoreInst = "Sel">   --->   Core 73 'Sel' <Latency = 0> <II = 1> <Delay = 1.24> <FuncUnit> <Opcode : 'select'> <InPorts = 3> <OutPorts = 1>
ST_2 : Operation 611 [1/1] (1.24ns) (out node of the LUT)   --->   "%res_23_0 = select i1 %icmp_ln45_19, i8 %select_ln46_59, i8 0" [firmware/nnet_utils/nnet_activation.h:45]   --->   Operation 611 'select' 'res_23_0' <Predicate = true> <Delay = 1.24> <CoreInst = "Sel">   --->   Core 73 'Sel' <Latency = 0> <II = 1> <Delay = 1.24> <FuncUnit> <Opcode : 'select'> <InPorts = 3> <OutPorts = 1>
ST_2 : Operation 612 [1/1] (0.00ns) (grouped into LUT with out node select_ln46_61)   --->   "%or_ln46_61 = or i1 %empty_46, i1 %tmp_119" [firmware/nnet_utils/nnet_activation.h:46]   --->   Operation 612 'or' 'or_ln46_61' <Predicate = (icmp_ln45_20)> <Delay = 0.00> <CoreInst = "LogicGate">   --->   Core 74 'LogicGate' <Latency = 0> <II = 1> <Delay = 0.97> <FuncUnit> <Opcode : 'and' 'or' 'xor'> <InPorts = 2> <OutPorts = 1>
ST_2 : Operation 613 [1/1] (0.00ns) (grouped into LUT with out node res_24_0)   --->   "%xor_ln46_20 = xor i1 %empty_46, i1 1" [firmware/nnet_utils/nnet_activation.h:46]   --->   Operation 613 'xor' 'xor_ln46_20' <Predicate = (icmp_ln45_20)> <Delay = 0.00> <CoreInst = "LogicGate">   --->   Core 74 'LogicGate' <Latency = 0> <II = 1> <Delay = 0.97> <FuncUnit> <Opcode : 'and' 'or' 'xor'> <InPorts = 2> <OutPorts = 1>
ST_2 : Operation 614 [1/1] (0.00ns) (grouped into LUT with out node res_24_0)   --->   "%or_ln46_62 = or i1 %tmp_119, i1 %xor_ln46_20" [firmware/nnet_utils/nnet_activation.h:46]   --->   Operation 614 'or' 'or_ln46_62' <Predicate = (icmp_ln45_20)> <Delay = 0.00> <CoreInst = "LogicGate">   --->   Core 74 'LogicGate' <Latency = 0> <II = 1> <Delay = 0.97> <FuncUnit> <Opcode : 'and' 'or' 'xor'> <InPorts = 2> <OutPorts = 1>
ST_2 : Operation 615 [1/1] (0.00ns) (grouped into LUT with out node select_ln46_61)   --->   "%select_ln46_60 = select i1 %tmp_119, i8 0, i8 %add_ln46_20" [firmware/nnet_utils/nnet_activation.h:46]   --->   Operation 615 'select' 'select_ln46_60' <Predicate = (icmp_ln45_20)> <Delay = 0.00> <CoreInst = "Sel">   --->   Core 73 'Sel' <Latency = 0> <II = 1> <Delay = 1.24> <FuncUnit> <Opcode : 'select'> <InPorts = 3> <OutPorts = 1>
ST_2 : Operation 616 [1/1] (1.24ns) (out node of the LUT)   --->   "%select_ln46_61 = select i1 %or_ln46_61, i8 %select_ln46_60, i8 255" [firmware/nnet_utils/nnet_activation.h:46]   --->   Operation 616 'select' 'select_ln46_61' <Predicate = (icmp_ln45_20)> <Delay = 1.24> <CoreInst = "Sel">   --->   Core 73 'Sel' <Latency = 0> <II = 1> <Delay = 1.24> <FuncUnit> <Opcode : 'select'> <InPorts = 3> <OutPorts = 1>
ST_2 : Operation 617 [1/1] (0.00ns) (grouped into LUT with out node res_24_0)   --->   "%select_ln46_62 = select i1 %or_ln46_62, i8 %select_ln46_61, i8 %add_ln46_20" [firmware/nnet_utils/nnet_activation.h:46]   --->   Operation 617 'select' 'select_ln46_62' <Predicate = (icmp_ln45_20)> <Delay = 0.00> <CoreInst = "Sel">   --->   Core 73 'Sel' <Latency = 0> <II = 1> <Delay = 1.24> <FuncUnit> <Opcode : 'select'> <InPorts = 3> <OutPorts = 1>
ST_2 : Operation 618 [1/1] (1.24ns) (out node of the LUT)   --->   "%res_24_0 = select i1 %icmp_ln45_20, i8 %select_ln46_62, i8 0" [firmware/nnet_utils/nnet_activation.h:45]   --->   Operation 618 'select' 'res_24_0' <Predicate = true> <Delay = 1.24> <CoreInst = "Sel">   --->   Core 73 'Sel' <Latency = 0> <II = 1> <Delay = 1.24> <FuncUnit> <Opcode : 'select'> <InPorts = 3> <OutPorts = 1>
ST_2 : Operation 619 [1/1] (0.00ns) (grouped into LUT with out node select_ln46_64)   --->   "%or_ln46_64 = or i1 %empty_47, i1 %tmp_125" [firmware/nnet_utils/nnet_activation.h:46]   --->   Operation 619 'or' 'or_ln46_64' <Predicate = (icmp_ln45_21)> <Delay = 0.00> <CoreInst = "LogicGate">   --->   Core 74 'LogicGate' <Latency = 0> <II = 1> <Delay = 0.97> <FuncUnit> <Opcode : 'and' 'or' 'xor'> <InPorts = 2> <OutPorts = 1>
ST_2 : Operation 620 [1/1] (0.00ns) (grouped into LUT with out node res_25_0)   --->   "%xor_ln46_21 = xor i1 %empty_47, i1 1" [firmware/nnet_utils/nnet_activation.h:46]   --->   Operation 620 'xor' 'xor_ln46_21' <Predicate = (icmp_ln45_21)> <Delay = 0.00> <CoreInst = "LogicGate">   --->   Core 74 'LogicGate' <Latency = 0> <II = 1> <Delay = 0.97> <FuncUnit> <Opcode : 'and' 'or' 'xor'> <InPorts = 2> <OutPorts = 1>
ST_2 : Operation 621 [1/1] (0.00ns) (grouped into LUT with out node res_25_0)   --->   "%or_ln46_65 = or i1 %tmp_125, i1 %xor_ln46_21" [firmware/nnet_utils/nnet_activation.h:46]   --->   Operation 621 'or' 'or_ln46_65' <Predicate = (icmp_ln45_21)> <Delay = 0.00> <CoreInst = "LogicGate">   --->   Core 74 'LogicGate' <Latency = 0> <II = 1> <Delay = 0.97> <FuncUnit> <Opcode : 'and' 'or' 'xor'> <InPorts = 2> <OutPorts = 1>
ST_2 : Operation 622 [1/1] (0.00ns) (grouped into LUT with out node select_ln46_64)   --->   "%select_ln46_63 = select i1 %tmp_125, i8 0, i8 %add_ln46_21" [firmware/nnet_utils/nnet_activation.h:46]   --->   Operation 622 'select' 'select_ln46_63' <Predicate = (icmp_ln45_21)> <Delay = 0.00> <CoreInst = "Sel">   --->   Core 73 'Sel' <Latency = 0> <II = 1> <Delay = 1.24> <FuncUnit> <Opcode : 'select'> <InPorts = 3> <OutPorts = 1>
ST_2 : Operation 623 [1/1] (1.24ns) (out node of the LUT)   --->   "%select_ln46_64 = select i1 %or_ln46_64, i8 %select_ln46_63, i8 255" [firmware/nnet_utils/nnet_activation.h:46]   --->   Operation 623 'select' 'select_ln46_64' <Predicate = (icmp_ln45_21)> <Delay = 1.24> <CoreInst = "Sel">   --->   Core 73 'Sel' <Latency = 0> <II = 1> <Delay = 1.24> <FuncUnit> <Opcode : 'select'> <InPorts = 3> <OutPorts = 1>
ST_2 : Operation 624 [1/1] (0.00ns) (grouped into LUT with out node res_25_0)   --->   "%select_ln46_65 = select i1 %or_ln46_65, i8 %select_ln46_64, i8 %add_ln46_21" [firmware/nnet_utils/nnet_activation.h:46]   --->   Operation 624 'select' 'select_ln46_65' <Predicate = (icmp_ln45_21)> <Delay = 0.00> <CoreInst = "Sel">   --->   Core 73 'Sel' <Latency = 0> <II = 1> <Delay = 1.24> <FuncUnit> <Opcode : 'select'> <InPorts = 3> <OutPorts = 1>
ST_2 : Operation 625 [1/1] (1.24ns) (out node of the LUT)   --->   "%res_25_0 = select i1 %icmp_ln45_21, i8 %select_ln46_65, i8 0" [firmware/nnet_utils/nnet_activation.h:45]   --->   Operation 625 'select' 'res_25_0' <Predicate = true> <Delay = 1.24> <CoreInst = "Sel">   --->   Core 73 'Sel' <Latency = 0> <II = 1> <Delay = 1.24> <FuncUnit> <Opcode : 'select'> <InPorts = 3> <OutPorts = 1>
ST_2 : Operation 626 [1/1] (0.00ns) (grouped into LUT with out node select_ln46_67)   --->   "%or_ln46_67 = or i1 %empty_48, i1 %tmp_131" [firmware/nnet_utils/nnet_activation.h:46]   --->   Operation 626 'or' 'or_ln46_67' <Predicate = (icmp_ln45_22)> <Delay = 0.00> <CoreInst = "LogicGate">   --->   Core 74 'LogicGate' <Latency = 0> <II = 1> <Delay = 0.97> <FuncUnit> <Opcode : 'and' 'or' 'xor'> <InPorts = 2> <OutPorts = 1>
ST_2 : Operation 627 [1/1] (0.00ns) (grouped into LUT with out node res_26_0)   --->   "%xor_ln46_22 = xor i1 %empty_48, i1 1" [firmware/nnet_utils/nnet_activation.h:46]   --->   Operation 627 'xor' 'xor_ln46_22' <Predicate = (icmp_ln45_22)> <Delay = 0.00> <CoreInst = "LogicGate">   --->   Core 74 'LogicGate' <Latency = 0> <II = 1> <Delay = 0.97> <FuncUnit> <Opcode : 'and' 'or' 'xor'> <InPorts = 2> <OutPorts = 1>
ST_2 : Operation 628 [1/1] (0.00ns) (grouped into LUT with out node res_26_0)   --->   "%or_ln46_68 = or i1 %tmp_131, i1 %xor_ln46_22" [firmware/nnet_utils/nnet_activation.h:46]   --->   Operation 628 'or' 'or_ln46_68' <Predicate = (icmp_ln45_22)> <Delay = 0.00> <CoreInst = "LogicGate">   --->   Core 74 'LogicGate' <Latency = 0> <II = 1> <Delay = 0.97> <FuncUnit> <Opcode : 'and' 'or' 'xor'> <InPorts = 2> <OutPorts = 1>
ST_2 : Operation 629 [1/1] (0.00ns) (grouped into LUT with out node select_ln46_67)   --->   "%select_ln46_66 = select i1 %tmp_131, i8 0, i8 %add_ln46_22" [firmware/nnet_utils/nnet_activation.h:46]   --->   Operation 629 'select' 'select_ln46_66' <Predicate = (icmp_ln45_22)> <Delay = 0.00> <CoreInst = "Sel">   --->   Core 73 'Sel' <Latency = 0> <II = 1> <Delay = 1.24> <FuncUnit> <Opcode : 'select'> <InPorts = 3> <OutPorts = 1>
ST_2 : Operation 630 [1/1] (1.24ns) (out node of the LUT)   --->   "%select_ln46_67 = select i1 %or_ln46_67, i8 %select_ln46_66, i8 255" [firmware/nnet_utils/nnet_activation.h:46]   --->   Operation 630 'select' 'select_ln46_67' <Predicate = (icmp_ln45_22)> <Delay = 1.24> <CoreInst = "Sel">   --->   Core 73 'Sel' <Latency = 0> <II = 1> <Delay = 1.24> <FuncUnit> <Opcode : 'select'> <InPorts = 3> <OutPorts = 1>
ST_2 : Operation 631 [1/1] (0.00ns) (grouped into LUT with out node res_26_0)   --->   "%select_ln46_68 = select i1 %or_ln46_68, i8 %select_ln46_67, i8 %add_ln46_22" [firmware/nnet_utils/nnet_activation.h:46]   --->   Operation 631 'select' 'select_ln46_68' <Predicate = (icmp_ln45_22)> <Delay = 0.00> <CoreInst = "Sel">   --->   Core 73 'Sel' <Latency = 0> <II = 1> <Delay = 1.24> <FuncUnit> <Opcode : 'select'> <InPorts = 3> <OutPorts = 1>
ST_2 : Operation 632 [1/1] (1.24ns) (out node of the LUT)   --->   "%res_26_0 = select i1 %icmp_ln45_22, i8 %select_ln46_68, i8 0" [firmware/nnet_utils/nnet_activation.h:45]   --->   Operation 632 'select' 'res_26_0' <Predicate = true> <Delay = 1.24> <CoreInst = "Sel">   --->   Core 73 'Sel' <Latency = 0> <II = 1> <Delay = 1.24> <FuncUnit> <Opcode : 'select'> <InPorts = 3> <OutPorts = 1>
ST_2 : Operation 633 [1/1] (0.00ns) (grouped into LUT with out node select_ln46_70)   --->   "%or_ln46_70 = or i1 %empty_49, i1 %tmp_137" [firmware/nnet_utils/nnet_activation.h:46]   --->   Operation 633 'or' 'or_ln46_70' <Predicate = (icmp_ln45_23)> <Delay = 0.00> <CoreInst = "LogicGate">   --->   Core 74 'LogicGate' <Latency = 0> <II = 1> <Delay = 0.97> <FuncUnit> <Opcode : 'and' 'or' 'xor'> <InPorts = 2> <OutPorts = 1>
ST_2 : Operation 634 [1/1] (0.00ns) (grouped into LUT with out node res_2786_0)   --->   "%xor_ln46_23 = xor i1 %empty_49, i1 1" [firmware/nnet_utils/nnet_activation.h:46]   --->   Operation 634 'xor' 'xor_ln46_23' <Predicate = (icmp_ln45_23)> <Delay = 0.00> <CoreInst = "LogicGate">   --->   Core 74 'LogicGate' <Latency = 0> <II = 1> <Delay = 0.97> <FuncUnit> <Opcode : 'and' 'or' 'xor'> <InPorts = 2> <OutPorts = 1>
ST_2 : Operation 635 [1/1] (0.00ns) (grouped into LUT with out node res_2786_0)   --->   "%or_ln46_71 = or i1 %tmp_137, i1 %xor_ln46_23" [firmware/nnet_utils/nnet_activation.h:46]   --->   Operation 635 'or' 'or_ln46_71' <Predicate = (icmp_ln45_23)> <Delay = 0.00> <CoreInst = "LogicGate">   --->   Core 74 'LogicGate' <Latency = 0> <II = 1> <Delay = 0.97> <FuncUnit> <Opcode : 'and' 'or' 'xor'> <InPorts = 2> <OutPorts = 1>
ST_2 : Operation 636 [1/1] (0.00ns) (grouped into LUT with out node select_ln46_70)   --->   "%select_ln46_69 = select i1 %tmp_137, i8 0, i8 %add_ln46_23" [firmware/nnet_utils/nnet_activation.h:46]   --->   Operation 636 'select' 'select_ln46_69' <Predicate = (icmp_ln45_23)> <Delay = 0.00> <CoreInst = "Sel">   --->   Core 73 'Sel' <Latency = 0> <II = 1> <Delay = 1.24> <FuncUnit> <Opcode : 'select'> <InPorts = 3> <OutPorts = 1>
ST_2 : Operation 637 [1/1] (1.24ns) (out node of the LUT)   --->   "%select_ln46_70 = select i1 %or_ln46_70, i8 %select_ln46_69, i8 255" [firmware/nnet_utils/nnet_activation.h:46]   --->   Operation 637 'select' 'select_ln46_70' <Predicate = (icmp_ln45_23)> <Delay = 1.24> <CoreInst = "Sel">   --->   Core 73 'Sel' <Latency = 0> <II = 1> <Delay = 1.24> <FuncUnit> <Opcode : 'select'> <InPorts = 3> <OutPorts = 1>
ST_2 : Operation 638 [1/1] (0.00ns) (grouped into LUT with out node res_2786_0)   --->   "%select_ln46_71 = select i1 %or_ln46_71, i8 %select_ln46_70, i8 %add_ln46_23" [firmware/nnet_utils/nnet_activation.h:46]   --->   Operation 638 'select' 'select_ln46_71' <Predicate = (icmp_ln45_23)> <Delay = 0.00> <CoreInst = "Sel">   --->   Core 73 'Sel' <Latency = 0> <II = 1> <Delay = 1.24> <FuncUnit> <Opcode : 'select'> <InPorts = 3> <OutPorts = 1>
ST_2 : Operation 639 [1/1] (1.24ns) (out node of the LUT)   --->   "%res_2786_0 = select i1 %icmp_ln45_23, i8 %select_ln46_71, i8 0" [firmware/nnet_utils/nnet_activation.h:45]   --->   Operation 639 'select' 'res_2786_0' <Predicate = true> <Delay = 1.24> <CoreInst = "Sel">   --->   Core 73 'Sel' <Latency = 0> <II = 1> <Delay = 1.24> <FuncUnit> <Opcode : 'select'> <InPorts = 3> <OutPorts = 1>
ST_2 : Operation 640 [1/1] (0.00ns) (grouped into LUT with out node select_ln46_73)   --->   "%or_ln46_73 = or i1 %empty_50, i1 %tmp_143" [firmware/nnet_utils/nnet_activation.h:46]   --->   Operation 640 'or' 'or_ln46_73' <Predicate = (icmp_ln45_24)> <Delay = 0.00> <CoreInst = "LogicGate">   --->   Core 74 'LogicGate' <Latency = 0> <II = 1> <Delay = 0.97> <FuncUnit> <Opcode : 'and' 'or' 'xor'> <InPorts = 2> <OutPorts = 1>
ST_2 : Operation 641 [1/1] (0.00ns) (grouped into LUT with out node res_29_0)   --->   "%xor_ln46_24 = xor i1 %empty_50, i1 1" [firmware/nnet_utils/nnet_activation.h:46]   --->   Operation 641 'xor' 'xor_ln46_24' <Predicate = (icmp_ln45_24)> <Delay = 0.00> <CoreInst = "LogicGate">   --->   Core 74 'LogicGate' <Latency = 0> <II = 1> <Delay = 0.97> <FuncUnit> <Opcode : 'and' 'or' 'xor'> <InPorts = 2> <OutPorts = 1>
ST_2 : Operation 642 [1/1] (0.00ns) (grouped into LUT with out node res_29_0)   --->   "%or_ln46_74 = or i1 %tmp_143, i1 %xor_ln46_24" [firmware/nnet_utils/nnet_activation.h:46]   --->   Operation 642 'or' 'or_ln46_74' <Predicate = (icmp_ln45_24)> <Delay = 0.00> <CoreInst = "LogicGate">   --->   Core 74 'LogicGate' <Latency = 0> <II = 1> <Delay = 0.97> <FuncUnit> <Opcode : 'and' 'or' 'xor'> <InPorts = 2> <OutPorts = 1>
ST_2 : Operation 643 [1/1] (0.00ns) (grouped into LUT with out node select_ln46_73)   --->   "%select_ln46_72 = select i1 %tmp_143, i8 0, i8 %add_ln46_24" [firmware/nnet_utils/nnet_activation.h:46]   --->   Operation 643 'select' 'select_ln46_72' <Predicate = (icmp_ln45_24)> <Delay = 0.00> <CoreInst = "Sel">   --->   Core 73 'Sel' <Latency = 0> <II = 1> <Delay = 1.24> <FuncUnit> <Opcode : 'select'> <InPorts = 3> <OutPorts = 1>
ST_2 : Operation 644 [1/1] (1.24ns) (out node of the LUT)   --->   "%select_ln46_73 = select i1 %or_ln46_73, i8 %select_ln46_72, i8 255" [firmware/nnet_utils/nnet_activation.h:46]   --->   Operation 644 'select' 'select_ln46_73' <Predicate = (icmp_ln45_24)> <Delay = 1.24> <CoreInst = "Sel">   --->   Core 73 'Sel' <Latency = 0> <II = 1> <Delay = 1.24> <FuncUnit> <Opcode : 'select'> <InPorts = 3> <OutPorts = 1>
ST_2 : Operation 645 [1/1] (0.00ns) (grouped into LUT with out node res_29_0)   --->   "%select_ln46_74 = select i1 %or_ln46_74, i8 %select_ln46_73, i8 %add_ln46_24" [firmware/nnet_utils/nnet_activation.h:46]   --->   Operation 645 'select' 'select_ln46_74' <Predicate = (icmp_ln45_24)> <Delay = 0.00> <CoreInst = "Sel">   --->   Core 73 'Sel' <Latency = 0> <II = 1> <Delay = 1.24> <FuncUnit> <Opcode : 'select'> <InPorts = 3> <OutPorts = 1>
ST_2 : Operation 646 [1/1] (1.24ns) (out node of the LUT)   --->   "%res_29_0 = select i1 %icmp_ln45_24, i8 %select_ln46_74, i8 0" [firmware/nnet_utils/nnet_activation.h:45]   --->   Operation 646 'select' 'res_29_0' <Predicate = true> <Delay = 1.24> <CoreInst = "Sel">   --->   Core 73 'Sel' <Latency = 0> <II = 1> <Delay = 1.24> <FuncUnit> <Opcode : 'select'> <InPorts = 3> <OutPorts = 1>
ST_2 : Operation 647 [1/1] (0.00ns) (grouped into LUT with out node select_ln46_76)   --->   "%or_ln46_76 = or i1 %empty_51, i1 %tmp_149" [firmware/nnet_utils/nnet_activation.h:46]   --->   Operation 647 'or' 'or_ln46_76' <Predicate = (icmp_ln45_25)> <Delay = 0.00> <CoreInst = "LogicGate">   --->   Core 74 'LogicGate' <Latency = 0> <II = 1> <Delay = 0.97> <FuncUnit> <Opcode : 'and' 'or' 'xor'> <InPorts = 2> <OutPorts = 1>
ST_2 : Operation 648 [1/1] (0.00ns) (grouped into LUT with out node res_31_0)   --->   "%xor_ln46_25 = xor i1 %empty_51, i1 1" [firmware/nnet_utils/nnet_activation.h:46]   --->   Operation 648 'xor' 'xor_ln46_25' <Predicate = (icmp_ln45_25)> <Delay = 0.00> <CoreInst = "LogicGate">   --->   Core 74 'LogicGate' <Latency = 0> <II = 1> <Delay = 0.97> <FuncUnit> <Opcode : 'and' 'or' 'xor'> <InPorts = 2> <OutPorts = 1>
ST_2 : Operation 649 [1/1] (0.00ns) (grouped into LUT with out node res_31_0)   --->   "%or_ln46_77 = or i1 %tmp_149, i1 %xor_ln46_25" [firmware/nnet_utils/nnet_activation.h:46]   --->   Operation 649 'or' 'or_ln46_77' <Predicate = (icmp_ln45_25)> <Delay = 0.00> <CoreInst = "LogicGate">   --->   Core 74 'LogicGate' <Latency = 0> <II = 1> <Delay = 0.97> <FuncUnit> <Opcode : 'and' 'or' 'xor'> <InPorts = 2> <OutPorts = 1>
ST_2 : Operation 650 [1/1] (0.00ns) (grouped into LUT with out node select_ln46_76)   --->   "%select_ln46_75 = select i1 %tmp_149, i8 0, i8 %add_ln46_25" [firmware/nnet_utils/nnet_activation.h:46]   --->   Operation 650 'select' 'select_ln46_75' <Predicate = (icmp_ln45_25)> <Delay = 0.00> <CoreInst = "Sel">   --->   Core 73 'Sel' <Latency = 0> <II = 1> <Delay = 1.24> <FuncUnit> <Opcode : 'select'> <InPorts = 3> <OutPorts = 1>
ST_2 : Operation 651 [1/1] (1.24ns) (out node of the LUT)   --->   "%select_ln46_76 = select i1 %or_ln46_76, i8 %select_ln46_75, i8 255" [firmware/nnet_utils/nnet_activation.h:46]   --->   Operation 651 'select' 'select_ln46_76' <Predicate = (icmp_ln45_25)> <Delay = 1.24> <CoreInst = "Sel">   --->   Core 73 'Sel' <Latency = 0> <II = 1> <Delay = 1.24> <FuncUnit> <Opcode : 'select'> <InPorts = 3> <OutPorts = 1>
ST_2 : Operation 652 [1/1] (0.00ns) (grouped into LUT with out node res_31_0)   --->   "%select_ln46_77 = select i1 %or_ln46_77, i8 %select_ln46_76, i8 %add_ln46_25" [firmware/nnet_utils/nnet_activation.h:46]   --->   Operation 652 'select' 'select_ln46_77' <Predicate = (icmp_ln45_25)> <Delay = 0.00> <CoreInst = "Sel">   --->   Core 73 'Sel' <Latency = 0> <II = 1> <Delay = 1.24> <FuncUnit> <Opcode : 'select'> <InPorts = 3> <OutPorts = 1>
ST_2 : Operation 653 [1/1] (1.24ns) (out node of the LUT)   --->   "%res_31_0 = select i1 %icmp_ln45_25, i8 %select_ln46_77, i8 0" [firmware/nnet_utils/nnet_activation.h:45]   --->   Operation 653 'select' 'res_31_0' <Predicate = true> <Delay = 1.24> <CoreInst = "Sel">   --->   Core 73 'Sel' <Latency = 0> <II = 1> <Delay = 1.24> <FuncUnit> <Opcode : 'select'> <InPorts = 3> <OutPorts = 1>
ST_2 : Operation 654 [1/1] (0.00ns)   --->   "%newret = insertvalue i208 <undef>, i8 %res_0_0" [firmware/nnet_utils/nnet_activation.h:45]   --->   Operation 654 'insertvalue' 'newret' <Predicate = true> <Delay = 0.00>
ST_2 : Operation 655 [1/1] (0.00ns)   --->   "%newret2 = insertvalue i208 %newret, i8 %res_2_0" [firmware/nnet_utils/nnet_activation.h:45]   --->   Operation 655 'insertvalue' 'newret2' <Predicate = true> <Delay = 0.00>
ST_2 : Operation 656 [1/1] (0.00ns)   --->   "%newret4 = insertvalue i208 %newret2, i8 %res_3_0" [firmware/nnet_utils/nnet_activation.h:45]   --->   Operation 656 'insertvalue' 'newret4' <Predicate = true> <Delay = 0.00>
ST_2 : Operation 657 [1/1] (0.00ns)   --->   "%newret6 = insertvalue i208 %newret4, i8 %res_4_0" [firmware/nnet_utils/nnet_activation.h:45]   --->   Operation 657 'insertvalue' 'newret6' <Predicate = true> <Delay = 0.00>
ST_2 : Operation 658 [1/1] (0.00ns)   --->   "%newret8 = insertvalue i208 %newret6, i8 %res_5_0" [firmware/nnet_utils/nnet_activation.h:45]   --->   Operation 658 'insertvalue' 'newret8' <Predicate = true> <Delay = 0.00>
ST_2 : Operation 659 [1/1] (0.00ns)   --->   "%newret1 = insertvalue i208 %newret8, i8 %res_6_0" [firmware/nnet_utils/nnet_activation.h:45]   --->   Operation 659 'insertvalue' 'newret1' <Predicate = true> <Delay = 0.00>
ST_2 : Operation 660 [1/1] (0.00ns)   --->   "%newret3 = insertvalue i208 %newret1, i8 %res_8_0" [firmware/nnet_utils/nnet_activation.h:45]   --->   Operation 660 'insertvalue' 'newret3' <Predicate = true> <Delay = 0.00>
ST_2 : Operation 661 [1/1] (0.00ns)   --->   "%newret5 = insertvalue i208 %newret3, i8 %res_9_0" [firmware/nnet_utils/nnet_activation.h:45]   --->   Operation 661 'insertvalue' 'newret5' <Predicate = true> <Delay = 0.00>
ST_2 : Operation 662 [1/1] (0.00ns)   --->   "%newret7 = insertvalue i208 %newret5, i8 %res_10_0" [firmware/nnet_utils/nnet_activation.h:45]   --->   Operation 662 'insertvalue' 'newret7' <Predicate = true> <Delay = 0.00>
ST_2 : Operation 663 [1/1] (0.00ns)   --->   "%newret9 = insertvalue i208 %newret7, i8 %res_11_0" [firmware/nnet_utils/nnet_activation.h:45]   --->   Operation 663 'insertvalue' 'newret9' <Predicate = true> <Delay = 0.00>
ST_2 : Operation 664 [1/1] (0.00ns)   --->   "%newret10 = insertvalue i208 %newret9, i8 %res_12_0" [firmware/nnet_utils/nnet_activation.h:45]   --->   Operation 664 'insertvalue' 'newret10' <Predicate = true> <Delay = 0.00>
ST_2 : Operation 665 [1/1] (0.00ns)   --->   "%newret11 = insertvalue i208 %newret10, i8 %res_1445_0" [firmware/nnet_utils/nnet_activation.h:45]   --->   Operation 665 'insertvalue' 'newret11' <Predicate = true> <Delay = 0.00>
ST_2 : Operation 666 [1/1] (0.00ns)   --->   "%newret12 = insertvalue i208 %newret11, i8 %res_15_0" [firmware/nnet_utils/nnet_activation.h:45]   --->   Operation 666 'insertvalue' 'newret12' <Predicate = true> <Delay = 0.00>
ST_2 : Operation 667 [1/1] (0.00ns)   --->   "%newret13 = insertvalue i208 %newret12, i8 %res_17_0" [firmware/nnet_utils/nnet_activation.h:45]   --->   Operation 667 'insertvalue' 'newret13' <Predicate = true> <Delay = 0.00>
ST_2 : Operation 668 [1/1] (0.00ns)   --->   "%newret14 = insertvalue i208 %newret13, i8 %res_18_0" [firmware/nnet_utils/nnet_activation.h:45]   --->   Operation 668 'insertvalue' 'newret14' <Predicate = true> <Delay = 0.00>
ST_2 : Operation 669 [1/1] (0.00ns)   --->   "%newret15 = insertvalue i208 %newret14, i8 %res_19_0" [firmware/nnet_utils/nnet_activation.h:45]   --->   Operation 669 'insertvalue' 'newret15' <Predicate = true> <Delay = 0.00>
ST_2 : Operation 670 [1/1] (0.00ns)   --->   "%newret16 = insertvalue i208 %newret15, i8 %res_20_0" [firmware/nnet_utils/nnet_activation.h:45]   --->   Operation 670 'insertvalue' 'newret16' <Predicate = true> <Delay = 0.00>
ST_2 : Operation 671 [1/1] (0.00ns)   --->   "%newret17 = insertvalue i208 %newret16, i8 %res_21_0" [firmware/nnet_utils/nnet_activation.h:45]   --->   Operation 671 'insertvalue' 'newret17' <Predicate = true> <Delay = 0.00>
ST_2 : Operation 672 [1/1] (0.00ns)   --->   "%newret18 = insertvalue i208 %newret17, i8 %res_22_0" [firmware/nnet_utils/nnet_activation.h:45]   --->   Operation 672 'insertvalue' 'newret18' <Predicate = true> <Delay = 0.00>
ST_2 : Operation 673 [1/1] (0.00ns)   --->   "%newret19 = insertvalue i208 %newret18, i8 %res_23_0" [firmware/nnet_utils/nnet_activation.h:45]   --->   Operation 673 'insertvalue' 'newret19' <Predicate = true> <Delay = 0.00>
ST_2 : Operation 674 [1/1] (0.00ns)   --->   "%newret20 = insertvalue i208 %newret19, i8 %res_24_0" [firmware/nnet_utils/nnet_activation.h:45]   --->   Operation 674 'insertvalue' 'newret20' <Predicate = true> <Delay = 0.00>
ST_2 : Operation 675 [1/1] (0.00ns)   --->   "%newret21 = insertvalue i208 %newret20, i8 %res_25_0" [firmware/nnet_utils/nnet_activation.h:45]   --->   Operation 675 'insertvalue' 'newret21' <Predicate = true> <Delay = 0.00>
ST_2 : Operation 676 [1/1] (0.00ns)   --->   "%newret22 = insertvalue i208 %newret21, i8 %res_26_0" [firmware/nnet_utils/nnet_activation.h:45]   --->   Operation 676 'insertvalue' 'newret22' <Predicate = true> <Delay = 0.00>
ST_2 : Operation 677 [1/1] (0.00ns)   --->   "%newret23 = insertvalue i208 %newret22, i8 %res_2786_0" [firmware/nnet_utils/nnet_activation.h:45]   --->   Operation 677 'insertvalue' 'newret23' <Predicate = true> <Delay = 0.00>
ST_2 : Operation 678 [1/1] (0.00ns)   --->   "%newret24 = insertvalue i208 %newret23, i8 %res_29_0" [firmware/nnet_utils/nnet_activation.h:45]   --->   Operation 678 'insertvalue' 'newret24' <Predicate = true> <Delay = 0.00>
ST_2 : Operation 679 [1/1] (0.00ns)   --->   "%newret25 = insertvalue i208 %newret24, i8 %res_31_0" [firmware/nnet_utils/nnet_activation.h:45]   --->   Operation 679 'insertvalue' 'newret25' <Predicate = true> <Delay = 0.00>
ST_2 : Operation 680 [1/1] (0.00ns)   --->   "%ret_ln45 = ret i208 %newret25" [firmware/nnet_utils/nnet_activation.h:45]   --->   Operation 680 'ret' 'ret_ln45' <Predicate = true> <Delay = 0.00>


============================================================
+ Verbose Summary: Timing violations
============================================================
Target clock period: 5.000ns, clock uncertainty: 0.625ns.

 <State 1>: 2.893ns
The critical path consists of the following:
	wire read operation ('data_0_val_read', firmware/nnet_utils/nnet_activation.h:42) on port 'data_0_val' (firmware/nnet_utils/nnet_activation.h:42) [53]  (0.000 ns)
	'add' operation 8 bit ('add_ln46', firmware/nnet_utils/nnet_activation.h:46) [64]  (1.915 ns)
	'or' operation 1 bit ('and_ln46_1', firmware/nnet_utils/nnet_activation.h:46) [69]  (0.000 ns)
	'and' operation 1 bit ('empty', firmware/nnet_utils/nnet_activation.h:46) [70]  (0.978 ns)

 <State 2>: 2.496ns
The critical path consists of the following:
	'or' operation 1 bit ('or_ln46_1', firmware/nnet_utils/nnet_activation.h:46) [71]  (0.000 ns)
	'select' operation 8 bit ('select_ln46_1', firmware/nnet_utils/nnet_activation.h:46) [75]  (1.248 ns)
	'select' operation 8 bit ('select_ln46_2', firmware/nnet_utils/nnet_activation.h:46) [76]  (0.000 ns)
	'select' operation 8 bit ('res_0_0', firmware/nnet_utils/nnet_activation.h:45) [77]  (1.248 ns)


============================================================
+ Verbose Summary: Binding
============================================================
N/A
* FSMD analyzer results:
  - Output states:
 - Input state : 
  - Chain level:
	State 1
	State 2


============================================================
+ Verbose Summary: Datapath Resource usage 
============================================================
N/A
