
****** Vitis HLS - High-Level Synthesis from C, C++ and OpenCL v2024.1 (64-bit)
  **** SW Build 5069499 on May 21 2024
  **** IP Build 5075265 on Wed May 22 21:45:21 MDT 2024
  **** SharedData Build 5076995 on Wed May 22 18:29:18 MDT 2024
  **** Start of session at: Mon Oct 20 15:01:32 2025
    ** Copyright 1986-2022 Xilinx, Inc. All Rights Reserved.
    ** Copyright 2022-2024 Advanced Micro Devices, Inc. All Rights Reserved.

source /code/Xilinx_2024.1/Vitis_HLS/2024.1/scripts/vitis_hls/hls.tcl -notrace
INFO: [HLS 200-10] For user 'dabadjiev' on host 'kdplab01' (Linux_x86_64 version 5.14.0-570.52.1.el9_6.x86_64) on Mon Oct 20 15:01:34 CDT 2025
INFO: [HLS 200-10] In directory '/home/dabadjiev/smartpixels_ml_dsabadjiev/smart-pixels-ml/hlsTmp'
WARNING: [HLS 200-2053] The vitis_hls executable is deprecated. Consider using vitis-run --mode hls --tcl
Sourcing Tcl script 'build_prj.tcl'
INFO: [HLS 200-1510] Running: open_project -reset myproject_prj 
INFO: [HLS 200-10] Opening and resetting project '/home/dabadjiev/smartpixels_ml_dsabadjiev/smart-pixels-ml/hlsTmp/myproject_prj'.
INFO: [HLS 200-1510] Running: set_top myproject 
INFO: [HLS 200-1510] Running: add_files firmware/myproject.cpp -cflags -std=c++0x 
INFO: [HLS 200-10] Adding design file 'firmware/myproject.cpp' to the project
INFO: [HLS 200-1510] Running: add_files -tb myproject_test.cpp -cflags -std=c++0x 
INFO: [HLS 200-10] Adding test bench file 'myproject_test.cpp' to the project
INFO: [HLS 200-1510] Running: add_files -tb firmware/weights 
INFO: [HLS 200-10] Adding test bench file 'firmware/weights' to the project
INFO: [HLS 200-1510] Running: add_files -tb tb_data 
INFO: [HLS 200-10] Adding test bench file 'tb_data' to the project
INFO: [HLS 200-1510] Running: open_solution -reset solution1 
INFO: [HLS 200-10] Creating and opening solution '/home/dabadjiev/smartpixels_ml_dsabadjiev/smart-pixels-ml/hlsTmp/myproject_prj/solution1'.
INFO: [HLS 200-10] Cleaning up the solution database.
INFO: [HLS 200-1505] Using default flow_target 'vivado'
Resolution: For help on HLS 200-1505 see docs.xilinx.com/access/sources/dita/topic?Doc_Version=2024.1%20English&url=ug1448-hls-guidance&resourceid=200-1505.html
INFO: [HLS 200-1510] Running: config_array_partition -maximum_size 4096 
ERROR: [HLS 200-101] config_array_partition: Unknown option '-maximum_size'.
ERROR: [HLS 200-101] config_array_partition: Unknown option '4096'.
SYNTAX 
  config_array_partition [OPTIONS]
    -auto_partition_threshold <uint:*4*> *** DEPRECATED***
    -auto_promotion_threshold <uint:*64*> *** DEPRECATED***
    -complete_threshold <uint:*4*> 
    -throughput_driven <off|auto|aggressive|*on*>

SEE ALSO
  INI: syn.array_partition.complete_threshold syn.array_partition.throughput_driven
  docs.xilinx.com/access/sources/dita/topic?Doc_Version=2024.1%20English&url=ug1399-vitis-hls&resourceid=vyw1583260160301.html

INFO: [HLS 200-1510] Running: config_compile -name_max_length 80 
INFO: [XFORM 203-1161] The maximum of name length is set to 80.
INFO: [HLS 200-1510] Running: set_part xc7z020clg400-1 
INFO: [HLS 200-1611] Setting target device to 'xc7z020-clg400-1'
INFO: [XFORM 203-1161] The maximum of name length is set to 80.
INFO: [HLS 200-1510] Running: config_schedule -enable_dsp_full_reg=false 
INFO: [HLS 200-1510] Running: create_clock -period 5 -name default 
INFO: [SYN 201-201] Setting up clock 'default' with a period of 5ns.
INFO: [HLS 200-1510] Running: set_clock_uncertainty 12.5% default 
INFO: [SYN 201-201] Setting up clock 'default' with an uncertainty of 0.625ns.
***** C/RTL SYNTHESIS *****
INFO: [HLS 200-1510] Running: csynth_design 
INFO: [HLS 200-111] Finished File checks and directory preparation: CPU user time: 0.05 seconds. CPU system time: 0 seconds. Elapsed time: 0.06 seconds; current allocated memory: 334.695 MB.
INFO: [HLS 200-10] Analyzing design file 'firmware/myproject.cpp' ... 
WARNING: [HLS 207-5575] Only for/while/do loop or function body support the pipeline pragma (firmware/nnet_utils/nnet_activation.h:464:9)
WARNING: [HLS 207-5292] unused parameter 'keep' (firmware/nnet_utils/nnet_helpers.h:285:99)
WARNING: [HLS 207-5292] unused parameter 'data' (firmware/nnet_utils/nnet_code_gen.h:11:36)
WARNING: [HLS 207-5292] unused parameter 'buffer' (firmware/nnet_utils/nnet_code_gen.h:12:36)
WARNING: [HLS 207-5292] unused parameter 'partition' (firmware/nnet_utils/nnet_code_gen.h:13:44)
WARNING: [HLS 207-5292] unused parameter 'data' (firmware/nnet_utils/nnet_code_gen.h:21:24)
WARNING: [HLS 207-5292] unused parameter 'buffer' (firmware/nnet_utils/nnet_code_gen.h:22:24)
WARNING: [HLS 207-5292] unused parameter 'partition' (firmware/nnet_utils/nnet_code_gen.h:23:32)
INFO: [HLS 200-111] Finished Source Code Analysis and Preprocessing: CPU user time: 7.93 seconds. CPU system time: 0.73 seconds. Elapsed time: 8.69 seconds; current allocated memory: 341.492 MB.
INFO: [HLS 200-777] Using interface defaults for 'Vivado' flow target.
INFO: [HLS 200-1995] There were 13,686 instructions in the design after the 'Compile/Link' phase of compilation. See the Design Size Report for more details: /home/dabadjiev/smartpixels_ml_dsabadjiev/smart-pixels-ml/hlsTmp/myproject_prj/solution1/syn/report/csynth_design_size.rpt
INFO: [HLS 200-1995] There were 58,529 instructions in the design after the 'Unroll/Inline (step 1)' phase of compilation. See the Design Size Report for more details: /home/dabadjiev/smartpixels_ml_dsabadjiev/smart-pixels-ml/hlsTmp/myproject_prj/solution1/syn/report/csynth_design_size.rpt
INFO: [HLS 200-1995] There were 13,918 instructions in the design after the 'Unroll/Inline (step 2)' phase of compilation. See the Design Size Report for more details: /home/dabadjiev/smartpixels_ml_dsabadjiev/smart-pixels-ml/hlsTmp/myproject_prj/solution1/syn/report/csynth_design_size.rpt
INFO: [HLS 200-1995] There were 12,008 instructions in the design after the 'Unroll/Inline (step 3)' phase of compilation. See the Design Size Report for more details: /home/dabadjiev/smartpixels_ml_dsabadjiev/smart-pixels-ml/hlsTmp/myproject_prj/solution1/syn/report/csynth_design_size.rpt
INFO: [HLS 200-1995] There were 11,707 instructions in the design after the 'Unroll/Inline (step 4)' phase of compilation. See the Design Size Report for more details: /home/dabadjiev/smartpixels_ml_dsabadjiev/smart-pixels-ml/hlsTmp/myproject_prj/solution1/syn/report/csynth_design_size.rpt
INFO: [HLS 200-1995] There were 5,769 instructions in the design after the 'Array/Struct (step 1)' phase of compilation. See the Design Size Report for more details: /home/dabadjiev/smartpixels_ml_dsabadjiev/smart-pixels-ml/hlsTmp/myproject_prj/solution1/syn/report/csynth_design_size.rpt
INFO: [HLS 200-1995] There were 5,769 instructions in the design after the 'Array/Struct (step 2)' phase of compilation. See the Design Size Report for more details: /home/dabadjiev/smartpixels_ml_dsabadjiev/smart-pixels-ml/hlsTmp/myproject_prj/solution1/syn/report/csynth_design_size.rpt
INFO: [HLS 200-1995] There were 5,769 instructions in the design after the 'Array/Struct (step 3)' phase of compilation. See the Design Size Report for more details: /home/dabadjiev/smartpixels_ml_dsabadjiev/smart-pixels-ml/hlsTmp/myproject_prj/solution1/syn/report/csynth_design_size.rpt
INFO: [HLS 200-1995] There were 5,771 instructions in the design after the 'Array/Struct (step 4)' phase of compilation. See the Design Size Report for more details: /home/dabadjiev/smartpixels_ml_dsabadjiev/smart-pixels-ml/hlsTmp/myproject_prj/solution1/syn/report/csynth_design_size.rpt
INFO: [HLS 200-1995] There were 5,767 instructions in the design after the 'Array/Struct (step 5)' phase of compilation. See the Design Size Report for more details: /home/dabadjiev/smartpixels_ml_dsabadjiev/smart-pixels-ml/hlsTmp/myproject_prj/solution1/syn/report/csynth_design_size.rpt
INFO: [HLS 200-1995] There were 5,767 instructions in the design after the 'Performance (step 1)' phase of compilation. See the Design Size Report for more details: /home/dabadjiev/smartpixels_ml_dsabadjiev/smart-pixels-ml/hlsTmp/myproject_prj/solution1/syn/report/csynth_design_size.rpt
INFO: [HLS 200-1995] There were 5,767 instructions in the design after the 'Performance (step 2)' phase of compilation. See the Design Size Report for more details: /home/dabadjiev/smartpixels_ml_dsabadjiev/smart-pixels-ml/hlsTmp/myproject_prj/solution1/syn/report/csynth_design_size.rpt
INFO: [HLS 200-1995] There were 5,767 instructions in the design after the 'Performance (step 3)' phase of compilation. See the Design Size Report for more details: /home/dabadjiev/smartpixels_ml_dsabadjiev/smart-pixels-ml/hlsTmp/myproject_prj/solution1/syn/report/csynth_design_size.rpt
INFO: [HLS 200-1995] There were 5,767 instructions in the design after the 'Performance (step 4)' phase of compilation. See the Design Size Report for more details: /home/dabadjiev/smartpixels_ml_dsabadjiev/smart-pixels-ml/hlsTmp/myproject_prj/solution1/syn/report/csynth_design_size.rpt
INFO: [HLS 200-1995] There were 5,770 instructions in the design after the 'HW Transforms (step 1)' phase of compilation. See the Design Size Report for more details: /home/dabadjiev/smartpixels_ml_dsabadjiev/smart-pixels-ml/hlsTmp/myproject_prj/solution1/syn/report/csynth_design_size.rpt
INFO: [HLS 200-1995] There were 5,790 instructions in the design after the 'HW Transforms (step 2)' phase of compilation. See the Design Size Report for more details: /home/dabadjiev/smartpixels_ml_dsabadjiev/smart-pixels-ml/hlsTmp/myproject_prj/solution1/syn/report/csynth_design_size.rpt
INFO: [HLS 214-131] Inlining function 'nnet::product::mult<ap_fixed<16, 6, (ap_q_mode)5, (ap_o_mode)3, 0>, ap_fixed<2, 1, (ap_q_mode)5, (ap_o_mode)3, 0> >::product(ap_fixed<16, 6, (ap_q_mode)5, (ap_o_mode)3, 0>, ap_fixed<2, 1, (ap_q_mode)5, (ap_o_mode)3, 0>)' into 'void nnet::dense_latency<ap_fixed<16, 6, (ap_q_mode)5, (ap_o_mode)3, 0>, ap_fixed<16, 6, (ap_q_mode)5, (ap_o_mode)3, 0>, config4>(ap_fixed<16, 6, (ap_q_mode)5, (ap_o_mode)3, 0>*, ap_fixed<16, 6, (ap_q_mode)5, (ap_o_mode)3, 0>*, config4::weight_t*, config4::bias_t*)' (firmware/nnet_utils/nnet_dense_latency.h:42:27)
INFO: [HLS 214-131] Inlining function 'nnet::product::weight_exponential<ap_fixed<16, 6, (ap_q_mode)5, (ap_o_mode)3, 0>, exponent_scale22_t>::product(ap_fixed<16, 6, (ap_q_mode)5, (ap_o_mode)3, 0>, exponent_scale22_t)' into 'void nnet::normalize<ap_fixed<16, 6, (ap_q_mode)5, (ap_o_mode)3, 0>, ap_fixed<16, 6, (ap_q_mode)5, (ap_o_mode)3, 0>, config22>(ap_fixed<16, 6, (ap_q_mode)5, (ap_o_mode)3, 0>*, ap_fixed<16, 6, (ap_q_mode)5, (ap_o_mode)3, 0>*, config22::scale_t*, config22::bias_t*)' (firmware/nnet_utils/nnet_batchnorm.h:54:25)
INFO: [HLS 214-131] Inlining function 'nnet::product::mult<ap_ufixed<2, 0, (ap_q_mode)4, (ap_o_mode)0, 0>, ap_fixed<2, 1, (ap_q_mode)5, (ap_o_mode)3, 0> >::product(ap_ufixed<2, 0, (ap_q_mode)4, (ap_o_mode)0, 0>, ap_fixed<2, 1, (ap_q_mode)5, (ap_o_mode)3, 0>)' into 'void nnet::dense_latency<ap_ufixed<2, 0, (ap_q_mode)4, (ap_o_mode)0, 0>, ap_fixed<16, 6, (ap_q_mode)5, (ap_o_mode)3, 0>, config7>(ap_ufixed<2, 0, (ap_q_mode)4, (ap_o_mode)0, 0>*, ap_fixed<16, 6, (ap_q_mode)5, (ap_o_mode)3, 0>*, config7::weight_t*, config7::bias_t*)' (firmware/nnet_utils/nnet_dense_latency.h:42:27)
INFO: [HLS 214-131] Inlining function 'nnet::product::weight_exponential<ap_fixed<16, 6, (ap_q_mode)5, (ap_o_mode)3, 0>, exponent_scale23_t>::product(ap_fixed<16, 6, (ap_q_mode)5, (ap_o_mode)3, 0>, exponent_scale23_t)' into 'void nnet::normalize<ap_fixed<16, 6, (ap_q_mode)5, (ap_o_mode)3, 0>, ap_fixed<16, 6, (ap_q_mode)5, (ap_o_mode)3, 0>, config23>(ap_fixed<16, 6, (ap_q_mode)5, (ap_o_mode)3, 0>*, ap_fixed<16, 6, (ap_q_mode)5, (ap_o_mode)3, 0>*, config23::scale_t*, config23::bias_t*)' (firmware/nnet_utils/nnet_batchnorm.h:54:25)
INFO: [HLS 214-131] Inlining function 'nnet::product::mult<ap_ufixed<2, 0, (ap_q_mode)4, (ap_o_mode)0, 0>, ap_fixed<2, 1, (ap_q_mode)5, (ap_o_mode)3, 0> >::product(ap_ufixed<2, 0, (ap_q_mode)4, (ap_o_mode)0, 0>, ap_fixed<2, 1, (ap_q_mode)5, (ap_o_mode)3, 0>)' into 'void nnet::dense_latency<ap_ufixed<2, 0, (ap_q_mode)4, (ap_o_mode)0, 0>, ap_fixed<16, 6, (ap_q_mode)5, (ap_o_mode)3, 0>, config10>(ap_ufixed<2, 0, (ap_q_mode)4, (ap_o_mode)0, 0>*, ap_fixed<16, 6, (ap_q_mode)5, (ap_o_mode)3, 0>*, config10::weight_t*, config10::bias_t*)' (firmware/nnet_utils/nnet_dense_latency.h:42:27)
INFO: [HLS 214-131] Inlining function 'nnet::product::weight_exponential<ap_fixed<16, 6, (ap_q_mode)5, (ap_o_mode)3, 0>, exponent_scale24_t>::product(ap_fixed<16, 6, (ap_q_mode)5, (ap_o_mode)3, 0>, exponent_scale24_t)' into 'void nnet::normalize<ap_fixed<16, 6, (ap_q_mode)5, (ap_o_mode)3, 0>, ap_fixed<16, 6, (ap_q_mode)5, (ap_o_mode)3, 0>, config24>(ap_fixed<16, 6, (ap_q_mode)5, (ap_o_mode)3, 0>*, ap_fixed<16, 6, (ap_q_mode)5, (ap_o_mode)3, 0>*, config24::scale_t*, config24::bias_t*)' (firmware/nnet_utils/nnet_batchnorm.h:54:25)
INFO: [HLS 214-131] Inlining function 'nnet::product::mult<ap_ufixed<2, 0, (ap_q_mode)4, (ap_o_mode)0, 0>, ap_fixed<2, 1, (ap_q_mode)5, (ap_o_mode)3, 0> >::product(ap_ufixed<2, 0, (ap_q_mode)4, (ap_o_mode)0, 0>, ap_fixed<2, 1, (ap_q_mode)5, (ap_o_mode)3, 0>)' into 'void nnet::dense_latency<ap_ufixed<2, 0, (ap_q_mode)4, (ap_o_mode)0, 0>, ap_fixed<16, 6, (ap_q_mode)5, (ap_o_mode)3, 0>, config13>(ap_ufixed<2, 0, (ap_q_mode)4, (ap_o_mode)0, 0>*, ap_fixed<16, 6, (ap_q_mode)5, (ap_o_mode)3, 0>*, config13::weight_t*, config13::bias_t*)' (firmware/nnet_utils/nnet_dense_latency.h:42:27)
INFO: [HLS 214-131] Inlining function 'nnet::product::weight_exponential<ap_fixed<16, 6, (ap_q_mode)5, (ap_o_mode)3, 0>, exponent_scale25_t>::product(ap_fixed<16, 6, (ap_q_mode)5, (ap_o_mode)3, 0>, exponent_scale25_t)' into 'void nnet::normalize<ap_fixed<16, 6, (ap_q_mode)5, (ap_o_mode)3, 0>, ap_fixed<16, 6, (ap_q_mode)5, (ap_o_mode)3, 0>, config25>(ap_fixed<16, 6, (ap_q_mode)5, (ap_o_mode)3, 0>*, ap_fixed<16, 6, (ap_q_mode)5, (ap_o_mode)3, 0>*, config25::scale_t*, config25::bias_t*)' (firmware/nnet_utils/nnet_batchnorm.h:54:25)
INFO: [HLS 214-131] Inlining function 'nnet::product::mult<ap_ufixed<2, 0, (ap_q_mode)4, (ap_o_mode)0, 0>, ap_fixed<2, 1, (ap_q_mode)5, (ap_o_mode)3, 0> >::product(ap_ufixed<2, 0, (ap_q_mode)4, (ap_o_mode)0, 0>, ap_fixed<2, 1, (ap_q_mode)5, (ap_o_mode)3, 0>)' into 'void nnet::dense_latency<ap_ufixed<2, 0, (ap_q_mode)4, (ap_o_mode)0, 0>, ap_fixed<16, 6, (ap_q_mode)5, (ap_o_mode)3, 0>, config16>(ap_ufixed<2, 0, (ap_q_mode)4, (ap_o_mode)0, 0>*, ap_fixed<16, 6, (ap_q_mode)5, (ap_o_mode)3, 0>*, config16::weight_t*, config16::bias_t*)' (firmware/nnet_utils/nnet_dense_latency.h:42:27)
INFO: [HLS 214-131] Inlining function 'nnet::product::weight_exponential<ap_fixed<16, 6, (ap_q_mode)5, (ap_o_mode)3, 0>, exponent_scale26_t>::product(ap_fixed<16, 6, (ap_q_mode)5, (ap_o_mode)3, 0>, exponent_scale26_t)' into 'void nnet::normalize<ap_fixed<16, 6, (ap_q_mode)5, (ap_o_mode)3, 0>, ap_fixed<16, 6, (ap_q_mode)5, (ap_o_mode)3, 0>, config26>(ap_fixed<16, 6, (ap_q_mode)5, (ap_o_mode)3, 0>*, ap_fixed<16, 6, (ap_q_mode)5, (ap_o_mode)3, 0>*, config26::scale_t*, config26::bias_t*)' (firmware/nnet_utils/nnet_batchnorm.h:54:25)
INFO: [HLS 214-131] Inlining function 'nnet::product::mult<ap_ufixed<2, 0, (ap_q_mode)4, (ap_o_mode)0, 0>, ap_fixed<2, 1, (ap_q_mode)5, (ap_o_mode)3, 0> >::product(ap_ufixed<2, 0, (ap_q_mode)4, (ap_o_mode)0, 0>, ap_fixed<2, 1, (ap_q_mode)5, (ap_o_mode)3, 0>)' into 'void nnet::dense_latency<ap_ufixed<2, 0, (ap_q_mode)4, (ap_o_mode)0, 0>, ap_fixed<16, 6, (ap_q_mode)5, (ap_o_mode)3, 0>, config19>(ap_ufixed<2, 0, (ap_q_mode)4, (ap_o_mode)0, 0>*, ap_fixed<16, 6, (ap_q_mode)5, (ap_o_mode)3, 0>*, config19::weight_t*, config19::bias_t*)' (firmware/nnet_utils/nnet_dense_latency.h:42:27)
INFO: [HLS 214-131] Inlining function 'nnet::product::weight_exponential<ap_fixed<16, 6, (ap_q_mode)5, (ap_o_mode)3, 0>, exponent_scale27_t>::product(ap_fixed<16, 6, (ap_q_mode)5, (ap_o_mode)3, 0>, exponent_scale27_t)' into 'void nnet::normalize<ap_fixed<16, 6, (ap_q_mode)5, (ap_o_mode)3, 0>, ap_fixed<16, 6, (ap_q_mode)5, (ap_o_mode)3, 0>, config27>(ap_fixed<16, 6, (ap_q_mode)5, (ap_o_mode)3, 0>*, ap_fixed<16, 6, (ap_q_mode)5, (ap_o_mode)3, 0>*, config27::scale_t*, config27::bias_t*)' (firmware/nnet_utils/nnet_batchnorm.h:54:25)
INFO: [HLS 214-131] Inlining function 'void nnet::dense<ap_fixed<16, 6, (ap_q_mode)5, (ap_o_mode)3, 0>, ap_fixed<16, 6, (ap_q_mode)5, (ap_o_mode)3, 0>, config4>(ap_fixed<16, 6, (ap_q_mode)5, (ap_o_mode)3, 0>*, ap_fixed<16, 6, (ap_q_mode)5, (ap_o_mode)3, 0>*, config4::weight_t*, config4::bias_t*)' into 'myproject(ap_fixed<16, 6, (ap_q_mode)5, (ap_o_mode)3, 0>*, ap_fixed<16, 6, (ap_q_mode)5, (ap_o_mode)3, 0>*, ap_fixed<8, 1, (ap_q_mode)4, (ap_o_mode)0, 0>*)' (firmware/myproject.cpp:62:2)
INFO: [HLS 214-131] Inlining function 'void nnet::dense<ap_ufixed<2, 0, (ap_q_mode)4, (ap_o_mode)0, 0>, ap_fixed<16, 6, (ap_q_mode)5, (ap_o_mode)3, 0>, config7>(ap_ufixed<2, 0, (ap_q_mode)4, (ap_o_mode)0, 0>*, ap_fixed<16, 6, (ap_q_mode)5, (ap_o_mode)3, 0>*, config7::weight_t*, config7::bias_t*)' into 'myproject(ap_fixed<16, 6, (ap_q_mode)5, (ap_o_mode)3, 0>*, ap_fixed<16, 6, (ap_q_mode)5, (ap_o_mode)3, 0>*, ap_fixed<8, 1, (ap_q_mode)4, (ap_o_mode)0, 0>*)' (firmware/myproject.cpp:74:2)
INFO: [HLS 214-131] Inlining function 'void nnet::dense<ap_ufixed<2, 0, (ap_q_mode)4, (ap_o_mode)0, 0>, ap_fixed<16, 6, (ap_q_mode)5, (ap_o_mode)3, 0>, config10>(ap_ufixed<2, 0, (ap_q_mode)4, (ap_o_mode)0, 0>*, ap_fixed<16, 6, (ap_q_mode)5, (ap_o_mode)3, 0>*, config10::weight_t*, config10::bias_t*)' into 'myproject(ap_fixed<16, 6, (ap_q_mode)5, (ap_o_mode)3, 0>*, ap_fixed<16, 6, (ap_q_mode)5, (ap_o_mode)3, 0>*, ap_fixed<8, 1, (ap_q_mode)4, (ap_o_mode)0, 0>*)' (firmware/myproject.cpp:86:2)
INFO: [HLS 214-131] Inlining function 'void nnet::dense<ap_ufixed<2, 0, (ap_q_mode)4, (ap_o_mode)0, 0>, ap_fixed<16, 6, (ap_q_mode)5, (ap_o_mode)3, 0>, config13>(ap_ufixed<2, 0, (ap_q_mode)4, (ap_o_mode)0, 0>*, ap_fixed<16, 6, (ap_q_mode)5, (ap_o_mode)3, 0>*, config13::weight_t*, config13::bias_t*)' into 'myproject(ap_fixed<16, 6, (ap_q_mode)5, (ap_o_mode)3, 0>*, ap_fixed<16, 6, (ap_q_mode)5, (ap_o_mode)3, 0>*, ap_fixed<8, 1, (ap_q_mode)4, (ap_o_mode)0, 0>*)' (firmware/myproject.cpp:98:2)
INFO: [HLS 214-131] Inlining function 'void nnet::dense<ap_ufixed<2, 0, (ap_q_mode)4, (ap_o_mode)0, 0>, ap_fixed<16, 6, (ap_q_mode)5, (ap_o_mode)3, 0>, config16>(ap_ufixed<2, 0, (ap_q_mode)4, (ap_o_mode)0, 0>*, ap_fixed<16, 6, (ap_q_mode)5, (ap_o_mode)3, 0>*, config16::weight_t*, config16::bias_t*)' into 'myproject(ap_fixed<16, 6, (ap_q_mode)5, (ap_o_mode)3, 0>*, ap_fixed<16, 6, (ap_q_mode)5, (ap_o_mode)3, 0>*, ap_fixed<8, 1, (ap_q_mode)4, (ap_o_mode)0, 0>*)' (firmware/myproject.cpp:110:2)
INFO: [HLS 214-131] Inlining function 'void nnet::dense<ap_ufixed<2, 0, (ap_q_mode)4, (ap_o_mode)0, 0>, ap_fixed<16, 6, (ap_q_mode)5, (ap_o_mode)3, 0>, config19>(ap_ufixed<2, 0, (ap_q_mode)4, (ap_o_mode)0, 0>*, ap_fixed<16, 6, (ap_q_mode)5, (ap_o_mode)3, 0>*, config19::weight_t*, config19::bias_t*)' into 'myproject(ap_fixed<16, 6, (ap_q_mode)5, (ap_o_mode)3, 0>*, ap_fixed<16, 6, (ap_q_mode)5, (ap_o_mode)3, 0>*, ap_fixed<8, 1, (ap_q_mode)4, (ap_o_mode)0, 0>*)' (firmware/myproject.cpp:122:2)
INFO: [HLS 214-291] Loop 'VITIS_LOOP_467_1' is marked as complete unroll implied by the pipeline pragma (firmware/nnet_utils/nnet_activation.h:467:23)
INFO: [HLS 214-291] Loop 'Result' is marked as complete unroll implied by the pipeline pragma (firmware/nnet_utils/nnet_batchnorm.h:52:5)
INFO: [HLS 214-291] Loop 'Result' is marked as complete unroll implied by the pipeline pragma (firmware/nnet_utils/nnet_dense_latency.h:64:5)
INFO: [HLS 214-291] Loop 'Accum1' is marked as complete unroll implied by the pipeline pragma (firmware/nnet_utils/nnet_dense_latency.h:54:5)
INFO: [HLS 214-291] Loop 'Accum2' is marked as complete unroll implied by the pipeline pragma (firmware/nnet_utils/nnet_dense_latency.h:56:9)
INFO: [HLS 214-291] Loop 'ResetAccum' is marked as complete unroll implied by the pipeline pragma (firmware/nnet_utils/nnet_dense_latency.h:48:5)
INFO: [HLS 214-291] Loop 'Product1' is marked as complete unroll implied by the pipeline pragma (firmware/nnet_utils/nnet_dense_latency.h:37:5)
INFO: [HLS 214-291] Loop 'Product2' is marked as complete unroll implied by the pipeline pragma (firmware/nnet_utils/nnet_dense_latency.h:40:9)
INFO: [HLS 214-291] Loop 'VITIS_LOOP_43_1' is marked as complete unroll implied by the pipeline pragma (firmware/nnet_utils/nnet_activation.h:43:22)
INFO: [HLS 214-291] Loop 'VITIS_LOOP_122_2' is marked as complete unroll implied by the pipeline pragma (firmware/nnet_utils/nnet_merge.h:122:23)
INFO: [HLS 214-291] Loop 'VITIS_LOOP_119_1' is marked as complete unroll implied by the pipeline pragma (firmware/nnet_utils/nnet_merge.h:119:20)
INFO: [HLS 214-186] Unrolling loop 'VITIS_LOOP_467_1' (firmware/nnet_utils/nnet_activation.h:467:23) in function 'nnet::hard_tanh<ap_fixed<16, 6, (ap_q_mode)5, (ap_o_mode)3, 0>, ap_fixed<8, 1, (ap_q_mode)4, (ap_o_mode)0, 0>, hard_tanh_config21>' completely with a factor of 1 (firmware/nnet_utils/nnet_activation.h:462:0)
INFO: [HLS 214-186] Unrolling loop 'Result' (firmware/nnet_utils/nnet_batchnorm.h:52:5) in function 'nnet::normalize<ap_fixed<16, 6, (ap_q_mode)5, (ap_o_mode)3, 0>, ap_fixed<16, 6, (ap_q_mode)5, (ap_o_mode)3, 0>, config27>' completely with a factor of 1 (firmware/nnet_utils/nnet_batchnorm.h:33:0)
INFO: [HLS 214-186] Unrolling loop 'Result' (firmware/nnet_utils/nnet_dense_latency.h:64:5) in function 'nnet::dense_latency<ap_ufixed<2, 0, (ap_q_mode)4, (ap_o_mode)0, 0>, ap_fixed<16, 6, (ap_q_mode)5, (ap_o_mode)3, 0>, config19>' completely with a factor of 1 (firmware/nnet_utils/nnet_dense_latency.h:15:0)
INFO: [HLS 214-186] Unrolling loop 'Accum1' (firmware/nnet_utils/nnet_dense_latency.h:54:5) in function 'nnet::dense_latency<ap_ufixed<2, 0, (ap_q_mode)4, (ap_o_mode)0, 0>, ap_fixed<16, 6, (ap_q_mode)5, (ap_o_mode)3, 0>, config19>' completely with a factor of 8 (firmware/nnet_utils/nnet_dense_latency.h:15:0)
INFO: [HLS 214-186] Unrolling loop 'Accum2' (firmware/nnet_utils/nnet_dense_latency.h:56:9) in function 'nnet::dense_latency<ap_ufixed<2, 0, (ap_q_mode)4, (ap_o_mode)0, 0>, ap_fixed<16, 6, (ap_q_mode)5, (ap_o_mode)3, 0>, config19>' completely with a factor of 1 (firmware/nnet_utils/nnet_dense_latency.h:15:0)
INFO: [HLS 214-186] Unrolling loop 'ResetAccum' (firmware/nnet_utils/nnet_dense_latency.h:48:5) in function 'nnet::dense_latency<ap_ufixed<2, 0, (ap_q_mode)4, (ap_o_mode)0, 0>, ap_fixed<16, 6, (ap_q_mode)5, (ap_o_mode)3, 0>, config19>' completely with a factor of 1 (firmware/nnet_utils/nnet_dense_latency.h:15:0)
INFO: [HLS 214-186] Unrolling loop 'Product1' (firmware/nnet_utils/nnet_dense_latency.h:37:5) in function 'nnet::dense_latency<ap_ufixed<2, 0, (ap_q_mode)4, (ap_o_mode)0, 0>, ap_fixed<16, 6, (ap_q_mode)5, (ap_o_mode)3, 0>, config19>' completely with a factor of 8 (firmware/nnet_utils/nnet_dense_latency.h:15:0)
INFO: [HLS 214-186] Unrolling loop 'Product2' (firmware/nnet_utils/nnet_dense_latency.h:40:9) in function 'nnet::dense_latency<ap_ufixed<2, 0, (ap_q_mode)4, (ap_o_mode)0, 0>, ap_fixed<16, 6, (ap_q_mode)5, (ap_o_mode)3, 0>, config19>' completely with a factor of 1 (firmware/nnet_utils/nnet_dense_latency.h:15:0)
INFO: [HLS 214-186] Unrolling loop 'VITIS_LOOP_43_1' (firmware/nnet_utils/nnet_activation.h:43:22) in function 'nnet::relu<ap_fixed<16, 6, (ap_q_mode)5, (ap_o_mode)3, 0>, ap_ufixed<2, 0, (ap_q_mode)4, (ap_o_mode)0, 0>, relu_config18>' completely with a factor of 8 (firmware/nnet_utils/nnet_activation.h:39:0)
INFO: [HLS 214-186] Unrolling loop 'Result' (firmware/nnet_utils/nnet_batchnorm.h:52:5) in function 'nnet::normalize<ap_fixed<16, 6, (ap_q_mode)5, (ap_o_mode)3, 0>, ap_fixed<16, 6, (ap_q_mode)5, (ap_o_mode)3, 0>, config26>' completely with a factor of 8 (firmware/nnet_utils/nnet_batchnorm.h:33:0)
INFO: [HLS 214-186] Unrolling loop 'Result' (firmware/nnet_utils/nnet_dense_latency.h:64:5) in function 'nnet::dense_latency<ap_ufixed<2, 0, (ap_q_mode)4, (ap_o_mode)0, 0>, ap_fixed<16, 6, (ap_q_mode)5, (ap_o_mode)3, 0>, config16>' completely with a factor of 8 (firmware/nnet_utils/nnet_dense_latency.h:15:0)
INFO: [HLS 214-186] Unrolling loop 'Accum1' (firmware/nnet_utils/nnet_dense_latency.h:54:5) in function 'nnet::dense_latency<ap_ufixed<2, 0, (ap_q_mode)4, (ap_o_mode)0, 0>, ap_fixed<16, 6, (ap_q_mode)5, (ap_o_mode)3, 0>, config16>' completely with a factor of 16 (firmware/nnet_utils/nnet_dense_latency.h:15:0)
INFO: [HLS 214-186] Unrolling loop 'Accum2' (firmware/nnet_utils/nnet_dense_latency.h:56:9) in function 'nnet::dense_latency<ap_ufixed<2, 0, (ap_q_mode)4, (ap_o_mode)0, 0>, ap_fixed<16, 6, (ap_q_mode)5, (ap_o_mode)3, 0>, config16>' completely with a factor of 8 (firmware/nnet_utils/nnet_dense_latency.h:15:0)
INFO: [HLS 214-186] Unrolling loop 'ResetAccum' (firmware/nnet_utils/nnet_dense_latency.h:48:5) in function 'nnet::dense_latency<ap_ufixed<2, 0, (ap_q_mode)4, (ap_o_mode)0, 0>, ap_fixed<16, 6, (ap_q_mode)5, (ap_o_mode)3, 0>, config16>' completely with a factor of 8 (firmware/nnet_utils/nnet_dense_latency.h:15:0)
INFO: [HLS 214-186] Unrolling loop 'Product1' (firmware/nnet_utils/nnet_dense_latency.h:37:5) in function 'nnet::dense_latency<ap_ufixed<2, 0, (ap_q_mode)4, (ap_o_mode)0, 0>, ap_fixed<16, 6, (ap_q_mode)5, (ap_o_mode)3, 0>, config16>' completely with a factor of 16 (firmware/nnet_utils/nnet_dense_latency.h:15:0)
INFO: [HLS 214-186] Unrolling loop 'Product2' (firmware/nnet_utils/nnet_dense_latency.h:40:9) in function 'nnet::dense_latency<ap_ufixed<2, 0, (ap_q_mode)4, (ap_o_mode)0, 0>, ap_fixed<16, 6, (ap_q_mode)5, (ap_o_mode)3, 0>, config16>' completely with a factor of 8 (firmware/nnet_utils/nnet_dense_latency.h:15:0)
INFO: [HLS 214-186] Unrolling loop 'VITIS_LOOP_43_1' (firmware/nnet_utils/nnet_activation.h:43:22) in function 'nnet::relu<ap_fixed<16, 6, (ap_q_mode)5, (ap_o_mode)3, 0>, ap_ufixed<2, 0, (ap_q_mode)4, (ap_o_mode)0, 0>, relu_config15>' completely with a factor of 16 (firmware/nnet_utils/nnet_activation.h:39:0)
INFO: [HLS 214-186] Unrolling loop 'Result' (firmware/nnet_utils/nnet_batchnorm.h:52:5) in function 'nnet::normalize<ap_fixed<16, 6, (ap_q_mode)5, (ap_o_mode)3, 0>, ap_fixed<16, 6, (ap_q_mode)5, (ap_o_mode)3, 0>, config25>' completely with a factor of 16 (firmware/nnet_utils/nnet_batchnorm.h:33:0)
INFO: [HLS 214-186] Unrolling loop 'Result' (firmware/nnet_utils/nnet_dense_latency.h:64:5) in function 'nnet::dense_latency<ap_ufixed<2, 0, (ap_q_mode)4, (ap_o_mode)0, 0>, ap_fixed<16, 6, (ap_q_mode)5, (ap_o_mode)3, 0>, config13>' completely with a factor of 16 (firmware/nnet_utils/nnet_dense_latency.h:15:0)
INFO: [HLS 214-186] Unrolling loop 'Accum1' (firmware/nnet_utils/nnet_dense_latency.h:54:5) in function 'nnet::dense_latency<ap_ufixed<2, 0, (ap_q_mode)4, (ap_o_mode)0, 0>, ap_fixed<16, 6, (ap_q_mode)5, (ap_o_mode)3, 0>, config13>' completely with a factor of 9 (firmware/nnet_utils/nnet_dense_latency.h:15:0)
INFO: [HLS 214-186] Unrolling loop 'Accum2' (firmware/nnet_utils/nnet_dense_latency.h:56:9) in function 'nnet::dense_latency<ap_ufixed<2, 0, (ap_q_mode)4, (ap_o_mode)0, 0>, ap_fixed<16, 6, (ap_q_mode)5, (ap_o_mode)3, 0>, config13>' completely with a factor of 16 (firmware/nnet_utils/nnet_dense_latency.h:15:0)
INFO: [HLS 214-186] Unrolling loop 'ResetAccum' (firmware/nnet_utils/nnet_dense_latency.h:48:5) in function 'nnet::dense_latency<ap_ufixed<2, 0, (ap_q_mode)4, (ap_o_mode)0, 0>, ap_fixed<16, 6, (ap_q_mode)5, (ap_o_mode)3, 0>, config13>' completely with a factor of 16 (firmware/nnet_utils/nnet_dense_latency.h:15:0)
INFO: [HLS 214-186] Unrolling loop 'Product1' (firmware/nnet_utils/nnet_dense_latency.h:37:5) in function 'nnet::dense_latency<ap_ufixed<2, 0, (ap_q_mode)4, (ap_o_mode)0, 0>, ap_fixed<16, 6, (ap_q_mode)5, (ap_o_mode)3, 0>, config13>' completely with a factor of 9 (firmware/nnet_utils/nnet_dense_latency.h:15:0)
INFO: [HLS 214-186] Unrolling loop 'Product2' (firmware/nnet_utils/nnet_dense_latency.h:40:9) in function 'nnet::dense_latency<ap_ufixed<2, 0, (ap_q_mode)4, (ap_o_mode)0, 0>, ap_fixed<16, 6, (ap_q_mode)5, (ap_o_mode)3, 0>, config13>' completely with a factor of 16 (firmware/nnet_utils/nnet_dense_latency.h:15:0)
INFO: [HLS 214-186] Unrolling loop 'VITIS_LOOP_43_1' (firmware/nnet_utils/nnet_activation.h:43:22) in function 'nnet::relu<ap_fixed<16, 6, (ap_q_mode)5, (ap_o_mode)3, 0>, ap_ufixed<2, 0, (ap_q_mode)4, (ap_o_mode)0, 0>, relu_config12>' completely with a factor of 9 (firmware/nnet_utils/nnet_activation.h:39:0)
INFO: [HLS 214-186] Unrolling loop 'Result' (firmware/nnet_utils/nnet_batchnorm.h:52:5) in function 'nnet::normalize<ap_fixed<16, 6, (ap_q_mode)5, (ap_o_mode)3, 0>, ap_fixed<16, 6, (ap_q_mode)5, (ap_o_mode)3, 0>, config24>' completely with a factor of 9 (firmware/nnet_utils/nnet_batchnorm.h:33:0)
INFO: [HLS 214-186] Unrolling loop 'Result' (firmware/nnet_utils/nnet_dense_latency.h:64:5) in function 'nnet::dense_latency<ap_ufixed<2, 0, (ap_q_mode)4, (ap_o_mode)0, 0>, ap_fixed<16, 6, (ap_q_mode)5, (ap_o_mode)3, 0>, config10>' completely with a factor of 9 (firmware/nnet_utils/nnet_dense_latency.h:15:0)
INFO: [HLS 214-186] Unrolling loop 'Accum1' (firmware/nnet_utils/nnet_dense_latency.h:54:5) in function 'nnet::dense_latency<ap_ufixed<2, 0, (ap_q_mode)4, (ap_o_mode)0, 0>, ap_fixed<16, 6, (ap_q_mode)5, (ap_o_mode)3, 0>, config10>' completely with a factor of 20 (firmware/nnet_utils/nnet_dense_latency.h:15:0)
INFO: [HLS 214-186] Unrolling loop 'Accum2' (firmware/nnet_utils/nnet_dense_latency.h:56:9) in function 'nnet::dense_latency<ap_ufixed<2, 0, (ap_q_mode)4, (ap_o_mode)0, 0>, ap_fixed<16, 6, (ap_q_mode)5, (ap_o_mode)3, 0>, config10>' completely with a factor of 9 (firmware/nnet_utils/nnet_dense_latency.h:15:0)
INFO: [HLS 214-186] Unrolling loop 'ResetAccum' (firmware/nnet_utils/nnet_dense_latency.h:48:5) in function 'nnet::dense_latency<ap_ufixed<2, 0, (ap_q_mode)4, (ap_o_mode)0, 0>, ap_fixed<16, 6, (ap_q_mode)5, (ap_o_mode)3, 0>, config10>' completely with a factor of 9 (firmware/nnet_utils/nnet_dense_latency.h:15:0)
INFO: [HLS 214-186] Unrolling loop 'Product1' (firmware/nnet_utils/nnet_dense_latency.h:37:5) in function 'nnet::dense_latency<ap_ufixed<2, 0, (ap_q_mode)4, (ap_o_mode)0, 0>, ap_fixed<16, 6, (ap_q_mode)5, (ap_o_mode)3, 0>, config10>' completely with a factor of 20 (firmware/nnet_utils/nnet_dense_latency.h:15:0)
INFO: [HLS 214-186] Unrolling loop 'Product2' (firmware/nnet_utils/nnet_dense_latency.h:40:9) in function 'nnet::dense_latency<ap_ufixed<2, 0, (ap_q_mode)4, (ap_o_mode)0, 0>, ap_fixed<16, 6, (ap_q_mode)5, (ap_o_mode)3, 0>, config10>' completely with a factor of 9 (firmware/nnet_utils/nnet_dense_latency.h:15:0)
INFO: [HLS 214-186] Unrolling loop 'VITIS_LOOP_43_1' (firmware/nnet_utils/nnet_activation.h:43:22) in function 'nnet::relu<ap_fixed<16, 6, (ap_q_mode)5, (ap_o_mode)3, 0>, ap_ufixed<2, 0, (ap_q_mode)4, (ap_o_mode)0, 0>, relu_config9>' completely with a factor of 20 (firmware/nnet_utils/nnet_activation.h:39:0)
INFO: [HLS 214-186] Unrolling loop 'Result' (firmware/nnet_utils/nnet_batchnorm.h:52:5) in function 'nnet::normalize<ap_fixed<16, 6, (ap_q_mode)5, (ap_o_mode)3, 0>, ap_fixed<16, 6, (ap_q_mode)5, (ap_o_mode)3, 0>, config23>' completely with a factor of 20 (firmware/nnet_utils/nnet_batchnorm.h:33:0)
INFO: [HLS 214-186] Unrolling loop 'Result' (firmware/nnet_utils/nnet_dense_latency.h:64:5) in function 'nnet::dense_latency<ap_ufixed<2, 0, (ap_q_mode)4, (ap_o_mode)0, 0>, ap_fixed<16, 6, (ap_q_mode)5, (ap_o_mode)3, 0>, config7>' completely with a factor of 20 (firmware/nnet_utils/nnet_dense_latency.h:15:0)
INFO: [HLS 214-186] Unrolling loop 'Accum1' (firmware/nnet_utils/nnet_dense_latency.h:54:5) in function 'nnet::dense_latency<ap_ufixed<2, 0, (ap_q_mode)4, (ap_o_mode)0, 0>, ap_fixed<16, 6, (ap_q_mode)5, (ap_o_mode)3, 0>, config7>' completely with a factor of 17 (firmware/nnet_utils/nnet_dense_latency.h:15:0)
INFO: [HLS 214-186] Unrolling loop 'Accum2' (firmware/nnet_utils/nnet_dense_latency.h:56:9) in function 'nnet::dense_latency<ap_ufixed<2, 0, (ap_q_mode)4, (ap_o_mode)0, 0>, ap_fixed<16, 6, (ap_q_mode)5, (ap_o_mode)3, 0>, config7>' completely with a factor of 20 (firmware/nnet_utils/nnet_dense_latency.h:15:0)
INFO: [HLS 214-186] Unrolling loop 'ResetAccum' (firmware/nnet_utils/nnet_dense_latency.h:48:5) in function 'nnet::dense_latency<ap_ufixed<2, 0, (ap_q_mode)4, (ap_o_mode)0, 0>, ap_fixed<16, 6, (ap_q_mode)5, (ap_o_mode)3, 0>, config7>' completely with a factor of 20 (firmware/nnet_utils/nnet_dense_latency.h:15:0)
INFO: [HLS 214-186] Unrolling loop 'Product1' (firmware/nnet_utils/nnet_dense_latency.h:37:5) in function 'nnet::dense_latency<ap_ufixed<2, 0, (ap_q_mode)4, (ap_o_mode)0, 0>, ap_fixed<16, 6, (ap_q_mode)5, (ap_o_mode)3, 0>, config7>' completely with a factor of 17 (firmware/nnet_utils/nnet_dense_latency.h:15:0)
INFO: [HLS 214-186] Unrolling loop 'Product2' (firmware/nnet_utils/nnet_dense_latency.h:40:9) in function 'nnet::dense_latency<ap_ufixed<2, 0, (ap_q_mode)4, (ap_o_mode)0, 0>, ap_fixed<16, 6, (ap_q_mode)5, (ap_o_mode)3, 0>, config7>' completely with a factor of 20 (firmware/nnet_utils/nnet_dense_latency.h:15:0)
INFO: [HLS 214-186] Unrolling loop 'VITIS_LOOP_43_1' (firmware/nnet_utils/nnet_activation.h:43:22) in function 'nnet::relu<ap_fixed<16, 6, (ap_q_mode)5, (ap_o_mode)3, 0>, ap_ufixed<2, 0, (ap_q_mode)4, (ap_o_mode)0, 0>, relu_config6>' completely with a factor of 17 (firmware/nnet_utils/nnet_activation.h:39:0)
INFO: [HLS 214-186] Unrolling loop 'Result' (firmware/nnet_utils/nnet_batchnorm.h:52:5) in function 'nnet::normalize<ap_fixed<16, 6, (ap_q_mode)5, (ap_o_mode)3, 0>, ap_fixed<16, 6, (ap_q_mode)5, (ap_o_mode)3, 0>, config22>' completely with a factor of 17 (firmware/nnet_utils/nnet_batchnorm.h:33:0)
INFO: [HLS 214-186] Unrolling loop 'Result' (firmware/nnet_utils/nnet_dense_latency.h:64:5) in function 'nnet::dense_latency<ap_fixed<16, 6, (ap_q_mode)5, (ap_o_mode)3, 0>, ap_fixed<16, 6, (ap_q_mode)5, (ap_o_mode)3, 0>, config4>' completely with a factor of 17 (firmware/nnet_utils/nnet_dense_latency.h:15:0)
INFO: [HLS 214-186] Unrolling loop 'Accum1' (firmware/nnet_utils/nnet_dense_latency.h:54:5) in function 'nnet::dense_latency<ap_fixed<16, 6, (ap_q_mode)5, (ap_o_mode)3, 0>, ap_fixed<16, 6, (ap_q_mode)5, (ap_o_mode)3, 0>, config4>' completely with a factor of 2 (firmware/nnet_utils/nnet_dense_latency.h:15:0)
INFO: [HLS 214-186] Unrolling loop 'Accum2' (firmware/nnet_utils/nnet_dense_latency.h:56:9) in function 'nnet::dense_latency<ap_fixed<16, 6, (ap_q_mode)5, (ap_o_mode)3, 0>, ap_fixed<16, 6, (ap_q_mode)5, (ap_o_mode)3, 0>, config4>' completely with a factor of 17 (firmware/nnet_utils/nnet_dense_latency.h:15:0)
INFO: [HLS 214-186] Unrolling loop 'ResetAccum' (firmware/nnet_utils/nnet_dense_latency.h:48:5) in function 'nnet::dense_latency<ap_fixed<16, 6, (ap_q_mode)5, (ap_o_mode)3, 0>, ap_fixed<16, 6, (ap_q_mode)5, (ap_o_mode)3, 0>, config4>' completely with a factor of 17 (firmware/nnet_utils/nnet_dense_latency.h:15:0)
INFO: [HLS 214-186] Unrolling loop 'Product1' (firmware/nnet_utils/nnet_dense_latency.h:37:5) in function 'nnet::dense_latency<ap_fixed<16, 6, (ap_q_mode)5, (ap_o_mode)3, 0>, ap_fixed<16, 6, (ap_q_mode)5, (ap_o_mode)3, 0>, config4>' completely with a factor of 2 (firmware/nnet_utils/nnet_dense_latency.h:15:0)
INFO: [HLS 214-186] Unrolling loop 'Product2' (firmware/nnet_utils/nnet_dense_latency.h:40:9) in function 'nnet::dense_latency<ap_fixed<16, 6, (ap_q_mode)5, (ap_o_mode)3, 0>, ap_fixed<16, 6, (ap_q_mode)5, (ap_o_mode)3, 0>, config4>' completely with a factor of 17 (firmware/nnet_utils/nnet_dense_latency.h:15:0)
INFO: [HLS 214-186] Unrolling loop 'VITIS_LOOP_122_2' (firmware/nnet_utils/nnet_merge.h:122:23) in function 'nnet::concatenate1d<ap_fixed<16, 6, (ap_q_mode)5, (ap_o_mode)3, 0>, ap_fixed<16, 6, (ap_q_mode)5, (ap_o_mode)3, 0>, ap_fixed<16, 6, (ap_q_mode)5, (ap_o_mode)3, 0>, config3>' completely with a factor of 1 (firmware/nnet_utils/nnet_merge.h:116:0)
INFO: [HLS 214-186] Unrolling loop 'VITIS_LOOP_119_1' (firmware/nnet_utils/nnet_merge.h:119:20) in function 'nnet::concatenate1d<ap_fixed<16, 6, (ap_q_mode)5, (ap_o_mode)3, 0>, ap_fixed<16, 6, (ap_q_mode)5, (ap_o_mode)3, 0>, ap_fixed<16, 6, (ap_q_mode)5, (ap_o_mode)3, 0>, config3>' completely with a factor of 1 (firmware/nnet_utils/nnet_merge.h:116:0)
INFO: [HLS 214-178] Inlining function 'std::enable_if<!(std::is_same<ap_fixed<16, 6, (ap_q_mode)5, (ap_o_mode)3, 0>, ap_uint<1> >::value), ap_fixed<16, 6, (ap_q_mode)5, (ap_o_mode)3, 0> >::type nnet::cast<ap_fixed<16, 6, (ap_q_mode)5, (ap_o_mode)3, 0>, ap_fixed<16, 6, (ap_q_mode)5, (ap_o_mode)3, 0>, config4>(config4::accum_t)' into 'void nnet::dense_latency<ap_fixed<16, 6, (ap_q_mode)5, (ap_o_mode)3, 0>, ap_fixed<16, 6, (ap_q_mode)5, (ap_o_mode)3, 0>, config4>(ap_fixed<16, 6, (ap_q_mode)5, (ap_o_mode)3, 0>*, ap_fixed<16, 6, (ap_q_mode)5, (ap_o_mode)3, 0>*, config4::weight_t*, config4::bias_t*)' (firmware/nnet_utils/nnet_dense_latency.h:15:0)
INFO: [HLS 214-178] Inlining function 'std::enable_if<!(std::is_same<ap_ufixed<2, 0, (ap_q_mode)4, (ap_o_mode)0, 0>, ap_uint<1> >::value), ap_fixed<16, 6, (ap_q_mode)5, (ap_o_mode)3, 0> >::type nnet::cast<ap_ufixed<2, 0, (ap_q_mode)4, (ap_o_mode)0, 0>, ap_fixed<16, 6, (ap_q_mode)5, (ap_o_mode)3, 0>, config7>(config7::accum_t)' into 'void nnet::dense_latency<ap_ufixed<2, 0, (ap_q_mode)4, (ap_o_mode)0, 0>, ap_fixed<16, 6, (ap_q_mode)5, (ap_o_mode)3, 0>, config7>(ap_ufixed<2, 0, (ap_q_mode)4, (ap_o_mode)0, 0>*, ap_fixed<16, 6, (ap_q_mode)5, (ap_o_mode)3, 0>*, config7::weight_t*, config7::bias_t*)' (firmware/nnet_utils/nnet_dense_latency.h:15:0)
INFO: [HLS 214-178] Inlining function 'std::enable_if<!(std::is_same<ap_ufixed<2, 0, (ap_q_mode)4, (ap_o_mode)0, 0>, ap_uint<1> >::value), ap_fixed<16, 6, (ap_q_mode)5, (ap_o_mode)3, 0> >::type nnet::cast<ap_ufixed<2, 0, (ap_q_mode)4, (ap_o_mode)0, 0>, ap_fixed<16, 6, (ap_q_mode)5, (ap_o_mode)3, 0>, config10>(config10::accum_t)' into 'void nnet::dense_latency<ap_ufixed<2, 0, (ap_q_mode)4, (ap_o_mode)0, 0>, ap_fixed<16, 6, (ap_q_mode)5, (ap_o_mode)3, 0>, config10>(ap_ufixed<2, 0, (ap_q_mode)4, (ap_o_mode)0, 0>*, ap_fixed<16, 6, (ap_q_mode)5, (ap_o_mode)3, 0>*, config10::weight_t*, config10::bias_t*)' (firmware/nnet_utils/nnet_dense_latency.h:15:0)
INFO: [HLS 214-178] Inlining function 'std::enable_if<!(std::is_same<ap_ufixed<2, 0, (ap_q_mode)4, (ap_o_mode)0, 0>, ap_uint<1> >::value), ap_fixed<16, 6, (ap_q_mode)5, (ap_o_mode)3, 0> >::type nnet::cast<ap_ufixed<2, 0, (ap_q_mode)4, (ap_o_mode)0, 0>, ap_fixed<16, 6, (ap_q_mode)5, (ap_o_mode)3, 0>, config13>(config13::accum_t)' into 'void nnet::dense_latency<ap_ufixed<2, 0, (ap_q_mode)4, (ap_o_mode)0, 0>, ap_fixed<16, 6, (ap_q_mode)5, (ap_o_mode)3, 0>, config13>(ap_ufixed<2, 0, (ap_q_mode)4, (ap_o_mode)0, 0>*, ap_fixed<16, 6, (ap_q_mode)5, (ap_o_mode)3, 0>*, config13::weight_t*, config13::bias_t*)' (firmware/nnet_utils/nnet_dense_latency.h:15:0)
INFO: [HLS 214-178] Inlining function 'std::enable_if<!(std::is_same<ap_ufixed<2, 0, (ap_q_mode)4, (ap_o_mode)0, 0>, ap_uint<1> >::value), ap_fixed<16, 6, (ap_q_mode)5, (ap_o_mode)3, 0> >::type nnet::cast<ap_ufixed<2, 0, (ap_q_mode)4, (ap_o_mode)0, 0>, ap_fixed<16, 6, (ap_q_mode)5, (ap_o_mode)3, 0>, config16>(config16::accum_t)' into 'void nnet::dense_latency<ap_ufixed<2, 0, (ap_q_mode)4, (ap_o_mode)0, 0>, ap_fixed<16, 6, (ap_q_mode)5, (ap_o_mode)3, 0>, config16>(ap_ufixed<2, 0, (ap_q_mode)4, (ap_o_mode)0, 0>*, ap_fixed<16, 6, (ap_q_mode)5, (ap_o_mode)3, 0>*, config16::weight_t*, config16::bias_t*)' (firmware/nnet_utils/nnet_dense_latency.h:15:0)
INFO: [HLS 214-178] Inlining function 'std::enable_if<!(std::is_same<ap_ufixed<2, 0, (ap_q_mode)4, (ap_o_mode)0, 0>, ap_uint<1> >::value), ap_fixed<16, 6, (ap_q_mode)5, (ap_o_mode)3, 0> >::type nnet::cast<ap_ufixed<2, 0, (ap_q_mode)4, (ap_o_mode)0, 0>, ap_fixed<16, 6, (ap_q_mode)5, (ap_o_mode)3, 0>, config19>(config19::accum_t)' into 'void nnet::dense_latency<ap_ufixed<2, 0, (ap_q_mode)4, (ap_o_mode)0, 0>, ap_fixed<16, 6, (ap_q_mode)5, (ap_o_mode)3, 0>, config19>(ap_ufixed<2, 0, (ap_q_mode)4, (ap_o_mode)0, 0>*, ap_fixed<16, 6, (ap_q_mode)5, (ap_o_mode)3, 0>*, config19::weight_t*, config19::bias_t*)' (firmware/nnet_utils/nnet_dense_latency.h:15:0)
INFO: [HLS 214-178] Inlining function 'void nnet::hard_tanh<ap_fixed<16, 6, (ap_q_mode)5, (ap_o_mode)3, 0>, ap_fixed<8, 1, (ap_q_mode)4, (ap_o_mode)0, 0>, hard_tanh_config21>(ap_fixed<16, 6, (ap_q_mode)5, (ap_o_mode)3, 0>*, ap_fixed<8, 1, (ap_q_mode)4, (ap_o_mode)0, 0>*)' into 'myproject(ap_fixed<16, 6, (ap_q_mode)5, (ap_o_mode)3, 0>*, ap_fixed<16, 6, (ap_q_mode)5, (ap_o_mode)3, 0>*, ap_fixed<8, 1, (ap_q_mode)4, (ap_o_mode)0, 0>*)' (firmware/myproject.cpp:9:0)
INFO: [HLS 214-248] Applying array_partition to 'b27': Complete partitioning on dimension 1. (firmware/weights/b27.h:12:0)
INFO: [HLS 214-248] Applying array_partition to 's27.weight': Complete partitioning on dimension 1. (firmware/weights/s27.h:12:0)
INFO: [HLS 214-248] Applying array_partition to 's27.sign': Complete partitioning on dimension 1. (firmware/weights/s27.h:12:0)
INFO: [HLS 214-248] Applying array_partition to 'b19': Complete partitioning on dimension 1. (firmware/weights/b19.h:12:0)
INFO: [HLS 214-248] Applying array_partition to 'b26': Complete partitioning on dimension 1. (firmware/weights/b26.h:12:0)
INFO: [HLS 214-248] Applying array_partition to 's26.weight': Complete partitioning on dimension 1. (firmware/weights/s26.h:12:0)
INFO: [HLS 214-248] Applying array_partition to 's26.sign': Complete partitioning on dimension 1. (firmware/weights/s26.h:12:0)
INFO: [HLS 214-248] Applying array_partition to 'b16': Complete partitioning on dimension 1. (firmware/weights/b16.h:12:0)
INFO: [HLS 214-248] Applying array_partition to 'b25': Complete partitioning on dimension 1. (firmware/weights/b25.h:12:0)
INFO: [HLS 214-248] Applying array_partition to 's25.weight': Complete partitioning on dimension 1. (firmware/weights/s25.h:12:0)
INFO: [HLS 214-248] Applying array_partition to 's25.sign': Complete partitioning on dimension 1. (firmware/weights/s25.h:12:0)
INFO: [HLS 214-248] Applying array_partition to 'b13': Complete partitioning on dimension 1. (firmware/weights/b13.h:12:0)
INFO: [HLS 214-248] Applying array_partition to 'b24': Complete partitioning on dimension 1. (firmware/weights/b24.h:12:0)
INFO: [HLS 214-248] Applying array_partition to 's24.weight': Complete partitioning on dimension 1. (firmware/weights/s24.h:12:0)
INFO: [HLS 214-248] Applying array_partition to 's24.sign': Complete partitioning on dimension 1. (firmware/weights/s24.h:12:0)
INFO: [HLS 214-248] Applying array_partition to 'b10': Complete partitioning on dimension 1. (firmware/weights/b10.h:12:0)
INFO: [HLS 214-248] Applying array_partition to 'b23': Complete partitioning on dimension 1. (firmware/weights/b23.h:12:0)
INFO: [HLS 214-248] Applying array_partition to 's23.weight': Complete partitioning on dimension 1. (firmware/weights/s23.h:12:0)
INFO: [HLS 214-248] Applying array_partition to 's23.sign': Complete partitioning on dimension 1. (firmware/weights/s23.h:12:0)
INFO: [HLS 214-248] Applying array_partition to 'b7': Complete partitioning on dimension 1. (firmware/weights/b7.h:12:0)
INFO: [HLS 214-248] Applying array_partition to 'b22': Complete partitioning on dimension 1. (firmware/weights/b22.h:12:0)
INFO: [HLS 214-248] Applying array_partition to 's22.weight': Complete partitioning on dimension 1. (firmware/weights/s22.h:12:0)
INFO: [HLS 214-248] Applying array_partition to 's22.sign': Complete partitioning on dimension 1. (firmware/weights/s22.h:12:0)
INFO: [HLS 214-248] Applying array_partition to 'b4': Complete partitioning on dimension 1. (firmware/weights/b4.h:12:0)
INFO: [HLS 214-248] Applying array_partition to 'layer3_out': Complete partitioning on dimension 1. (firmware/myproject.cpp:56:11)
INFO: [HLS 214-248] Applying array_partition to 'layer4_out': Complete partitioning on dimension 1. (firmware/myproject.cpp:60:14)
INFO: [HLS 214-248] Applying array_partition to 'layer22_out': Complete partitioning on dimension 1. (firmware/myproject.cpp:64:15)
INFO: [HLS 214-248] Applying array_partition to 'layer6_out': Complete partitioning on dimension 1. (firmware/myproject.cpp:68:14)
INFO: [HLS 214-248] Applying array_partition to 'layer7_out': Complete partitioning on dimension 1. (firmware/myproject.cpp:72:14)
INFO: [HLS 214-248] Applying array_partition to 'layer23_out': Complete partitioning on dimension 1. (firmware/myproject.cpp:76:15)
INFO: [HLS 214-248] Applying array_partition to 'layer9_out': Complete partitioning on dimension 1. (firmware/myproject.cpp:80:14)
INFO: [HLS 214-248] Applying array_partition to 'layer10_out': Complete partitioning on dimension 1. (firmware/myproject.cpp:84:15)
INFO: [HLS 214-248] Applying array_partition to 'layer24_out': Complete partitioning on dimension 1. (firmware/myproject.cpp:88:15)
INFO: [HLS 214-248] Applying array_partition to 'layer12_out': Complete partitioning on dimension 1. (firmware/myproject.cpp:92:15)
INFO: [HLS 214-248] Applying array_partition to 'layer13_out': Complete partitioning on dimension 1. (firmware/myproject.cpp:96:15)
INFO: [HLS 214-248] Applying array_partition to 'layer25_out': Complete partitioning on dimension 1. (firmware/myproject.cpp:100:15)
INFO: [HLS 214-248] Applying array_partition to 'layer15_out': Complete partitioning on dimension 1. (firmware/myproject.cpp:104:15)
INFO: [HLS 214-248] Applying array_partition to 'layer16_out': Complete partitioning on dimension 1. (firmware/myproject.cpp:108:15)
INFO: [HLS 214-248] Applying array_partition to 'layer26_out': Complete partitioning on dimension 1. (firmware/myproject.cpp:112:15)
INFO: [HLS 214-248] Applying array_partition to 'layer18_out': Complete partitioning on dimension 1. (firmware/myproject.cpp:116:15)
INFO: [HLS 214-248] Applying array_partition to 'layer19_out': Complete partitioning on dimension 1. (firmware/myproject.cpp:120:15)
INFO: [HLS 214-248] Applying array_partition to 'layer27_out': Complete partitioning on dimension 1. (firmware/myproject.cpp:124:15)
INFO: [HLS 214-248] Applying array_partition to 'layer21_out': Complete partitioning on dimension 1. (firmware/myproject.cpp:9:0)
INFO: [HLS 214-248] Applying array_reshape to 'y_size': Complete reshaping on dimension 1. (firmware/myproject.cpp:9:0)
INFO: [HLS 214-248] Applying array_reshape to 'y_local': Complete reshaping on dimension 1. (firmware/myproject.cpp:9:0)
INFO: [HLS 200-111] Finished Compiling Optimization and Transform: CPU user time: 6.61 seconds. CPU system time: 0.57 seconds. Elapsed time: 8.95 seconds; current allocated memory: 354.062 MB.
INFO: [HLS 200-111] Finished Checking Pragmas: CPU user time: 0 seconds. CPU system time: 0 seconds. Elapsed time: 0 seconds; current allocated memory: 354.062 MB.
INFO: [HLS 200-10] Starting code transformations ...
INFO: [HLS 200-111] Finished Standard Transforms: CPU user time: 0.13 seconds. CPU system time: 0 seconds. Elapsed time: 0.13 seconds; current allocated memory: 359.543 MB.
INFO: [HLS 200-10] Checking synthesizability ...
INFO: [HLS 200-111] Finished Checking Synthesizability: CPU user time: 0.17 seconds. CPU system time: 0.01 seconds. Elapsed time: 0.19 seconds; current allocated memory: 364.719 MB.
INFO: [XFORM 203-401] Performing if-conversion on hyperblock from (firmware/nnet_utils/nnet_activation.h:42:9) to (firmware/nnet_utils/nnet_activation.h:50:1) in function 'nnet::relu<ap_fixed<16, 6, (ap_q_mode)5, (ap_o_mode)3, 0>, ap_ufixed<2, 0, (ap_q_mode)4, (ap_o_mode)0, 0>, relu_config9>'... converting 81 basic blocks.
INFO: [XFORM 203-401] Performing if-conversion on hyperblock from (firmware/nnet_utils/nnet_activation.h:42:9) to (firmware/nnet_utils/nnet_activation.h:50:1) in function 'nnet::relu<ap_fixed<16, 6, (ap_q_mode)5, (ap_o_mode)3, 0>, ap_ufixed<2, 0, (ap_q_mode)4, (ap_o_mode)0, 0>, relu_config6>'... converting 69 basic blocks.
INFO: [XFORM 203-401] Performing if-conversion on hyperblock from (firmware/nnet_utils/nnet_activation.h:42:9) in function 'nnet::relu<ap_fixed<16, 6, (ap_q_mode)5, (ap_o_mode)3, 0>, ap_ufixed<2, 0, (ap_q_mode)4, (ap_o_mode)0, 0>, relu_config18>'... converting 21 basic blocks.
INFO: [XFORM 203-401] Performing if-conversion on hyperblock from (firmware/nnet_utils/nnet_activation.h:42:9) to (firmware/nnet_utils/nnet_activation.h:50:1) in function 'nnet::relu<ap_fixed<16, 6, (ap_q_mode)5, (ap_o_mode)3, 0>, ap_ufixed<2, 0, (ap_q_mode)4, (ap_o_mode)0, 0>, relu_config15>'... converting 65 basic blocks.
INFO: [XFORM 203-401] Performing if-conversion on hyperblock from (firmware/nnet_utils/nnet_activation.h:42:9) to (firmware/nnet_utils/nnet_activation.h:50:1) in function 'nnet::relu<ap_fixed<16, 6, (ap_q_mode)5, (ap_o_mode)3, 0>, ap_ufixed<2, 0, (ap_q_mode)4, (ap_o_mode)0, 0>, relu_config12>'... converting 37 basic blocks.
INFO: [XFORM 203-401] Performing if-conversion on hyperblock to (firmware/myproject.cpp:130:1) in function 'myproject'... converting 3 basic blocks.
INFO: [XFORM 203-11] Balancing expressions in function 'nnet::dense_latency<ap_ufixed<2, 0, (ap_q_mode)4, (ap_o_mode)0, 0>, ap_fixed<16, 6, (ap_q_mode)5, (ap_o_mode)3, 0>, config7>' (firmware/nnet_utils/nnet_dense_latency.h:33:1)...137 expression(s) balanced.
INFO: [XFORM 203-11] Balancing expressions in function 'nnet::dense_latency<ap_ufixed<2, 0, (ap_q_mode)4, (ap_o_mode)0, 0>, ap_fixed<16, 6, (ap_q_mode)5, (ap_o_mode)3, 0>, config19>' (firmware/nnet_utils/nnet_dense_latency.h:33:1)...4 expression(s) balanced.
INFO: [XFORM 203-11] Balancing expressions in function 'nnet::dense_latency<ap_ufixed<2, 0, (ap_q_mode)4, (ap_o_mode)0, 0>, ap_fixed<16, 6, (ap_q_mode)5, (ap_o_mode)3, 0>, config16>' (firmware/nnet_utils/nnet_dense_latency.h:33:21)...24 expression(s) balanced.
INFO: [XFORM 203-11] Balancing expressions in function 'nnet::dense_latency<ap_ufixed<2, 0, (ap_q_mode)4, (ap_o_mode)0, 0>, ap_fixed<16, 6, (ap_q_mode)5, (ap_o_mode)3, 0>, config13>' (firmware/nnet_utils/nnet_dense_latency.h:33:1)...37 expression(s) balanced.
INFO: [XFORM 203-11] Balancing expressions in function 'nnet::dense_latency<ap_ufixed<2, 0, (ap_q_mode)4, (ap_o_mode)0, 0>, ap_fixed<16, 6, (ap_q_mode)5, (ap_o_mode)3, 0>, config10>' (firmware/nnet_utils/nnet_dense_latency.h:33:1)...69 expression(s) balanced.
INFO: [HLS 200-111] Finished Loop, function and other optimizations: CPU user time: 0.58 seconds. CPU system time: 0.01 seconds. Elapsed time: 0.6 seconds; current allocated memory: 395.652 MB.
INFO: [HLS 200-111] Finished Architecture Synthesis: CPU user time: 0.33 seconds. CPU system time: 0.05 seconds. Elapsed time: 0.38 seconds; current allocated memory: 567.359 MB.
INFO: [HLS 200-10] Starting hardware synthesis ...
INFO: [HLS 200-10] Synthesizing 'myproject' ...
WARNING: [SYN 201-103] Legalizing function name 'concatenate1d<ap_fixed,ap_fixed,ap_fixed<16,6,5,3,0>,config3>' to 'concatenate1d_ap_fixed_ap_fixed_ap_fixed_16_6_5_3_0_config3_s'.
WARNING: [SYN 201-103] Legalizing function name 'dense_latency<ap_fixed<16, 6, 5, 3, 0>, ap_fixed<16, 6, 5, 3, 0>, config4>' to 'dense_latency_ap_fixed_16_6_5_3_0_ap_fixed_16_6_5_3_0_config4_s'.
WARNING: [SYN 201-103] Legalizing function name 'normalize<ap_fixed<16, 6, 5, 3, 0>, ap_fixed<16, 6, 5, 3, 0>, config22>' to 'normalize_ap_fixed_16_6_5_3_0_ap_fixed_16_6_5_3_0_config22_s'.
WARNING: [SYN 201-103] Legalizing function name 'relu<ap_fixed<16, 6, 5, 3, 0>, ap_ufixed<2, 0, 4, 0, 0>, relu_config6>' to 'relu_ap_fixed_16_6_5_3_0_ap_ufixed_2_0_4_0_0_relu_config6_s'.
WARNING: [SYN 201-103] Legalizing function name 'dense_latency<ap_ufixed<2, 0, 4, 0, 0>, ap_fixed<16, 6, 5, 3, 0>, config7>' to 'dense_latency_ap_ufixed_2_0_4_0_0_ap_fixed_16_6_5_3_0_config7_s'.
WARNING: [SYN 201-103] Legalizing function name 'normalize<ap_fixed<16, 6, 5, 3, 0>, ap_fixed<16, 6, 5, 3, 0>, config23>' to 'normalize_ap_fixed_16_6_5_3_0_ap_fixed_16_6_5_3_0_config23_s'.
WARNING: [SYN 201-103] Legalizing function name 'relu<ap_fixed<16, 6, 5, 3, 0>, ap_ufixed<2, 0, 4, 0, 0>, relu_config9>' to 'relu_ap_fixed_16_6_5_3_0_ap_ufixed_2_0_4_0_0_relu_config9_s'.
WARNING: [SYN 201-103] Legalizing function name 'dense_latency<ap_ufixed<2, 0, 4, 0, 0>, ap_fixed<16, 6, 5, 3, 0>, config10>' to 'dense_latency_ap_ufixed_2_0_4_0_0_ap_fixed_16_6_5_3_0_config10_s'.
WARNING: [SYN 201-103] Legalizing function name 'normalize<ap_fixed<16, 6, 5, 3, 0>, ap_fixed<16, 6, 5, 3, 0>, config24>' to 'normalize_ap_fixed_16_6_5_3_0_ap_fixed_16_6_5_3_0_config24_s'.
WARNING: [SYN 201-103] Legalizing function name 'relu<ap_fixed<16, 6, 5, 3, 0>, ap_ufixed<2, 0, 4, 0, 0>, relu_config12>' to 'relu_ap_fixed_16_6_5_3_0_ap_ufixed_2_0_4_0_0_relu_config12_s'.
WARNING: [SYN 201-103] Legalizing function name 'dense_latency<ap_ufixed<2, 0, 4, 0, 0>, ap_fixed<16, 6, 5, 3, 0>, config13>' to 'dense_latency_ap_ufixed_2_0_4_0_0_ap_fixed_16_6_5_3_0_config13_s'.
WARNING: [SYN 201-103] Legalizing function name 'normalize<ap_fixed<16, 6, 5, 3, 0>, ap_fixed<16, 6, 5, 3, 0>, config25>' to 'normalize_ap_fixed_16_6_5_3_0_ap_fixed_16_6_5_3_0_config25_s'.
WARNING: [SYN 201-103] Legalizing function name 'relu<ap_fixed<16, 6, 5, 3, 0>, ap_ufixed<2, 0, 4, 0, 0>, relu_config15>' to 'relu_ap_fixed_16_6_5_3_0_ap_ufixed_2_0_4_0_0_relu_config15_s'.
WARNING: [SYN 201-103] Legalizing function name 'dense_latency<ap_ufixed<2, 0, 4, 0, 0>, ap_fixed<16, 6, 5, 3, 0>, config16>' to 'dense_latency_ap_ufixed_2_0_4_0_0_ap_fixed_16_6_5_3_0_config16_s'.
WARNING: [SYN 201-103] Legalizing function name 'normalize<ap_fixed<16, 6, 5, 3, 0>, ap_fixed<16, 6, 5, 3, 0>, config26>' to 'normalize_ap_fixed_16_6_5_3_0_ap_fixed_16_6_5_3_0_config26_s'.
WARNING: [SYN 201-103] Legalizing function name 'relu<ap_fixed<16, 6, 5, 3, 0>, ap_ufixed<2, 0, 4, 0, 0>, relu_config18>' to 'relu_ap_fixed_16_6_5_3_0_ap_ufixed_2_0_4_0_0_relu_config18_s'.
WARNING: [SYN 201-103] Legalizing function name 'dense_latency<ap_ufixed<2, 0, 4, 0, 0>, ap_fixed<16, 6, 5, 3, 0>, config19>' to 'dense_latency_ap_ufixed_2_0_4_0_0_ap_fixed_16_6_5_3_0_config19_s'.
WARNING: [SYN 201-103] Legalizing function name 'normalize<ap_fixed<16, 6, 5, 3, 0>, ap_fixed<16, 6, 5, 3, 0>, config27>' to 'normalize_ap_fixed_16_6_5_3_0_ap_fixed_16_6_5_3_0_config27_s'.
WARNING: [SYN 201-223] Checking resource limit in 'dense_latency<ap_fixed<16, 6, 5, 3, 0>, ap_fixed<16, 6, 5, 3, 0>, config4>': cannot find any operation of 'mul'.
WARNING: [SYN 201-223] Checking resource limit in 'normalize<ap_fixed<16, 6, 5, 3, 0>, ap_fixed<16, 6, 5, 3, 0>, config22>': cannot find any operation of 'mul'.
WARNING: [SYN 201-223] Checking resource limit in 'dense_latency<ap_ufixed<2, 0, 4, 0, 0>, ap_fixed<16, 6, 5, 3, 0>, config7>': cannot find any operation of 'mul'.
WARNING: [SYN 201-223] Checking resource limit in 'normalize<ap_fixed<16, 6, 5, 3, 0>, ap_fixed<16, 6, 5, 3, 0>, config23>': cannot find any operation of 'mul'.
WARNING: [SYN 201-223] Checking resource limit in 'dense_latency<ap_ufixed<2, 0, 4, 0, 0>, ap_fixed<16, 6, 5, 3, 0>, config10>': cannot find any operation of 'mul'.
WARNING: [SYN 201-223] Checking resource limit in 'normalize<ap_fixed<16, 6, 5, 3, 0>, ap_fixed<16, 6, 5, 3, 0>, config24>': cannot find any operation of 'mul'.
WARNING: [SYN 201-223] Checking resource limit in 'dense_latency<ap_ufixed<2, 0, 4, 0, 0>, ap_fixed<16, 6, 5, 3, 0>, config13>': cannot find any operation of 'mul'.
WARNING: [SYN 201-223] Checking resource limit in 'normalize<ap_fixed<16, 6, 5, 3, 0>, ap_fixed<16, 6, 5, 3, 0>, config25>': cannot find any operation of 'mul'.
WARNING: [SYN 201-223] Checking resource limit in 'dense_latency<ap_ufixed<2, 0, 4, 0, 0>, ap_fixed<16, 6, 5, 3, 0>, config16>': cannot find any operation of 'mul'.
WARNING: [SYN 201-223] Checking resource limit in 'normalize<ap_fixed<16, 6, 5, 3, 0>, ap_fixed<16, 6, 5, 3, 0>, config26>': cannot find any operation of 'mul'.
WARNING: [SYN 201-223] Checking resource limit in 'dense_latency<ap_ufixed<2, 0, 4, 0, 0>, ap_fixed<16, 6, 5, 3, 0>, config19>': cannot find any operation of 'mul'.
WARNING: [SYN 201-223] Checking resource limit in 'normalize<ap_fixed<16, 6, 5, 3, 0>, ap_fixed<16, 6, 5, 3, 0>, config27>': cannot find any operation of 'mul'.
INFO: [HLS 200-10] ----------------------------------------------------------------
INFO: [HLS 200-42] -- Implementing module 'concatenate1d_ap_fixed_ap_fixed_ap_fixed_16_6_5_3_0_config3_s' 
INFO: [HLS 200-10] ----------------------------------------------------------------
INFO: [SCHED 204-11] Starting scheduling ...
INFO: [SCHED 204-61] Pipelining function 'concatenate1d<ap_fixed,ap_fixed,ap_fixed<16,6,5,3,0>,config3>'.
INFO: [HLS 200-1470] Pipelining result : Target II = NA, Final II = 1, Depth = 1, function 'concatenate1d<ap_fixed,ap_fixed,ap_fixed<16,6,5,3,0>,config3>'
INFO: [SCHED 204-11] Finished scheduling.
INFO: [HLS 200-111] Finished Scheduling: CPU user time: 0.09 seconds. CPU system time: 0.01 seconds. Elapsed time: 0.12 seconds; current allocated memory: 568.496 MB.
INFO: [BIND 205-100] Starting micro-architecture generation ...
INFO: [BIND 205-101] Performing variable lifetime analysis.
INFO: [BIND 205-101] Exploring resource sharing.
INFO: [BIND 205-101] Binding ...
INFO: [BIND 205-100] Finished micro-architecture generation.
INFO: [HLS 200-111] Finished Binding: CPU user time: 0.02 seconds. CPU system time: 0.01 seconds. Elapsed time: 0.02 seconds; current allocated memory: 568.496 MB.
INFO: [HLS 200-10] ----------------------------------------------------------------
INFO: [HLS 200-42] -- Implementing module 'dense_latency_ap_fixed_16_6_5_3_0_ap_fixed_16_6_5_3_0_config4_s' 
INFO: [HLS 200-10] ----------------------------------------------------------------
INFO: [SCHED 204-11] Starting scheduling ...
INFO: [SCHED 204-61] Pipelining function 'dense_latency<ap_fixed<16, 6, 5, 3, 0>, ap_fixed<16, 6, 5, 3, 0>, config4>'.
INFO: [HLS 200-1470] Pipelining result : Target II = NA, Final II = 1, Depth = 1, function 'dense_latency<ap_fixed<16, 6, 5, 3, 0>, ap_fixed<16, 6, 5, 3, 0>, config4>'
INFO: [SCHED 204-11] Finished scheduling.
INFO: [HLS 200-111] Finished Scheduling: CPU user time: 0.03 seconds. CPU system time: 0 seconds. Elapsed time: 0.03 seconds; current allocated memory: 568.738 MB.
INFO: [BIND 205-100] Starting micro-architecture generation ...
INFO: [BIND 205-101] Performing variable lifetime analysis.
INFO: [BIND 205-101] Exploring resource sharing.
INFO: [BIND 205-101] Binding ...
INFO: [BIND 205-100] Finished micro-architecture generation.
INFO: [HLS 200-111] Finished Binding: CPU user time: 0.02 seconds. CPU system time: 0 seconds. Elapsed time: 0.01 seconds; current allocated memory: 568.863 MB.
INFO: [HLS 200-10] ----------------------------------------------------------------
INFO: [HLS 200-42] -- Implementing module 'normalize_ap_fixed_16_6_5_3_0_ap_fixed_16_6_5_3_0_config22_s' 
INFO: [HLS 200-10] ----------------------------------------------------------------
INFO: [SCHED 204-11] Starting scheduling ...
INFO: [SCHED 204-61] Pipelining function 'normalize<ap_fixed<16, 6, 5, 3, 0>, ap_fixed<16, 6, 5, 3, 0>, config22>'.
INFO: [HLS 200-1470] Pipelining result : Target II = NA, Final II = 1, Depth = 1, function 'normalize<ap_fixed<16, 6, 5, 3, 0>, ap_fixed<16, 6, 5, 3, 0>, config22>'
INFO: [SCHED 204-11] Finished scheduling.
INFO: [HLS 200-111] Finished Scheduling: CPU user time: 0.03 seconds. CPU system time: 0 seconds. Elapsed time: 0.03 seconds; current allocated memory: 569.176 MB.
INFO: [BIND 205-100] Starting micro-architecture generation ...
INFO: [BIND 205-101] Performing variable lifetime analysis.
INFO: [BIND 205-101] Exploring resource sharing.
INFO: [BIND 205-101] Binding ...
INFO: [BIND 205-100] Finished micro-architecture generation.
INFO: [HLS 200-111] Finished Binding: CPU user time: 0.02 seconds. CPU system time: 0 seconds. Elapsed time: 0.02 seconds; current allocated memory: 569.301 MB.
INFO: [HLS 200-10] ----------------------------------------------------------------
INFO: [HLS 200-42] -- Implementing module 'relu_ap_fixed_16_6_5_3_0_ap_ufixed_2_0_4_0_0_relu_config6_s' 
INFO: [HLS 200-10] ----------------------------------------------------------------
INFO: [SCHED 204-11] Starting scheduling ...
INFO: [SCHED 204-61] Pipelining function 'relu<ap_fixed<16, 6, 5, 3, 0>, ap_ufixed<2, 0, 4, 0, 0>, relu_config6>'.
INFO: [HLS 200-1470] Pipelining result : Target II = NA, Final II = 1, Depth = 2, function 'relu<ap_fixed<16, 6, 5, 3, 0>, ap_ufixed<2, 0, 4, 0, 0>, relu_config6>'
INFO: [SCHED 204-11] Finished scheduling.
INFO: [HLS 200-111] Finished Scheduling: CPU user time: 0.11 seconds. CPU system time: 0.01 seconds. Elapsed time: 0.11 seconds; current allocated memory: 572.996 MB.
INFO: [BIND 205-100] Starting micro-architecture generation ...
INFO: [BIND 205-101] Performing variable lifetime analysis.
INFO: [BIND 205-101] Exploring resource sharing.
INFO: [BIND 205-101] Binding ...
INFO: [BIND 205-100] Finished micro-architecture generation.
INFO: [HLS 200-111] Finished Binding: CPU user time: 0.04 seconds. CPU system time: 0 seconds. Elapsed time: 0.04 seconds; current allocated memory: 573.840 MB.
INFO: [HLS 200-10] ----------------------------------------------------------------
INFO: [HLS 200-42] -- Implementing module 'dense_latency_ap_ufixed_2_0_4_0_0_ap_fixed_16_6_5_3_0_config7_s' 
INFO: [HLS 200-10] ----------------------------------------------------------------
INFO: [SCHED 204-11] Starting scheduling ...
INFO: [SCHED 204-61] Pipelining function 'dense_latency<ap_ufixed<2, 0, 4, 0, 0>, ap_fixed<16, 6, 5, 3, 0>, config7>'.
INFO: [HLS 200-1470] Pipelining result : Target II = NA, Final II = 1, Depth = 4, function 'dense_latency<ap_ufixed<2, 0, 4, 0, 0>, ap_fixed<16, 6, 5, 3, 0>, config7>'
INFO: [SCHED 204-11] Finished scheduling.
INFO: [HLS 200-111] Finished Scheduling: CPU user time: 0.19 seconds. CPU system time: 0 seconds. Elapsed time: 0.18 seconds; current allocated memory: 578.078 MB.
INFO: [BIND 205-100] Starting micro-architecture generation ...
INFO: [BIND 205-101] Performing variable lifetime analysis.
INFO: [BIND 205-101] Exploring resource sharing.
INFO: [BIND 205-101] Binding ...
INFO: [BIND 205-100] Finished micro-architecture generation.
INFO: [HLS 200-111] Finished Binding: CPU user time: 0.05 seconds. CPU system time: 0.01 seconds. Elapsed time: 0.06 seconds; current allocated memory: 578.078 MB.
INFO: [HLS 200-10] ----------------------------------------------------------------
INFO: [HLS 200-42] -- Implementing module 'normalize_ap_fixed_16_6_5_3_0_ap_fixed_16_6_5_3_0_config23_s' 
INFO: [HLS 200-10] ----------------------------------------------------------------
INFO: [SCHED 204-11] Starting scheduling ...
INFO: [SCHED 204-61] Pipelining function 'normalize<ap_fixed<16, 6, 5, 3, 0>, ap_fixed<16, 6, 5, 3, 0>, config23>'.
INFO: [HLS 200-1470] Pipelining result : Target II = NA, Final II = 1, Depth = 1, function 'normalize<ap_fixed<16, 6, 5, 3, 0>, ap_fixed<16, 6, 5, 3, 0>, config23>'
INFO: [SCHED 204-11] Finished scheduling.
INFO: [HLS 200-111] Finished Scheduling: CPU user time: 0.05 seconds. CPU system time: 0 seconds. Elapsed time: 0.06 seconds; current allocated memory: 578.078 MB.
INFO: [BIND 205-100] Starting micro-architecture generation ...
INFO: [BIND 205-101] Performing variable lifetime analysis.
INFO: [BIND 205-101] Exploring resource sharing.
INFO: [BIND 205-101] Binding ...
INFO: [BIND 205-100] Finished micro-architecture generation.
INFO: [HLS 200-111] Finished Binding: CPU user time: 0.02 seconds. CPU system time: 0 seconds. Elapsed time: 0.02 seconds; current allocated memory: 578.078 MB.
INFO: [HLS 200-10] ----------------------------------------------------------------
INFO: [HLS 200-42] -- Implementing module 'relu_ap_fixed_16_6_5_3_0_ap_ufixed_2_0_4_0_0_relu_config9_s' 
INFO: [HLS 200-10] ----------------------------------------------------------------
INFO: [SCHED 204-11] Starting scheduling ...
INFO: [SCHED 204-61] Pipelining function 'relu<ap_fixed<16, 6, 5, 3, 0>, ap_ufixed<2, 0, 4, 0, 0>, relu_config9>'.
INFO: [HLS 200-1470] Pipelining result : Target II = NA, Final II = 1, Depth = 2, function 'relu<ap_fixed<16, 6, 5, 3, 0>, ap_ufixed<2, 0, 4, 0, 0>, relu_config9>'
INFO: [SCHED 204-11] Finished scheduling.
INFO: [HLS 200-111] Finished Scheduling: CPU user time: 0.12 seconds. CPU system time: 0 seconds. Elapsed time: 0.12 seconds; current allocated memory: 581.637 MB.
INFO: [BIND 205-100] Starting micro-architecture generation ...
INFO: [BIND 205-101] Performing variable lifetime analysis.
INFO: [BIND 205-101] Exploring resource sharing.
INFO: [BIND 205-101] Binding ...
INFO: [BIND 205-100] Finished micro-architecture generation.
INFO: [HLS 200-111] Finished Binding: CPU user time: 0.05 seconds. CPU system time: 0.01 seconds. Elapsed time: 0.06 seconds; current allocated memory: 582.570 MB.
INFO: [HLS 200-10] ----------------------------------------------------------------
INFO: [HLS 200-42] -- Implementing module 'dense_latency_ap_ufixed_2_0_4_0_0_ap_fixed_16_6_5_3_0_config10_s' 
INFO: [HLS 200-10] ----------------------------------------------------------------
INFO: [SCHED 204-11] Starting scheduling ...
INFO: [SCHED 204-61] Pipelining function 'dense_latency<ap_ufixed<2, 0, 4, 0, 0>, ap_fixed<16, 6, 5, 3, 0>, config10>'.
INFO: [HLS 200-1470] Pipelining result : Target II = NA, Final II = 1, Depth = 4, function 'dense_latency<ap_ufixed<2, 0, 4, 0, 0>, ap_fixed<16, 6, 5, 3, 0>, config10>'
INFO: [SCHED 204-11] Finished scheduling.
INFO: [HLS 200-111] Finished Scheduling: CPU user time: 0.13 seconds. CPU system time: 0.01 seconds. Elapsed time: 0.14 seconds; current allocated memory: 585.324 MB.
INFO: [BIND 205-100] Starting micro-architecture generation ...
INFO: [BIND 205-101] Performing variable lifetime analysis.
INFO: [BIND 205-101] Exploring resource sharing.
INFO: [BIND 205-101] Binding ...
INFO: [BIND 205-100] Finished micro-architecture generation.
INFO: [HLS 200-111] Finished Binding: CPU user time: 0.04 seconds. CPU system time: 0 seconds. Elapsed time: 0.04 seconds; current allocated memory: 585.324 MB.
INFO: [HLS 200-10] ----------------------------------------------------------------
INFO: [HLS 200-42] -- Implementing module 'normalize_ap_fixed_16_6_5_3_0_ap_fixed_16_6_5_3_0_config24_s' 
INFO: [HLS 200-10] ----------------------------------------------------------------
INFO: [SCHED 204-11] Starting scheduling ...
INFO: [SCHED 204-61] Pipelining function 'normalize<ap_fixed<16, 6, 5, 3, 0>, ap_fixed<16, 6, 5, 3, 0>, config24>'.
INFO: [HLS 200-1470] Pipelining result : Target II = NA, Final II = 1, Depth = 1, function 'normalize<ap_fixed<16, 6, 5, 3, 0>, ap_fixed<16, 6, 5, 3, 0>, config24>'
INFO: [SCHED 204-11] Finished scheduling.
INFO: [HLS 200-111] Finished Scheduling: CPU user time: 0.04 seconds. CPU system time: 0 seconds. Elapsed time: 0.05 seconds; current allocated memory: 585.324 MB.
INFO: [BIND 205-100] Starting micro-architecture generation ...
INFO: [BIND 205-101] Performing variable lifetime analysis.
INFO: [BIND 205-101] Exploring resource sharing.
INFO: [BIND 205-101] Binding ...
INFO: [BIND 205-100] Finished micro-architecture generation.
INFO: [HLS 200-111] Finished Binding: CPU user time: 0.01 seconds. CPU system time: 0 seconds. Elapsed time: 0.02 seconds; current allocated memory: 585.324 MB.
INFO: [HLS 200-10] ----------------------------------------------------------------
INFO: [HLS 200-42] -- Implementing module 'relu_ap_fixed_16_6_5_3_0_ap_ufixed_2_0_4_0_0_relu_config12_s' 
INFO: [HLS 200-10] ----------------------------------------------------------------
INFO: [SCHED 204-11] Starting scheduling ...
INFO: [SCHED 204-61] Pipelining function 'relu<ap_fixed<16, 6, 5, 3, 0>, ap_ufixed<2, 0, 4, 0, 0>, relu_config12>'.
INFO: [HLS 200-1470] Pipelining result : Target II = NA, Final II = 1, Depth = 2, function 'relu<ap_fixed<16, 6, 5, 3, 0>, ap_ufixed<2, 0, 4, 0, 0>, relu_config12>'
INFO: [SCHED 204-11] Finished scheduling.
INFO: [HLS 200-111] Finished Scheduling: CPU user time: 0.06 seconds. CPU system time: 0.01 seconds. Elapsed time: 0.07 seconds; current allocated memory: 586.906 MB.
INFO: [BIND 205-100] Starting micro-architecture generation ...
INFO: [BIND 205-101] Performing variable lifetime analysis.
INFO: [BIND 205-101] Exploring resource sharing.
INFO: [BIND 205-101] Binding ...
INFO: [BIND 205-100] Finished micro-architecture generation.
INFO: [HLS 200-111] Finished Binding: CPU user time: 0.03 seconds. CPU system time: 0.01 seconds. Elapsed time: 0.04 seconds; current allocated memory: 587.422 MB.
INFO: [HLS 200-10] ----------------------------------------------------------------
INFO: [HLS 200-42] -- Implementing module 'dense_latency_ap_ufixed_2_0_4_0_0_ap_fixed_16_6_5_3_0_config13_s' 
INFO: [HLS 200-10] ----------------------------------------------------------------
INFO: [SCHED 204-11] Starting scheduling ...
INFO: [SCHED 204-61] Pipelining function 'dense_latency<ap_ufixed<2, 0, 4, 0, 0>, ap_fixed<16, 6, 5, 3, 0>, config13>'.
INFO: [HLS 200-1470] Pipelining result : Target II = NA, Final II = 1, Depth = 2, function 'dense_latency<ap_ufixed<2, 0, 4, 0, 0>, ap_fixed<16, 6, 5, 3, 0>, config13>'
INFO: [SCHED 204-11] Finished scheduling.
INFO: [HLS 200-111] Finished Scheduling: CPU user time: 0.08 seconds. CPU system time: 0 seconds. Elapsed time: 0.08 seconds; current allocated memory: 588.805 MB.
INFO: [BIND 205-100] Starting micro-architecture generation ...
INFO: [BIND 205-101] Performing variable lifetime analysis.
INFO: [BIND 205-101] Exploring resource sharing.
INFO: [BIND 205-101] Binding ...
INFO: [BIND 205-100] Finished micro-architecture generation.
INFO: [HLS 200-111] Finished Binding: CPU user time: 0.03 seconds. CPU system time: 0 seconds. Elapsed time: 0.03 seconds; current allocated memory: 588.805 MB.
INFO: [HLS 200-10] ----------------------------------------------------------------
INFO: [HLS 200-42] -- Implementing module 'normalize_ap_fixed_16_6_5_3_0_ap_fixed_16_6_5_3_0_config25_s' 
INFO: [HLS 200-10] ----------------------------------------------------------------
INFO: [SCHED 204-11] Starting scheduling ...
INFO: [SCHED 204-61] Pipelining function 'normalize<ap_fixed<16, 6, 5, 3, 0>, ap_fixed<16, 6, 5, 3, 0>, config25>'.
INFO: [HLS 200-1470] Pipelining result : Target II = NA, Final II = 1, Depth = 1, function 'normalize<ap_fixed<16, 6, 5, 3, 0>, ap_fixed<16, 6, 5, 3, 0>, config25>'
INFO: [SCHED 204-11] Finished scheduling.
INFO: [HLS 200-111] Finished Scheduling: CPU user time: 0.04 seconds. CPU system time: 0 seconds. Elapsed time: 0.04 seconds; current allocated memory: 588.992 MB.
INFO: [BIND 205-100] Starting micro-architecture generation ...
INFO: [BIND 205-101] Performing variable lifetime analysis.
INFO: [BIND 205-101] Exploring resource sharing.
INFO: [BIND 205-101] Binding ...
INFO: [BIND 205-100] Finished micro-architecture generation.
INFO: [HLS 200-111] Finished Binding: CPU user time: 0.02 seconds. CPU system time: 0.01 seconds. Elapsed time: 0.02 seconds; current allocated memory: 589.117 MB.
INFO: [HLS 200-10] ----------------------------------------------------------------
INFO: [HLS 200-42] -- Implementing module 'relu_ap_fixed_16_6_5_3_0_ap_ufixed_2_0_4_0_0_relu_config15_s' 
INFO: [HLS 200-10] ----------------------------------------------------------------
INFO: [SCHED 204-11] Starting scheduling ...
INFO: [SCHED 204-61] Pipelining function 'relu<ap_fixed<16, 6, 5, 3, 0>, ap_ufixed<2, 0, 4, 0, 0>, relu_config15>'.
INFO: [HLS 200-1470] Pipelining result : Target II = NA, Final II = 1, Depth = 2, function 'relu<ap_fixed<16, 6, 5, 3, 0>, ap_ufixed<2, 0, 4, 0, 0>, relu_config15>'
INFO: [SCHED 204-11] Finished scheduling.
INFO: [HLS 200-111] Finished Scheduling: CPU user time: 0.1 seconds. CPU system time: 0 seconds. Elapsed time: 0.1 seconds; current allocated memory: 592.477 MB.
INFO: [BIND 205-100] Starting micro-architecture generation ...
INFO: [BIND 205-101] Performing variable lifetime analysis.
INFO: [BIND 205-101] Exploring resource sharing.
INFO: [BIND 205-101] Binding ...
INFO: [BIND 205-100] Finished micro-architecture generation.
INFO: [HLS 200-111] Finished Binding: CPU user time: 0.05 seconds. CPU system time: 0 seconds. Elapsed time: 0.05 seconds; current allocated memory: 593.328 MB.
INFO: [HLS 200-10] ----------------------------------------------------------------
INFO: [HLS 200-42] -- Implementing module 'dense_latency_ap_ufixed_2_0_4_0_0_ap_fixed_16_6_5_3_0_config16_s' 
INFO: [HLS 200-10] ----------------------------------------------------------------
INFO: [SCHED 204-11] Starting scheduling ...
INFO: [SCHED 204-61] Pipelining function 'dense_latency<ap_ufixed<2, 0, 4, 0, 0>, ap_fixed<16, 6, 5, 3, 0>, config16>'.
INFO: [HLS 200-1470] Pipelining result : Target II = NA, Final II = 1, Depth = 3, function 'dense_latency<ap_ufixed<2, 0, 4, 0, 0>, ap_fixed<16, 6, 5, 3, 0>, config16>'
INFO: [SCHED 204-11] Finished scheduling.
INFO: [HLS 200-111] Finished Scheduling: CPU user time: 0.08 seconds. CPU system time: 0 seconds. Elapsed time: 0.08 seconds; current allocated memory: 594.543 MB.
INFO: [BIND 205-100] Starting micro-architecture generation ...
INFO: [BIND 205-101] Performing variable lifetime analysis.
INFO: [BIND 205-101] Exploring resource sharing.
INFO: [BIND 205-101] Binding ...
INFO: [BIND 205-100] Finished micro-architecture generation.
INFO: [HLS 200-111] Finished Binding: CPU user time: 0.03 seconds. CPU system time: 0.01 seconds. Elapsed time: 0.03 seconds; current allocated memory: 594.543 MB.
INFO: [HLS 200-10] ----------------------------------------------------------------
INFO: [HLS 200-42] -- Implementing module 'normalize_ap_fixed_16_6_5_3_0_ap_fixed_16_6_5_3_0_config26_s' 
INFO: [HLS 200-10] ----------------------------------------------------------------
INFO: [SCHED 204-11] Starting scheduling ...
INFO: [SCHED 204-61] Pipelining function 'normalize<ap_fixed<16, 6, 5, 3, 0>, ap_fixed<16, 6, 5, 3, 0>, config26>'.
INFO: [HLS 200-1470] Pipelining result : Target II = NA, Final II = 1, Depth = 1, function 'normalize<ap_fixed<16, 6, 5, 3, 0>, ap_fixed<16, 6, 5, 3, 0>, config26>'
INFO: [SCHED 204-11] Finished scheduling.
INFO: [HLS 200-111] Finished Scheduling: CPU user time: 0.03 seconds. CPU system time: 0 seconds. Elapsed time: 0.04 seconds; current allocated memory: 594.844 MB.
INFO: [BIND 205-100] Starting micro-architecture generation ...
INFO: [BIND 205-101] Performing variable lifetime analysis.
INFO: [BIND 205-101] Exploring resource sharing.
INFO: [BIND 205-101] Binding ...
INFO: [BIND 205-100] Finished micro-architecture generation.
INFO: [HLS 200-111] Finished Binding: CPU user time: 0.01 seconds. CPU system time: 0 seconds. Elapsed time: 0.02 seconds; current allocated memory: 594.863 MB.
INFO: [HLS 200-10] ----------------------------------------------------------------
INFO: [HLS 200-42] -- Implementing module 'relu_ap_fixed_16_6_5_3_0_ap_ufixed_2_0_4_0_0_relu_config18_s' 
INFO: [HLS 200-10] ----------------------------------------------------------------
INFO: [SCHED 204-11] Starting scheduling ...
INFO: [SCHED 204-61] Pipelining function 'relu<ap_fixed<16, 6, 5, 3, 0>, ap_ufixed<2, 0, 4, 0, 0>, relu_config18>'.
INFO: [HLS 200-1470] Pipelining result : Target II = NA, Final II = 1, Depth = 2, function 'relu<ap_fixed<16, 6, 5, 3, 0>, ap_ufixed<2, 0, 4, 0, 0>, relu_config18>'
INFO: [SCHED 204-11] Finished scheduling.
INFO: [HLS 200-111] Finished Scheduling: CPU user time: 0.04 seconds. CPU system time: 0 seconds. Elapsed time: 0.05 seconds; current allocated memory: 595.898 MB.
INFO: [BIND 205-100] Starting micro-architecture generation ...
INFO: [BIND 205-101] Performing variable lifetime analysis.
INFO: [BIND 205-101] Exploring resource sharing.
INFO: [BIND 205-101] Binding ...
INFO: [BIND 205-100] Finished micro-architecture generation.
INFO: [HLS 200-111] Finished Binding: CPU user time: 0.03 seconds. CPU system time: 0 seconds. Elapsed time: 0.02 seconds; current allocated memory: 596.207 MB.
INFO: [HLS 200-10] ----------------------------------------------------------------
INFO: [HLS 200-42] -- Implementing module 'dense_latency_ap_ufixed_2_0_4_0_0_ap_fixed_16_6_5_3_0_config19_s' 
INFO: [HLS 200-10] ----------------------------------------------------------------
INFO: [SCHED 204-11] Starting scheduling ...
INFO: [SCHED 204-61] Pipelining function 'dense_latency<ap_ufixed<2, 0, 4, 0, 0>, ap_fixed<16, 6, 5, 3, 0>, config19>'.
INFO: [HLS 200-1470] Pipelining result : Target II = NA, Final II = 1, Depth = 2, function 'dense_latency<ap_ufixed<2, 0, 4, 0, 0>, ap_fixed<16, 6, 5, 3, 0>, config19>'
INFO: [SCHED 204-11] Finished scheduling.
INFO: [HLS 200-111] Finished Scheduling: CPU user time: 0.03 seconds. CPU system time: 0.01 seconds. Elapsed time: 0.04 seconds; current allocated memory: 597.148 MB.
INFO: [BIND 205-100] Starting micro-architecture generation ...
INFO: [BIND 205-101] Performing variable lifetime analysis.
INFO: [BIND 205-101] Exploring resource sharing.
INFO: [BIND 205-101] Binding ...
INFO: [BIND 205-100] Finished micro-architecture generation.
INFO: [HLS 200-111] Finished Binding: CPU user time: 0.02 seconds. CPU system time: 0 seconds. Elapsed time: 0.02 seconds; current allocated memory: 597.148 MB.
INFO: [HLS 200-10] ----------------------------------------------------------------
INFO: [HLS 200-42] -- Implementing module 'normalize_ap_fixed_16_6_5_3_0_ap_fixed_16_6_5_3_0_config27_s' 
INFO: [HLS 200-10] ----------------------------------------------------------------
INFO: [SCHED 204-11] Starting scheduling ...
INFO: [SCHED 204-61] Pipelining function 'normalize<ap_fixed<16, 6, 5, 3, 0>, ap_fixed<16, 6, 5, 3, 0>, config27>'.
INFO: [HLS 200-1470] Pipelining result : Target II = NA, Final II = 1, Depth = 1, function 'normalize<ap_fixed<16, 6, 5, 3, 0>, ap_fixed<16, 6, 5, 3, 0>, config27>'
INFO: [SCHED 204-11] Finished scheduling.
INFO: [HLS 200-111] Finished Scheduling: CPU user time: 0.03 seconds. CPU system time: 0 seconds. Elapsed time: 0.03 seconds; current allocated memory: 597.148 MB.
INFO: [BIND 205-100] Starting micro-architecture generation ...
INFO: [BIND 205-101] Performing variable lifetime analysis.
INFO: [BIND 205-101] Exploring resource sharing.
INFO: [BIND 205-101] Binding ...
INFO: [BIND 205-100] Finished micro-architecture generation.
INFO: [HLS 200-111] Finished Binding: CPU user time: 0.02 seconds. CPU system time: 0 seconds. Elapsed time: 0.02 seconds; current allocated memory: 597.148 MB.
INFO: [HLS 200-10] ----------------------------------------------------------------
INFO: [HLS 200-42] -- Implementing module 'myproject' 
INFO: [HLS 200-10] ----------------------------------------------------------------
INFO: [SCHED 204-11] Starting scheduling ...
INFO: [SCHED 204-61] Pipelining function 'myproject'.
INFO: [HLS 200-1470] Pipelining result : Target II = NA, Final II = 1, Depth = 31, function 'myproject'
INFO: [SCHED 204-11] Finished scheduling.
INFO: [HLS 200-111] Finished Scheduling: CPU user time: 0.1 seconds. CPU system time: 0.01 seconds. Elapsed time: 0.11 seconds; current allocated memory: 598.488 MB.
INFO: [BIND 205-100] Starting micro-architecture generation ...
INFO: [BIND 205-101] Performing variable lifetime analysis.
INFO: [BIND 205-101] Exploring resource sharing.
INFO: [BIND 205-101] Binding ...
INFO: [BIND 205-100] Finished micro-architecture generation.
INFO: [HLS 200-111] Finished Binding: CPU user time: 0.05 seconds. CPU system time: 0 seconds. Elapsed time: 0.06 seconds; current allocated memory: 599.043 MB.
INFO: [HLS 200-10] ----------------------------------------------------------------
INFO: [HLS 200-10] -- Generating RTL for module 'concatenate1d_ap_fixed_ap_fixed_ap_fixed_16_6_5_3_0_config3_s' 
INFO: [HLS 200-10] ----------------------------------------------------------------
INFO: [RTGEN 206-100] Finished creating RTL model for 'concatenate1d_ap_fixed_ap_fixed_ap_fixed_16_6_5_3_0_config3_s'.
INFO: [HLS 200-111] Finished Creating RTL model: CPU user time: 0.06 seconds. CPU system time: 0.01 seconds. Elapsed time: 0.07 seconds; current allocated memory: 599.254 MB.
INFO: [HLS 200-10] ----------------------------------------------------------------
INFO: [HLS 200-10] -- Generating RTL for module 'dense_latency_ap_fixed_16_6_5_3_0_ap_fixed_16_6_5_3_0_config4_s' 
INFO: [HLS 200-10] ----------------------------------------------------------------
INFO: [RTGEN 206-100] Finished creating RTL model for 'dense_latency_ap_fixed_16_6_5_3_0_ap_fixed_16_6_5_3_0_config4_s'.
INFO: [HLS 200-111] Finished Creating RTL model: CPU user time: 0.03 seconds. CPU system time: 0 seconds. Elapsed time: 0.04 seconds; current allocated memory: 600.418 MB.
INFO: [HLS 200-10] ----------------------------------------------------------------
INFO: [HLS 200-10] -- Generating RTL for module 'normalize_ap_fixed_16_6_5_3_0_ap_fixed_16_6_5_3_0_config22_s' 
INFO: [HLS 200-10] ----------------------------------------------------------------
INFO: [RTGEN 206-100] Finished creating RTL model for 'normalize_ap_fixed_16_6_5_3_0_ap_fixed_16_6_5_3_0_config22_s'.
INFO: [HLS 200-111] Finished Creating RTL model: CPU user time: 0.04 seconds. CPU system time: 0.01 seconds. Elapsed time: 0.05 seconds; current allocated memory: 602.000 MB.
INFO: [HLS 200-10] ----------------------------------------------------------------
INFO: [HLS 200-10] -- Generating RTL for module 'relu_ap_fixed_16_6_5_3_0_ap_ufixed_2_0_4_0_0_relu_config6_s' 
INFO: [HLS 200-10] ----------------------------------------------------------------
INFO: [HLS 200-1030] Apply Unified Pipeline Control on module 'relu_ap_fixed_16_6_5_3_0_ap_ufixed_2_0_4_0_0_relu_config6_s' pipeline 'relu<ap_fixed<16, 6, 5, 3, 0>, ap_ufixed<2, 0, 4, 0, 0>, relu_config6>' pipeline type 'function pipeline'
INFO: [RTGEN 206-100] Finished creating RTL model for 'relu_ap_fixed_16_6_5_3_0_ap_ufixed_2_0_4_0_0_relu_config6_s'.
INFO: [HLS 200-111] Finished Creating RTL model: CPU user time: 0.1 seconds. CPU system time: 0.01 seconds. Elapsed time: 0.11 seconds; current allocated memory: 606.719 MB.
INFO: [HLS 200-10] ----------------------------------------------------------------
INFO: [HLS 200-10] -- Generating RTL for module 'dense_latency_ap_ufixed_2_0_4_0_0_ap_fixed_16_6_5_3_0_config7_s' 
INFO: [HLS 200-10] ----------------------------------------------------------------
INFO: [RTGEN 206-100] Finished creating RTL model for 'dense_latency_ap_ufixed_2_0_4_0_0_ap_fixed_16_6_5_3_0_config7_s'.
INFO: [HLS 200-111] Finished Creating RTL model: CPU user time: 0.24 seconds. CPU system time: 0.01 seconds. Elapsed time: 0.25 seconds; current allocated memory: 617.887 MB.
INFO: [HLS 200-10] ----------------------------------------------------------------
INFO: [HLS 200-10] -- Generating RTL for module 'normalize_ap_fixed_16_6_5_3_0_ap_fixed_16_6_5_3_0_config23_s' 
INFO: [HLS 200-10] ----------------------------------------------------------------
INFO: [RTGEN 206-100] Finished creating RTL model for 'normalize_ap_fixed_16_6_5_3_0_ap_fixed_16_6_5_3_0_config23_s'.
INFO: [HLS 200-111] Finished Creating RTL model: CPU user time: 0.16 seconds. CPU system time: 0.01 seconds. Elapsed time: 0.18 seconds; current allocated memory: 625.633 MB.
INFO: [HLS 200-10] ----------------------------------------------------------------
INFO: [HLS 200-10] -- Generating RTL for module 'relu_ap_fixed_16_6_5_3_0_ap_ufixed_2_0_4_0_0_relu_config9_s' 
INFO: [HLS 200-10] ----------------------------------------------------------------
INFO: [HLS 200-1030] Apply Unified Pipeline Control on module 'relu_ap_fixed_16_6_5_3_0_ap_ufixed_2_0_4_0_0_relu_config9_s' pipeline 'relu<ap_fixed<16, 6, 5, 3, 0>, ap_ufixed<2, 0, 4, 0, 0>, relu_config9>' pipeline type 'function pipeline'
INFO: [RTGEN 206-100] Finished creating RTL model for 'relu_ap_fixed_16_6_5_3_0_ap_ufixed_2_0_4_0_0_relu_config9_s'.
INFO: [HLS 200-111] Finished Creating RTL model: CPU user time: 0.12 seconds. CPU system time: 0.01 seconds. Elapsed time: 0.13 seconds; current allocated memory: 630.996 MB.
INFO: [HLS 200-10] ----------------------------------------------------------------
INFO: [HLS 200-10] -- Generating RTL for module 'dense_latency_ap_ufixed_2_0_4_0_0_ap_fixed_16_6_5_3_0_config10_s' 
INFO: [HLS 200-10] ----------------------------------------------------------------
INFO: [RTGEN 206-100] Finished creating RTL model for 'dense_latency_ap_ufixed_2_0_4_0_0_ap_fixed_16_6_5_3_0_config10_s'.
INFO: [HLS 200-111] Finished Creating RTL model: CPU user time: 0.23 seconds. CPU system time: 0.02 seconds. Elapsed time: 0.26 seconds; current allocated memory: 641.945 MB.
INFO: [HLS 200-10] ----------------------------------------------------------------
INFO: [HLS 200-10] -- Generating RTL for module 'normalize_ap_fixed_16_6_5_3_0_ap_fixed_16_6_5_3_0_config24_s' 
INFO: [HLS 200-10] ----------------------------------------------------------------
INFO: [RTGEN 206-100] Finished creating RTL model for 'normalize_ap_fixed_16_6_5_3_0_ap_fixed_16_6_5_3_0_config24_s'.
INFO: [HLS 200-111] Finished Creating RTL model: CPU user time: 0.12 seconds. CPU system time: 0.02 seconds. Elapsed time: 0.13 seconds; current allocated memory: 646.680 MB.
INFO: [HLS 200-10] ----------------------------------------------------------------
INFO: [HLS 200-10] -- Generating RTL for module 'relu_ap_fixed_16_6_5_3_0_ap_ufixed_2_0_4_0_0_relu_config12_s' 
INFO: [HLS 200-10] ----------------------------------------------------------------
INFO: [HLS 200-1030] Apply Unified Pipeline Control on module 'relu_ap_fixed_16_6_5_3_0_ap_ufixed_2_0_4_0_0_relu_config12_s' pipeline 'relu<ap_fixed<16, 6, 5, 3, 0>, ap_ufixed<2, 0, 4, 0, 0>, relu_config12>' pipeline type 'function pipeline'
INFO: [RTGEN 206-100] Finished creating RTL model for 'relu_ap_fixed_16_6_5_3_0_ap_ufixed_2_0_4_0_0_relu_config12_s'.
INFO: [HLS 200-111] Finished Creating RTL model: CPU user time: 0.08 seconds. CPU system time: 0 seconds. Elapsed time: 0.09 seconds; current allocated memory: 651.477 MB.
INFO: [HLS 200-10] ----------------------------------------------------------------
INFO: [HLS 200-10] -- Generating RTL for module 'dense_latency_ap_ufixed_2_0_4_0_0_ap_fixed_16_6_5_3_0_config13_s' 
INFO: [HLS 200-10] ----------------------------------------------------------------
INFO: [HLS 200-1030] Apply Unified Pipeline Control on module 'dense_latency_ap_ufixed_2_0_4_0_0_ap_fixed_16_6_5_3_0_config13_s' pipeline 'dense_latency<ap_ufixed<2, 0, 4, 0, 0>, ap_fixed<16, 6, 5, 3, 0>, config13>' pipeline type 'function pipeline'
INFO: [RTGEN 206-100] Finished creating RTL model for 'dense_latency_ap_ufixed_2_0_4_0_0_ap_fixed_16_6_5_3_0_config13_s'.
INFO: [HLS 200-111] Finished Creating RTL model: CPU user time: 0.14 seconds. CPU system time: 0.01 seconds. Elapsed time: 0.15 seconds; current allocated memory: 654.926 MB.
INFO: [HLS 200-10] ----------------------------------------------------------------
INFO: [HLS 200-10] -- Generating RTL for module 'normalize_ap_fixed_16_6_5_3_0_ap_fixed_16_6_5_3_0_config25_s' 
INFO: [HLS 200-10] ----------------------------------------------------------------
INFO: [RTGEN 206-100] Finished creating RTL model for 'normalize_ap_fixed_16_6_5_3_0_ap_fixed_16_6_5_3_0_config25_s'.
INFO: [HLS 200-111] Finished Creating RTL model: CPU user time: 0.09 seconds. CPU system time: 0.01 seconds. Elapsed time: 0.1 seconds; current allocated memory: 660.797 MB.
INFO: [HLS 200-10] ----------------------------------------------------------------
INFO: [HLS 200-10] -- Generating RTL for module 'relu_ap_fixed_16_6_5_3_0_ap_ufixed_2_0_4_0_0_relu_config15_s' 
INFO: [HLS 200-10] ----------------------------------------------------------------
INFO: [HLS 200-1030] Apply Unified Pipeline Control on module 'relu_ap_fixed_16_6_5_3_0_ap_ufixed_2_0_4_0_0_relu_config15_s' pipeline 'relu<ap_fixed<16, 6, 5, 3, 0>, ap_ufixed<2, 0, 4, 0, 0>, relu_config15>' pipeline type 'function pipeline'
INFO: [RTGEN 206-100] Finished creating RTL model for 'relu_ap_fixed_16_6_5_3_0_ap_ufixed_2_0_4_0_0_relu_config15_s'.
INFO: [HLS 200-111] Finished Creating RTL model: CPU user time: 0.11 seconds. CPU system time: 0 seconds. Elapsed time: 0.12 seconds; current allocated memory: 664.402 MB.
INFO: [HLS 200-10] ----------------------------------------------------------------
INFO: [HLS 200-10] -- Generating RTL for module 'dense_latency_ap_ufixed_2_0_4_0_0_ap_fixed_16_6_5_3_0_config16_s' 
INFO: [HLS 200-10] ----------------------------------------------------------------
INFO: [HLS 200-1030] Apply Unified Pipeline Control on module 'dense_latency_ap_ufixed_2_0_4_0_0_ap_fixed_16_6_5_3_0_config16_s' pipeline 'dense_latency<ap_ufixed<2, 0, 4, 0, 0>, ap_fixed<16, 6, 5, 3, 0>, config16>' pipeline type 'function pipeline'
INFO: [RTGEN 206-100] Finished creating RTL model for 'dense_latency_ap_ufixed_2_0_4_0_0_ap_fixed_16_6_5_3_0_config16_s'.
INFO: [HLS 200-111] Finished Creating RTL model: CPU user time: 0.18 seconds. CPU system time: 0.01 seconds. Elapsed time: 0.2 seconds; current allocated memory: 670.844 MB.
INFO: [HLS 200-10] ----------------------------------------------------------------
INFO: [HLS 200-10] -- Generating RTL for module 'normalize_ap_fixed_16_6_5_3_0_ap_fixed_16_6_5_3_0_config26_s' 
INFO: [HLS 200-10] ----------------------------------------------------------------
INFO: [RTGEN 206-100] Finished creating RTL model for 'normalize_ap_fixed_16_6_5_3_0_ap_fixed_16_6_5_3_0_config26_s'.
INFO: [HLS 200-111] Finished Creating RTL model: CPU user time: 0.09 seconds. CPU system time: 0.02 seconds. Elapsed time: 0.1 seconds; current allocated memory: 678.887 MB.
INFO: [HLS 200-10] ----------------------------------------------------------------
INFO: [HLS 200-10] -- Generating RTL for module 'relu_ap_fixed_16_6_5_3_0_ap_ufixed_2_0_4_0_0_relu_config18_s' 
INFO: [HLS 200-10] ----------------------------------------------------------------
INFO: [HLS 200-1030] Apply Unified Pipeline Control on module 'relu_ap_fixed_16_6_5_3_0_ap_ufixed_2_0_4_0_0_relu_config18_s' pipeline 'relu<ap_fixed<16, 6, 5, 3, 0>, ap_ufixed<2, 0, 4, 0, 0>, relu_config18>' pipeline type 'function pipeline'
INFO: [RTGEN 206-100] Finished creating RTL model for 'relu_ap_fixed_16_6_5_3_0_ap_ufixed_2_0_4_0_0_relu_config18_s'.
INFO: [HLS 200-111] Finished Creating RTL model: CPU user time: 0.07 seconds. CPU system time: 0 seconds. Elapsed time: 0.07 seconds; current allocated memory: 681.508 MB.
INFO: [HLS 200-10] ----------------------------------------------------------------
INFO: [HLS 200-10] -- Generating RTL for module 'dense_latency_ap_ufixed_2_0_4_0_0_ap_fixed_16_6_5_3_0_config19_s' 
INFO: [HLS 200-10] ----------------------------------------------------------------
INFO: [HLS 200-1030] Apply Unified Pipeline Control on module 'dense_latency_ap_ufixed_2_0_4_0_0_ap_fixed_16_6_5_3_0_config19_s' pipeline 'dense_latency<ap_ufixed<2, 0, 4, 0, 0>, ap_fixed<16, 6, 5, 3, 0>, config19>' pipeline type 'function pipeline'
INFO: [RTGEN 206-100] Finished creating RTL model for 'dense_latency_ap_ufixed_2_0_4_0_0_ap_fixed_16_6_5_3_0_config19_s'.
INFO: [HLS 200-111] Finished Creating RTL model: CPU user time: 0.1 seconds. CPU system time: 0.01 seconds. Elapsed time: 0.1 seconds; current allocated memory: 682.977 MB.
INFO: [HLS 200-10] ----------------------------------------------------------------
INFO: [HLS 200-10] -- Generating RTL for module 'normalize_ap_fixed_16_6_5_3_0_ap_fixed_16_6_5_3_0_config27_s' 
INFO: [HLS 200-10] ----------------------------------------------------------------
INFO: [RTGEN 206-100] Finished creating RTL model for 'normalize_ap_fixed_16_6_5_3_0_ap_fixed_16_6_5_3_0_config27_s'.
INFO: [HLS 200-111] Finished Creating RTL model: CPU user time: 0.05 seconds. CPU system time: 0.01 seconds. Elapsed time: 0.06 seconds; current allocated memory: 686.094 MB.
INFO: [HLS 200-10] ----------------------------------------------------------------
INFO: [HLS 200-10] -- Generating RTL for module 'myproject' 
INFO: [HLS 200-10] ----------------------------------------------------------------
INFO: [RTGEN 206-500] Setting interface mode on port 'myproject/y_size' to 'ap_vld'.
INFO: [RTGEN 206-500] Setting interface mode on port 'myproject/y_local' to 'ap_vld'.
INFO: [RTGEN 206-500] Setting interface mode on port 'myproject/layer21_out' to 'ap_vld'.
INFO: [RTGEN 206-500] Setting interface mode on function 'myproject' to 'ap_ctrl_hs'.
INFO: [HLS 200-1030] Apply Unified Pipeline Control on module 'myproject' pipeline 'myproject' pipeline type 'function pipeline'
INFO: [RTGEN 206-100] Finished creating RTL model for 'myproject'.
INFO: [HLS 200-111] Finished Creating RTL model: CPU user time: 0.16 seconds. CPU system time: 0 seconds. Elapsed time: 0.18 seconds; current allocated memory: 687.027 MB.
INFO: [HLS 200-111] Finished Generating all RTL models: CPU user time: 0.36 seconds. CPU system time: 0.02 seconds. Elapsed time: 0.39 seconds; current allocated memory: 694.859 MB.
INFO: [HLS 200-111] Finished Updating report files: CPU user time: 0.85 seconds. CPU system time: 0.03 seconds. Elapsed time: 0.88 seconds; current allocated memory: 722.152 MB.
INFO: [VHDL 208-304] Generating VHDL RTL for myproject.
INFO: [VLOG 209-307] Generating Verilog RTL for myproject.
INFO: [HLS 200-789] **** Estimated Fmax: 240.73 MHz
INFO: [HLS 200-2161] Finished Command csynth_design Elapsed time: 00:00:24; Allocated memory: 387.457 MB.
***** C/RTL SYNTHESIS COMPLETED IN 0h0m24s *****
***** C/RTL SIMULATION *****
INFO: [HLS 200-1510] Running: add_files -tb myproject_test.cpp -cflags -std=c++0x -DRTL_SIM 
INFO: [HLS 200-10] Adding test bench file 'myproject_test.cpp' to the project
INFO: [HLS 200-1510] Running: cosim_design -trace_level all -setup 
INFO: [COSIM 212-47] Using XSIM for RTL simulation.
INFO: [COSIM 212-14] Instrumenting C test bench ...
   Build using "/code/Xilinx_2024.1/Vitis_HLS/2024.1/vcxx/libexec/clang++"
   Compiling apatb_myproject.cpp
   Compiling myproject.cpp_pre.cpp.tb.cpp
   Compiling myproject_test.cpp_pre.cpp.tb.cpp
   Compiling apatb_myproject_ir.ll
   Generating cosim.tv.exe
INFO: [COSIM 212-302] Starting C TB testing ... 
INFO: Unable to open input/predictions file, using default input.
0 
INFO: Saved inference results to file: tb_data/rtl_cosim_results.log
INFO: [COSIM 212-333] Generating C post check test bench ...
INFO: [COSIM 212-12] Generating RTL test bench ...
INFO: [COSIM 212-1] *** C/RTL co-simulation file generation completed. ***
INFO: [COSIM 212-211] II is measurable only when transaction number is greater than 1 in RTL simulation. Otherwise, they will be marked as all NA. If user wants to calculate them, please make sure there are at least 2 transactions in RTL simulation.
INFO: [HLS 200-2161] Finished Command cosim_design Elapsed time: 00:00:15; Allocated memory: 10.199 MB.
INFO: [HLS 200-1510] Running: source ./project.tcl
INFO: [HLS 200-1510] Running: source run_sim.tcl
INFO: [HLS 200-1510] Running: source check_sim.tcl
INFO: [HLS 200-1510] Running: source dataflow_monitor_API.tcl
INFO: [COSIM 212-302] Starting C TB testing ...  
INFO: Unable to open input/predictions file, using default input.
0 
INFO: Saved inference results to file: tb_data/rtl_cosim_results.log
INFO: [COSIM 212-323] Starting verilog simulation...
INFO: [COSIM 212-15] Starting XSIM ...
Vivado Simulator v2024.1
Copyright 1986-2022 Xilinx, Inc. All Rights Reserved.
Copyright 2022-2024 Advanced Micro Devices, Inc. All Rights Reserved.
Running: /code/Xilinx_2024.1/Vivado/2024.1/bin/unwrapped/lnx64.o/xelab xil_defaultlib.apatb_myproject_top glbl -Oenable_linking_all_libraries -prj myproject.prj -L smartconnect_v1_0 -L axi_protocol_checker_v1_1_12 -L axi_protocol_checker_v1_1_13 -L axis_protocol_checker_v1_1_11 -L axis_protocol_checker_v1_1_12 -L xil_defaultlib -L unisims_ver -L xpm -L floating_point_v7_0_23 -L floating_point_v7_1_18 --lib ieee_proposed=./ieee_proposed -s myproject -debug all 
Multi-threading is on. Using 62 slave threads.
INFO: [VRFC 10-2263] Analyzing SystemVerilog file "/home/dabadjiev/smartpixels_ml_dsabadjiev/smart-pixels-ml/hlsTmp/myproject_prj/solution1/sim/verilog/glbl.v" into library work
INFO: [VRFC 10-311] analyzing module glbl
INFO: [VRFC 10-2263] Analyzing SystemVerilog file "/home/dabadjiev/smartpixels_ml_dsabadjiev/smart-pixels-ml/hlsTmp/myproject_prj/solution1/sim/verilog/myproject.autotb.v" into library xil_defaultlib
INFO: [VRFC 10-311] analyzing module apatb_myproject_top
INFO: [VRFC 10-2263] Analyzing SystemVerilog file "/home/dabadjiev/smartpixels_ml_dsabadjiev/smart-pixels-ml/hlsTmp/myproject_prj/solution1/sim/verilog/myproject_concatenate1d_ap_fixed_ap_fixed_ap_fixed_16_6_5_3_0_config3_s.v" into library xil_defaultlib
INFO: [VRFC 10-311] analyzing module myproject_concatenate1d_ap_fixed_ap_fixed_ap_fixed_16_6_5_3_0_config3_s
INFO: [VRFC 10-2263] Analyzing SystemVerilog file "/home/dabadjiev/smartpixels_ml_dsabadjiev/smart-pixels-ml/hlsTmp/myproject_prj/solution1/sim/verilog/myproject_dense_latency_ap_fixed_16_6_5_3_0_ap_fixed_16_6_5_3_0_config4_s.v" into library xil_defaultlib
INFO: [VRFC 10-311] analyzing module myproject_dense_latency_ap_fixed_16_6_5_3_0_ap_fixed_16_6_5_3_0_config4_s
INFO: [VRFC 10-2263] Analyzing SystemVerilog file "/home/dabadjiev/smartpixels_ml_dsabadjiev/smart-pixels-ml/hlsTmp/myproject_prj/solution1/sim/verilog/myproject_normalize_ap_fixed_16_6_5_3_0_ap_fixed_16_6_5_3_0_config22_s.v" into library xil_defaultlib
INFO: [VRFC 10-311] analyzing module myproject_normalize_ap_fixed_16_6_5_3_0_ap_fixed_16_6_5_3_0_config22_s
INFO: [VRFC 10-2263] Analyzing SystemVerilog file "/home/dabadjiev/smartpixels_ml_dsabadjiev/smart-pixels-ml/hlsTmp/myproject_prj/solution1/sim/verilog/myproject_relu_ap_fixed_16_6_5_3_0_ap_ufixed_2_0_4_0_0_relu_config6_s.v" into library xil_defaultlib
INFO: [VRFC 10-311] analyzing module myproject_relu_ap_fixed_16_6_5_3_0_ap_ufixed_2_0_4_0_0_relu_config6_s
INFO: [VRFC 10-2263] Analyzing SystemVerilog file "/home/dabadjiev/smartpixels_ml_dsabadjiev/smart-pixels-ml/hlsTmp/myproject_prj/solution1/sim/verilog/myproject_dense_latency_ap_ufixed_2_0_4_0_0_ap_fixed_16_6_5_3_0_config7_s.v" into library xil_defaultlib
INFO: [VRFC 10-311] analyzing module myproject_dense_latency_ap_ufixed_2_0_4_0_0_ap_fixed_16_6_5_3_0_config7_s
INFO: [VRFC 10-2263] Analyzing SystemVerilog file "/home/dabadjiev/smartpixels_ml_dsabadjiev/smart-pixels-ml/hlsTmp/myproject_prj/solution1/sim/verilog/myproject_normalize_ap_fixed_16_6_5_3_0_ap_fixed_16_6_5_3_0_config23_s.v" into library xil_defaultlib
INFO: [VRFC 10-311] analyzing module myproject_normalize_ap_fixed_16_6_5_3_0_ap_fixed_16_6_5_3_0_config23_s
INFO: [VRFC 10-2263] Analyzing SystemVerilog file "/home/dabadjiev/smartpixels_ml_dsabadjiev/smart-pixels-ml/hlsTmp/myproject_prj/solution1/sim/verilog/myproject_relu_ap_fixed_16_6_5_3_0_ap_ufixed_2_0_4_0_0_relu_config9_s.v" into library xil_defaultlib
INFO: [VRFC 10-311] analyzing module myproject_relu_ap_fixed_16_6_5_3_0_ap_ufixed_2_0_4_0_0_relu_config9_s
INFO: [VRFC 10-2263] Analyzing SystemVerilog file "/home/dabadjiev/smartpixels_ml_dsabadjiev/smart-pixels-ml/hlsTmp/myproject_prj/solution1/sim/verilog/myproject_dense_latency_ap_ufixed_2_0_4_0_0_ap_fixed_16_6_5_3_0_config10_s.v" into library xil_defaultlib
INFO: [VRFC 10-311] analyzing module myproject_dense_latency_ap_ufixed_2_0_4_0_0_ap_fixed_16_6_5_3_0_config10_s
INFO: [VRFC 10-2263] Analyzing SystemVerilog file "/home/dabadjiev/smartpixels_ml_dsabadjiev/smart-pixels-ml/hlsTmp/myproject_prj/solution1/sim/verilog/myproject_normalize_ap_fixed_16_6_5_3_0_ap_fixed_16_6_5_3_0_config24_s.v" into library xil_defaultlib
INFO: [VRFC 10-311] analyzing module myproject_normalize_ap_fixed_16_6_5_3_0_ap_fixed_16_6_5_3_0_config24_s
INFO: [VRFC 10-2263] Analyzing SystemVerilog file "/home/dabadjiev/smartpixels_ml_dsabadjiev/smart-pixels-ml/hlsTmp/myproject_prj/solution1/sim/verilog/myproject_relu_ap_fixed_16_6_5_3_0_ap_ufixed_2_0_4_0_0_relu_config12_s.v" into library xil_defaultlib
INFO: [VRFC 10-311] analyzing module myproject_relu_ap_fixed_16_6_5_3_0_ap_ufixed_2_0_4_0_0_relu_config12_s
INFO: [VRFC 10-2263] Analyzing SystemVerilog file "/home/dabadjiev/smartpixels_ml_dsabadjiev/smart-pixels-ml/hlsTmp/myproject_prj/solution1/sim/verilog/myproject_dense_latency_ap_ufixed_2_0_4_0_0_ap_fixed_16_6_5_3_0_config13_s.v" into library xil_defaultlib
INFO: [VRFC 10-311] analyzing module myproject_dense_latency_ap_ufixed_2_0_4_0_0_ap_fixed_16_6_5_3_0_config13_s
INFO: [VRFC 10-2263] Analyzing SystemVerilog file "/home/dabadjiev/smartpixels_ml_dsabadjiev/smart-pixels-ml/hlsTmp/myproject_prj/solution1/sim/verilog/myproject_normalize_ap_fixed_16_6_5_3_0_ap_fixed_16_6_5_3_0_config25_s.v" into library xil_defaultlib
INFO: [VRFC 10-311] analyzing module myproject_normalize_ap_fixed_16_6_5_3_0_ap_fixed_16_6_5_3_0_config25_s
INFO: [VRFC 10-2263] Analyzing SystemVerilog file "/home/dabadjiev/smartpixels_ml_dsabadjiev/smart-pixels-ml/hlsTmp/myproject_prj/solution1/sim/verilog/myproject_relu_ap_fixed_16_6_5_3_0_ap_ufixed_2_0_4_0_0_relu_config15_s.v" into library xil_defaultlib
INFO: [VRFC 10-311] analyzing module myproject_relu_ap_fixed_16_6_5_3_0_ap_ufixed_2_0_4_0_0_relu_config15_s
INFO: [VRFC 10-2263] Analyzing SystemVerilog file "/home/dabadjiev/smartpixels_ml_dsabadjiev/smart-pixels-ml/hlsTmp/myproject_prj/solution1/sim/verilog/myproject_dense_latency_ap_ufixed_2_0_4_0_0_ap_fixed_16_6_5_3_0_config16_s.v" into library xil_defaultlib
INFO: [VRFC 10-311] analyzing module myproject_dense_latency_ap_ufixed_2_0_4_0_0_ap_fixed_16_6_5_3_0_config16_s
INFO: [VRFC 10-2263] Analyzing SystemVerilog file "/home/dabadjiev/smartpixels_ml_dsabadjiev/smart-pixels-ml/hlsTmp/myproject_prj/solution1/sim/verilog/myproject_normalize_ap_fixed_16_6_5_3_0_ap_fixed_16_6_5_3_0_config26_s.v" into library xil_defaultlib
INFO: [VRFC 10-311] analyzing module myproject_normalize_ap_fixed_16_6_5_3_0_ap_fixed_16_6_5_3_0_config26_s
INFO: [VRFC 10-2263] Analyzing SystemVerilog file "/home/dabadjiev/smartpixels_ml_dsabadjiev/smart-pixels-ml/hlsTmp/myproject_prj/solution1/sim/verilog/myproject_relu_ap_fixed_16_6_5_3_0_ap_ufixed_2_0_4_0_0_relu_config18_s.v" into library xil_defaultlib
INFO: [VRFC 10-311] analyzing module myproject_relu_ap_fixed_16_6_5_3_0_ap_ufixed_2_0_4_0_0_relu_config18_s
INFO: [VRFC 10-2263] Analyzing SystemVerilog file "/home/dabadjiev/smartpixels_ml_dsabadjiev/smart-pixels-ml/hlsTmp/myproject_prj/solution1/sim/verilog/myproject_dense_latency_ap_ufixed_2_0_4_0_0_ap_fixed_16_6_5_3_0_config19_s.v" into library xil_defaultlib
INFO: [VRFC 10-311] analyzing module myproject_dense_latency_ap_ufixed_2_0_4_0_0_ap_fixed_16_6_5_3_0_config19_s
INFO: [VRFC 10-2263] Analyzing SystemVerilog file "/home/dabadjiev/smartpixels_ml_dsabadjiev/smart-pixels-ml/hlsTmp/myproject_prj/solution1/sim/verilog/myproject_normalize_ap_fixed_16_6_5_3_0_ap_fixed_16_6_5_3_0_config27_s.v" into library xil_defaultlib
INFO: [VRFC 10-311] analyzing module myproject_normalize_ap_fixed_16_6_5_3_0_ap_fixed_16_6_5_3_0_config27_s
INFO: [VRFC 10-2263] Analyzing SystemVerilog file "/home/dabadjiev/smartpixels_ml_dsabadjiev/smart-pixels-ml/hlsTmp/myproject_prj/solution1/sim/verilog/myproject.v" into library xil_defaultlib
INFO: [VRFC 10-311] analyzing module myproject
INFO: [VRFC 10-2263] Analyzing SystemVerilog file "/home/dabadjiev/smartpixels_ml_dsabadjiev/smart-pixels-ml/hlsTmp/myproject_prj/solution1/sim/verilog/dataflow_monitor.sv" into library xil_defaultlib
INFO: [VRFC 10-311] analyzing module dataflow_monitor
Starting static elaboration
Pass Through NonSizing Optimizer
Completed static elaboration
Starting simulation data flow analysis
Completed simulation data flow analysis
Time Resolution for simulation is 1ps
Compiling package xil_defaultlib.$unit_dataflow_monitor_sv
Compiling module xil_defaultlib.myproject_concatenate1d_ap_fixed...
Compiling module xil_defaultlib.myproject_dense_latency_ap_fixed...
Compiling module xil_defaultlib.myproject_normalize_ap_fixed_16_...
Compiling module xil_defaultlib.myproject_relu_ap_fixed_16_6_5_3...
Compiling module xil_defaultlib.myproject_dense_latency_ap_ufixe...
Compiling module xil_defaultlib.myproject_normalize_ap_fixed_16_...
Compiling module xil_defaultlib.myproject_relu_ap_fixed_16_6_5_3...
Compiling module xil_defaultlib.myproject_dense_latency_ap_ufixe...
Compiling module xil_defaultlib.myproject_normalize_ap_fixed_16_...
Compiling module xil_defaultlib.myproject_relu_ap_fixed_16_6_5_3...
Compiling module xil_defaultlib.myproject_dense_latency_ap_ufixe...
Compiling module xil_defaultlib.myproject_normalize_ap_fixed_16_...
Compiling module xil_defaultlib.myproject_relu_ap_fixed_16_6_5_3...
Compiling module xil_defaultlib.myproject_dense_latency_ap_ufixe...
Compiling module xil_defaultlib.myproject_normalize_ap_fixed_16_...
Compiling module xil_defaultlib.myproject_relu_ap_fixed_16_6_5_3...
Compiling module xil_defaultlib.myproject_dense_latency_ap_ufixe...
Compiling module xil_defaultlib.myproject_normalize_ap_fixed_16_...
Compiling module xil_defaultlib.myproject
Compiling module xil_defaultlib.nodf_module_intf_default
Compiling module xil_defaultlib.dataflow_monitor_1
Compiling module xil_defaultlib.apatb_myproject_top
Compiling module work.glbl
Built simulation snapshot myproject

****** xsim v2024.1 (64-bit)
  **** SW Build 5076996 on Wed May 22 18:36:09 MDT 2024
  **** IP Build 5075265 on Wed May 22 21:45:21 MDT 2024
  **** SharedData Build 5076995 on Wed May 22 18:29:18 MDT 2024
  **** Start of session at: Mon Oct 20 15:02:23 2025
    ** Copyright 1986-2022 Xilinx, Inc. All Rights Reserved.
    ** Copyright 2022-2024 Advanced Micro Devices, Inc. All Rights Reserved.

source xsim.dir/myproject/xsim_script.tcl
# xsim {myproject} -view {{myproject_dataflow_ana.wcfg}} -tclbatch {myproject.tcl} -protoinst {myproject.protoinst}
INFO: [Wavedata 42-565] Reading protoinst file myproject.protoinst
INFO: [Wavedata 42-564]   Found protocol instance at /apatb_myproject_top/AESL_inst_myproject//AESL_inst_myproject_activity
INFO: [Wavedata 42-564]   Found protocol instance at /apatb_myproject_top/AESL_inst_myproject/grp_dense_latency_ap_ufixed_2_0_4_0_0_ap_fixed_16_6_5_3_0_config13_s_fu_302/grp_dense_latency_ap_ufixed_2_0_4_0_0_ap_fixed_16_6_5_3_0_config13_s_fu_302_activity
INFO: [Wavedata 42-564]   Found protocol instance at /apatb_myproject_top/AESL_inst_myproject/grp_dense_latency_ap_ufixed_2_0_4_0_0_ap_fixed_16_6_5_3_0_config16_s_fu_355/grp_dense_latency_ap_ufixed_2_0_4_0_0_ap_fixed_16_6_5_3_0_config16_s_fu_355_activity
INFO: [Wavedata 42-564]   Found protocol instance at /apatb_myproject_top/AESL_inst_myproject/grp_dense_latency_ap_ufixed_2_0_4_0_0_ap_fixed_16_6_5_3_0_config19_s_fu_393/grp_dense_latency_ap_ufixed_2_0_4_0_0_ap_fixed_16_6_5_3_0_config19_s_fu_393_activity
INFO: [Wavedata 42-564]   Found protocol instance at /apatb_myproject_top/AESL_inst_myproject/grp_relu_ap_fixed_16_6_5_3_0_ap_ufixed_2_0_4_0_0_relu_config12_s_fu_289/grp_relu_ap_fixed_16_6_5_3_0_ap_ufixed_2_0_4_0_0_relu_config12_s_fu_289_activity
INFO: [Wavedata 42-564]   Found protocol instance at /apatb_myproject_top/AESL_inst_myproject/grp_relu_ap_fixed_16_6_5_3_0_ap_ufixed_2_0_4_0_0_relu_config15_s_fu_335/grp_relu_ap_fixed_16_6_5_3_0_ap_ufixed_2_0_4_0_0_relu_config15_s_fu_335_activity
INFO: [Wavedata 42-564]   Found protocol instance at /apatb_myproject_top/AESL_inst_myproject/grp_relu_ap_fixed_16_6_5_3_0_ap_ufixed_2_0_4_0_0_relu_config18_s_fu_384/grp_relu_ap_fixed_16_6_5_3_0_ap_ufixed_2_0_4_0_0_relu_config18_s_fu_384_activity
INFO: [Wavedata 42-564]   Found protocol instance at /apatb_myproject_top/AESL_inst_myproject/grp_relu_ap_fixed_16_6_5_3_0_ap_ufixed_2_0_4_0_0_relu_config6_s_fu_162/grp_relu_ap_fixed_16_6_5_3_0_ap_ufixed_2_0_4_0_0_relu_config6_s_fu_162_activity
INFO: [Wavedata 42-564]   Found protocol instance at /apatb_myproject_top/AESL_inst_myproject/grp_relu_ap_fixed_16_6_5_3_0_ap_ufixed_2_0_4_0_0_relu_config9_s_fu_228/grp_relu_ap_fixed_16_6_5_3_0_ap_ufixed_2_0_4_0_0_relu_config9_s_fu_228_activity
Time resolution is 1 ps
open_wave_config myproject_dataflow_ana.wcfg
source myproject.tcl
## set designtopgroup [add_wave_group "Design Top Signals"]
## set coutputgroup [add_wave_group "C Outputs" -into $designtopgroup]
## set return_group [add_wave_group return(wire) -into $coutputgroup]
## add_wave /apatb_myproject_top/AESL_inst_myproject/layer21_out_ap_vld -into $return_group -color #ffff00 -radix hex
## add_wave /apatb_myproject_top/AESL_inst_myproject/layer21_out -into $return_group -radix hex
## set cinputgroup [add_wave_group "C Inputs" -into $designtopgroup]
## set return_group [add_wave_group return(wire) -into $cinputgroup]
## add_wave /apatb_myproject_top/AESL_inst_myproject/y_local -into $return_group -radix hex
## add_wave /apatb_myproject_top/AESL_inst_myproject/y_size -into $return_group -radix hex
## add_wave /apatb_myproject_top/AESL_inst_myproject/y_local_ap_vld -into $return_group -color #ffff00 -radix hex
## add_wave /apatb_myproject_top/AESL_inst_myproject/y_size_ap_vld -into $return_group -color #ffff00 -radix hex
## set blocksiggroup [add_wave_group "Block-level IO Handshake" -into $designtopgroup]
## add_wave /apatb_myproject_top/AESL_inst_myproject/ap_start -into $blocksiggroup
## add_wave /apatb_myproject_top/AESL_inst_myproject/ap_done -into $blocksiggroup
## add_wave /apatb_myproject_top/AESL_inst_myproject/ap_idle -into $blocksiggroup
## add_wave /apatb_myproject_top/AESL_inst_myproject/ap_ready -into $blocksiggroup
## set resetgroup [add_wave_group "Reset" -into $designtopgroup]
## add_wave /apatb_myproject_top/AESL_inst_myproject/ap_rst -into $resetgroup
## set clockgroup [add_wave_group "Clock" -into $designtopgroup]
## add_wave /apatb_myproject_top/AESL_inst_myproject/ap_clk -into $clockgroup
## set testbenchgroup [add_wave_group "Test Bench Signals"]
## set tbinternalsiggroup [add_wave_group "Internal Signals" -into $testbenchgroup]
## set tb_simstatus_group [add_wave_group "Simulation Status" -into $tbinternalsiggroup]
## set tb_portdepth_group [add_wave_group "Port Depth" -into $tbinternalsiggroup]
## add_wave /apatb_myproject_top/AUTOTB_TRANSACTION_NUM -into $tb_simstatus_group -radix hex
## add_wave /apatb_myproject_top/ready_cnt -into $tb_simstatus_group -radix hex
## add_wave /apatb_myproject_top/done_cnt -into $tb_simstatus_group -radix hex
## add_wave /apatb_myproject_top/LENGTH_layer21_out -into $tb_portdepth_group -radix hex
## add_wave /apatb_myproject_top/LENGTH_y_local -into $tb_portdepth_group -radix hex
## add_wave /apatb_myproject_top/LENGTH_y_size -into $tb_portdepth_group -radix hex
## set tbcoutputgroup [add_wave_group "C Outputs" -into $testbenchgroup]
## set tb_return_group [add_wave_group return(wire) -into $tbcoutputgroup]
## add_wave /apatb_myproject_top/layer21_out_ap_vld -into $tb_return_group -color #ffff00 -radix hex
## add_wave /apatb_myproject_top/layer21_out -into $tb_return_group -radix hex
## set tbcinputgroup [add_wave_group "C Inputs" -into $testbenchgroup]
## set tb_return_group [add_wave_group return(wire) -into $tbcinputgroup]
## add_wave /apatb_myproject_top/y_local -into $tb_return_group -radix hex
## add_wave /apatb_myproject_top/y_size -into $tb_return_group -radix hex
## add_wave /apatb_myproject_top/y_local_ap_vld -into $tb_return_group -color #ffff00 -radix hex
## add_wave /apatb_myproject_top/y_size_ap_vld -into $tb_return_group -color #ffff00 -radix hex
## save_wave_config myproject.wcfg
## run all
////////////////////////////////////////////////////////////////////////////////////
// Inter-Transaction Progress: Completed Transaction / Total Transaction
// Intra-Transaction Progress: Measured Latency / Latency Estimation * 100%
//
// RTL Simulation : "Inter-Transaction Progress" ["Intra-Transaction Progress"] @ "Simulation Time"
////////////////////////////////////////////////////////////////////////////////////
// RTL Simulation : 0 / 1 [0.00%] @ "113000"
// RTL Simulation : 1 / 1 [100.00%] @ "273000"
////////////////////////////////////////////////////////////////////////////////////
$finish called at time : 302500 ps : File "/home/dabadjiev/smartpixels_ml_dsabadjiev/smart-pixels-ml/hlsTmp/myproject_prj/solution1/sim/verilog/myproject.autotb.v" Line 359
## quit
INFO: [Common 17-206] Exiting xsim at Mon Oct 20 15:02:26 2025...
INFO: [COSIM 212-316] Starting C post checking ...
INFO: Unable to open input/predictions file, using default input.
0 
INFO: Saved inference results to file: tb_data/rtl_cosim_results.log
INFO:
Report time       : Mon Oct 20 03:02:16 PM CDT 2025.
Solution          : solution1.
Simulation tool   : xsim.

+----------+----------+-----------------------------------------------+-----------------------------------------------+----------------------+
|          |          |             Latency(Clock Cycles)             |              Interval(Clock Cycles)           | Total Execution Time |
+   RTL    +  Status  +-----------------------------------------------+-----------------------------------------------+    (Clock Cycles)    +
|          |          |      min      |      avg      |      max      |      min      |      avg      |      max      |                      |
+----------+----------+-----------------------------------------------+-----------------------------------------------+----------------------+
|      VHDL|        NA|             NA|             NA|             NA|             NA|             NA|             NA|                    NA|
|   Verilog|      Pass|             NA|             NA|             NA|             NA|             NA|             NA|                    NA|
+----------+----------+-----------------------------------------------+-----------------------------------------------+----------------------+

***** C/RTL SIMULATION COMPLETED IN 0h0m26s *****
***** EXPORT IP *****
INFO: [HLS 200-1510] Running: export_design -format ip_catalog -version 1.0.0 
INFO: [IMPL 213-8] Exporting RTL as a Vivado IP.

****** Vivado v2024.1 (64-bit)
  **** SW Build 5076996 on Wed May 22 18:36:09 MDT 2024
  **** IP Build 5075265 on Wed May 22 21:45:21 MDT 2024
  **** SharedData Build 5076995 on Wed May 22 18:29:18 MDT 2024
  **** Start of session at: Mon Oct 20 15:02:29 2025
    ** Copyright 1986-2022 Xilinx, Inc. All Rights Reserved.
    ** Copyright 2022-2024 Advanced Micro Devices, Inc. All Rights Reserved.

source run_ippack.tcl -notrace
INFO: calling package_hls_ip ip_types=vitis sysgen json_file=/home/dabadjiev/smartpixels_ml_dsabadjiev/smart-pixels-ml/hlsTmp/myproject_prj/solution1/solution1_data.json outdir=/home/dabadjiev/smartpixels_ml_dsabadjiev/smart-pixels-ml/hlsTmp/myproject_prj/solution1/impl/ip srcdir=/home/dabadjiev/smartpixels_ml_dsabadjiev/smart-pixels-ml/hlsTmp/myproject_prj/solution1 sort_interfaces_ports=false
INFO: Copied 1 ipmisc file(s) to /home/dabadjiev/smartpixels_ml_dsabadjiev/smart-pixels-ml/hlsTmp/myproject_prj/solution1/impl/ip/misc
INFO: Copied 19 verilog file(s) to /home/dabadjiev/smartpixels_ml_dsabadjiev/smart-pixels-ml/hlsTmp/myproject_prj/solution1/impl/ip/hdl/verilog
INFO: Copied 19 vhdl file(s) to /home/dabadjiev/smartpixels_ml_dsabadjiev/smart-pixels-ml/hlsTmp/myproject_prj/solution1/impl/ip/hdl/vhdl
INFO: Import ports from HDL: /home/dabadjiev/smartpixels_ml_dsabadjiev/smart-pixels-ml/hlsTmp/myproject_prj/solution1/impl/ip/hdl/vhdl/myproject.vhd (myproject)
INFO: Add clock interface ap_clk
INFO: Add reset interface ap_rst
INFO: Add ap_ctrl interface ap_ctrl
INFO: Add data interface y_size
INFO: Add data interface y_local
INFO: Add data interface layer21_out
INFO: [IP_Flow 19-234] Refreshing IP repositories
INFO: [IP_Flow 19-1704] No user IP repositories specified
INFO: [IP_Flow 19-2313] Loaded Vivado IP repository '/code/Xilinx_2024.1/Vivado/2024.1/data/ip'.
INFO: Calling post_process_vitis to specialize IP
INFO: Calling post_process_sysgen to specialize IP
Generating sysgen info xml from json file
INFO: Created IP /home/dabadjiev/smartpixels_ml_dsabadjiev/smart-pixels-ml/hlsTmp/myproject_prj/solution1/impl/ip/component.xml
INFO: Created IP archive /home/dabadjiev/smartpixels_ml_dsabadjiev/smart-pixels-ml/hlsTmp/myproject_prj/solution1/impl/ip/xilinx_com_hls_myproject_1_0.zip
INFO: [Common 17-206] Exiting Vivado at Mon Oct 20 15:02:39 2025...
INFO: [HLS 200-802] Generated output file myproject_prj/solution1/impl/export.zip
INFO: [HLS 200-2161] Finished Command export_design Elapsed time: 00:00:22; Allocated memory: 0.000 MB.
***** EXPORT IP COMPLETED IN 0h0m22s *****
***** VIVADO SYNTHESIS *****

****** Vivado v2024.1 (64-bit)
  **** SW Build 5076996 on Wed May 22 18:36:09 MDT 2024
  **** IP Build 5075265 on Wed May 22 21:45:21 MDT 2024
  **** SharedData Build 5076995 on Wed May 22 18:29:18 MDT 2024
  **** Start of session at: Mon Oct 20 15:02:51 2025
    ** Copyright 1986-2022 Xilinx, Inc. All Rights Reserved.
    ** Copyright 2022-2024 Advanced Micro Devices, Inc. All Rights Reserved.

source vivado_synth.tcl
# set tcldir [file dirname [info script]]
# source [file join $tcldir project.tcl]
## variable project_name
## set project_name "myproject"
## variable backend
## set backend "vivado"
## variable part
## set part "xc7z020clg400-1"
## variable clock_period
## set clock_period 5
## variable clock_uncertainty
## set clock_uncertainty 12.5%
## variable version
## set version "1.0.0"
# add_files ${project_name}_prj/solution1/syn/vhdl
# synth_design -top ${project_name} -part $part
Command: synth_design -top myproject -part xc7z020clg400-1
Starting synth_design
Attempting to get a license for feature 'Synthesis' and/or device 'xc7z020'
INFO: [Common 17-349] Got license for feature 'Synthesis' and/or device 'xc7z020'
INFO: [Synth 8-7079] Multithreading enabled for synth_design using a maximum of 4 processes.
INFO: [Synth 8-7078] Launching helper process for spawning children vivado processes
INFO: [Synth 8-7075] Helper process launched with PID 1098914
---------------------------------------------------------------------------------
Starting Synthesize : Time (s): cpu = 00:00:03 ; elapsed = 00:00:03 . Memory (MB): peak = 2105.625 ; gain = 425.594 ; free physical = 85745 ; free virtual = 108157
---------------------------------------------------------------------------------
INFO: [Synth 8-638] synthesizing module 'myproject' [/home/dabadjiev/smartpixels_ml_dsabadjiev/smart-pixels-ml/hlsTmp/myproject_prj/solution1/syn/vhdl/myproject.vhd:28]
INFO: [Synth 8-3491] module 'myproject_concatenate1d_ap_fixed_ap_fixed_ap_fixed_16_6_5_3_0_config3_s' declared at '/home/dabadjiev/smartpixels_ml_dsabadjiev/smart-pixels-ml/hlsTmp/myproject_prj/solution1/syn/vhdl/myproject_concatenate1d_ap_fixed_ap_fixed_ap_fixed_16_6_5_3_0_config3_s.vhd:11' bound to instance 'call_ret1_concatenate1d_ap_fixed_ap_fixed_ap_fixed_16_6_5_3_0_config3_s_fu_127' of component 'myproject_concatenate1d_ap_fixed_ap_fixed_ap_fixed_16_6_5_3_0_config3_s' [/home/dabadjiev/smartpixels_ml_dsabadjiev/smart-pixels-ml/hlsTmp/myproject_prj/solution1/syn/vhdl/myproject.vhd:1186]
INFO: [Synth 8-638] synthesizing module 'myproject_concatenate1d_ap_fixed_ap_fixed_ap_fixed_16_6_5_3_0_config3_s' [/home/dabadjiev/smartpixels_ml_dsabadjiev/smart-pixels-ml/hlsTmp/myproject_prj/solution1/syn/vhdl/myproject_concatenate1d_ap_fixed_ap_fixed_ap_fixed_16_6_5_3_0_config3_s.vhd:22]
INFO: [Synth 8-256] done synthesizing module 'myproject_concatenate1d_ap_fixed_ap_fixed_ap_fixed_16_6_5_3_0_config3_s' (0#1) [/home/dabadjiev/smartpixels_ml_dsabadjiev/smart-pixels-ml/hlsTmp/myproject_prj/solution1/syn/vhdl/myproject_concatenate1d_ap_fixed_ap_fixed_ap_fixed_16_6_5_3_0_config3_s.vhd:22]
INFO: [Synth 8-3491] module 'myproject_dense_latency_ap_fixed_16_6_5_3_0_ap_fixed_16_6_5_3_0_config4_s' declared at '/home/dabadjiev/smartpixels_ml_dsabadjiev/smart-pixels-ml/hlsTmp/myproject_prj/solution1/syn/vhdl/myproject_dense_latency_ap_fixed_16_6_5_3_0_ap_fixed_16_6_5_3_0_config4_s.vhd:11' bound to instance 'call_ret2_dense_latency_ap_fixed_16_6_5_3_0_ap_fixed_16_6_5_3_0_config4_s_fu_135' of component 'myproject_dense_latency_ap_fixed_16_6_5_3_0_ap_fixed_16_6_5_3_0_config4_s' [/home/dabadjiev/smartpixels_ml_dsabadjiev/smart-pixels-ml/hlsTmp/myproject_prj/solution1/syn/vhdl/myproject.vhd:1195]
INFO: [Synth 8-638] synthesizing module 'myproject_dense_latency_ap_fixed_16_6_5_3_0_ap_fixed_16_6_5_3_0_config4_s' [/home/dabadjiev/smartpixels_ml_dsabadjiev/smart-pixels-ml/hlsTmp/myproject_prj/solution1/syn/vhdl/myproject_dense_latency_ap_fixed_16_6_5_3_0_ap_fixed_16_6_5_3_0_config4_s.vhd:37]
INFO: [Synth 8-256] done synthesizing module 'myproject_dense_latency_ap_fixed_16_6_5_3_0_ap_fixed_16_6_5_3_0_config4_s' (0#1) [/home/dabadjiev/smartpixels_ml_dsabadjiev/smart-pixels-ml/hlsTmp/myproject_prj/solution1/syn/vhdl/myproject_dense_latency_ap_fixed_16_6_5_3_0_ap_fixed_16_6_5_3_0_config4_s.vhd:37]
INFO: [Synth 8-3491] module 'myproject_normalize_ap_fixed_16_6_5_3_0_ap_fixed_16_6_5_3_0_config22_s' declared at '/home/dabadjiev/smartpixels_ml_dsabadjiev/smart-pixels-ml/hlsTmp/myproject_prj/solution1/syn/vhdl/myproject_normalize_ap_fixed_16_6_5_3_0_ap_fixed_16_6_5_3_0_config22_s.vhd:11' bound to instance 'call_ret3_normalize_ap_fixed_16_6_5_3_0_ap_fixed_16_6_5_3_0_config22_s_fu_141' of component 'myproject_normalize_ap_fixed_16_6_5_3_0_ap_fixed_16_6_5_3_0_config22_s' [/home/dabadjiev/smartpixels_ml_dsabadjiev/smart-pixels-ml/hlsTmp/myproject_prj/solution1/syn/vhdl/myproject.vhd:1219]
INFO: [Synth 8-638] synthesizing module 'myproject_normalize_ap_fixed_16_6_5_3_0_ap_fixed_16_6_5_3_0_config22_s' [/home/dabadjiev/smartpixels_ml_dsabadjiev/smart-pixels-ml/hlsTmp/myproject_prj/solution1/syn/vhdl/myproject_normalize_ap_fixed_16_6_5_3_0_ap_fixed_16_6_5_3_0_config22_s.vhd:52]
INFO: [Synth 8-256] done synthesizing module 'myproject_normalize_ap_fixed_16_6_5_3_0_ap_fixed_16_6_5_3_0_config22_s' (0#1) [/home/dabadjiev/smartpixels_ml_dsabadjiev/smart-pixels-ml/hlsTmp/myproject_prj/solution1/syn/vhdl/myproject_normalize_ap_fixed_16_6_5_3_0_ap_fixed_16_6_5_3_0_config22_s.vhd:52]
INFO: [Synth 8-3491] module 'myproject_relu_ap_fixed_16_6_5_3_0_ap_ufixed_2_0_4_0_0_relu_config6_s' declared at '/home/dabadjiev/smartpixels_ml_dsabadjiev/smart-pixels-ml/hlsTmp/myproject_prj/solution1/syn/vhdl/myproject_relu_ap_fixed_16_6_5_3_0_ap_ufixed_2_0_4_0_0_relu_config6_s.vhd:11' bound to instance 'grp_relu_ap_fixed_16_6_5_3_0_ap_ufixed_2_0_4_0_0_relu_config6_s_fu_162' of component 'myproject_relu_ap_fixed_16_6_5_3_0_ap_ufixed_2_0_4_0_0_relu_config6_s' [/home/dabadjiev/smartpixels_ml_dsabadjiev/smart-pixels-ml/hlsTmp/myproject_prj/solution1/syn/vhdl/myproject.vhd:1258]
INFO: [Synth 8-638] synthesizing module 'myproject_relu_ap_fixed_16_6_5_3_0_ap_ufixed_2_0_4_0_0_relu_config6_s' [/home/dabadjiev/smartpixels_ml_dsabadjiev/smart-pixels-ml/hlsTmp/myproject_prj/solution1/syn/vhdl/myproject_relu_ap_fixed_16_6_5_3_0_ap_ufixed_2_0_4_0_0_relu_config6_s.vhd:57]
INFO: [Synth 8-256] done synthesizing module 'myproject_relu_ap_fixed_16_6_5_3_0_ap_ufixed_2_0_4_0_0_relu_config6_s' (0#1) [/home/dabadjiev/smartpixels_ml_dsabadjiev/smart-pixels-ml/hlsTmp/myproject_prj/solution1/syn/vhdl/myproject_relu_ap_fixed_16_6_5_3_0_ap_ufixed_2_0_4_0_0_relu_config6_s.vhd:57]
INFO: [Synth 8-3491] module 'myproject_dense_latency_ap_ufixed_2_0_4_0_0_ap_fixed_16_6_5_3_0_config7_s' declared at '/home/dabadjiev/smartpixels_ml_dsabadjiev/smart-pixels-ml/hlsTmp/myproject_prj/solution1/syn/vhdl/myproject_dense_latency_ap_ufixed_2_0_4_0_0_ap_fixed_16_6_5_3_0_config7_s.vhd:11' bound to instance 'grp_dense_latency_ap_ufixed_2_0_4_0_0_ap_fixed_16_6_5_3_0_config7_s_fu_183' of component 'myproject_dense_latency_ap_ufixed_2_0_4_0_0_ap_fixed_16_6_5_3_0_config7_s' [/home/dabadjiev/smartpixels_ml_dsabadjiev/smart-pixels-ml/hlsTmp/myproject_prj/solution1/syn/vhdl/myproject.vhd:1302]
INFO: [Synth 8-638] synthesizing module 'myproject_dense_latency_ap_ufixed_2_0_4_0_0_ap_fixed_16_6_5_3_0_config7_s' [/home/dabadjiev/smartpixels_ml_dsabadjiev/smart-pixels-ml/hlsTmp/myproject_prj/solution1/syn/vhdl/myproject_dense_latency_ap_ufixed_2_0_4_0_0_ap_fixed_16_6_5_3_0_config7_s.vhd:56]
INFO: [Synth 8-256] done synthesizing module 'myproject_dense_latency_ap_ufixed_2_0_4_0_0_ap_fixed_16_6_5_3_0_config7_s' (0#1) [/home/dabadjiev/smartpixels_ml_dsabadjiev/smart-pixels-ml/hlsTmp/myproject_prj/solution1/syn/vhdl/myproject_dense_latency_ap_ufixed_2_0_4_0_0_ap_fixed_16_6_5_3_0_config7_s.vhd:56]
INFO: [Synth 8-3491] module 'myproject_normalize_ap_fixed_16_6_5_3_0_ap_fixed_16_6_5_3_0_config23_s' declared at '/home/dabadjiev/smartpixels_ml_dsabadjiev/smart-pixels-ml/hlsTmp/myproject_prj/solution1/syn/vhdl/myproject_normalize_ap_fixed_16_6_5_3_0_ap_fixed_16_6_5_3_0_config23_s.vhd:11' bound to instance 'call_ret6_normalize_ap_fixed_16_6_5_3_0_ap_fixed_16_6_5_3_0_config23_s_fu_204' of component 'myproject_normalize_ap_fixed_16_6_5_3_0_ap_fixed_16_6_5_3_0_config23_s' [/home/dabadjiev/smartpixels_ml_dsabadjiev/smart-pixels-ml/hlsTmp/myproject_prj/solution1/syn/vhdl/myproject.vhd:1345]
INFO: [Synth 8-638] synthesizing module 'myproject_normalize_ap_fixed_16_6_5_3_0_ap_fixed_16_6_5_3_0_config23_s' [/home/dabadjiev/smartpixels_ml_dsabadjiev/smart-pixels-ml/hlsTmp/myproject_prj/solution1/syn/vhdl/myproject_normalize_ap_fixed_16_6_5_3_0_ap_fixed_16_6_5_3_0_config23_s.vhd:58]
INFO: [Synth 8-256] done synthesizing module 'myproject_normalize_ap_fixed_16_6_5_3_0_ap_fixed_16_6_5_3_0_config23_s' (0#1) [/home/dabadjiev/smartpixels_ml_dsabadjiev/smart-pixels-ml/hlsTmp/myproject_prj/solution1/syn/vhdl/myproject_normalize_ap_fixed_16_6_5_3_0_ap_fixed_16_6_5_3_0_config23_s.vhd:58]
INFO: [Synth 8-3491] module 'myproject_relu_ap_fixed_16_6_5_3_0_ap_ufixed_2_0_4_0_0_relu_config9_s' declared at '/home/dabadjiev/smartpixels_ml_dsabadjiev/smart-pixels-ml/hlsTmp/myproject_prj/solution1/syn/vhdl/myproject_relu_ap_fixed_16_6_5_3_0_ap_ufixed_2_0_4_0_0_relu_config9_s.vhd:11' bound to instance 'grp_relu_ap_fixed_16_6_5_3_0_ap_ufixed_2_0_4_0_0_relu_config9_s_fu_228' of component 'myproject_relu_ap_fixed_16_6_5_3_0_ap_ufixed_2_0_4_0_0_relu_config9_s' [/home/dabadjiev/smartpixels_ml_dsabadjiev/smart-pixels-ml/hlsTmp/myproject_prj/solution1/syn/vhdl/myproject.vhd:1390]
INFO: [Synth 8-638] synthesizing module 'myproject_relu_ap_fixed_16_6_5_3_0_ap_ufixed_2_0_4_0_0_relu_config9_s' [/home/dabadjiev/smartpixels_ml_dsabadjiev/smart-pixels-ml/hlsTmp/myproject_prj/solution1/syn/vhdl/myproject_relu_ap_fixed_16_6_5_3_0_ap_ufixed_2_0_4_0_0_relu_config9_s.vhd:63]
INFO: [Synth 8-256] done synthesizing module 'myproject_relu_ap_fixed_16_6_5_3_0_ap_ufixed_2_0_4_0_0_relu_config9_s' (0#1) [/home/dabadjiev/smartpixels_ml_dsabadjiev/smart-pixels-ml/hlsTmp/myproject_prj/solution1/syn/vhdl/myproject_relu_ap_fixed_16_6_5_3_0_ap_ufixed_2_0_4_0_0_relu_config9_s.vhd:63]
INFO: [Synth 8-3491] module 'myproject_dense_latency_ap_ufixed_2_0_4_0_0_ap_fixed_16_6_5_3_0_config10_s' declared at '/home/dabadjiev/smartpixels_ml_dsabadjiev/smart-pixels-ml/hlsTmp/myproject_prj/solution1/syn/vhdl/myproject_dense_latency_ap_ufixed_2_0_4_0_0_ap_fixed_16_6_5_3_0_config10_s.vhd:11' bound to instance 'grp_dense_latency_ap_ufixed_2_0_4_0_0_ap_fixed_16_6_5_3_0_config10_s_fu_252' of component 'myproject_dense_latency_ap_ufixed_2_0_4_0_0_ap_fixed_16_6_5_3_0_config10_s' [/home/dabadjiev/smartpixels_ml_dsabadjiev/smart-pixels-ml/hlsTmp/myproject_prj/solution1/syn/vhdl/myproject.vhd:1440]
INFO: [Synth 8-638] synthesizing module 'myproject_dense_latency_ap_ufixed_2_0_4_0_0_ap_fixed_16_6_5_3_0_config10_s' [/home/dabadjiev/smartpixels_ml_dsabadjiev/smart-pixels-ml/hlsTmp/myproject_prj/solution1/syn/vhdl/myproject_dense_latency_ap_ufixed_2_0_4_0_0_ap_fixed_16_6_5_3_0_config10_s.vhd:48]
INFO: [Synth 8-256] done synthesizing module 'myproject_dense_latency_ap_ufixed_2_0_4_0_0_ap_fixed_16_6_5_3_0_config10_s' (0#1) [/home/dabadjiev/smartpixels_ml_dsabadjiev/smart-pixels-ml/hlsTmp/myproject_prj/solution1/syn/vhdl/myproject_dense_latency_ap_ufixed_2_0_4_0_0_ap_fixed_16_6_5_3_0_config10_s.vhd:48]
INFO: [Synth 8-3491] module 'myproject_normalize_ap_fixed_16_6_5_3_0_ap_fixed_16_6_5_3_0_config24_s' declared at '/home/dabadjiev/smartpixels_ml_dsabadjiev/smart-pixels-ml/hlsTmp/myproject_prj/solution1/syn/vhdl/myproject_normalize_ap_fixed_16_6_5_3_0_ap_fixed_16_6_5_3_0_config24_s.vhd:11' bound to instance 'call_ret8_normalize_ap_fixed_16_6_5_3_0_ap_fixed_16_6_5_3_0_config24_s_fu_276' of component 'myproject_normalize_ap_fixed_16_6_5_3_0_ap_fixed_16_6_5_3_0_config24_s' [/home/dabadjiev/smartpixels_ml_dsabadjiev/smart-pixels-ml/hlsTmp/myproject_prj/solution1/syn/vhdl/myproject.vhd:1475]
INFO: [Synth 8-638] synthesizing module 'myproject_normalize_ap_fixed_16_6_5_3_0_ap_fixed_16_6_5_3_0_config24_s' [/home/dabadjiev/smartpixels_ml_dsabadjiev/smart-pixels-ml/hlsTmp/myproject_prj/solution1/syn/vhdl/myproject_normalize_ap_fixed_16_6_5_3_0_ap_fixed_16_6_5_3_0_config24_s.vhd:36]
INFO: [Synth 8-256] done synthesizing module 'myproject_normalize_ap_fixed_16_6_5_3_0_ap_fixed_16_6_5_3_0_config24_s' (0#1) [/home/dabadjiev/smartpixels_ml_dsabadjiev/smart-pixels-ml/hlsTmp/myproject_prj/solution1/syn/vhdl/myproject_normalize_ap_fixed_16_6_5_3_0_ap_fixed_16_6_5_3_0_config24_s.vhd:36]
INFO: [Synth 8-3491] module 'myproject_relu_ap_fixed_16_6_5_3_0_ap_ufixed_2_0_4_0_0_relu_config12_s' declared at '/home/dabadjiev/smartpixels_ml_dsabadjiev/smart-pixels-ml/hlsTmp/myproject_prj/solution1/syn/vhdl/myproject_relu_ap_fixed_16_6_5_3_0_ap_ufixed_2_0_4_0_0_relu_config12_s.vhd:11' bound to instance 'grp_relu_ap_fixed_16_6_5_3_0_ap_ufixed_2_0_4_0_0_relu_config12_s_fu_289' of component 'myproject_relu_ap_fixed_16_6_5_3_0_ap_ufixed_2_0_4_0_0_relu_config12_s' [/home/dabadjiev/smartpixels_ml_dsabadjiev/smart-pixels-ml/hlsTmp/myproject_prj/solution1/syn/vhdl/myproject.vhd:1498]
INFO: [Synth 8-638] synthesizing module 'myproject_relu_ap_fixed_16_6_5_3_0_ap_ufixed_2_0_4_0_0_relu_config12_s' [/home/dabadjiev/smartpixels_ml_dsabadjiev/smart-pixels-ml/hlsTmp/myproject_prj/solution1/syn/vhdl/myproject_relu_ap_fixed_16_6_5_3_0_ap_ufixed_2_0_4_0_0_relu_config12_s.vhd:41]
INFO: [Synth 8-256] done synthesizing module 'myproject_relu_ap_fixed_16_6_5_3_0_ap_ufixed_2_0_4_0_0_relu_config12_s' (0#1) [/home/dabadjiev/smartpixels_ml_dsabadjiev/smart-pixels-ml/hlsTmp/myproject_prj/solution1/syn/vhdl/myproject_relu_ap_fixed_16_6_5_3_0_ap_ufixed_2_0_4_0_0_relu_config12_s.vhd:41]
INFO: [Synth 8-3491] module 'myproject_dense_latency_ap_ufixed_2_0_4_0_0_ap_fixed_16_6_5_3_0_config13_s' declared at '/home/dabadjiev/smartpixels_ml_dsabadjiev/smart-pixels-ml/hlsTmp/myproject_prj/solution1/syn/vhdl/myproject_dense_latency_ap_ufixed_2_0_4_0_0_ap_fixed_16_6_5_3_0_config13_s.vhd:11' bound to instance 'grp_dense_latency_ap_ufixed_2_0_4_0_0_ap_fixed_16_6_5_3_0_config13_s_fu_302' of component 'myproject_dense_latency_ap_ufixed_2_0_4_0_0_ap_fixed_16_6_5_3_0_config13_s' [/home/dabadjiev/smartpixels_ml_dsabadjiev/smart-pixels-ml/hlsTmp/myproject_prj/solution1/syn/vhdl/myproject.vhd:1526]
INFO: [Synth 8-638] synthesizing module 'myproject_dense_latency_ap_ufixed_2_0_4_0_0_ap_fixed_16_6_5_3_0_config13_s' [/home/dabadjiev/smartpixels_ml_dsabadjiev/smart-pixels-ml/hlsTmp/myproject_prj/solution1/syn/vhdl/myproject_dense_latency_ap_ufixed_2_0_4_0_0_ap_fixed_16_6_5_3_0_config13_s.vhd:48]
INFO: [Synth 8-256] done synthesizing module 'myproject_dense_latency_ap_ufixed_2_0_4_0_0_ap_fixed_16_6_5_3_0_config13_s' (0#1) [/home/dabadjiev/smartpixels_ml_dsabadjiev/smart-pixels-ml/hlsTmp/myproject_prj/solution1/syn/vhdl/myproject_dense_latency_ap_ufixed_2_0_4_0_0_ap_fixed_16_6_5_3_0_config13_s.vhd:48]
INFO: [Synth 8-3491] module 'myproject_normalize_ap_fixed_16_6_5_3_0_ap_fixed_16_6_5_3_0_config25_s' declared at '/home/dabadjiev/smartpixels_ml_dsabadjiev/smart-pixels-ml/hlsTmp/myproject_prj/solution1/syn/vhdl/myproject_normalize_ap_fixed_16_6_5_3_0_ap_fixed_16_6_5_3_0_config25_s.vhd:11' bound to instance 'call_ret11_normalize_ap_fixed_16_6_5_3_0_ap_fixed_16_6_5_3_0_config25_s_fu_315' of component 'myproject_normalize_ap_fixed_16_6_5_3_0_ap_fixed_16_6_5_3_0_config25_s' [/home/dabadjiev/smartpixels_ml_dsabadjiev/smart-pixels-ml/hlsTmp/myproject_prj/solution1/syn/vhdl/myproject.vhd:1561]
INFO: [Synth 8-638] synthesizing module 'myproject_normalize_ap_fixed_16_6_5_3_0_ap_fixed_16_6_5_3_0_config25_s' [/home/dabadjiev/smartpixels_ml_dsabadjiev/smart-pixels-ml/hlsTmp/myproject_prj/solution1/syn/vhdl/myproject_normalize_ap_fixed_16_6_5_3_0_ap_fixed_16_6_5_3_0_config25_s.vhd:50]
INFO: [Synth 8-256] done synthesizing module 'myproject_normalize_ap_fixed_16_6_5_3_0_ap_fixed_16_6_5_3_0_config25_s' (0#1) [/home/dabadjiev/smartpixels_ml_dsabadjiev/smart-pixels-ml/hlsTmp/myproject_prj/solution1/syn/vhdl/myproject_normalize_ap_fixed_16_6_5_3_0_ap_fixed_16_6_5_3_0_config25_s.vhd:50]
INFO: [Synth 8-3491] module 'myproject_relu_ap_fixed_16_6_5_3_0_ap_ufixed_2_0_4_0_0_relu_config15_s' declared at '/home/dabadjiev/smartpixels_ml_dsabadjiev/smart-pixels-ml/hlsTmp/myproject_prj/solution1/syn/vhdl/myproject_relu_ap_fixed_16_6_5_3_0_ap_ufixed_2_0_4_0_0_relu_config15_s.vhd:11' bound to instance 'grp_relu_ap_fixed_16_6_5_3_0_ap_ufixed_2_0_4_0_0_relu_config15_s_fu_335' of component 'myproject_relu_ap_fixed_16_6_5_3_0_ap_ufixed_2_0_4_0_0_relu_config15_s' [/home/dabadjiev/smartpixels_ml_dsabadjiev/smart-pixels-ml/hlsTmp/myproject_prj/solution1/syn/vhdl/myproject.vhd:1598]
INFO: [Synth 8-638] synthesizing module 'myproject_relu_ap_fixed_16_6_5_3_0_ap_ufixed_2_0_4_0_0_relu_config15_s' [/home/dabadjiev/smartpixels_ml_dsabadjiev/smart-pixels-ml/hlsTmp/myproject_prj/solution1/syn/vhdl/myproject_relu_ap_fixed_16_6_5_3_0_ap_ufixed_2_0_4_0_0_relu_config15_s.vhd:55]
INFO: [Synth 8-256] done synthesizing module 'myproject_relu_ap_fixed_16_6_5_3_0_ap_ufixed_2_0_4_0_0_relu_config15_s' (0#1) [/home/dabadjiev/smartpixels_ml_dsabadjiev/smart-pixels-ml/hlsTmp/myproject_prj/solution1/syn/vhdl/myproject_relu_ap_fixed_16_6_5_3_0_ap_ufixed_2_0_4_0_0_relu_config15_s.vhd:55]
INFO: [Synth 8-3491] module 'myproject_dense_latency_ap_ufixed_2_0_4_0_0_ap_fixed_16_6_5_3_0_config16_s' declared at '/home/dabadjiev/smartpixels_ml_dsabadjiev/smart-pixels-ml/hlsTmp/myproject_prj/solution1/syn/vhdl/myproject_dense_latency_ap_ufixed_2_0_4_0_0_ap_fixed_16_6_5_3_0_config16_s.vhd:11' bound to instance 'grp_dense_latency_ap_ufixed_2_0_4_0_0_ap_fixed_16_6_5_3_0_config16_s_fu_355' of component 'myproject_dense_latency_ap_ufixed_2_0_4_0_0_ap_fixed_16_6_5_3_0_config16_s' [/home/dabadjiev/smartpixels_ml_dsabadjiev/smart-pixels-ml/hlsTmp/myproject_prj/solution1/syn/vhdl/myproject.vhd:1640]
INFO: [Synth 8-638] synthesizing module 'myproject_dense_latency_ap_ufixed_2_0_4_0_0_ap_fixed_16_6_5_3_0_config16_s' [/home/dabadjiev/smartpixels_ml_dsabadjiev/smart-pixels-ml/hlsTmp/myproject_prj/solution1/syn/vhdl/myproject_dense_latency_ap_ufixed_2_0_4_0_0_ap_fixed_16_6_5_3_0_config16_s.vhd:44]
INFO: [Synth 8-256] done synthesizing module 'myproject_dense_latency_ap_ufixed_2_0_4_0_0_ap_fixed_16_6_5_3_0_config16_s' (0#1) [/home/dabadjiev/smartpixels_ml_dsabadjiev/smart-pixels-ml/hlsTmp/myproject_prj/solution1/syn/vhdl/myproject_dense_latency_ap_ufixed_2_0_4_0_0_ap_fixed_16_6_5_3_0_config16_s.vhd:44]
INFO: [Synth 8-3491] module 'myproject_normalize_ap_fixed_16_6_5_3_0_ap_fixed_16_6_5_3_0_config26_s' declared at '/home/dabadjiev/smartpixels_ml_dsabadjiev/smart-pixels-ml/hlsTmp/myproject_prj/solution1/syn/vhdl/myproject_normalize_ap_fixed_16_6_5_3_0_ap_fixed_16_6_5_3_0_config26_s.vhd:11' bound to instance 'call_ret14_normalize_ap_fixed_16_6_5_3_0_ap_fixed_16_6_5_3_0_config26_s_fu_375' of component 'myproject_normalize_ap_fixed_16_6_5_3_0_ap_fixed_16_6_5_3_0_config26_s' [/home/dabadjiev/smartpixels_ml_dsabadjiev/smart-pixels-ml/hlsTmp/myproject_prj/solution1/syn/vhdl/myproject.vhd:1671]
INFO: [Synth 8-638] synthesizing module 'myproject_normalize_ap_fixed_16_6_5_3_0_ap_fixed_16_6_5_3_0_config26_s' [/home/dabadjiev/smartpixels_ml_dsabadjiev/smart-pixels-ml/hlsTmp/myproject_prj/solution1/syn/vhdl/myproject_normalize_ap_fixed_16_6_5_3_0_ap_fixed_16_6_5_3_0_config26_s.vhd:28]
INFO: [Synth 8-256] done synthesizing module 'myproject_normalize_ap_fixed_16_6_5_3_0_ap_fixed_16_6_5_3_0_config26_s' (0#1) [/home/dabadjiev/smartpixels_ml_dsabadjiev/smart-pixels-ml/hlsTmp/myproject_prj/solution1/syn/vhdl/myproject_normalize_ap_fixed_16_6_5_3_0_ap_fixed_16_6_5_3_0_config26_s.vhd:28]
INFO: [Synth 8-3491] module 'myproject_relu_ap_fixed_16_6_5_3_0_ap_ufixed_2_0_4_0_0_relu_config18_s' declared at '/home/dabadjiev/smartpixels_ml_dsabadjiev/smart-pixels-ml/hlsTmp/myproject_prj/solution1/syn/vhdl/myproject_relu_ap_fixed_16_6_5_3_0_ap_ufixed_2_0_4_0_0_relu_config18_s.vhd:11' bound to instance 'grp_relu_ap_fixed_16_6_5_3_0_ap_ufixed_2_0_4_0_0_relu_config18_s_fu_384' of component 'myproject_relu_ap_fixed_16_6_5_3_0_ap_ufixed_2_0_4_0_0_relu_config18_s' [/home/dabadjiev/smartpixels_ml_dsabadjiev/smart-pixels-ml/hlsTmp/myproject_prj/solution1/syn/vhdl/myproject.vhd:1686]
INFO: [Synth 8-638] synthesizing module 'myproject_relu_ap_fixed_16_6_5_3_0_ap_ufixed_2_0_4_0_0_relu_config18_s' [/home/dabadjiev/smartpixels_ml_dsabadjiev/smart-pixels-ml/hlsTmp/myproject_prj/solution1/syn/vhdl/myproject_relu_ap_fixed_16_6_5_3_0_ap_ufixed_2_0_4_0_0_relu_config18_s.vhd:33]
INFO: [Synth 8-256] done synthesizing module 'myproject_relu_ap_fixed_16_6_5_3_0_ap_ufixed_2_0_4_0_0_relu_config18_s' (0#1) [/home/dabadjiev/smartpixels_ml_dsabadjiev/smart-pixels-ml/hlsTmp/myproject_prj/solution1/syn/vhdl/myproject_relu_ap_fixed_16_6_5_3_0_ap_ufixed_2_0_4_0_0_relu_config18_s.vhd:33]
INFO: [Synth 8-3491] module 'myproject_dense_latency_ap_ufixed_2_0_4_0_0_ap_fixed_16_6_5_3_0_config19_s' declared at '/home/dabadjiev/smartpixels_ml_dsabadjiev/smart-pixels-ml/hlsTmp/myproject_prj/solution1/syn/vhdl/myproject_dense_latency_ap_ufixed_2_0_4_0_0_ap_fixed_16_6_5_3_0_config19_s.vhd:11' bound to instance 'grp_dense_latency_ap_ufixed_2_0_4_0_0_ap_fixed_16_6_5_3_0_config19_s_fu_393' of component 'myproject_dense_latency_ap_ufixed_2_0_4_0_0_ap_fixed_16_6_5_3_0_config19_s' [/home/dabadjiev/smartpixels_ml_dsabadjiev/smart-pixels-ml/hlsTmp/myproject_prj/solution1/syn/vhdl/myproject.vhd:1706]
INFO: [Synth 8-638] synthesizing module 'myproject_dense_latency_ap_ufixed_2_0_4_0_0_ap_fixed_16_6_5_3_0_config19_s' [/home/dabadjiev/smartpixels_ml_dsabadjiev/smart-pixels-ml/hlsTmp/myproject_prj/solution1/syn/vhdl/myproject_dense_latency_ap_ufixed_2_0_4_0_0_ap_fixed_16_6_5_3_0_config19_s.vhd:29]
INFO: [Synth 8-256] done synthesizing module 'myproject_dense_latency_ap_ufixed_2_0_4_0_0_ap_fixed_16_6_5_3_0_config19_s' (0#1) [/home/dabadjiev/smartpixels_ml_dsabadjiev/smart-pixels-ml/hlsTmp/myproject_prj/solution1/syn/vhdl/myproject_dense_latency_ap_ufixed_2_0_4_0_0_ap_fixed_16_6_5_3_0_config19_s.vhd:29]
INFO: [Synth 8-3491] module 'myproject_normalize_ap_fixed_16_6_5_3_0_ap_fixed_16_6_5_3_0_config27_s' declared at '/home/dabadjiev/smartpixels_ml_dsabadjiev/smart-pixels-ml/hlsTmp/myproject_prj/solution1/syn/vhdl/myproject_normalize_ap_fixed_16_6_5_3_0_ap_fixed_16_6_5_3_0_config27_s.vhd:11' bound to instance 'layer27_out_normalize_ap_fixed_16_6_5_3_0_ap_fixed_16_6_5_3_0_config27_s_fu_402' of component 'myproject_normalize_ap_fixed_16_6_5_3_0_ap_fixed_16_6_5_3_0_config27_s' [/home/dabadjiev/smartpixels_ml_dsabadjiev/smart-pixels-ml/hlsTmp/myproject_prj/solution1/syn/vhdl/myproject.vhd:1722]
INFO: [Synth 8-638] synthesizing module 'myproject_normalize_ap_fixed_16_6_5_3_0_ap_fixed_16_6_5_3_0_config27_s' [/home/dabadjiev/smartpixels_ml_dsabadjiev/smart-pixels-ml/hlsTmp/myproject_prj/solution1/syn/vhdl/myproject_normalize_ap_fixed_16_6_5_3_0_ap_fixed_16_6_5_3_0_config27_s.vhd:20]
INFO: [Synth 8-256] done synthesizing module 'myproject_normalize_ap_fixed_16_6_5_3_0_ap_fixed_16_6_5_3_0_config27_s' (0#1) [/home/dabadjiev/smartpixels_ml_dsabadjiev/smart-pixels-ml/hlsTmp/myproject_prj/solution1/syn/vhdl/myproject_normalize_ap_fixed_16_6_5_3_0_ap_fixed_16_6_5_3_0_config27_s.vhd:20]
INFO: [Synth 8-256] done synthesizing module 'myproject' (0#1) [/home/dabadjiev/smartpixels_ml_dsabadjiev/smart-pixels-ml/hlsTmp/myproject_prj/solution1/syn/vhdl/myproject.vhd:28]
WARNING: [Synth 8-7129] Port ap_rst in module myproject_normalize_ap_fixed_16_6_5_3_0_ap_fixed_16_6_5_3_0_config27_s is either unconnected or has no load
WARNING: [Synth 8-7129] Port ap_rst in module myproject_normalize_ap_fixed_16_6_5_3_0_ap_fixed_16_6_5_3_0_config26_s is either unconnected or has no load
WARNING: [Synth 8-7129] Port ap_rst in module myproject_normalize_ap_fixed_16_6_5_3_0_ap_fixed_16_6_5_3_0_config25_s is either unconnected or has no load
WARNING: [Synth 8-7129] Port data_4_val[0] in module myproject_normalize_ap_fixed_16_6_5_3_0_ap_fixed_16_6_5_3_0_config24_s is either unconnected or has no load
WARNING: [Synth 8-7129] Port ap_rst in module myproject_normalize_ap_fixed_16_6_5_3_0_ap_fixed_16_6_5_3_0_config24_s is either unconnected or has no load
WARNING: [Synth 8-7129] Port ap_rst in module myproject_dense_latency_ap_ufixed_2_0_4_0_0_ap_fixed_16_6_5_3_0_config10_s is either unconnected or has no load
WARNING: [Synth 8-7129] Port data_5_val[0] in module myproject_normalize_ap_fixed_16_6_5_3_0_ap_fixed_16_6_5_3_0_config23_s is either unconnected or has no load
WARNING: [Synth 8-7129] Port ap_rst in module myproject_normalize_ap_fixed_16_6_5_3_0_ap_fixed_16_6_5_3_0_config23_s is either unconnected or has no load
WARNING: [Synth 8-7129] Port ap_rst in module myproject_dense_latency_ap_ufixed_2_0_4_0_0_ap_fixed_16_6_5_3_0_config7_s is either unconnected or has no load
WARNING: [Synth 8-7129] Port data_12_val[1] in module myproject_normalize_ap_fixed_16_6_5_3_0_ap_fixed_16_6_5_3_0_config22_s is either unconnected or has no load
WARNING: [Synth 8-7129] Port data_12_val[0] in module myproject_normalize_ap_fixed_16_6_5_3_0_ap_fixed_16_6_5_3_0_config22_s is either unconnected or has no load
WARNING: [Synth 8-7129] Port ap_rst in module myproject_normalize_ap_fixed_16_6_5_3_0_ap_fixed_16_6_5_3_0_config22_s is either unconnected or has no load
WARNING: [Synth 8-7129] Port ap_rst in module myproject_dense_latency_ap_fixed_16_6_5_3_0_ap_fixed_16_6_5_3_0_config4_s is either unconnected or has no load
WARNING: [Synth 8-7129] Port ap_rst in module myproject_concatenate1d_ap_fixed_ap_fixed_ap_fixed_16_6_5_3_0_config3_s is either unconnected or has no load
---------------------------------------------------------------------------------
Finished Synthesize : Time (s): cpu = 00:00:06 ; elapsed = 00:00:06 . Memory (MB): peak = 2240.562 ; gain = 560.531 ; free physical = 85591 ; free virtual = 108005
---------------------------------------------------------------------------------
---------------------------------------------------------------------------------
Finished Constraint Validation : Time (s): cpu = 00:00:06 ; elapsed = 00:00:07 . Memory (MB): peak = 2255.406 ; gain = 575.375 ; free physical = 85586 ; free virtual = 108000
---------------------------------------------------------------------------------
---------------------------------------------------------------------------------
Start Loading Part and Timing Information
---------------------------------------------------------------------------------
Loading part: xc7z020clg400-1
---------------------------------------------------------------------------------
INFO: [Device 21-403] Loading part xc7z020clg400-1
Finished Loading Part and Timing Information : Time (s): cpu = 00:00:06 ; elapsed = 00:00:07 . Memory (MB): peak = 2263.410 ; gain = 583.379 ; free physical = 85586 ; free virtual = 108000
---------------------------------------------------------------------------------
---------------------------------------------------------------------------------
Finished RTL Optimization Phase 2 : Time (s): cpu = 00:00:10 ; elapsed = 00:00:08 . Memory (MB): peak = 2287.434 ; gain = 607.402 ; free physical = 85563 ; free virtual = 108001
---------------------------------------------------------------------------------
No constraint files found.
---------------------------------------------------------------------------------
Start RTL Component Statistics 
---------------------------------------------------------------------------------
Detailed RTL Component Info : 
+---Adders : 
	   2 Input   16 Bit       Adders := 3     
	   2 Input   14 Bit       Adders := 5     
	   2 Input   13 Bit       Adders := 20    
	   3 Input   12 Bit       Adders := 13    
	   2 Input   12 Bit       Adders := 45    
	   2 Input   11 Bit       Adders := 83    
	   3 Input   11 Bit       Adders := 11    
	   2 Input   10 Bit       Adders := 72    
	   2 Input    8 Bit       Adders := 1     
	   2 Input    5 Bit       Adders := 1     
	   4 Input    4 Bit       Adders := 1     
	   3 Input    4 Bit       Adders := 2     
	   2 Input    3 Bit       Adders := 3     
	   3 Input    3 Bit       Adders := 4     
	   2 Input    2 Bit       Adders := 67    
+---XORs : 
	   2 Input      1 Bit         XORs := 137   
	   3 Input      1 Bit         XORs := 1     
+---Registers : 
	               16 Bit    Registers := 150   
	               15 Bit    Registers := 15    
	               14 Bit    Registers := 5     
	               13 Bit    Registers := 1     
	               12 Bit    Registers := 37    
	               11 Bit    Registers := 63    
	               10 Bit    Registers := 55    
	                9 Bit    Registers := 12    
	                4 Bit    Registers := 3     
	                3 Bit    Registers := 43    
	                2 Bit    Registers := 212   
	                1 Bit    Registers := 197   
+---Muxes : 
	   2 Input   16 Bit        Muxes := 31    
	   2 Input   13 Bit        Muxes := 1     
	   3 Input   13 Bit        Muxes := 1     
	   2 Input   12 Bit        Muxes := 1     
	   3 Input    8 Bit        Muxes := 1     
	   2 Input    2 Bit        Muxes := 268   
	   2 Input    1 Bit        Muxes := 78    
---------------------------------------------------------------------------------
Finished RTL Component Statistics 
---------------------------------------------------------------------------------
---------------------------------------------------------------------------------
Start Part Resource Summary
---------------------------------------------------------------------------------
INFO: [Device 21-9227] Part: xc7z020clg400-1 does not have CEAM library.
Part Resources:
DSPs: 220 (col length:60)
BRAMs: 280 (col length: RAMB18 60 RAMB36 30)
---------------------------------------------------------------------------------
Finished Part Resource Summary
---------------------------------------------------------------------------------
No constraint files found.
---------------------------------------------------------------------------------
Start Cross Boundary and Area Optimization
---------------------------------------------------------------------------------
WARNING: [Synth 8-7080] Parallel synthesis criteria is not met
WARNING: [Synth 8-7129] Port ap_rst in module myproject_dense_latency_ap_ufixed_2_0_4_0_0_ap_fixed_16_6_5_3_0_config10_s is either unconnected or has no load
WARNING: [Synth 8-7129] Port ap_rst in module myproject_dense_latency_ap_ufixed_2_0_4_0_0_ap_fixed_16_6_5_3_0_config7_s is either unconnected or has no load
WARNING: [Synth 8-7129] Port ap_rst in module myproject_dense_latency_ap_fixed_16_6_5_3_0_ap_fixed_16_6_5_3_0_config4_s is either unconnected or has no load
---------------------------------------------------------------------------------
Finished Cross Boundary and Area Optimization : Time (s): cpu = 00:00:19 ; elapsed = 00:00:18 . Memory (MB): peak = 2420.973 ; gain = 740.941 ; free physical = 85447 ; free virtual = 107896
---------------------------------------------------------------------------------
No constraint files found.
---------------------------------------------------------------------------------
Start Timing Optimization
---------------------------------------------------------------------------------
---------------------------------------------------------------------------------
Finished Timing Optimization : Time (s): cpu = 00:00:19 ; elapsed = 00:00:18 . Memory (MB): peak = 2420.973 ; gain = 740.941 ; free physical = 85447 ; free virtual = 107896
---------------------------------------------------------------------------------
---------------------------------------------------------------------------------
Start Technology Mapping
---------------------------------------------------------------------------------
---------------------------------------------------------------------------------
Finished Technology Mapping : Time (s): cpu = 00:00:20 ; elapsed = 00:00:19 . Memory (MB): peak = 2420.973 ; gain = 740.941 ; free physical = 85446 ; free virtual = 107895
---------------------------------------------------------------------------------
---------------------------------------------------------------------------------
Start IO Insertion
---------------------------------------------------------------------------------
---------------------------------------------------------------------------------
Start Flattening Before IO Insertion
---------------------------------------------------------------------------------
---------------------------------------------------------------------------------
Finished Flattening Before IO Insertion
---------------------------------------------------------------------------------
---------------------------------------------------------------------------------
Start Final Netlist Cleanup
---------------------------------------------------------------------------------
---------------------------------------------------------------------------------
Finished Final Netlist Cleanup
---------------------------------------------------------------------------------
---------------------------------------------------------------------------------
Finished IO Insertion : Time (s): cpu = 00:00:23 ; elapsed = 00:00:22 . Memory (MB): peak = 2420.973 ; gain = 740.941 ; free physical = 85452 ; free virtual = 107901
---------------------------------------------------------------------------------
---------------------------------------------------------------------------------
Start Renaming Generated Instances
---------------------------------------------------------------------------------
---------------------------------------------------------------------------------
Finished Renaming Generated Instances : Time (s): cpu = 00:00:23 ; elapsed = 00:00:22 . Memory (MB): peak = 2420.973 ; gain = 740.941 ; free physical = 85452 ; free virtual = 107901
---------------------------------------------------------------------------------
---------------------------------------------------------------------------------
Start Rebuilding User Hierarchy
---------------------------------------------------------------------------------
---------------------------------------------------------------------------------
Finished Rebuilding User Hierarchy : Time (s): cpu = 00:00:23 ; elapsed = 00:00:22 . Memory (MB): peak = 2420.973 ; gain = 740.941 ; free physical = 85452 ; free virtual = 107901
---------------------------------------------------------------------------------
---------------------------------------------------------------------------------
Start Renaming Generated Ports
---------------------------------------------------------------------------------
---------------------------------------------------------------------------------
Finished Renaming Generated Ports : Time (s): cpu = 00:00:23 ; elapsed = 00:00:22 . Memory (MB): peak = 2420.973 ; gain = 740.941 ; free physical = 85452 ; free virtual = 107901
---------------------------------------------------------------------------------
---------------------------------------------------------------------------------
Start Handling Custom Attributes
---------------------------------------------------------------------------------
---------------------------------------------------------------------------------
Finished Handling Custom Attributes : Time (s): cpu = 00:00:23 ; elapsed = 00:00:22 . Memory (MB): peak = 2420.973 ; gain = 740.941 ; free physical = 85452 ; free virtual = 107901
---------------------------------------------------------------------------------
---------------------------------------------------------------------------------
Start Renaming Generated Nets
---------------------------------------------------------------------------------
---------------------------------------------------------------------------------
Finished Renaming Generated Nets : Time (s): cpu = 00:00:23 ; elapsed = 00:00:22 . Memory (MB): peak = 2420.973 ; gain = 740.941 ; free physical = 85452 ; free virtual = 107901
---------------------------------------------------------------------------------
---------------------------------------------------------------------------------
Start Writing Synthesis Report
---------------------------------------------------------------------------------

Report BlackBoxes: 
+-+--------------+----------+
| |BlackBox name |Instances |
+-+--------------+----------+
+-+--------------+----------+

Report Cell Usage: 
+------+-------+------+
|      |Cell   |Count |
+------+-------+------+
|1     |BUFG   |     1|
|2     |CARRY4 |   116|
|3     |LUT1   |   109|
|4     |LUT2   |   683|
|5     |LUT3   |   419|
|6     |LUT4   |   321|
|7     |LUT5   |   266|
|8     |LUT6   |   535|
|9     |FDRE   |  2147|
|10    |FDSE   |     5|
|11    |IBUF   |    37|
|12    |OBUF   |    12|
+------+-------+------+

Report Instance Areas: 
+------+------------------------------------------------------------------------------+---------------------------------------------------------------------------+------+
|      |Instance                                                                      |Module                                                                     |Cells |
+------+------------------------------------------------------------------------------+---------------------------------------------------------------------------+------+
|1     |top                                                                           |                                                                           |  4651|
|2     |  grp_dense_latency_ap_ufixed_2_0_4_0_0_ap_fixed_16_6_5_3_0_config10_s_fu_252 |myproject_dense_latency_ap_ufixed_2_0_4_0_0_ap_fixed_16_6_5_3_0_config10_s |   712|
|3     |  grp_dense_latency_ap_ufixed_2_0_4_0_0_ap_fixed_16_6_5_3_0_config13_s_fu_302 |myproject_dense_latency_ap_ufixed_2_0_4_0_0_ap_fixed_16_6_5_3_0_config13_s |   222|
|4     |  grp_dense_latency_ap_ufixed_2_0_4_0_0_ap_fixed_16_6_5_3_0_config16_s_fu_355 |myproject_dense_latency_ap_ufixed_2_0_4_0_0_ap_fixed_16_6_5_3_0_config16_s |   222|
|5     |  grp_dense_latency_ap_ufixed_2_0_4_0_0_ap_fixed_16_6_5_3_0_config19_s_fu_393 |myproject_dense_latency_ap_ufixed_2_0_4_0_0_ap_fixed_16_6_5_3_0_config19_s |    20|
|6     |  grp_dense_latency_ap_ufixed_2_0_4_0_0_ap_fixed_16_6_5_3_0_config7_s_fu_183  |myproject_dense_latency_ap_ufixed_2_0_4_0_0_ap_fixed_16_6_5_3_0_config7_s  |  1177|
|7     |  grp_relu_ap_fixed_16_6_5_3_0_ap_ufixed_2_0_4_0_0_relu_config12_s_fu_289     |myproject_relu_ap_fixed_16_6_5_3_0_ap_ufixed_2_0_4_0_0_relu_config12_s     |   193|
|8     |  grp_relu_ap_fixed_16_6_5_3_0_ap_ufixed_2_0_4_0_0_relu_config15_s_fu_335     |myproject_relu_ap_fixed_16_6_5_3_0_ap_ufixed_2_0_4_0_0_relu_config15_s     |   297|
|9     |  grp_relu_ap_fixed_16_6_5_3_0_ap_ufixed_2_0_4_0_0_relu_config18_s_fu_384     |myproject_relu_ap_fixed_16_6_5_3_0_ap_ufixed_2_0_4_0_0_relu_config18_s     |   104|
|10    |  grp_relu_ap_fixed_16_6_5_3_0_ap_ufixed_2_0_4_0_0_relu_config6_s_fu_162      |myproject_relu_ap_fixed_16_6_5_3_0_ap_ufixed_2_0_4_0_0_relu_config6_s      |   495|
|11    |  grp_relu_ap_fixed_16_6_5_3_0_ap_ufixed_2_0_4_0_0_relu_config9_s_fu_228      |myproject_relu_ap_fixed_16_6_5_3_0_ap_ufixed_2_0_4_0_0_relu_config9_s      |   415|
+------+------------------------------------------------------------------------------+---------------------------------------------------------------------------+------+
---------------------------------------------------------------------------------
Finished Writing Synthesis Report : Time (s): cpu = 00:00:23 ; elapsed = 00:00:22 . Memory (MB): peak = 2420.973 ; gain = 740.941 ; free physical = 85452 ; free virtual = 107901
---------------------------------------------------------------------------------
Synthesis finished with 0 errors, 0 critical warnings and 18 warnings.
Synthesis Optimization Runtime : Time (s): cpu = 00:00:23 ; elapsed = 00:00:22 . Memory (MB): peak = 2420.973 ; gain = 740.941 ; free physical = 85452 ; free virtual = 107901
Synthesis Optimization Complete : Time (s): cpu = 00:00:23 ; elapsed = 00:00:22 . Memory (MB): peak = 2420.980 ; gain = 740.941 ; free physical = 85452 ; free virtual = 107901
INFO: [Project 1-571] Translating synthesized netlist
Netlist sorting complete. Time (s): cpu = 00:00:00.02 ; elapsed = 00:00:00.02 . Memory (MB): peak = 2431.879 ; gain = 0.000 ; free physical = 85725 ; free virtual = 108174
INFO: [Netlist 29-17] Analyzing 116 Unisim elements for replacement
INFO: [Netlist 29-28] Unisim Transformation completed in 0 CPU seconds
INFO: [Project 1-570] Preparing netlist for logic optimization
INFO: [Opt 31-138] Pushed 0 inverter(s) to 0 load pin(s).
Netlist sorting complete. Time (s): cpu = 00:00:00 ; elapsed = 00:00:00 . Memory (MB): peak = 2542.688 ; gain = 0.000 ; free physical = 85665 ; free virtual = 108126
INFO: [Project 1-111] Unisim Transformation Summary:
No Unisim elements were transformed.

Synth Design complete | Checksum: be6a0fbb
INFO: [Common 17-83] Releasing license: Synthesis
69 Infos, 18 Warnings, 0 Critical Warnings and 0 Errors encountered.
synth_design completed successfully
synth_design: Time (s): cpu = 00:00:30 ; elapsed = 00:00:26 . Memory (MB): peak = 2542.688 ; gain = 868.621 ; free physical = 85666 ; free virtual = 108126
INFO: [Common 17-2834] synth_design peak Physical Memory [PSS] (MB): overall = 2031.982; main = 1808.454; forked = 446.962
INFO: [Common 17-2834] synth_design peak Virtual Memory [VSS] (MB): overall = 4077.375; main = 2542.691; forked = 1656.398
# report_utilization -file vivado_synth.rpt
INFO: [Common 17-206] Exiting Vivado at Mon Oct 20 15:03:25 2025...
***** VIVADO SYNTHESIS COMPLETED IN 0h0m46s *****
INFO: [HLS 200-112] Total CPU user time: 111.31 seconds. Total CPU system time: 6.18 seconds. Total elapsed time: 123.25 seconds; peak allocated memory: 732.352 MB.
