

================================================================
== Vitis HLS Report for 'dense_latency_ap_ufixed_2_0_4_0_0_ap_fixed_16_6_5_3_0_config10_s'
================================================================
* Date:           Mon Oct 20 15:01:55 2025

* Version:        2024.1 (Build 5069499 on May 21 2024)
* Project:        myproject_prj
* Solution:       solution1 (Vivado IP Flow Target)
* Product family: zynq
* Target device:  xc7z020-clg400-1


================================================================
== Performance Estimates
================================================================
+ Timing: 
    * Summary: 
    +--------+---------+----------+------------+
    |  Clock |  Target | Estimated| Uncertainty|
    +--------+---------+----------+------------+
    |ap_clk  |  5.00 ns|  3.786 ns|     0.62 ns|
    +--------+---------+----------+------------+

+ Latency: 
    * Summary: 
    +---------+---------+-----------+-----------+-----+-----+---------+
    |  Latency (cycles) |   Latency (absolute)  |  Interval | Pipeline|
    |   min   |   max   |    min    |    max    | min | max |   Type  |
    +---------+---------+-----------+-----------+-----+-----+---------+
    |        3|        3|  15.000 ns|  15.000 ns|    1|    1|      yes|
    +---------+---------+-----------+-----------+-----+-----+---------+

    + Detail: 
        * Instance: 
        N/A

        * Loop: 
        N/A

============================================================
+ Verbose Summary: Synthesis Manager
============================================================
InlineROM: 1
ExposeGlobal: 0
============================================================
+ Verbose Summary: CDFG Model
============================================================
IsTopModel: 0
ResetActiveHigh: 1
IsCombinational: 0
IsDatapathOnly: 0
HasWiredReturn: 1
HasMFsm: 2
HasVarLatency: 0
IsPipeline: 1
IsRtlPipelined: 1
IsInstanceOverlapped: 0
IsDontTouch: 0
HasImplIP: 0
IsGatedGlobalClock: 0

+ Individual pipeline summary: 
  * Pipeline-0: initiation interval (II) = 1, depth = 4


============================================================
+ Verbose Summary: Schedule
============================================================
* Number of FSM states : 4
* Pipeline : 1
  Pipeline-0 : II = 1, D = 4, States = { 1 2 3 4 }
* Dataflow Pipeline: 0

* FSM state transitions: 
1 --> 2 
2 --> 3 
3 --> 4 
4 --> 

* FSM state operations: 

State 1 <SV = 0> <Delay = 3.21>
ST_1 : Operation 5 [1/1] (0.00ns)   --->   "%data_19_val_read = read i2 @_ssdm_op_Read.ap_auto.i2, i2 %data_19_val" [firmware/nnet_utils/nnet_mult.h:70->firmware/nnet_utils/nnet_dense_latency.h:42]   --->   Operation 5 'read' 'data_19_val_read' <Predicate = true> <Delay = 0.00>
ST_1 : Operation 6 [1/1] (0.00ns)   --->   "%data_18_val_read = read i2 @_ssdm_op_Read.ap_auto.i2, i2 %data_18_val" [firmware/nnet_utils/nnet_mult.h:70->firmware/nnet_utils/nnet_dense_latency.h:42]   --->   Operation 6 'read' 'data_18_val_read' <Predicate = true> <Delay = 0.00>
ST_1 : Operation 7 [1/1] (0.00ns)   --->   "%data_17_val_read = read i2 @_ssdm_op_Read.ap_auto.i2, i2 %data_17_val" [firmware/nnet_utils/nnet_mult.h:70->firmware/nnet_utils/nnet_dense_latency.h:42]   --->   Operation 7 'read' 'data_17_val_read' <Predicate = true> <Delay = 0.00>
ST_1 : Operation 8 [1/1] (0.00ns)   --->   "%data_16_val_read = read i2 @_ssdm_op_Read.ap_auto.i2, i2 %data_16_val" [firmware/nnet_utils/nnet_mult.h:70->firmware/nnet_utils/nnet_dense_latency.h:42]   --->   Operation 8 'read' 'data_16_val_read' <Predicate = true> <Delay = 0.00>
ST_1 : Operation 9 [1/1] (0.00ns)   --->   "%data_15_val_read = read i2 @_ssdm_op_Read.ap_auto.i2, i2 %data_15_val" [firmware/nnet_utils/nnet_mult.h:70->firmware/nnet_utils/nnet_dense_latency.h:42]   --->   Operation 9 'read' 'data_15_val_read' <Predicate = true> <Delay = 0.00>
ST_1 : Operation 10 [1/1] (0.00ns)   --->   "%data_14_val_read = read i2 @_ssdm_op_Read.ap_auto.i2, i2 %data_14_val" [firmware/nnet_utils/nnet_mult.h:70->firmware/nnet_utils/nnet_dense_latency.h:42]   --->   Operation 10 'read' 'data_14_val_read' <Predicate = true> <Delay = 0.00>
ST_1 : Operation 11 [1/1] (0.00ns)   --->   "%data_13_val_read = read i2 @_ssdm_op_Read.ap_auto.i2, i2 %data_13_val" [firmware/nnet_utils/nnet_mult.h:70->firmware/nnet_utils/nnet_dense_latency.h:42]   --->   Operation 11 'read' 'data_13_val_read' <Predicate = true> <Delay = 0.00>
ST_1 : Operation 12 [1/1] (0.00ns)   --->   "%data_12_val_read = read i2 @_ssdm_op_Read.ap_auto.i2, i2 %data_12_val" [firmware/nnet_utils/nnet_mult.h:70->firmware/nnet_utils/nnet_dense_latency.h:42]   --->   Operation 12 'read' 'data_12_val_read' <Predicate = true> <Delay = 0.00>
ST_1 : Operation 13 [1/1] (0.00ns)   --->   "%data_11_val_read = read i2 @_ssdm_op_Read.ap_auto.i2, i2 %data_11_val" [firmware/nnet_utils/nnet_mult.h:70->firmware/nnet_utils/nnet_dense_latency.h:42]   --->   Operation 13 'read' 'data_11_val_read' <Predicate = true> <Delay = 0.00>
ST_1 : Operation 14 [1/1] (0.00ns)   --->   "%data_10_val_read = read i2 @_ssdm_op_Read.ap_auto.i2, i2 %data_10_val" [firmware/nnet_utils/nnet_mult.h:70->firmware/nnet_utils/nnet_dense_latency.h:42]   --->   Operation 14 'read' 'data_10_val_read' <Predicate = true> <Delay = 0.00>
ST_1 : Operation 15 [1/1] (0.00ns)   --->   "%data_9_val_read = read i2 @_ssdm_op_Read.ap_auto.i2, i2 %data_9_val" [firmware/nnet_utils/nnet_mult.h:70->firmware/nnet_utils/nnet_dense_latency.h:42]   --->   Operation 15 'read' 'data_9_val_read' <Predicate = true> <Delay = 0.00>
ST_1 : Operation 16 [1/1] (0.00ns)   --->   "%data_8_val_read = read i2 @_ssdm_op_Read.ap_auto.i2, i2 %data_8_val" [firmware/nnet_utils/nnet_mult.h:70->firmware/nnet_utils/nnet_dense_latency.h:42]   --->   Operation 16 'read' 'data_8_val_read' <Predicate = true> <Delay = 0.00>
ST_1 : Operation 17 [1/1] (0.00ns)   --->   "%data_7_val_read = read i2 @_ssdm_op_Read.ap_auto.i2, i2 %data_7_val" [firmware/nnet_utils/nnet_mult.h:70->firmware/nnet_utils/nnet_dense_latency.h:42]   --->   Operation 17 'read' 'data_7_val_read' <Predicate = true> <Delay = 0.00>
ST_1 : Operation 18 [1/1] (0.00ns)   --->   "%data_6_val_read = read i2 @_ssdm_op_Read.ap_auto.i2, i2 %data_6_val" [firmware/nnet_utils/nnet_mult.h:70->firmware/nnet_utils/nnet_dense_latency.h:42]   --->   Operation 18 'read' 'data_6_val_read' <Predicate = true> <Delay = 0.00>
ST_1 : Operation 19 [1/1] (0.00ns)   --->   "%data_5_val_read = read i2 @_ssdm_op_Read.ap_auto.i2, i2 %data_5_val" [firmware/nnet_utils/nnet_mult.h:70->firmware/nnet_utils/nnet_dense_latency.h:42]   --->   Operation 19 'read' 'data_5_val_read' <Predicate = true> <Delay = 0.00>
ST_1 : Operation 20 [1/1] (0.00ns)   --->   "%data_4_val_read = read i2 @_ssdm_op_Read.ap_auto.i2, i2 %data_4_val" [firmware/nnet_utils/nnet_mult.h:70->firmware/nnet_utils/nnet_dense_latency.h:42]   --->   Operation 20 'read' 'data_4_val_read' <Predicate = true> <Delay = 0.00>
ST_1 : Operation 21 [1/1] (0.00ns)   --->   "%data_3_val_read = read i2 @_ssdm_op_Read.ap_auto.i2, i2 %data_3_val" [firmware/nnet_utils/nnet_mult.h:70->firmware/nnet_utils/nnet_dense_latency.h:42]   --->   Operation 21 'read' 'data_3_val_read' <Predicate = true> <Delay = 0.00>
ST_1 : Operation 22 [1/1] (0.00ns)   --->   "%data_2_val_read = read i2 @_ssdm_op_Read.ap_auto.i2, i2 %data_2_val" [firmware/nnet_utils/nnet_mult.h:70->firmware/nnet_utils/nnet_dense_latency.h:42]   --->   Operation 22 'read' 'data_2_val_read' <Predicate = true> <Delay = 0.00>
ST_1 : Operation 23 [1/1] (0.00ns)   --->   "%data_1_val_read = read i2 @_ssdm_op_Read.ap_auto.i2, i2 %data_1_val" [firmware/nnet_utils/nnet_mult.h:70->firmware/nnet_utils/nnet_dense_latency.h:42]   --->   Operation 23 'read' 'data_1_val_read' <Predicate = true> <Delay = 0.00>
ST_1 : Operation 24 [1/1] (0.00ns)   --->   "%data_0_val_read = read i2 @_ssdm_op_Read.ap_auto.i2, i2 %data_0_val" [firmware/nnet_utils/nnet_mult.h:70->firmware/nnet_utils/nnet_dense_latency.h:42]   --->   Operation 24 'read' 'data_0_val_read' <Predicate = true> <Delay = 0.00>
ST_1 : Operation 25 [1/1] (0.00ns)   --->   "%zext_ln70 = zext i2 %data_0_val_read" [firmware/nnet_utils/nnet_mult.h:70->firmware/nnet_utils/nnet_dense_latency.h:42]   --->   Operation 25 'zext' 'zext_ln70' <Predicate = true> <Delay = 0.00>
ST_1 : Operation 26 [1/1] (1.56ns)   --->   "%sub_ln73 = sub i3 0, i3 %zext_ln70" [firmware/nnet_utils/nnet_mult.h:73->firmware/nnet_utils/nnet_dense_latency.h:42]   --->   Operation 26 'sub' 'sub_ln73' <Predicate = true> <Delay = 1.56> <CoreInst = "Adder">   --->   Core 1 'Adder' <Latency = 0> <II = 1> <Delay = 1.56> <FuncUnit> <Opcode : 'add' 'sub'> <InPorts = 2> <OutPorts = 1>
ST_1 : Operation 27 [1/1] (0.00ns)   --->   "%zext_ln70_39 = zext i2 %data_1_val_read" [firmware/nnet_utils/nnet_mult.h:70->firmware/nnet_utils/nnet_dense_latency.h:42]   --->   Operation 27 'zext' 'zext_ln70_39' <Predicate = true> <Delay = 0.00>
ST_1 : Operation 28 [1/1] (1.56ns)   --->   "%sub_ln73_35 = sub i3 0, i3 %zext_ln70_39" [firmware/nnet_utils/nnet_mult.h:73->firmware/nnet_utils/nnet_dense_latency.h:42]   --->   Operation 28 'sub' 'sub_ln73_35' <Predicate = true> <Delay = 1.56> <CoreInst = "Adder">   --->   Core 1 'Adder' <Latency = 0> <II = 1> <Delay = 1.56> <FuncUnit> <Opcode : 'add' 'sub'> <InPorts = 2> <OutPorts = 1>
ST_1 : Operation 29 [1/1] (0.00ns)   --->   "%zext_ln70_40 = zext i2 %data_2_val_read" [firmware/nnet_utils/nnet_mult.h:70->firmware/nnet_utils/nnet_dense_latency.h:42]   --->   Operation 29 'zext' 'zext_ln70_40' <Predicate = true> <Delay = 0.00>
ST_1 : Operation 30 [1/1] (0.00ns)   --->   "%zext_ln70_42 = zext i2 %data_4_val_read" [firmware/nnet_utils/nnet_mult.h:70->firmware/nnet_utils/nnet_dense_latency.h:42]   --->   Operation 30 'zext' 'zext_ln70_42' <Predicate = true> <Delay = 0.00>
ST_1 : Operation 31 [1/1] (0.00ns)   --->   "%zext_ln70_43 = zext i2 %data_5_val_read" [firmware/nnet_utils/nnet_mult.h:70->firmware/nnet_utils/nnet_dense_latency.h:42]   --->   Operation 31 'zext' 'zext_ln70_43' <Predicate = true> <Delay = 0.00>
ST_1 : Operation 32 [1/1] (0.00ns)   --->   "%zext_ln70_44 = zext i2 %data_6_val_read" [firmware/nnet_utils/nnet_mult.h:70->firmware/nnet_utils/nnet_dense_latency.h:42]   --->   Operation 32 'zext' 'zext_ln70_44' <Predicate = true> <Delay = 0.00>
ST_1 : Operation 33 [1/1] (0.00ns)   --->   "%zext_ln70_45 = zext i2 %data_7_val_read" [firmware/nnet_utils/nnet_mult.h:70->firmware/nnet_utils/nnet_dense_latency.h:42]   --->   Operation 33 'zext' 'zext_ln70_45' <Predicate = true> <Delay = 0.00>
ST_1 : Operation 34 [1/1] (1.56ns)   --->   "%sub_ln73_38 = sub i3 0, i3 %zext_ln70_45" [firmware/nnet_utils/nnet_mult.h:73->firmware/nnet_utils/nnet_dense_latency.h:42]   --->   Operation 34 'sub' 'sub_ln73_38' <Predicate = true> <Delay = 1.56> <CoreInst = "Adder">   --->   Core 1 'Adder' <Latency = 0> <II = 1> <Delay = 1.56> <FuncUnit> <Opcode : 'add' 'sub'> <InPorts = 2> <OutPorts = 1>
ST_1 : Operation 35 [1/1] (0.00ns)   --->   "%zext_ln70_46 = zext i2 %data_8_val_read" [firmware/nnet_utils/nnet_mult.h:70->firmware/nnet_utils/nnet_dense_latency.h:42]   --->   Operation 35 'zext' 'zext_ln70_46' <Predicate = true> <Delay = 0.00>
ST_1 : Operation 36 [1/1] (1.56ns)   --->   "%sub_ln73_39 = sub i3 0, i3 %zext_ln70_46" [firmware/nnet_utils/nnet_mult.h:73->firmware/nnet_utils/nnet_dense_latency.h:42]   --->   Operation 36 'sub' 'sub_ln73_39' <Predicate = true> <Delay = 1.56> <CoreInst = "Adder">   --->   Core 1 'Adder' <Latency = 0> <II = 1> <Delay = 1.56> <FuncUnit> <Opcode : 'add' 'sub'> <InPorts = 2> <OutPorts = 1>
ST_1 : Operation 37 [1/1] (0.00ns)   --->   "%zext_ln70_48 = zext i2 %data_10_val_read" [firmware/nnet_utils/nnet_mult.h:70->firmware/nnet_utils/nnet_dense_latency.h:42]   --->   Operation 37 'zext' 'zext_ln70_48' <Predicate = true> <Delay = 0.00>
ST_1 : Operation 38 [1/1] (1.56ns)   --->   "%sub_ln73_41 = sub i3 0, i3 %zext_ln70_48" [firmware/nnet_utils/nnet_mult.h:73->firmware/nnet_utils/nnet_dense_latency.h:42]   --->   Operation 38 'sub' 'sub_ln73_41' <Predicate = true> <Delay = 1.56> <CoreInst = "Adder">   --->   Core 1 'Adder' <Latency = 0> <II = 1> <Delay = 1.56> <FuncUnit> <Opcode : 'add' 'sub'> <InPorts = 2> <OutPorts = 1>
ST_1 : Operation 39 [1/1] (0.00ns)   --->   "%zext_ln70_50 = zext i2 %data_12_val_read" [firmware/nnet_utils/nnet_mult.h:70->firmware/nnet_utils/nnet_dense_latency.h:42]   --->   Operation 39 'zext' 'zext_ln70_50' <Predicate = true> <Delay = 0.00>
ST_1 : Operation 40 [1/1] (1.56ns)   --->   "%sub_ln73_43 = sub i3 0, i3 %zext_ln70_50" [firmware/nnet_utils/nnet_mult.h:73->firmware/nnet_utils/nnet_dense_latency.h:42]   --->   Operation 40 'sub' 'sub_ln73_43' <Predicate = true> <Delay = 1.56> <CoreInst = "Adder">   --->   Core 1 'Adder' <Latency = 0> <II = 1> <Delay = 1.56> <FuncUnit> <Opcode : 'add' 'sub'> <InPorts = 2> <OutPorts = 1>
ST_1 : Operation 41 [1/1] (0.00ns)   --->   "%zext_ln70_51 = zext i2 %data_13_val_read" [firmware/nnet_utils/nnet_mult.h:70->firmware/nnet_utils/nnet_dense_latency.h:42]   --->   Operation 41 'zext' 'zext_ln70_51' <Predicate = true> <Delay = 0.00>
ST_1 : Operation 42 [1/1] (0.00ns)   --->   "%zext_ln70_52 = zext i2 %data_14_val_read" [firmware/nnet_utils/nnet_mult.h:70->firmware/nnet_utils/nnet_dense_latency.h:42]   --->   Operation 42 'zext' 'zext_ln70_52' <Predicate = true> <Delay = 0.00>
ST_1 : Operation 43 [1/1] (1.56ns)   --->   "%sub_ln73_44 = sub i3 0, i3 %zext_ln70_52" [firmware/nnet_utils/nnet_mult.h:73->firmware/nnet_utils/nnet_dense_latency.h:42]   --->   Operation 43 'sub' 'sub_ln73_44' <Predicate = true> <Delay = 1.56> <CoreInst = "Adder">   --->   Core 1 'Adder' <Latency = 0> <II = 1> <Delay = 1.56> <FuncUnit> <Opcode : 'add' 'sub'> <InPorts = 2> <OutPorts = 1>
ST_1 : Operation 44 [1/1] (0.00ns)   --->   "%zext_ln70_53 = zext i2 %data_15_val_read" [firmware/nnet_utils/nnet_mult.h:70->firmware/nnet_utils/nnet_dense_latency.h:42]   --->   Operation 44 'zext' 'zext_ln70_53' <Predicate = true> <Delay = 0.00>
ST_1 : Operation 45 [1/1] (1.56ns)   --->   "%sub_ln73_45 = sub i3 0, i3 %zext_ln70_53" [firmware/nnet_utils/nnet_mult.h:73->firmware/nnet_utils/nnet_dense_latency.h:42]   --->   Operation 45 'sub' 'sub_ln73_45' <Predicate = true> <Delay = 1.56> <CoreInst = "Adder">   --->   Core 1 'Adder' <Latency = 0> <II = 1> <Delay = 1.56> <FuncUnit> <Opcode : 'add' 'sub'> <InPorts = 2> <OutPorts = 1>
ST_1 : Operation 46 [1/1] (0.00ns)   --->   "%zext_ln70_54 = zext i2 %data_16_val_read" [firmware/nnet_utils/nnet_mult.h:70->firmware/nnet_utils/nnet_dense_latency.h:42]   --->   Operation 46 'zext' 'zext_ln70_54' <Predicate = true> <Delay = 0.00>
ST_1 : Operation 47 [1/1] (1.56ns)   --->   "%sub_ln73_46 = sub i3 0, i3 %zext_ln70_54" [firmware/nnet_utils/nnet_mult.h:73->firmware/nnet_utils/nnet_dense_latency.h:42]   --->   Operation 47 'sub' 'sub_ln73_46' <Predicate = true> <Delay = 1.56> <CoreInst = "Adder">   --->   Core 1 'Adder' <Latency = 0> <II = 1> <Delay = 1.56> <FuncUnit> <Opcode : 'add' 'sub'> <InPorts = 2> <OutPorts = 1>
ST_1 : Operation 48 [1/1] (0.00ns)   --->   "%zext_ln70_55 = zext i2 %data_18_val_read" [firmware/nnet_utils/nnet_mult.h:70->firmware/nnet_utils/nnet_dense_latency.h:42]   --->   Operation 48 'zext' 'zext_ln70_55' <Predicate = true> <Delay = 0.00>
ST_1 : Operation 49 [1/1] (1.56ns)   --->   "%sub_ln73_47 = sub i3 0, i3 %zext_ln70_55" [firmware/nnet_utils/nnet_mult.h:73->firmware/nnet_utils/nnet_dense_latency.h:42]   --->   Operation 49 'sub' 'sub_ln73_47' <Predicate = true> <Delay = 1.56> <CoreInst = "Adder">   --->   Core 1 'Adder' <Latency = 0> <II = 1> <Delay = 1.56> <FuncUnit> <Opcode : 'add' 'sub'> <InPorts = 2> <OutPorts = 1>
ST_1 : Operation 50 [1/1] (0.00ns)   --->   "%zext_ln70_56 = zext i2 %data_19_val_read" [firmware/nnet_utils/nnet_mult.h:70->firmware/nnet_utils/nnet_dense_latency.h:42]   --->   Operation 50 'zext' 'zext_ln70_56' <Predicate = true> <Delay = 0.00>
ST_1 : Operation 51 [1/1] (1.56ns)   --->   "%sub_ln73_48 = sub i3 0, i3 %zext_ln70_56" [firmware/nnet_utils/nnet_mult.h:73->firmware/nnet_utils/nnet_dense_latency.h:42]   --->   Operation 51 'sub' 'sub_ln73_48' <Predicate = true> <Delay = 1.56> <CoreInst = "Adder">   --->   Core 1 'Adder' <Latency = 0> <II = 1> <Delay = 1.56> <FuncUnit> <Opcode : 'add' 'sub'> <InPorts = 2> <OutPorts = 1>
ST_1 : Operation 52 [1/1] (1.56ns)   --->   "%tmp15 = sub i3 %zext_ln70_52, i3 %zext_ln70_51" [firmware/nnet_utils/nnet_mult.h:70->firmware/nnet_utils/nnet_dense_latency.h:42]   --->   Operation 52 'sub' 'tmp15' <Predicate = true> <Delay = 1.56> <CoreInst = "Adder">   --->   Core 1 'Adder' <Latency = 0> <II = 1> <Delay = 1.56> <FuncUnit> <Opcode : 'add' 'sub'> <InPorts = 2> <OutPorts = 1>
ST_1 : Operation 53 [1/1] (1.56ns)   --->   "%tmp4013 = add i3 %zext_ln70_55, i3 %zext_ln70_44" [firmware/nnet_utils/nnet_mult.h:70->firmware/nnet_utils/nnet_dense_latency.h:42]   --->   Operation 53 'add' 'tmp4013' <Predicate = true> <Delay = 1.56> <CoreInst = "Adder">   --->   Core 1 'Adder' <Latency = 0> <II = 1> <Delay = 1.56> <FuncUnit> <Opcode : 'add' 'sub'> <InPorts = 2> <OutPorts = 1>
ST_1 : Operation 54 [1/1] (1.56ns)   --->   "%sum = add i3 %zext_ln70_43, i3 %zext_ln70_40" [firmware/nnet_utils/nnet_mult.h:70->firmware/nnet_utils/nnet_dense_latency.h:42]   --->   Operation 54 'add' 'sum' <Predicate = true> <Delay = 1.56> <CoreInst = "Adder">   --->   Core 1 'Adder' <Latency = 0> <II = 1> <Delay = 1.56> <FuncUnit> <Opcode : 'add' 'sub'> <InPorts = 2> <OutPorts = 1>
ST_1 : Operation 55 [1/1] (0.00ns)   --->   "%sum_cast = zext i3 %sum" [firmware/nnet_utils/nnet_mult.h:70->firmware/nnet_utils/nnet_dense_latency.h:42]   --->   Operation 55 'zext' 'sum_cast' <Predicate = true> <Delay = 0.00>
ST_1 : Operation 56 [1/1] (0.00ns)   --->   "%data_12_val_cast87 = zext i2 %data_12_val_read" [firmware/nnet_utils/nnet_mult.h:70->firmware/nnet_utils/nnet_dense_latency.h:42]   --->   Operation 56 'zext' 'data_12_val_cast87' <Predicate = true> <Delay = 0.00>
ST_1 : Operation 57 [1/1] (1.65ns)   --->   "%tmp4311 = sub i4 %data_12_val_cast87, i4 %sum_cast" [firmware/nnet_utils/nnet_mult.h:70->firmware/nnet_utils/nnet_dense_latency.h:42]   --->   Operation 57 'sub' 'tmp4311' <Predicate = true> <Delay = 1.65> <CoreInst = "Adder">   --->   Core 1 'Adder' <Latency = 0> <II = 1> <Delay = 1.65> <FuncUnit> <Opcode : 'add' 'sub'> <InPorts = 2> <OutPorts = 1>
ST_1 : Operation 58 [1/1] (1.56ns)   --->   "%tmp459 = sub i3 %zext_ln70_46, i3 %zext_ln70_42" [firmware/nnet_utils/nnet_mult.h:70->firmware/nnet_utils/nnet_dense_latency.h:42]   --->   Operation 58 'sub' 'tmp459' <Predicate = true> <Delay = 1.56> <CoreInst = "Adder">   --->   Core 1 'Adder' <Latency = 0> <II = 1> <Delay = 1.56> <FuncUnit> <Opcode : 'add' 'sub'> <InPorts = 2> <OutPorts = 1>

State 2 <SV = 1> <Delay = 3.75>
ST_2 : Operation 59 [1/1] (0.00ns)   --->   "%shl_ln = bitconcatenate i10 @_ssdm_op_BitConcatenate.i10.i3.i7, i3 %sub_ln73, i7 0" [firmware/nnet_utils/nnet_dense_latency.h:42]   --->   Operation 59 'bitconcatenate' 'shl_ln' <Predicate = true> <Delay = 0.00>
ST_2 : Operation 60 [1/1] (0.00ns)   --->   "%shl_ln42_s = bitconcatenate i9 @_ssdm_op_BitConcatenate.i9.i2.i7, i2 %data_0_val_read, i7 0" [firmware/nnet_utils/nnet_dense_latency.h:42]   --->   Operation 60 'bitconcatenate' 'shl_ln42_s' <Predicate = true> <Delay = 0.00>
ST_2 : Operation 61 [1/1] (0.00ns)   --->   "%shl_ln42_64_cast = zext i9 %shl_ln42_s" [firmware/nnet_utils/nnet_dense_latency.h:42]   --->   Operation 61 'zext' 'shl_ln42_64_cast' <Predicate = true> <Delay = 0.00>
ST_2 : Operation 62 [1/1] (0.00ns)   --->   "%shl_ln42_62 = bitconcatenate i9 @_ssdm_op_BitConcatenate.i9.i2.i7, i2 %data_1_val_read, i7 0" [firmware/nnet_utils/nnet_dense_latency.h:42]   --->   Operation 62 'bitconcatenate' 'shl_ln42_62' <Predicate = true> <Delay = 0.00>
ST_2 : Operation 63 [1/1] (0.00ns)   --->   "%zext_ln73 = zext i9 %shl_ln42_62" [firmware/nnet_utils/nnet_mult.h:73->firmware/nnet_utils/nnet_dense_latency.h:42]   --->   Operation 63 'zext' 'zext_ln73' <Predicate = true> <Delay = 0.00>
ST_2 : Operation 64 [1/1] (0.00ns)   --->   "%shl_ln42_63 = bitconcatenate i10 @_ssdm_op_BitConcatenate.i10.i3.i7, i3 %sub_ln73_35, i7 0" [firmware/nnet_utils/nnet_dense_latency.h:42]   --->   Operation 64 'bitconcatenate' 'shl_ln42_63' <Predicate = true> <Delay = 0.00>
ST_2 : Operation 65 [1/1] (0.00ns)   --->   "%shl_ln42_64 = bitconcatenate i9 @_ssdm_op_BitConcatenate.i9.i2.i7, i2 %data_2_val_read, i7 0" [firmware/nnet_utils/nnet_dense_latency.h:42]   --->   Operation 65 'bitconcatenate' 'shl_ln42_64' <Predicate = true> <Delay = 0.00>
ST_2 : Operation 66 [1/1] (0.00ns)   --->   "%shl_ln42_67_cast = zext i9 %shl_ln42_64" [firmware/nnet_utils/nnet_dense_latency.h:42]   --->   Operation 66 'zext' 'shl_ln42_67_cast' <Predicate = true> <Delay = 0.00>
ST_2 : Operation 67 [1/1] (0.00ns)   --->   "%zext_ln70_41 = zext i2 %data_3_val_read" [firmware/nnet_utils/nnet_mult.h:70->firmware/nnet_utils/nnet_dense_latency.h:42]   --->   Operation 67 'zext' 'zext_ln70_41' <Predicate = true> <Delay = 0.00>
ST_2 : Operation 68 [1/1] (0.00ns)   --->   "%shl_ln42_65 = bitconcatenate i9 @_ssdm_op_BitConcatenate.i9.i2.i7, i2 %data_3_val_read, i7 0" [firmware/nnet_utils/nnet_dense_latency.h:42]   --->   Operation 68 'bitconcatenate' 'shl_ln42_65' <Predicate = true> <Delay = 0.00>
ST_2 : Operation 69 [1/1] (0.00ns)   --->   "%zext_ln73_27 = zext i9 %shl_ln42_65" [firmware/nnet_utils/nnet_mult.h:73->firmware/nnet_utils/nnet_dense_latency.h:42]   --->   Operation 69 'zext' 'zext_ln73_27' <Predicate = true> <Delay = 0.00>
ST_2 : Operation 70 [1/1] (0.00ns)   --->   "%zext_ln73_28 = zext i9 %shl_ln42_65" [firmware/nnet_utils/nnet_mult.h:73->firmware/nnet_utils/nnet_dense_latency.h:42]   --->   Operation 70 'zext' 'zext_ln73_28' <Predicate = true> <Delay = 0.00>
ST_2 : Operation 71 [1/1] (1.56ns)   --->   "%sub_ln73_36 = sub i3 0, i3 %zext_ln70_41" [firmware/nnet_utils/nnet_mult.h:73->firmware/nnet_utils/nnet_dense_latency.h:42]   --->   Operation 71 'sub' 'sub_ln73_36' <Predicate = true> <Delay = 1.56> <CoreInst = "Adder">   --->   Core 1 'Adder' <Latency = 0> <II = 1> <Delay = 1.56> <FuncUnit> <Opcode : 'add' 'sub'> <InPorts = 2> <OutPorts = 1>
ST_2 : Operation 72 [1/1] (0.00ns)   --->   "%shl_ln42_66 = bitconcatenate i10 @_ssdm_op_BitConcatenate.i10.i3.i7, i3 %sub_ln73_36, i7 0" [firmware/nnet_utils/nnet_dense_latency.h:42]   --->   Operation 72 'bitconcatenate' 'shl_ln42_66' <Predicate = true> <Delay = 0.00>
ST_2 : Operation 73 [1/1] (0.00ns)   --->   "%shl_ln42_69_cast = sext i10 %shl_ln42_66" [firmware/nnet_utils/nnet_dense_latency.h:42]   --->   Operation 73 'sext' 'shl_ln42_69_cast' <Predicate = true> <Delay = 0.00>
ST_2 : Operation 74 [1/1] (0.00ns)   --->   "%shl_ln42_67 = bitconcatenate i9 @_ssdm_op_BitConcatenate.i9.i2.i7, i2 %data_4_val_read, i7 0" [firmware/nnet_utils/nnet_dense_latency.h:42]   --->   Operation 74 'bitconcatenate' 'shl_ln42_67' <Predicate = true> <Delay = 0.00>
ST_2 : Operation 75 [1/1] (0.00ns)   --->   "%shl_ln42_70_cast79 = zext i9 %shl_ln42_67" [firmware/nnet_utils/nnet_dense_latency.h:42]   --->   Operation 75 'zext' 'shl_ln42_70_cast79' <Predicate = true> <Delay = 0.00>
ST_2 : Operation 76 [1/1] (0.00ns)   --->   "%shl_ln42_70_cast = zext i9 %shl_ln42_67" [firmware/nnet_utils/nnet_dense_latency.h:42]   --->   Operation 76 'zext' 'shl_ln42_70_cast' <Predicate = true> <Delay = 0.00>
ST_2 : Operation 77 [1/1] (0.00ns)   --->   "%shl_ln42_68 = bitconcatenate i9 @_ssdm_op_BitConcatenate.i9.i2.i7, i2 %data_5_val_read, i7 0" [firmware/nnet_utils/nnet_dense_latency.h:42]   --->   Operation 77 'bitconcatenate' 'shl_ln42_68' <Predicate = true> <Delay = 0.00>
ST_2 : Operation 78 [1/1] (0.00ns)   --->   "%shl_ln42_71_cast = zext i9 %shl_ln42_68" [firmware/nnet_utils/nnet_dense_latency.h:42]   --->   Operation 78 'zext' 'shl_ln42_71_cast' <Predicate = true> <Delay = 0.00>
ST_2 : Operation 79 [1/1] (1.56ns)   --->   "%sub_ln73_37 = sub i3 0, i3 %zext_ln70_44" [firmware/nnet_utils/nnet_mult.h:73->firmware/nnet_utils/nnet_dense_latency.h:42]   --->   Operation 79 'sub' 'sub_ln73_37' <Predicate = true> <Delay = 1.56> <CoreInst = "Adder">   --->   Core 1 'Adder' <Latency = 0> <II = 1> <Delay = 1.56> <FuncUnit> <Opcode : 'add' 'sub'> <InPorts = 2> <OutPorts = 1>
ST_2 : Operation 80 [1/1] (0.00ns)   --->   "%shl_ln42_69 = bitconcatenate i10 @_ssdm_op_BitConcatenate.i10.i3.i7, i3 %sub_ln73_37, i7 0" [firmware/nnet_utils/nnet_dense_latency.h:42]   --->   Operation 80 'bitconcatenate' 'shl_ln42_69' <Predicate = true> <Delay = 0.00>
ST_2 : Operation 81 [1/1] (0.00ns)   --->   "%shl_ln42_69_cast2 = sext i10 %shl_ln42_69" [firmware/nnet_utils/nnet_dense_latency.h:42]   --->   Operation 81 'sext' 'shl_ln42_69_cast2' <Predicate = true> <Delay = 0.00>
ST_2 : Operation 82 [1/1] (0.00ns)   --->   "%shl_ln42_72_cast = sext i10 %shl_ln42_69" [firmware/nnet_utils/nnet_dense_latency.h:42]   --->   Operation 82 'sext' 'shl_ln42_72_cast' <Predicate = true> <Delay = 0.00>
ST_2 : Operation 83 [1/1] (0.00ns)   --->   "%shl_ln42_70 = bitconcatenate i9 @_ssdm_op_BitConcatenate.i9.i2.i7, i2 %data_7_val_read, i7 0" [firmware/nnet_utils/nnet_dense_latency.h:42]   --->   Operation 83 'bitconcatenate' 'shl_ln42_70' <Predicate = true> <Delay = 0.00>
ST_2 : Operation 84 [1/1] (0.00ns)   --->   "%zext_ln73_29 = zext i9 %shl_ln42_70" [firmware/nnet_utils/nnet_mult.h:73->firmware/nnet_utils/nnet_dense_latency.h:42]   --->   Operation 84 'zext' 'zext_ln73_29' <Predicate = true> <Delay = 0.00>
ST_2 : Operation 85 [1/1] (0.00ns)   --->   "%zext_ln73_30 = zext i9 %shl_ln42_70" [firmware/nnet_utils/nnet_mult.h:73->firmware/nnet_utils/nnet_dense_latency.h:42]   --->   Operation 85 'zext' 'zext_ln73_30' <Predicate = true> <Delay = 0.00>
ST_2 : Operation 86 [1/1] (0.00ns)   --->   "%shl_ln42_71 = bitconcatenate i10 @_ssdm_op_BitConcatenate.i10.i3.i7, i3 %sub_ln73_38, i7 0" [firmware/nnet_utils/nnet_dense_latency.h:42]   --->   Operation 86 'bitconcatenate' 'shl_ln42_71' <Predicate = true> <Delay = 0.00>
ST_2 : Operation 87 [1/1] (0.00ns)   --->   "%shl_ln42_74_cast = sext i10 %shl_ln42_71" [firmware/nnet_utils/nnet_dense_latency.h:42]   --->   Operation 87 'sext' 'shl_ln42_74_cast' <Predicate = true> <Delay = 0.00>
ST_2 : Operation 88 [1/1] (0.00ns)   --->   "%shl_ln42_72 = bitconcatenate i10 @_ssdm_op_BitConcatenate.i10.i3.i7, i3 %sub_ln73_39, i7 0" [firmware/nnet_utils/nnet_dense_latency.h:42]   --->   Operation 88 'bitconcatenate' 'shl_ln42_72' <Predicate = true> <Delay = 0.00>
ST_2 : Operation 89 [1/1] (0.00ns)   --->   "%shl_ln42_75_cast = sext i10 %shl_ln42_72" [firmware/nnet_utils/nnet_dense_latency.h:42]   --->   Operation 89 'sext' 'shl_ln42_75_cast' <Predicate = true> <Delay = 0.00>
ST_2 : Operation 90 [1/1] (0.00ns)   --->   "%zext_ln70_47 = zext i2 %data_9_val_read" [firmware/nnet_utils/nnet_mult.h:70->firmware/nnet_utils/nnet_dense_latency.h:42]   --->   Operation 90 'zext' 'zext_ln70_47' <Predicate = true> <Delay = 0.00>
ST_2 : Operation 91 [1/1] (0.00ns)   --->   "%shl_ln42_73 = bitconcatenate i9 @_ssdm_op_BitConcatenate.i9.i2.i7, i2 %data_9_val_read, i7 0" [firmware/nnet_utils/nnet_dense_latency.h:42]   --->   Operation 91 'bitconcatenate' 'shl_ln42_73' <Predicate = true> <Delay = 0.00>
ST_2 : Operation 92 [1/1] (0.00ns)   --->   "%zext_ln73_31 = zext i9 %shl_ln42_73" [firmware/nnet_utils/nnet_mult.h:73->firmware/nnet_utils/nnet_dense_latency.h:42]   --->   Operation 92 'zext' 'zext_ln73_31' <Predicate = true> <Delay = 0.00>
ST_2 : Operation 93 [1/1] (0.00ns)   --->   "%zext_ln73_32 = zext i9 %shl_ln42_73" [firmware/nnet_utils/nnet_mult.h:73->firmware/nnet_utils/nnet_dense_latency.h:42]   --->   Operation 93 'zext' 'zext_ln73_32' <Predicate = true> <Delay = 0.00>
ST_2 : Operation 94 [1/1] (1.56ns)   --->   "%sub_ln73_40 = sub i3 0, i3 %zext_ln70_47" [firmware/nnet_utils/nnet_mult.h:73->firmware/nnet_utils/nnet_dense_latency.h:42]   --->   Operation 94 'sub' 'sub_ln73_40' <Predicate = true> <Delay = 1.56> <CoreInst = "Adder">   --->   Core 1 'Adder' <Latency = 0> <II = 1> <Delay = 1.56> <FuncUnit> <Opcode : 'add' 'sub'> <InPorts = 2> <OutPorts = 1>
ST_2 : Operation 95 [1/1] (0.00ns)   --->   "%shl_ln42_74 = bitconcatenate i10 @_ssdm_op_BitConcatenate.i10.i3.i7, i3 %sub_ln73_40, i7 0" [firmware/nnet_utils/nnet_dense_latency.h:42]   --->   Operation 95 'bitconcatenate' 'shl_ln42_74' <Predicate = true> <Delay = 0.00>
ST_2 : Operation 96 [1/1] (0.00ns)   --->   "%shl_ln42_77_cast88 = sext i10 %shl_ln42_74" [firmware/nnet_utils/nnet_dense_latency.h:42]   --->   Operation 96 'sext' 'shl_ln42_77_cast88' <Predicate = true> <Delay = 0.00>
ST_2 : Operation 97 [1/1] (0.00ns)   --->   "%shl_ln42_77_cast = sext i10 %shl_ln42_74" [firmware/nnet_utils/nnet_dense_latency.h:42]   --->   Operation 97 'sext' 'shl_ln42_77_cast' <Predicate = true> <Delay = 0.00>
ST_2 : Operation 98 [1/1] (0.00ns)   --->   "%shl_ln42_75 = bitconcatenate i9 @_ssdm_op_BitConcatenate.i9.i2.i7, i2 %data_10_val_read, i7 0" [firmware/nnet_utils/nnet_dense_latency.h:42]   --->   Operation 98 'bitconcatenate' 'shl_ln42_75' <Predicate = true> <Delay = 0.00>
ST_2 : Operation 99 [1/1] (0.00ns)   --->   "%zext_ln73_33 = zext i9 %shl_ln42_75" [firmware/nnet_utils/nnet_mult.h:73->firmware/nnet_utils/nnet_dense_latency.h:42]   --->   Operation 99 'zext' 'zext_ln73_33' <Predicate = true> <Delay = 0.00>
ST_2 : Operation 100 [1/1] (0.00ns)   --->   "%shl_ln42_76 = bitconcatenate i10 @_ssdm_op_BitConcatenate.i10.i3.i7, i3 %sub_ln73_41, i7 0" [firmware/nnet_utils/nnet_dense_latency.h:42]   --->   Operation 100 'bitconcatenate' 'shl_ln42_76' <Predicate = true> <Delay = 0.00>
ST_2 : Operation 101 [1/1] (0.00ns)   --->   "%shl_ln42_79_cast = sext i10 %shl_ln42_76" [firmware/nnet_utils/nnet_dense_latency.h:42]   --->   Operation 101 'sext' 'shl_ln42_79_cast' <Predicate = true> <Delay = 0.00>
ST_2 : Operation 102 [1/1] (0.00ns)   --->   "%zext_ln70_49 = zext i2 %data_11_val_read" [firmware/nnet_utils/nnet_mult.h:70->firmware/nnet_utils/nnet_dense_latency.h:42]   --->   Operation 102 'zext' 'zext_ln70_49' <Predicate = true> <Delay = 0.00>
ST_2 : Operation 103 [1/1] (0.00ns)   --->   "%shl_ln42_77 = bitconcatenate i9 @_ssdm_op_BitConcatenate.i9.i2.i7, i2 %data_11_val_read, i7 0" [firmware/nnet_utils/nnet_dense_latency.h:42]   --->   Operation 103 'bitconcatenate' 'shl_ln42_77' <Predicate = true> <Delay = 0.00>
ST_2 : Operation 104 [1/1] (0.00ns)   --->   "%zext_ln73_34 = zext i9 %shl_ln42_77" [firmware/nnet_utils/nnet_mult.h:73->firmware/nnet_utils/nnet_dense_latency.h:42]   --->   Operation 104 'zext' 'zext_ln73_34' <Predicate = true> <Delay = 0.00>
ST_2 : Operation 105 [1/1] (1.56ns)   --->   "%sub_ln73_42 = sub i3 0, i3 %zext_ln70_49" [firmware/nnet_utils/nnet_mult.h:73->firmware/nnet_utils/nnet_dense_latency.h:42]   --->   Operation 105 'sub' 'sub_ln73_42' <Predicate = true> <Delay = 1.56> <CoreInst = "Adder">   --->   Core 1 'Adder' <Latency = 0> <II = 1> <Delay = 1.56> <FuncUnit> <Opcode : 'add' 'sub'> <InPorts = 2> <OutPorts = 1>
ST_2 : Operation 106 [1/1] (0.00ns)   --->   "%shl_ln42_79 = bitconcatenate i10 @_ssdm_op_BitConcatenate.i10.i3.i7, i3 %sub_ln73_43, i7 0" [firmware/nnet_utils/nnet_dense_latency.h:42]   --->   Operation 106 'bitconcatenate' 'shl_ln42_79' <Predicate = true> <Delay = 0.00>
ST_2 : Operation 107 [1/1] (0.00ns)   --->   "%shl_ln42_82_cast = sext i10 %shl_ln42_79" [firmware/nnet_utils/nnet_dense_latency.h:42]   --->   Operation 107 'sext' 'shl_ln42_82_cast' <Predicate = true> <Delay = 0.00>
ST_2 : Operation 108 [1/1] (0.00ns)   --->   "%shl_ln42_80 = bitconcatenate i9 @_ssdm_op_BitConcatenate.i9.i2.i7, i2 %data_13_val_read, i7 0" [firmware/nnet_utils/nnet_dense_latency.h:42]   --->   Operation 108 'bitconcatenate' 'shl_ln42_80' <Predicate = true> <Delay = 0.00>
ST_2 : Operation 109 [1/1] (0.00ns)   --->   "%zext_ln73_35 = zext i9 %shl_ln42_80" [firmware/nnet_utils/nnet_mult.h:73->firmware/nnet_utils/nnet_dense_latency.h:42]   --->   Operation 109 'zext' 'zext_ln73_35' <Predicate = true> <Delay = 0.00>
ST_2 : Operation 110 [1/1] (0.00ns)   --->   "%shl_ln42_81 = bitconcatenate i10 @_ssdm_op_BitConcatenate.i10.i3.i7, i3 %sub_ln73_44, i7 0" [firmware/nnet_utils/nnet_dense_latency.h:42]   --->   Operation 110 'bitconcatenate' 'shl_ln42_81' <Predicate = true> <Delay = 0.00>
ST_2 : Operation 111 [1/1] (0.00ns)   --->   "%shl_ln42_84_cast = sext i10 %shl_ln42_81" [firmware/nnet_utils/nnet_dense_latency.h:42]   --->   Operation 111 'sext' 'shl_ln42_84_cast' <Predicate = true> <Delay = 0.00>
ST_2 : Operation 112 [1/1] (0.00ns)   --->   "%shl_ln42_82 = bitconcatenate i10 @_ssdm_op_BitConcatenate.i10.i3.i7, i3 %sub_ln73_45, i7 0" [firmware/nnet_utils/nnet_dense_latency.h:42]   --->   Operation 112 'bitconcatenate' 'shl_ln42_82' <Predicate = true> <Delay = 0.00>
ST_2 : Operation 113 [1/1] (0.00ns)   --->   "%sext_ln42 = sext i10 %shl_ln42_82" [firmware/nnet_utils/nnet_dense_latency.h:42]   --->   Operation 113 'sext' 'sext_ln42' <Predicate = true> <Delay = 0.00>
ST_2 : Operation 114 [1/1] (0.00ns)   --->   "%sext_ln42_13 = sext i10 %shl_ln42_82" [firmware/nnet_utils/nnet_dense_latency.h:42]   --->   Operation 114 'sext' 'sext_ln42_13' <Predicate = true> <Delay = 0.00>
ST_2 : Operation 115 [1/1] (0.00ns)   --->   "%shl_ln42_83 = bitconcatenate i9 @_ssdm_op_BitConcatenate.i9.i2.i7, i2 %data_15_val_read, i7 0" [firmware/nnet_utils/nnet_dense_latency.h:42]   --->   Operation 115 'bitconcatenate' 'shl_ln42_83' <Predicate = true> <Delay = 0.00>
ST_2 : Operation 116 [1/1] (0.00ns)   --->   "%shl_ln42_86_cast = zext i9 %shl_ln42_83" [firmware/nnet_utils/nnet_dense_latency.h:42]   --->   Operation 116 'zext' 'shl_ln42_86_cast' <Predicate = true> <Delay = 0.00>
ST_2 : Operation 117 [1/1] (0.00ns)   --->   "%shl_ln42_84 = bitconcatenate i9 @_ssdm_op_BitConcatenate.i9.i2.i7, i2 %data_16_val_read, i7 0" [firmware/nnet_utils/nnet_dense_latency.h:42]   --->   Operation 117 'bitconcatenate' 'shl_ln42_84' <Predicate = true> <Delay = 0.00>
ST_2 : Operation 118 [1/1] (0.00ns)   --->   "%zext_ln73_36 = zext i9 %shl_ln42_84" [firmware/nnet_utils/nnet_mult.h:73->firmware/nnet_utils/nnet_dense_latency.h:42]   --->   Operation 118 'zext' 'zext_ln73_36' <Predicate = true> <Delay = 0.00>
ST_2 : Operation 119 [1/1] (0.00ns)   --->   "%zext_ln73_37 = zext i9 %shl_ln42_84" [firmware/nnet_utils/nnet_mult.h:73->firmware/nnet_utils/nnet_dense_latency.h:42]   --->   Operation 119 'zext' 'zext_ln73_37' <Predicate = true> <Delay = 0.00>
ST_2 : Operation 120 [1/1] (0.00ns)   --->   "%shl_ln42_85 = bitconcatenate i10 @_ssdm_op_BitConcatenate.i10.i3.i7, i3 %sub_ln73_46, i7 0" [firmware/nnet_utils/nnet_dense_latency.h:42]   --->   Operation 120 'bitconcatenate' 'shl_ln42_85' <Predicate = true> <Delay = 0.00>
ST_2 : Operation 121 [1/1] (0.00ns)   --->   "%sext_ln70 = sext i10 %shl_ln42_85" [firmware/nnet_utils/nnet_mult.h:70->firmware/nnet_utils/nnet_dense_latency.h:42]   --->   Operation 121 'sext' 'sext_ln70' <Predicate = true> <Delay = 0.00>
ST_2 : Operation 122 [1/1] (0.00ns)   --->   "%shl_ln42_86 = bitconcatenate i9 @_ssdm_op_BitConcatenate.i9.i2.i7, i2 %data_17_val_read, i7 0" [firmware/nnet_utils/nnet_dense_latency.h:42]   --->   Operation 122 'bitconcatenate' 'shl_ln42_86' <Predicate = true> <Delay = 0.00>
ST_2 : Operation 123 [1/1] (0.00ns)   --->   "%shl_ln42_89_cast = zext i9 %shl_ln42_86" [firmware/nnet_utils/nnet_dense_latency.h:42]   --->   Operation 123 'zext' 'shl_ln42_89_cast' <Predicate = true> <Delay = 0.00>
ST_2 : Operation 124 [1/1] (0.00ns)   --->   "%shl_ln42_87 = bitconcatenate i10 @_ssdm_op_BitConcatenate.i10.i3.i7, i3 %sub_ln73_47, i7 0" [firmware/nnet_utils/nnet_dense_latency.h:42]   --->   Operation 124 'bitconcatenate' 'shl_ln42_87' <Predicate = true> <Delay = 0.00>
ST_2 : Operation 125 [1/1] (0.00ns)   --->   "%shl_ln42_92_cast = sext i10 %shl_ln42_87" [firmware/nnet_utils/nnet_dense_latency.h:42]   --->   Operation 125 'sext' 'shl_ln42_92_cast' <Predicate = true> <Delay = 0.00>
ST_2 : Operation 126 [1/1] (0.00ns)   --->   "%shl_ln42_88 = bitconcatenate i9 @_ssdm_op_BitConcatenate.i9.i2.i7, i2 %data_19_val_read, i7 0" [firmware/nnet_utils/nnet_dense_latency.h:42]   --->   Operation 126 'bitconcatenate' 'shl_ln42_88' <Predicate = true> <Delay = 0.00>
ST_2 : Operation 127 [1/1] (0.00ns)   --->   "%zext_ln73_38 = zext i9 %shl_ln42_88" [firmware/nnet_utils/nnet_mult.h:73->firmware/nnet_utils/nnet_dense_latency.h:42]   --->   Operation 127 'zext' 'zext_ln73_38' <Predicate = true> <Delay = 0.00>
ST_2 : Operation 128 [1/1] (0.00ns)   --->   "%shl_ln42_89 = bitconcatenate i10 @_ssdm_op_BitConcatenate.i10.i3.i7, i3 %sub_ln73_48, i7 0" [firmware/nnet_utils/nnet_dense_latency.h:42]   --->   Operation 128 'bitconcatenate' 'shl_ln42_89' <Predicate = true> <Delay = 0.00>
ST_2 : Operation 129 [1/1] (1.82ns)   --->   "%add_ln58 = add i10 %zext_ln73, i10 %shl_ln42_64_cast" [firmware/nnet_utils/nnet_dense_latency.h:58]   --->   Operation 129 'add' 'add_ln58' <Predicate = true> <Delay = 1.82> <CoreInst = "Adder">   --->   Core 1 'Adder' <Latency = 0> <II = 1> <Delay = 1.82> <FuncUnit> <Opcode : 'add' 'sub'> <InPorts = 2> <OutPorts = 1>
ST_2 : Operation 130 [1/1] (0.00ns)   --->   "%zext_ln58 = zext i10 %add_ln58" [firmware/nnet_utils/nnet_dense_latency.h:58]   --->   Operation 130 'zext' 'zext_ln58' <Predicate = true> <Delay = 0.00>
ST_2 : Operation 131 [1/1] (1.73ns)   --->   "%add_ln58_202 = add i10 %shl_ln42_67_cast, i10 %shl_ln" [firmware/nnet_utils/nnet_dense_latency.h:58]   --->   Operation 131 'add' 'add_ln58_202' <Predicate = true> <Delay = 1.73> <CoreInst = "Adder">   --->   Core 1 'Adder' <Latency = 0> <II = 1> <Delay = 1.73> <FuncUnit> <Opcode : 'add' 'sub'> <InPorts = 2> <OutPorts = 1>
ST_2 : Operation 132 [1/1] (0.00ns)   --->   "%sext_ln58 = sext i10 %add_ln58_202" [firmware/nnet_utils/nnet_dense_latency.h:58]   --->   Operation 132 'sext' 'sext_ln58' <Predicate = true> <Delay = 0.00>
ST_2 : Operation 133 [1/1] (1.73ns)   --->   "%add_ln58_203 = add i10 %zext_ln73_28, i10 %shl_ln42_63" [firmware/nnet_utils/nnet_dense_latency.h:58]   --->   Operation 133 'add' 'add_ln58_203' <Predicate = true> <Delay = 1.73> <CoreInst = "Adder">   --->   Core 1 'Adder' <Latency = 0> <II = 1> <Delay = 1.73> <FuncUnit> <Opcode : 'add' 'sub'> <InPorts = 2> <OutPorts = 1>
ST_2 : Operation 134 [1/1] (0.00ns)   --->   "%sext_ln58_155 = sext i10 %add_ln58_203" [firmware/nnet_utils/nnet_dense_latency.h:58]   --->   Operation 134 'sext' 'sext_ln58_155' <Predicate = true> <Delay = 0.00>
ST_2 : Operation 135 [1/1] (1.73ns)   --->   "%add_ln58_204 = add i10 %shl_ln42_71_cast, i10 %shl_ln42_71" [firmware/nnet_utils/nnet_dense_latency.h:58]   --->   Operation 135 'add' 'add_ln58_204' <Predicate = true> <Delay = 1.73> <CoreInst = "Adder">   --->   Core 1 'Adder' <Latency = 0> <II = 1> <Delay = 1.73> <FuncUnit> <Opcode : 'add' 'sub'> <InPorts = 2> <OutPorts = 1>
ST_2 : Operation 136 [1/1] (0.00ns)   --->   "%sext_ln58_156 = sext i10 %add_ln58_204" [firmware/nnet_utils/nnet_dense_latency.h:58]   --->   Operation 136 'sext' 'sext_ln58_156' <Predicate = true> <Delay = 0.00>
ST_2 : Operation 137 [1/1] (1.73ns)   --->   "%add_ln58_205 = add i11 %sext_ln58_156, i11 %sext_ln58_155" [firmware/nnet_utils/nnet_dense_latency.h:58]   --->   Operation 137 'add' 'add_ln58_205' <Predicate = true> <Delay = 1.73> <CoreInst = "Adder">   --->   Core 1 'Adder' <Latency = 0> <II = 1> <Delay = 1.73> <FuncUnit> <Opcode : 'add' 'sub'> <InPorts = 2> <OutPorts = 1>
ST_2 : Operation 138 [1/1] (1.73ns)   --->   "%add_ln58_206 = add i11 %shl_ln42_79_cast, i11 %shl_ln42_82_cast" [firmware/nnet_utils/nnet_dense_latency.h:58]   --->   Operation 138 'add' 'add_ln58_206' <Predicate = true> <Delay = 1.73> <CoreInst = "Adder">   --->   Core 1 'Adder' <Latency = 0> <II = 1> <Delay = 1.73> <FuncUnit> <Opcode : 'add' 'sub'> <InPorts = 2> <OutPorts = 1>
ST_2 : Operation 139 [1/1] (1.82ns)   --->   "%add_ln58_207 = add i10 %shl_ln42_86_cast, i10 %zext_ln73_37" [firmware/nnet_utils/nnet_dense_latency.h:58]   --->   Operation 139 'add' 'add_ln58_207' <Predicate = true> <Delay = 1.82> <CoreInst = "Adder">   --->   Core 1 'Adder' <Latency = 0> <II = 1> <Delay = 1.82> <FuncUnit> <Opcode : 'add' 'sub'> <InPorts = 2> <OutPorts = 1>
ST_2 : Operation 140 [1/1] (0.00ns)   --->   "%zext_ln58_26 = zext i10 %add_ln58_207" [firmware/nnet_utils/nnet_dense_latency.h:58]   --->   Operation 140 'zext' 'zext_ln58_26' <Predicate = true> <Delay = 0.00>
ST_2 : Operation 141 [1/1] (1.63ns)   --->   "%add_ln58_208 = add i11 %zext_ln58_26, i11 %add_ln58_206" [firmware/nnet_utils/nnet_dense_latency.h:58]   --->   Operation 141 'add' 'add_ln58_208' <Predicate = true> <Delay = 1.63> <CoreInst = "Adder">   --->   Core 1 'Adder' <Latency = 0> <II = 1> <Delay = 1.63> <FuncUnit> <Opcode : 'add' 'sub'> <InPorts = 2> <OutPorts = 1>
ST_2 : Operation 142 [1/1] (1.73ns)   --->   "%add_ln58_210 = add i10 %shl_ln42_63, i10 %shl_ln42_67_cast" [firmware/nnet_utils/nnet_dense_latency.h:58]   --->   Operation 142 'add' 'add_ln58_210' <Predicate = true> <Delay = 1.73> <CoreInst = "Adder">   --->   Core 1 'Adder' <Latency = 0> <II = 1> <Delay = 1.73> <FuncUnit> <Opcode : 'add' 'sub'> <InPorts = 2> <OutPorts = 1>
ST_2 : Operation 143 [1/1] (1.82ns)   --->   "%add_ln58_211 = add i10 %shl_ln42_70_cast, i10 %shl_ln42_71_cast" [firmware/nnet_utils/nnet_dense_latency.h:58]   --->   Operation 143 'add' 'add_ln58_211' <Predicate = true> <Delay = 1.82> <CoreInst = "Adder">   --->   Core 1 'Adder' <Latency = 0> <II = 1> <Delay = 1.82> <FuncUnit> <Opcode : 'add' 'sub'> <InPorts = 2> <OutPorts = 1>
ST_2 : Operation 144 [1/1] (1.73ns)   --->   "%add_ln58_213 = add i10 %shl_ln42_69, i10 %zext_ln73_30" [firmware/nnet_utils/nnet_dense_latency.h:58]   --->   Operation 144 'add' 'add_ln58_213' <Predicate = true> <Delay = 1.73> <CoreInst = "Adder">   --->   Core 1 'Adder' <Latency = 0> <II = 1> <Delay = 1.73> <FuncUnit> <Opcode : 'add' 'sub'> <InPorts = 2> <OutPorts = 1>
ST_2 : Operation 145 [1/1] (1.73ns)   --->   "%add_ln58_214 = add i11 %sext_ln42_13, i11 %sext_ln70" [firmware/nnet_utils/nnet_dense_latency.h:58]   --->   Operation 145 'add' 'add_ln58_214' <Predicate = true> <Delay = 1.73> <CoreInst = "Adder">   --->   Core 1 'Adder' <Latency = 0> <II = 1> <Delay = 1.73> <FuncUnit> <Opcode : 'add' 'sub'> <InPorts = 2> <OutPorts = 1>
ST_2 : Operation 146 [1/1] (0.00ns)   --->   "%tmp = bitconcatenate i10 @_ssdm_op_BitConcatenate.i10.i3.i7, i3 %tmp15, i7 0" [firmware/nnet_utils/nnet_mult.h:70->firmware/nnet_utils/nnet_dense_latency.h:42]   --->   Operation 146 'bitconcatenate' 'tmp' <Predicate = true> <Delay = 0.00>
ST_2 : Operation 147 [1/1] (0.00ns)   --->   "%sext_ln58_166 = sext i10 %tmp" [firmware/nnet_utils/nnet_dense_latency.h:58]   --->   Operation 147 'sext' 'sext_ln58_166' <Predicate = true> <Delay = 0.00>
ST_2 : Operation 148 [1/1] (1.73ns)   --->   "%add_ln58_218 = add i11 %shl_ln42_70_cast79, i11 %sext_ln58" [firmware/nnet_utils/nnet_dense_latency.h:58]   --->   Operation 148 'add' 'add_ln58_218' <Predicate = true> <Delay = 1.73> <CoreInst = "Adder">   --->   Core 1 'Adder' <Latency = 0> <II = 1> <Delay = 1.73> <FuncUnit> <Opcode : 'add' 'sub'> <InPorts = 2> <OutPorts = 1>
ST_2 : Operation 149 [1/1] (1.73ns)   --->   "%add_ln58_219 = add i10 %zext_ln73_30, i10 %shl_ln42_72" [firmware/nnet_utils/nnet_dense_latency.h:58]   --->   Operation 149 'add' 'add_ln58_219' <Predicate = true> <Delay = 1.73> <CoreInst = "Adder">   --->   Core 1 'Adder' <Latency = 0> <II = 1> <Delay = 1.73> <FuncUnit> <Opcode : 'add' 'sub'> <InPorts = 2> <OutPorts = 1>
ST_2 : Operation 150 [1/1] (0.00ns)   --->   "%sext_ln58_164 = sext i10 %add_ln58_219" [firmware/nnet_utils/nnet_dense_latency.h:58]   --->   Operation 150 'sext' 'sext_ln58_164' <Predicate = true> <Delay = 0.00>
ST_2 : Operation 151 [1/1] (1.73ns)   --->   "%add_ln58_220 = add i11 %sext_ln58_164, i11 %shl_ln42_72_cast" [firmware/nnet_utils/nnet_dense_latency.h:58]   --->   Operation 151 'add' 'add_ln58_220' <Predicate = true> <Delay = 1.73> <CoreInst = "Adder">   --->   Core 1 'Adder' <Latency = 0> <II = 1> <Delay = 1.73> <FuncUnit> <Opcode : 'add' 'sub'> <InPorts = 2> <OutPorts = 1>
ST_2 : Operation 152 [1/1] (0.00ns)   --->   "%sext_ln58_167 = sext i11 %add_ln58_206" [firmware/nnet_utils/nnet_dense_latency.h:58]   --->   Operation 152 'sext' 'sext_ln58_167' <Predicate = true> <Delay = 0.00>
ST_2 : Operation 153 [1/1] (1.63ns)   --->   "%add_ln58_222 = add i12 %sext_ln58_167, i12 %shl_ln42_77_cast" [firmware/nnet_utils/nnet_dense_latency.h:58]   --->   Operation 153 'add' 'add_ln58_222' <Predicate = true> <Delay = 1.63> <CoreInst = "Adder">   --->   Core 1 'Adder' <Latency = 0> <II = 1> <Delay = 1.63> <FuncUnit> <Opcode : 'add' 'sub'> <InPorts = 2> <OutPorts = 1>
ST_2 : Operation 154 [1/1] (1.73ns)   --->   "%add_ln58_223 = add i10 %shl_ln42_85, i10 %shl_ln42_89_cast" [firmware/nnet_utils/nnet_dense_latency.h:58]   --->   Operation 154 'add' 'add_ln58_223' <Predicate = true> <Delay = 1.73> <CoreInst = "Adder">   --->   Core 1 'Adder' <Latency = 0> <II = 1> <Delay = 1.73> <FuncUnit> <Opcode : 'add' 'sub'> <InPorts = 2> <OutPorts = 1>
ST_2 : Operation 155 [1/1] (0.00ns)   --->   "%sext_ln58_185 = sext i10 %add_ln58_223" [firmware/nnet_utils/nnet_dense_latency.h:58]   --->   Operation 155 'sext' 'sext_ln58_185' <Predicate = true> <Delay = 0.00>
ST_2 : Operation 156 [1/1] (1.73ns)   --->   "%add_ln58_224 = add i11 %sext_ln58_185, i11 %sext_ln58_166" [firmware/nnet_utils/nnet_dense_latency.h:58]   --->   Operation 156 'add' 'add_ln58_224' <Predicate = true> <Delay = 1.73> <CoreInst = "Adder">   --->   Core 1 'Adder' <Latency = 0> <II = 1> <Delay = 1.73> <FuncUnit> <Opcode : 'add' 'sub'> <InPorts = 2> <OutPorts = 1>
ST_2 : Operation 157 [1/1] (0.00ns)   --->   "%tmp6 = bitconcatenate i10 @_ssdm_op_BitConcatenate.i10.i3.i7, i3 %tmp4013, i7 0" [firmware/nnet_utils/nnet_mult.h:70->firmware/nnet_utils/nnet_dense_latency.h:42]   --->   Operation 157 'bitconcatenate' 'tmp6' <Predicate = true> <Delay = 0.00>
ST_2 : Operation 158 [1/1] (0.00ns)   --->   "%zext_ln58_28 = zext i10 %tmp6" [firmware/nnet_utils/nnet_dense_latency.h:58]   --->   Operation 158 'zext' 'zext_ln58_28' <Predicate = true> <Delay = 0.00>
ST_2 : Operation 159 [1/1] (1.82ns)   --->   "%add_ln58_227 = add i10 %zext_ln73_28, i10 %zext_ln73" [firmware/nnet_utils/nnet_dense_latency.h:58]   --->   Operation 159 'add' 'add_ln58_227' <Predicate = true> <Delay = 1.82> <CoreInst = "Adder">   --->   Core 1 'Adder' <Latency = 0> <II = 1> <Delay = 1.82> <FuncUnit> <Opcode : 'add' 'sub'> <InPorts = 2> <OutPorts = 1>
ST_2 : Operation 160 [1/1] (1.73ns)   --->   "%add_ln58_228 = add i10 %shl_ln42_72, i10 %zext_ln73_32" [firmware/nnet_utils/nnet_dense_latency.h:58]   --->   Operation 160 'add' 'add_ln58_228' <Predicate = true> <Delay = 1.73> <CoreInst = "Adder">   --->   Core 1 'Adder' <Latency = 0> <II = 1> <Delay = 1.73> <FuncUnit> <Opcode : 'add' 'sub'> <InPorts = 2> <OutPorts = 1>
ST_2 : Operation 161 [1/1] (0.00ns)   --->   "%sext_ln58_170 = sext i10 %add_ln58_228" [firmware/nnet_utils/nnet_dense_latency.h:58]   --->   Operation 161 'sext' 'sext_ln58_170' <Predicate = true> <Delay = 0.00>
ST_2 : Operation 162 [1/1] (1.73ns)   --->   "%add_ln58_229 = add i11 %sext_ln58_170, i11 %zext_ln73_29" [firmware/nnet_utils/nnet_dense_latency.h:58]   --->   Operation 162 'add' 'add_ln58_229' <Predicate = true> <Delay = 1.73> <CoreInst = "Adder">   --->   Core 1 'Adder' <Latency = 0> <II = 1> <Delay = 1.73> <FuncUnit> <Opcode : 'add' 'sub'> <InPorts = 2> <OutPorts = 1>
ST_2 : Operation 163 [1/1] (1.82ns)   --->   "%add_ln58_231 = add i10 %zext_ln73_33, i10 %zext_ln73_34" [firmware/nnet_utils/nnet_dense_latency.h:58]   --->   Operation 163 'add' 'add_ln58_231' <Predicate = true> <Delay = 1.82> <CoreInst = "Adder">   --->   Core 1 'Adder' <Latency = 0> <II = 1> <Delay = 1.82> <FuncUnit> <Opcode : 'add' 'sub'> <InPorts = 2> <OutPorts = 1>
ST_2 : Operation 164 [1/1] (0.00ns) (grouped into TernaryAdder)   --->   "%add_ln58_232 = add i11 %shl_ln42_84_cast, i11 %zext_ln58_28" [firmware/nnet_utils/nnet_dense_latency.h:58]   --->   Operation 164 'add' 'add_ln58_232' <Predicate = true> <Delay = 0.00> <CoreInst = "TAddSub">   --->   Core 10 'TAddSub' <Latency = 0> <II = 1> <Delay = 1.89> <IPBlock> <Opcode : '' 'add' 'sub'> <InPorts = 3> <OutPorts = 1> <Sync> <CReg>
ST_2 : Operation 165 [1/1] (3.75ns) (root node of TernaryAdder)   --->   "%add_ln58_233 = add i11 %add_ln58_232, i11 %shl_ln42_82_cast" [firmware/nnet_utils/nnet_dense_latency.h:58]   --->   Operation 165 'add' 'add_ln58_233' <Predicate = true> <Delay = 3.75> <CoreInst = "TAddSub">   --->   Core 10 'TAddSub' <Latency = 0> <II = 1> <Delay = 1.89> <IPBlock> <Opcode : '' 'add' 'sub'> <InPorts = 3> <OutPorts = 1> <Sync> <CReg>
ST_2 : Operation 166 [1/1] (1.73ns)   --->   "%add_ln58_236 = add i11 %shl_ln42_69_cast, i11 %zext_ln58" [firmware/nnet_utils/nnet_dense_latency.h:58]   --->   Operation 166 'add' 'add_ln58_236' <Predicate = true> <Delay = 1.73> <CoreInst = "Adder">   --->   Core 1 'Adder' <Latency = 0> <II = 1> <Delay = 1.73> <FuncUnit> <Opcode : 'add' 'sub'> <InPorts = 2> <OutPorts = 1>
ST_2 : Operation 167 [1/1] (0.00ns) (grouped into TernaryAdder)   --->   "%add_ln58_237 = add i11 %sext_ln42_13, i11 %shl_ln42_92_cast" [firmware/nnet_utils/nnet_dense_latency.h:58]   --->   Operation 167 'add' 'add_ln58_237' <Predicate = true> <Delay = 0.00> <CoreInst = "TAddSub">   --->   Core 10 'TAddSub' <Latency = 0> <II = 1> <Delay = 1.89> <IPBlock> <Opcode : '' 'add' 'sub'> <InPorts = 3> <OutPorts = 1> <Sync> <CReg>
ST_2 : Operation 168 [1/1] (3.75ns) (root node of TernaryAdder)   --->   "%add_ln58_238 = add i11 %add_ln58_237, i11 %zext_ln73_31" [firmware/nnet_utils/nnet_dense_latency.h:58]   --->   Operation 168 'add' 'add_ln58_238' <Predicate = true> <Delay = 3.75> <CoreInst = "TAddSub">   --->   Core 10 'TAddSub' <Latency = 0> <II = 1> <Delay = 1.89> <IPBlock> <Opcode : '' 'add' 'sub'> <InPorts = 3> <OutPorts = 1> <Sync> <CReg>
ST_2 : Operation 169 [1/1] (1.73ns)   --->   "%add_ln58_240 = add i10 %shl_ln, i10 %zext_ln73_34" [firmware/nnet_utils/nnet_dense_latency.h:58]   --->   Operation 169 'add' 'add_ln58_240' <Predicate = true> <Delay = 1.73> <CoreInst = "Adder">   --->   Core 1 'Adder' <Latency = 0> <II = 1> <Delay = 1.73> <FuncUnit> <Opcode : 'add' 'sub'> <InPorts = 2> <OutPorts = 1>
ST_2 : Operation 170 [1/1] (0.00ns)   --->   "%sext_ln58_179 = sext i10 %add_ln58_240" [firmware/nnet_utils/nnet_dense_latency.h:58]   --->   Operation 170 'sext' 'sext_ln58_179' <Predicate = true> <Delay = 0.00>
ST_2 : Operation 171 [1/1] (1.73ns)   --->   "%add_ln58_241 = add i11 %sext_ln58_179, i11 %zext_ln73_27" [firmware/nnet_utils/nnet_dense_latency.h:58]   --->   Operation 171 'add' 'add_ln58_241' <Predicate = true> <Delay = 1.73> <CoreInst = "Adder">   --->   Core 1 'Adder' <Latency = 0> <II = 1> <Delay = 1.73> <FuncUnit> <Opcode : 'add' 'sub'> <InPorts = 2> <OutPorts = 1>
ST_2 : Operation 172 [1/1] (1.73ns)   --->   "%add_ln58_242 = add i10 %shl_ln42_82, i10 %zext_ln73_38" [firmware/nnet_utils/nnet_dense_latency.h:58]   --->   Operation 172 'add' 'add_ln58_242' <Predicate = true> <Delay = 1.73> <CoreInst = "Adder">   --->   Core 1 'Adder' <Latency = 0> <II = 1> <Delay = 1.73> <FuncUnit> <Opcode : 'add' 'sub'> <InPorts = 2> <OutPorts = 1>
ST_2 : Operation 173 [1/1] (0.00ns)   --->   "%sext_ln58_181 = sext i10 %add_ln58_242" [firmware/nnet_utils/nnet_dense_latency.h:58]   --->   Operation 173 'sext' 'sext_ln58_181' <Predicate = true> <Delay = 0.00>
ST_2 : Operation 174 [1/1] (1.73ns)   --->   "%add_ln58_243 = add i11 %sext_ln58_181, i11 %shl_ln42_84_cast" [firmware/nnet_utils/nnet_dense_latency.h:58]   --->   Operation 174 'add' 'add_ln58_243' <Predicate = true> <Delay = 1.73> <CoreInst = "Adder">   --->   Core 1 'Adder' <Latency = 0> <II = 1> <Delay = 1.73> <FuncUnit> <Opcode : 'add' 'sub'> <InPorts = 2> <OutPorts = 1>
ST_2 : Operation 175 [1/1] (0.00ns)   --->   "%tmp_7 = bitconcatenate i11 @_ssdm_op_BitConcatenate.i11.i4.i7, i4 %tmp4311, i7 0" [firmware/nnet_utils/nnet_mult.h:70->firmware/nnet_utils/nnet_dense_latency.h:42]   --->   Operation 175 'bitconcatenate' 'tmp_7' <Predicate = true> <Delay = 0.00>
ST_2 : Operation 176 [1/1] (0.00ns)   --->   "%sext_ln58_190 = sext i11 %tmp_7" [firmware/nnet_utils/nnet_dense_latency.h:58]   --->   Operation 176 'sext' 'sext_ln58_190' <Predicate = true> <Delay = 0.00>
ST_2 : Operation 177 [1/1] (1.73ns)   --->   "%add_ln58_245 = add i11 %shl_ln42_72_cast, i11 %zext_ln58" [firmware/nnet_utils/nnet_dense_latency.h:58]   --->   Operation 177 'add' 'add_ln58_245' <Predicate = true> <Delay = 1.73> <CoreInst = "Adder">   --->   Core 1 'Adder' <Latency = 0> <II = 1> <Delay = 1.73> <FuncUnit> <Opcode : 'add' 'sub'> <InPorts = 2> <OutPorts = 1>
ST_2 : Operation 178 [1/1] (1.73ns)   --->   "%add_ln58_246 = add i11 %shl_ln42_77_cast88, i11 %shl_ln42_79_cast" [firmware/nnet_utils/nnet_dense_latency.h:58]   --->   Operation 178 'add' 'add_ln58_246' <Predicate = true> <Delay = 1.73> <CoreInst = "Adder">   --->   Core 1 'Adder' <Latency = 0> <II = 1> <Delay = 1.73> <FuncUnit> <Opcode : 'add' 'sub'> <InPorts = 2> <OutPorts = 1>
ST_2 : Operation 179 [1/1] (1.63ns)   --->   "%add_ln58_248 = add i12 %sext_ln58_190, i12 %sext_ln42" [firmware/nnet_utils/nnet_dense_latency.h:58]   --->   Operation 179 'add' 'add_ln58_248' <Predicate = true> <Delay = 1.63> <CoreInst = "Adder">   --->   Core 1 'Adder' <Latency = 0> <II = 1> <Delay = 1.63> <FuncUnit> <Opcode : 'add' 'sub'> <InPorts = 2> <OutPorts = 1>
ST_2 : Operation 180 [1/1] (1.73ns)   --->   "%add_ln58_249 = add i10 %shl_ln42_89_cast, i10 %shl_ln42_89" [firmware/nnet_utils/nnet_dense_latency.h:58]   --->   Operation 180 'add' 'add_ln58_249' <Predicate = true> <Delay = 1.73> <CoreInst = "Adder">   --->   Core 1 'Adder' <Latency = 0> <II = 1> <Delay = 1.73> <FuncUnit> <Opcode : 'add' 'sub'> <InPorts = 2> <OutPorts = 1>
ST_2 : Operation 181 [1/1] (0.00ns)   --->   "%sext_ln58_186 = sext i10 %add_ln58_249" [firmware/nnet_utils/nnet_dense_latency.h:58]   --->   Operation 181 'sext' 'sext_ln58_186' <Predicate = true> <Delay = 0.00>
ST_2 : Operation 182 [1/1] (1.73ns)   --->   "%add_ln58_250 = add i11 %sext_ln58_186, i11 %zext_ln73_36" [firmware/nnet_utils/nnet_dense_latency.h:58]   --->   Operation 182 'add' 'add_ln58_250' <Predicate = true> <Delay = 1.73> <CoreInst = "Adder">   --->   Core 1 'Adder' <Latency = 0> <II = 1> <Delay = 1.73> <FuncUnit> <Opcode : 'add' 'sub'> <InPorts = 2> <OutPorts = 1>
ST_2 : Operation 183 [1/1] (0.00ns)   --->   "%tmp_8 = bitconcatenate i10 @_ssdm_op_BitConcatenate.i10.i3.i7, i3 %tmp459, i7 0" [firmware/nnet_utils/nnet_mult.h:70->firmware/nnet_utils/nnet_dense_latency.h:42]   --->   Operation 183 'bitconcatenate' 'tmp_8' <Predicate = true> <Delay = 0.00>
ST_2 : Operation 184 [1/1] (0.00ns)   --->   "%sext_ln58_202 = sext i10 %tmp_8" [firmware/nnet_utils/nnet_dense_latency.h:58]   --->   Operation 184 'sext' 'sext_ln58_202' <Predicate = true> <Delay = 0.00>
ST_2 : Operation 185 [1/1] (1.73ns)   --->   "%add_ln58_253 = add i11 %shl_ln42_69_cast, i11 %sext_ln58" [firmware/nnet_utils/nnet_dense_latency.h:58]   --->   Operation 185 'add' 'add_ln58_253' <Predicate = true> <Delay = 1.73> <CoreInst = "Adder">   --->   Core 1 'Adder' <Latency = 0> <II = 1> <Delay = 1.73> <FuncUnit> <Opcode : 'add' 'sub'> <InPorts = 2> <OutPorts = 1>
ST_2 : Operation 186 [1/1] (1.73ns)   --->   "%add_ln58_254 = add i11 %zext_ln73_31, i11 %sext_ln58_202" [firmware/nnet_utils/nnet_dense_latency.h:58]   --->   Operation 186 'add' 'add_ln58_254' <Predicate = true> <Delay = 1.73> <CoreInst = "Adder">   --->   Core 1 'Adder' <Latency = 0> <II = 1> <Delay = 1.73> <FuncUnit> <Opcode : 'add' 'sub'> <InPorts = 2> <OutPorts = 1>
ST_2 : Operation 187 [1/1] (0.00ns)   --->   "%sext_ln58_204 = sext i11 %add_ln58_254" [firmware/nnet_utils/nnet_dense_latency.h:58]   --->   Operation 187 'sext' 'sext_ln58_204' <Predicate = true> <Delay = 0.00>
ST_2 : Operation 188 [1/1] (1.63ns)   --->   "%add_ln58_255 = add i12 %sext_ln58_204, i12 %shl_ln42_69_cast2" [firmware/nnet_utils/nnet_dense_latency.h:58]   --->   Operation 188 'add' 'add_ln58_255' <Predicate = true> <Delay = 1.63> <CoreInst = "Adder">   --->   Core 1 'Adder' <Latency = 0> <II = 1> <Delay = 1.63> <FuncUnit> <Opcode : 'add' 'sub'> <InPorts = 2> <OutPorts = 1>
ST_2 : Operation 189 [1/1] (1.73ns)   --->   "%add_ln58_257 = add i10 %zext_ln73_33, i10 %shl_ln42_79" [firmware/nnet_utils/nnet_dense_latency.h:58]   --->   Operation 189 'add' 'add_ln58_257' <Predicate = true> <Delay = 1.73> <CoreInst = "Adder">   --->   Core 1 'Adder' <Latency = 0> <II = 1> <Delay = 1.73> <FuncUnit> <Opcode : 'add' 'sub'> <InPorts = 2> <OutPorts = 1>
ST_2 : Operation 190 [1/1] (1.82ns)   --->   "%add_ln58_258 = add i10 %shl_ln42_89_cast, i10 %zext_ln73_38" [firmware/nnet_utils/nnet_dense_latency.h:58]   --->   Operation 190 'add' 'add_ln58_258' <Predicate = true> <Delay = 1.82> <CoreInst = "Adder">   --->   Core 1 'Adder' <Latency = 0> <II = 1> <Delay = 1.82> <FuncUnit> <Opcode : 'add' 'sub'> <InPorts = 2> <OutPorts = 1>
ST_2 : Operation 191 [1/1] (0.00ns)   --->   "%zext_ln58_31 = zext i10 %add_ln58_258" [firmware/nnet_utils/nnet_dense_latency.h:58]   --->   Operation 191 'zext' 'zext_ln58_31' <Predicate = true> <Delay = 0.00>
ST_2 : Operation 192 [1/1] (1.73ns)   --->   "%add_ln58_259 = add i11 %zext_ln58_31, i11 %zext_ln73_35" [firmware/nnet_utils/nnet_dense_latency.h:58]   --->   Operation 192 'add' 'add_ln58_259' <Predicate = true> <Delay = 1.73> <CoreInst = "Adder">   --->   Core 1 'Adder' <Latency = 0> <II = 1> <Delay = 1.73> <FuncUnit> <Opcode : 'add' 'sub'> <InPorts = 2> <OutPorts = 1>
ST_2 : Operation 193 [1/1] (1.73ns)   --->   "%add_ln58_262 = add i11 %sext_ln58, i11 %zext_ln73_27" [firmware/nnet_utils/nnet_dense_latency.h:58]   --->   Operation 193 'add' 'add_ln58_262' <Predicate = true> <Delay = 1.73> <CoreInst = "Adder">   --->   Core 1 'Adder' <Latency = 0> <II = 1> <Delay = 1.73> <FuncUnit> <Opcode : 'add' 'sub'> <InPorts = 2> <OutPorts = 1>
ST_2 : Operation 194 [1/1] (1.73ns)   --->   "%add_ln58_263 = add i11 %shl_ln42_74_cast, i11 %shl_ln42_75_cast" [firmware/nnet_utils/nnet_dense_latency.h:58]   --->   Operation 194 'add' 'add_ln58_263' <Predicate = true> <Delay = 1.73> <CoreInst = "Adder">   --->   Core 1 'Adder' <Latency = 0> <II = 1> <Delay = 1.73> <FuncUnit> <Opcode : 'add' 'sub'> <InPorts = 2> <OutPorts = 1>
ST_2 : Operation 195 [1/1] (1.73ns)   --->   "%add_ln58_266 = add i10 %zext_ln73_32, i10 %shl_ln42_79" [firmware/nnet_utils/nnet_dense_latency.h:58]   --->   Operation 195 'add' 'add_ln58_266' <Predicate = true> <Delay = 1.73> <CoreInst = "Adder">   --->   Core 1 'Adder' <Latency = 0> <II = 1> <Delay = 1.73> <FuncUnit> <Opcode : 'add' 'sub'> <InPorts = 2> <OutPorts = 1>
ST_2 : Operation 196 [1/1] (1.73ns)   --->   "%add_ln58_267 = add i10 %shl_ln42_86_cast, i10 %shl_ln42_89" [firmware/nnet_utils/nnet_dense_latency.h:58]   --->   Operation 196 'add' 'add_ln58_267' <Predicate = true> <Delay = 1.73> <CoreInst = "Adder">   --->   Core 1 'Adder' <Latency = 0> <II = 1> <Delay = 1.73> <FuncUnit> <Opcode : 'add' 'sub'> <InPorts = 2> <OutPorts = 1>
ST_2 : Operation 197 [1/1] (0.00ns)   --->   "%sext_ln58_195 = sext i10 %add_ln58_267" [firmware/nnet_utils/nnet_dense_latency.h:58]   --->   Operation 197 'sext' 'sext_ln58_195' <Predicate = true> <Delay = 0.00>
ST_2 : Operation 198 [1/1] (1.73ns)   --->   "%add_ln58_268 = add i11 %sext_ln58_195, i11 %zext_ln73_35" [firmware/nnet_utils/nnet_dense_latency.h:58]   --->   Operation 198 'add' 'add_ln58_268' <Predicate = true> <Delay = 1.73> <CoreInst = "Adder">   --->   Core 1 'Adder' <Latency = 0> <II = 1> <Delay = 1.73> <FuncUnit> <Opcode : 'add' 'sub'> <InPorts = 2> <OutPorts = 1>

State 3 <SV = 2> <Delay = 3.78>
ST_3 : Operation 199 [1/1] (0.00ns)   --->   "%shl_ln42_78 = bitconcatenate i10 @_ssdm_op_BitConcatenate.i10.i3.i7, i3 %sub_ln73_42, i7 0" [firmware/nnet_utils/nnet_dense_latency.h:42]   --->   Operation 199 'bitconcatenate' 'shl_ln42_78' <Predicate = true> <Delay = 0.00>
ST_3 : Operation 200 [1/1] (0.00ns)   --->   "%shl_ln42_81_cast = sext i10 %shl_ln42_78" [firmware/nnet_utils/nnet_dense_latency.h:42]   --->   Operation 200 'sext' 'shl_ln42_81_cast' <Predicate = true> <Delay = 0.00>
ST_3 : Operation 201 [1/1] (0.00ns)   --->   "%sext_ln58_157 = sext i11 %add_ln58_205" [firmware/nnet_utils/nnet_dense_latency.h:58]   --->   Operation 201 'sext' 'sext_ln58_157' <Predicate = true> <Delay = 0.00>
ST_3 : Operation 202 [1/1] (0.00ns)   --->   "%sext_ln58_158 = sext i11 %add_ln58_208" [firmware/nnet_utils/nnet_dense_latency.h:58]   --->   Operation 202 'sext' 'sext_ln58_158' <Predicate = true> <Delay = 0.00>
ST_3 : Operation 203 [1/1] (1.63ns)   --->   "%add_ln58_209 = add i12 %sext_ln58_158, i12 %sext_ln58_157" [firmware/nnet_utils/nnet_dense_latency.h:58]   --->   Operation 203 'add' 'add_ln58_209' <Predicate = true> <Delay = 1.63> <CoreInst = "Adder">   --->   Core 1 'Adder' <Latency = 0> <II = 1> <Delay = 1.63> <FuncUnit> <Opcode : 'add' 'sub'> <InPorts = 2> <OutPorts = 1>
ST_3 : Operation 204 [1/1] (0.00ns)   --->   "%sext_ln58_161 = sext i10 %add_ln58_213" [firmware/nnet_utils/nnet_dense_latency.h:58]   --->   Operation 204 'sext' 'sext_ln58_161' <Predicate = true> <Delay = 0.00>
ST_3 : Operation 205 [1/1] (0.00ns)   --->   "%sext_ln58_162 = sext i11 %add_ln58_214" [firmware/nnet_utils/nnet_dense_latency.h:58]   --->   Operation 205 'sext' 'sext_ln58_162' <Predicate = true> <Delay = 0.00>
ST_3 : Operation 206 [1/1] (0.00ns) (grouped into TernaryAdder)   --->   "%add_ln58_215 = add i12 %sext_ln58_162, i12 %shl_ln42_81_cast" [firmware/nnet_utils/nnet_dense_latency.h:58]   --->   Operation 206 'add' 'add_ln58_215' <Predicate = true> <Delay = 0.00> <CoreInst = "TAddSub">   --->   Core 10 'TAddSub' <Latency = 0> <II = 1> <Delay = 1.89> <IPBlock> <Opcode : '' 'add' 'sub'> <InPorts = 3> <OutPorts = 1> <Sync> <CReg>
ST_3 : Operation 207 [1/1] (3.78ns) (root node of TernaryAdder)   --->   "%add_ln58_216 = add i12 %add_ln58_215, i12 %sext_ln58_161" [firmware/nnet_utils/nnet_dense_latency.h:58]   --->   Operation 207 'add' 'add_ln58_216' <Predicate = true> <Delay = 3.78> <CoreInst = "TAddSub">   --->   Core 10 'TAddSub' <Latency = 0> <II = 1> <Delay = 1.89> <IPBlock> <Opcode : '' 'add' 'sub'> <InPorts = 3> <OutPorts = 1> <Sync> <CReg>
ST_3 : Operation 208 [1/1] (0.00ns)   --->   "%sext_ln58_163 = sext i11 %add_ln58_218" [firmware/nnet_utils/nnet_dense_latency.h:58]   --->   Operation 208 'sext' 'sext_ln58_163' <Predicate = true> <Delay = 0.00>
ST_3 : Operation 209 [1/1] (0.00ns)   --->   "%sext_ln58_165 = sext i11 %add_ln58_220" [firmware/nnet_utils/nnet_dense_latency.h:58]   --->   Operation 209 'sext' 'sext_ln58_165' <Predicate = true> <Delay = 0.00>
ST_3 : Operation 210 [1/1] (1.63ns)   --->   "%add_ln58_221 = add i12 %sext_ln58_165, i12 %sext_ln58_163" [firmware/nnet_utils/nnet_dense_latency.h:58]   --->   Operation 210 'add' 'add_ln58_221' <Predicate = true> <Delay = 1.63> <CoreInst = "Adder">   --->   Core 1 'Adder' <Latency = 0> <II = 1> <Delay = 1.63> <FuncUnit> <Opcode : 'add' 'sub'> <InPorts = 2> <OutPorts = 1>
ST_3 : Operation 211 [1/1] (0.00ns)   --->   "%sext_ln58_168 = sext i12 %add_ln58_221" [firmware/nnet_utils/nnet_dense_latency.h:58]   --->   Operation 211 'sext' 'sext_ln58_168' <Predicate = true> <Delay = 0.00>
ST_3 : Operation 212 [1/1] (0.00ns)   --->   "%sext_ln58_169 = sext i12 %add_ln58_222" [firmware/nnet_utils/nnet_dense_latency.h:58]   --->   Operation 212 'sext' 'sext_ln58_169' <Predicate = true> <Delay = 0.00>
ST_3 : Operation 213 [1/1] (0.00ns)   --->   "%sext_ln58_187 = sext i11 %add_ln58_224" [firmware/nnet_utils/nnet_dense_latency.h:58]   --->   Operation 213 'sext' 'sext_ln58_187' <Predicate = true> <Delay = 0.00>
ST_3 : Operation 214 [1/1] (1.54ns)   --->   "%add_ln58_225 = add i13 %sext_ln58_187, i13 %sext_ln58_169" [firmware/nnet_utils/nnet_dense_latency.h:58]   --->   Operation 214 'add' 'add_ln58_225' <Predicate = true> <Delay = 1.54> <CoreInst = "Adder">   --->   Core 1 'Adder' <Latency = 0> <II = 1> <Delay = 1.54> <FuncUnit> <Opcode : 'add' 'sub'> <InPorts = 2> <OutPorts = 1>
ST_3 : Operation 215 [1/1] (0.00ns)   --->   "%sext_ln58_188 = sext i13 %add_ln58_225" [firmware/nnet_utils/nnet_dense_latency.h:58]   --->   Operation 215 'sext' 'sext_ln58_188' <Predicate = true> <Delay = 0.00>
ST_3 : Operation 216 [1/1] (1.67ns)   --->   "%add_ln58_226 = add i14 %sext_ln58_188, i14 %sext_ln58_168" [firmware/nnet_utils/nnet_dense_latency.h:58]   --->   Operation 216 'add' 'add_ln58_226' <Predicate = true> <Delay = 1.67> <CoreInst = "Adder">   --->   Core 1 'Adder' <Latency = 0> <II = 1> <Delay = 1.67> <FuncUnit> <Opcode : 'add' 'sub'> <InPorts = 2> <OutPorts = 1>
ST_3 : Operation 217 [1/1] (0.00ns)   --->   "%zext_ln58_29 = zext i10 %add_ln58_227" [firmware/nnet_utils/nnet_dense_latency.h:58]   --->   Operation 217 'zext' 'zext_ln58_29' <Predicate = true> <Delay = 0.00>
ST_3 : Operation 218 [1/1] (0.00ns)   --->   "%sext_ln58_171 = sext i11 %add_ln58_229" [firmware/nnet_utils/nnet_dense_latency.h:58]   --->   Operation 218 'sext' 'sext_ln58_171' <Predicate = true> <Delay = 0.00>
ST_3 : Operation 219 [1/1] (1.63ns)   --->   "%add_ln58_230 = add i12 %sext_ln58_171, i12 %zext_ln58_29" [firmware/nnet_utils/nnet_dense_latency.h:58]   --->   Operation 219 'add' 'add_ln58_230' <Predicate = true> <Delay = 1.63> <CoreInst = "Adder">   --->   Core 1 'Adder' <Latency = 0> <II = 1> <Delay = 1.63> <FuncUnit> <Opcode : 'add' 'sub'> <InPorts = 2> <OutPorts = 1>
ST_3 : Operation 220 [1/1] (0.00ns)   --->   "%sext_ln58_172 = sext i12 %add_ln58_230" [firmware/nnet_utils/nnet_dense_latency.h:58]   --->   Operation 220 'sext' 'sext_ln58_172' <Predicate = true> <Delay = 0.00>
ST_3 : Operation 221 [1/1] (0.00ns)   --->   "%zext_ln58_30 = zext i10 %add_ln58_231" [firmware/nnet_utils/nnet_dense_latency.h:58]   --->   Operation 221 'zext' 'zext_ln58_30' <Predicate = true> <Delay = 0.00>
ST_3 : Operation 222 [1/1] (0.00ns)   --->   "%sext_ln58_173 = sext i11 %add_ln58_233" [firmware/nnet_utils/nnet_dense_latency.h:58]   --->   Operation 222 'sext' 'sext_ln58_173' <Predicate = true> <Delay = 0.00>
ST_3 : Operation 223 [1/1] (1.63ns)   --->   "%add_ln58_234 = add i12 %sext_ln58_173, i12 %zext_ln58_30" [firmware/nnet_utils/nnet_dense_latency.h:58]   --->   Operation 223 'add' 'add_ln58_234' <Predicate = true> <Delay = 1.63> <CoreInst = "Adder">   --->   Core 1 'Adder' <Latency = 0> <II = 1> <Delay = 1.63> <FuncUnit> <Opcode : 'add' 'sub'> <InPorts = 2> <OutPorts = 1>
ST_3 : Operation 224 [1/1] (0.00ns)   --->   "%sext_ln58_174 = sext i12 %add_ln58_234" [firmware/nnet_utils/nnet_dense_latency.h:58]   --->   Operation 224 'sext' 'sext_ln58_174' <Predicate = true> <Delay = 0.00>
ST_3 : Operation 225 [1/1] (1.54ns)   --->   "%add_ln58_235 = add i13 %sext_ln58_174, i13 %sext_ln58_172" [firmware/nnet_utils/nnet_dense_latency.h:58]   --->   Operation 225 'add' 'add_ln58_235' <Predicate = true> <Delay = 1.54> <CoreInst = "Adder">   --->   Core 1 'Adder' <Latency = 0> <II = 1> <Delay = 1.54> <FuncUnit> <Opcode : 'add' 'sub'> <InPorts = 2> <OutPorts = 1>
ST_3 : Operation 226 [1/1] (0.00ns)   --->   "%sext_ln58_176 = sext i11 %add_ln58_236" [firmware/nnet_utils/nnet_dense_latency.h:58]   --->   Operation 226 'sext' 'sext_ln58_176' <Predicate = true> <Delay = 0.00>
ST_3 : Operation 227 [1/1] (0.00ns)   --->   "%sext_ln58_177 = sext i11 %add_ln58_238" [firmware/nnet_utils/nnet_dense_latency.h:58]   --->   Operation 227 'sext' 'sext_ln58_177' <Predicate = true> <Delay = 0.00>
ST_3 : Operation 228 [1/1] (1.63ns)   --->   "%add_ln58_239 = add i12 %sext_ln58_177, i12 %sext_ln58_176" [firmware/nnet_utils/nnet_dense_latency.h:58]   --->   Operation 228 'add' 'add_ln58_239' <Predicate = true> <Delay = 1.63> <CoreInst = "Adder">   --->   Core 1 'Adder' <Latency = 0> <II = 1> <Delay = 1.63> <FuncUnit> <Opcode : 'add' 'sub'> <InPorts = 2> <OutPorts = 1>
ST_3 : Operation 229 [1/1] (0.00ns)   --->   "%sext_ln58_180 = sext i11 %add_ln58_241" [firmware/nnet_utils/nnet_dense_latency.h:58]   --->   Operation 229 'sext' 'sext_ln58_180' <Predicate = true> <Delay = 0.00>
ST_3 : Operation 230 [1/1] (0.00ns)   --->   "%sext_ln58_182 = sext i11 %add_ln58_243" [firmware/nnet_utils/nnet_dense_latency.h:58]   --->   Operation 230 'sext' 'sext_ln58_182' <Predicate = true> <Delay = 0.00>
ST_3 : Operation 231 [1/1] (1.63ns)   --->   "%add_ln58_244 = add i12 %sext_ln58_182, i12 %sext_ln58_180" [firmware/nnet_utils/nnet_dense_latency.h:58]   --->   Operation 231 'add' 'add_ln58_244' <Predicate = true> <Delay = 1.63> <CoreInst = "Adder">   --->   Core 1 'Adder' <Latency = 0> <II = 1> <Delay = 1.63> <FuncUnit> <Opcode : 'add' 'sub'> <InPorts = 2> <OutPorts = 1>
ST_3 : Operation 232 [1/1] (0.00ns)   --->   "%sext_ln58_183 = sext i11 %add_ln58_245" [firmware/nnet_utils/nnet_dense_latency.h:58]   --->   Operation 232 'sext' 'sext_ln58_183' <Predicate = true> <Delay = 0.00>
ST_3 : Operation 233 [1/1] (0.00ns)   --->   "%sext_ln58_184 = sext i11 %add_ln58_246" [firmware/nnet_utils/nnet_dense_latency.h:58]   --->   Operation 233 'sext' 'sext_ln58_184' <Predicate = true> <Delay = 0.00>
ST_3 : Operation 234 [1/1] (1.63ns)   --->   "%add_ln58_247 = add i12 %sext_ln58_184, i12 %sext_ln58_183" [firmware/nnet_utils/nnet_dense_latency.h:58]   --->   Operation 234 'add' 'add_ln58_247' <Predicate = true> <Delay = 1.63> <CoreInst = "Adder">   --->   Core 1 'Adder' <Latency = 0> <II = 1> <Delay = 1.63> <FuncUnit> <Opcode : 'add' 'sub'> <InPorts = 2> <OutPorts = 1>
ST_3 : Operation 235 [1/1] (0.00ns)   --->   "%sext_ln58_198 = sext i12 %add_ln58_247" [firmware/nnet_utils/nnet_dense_latency.h:58]   --->   Operation 235 'sext' 'sext_ln58_198' <Predicate = true> <Delay = 0.00>
ST_3 : Operation 236 [1/1] (0.00ns)   --->   "%sext_ln58_199 = sext i12 %add_ln58_248" [firmware/nnet_utils/nnet_dense_latency.h:58]   --->   Operation 236 'sext' 'sext_ln58_199' <Predicate = true> <Delay = 0.00>
ST_3 : Operation 237 [1/1] (0.00ns)   --->   "%sext_ln58_200 = sext i11 %add_ln58_250" [firmware/nnet_utils/nnet_dense_latency.h:58]   --->   Operation 237 'sext' 'sext_ln58_200' <Predicate = true> <Delay = 0.00>
ST_3 : Operation 238 [1/1] (1.54ns)   --->   "%add_ln58_251 = add i13 %sext_ln58_200, i13 %sext_ln58_199" [firmware/nnet_utils/nnet_dense_latency.h:58]   --->   Operation 238 'add' 'add_ln58_251' <Predicate = true> <Delay = 1.54> <CoreInst = "Adder">   --->   Core 1 'Adder' <Latency = 0> <II = 1> <Delay = 1.54> <FuncUnit> <Opcode : 'add' 'sub'> <InPorts = 2> <OutPorts = 1>
ST_3 : Operation 239 [1/1] (0.00ns)   --->   "%sext_ln58_201 = sext i13 %add_ln58_251" [firmware/nnet_utils/nnet_dense_latency.h:58]   --->   Operation 239 'sext' 'sext_ln58_201' <Predicate = true> <Delay = 0.00>
ST_3 : Operation 240 [1/1] (1.67ns)   --->   "%add_ln58_252 = add i14 %sext_ln58_201, i14 %sext_ln58_198" [firmware/nnet_utils/nnet_dense_latency.h:58]   --->   Operation 240 'add' 'add_ln58_252' <Predicate = true> <Delay = 1.67> <CoreInst = "Adder">   --->   Core 1 'Adder' <Latency = 0> <II = 1> <Delay = 1.67> <FuncUnit> <Opcode : 'add' 'sub'> <InPorts = 2> <OutPorts = 1>
ST_3 : Operation 241 [1/1] (0.00ns)   --->   "%sext_ln58_203 = sext i11 %add_ln58_253" [firmware/nnet_utils/nnet_dense_latency.h:58]   --->   Operation 241 'sext' 'sext_ln58_203' <Predicate = true> <Delay = 0.00>
ST_3 : Operation 242 [1/1] (0.00ns)   --->   "%sext_ln58_205 = sext i12 %add_ln58_255" [firmware/nnet_utils/nnet_dense_latency.h:58]   --->   Operation 242 'sext' 'sext_ln58_205' <Predicate = true> <Delay = 0.00>
ST_3 : Operation 243 [1/1] (1.54ns)   --->   "%add_ln58_256 = add i13 %sext_ln58_205, i13 %sext_ln58_203" [firmware/nnet_utils/nnet_dense_latency.h:58]   --->   Operation 243 'add' 'add_ln58_256' <Predicate = true> <Delay = 1.54> <CoreInst = "Adder">   --->   Core 1 'Adder' <Latency = 0> <II = 1> <Delay = 1.54> <FuncUnit> <Opcode : 'add' 'sub'> <InPorts = 2> <OutPorts = 1>
ST_3 : Operation 244 [1/1] (0.00ns)   --->   "%sext_ln58_206 = sext i13 %add_ln58_256" [firmware/nnet_utils/nnet_dense_latency.h:58]   --->   Operation 244 'sext' 'sext_ln58_206' <Predicate = true> <Delay = 0.00>
ST_3 : Operation 245 [1/1] (0.00ns)   --->   "%sext_ln58_189 = sext i10 %add_ln58_257" [firmware/nnet_utils/nnet_dense_latency.h:58]   --->   Operation 245 'sext' 'sext_ln58_189' <Predicate = true> <Delay = 0.00>
ST_3 : Operation 246 [1/1] (0.00ns)   --->   "%zext_ln58_32 = zext i11 %add_ln58_259" [firmware/nnet_utils/nnet_dense_latency.h:58]   --->   Operation 246 'zext' 'zext_ln58_32' <Predicate = true> <Delay = 0.00>
ST_3 : Operation 247 [1/1] (1.63ns)   --->   "%add_ln58_260 = add i12 %zext_ln58_32, i12 %sext_ln58_189" [firmware/nnet_utils/nnet_dense_latency.h:58]   --->   Operation 247 'add' 'add_ln58_260' <Predicate = true> <Delay = 1.63> <CoreInst = "Adder">   --->   Core 1 'Adder' <Latency = 0> <II = 1> <Delay = 1.63> <FuncUnit> <Opcode : 'add' 'sub'> <InPorts = 2> <OutPorts = 1>
ST_3 : Operation 248 [1/1] (0.00ns)   --->   "%sext_ln58_207 = sext i12 %add_ln58_260" [firmware/nnet_utils/nnet_dense_latency.h:58]   --->   Operation 248 'sext' 'sext_ln58_207' <Predicate = true> <Delay = 0.00>
ST_3 : Operation 249 [1/1] (1.67ns)   --->   "%add_ln58_261 = add i14 %sext_ln58_207, i14 %sext_ln58_206" [firmware/nnet_utils/nnet_dense_latency.h:58]   --->   Operation 249 'add' 'add_ln58_261' <Predicate = true> <Delay = 1.67> <CoreInst = "Adder">   --->   Core 1 'Adder' <Latency = 0> <II = 1> <Delay = 1.67> <FuncUnit> <Opcode : 'add' 'sub'> <InPorts = 2> <OutPorts = 1>
ST_3 : Operation 250 [1/1] (0.00ns)   --->   "%sext_ln58_191 = sext i11 %add_ln58_262" [firmware/nnet_utils/nnet_dense_latency.h:58]   --->   Operation 250 'sext' 'sext_ln58_191' <Predicate = true> <Delay = 0.00>
ST_3 : Operation 251 [1/1] (0.00ns)   --->   "%sext_ln58_192 = sext i11 %add_ln58_263" [firmware/nnet_utils/nnet_dense_latency.h:58]   --->   Operation 251 'sext' 'sext_ln58_192' <Predicate = true> <Delay = 0.00>
ST_3 : Operation 252 [1/1] (0.00ns) (grouped into TernaryAdder)   --->   "%add_ln58_264 = add i12 %sext_ln58_192, i12 %shl_ln42_69_cast2" [firmware/nnet_utils/nnet_dense_latency.h:58]   --->   Operation 252 'add' 'add_ln58_264' <Predicate = true> <Delay = 0.00> <CoreInst = "TAddSub">   --->   Core 10 'TAddSub' <Latency = 0> <II = 1> <Delay = 1.89> <IPBlock> <Opcode : '' 'add' 'sub'> <InPorts = 3> <OutPorts = 1> <Sync> <CReg>
ST_3 : Operation 253 [1/1] (3.78ns) (root node of TernaryAdder)   --->   "%add_ln58_265 = add i12 %add_ln58_264, i12 %sext_ln58_191" [firmware/nnet_utils/nnet_dense_latency.h:58]   --->   Operation 253 'add' 'add_ln58_265' <Predicate = true> <Delay = 3.78> <CoreInst = "TAddSub">   --->   Core 10 'TAddSub' <Latency = 0> <II = 1> <Delay = 1.89> <IPBlock> <Opcode : '' 'add' 'sub'> <InPorts = 3> <OutPorts = 1> <Sync> <CReg>
ST_3 : Operation 254 [1/1] (0.00ns)   --->   "%sext_ln58_194 = sext i10 %add_ln58_266" [firmware/nnet_utils/nnet_dense_latency.h:58]   --->   Operation 254 'sext' 'sext_ln58_194' <Predicate = true> <Delay = 0.00>
ST_3 : Operation 255 [1/1] (0.00ns)   --->   "%sext_ln58_196 = sext i11 %add_ln58_268" [firmware/nnet_utils/nnet_dense_latency.h:58]   --->   Operation 255 'sext' 'sext_ln58_196' <Predicate = true> <Delay = 0.00>
ST_3 : Operation 256 [1/1] (1.63ns)   --->   "%add_ln58_269 = add i12 %sext_ln58_196, i12 %sext_ln58_194" [firmware/nnet_utils/nnet_dense_latency.h:58]   --->   Operation 256 'add' 'add_ln58_269' <Predicate = true> <Delay = 1.63> <CoreInst = "Adder">   --->   Core 1 'Adder' <Latency = 0> <II = 1> <Delay = 1.63> <FuncUnit> <Opcode : 'add' 'sub'> <InPorts = 2> <OutPorts = 1>

State 4 <SV = 3> <Delay = 3.78>
ST_4 : Operation 257 [1/1] (0.00ns)   --->   "%specpipeline_ln33 = specpipeline void @_ssdm_op_SpecPipeline, i32 1, i32 0, i32 0, i32 0, void @empty_0" [firmware/nnet_utils/nnet_dense_latency.h:33]   --->   Operation 257 'specpipeline' 'specpipeline_ln33' <Predicate = true> <Delay = 0.00>
ST_4 : Operation 258 [1/1] (0.00ns)   --->   "%specresourcelimit_ln33 = specresourcelimit void @_ssdm_op_SpecResourceLimit, i64 88, void @empty_1, void @empty_0, void @empty_0, void @empty_0" [firmware/nnet_utils/nnet_dense_latency.h:33]   --->   Operation 258 'specresourcelimit' 'specresourcelimit_ln33' <Predicate = true> <Delay = 0.00>
ST_4 : Operation 259 [1/1] (0.00ns)   --->   "%sext_ln58_159 = sext i12 %add_ln58_209" [firmware/nnet_utils/nnet_dense_latency.h:58]   --->   Operation 259 'sext' 'sext_ln58_159' <Predicate = true> <Delay = 0.00>
ST_4 : Operation 260 [1/1] (0.00ns)   --->   "%sext_ln58_160 = sext i10 %add_ln58_210" [firmware/nnet_utils/nnet_dense_latency.h:58]   --->   Operation 260 'sext' 'sext_ln58_160' <Predicate = true> <Delay = 0.00>
ST_4 : Operation 261 [1/1] (0.00ns)   --->   "%zext_ln58_27 = zext i10 %add_ln58_211" [firmware/nnet_utils/nnet_dense_latency.h:58]   --->   Operation 261 'zext' 'zext_ln58_27' <Predicate = true> <Delay = 0.00>
ST_4 : Operation 262 [1/1] (0.00ns) (grouped into TernaryAdder)   --->   "%add_ln58_212 = add i12 %zext_ln58_27, i12 %sext_ln58_160" [firmware/nnet_utils/nnet_dense_latency.h:58]   --->   Operation 262 'add' 'add_ln58_212' <Predicate = true> <Delay = 0.00> <CoreInst = "TAddSub">   --->   Core 10 'TAddSub' <Latency = 0> <II = 1> <Delay = 1.89> <IPBlock> <Opcode : '' 'add' 'sub'> <InPorts = 3> <OutPorts = 1> <Sync> <CReg>
ST_4 : Operation 263 [1/1] (3.78ns) (root node of TernaryAdder)   --->   "%add_ln58_217 = add i12 %add_ln58_216, i12 %add_ln58_212" [firmware/nnet_utils/nnet_dense_latency.h:58]   --->   Operation 263 'add' 'add_ln58_217' <Predicate = true> <Delay = 3.78> <CoreInst = "TAddSub">   --->   Core 10 'TAddSub' <Latency = 0> <II = 1> <Delay = 1.89> <IPBlock> <Opcode : '' 'add' 'sub'> <InPorts = 3> <OutPorts = 1> <Sync> <CReg>
ST_4 : Operation 264 [1/1] (0.00ns)   --->   "%add_ln58_240_cast = sext i12 %add_ln58_217" [firmware/nnet_utils/nnet_dense_latency.h:58]   --->   Operation 264 'sext' 'add_ln58_240_cast' <Predicate = true> <Delay = 0.00>
ST_4 : Operation 265 [1/1] (0.00ns)   --->   "%add_ln58_226_cast = sext i14 %add_ln58_226" [firmware/nnet_utils/nnet_dense_latency.h:58]   --->   Operation 265 'sext' 'add_ln58_226_cast' <Predicate = true> <Delay = 0.00>
ST_4 : Operation 266 [1/1] (0.00ns)   --->   "%sext_ln58_175 = sext i13 %add_ln58_235" [firmware/nnet_utils/nnet_dense_latency.h:58]   --->   Operation 266 'sext' 'sext_ln58_175' <Predicate = true> <Delay = 0.00>
ST_4 : Operation 267 [1/1] (0.00ns)   --->   "%sext_ln58_178 = sext i12 %add_ln58_239" [firmware/nnet_utils/nnet_dense_latency.h:58]   --->   Operation 267 'sext' 'sext_ln58_178' <Predicate = true> <Delay = 0.00>
ST_4 : Operation 268 [1/1] (0.00ns)   --->   "%add_ln58_261_cast = sext i12 %add_ln58_244" [firmware/nnet_utils/nnet_dense_latency.h:58]   --->   Operation 268 'sext' 'add_ln58_261_cast' <Predicate = true> <Delay = 0.00>
ST_4 : Operation 269 [1/1] (0.00ns)   --->   "%add_ln58_252_cast = sext i14 %add_ln58_252" [firmware/nnet_utils/nnet_dense_latency.h:58]   --->   Operation 269 'sext' 'add_ln58_252_cast' <Predicate = true> <Delay = 0.00>
ST_4 : Operation 270 [1/1] (0.00ns)   --->   "%sext_ln58_208 = sext i14 %add_ln58_261" [firmware/nnet_utils/nnet_dense_latency.h:58]   --->   Operation 270 'sext' 'sext_ln58_208' <Predicate = true> <Delay = 0.00>
ST_4 : Operation 271 [1/1] (0.00ns)   --->   "%sext_ln58_193 = sext i12 %add_ln58_265" [firmware/nnet_utils/nnet_dense_latency.h:58]   --->   Operation 271 'sext' 'sext_ln58_193' <Predicate = true> <Delay = 0.00>
ST_4 : Operation 272 [1/1] (0.00ns)   --->   "%sext_ln58_197 = sext i12 %add_ln58_269" [firmware/nnet_utils/nnet_dense_latency.h:58]   --->   Operation 272 'sext' 'sext_ln58_197' <Predicate = true> <Delay = 0.00>
ST_4 : Operation 273 [1/1] (1.54ns)   --->   "%add_ln58_270 = add i13 %sext_ln58_197, i13 %sext_ln58_193" [firmware/nnet_utils/nnet_dense_latency.h:58]   --->   Operation 273 'add' 'add_ln58_270' <Predicate = true> <Delay = 1.54> <CoreInst = "Adder">   --->   Core 1 'Adder' <Latency = 0> <II = 1> <Delay = 1.54> <FuncUnit> <Opcode : 'add' 'sub'> <InPorts = 2> <OutPorts = 1>
ST_4 : Operation 274 [1/1] (0.00ns)   --->   "%sext_ln68 = sext i13 %add_ln58_270" [firmware/nnet_utils/nnet_dense_latency.h:68]   --->   Operation 274 'sext' 'sext_ln68' <Predicate = true> <Delay = 0.00>
ST_4 : Operation 275 [1/1] (0.00ns)   --->   "%mrv = insertvalue i144 <undef>, i16 %sext_ln58_175" [firmware/nnet_utils/nnet_dense_latency.h:68]   --->   Operation 275 'insertvalue' 'mrv' <Predicate = true> <Delay = 0.00>
ST_4 : Operation 276 [1/1] (0.00ns)   --->   "%mrv_1 = insertvalue i144 %mrv, i16 %add_ln58_261_cast" [firmware/nnet_utils/nnet_dense_latency.h:68]   --->   Operation 276 'insertvalue' 'mrv_1' <Predicate = true> <Delay = 0.00>
ST_4 : Operation 277 [1/1] (0.00ns)   --->   "%mrv_2 = insertvalue i144 %mrv_1, i16 %add_ln58_252_cast" [firmware/nnet_utils/nnet_dense_latency.h:68]   --->   Operation 277 'insertvalue' 'mrv_2' <Predicate = true> <Delay = 0.00>
ST_4 : Operation 278 [1/1] (0.00ns)   --->   "%mrv_3 = insertvalue i144 %mrv_2, i16 %sext_ln58_178" [firmware/nnet_utils/nnet_dense_latency.h:68]   --->   Operation 278 'insertvalue' 'mrv_3' <Predicate = true> <Delay = 0.00>
ST_4 : Operation 279 [1/1] (0.00ns)   --->   "%mrv_4 = insertvalue i144 %mrv_3, i16 %sext_ln58_208" [firmware/nnet_utils/nnet_dense_latency.h:68]   --->   Operation 279 'insertvalue' 'mrv_4' <Predicate = true> <Delay = 0.00>
ST_4 : Operation 280 [1/1] (0.00ns)   --->   "%mrv_5 = insertvalue i144 %mrv_4, i16 %sext_ln58_159" [firmware/nnet_utils/nnet_dense_latency.h:68]   --->   Operation 280 'insertvalue' 'mrv_5' <Predicate = true> <Delay = 0.00>
ST_4 : Operation 281 [1/1] (0.00ns)   --->   "%mrv_6 = insertvalue i144 %mrv_5, i16 %sext_ln68" [firmware/nnet_utils/nnet_dense_latency.h:68]   --->   Operation 281 'insertvalue' 'mrv_6' <Predicate = true> <Delay = 0.00>
ST_4 : Operation 282 [1/1] (0.00ns)   --->   "%mrv_7 = insertvalue i144 %mrv_6, i16 %add_ln58_226_cast" [firmware/nnet_utils/nnet_dense_latency.h:68]   --->   Operation 282 'insertvalue' 'mrv_7' <Predicate = true> <Delay = 0.00>
ST_4 : Operation 283 [1/1] (0.00ns)   --->   "%mrv_8 = insertvalue i144 %mrv_7, i16 %add_ln58_240_cast" [firmware/nnet_utils/nnet_dense_latency.h:68]   --->   Operation 283 'insertvalue' 'mrv_8' <Predicate = true> <Delay = 0.00>
ST_4 : Operation 284 [1/1] (0.00ns)   --->   "%ret_ln68 = ret i144 %mrv_8" [firmware/nnet_utils/nnet_dense_latency.h:68]   --->   Operation 284 'ret' 'ret_ln68' <Predicate = true> <Delay = 0.00>


============================================================
+ Verbose Summary: Binding
============================================================
STG Binding: 
---------------- STG Properties BEGIN ----------------
- Is combinational: 0
- Is one-state seq: 0
- Is datapath-only: 1
- Is pipelined: 1
- Is top level: 0
Port [ Return ] is wired: 1; IO mode=ap_ctrl_hs:ce=0
Port [ data_0_val]:  wired=1; compound=0; hidden=0; nouse=0; global=0; static=0; extern=0; dir=0; type=0; pingpong=0; private_global=0; IO mode=ap_none:ce=0
Port [ data_1_val]:  wired=1; compound=0; hidden=0; nouse=0; global=0; static=0; extern=0; dir=0; type=0; pingpong=0; private_global=0; IO mode=ap_none:ce=0
Port [ data_2_val]:  wired=1; compound=0; hidden=0; nouse=0; global=0; static=0; extern=0; dir=0; type=0; pingpong=0; private_global=0; IO mode=ap_none:ce=0
Port [ data_3_val]:  wired=1; compound=0; hidden=0; nouse=0; global=0; static=0; extern=0; dir=0; type=0; pingpong=0; private_global=0; IO mode=ap_none:ce=0
Port [ data_4_val]:  wired=1; compound=0; hidden=0; nouse=0; global=0; static=0; extern=0; dir=0; type=0; pingpong=0; private_global=0; IO mode=ap_none:ce=0
Port [ data_5_val]:  wired=1; compound=0; hidden=0; nouse=0; global=0; static=0; extern=0; dir=0; type=0; pingpong=0; private_global=0; IO mode=ap_none:ce=0
Port [ data_6_val]:  wired=1; compound=0; hidden=0; nouse=0; global=0; static=0; extern=0; dir=0; type=0; pingpong=0; private_global=0; IO mode=ap_none:ce=0
Port [ data_7_val]:  wired=1; compound=0; hidden=0; nouse=0; global=0; static=0; extern=0; dir=0; type=0; pingpong=0; private_global=0; IO mode=ap_none:ce=0
Port [ data_8_val]:  wired=1; compound=0; hidden=0; nouse=0; global=0; static=0; extern=0; dir=0; type=0; pingpong=0; private_global=0; IO mode=ap_none:ce=0
Port [ data_9_val]:  wired=1; compound=0; hidden=0; nouse=0; global=0; static=0; extern=0; dir=0; type=0; pingpong=0; private_global=0; IO mode=ap_none:ce=0
Port [ data_10_val]:  wired=1; compound=0; hidden=0; nouse=0; global=0; static=0; extern=0; dir=0; type=0; pingpong=0; private_global=0; IO mode=ap_none:ce=0
Port [ data_11_val]:  wired=1; compound=0; hidden=0; nouse=0; global=0; static=0; extern=0; dir=0; type=0; pingpong=0; private_global=0; IO mode=ap_none:ce=0
Port [ data_12_val]:  wired=1; compound=0; hidden=0; nouse=0; global=0; static=0; extern=0; dir=0; type=0; pingpong=0; private_global=0; IO mode=ap_none:ce=0
Port [ data_13_val]:  wired=1; compound=0; hidden=0; nouse=0; global=0; static=0; extern=0; dir=0; type=0; pingpong=0; private_global=0; IO mode=ap_none:ce=0
Port [ data_14_val]:  wired=1; compound=0; hidden=0; nouse=0; global=0; static=0; extern=0; dir=0; type=0; pingpong=0; private_global=0; IO mode=ap_none:ce=0
Port [ data_15_val]:  wired=1; compound=0; hidden=0; nouse=0; global=0; static=0; extern=0; dir=0; type=0; pingpong=0; private_global=0; IO mode=ap_none:ce=0
Port [ data_16_val]:  wired=1; compound=0; hidden=0; nouse=0; global=0; static=0; extern=0; dir=0; type=0; pingpong=0; private_global=0; IO mode=ap_none:ce=0
Port [ data_17_val]:  wired=1; compound=0; hidden=0; nouse=0; global=0; static=0; extern=0; dir=0; type=0; pingpong=0; private_global=0; IO mode=ap_none:ce=0
Port [ data_18_val]:  wired=1; compound=0; hidden=0; nouse=0; global=0; static=0; extern=0; dir=0; type=0; pingpong=0; private_global=0; IO mode=ap_none:ce=0
Port [ data_19_val]:  wired=1; compound=0; hidden=0; nouse=0; global=0; static=0; extern=0; dir=0; type=0; pingpong=0; private_global=0; IO mode=ap_none:ce=0
---------------- STG Properties END ------------------

---------------- Datapath Model BEGIN ----------------

<LifeTime>
<method=bitvector/>
data_19_val_read       (read             ) [ 01100]
data_18_val_read       (read             ) [ 00000]
data_17_val_read       (read             ) [ 01100]
data_16_val_read       (read             ) [ 01100]
data_15_val_read       (read             ) [ 01100]
data_14_val_read       (read             ) [ 00000]
data_13_val_read       (read             ) [ 01100]
data_12_val_read       (read             ) [ 00000]
data_11_val_read       (read             ) [ 01100]
data_10_val_read       (read             ) [ 01100]
data_9_val_read        (read             ) [ 01100]
data_8_val_read        (read             ) [ 00000]
data_7_val_read        (read             ) [ 01100]
data_6_val_read        (read             ) [ 00000]
data_5_val_read        (read             ) [ 01100]
data_4_val_read        (read             ) [ 01100]
data_3_val_read        (read             ) [ 01100]
data_2_val_read        (read             ) [ 01100]
data_1_val_read        (read             ) [ 01100]
data_0_val_read        (read             ) [ 01100]
zext_ln70              (zext             ) [ 00000]
sub_ln73               (sub              ) [ 01100]
zext_ln70_39           (zext             ) [ 00000]
sub_ln73_35            (sub              ) [ 01100]
zext_ln70_40           (zext             ) [ 00000]
zext_ln70_42           (zext             ) [ 00000]
zext_ln70_43           (zext             ) [ 00000]
zext_ln70_44           (zext             ) [ 01100]
zext_ln70_45           (zext             ) [ 00000]
sub_ln73_38            (sub              ) [ 01100]
zext_ln70_46           (zext             ) [ 00000]
sub_ln73_39            (sub              ) [ 01100]
zext_ln70_48           (zext             ) [ 00000]
sub_ln73_41            (sub              ) [ 01100]
zext_ln70_50           (zext             ) [ 00000]
sub_ln73_43            (sub              ) [ 01100]
zext_ln70_51           (zext             ) [ 00000]
zext_ln70_52           (zext             ) [ 00000]
sub_ln73_44            (sub              ) [ 01100]
zext_ln70_53           (zext             ) [ 00000]
sub_ln73_45            (sub              ) [ 01100]
zext_ln70_54           (zext             ) [ 00000]
sub_ln73_46            (sub              ) [ 01100]
zext_ln70_55           (zext             ) [ 00000]
sub_ln73_47            (sub              ) [ 01100]
zext_ln70_56           (zext             ) [ 00000]
sub_ln73_48            (sub              ) [ 01100]
tmp15                  (sub              ) [ 01100]
tmp4013                (add              ) [ 01100]
sum                    (add              ) [ 00000]
sum_cast               (zext             ) [ 00000]
data_12_val_cast87     (zext             ) [ 00000]
tmp4311                (sub              ) [ 01100]
tmp459                 (sub              ) [ 01100]
shl_ln                 (bitconcatenate   ) [ 00000]
shl_ln42_s             (bitconcatenate   ) [ 00000]
shl_ln42_64_cast       (zext             ) [ 00000]
shl_ln42_62            (bitconcatenate   ) [ 00000]
zext_ln73              (zext             ) [ 00000]
shl_ln42_63            (bitconcatenate   ) [ 00000]
shl_ln42_64            (bitconcatenate   ) [ 00000]
shl_ln42_67_cast       (zext             ) [ 00000]
zext_ln70_41           (zext             ) [ 00000]
shl_ln42_65            (bitconcatenate   ) [ 00000]
zext_ln73_27           (zext             ) [ 00000]
zext_ln73_28           (zext             ) [ 00000]
sub_ln73_36            (sub              ) [ 00000]
shl_ln42_66            (bitconcatenate   ) [ 00000]
shl_ln42_69_cast       (sext             ) [ 00000]
shl_ln42_67            (bitconcatenate   ) [ 00000]
shl_ln42_70_cast79     (zext             ) [ 00000]
shl_ln42_70_cast       (zext             ) [ 00000]
shl_ln42_68            (bitconcatenate   ) [ 00000]
shl_ln42_71_cast       (zext             ) [ 00000]
sub_ln73_37            (sub              ) [ 00000]
shl_ln42_69            (bitconcatenate   ) [ 00000]
shl_ln42_69_cast2      (sext             ) [ 01010]
shl_ln42_72_cast       (sext             ) [ 00000]
shl_ln42_70            (bitconcatenate   ) [ 00000]
zext_ln73_29           (zext             ) [ 00000]
zext_ln73_30           (zext             ) [ 00000]
shl_ln42_71            (bitconcatenate   ) [ 00000]
shl_ln42_74_cast       (sext             ) [ 00000]
shl_ln42_72            (bitconcatenate   ) [ 00000]
shl_ln42_75_cast       (sext             ) [ 00000]
zext_ln70_47           (zext             ) [ 00000]
shl_ln42_73            (bitconcatenate   ) [ 00000]
zext_ln73_31           (zext             ) [ 00000]
zext_ln73_32           (zext             ) [ 00000]
sub_ln73_40            (sub              ) [ 00000]
shl_ln42_74            (bitconcatenate   ) [ 00000]
shl_ln42_77_cast88     (sext             ) [ 00000]
shl_ln42_77_cast       (sext             ) [ 00000]
shl_ln42_75            (bitconcatenate   ) [ 00000]
zext_ln73_33           (zext             ) [ 00000]
shl_ln42_76            (bitconcatenate   ) [ 00000]
shl_ln42_79_cast       (sext             ) [ 00000]
zext_ln70_49           (zext             ) [ 00000]
shl_ln42_77            (bitconcatenate   ) [ 00000]
zext_ln73_34           (zext             ) [ 00000]
sub_ln73_42            (sub              ) [ 01010]
shl_ln42_79            (bitconcatenate   ) [ 00000]
shl_ln42_82_cast       (sext             ) [ 00000]
shl_ln42_80            (bitconcatenate   ) [ 00000]
zext_ln73_35           (zext             ) [ 00000]
shl_ln42_81            (bitconcatenate   ) [ 00000]
shl_ln42_84_cast       (sext             ) [ 00000]
shl_ln42_82            (bitconcatenate   ) [ 00000]
sext_ln42              (sext             ) [ 00000]
sext_ln42_13           (sext             ) [ 00000]
shl_ln42_83            (bitconcatenate   ) [ 00000]
shl_ln42_86_cast       (zext             ) [ 00000]
shl_ln42_84            (bitconcatenate   ) [ 00000]
zext_ln73_36           (zext             ) [ 00000]
zext_ln73_37           (zext             ) [ 00000]
shl_ln42_85            (bitconcatenate   ) [ 00000]
sext_ln70              (sext             ) [ 00000]
shl_ln42_86            (bitconcatenate   ) [ 00000]
shl_ln42_89_cast       (zext             ) [ 00000]
shl_ln42_87            (bitconcatenate   ) [ 00000]
shl_ln42_92_cast       (sext             ) [ 00000]
shl_ln42_88            (bitconcatenate   ) [ 00000]
zext_ln73_38           (zext             ) [ 00000]
shl_ln42_89            (bitconcatenate   ) [ 00000]
add_ln58               (add              ) [ 00000]
zext_ln58              (zext             ) [ 00000]
add_ln58_202           (add              ) [ 00000]
sext_ln58              (sext             ) [ 00000]
add_ln58_203           (add              ) [ 00000]
sext_ln58_155          (sext             ) [ 00000]
add_ln58_204           (add              ) [ 00000]
sext_ln58_156          (sext             ) [ 00000]
add_ln58_205           (add              ) [ 01010]
add_ln58_206           (add              ) [ 00000]
add_ln58_207           (add              ) [ 00000]
zext_ln58_26           (zext             ) [ 00000]
add_ln58_208           (add              ) [ 01010]
add_ln58_210           (add              ) [ 01011]
add_ln58_211           (add              ) [ 01011]
add_ln58_213           (add              ) [ 01010]
add_ln58_214           (add              ) [ 01010]
tmp                    (bitconcatenate   ) [ 00000]
sext_ln58_166          (sext             ) [ 00000]
add_ln58_218           (add              ) [ 01010]
add_ln58_219           (add              ) [ 00000]
sext_ln58_164          (sext             ) [ 00000]
add_ln58_220           (add              ) [ 01010]
sext_ln58_167          (sext             ) [ 00000]
add_ln58_222           (add              ) [ 01010]
add_ln58_223           (add              ) [ 00000]
sext_ln58_185          (sext             ) [ 00000]
add_ln58_224           (add              ) [ 01010]
tmp6                   (bitconcatenate   ) [ 00000]
zext_ln58_28           (zext             ) [ 00000]
add_ln58_227           (add              ) [ 01010]
add_ln58_228           (add              ) [ 00000]
sext_ln58_170          (sext             ) [ 00000]
add_ln58_229           (add              ) [ 01010]
add_ln58_231           (add              ) [ 01010]
add_ln58_232           (add              ) [ 00000]
add_ln58_233           (add              ) [ 01010]
add_ln58_236           (add              ) [ 01010]
add_ln58_237           (add              ) [ 00000]
add_ln58_238           (add              ) [ 01010]
add_ln58_240           (add              ) [ 00000]
sext_ln58_179          (sext             ) [ 00000]
add_ln58_241           (add              ) [ 01010]
add_ln58_242           (add              ) [ 00000]
sext_ln58_181          (sext             ) [ 00000]
add_ln58_243           (add              ) [ 01010]
tmp_7                  (bitconcatenate   ) [ 00000]
sext_ln58_190          (sext             ) [ 00000]
add_ln58_245           (add              ) [ 01010]
add_ln58_246           (add              ) [ 01010]
add_ln58_248           (add              ) [ 01010]
add_ln58_249           (add              ) [ 00000]
sext_ln58_186          (sext             ) [ 00000]
add_ln58_250           (add              ) [ 01010]
tmp_8                  (bitconcatenate   ) [ 00000]
sext_ln58_202          (sext             ) [ 00000]
add_ln58_253           (add              ) [ 01010]
add_ln58_254           (add              ) [ 00000]
sext_ln58_204          (sext             ) [ 00000]
add_ln58_255           (add              ) [ 01010]
add_ln58_257           (add              ) [ 01010]
add_ln58_258           (add              ) [ 00000]
zext_ln58_31           (zext             ) [ 00000]
add_ln58_259           (add              ) [ 01010]
add_ln58_262           (add              ) [ 01010]
add_ln58_263           (add              ) [ 01010]
add_ln58_266           (add              ) [ 01010]
add_ln58_267           (add              ) [ 00000]
sext_ln58_195          (sext             ) [ 00000]
add_ln58_268           (add              ) [ 01010]
shl_ln42_78            (bitconcatenate   ) [ 00000]
shl_ln42_81_cast       (sext             ) [ 00000]
sext_ln58_157          (sext             ) [ 00000]
sext_ln58_158          (sext             ) [ 00000]
add_ln58_209           (add              ) [ 01001]
sext_ln58_161          (sext             ) [ 00000]
sext_ln58_162          (sext             ) [ 00000]
add_ln58_215           (add              ) [ 00000]
add_ln58_216           (add              ) [ 01001]
sext_ln58_163          (sext             ) [ 00000]
sext_ln58_165          (sext             ) [ 00000]
add_ln58_221           (add              ) [ 00000]
sext_ln58_168          (sext             ) [ 00000]
sext_ln58_169          (sext             ) [ 00000]
sext_ln58_187          (sext             ) [ 00000]
add_ln58_225           (add              ) [ 00000]
sext_ln58_188          (sext             ) [ 00000]
add_ln58_226           (add              ) [ 01001]
zext_ln58_29           (zext             ) [ 00000]
sext_ln58_171          (sext             ) [ 00000]
add_ln58_230           (add              ) [ 00000]
sext_ln58_172          (sext             ) [ 00000]
zext_ln58_30           (zext             ) [ 00000]
sext_ln58_173          (sext             ) [ 00000]
add_ln58_234           (add              ) [ 00000]
sext_ln58_174          (sext             ) [ 00000]
add_ln58_235           (add              ) [ 01001]
sext_ln58_176          (sext             ) [ 00000]
sext_ln58_177          (sext             ) [ 00000]
add_ln58_239           (add              ) [ 01001]
sext_ln58_180          (sext             ) [ 00000]
sext_ln58_182          (sext             ) [ 00000]
add_ln58_244           (add              ) [ 01001]
sext_ln58_183          (sext             ) [ 00000]
sext_ln58_184          (sext             ) [ 00000]
add_ln58_247           (add              ) [ 00000]
sext_ln58_198          (sext             ) [ 00000]
sext_ln58_199          (sext             ) [ 00000]
sext_ln58_200          (sext             ) [ 00000]
add_ln58_251           (add              ) [ 00000]
sext_ln58_201          (sext             ) [ 00000]
add_ln58_252           (add              ) [ 01001]
sext_ln58_203          (sext             ) [ 00000]
sext_ln58_205          (sext             ) [ 00000]
add_ln58_256           (add              ) [ 00000]
sext_ln58_206          (sext             ) [ 00000]
sext_ln58_189          (sext             ) [ 00000]
zext_ln58_32           (zext             ) [ 00000]
add_ln58_260           (add              ) [ 00000]
sext_ln58_207          (sext             ) [ 00000]
add_ln58_261           (add              ) [ 01001]
sext_ln58_191          (sext             ) [ 00000]
sext_ln58_192          (sext             ) [ 00000]
add_ln58_264           (add              ) [ 00000]
add_ln58_265           (add              ) [ 01001]
sext_ln58_194          (sext             ) [ 00000]
sext_ln58_196          (sext             ) [ 00000]
add_ln58_269           (add              ) [ 01001]
specpipeline_ln33      (specpipeline     ) [ 00000]
specresourcelimit_ln33 (specresourcelimit) [ 00000]
sext_ln58_159          (sext             ) [ 00000]
sext_ln58_160          (sext             ) [ 00000]
zext_ln58_27           (zext             ) [ 00000]
add_ln58_212           (add              ) [ 00000]
add_ln58_217           (add              ) [ 00000]
add_ln58_240_cast      (sext             ) [ 00000]
add_ln58_226_cast      (sext             ) [ 00000]
sext_ln58_175          (sext             ) [ 00000]
sext_ln58_178          (sext             ) [ 00000]
add_ln58_261_cast      (sext             ) [ 00000]
add_ln58_252_cast      (sext             ) [ 00000]
sext_ln58_208          (sext             ) [ 00000]
sext_ln58_193          (sext             ) [ 00000]
sext_ln58_197          (sext             ) [ 00000]
add_ln58_270           (add              ) [ 00000]
sext_ln68              (sext             ) [ 00000]
mrv                    (insertvalue      ) [ 00000]
mrv_1                  (insertvalue      ) [ 00000]
mrv_2                  (insertvalue      ) [ 00000]
mrv_3                  (insertvalue      ) [ 00000]
mrv_4                  (insertvalue      ) [ 00000]
mrv_5                  (insertvalue      ) [ 00000]
mrv_6                  (insertvalue      ) [ 00000]
mrv_7                  (insertvalue      ) [ 00000]
mrv_8                  (insertvalue      ) [ 00000]
ret_ln68               (ret              ) [ 00000]
</LifeTime>

<model>

<comp_list>
<comp id="0" class="1000" name="data_0_val">
<pin_list>
<pin id="1" dir="1" index="0" bw="1" slack="0"/>
</pin_list>
<bind>
<StgValue><ssdm name="data_0_val"/></StgValue>
</bind>
</comp>

<comp id="2" class="1000" name="data_1_val">
<pin_list>
<pin id="3" dir="1" index="0" bw="1" slack="0"/>
</pin_list>
<bind>
<StgValue><ssdm name="data_1_val"/></StgValue>
</bind>
</comp>

<comp id="4" class="1000" name="data_2_val">
<pin_list>
<pin id="5" dir="1" index="0" bw="1" slack="0"/>
</pin_list>
<bind>
<StgValue><ssdm name="data_2_val"/></StgValue>
</bind>
</comp>

<comp id="6" class="1000" name="data_3_val">
<pin_list>
<pin id="7" dir="1" index="0" bw="1" slack="0"/>
</pin_list>
<bind>
<StgValue><ssdm name="data_3_val"/></StgValue>
</bind>
</comp>

<comp id="8" class="1000" name="data_4_val">
<pin_list>
<pin id="9" dir="1" index="0" bw="1" slack="0"/>
</pin_list>
<bind>
<StgValue><ssdm name="data_4_val"/></StgValue>
</bind>
</comp>

<comp id="10" class="1000" name="data_5_val">
<pin_list>
<pin id="11" dir="1" index="0" bw="1" slack="0"/>
</pin_list>
<bind>
<StgValue><ssdm name="data_5_val"/></StgValue>
</bind>
</comp>

<comp id="12" class="1000" name="data_6_val">
<pin_list>
<pin id="13" dir="1" index="0" bw="1" slack="0"/>
</pin_list>
<bind>
<StgValue><ssdm name="data_6_val"/></StgValue>
</bind>
</comp>

<comp id="14" class="1000" name="data_7_val">
<pin_list>
<pin id="15" dir="1" index="0" bw="1" slack="0"/>
</pin_list>
<bind>
<StgValue><ssdm name="data_7_val"/></StgValue>
</bind>
</comp>

<comp id="16" class="1000" name="data_8_val">
<pin_list>
<pin id="17" dir="1" index="0" bw="1" slack="0"/>
</pin_list>
<bind>
<StgValue><ssdm name="data_8_val"/></StgValue>
</bind>
</comp>

<comp id="18" class="1000" name="data_9_val">
<pin_list>
<pin id="19" dir="1" index="0" bw="1" slack="0"/>
</pin_list>
<bind>
<StgValue><ssdm name="data_9_val"/></StgValue>
</bind>
</comp>

<comp id="20" class="1000" name="data_10_val">
<pin_list>
<pin id="21" dir="1" index="0" bw="1" slack="0"/>
</pin_list>
<bind>
<StgValue><ssdm name="data_10_val"/></StgValue>
</bind>
</comp>

<comp id="22" class="1000" name="data_11_val">
<pin_list>
<pin id="23" dir="1" index="0" bw="1" slack="0"/>
</pin_list>
<bind>
<StgValue><ssdm name="data_11_val"/></StgValue>
</bind>
</comp>

<comp id="24" class="1000" name="data_12_val">
<pin_list>
<pin id="25" dir="1" index="0" bw="1" slack="0"/>
</pin_list>
<bind>
<StgValue><ssdm name="data_12_val"/></StgValue>
</bind>
</comp>

<comp id="26" class="1000" name="data_13_val">
<pin_list>
<pin id="27" dir="1" index="0" bw="1" slack="0"/>
</pin_list>
<bind>
<StgValue><ssdm name="data_13_val"/></StgValue>
</bind>
</comp>

<comp id="28" class="1000" name="data_14_val">
<pin_list>
<pin id="29" dir="1" index="0" bw="1" slack="0"/>
</pin_list>
<bind>
<StgValue><ssdm name="data_14_val"/></StgValue>
</bind>
</comp>

<comp id="30" class="1000" name="data_15_val">
<pin_list>
<pin id="31" dir="1" index="0" bw="1" slack="0"/>
</pin_list>
<bind>
<StgValue><ssdm name="data_15_val"/></StgValue>
</bind>
</comp>

<comp id="32" class="1000" name="data_16_val">
<pin_list>
<pin id="33" dir="1" index="0" bw="1" slack="0"/>
</pin_list>
<bind>
<StgValue><ssdm name="data_16_val"/></StgValue>
</bind>
</comp>

<comp id="34" class="1000" name="data_17_val">
<pin_list>
<pin id="35" dir="1" index="0" bw="1" slack="0"/>
</pin_list>
<bind>
<StgValue><ssdm name="data_17_val"/></StgValue>
</bind>
</comp>

<comp id="36" class="1000" name="data_18_val">
<pin_list>
<pin id="37" dir="1" index="0" bw="1" slack="0"/>
</pin_list>
<bind>
<StgValue><ssdm name="data_18_val"/></StgValue>
</bind>
</comp>

<comp id="38" class="1000" name="data_19_val">
<pin_list>
<pin id="39" dir="1" index="0" bw="1" slack="0"/>
</pin_list>
<bind>
<StgValue><ssdm name="data_19_val"/></StgValue>
</bind>
</comp>

<comp id="40" class="1001" name="const_40">
<pin_list>
<pin id="41" dir="1" index="0" bw="1" slack="0"/>
</pin_list>
<bind>
<StgValue><ssdm name="_ssdm_op_Read.ap_auto.i2"/></StgValue>
</bind>
</comp>

<comp id="42" class="1001" name="const_42">
<pin_list>
<pin id="43" dir="1" index="0" bw="1" slack="0"/>
</pin_list>
<bind>
<StgValue><ssdm name=""/></StgValue>
</bind>
</comp>

<comp id="44" class="1001" name="const_44">
<pin_list>
<pin id="45" dir="1" index="0" bw="1" slack="0"/>
</pin_list>
<bind>
<StgValue><ssdm name="_ssdm_op_BitConcatenate.i10.i3.i7"/></StgValue>
</bind>
</comp>

<comp id="46" class="1001" name="const_46">
<pin_list>
<pin id="47" dir="1" index="0" bw="1" slack="0"/>
</pin_list>
<bind>
<StgValue><ssdm name=""/></StgValue>
</bind>
</comp>

<comp id="48" class="1001" name="const_48">
<pin_list>
<pin id="49" dir="1" index="0" bw="1" slack="0"/>
</pin_list>
<bind>
<StgValue><ssdm name="_ssdm_op_BitConcatenate.i9.i2.i7"/></StgValue>
</bind>
</comp>

<comp id="50" class="1001" name="const_50">
<pin_list>
<pin id="51" dir="1" index="0" bw="1" slack="0"/>
</pin_list>
<bind>
<StgValue><ssdm name="_ssdm_op_BitConcatenate.i11.i4.i7"/></StgValue>
</bind>
</comp>

<comp id="52" class="1001" name="const_52">
<pin_list>
<pin id="53" dir="1" index="0" bw="1" slack="2147483647"/>
</pin_list>
<bind>
<StgValue><ssdm name="_ssdm_op_SpecPipeline"/></StgValue>
</bind>
</comp>

<comp id="54" class="1001" name="const_54">
<pin_list>
<pin id="55" dir="1" index="0" bw="1" slack="2147483647"/>
</pin_list>
<bind>
<StgValue><ssdm name=""/></StgValue>
</bind>
</comp>

<comp id="56" class="1001" name="const_56">
<pin_list>
<pin id="57" dir="1" index="0" bw="1" slack="2147483647"/>
</pin_list>
<bind>
<StgValue><ssdm name=""/></StgValue>
</bind>
</comp>

<comp id="58" class="1001" name="const_58">
<pin_list>
<pin id="59" dir="1" index="0" bw="1" slack="2147483647"/>
</pin_list>
<bind>
<StgValue><ssdm name="empty_0"/></StgValue>
</bind>
</comp>

<comp id="60" class="1001" name="const_60">
<pin_list>
<pin id="61" dir="1" index="0" bw="1" slack="2147483647"/>
</pin_list>
<bind>
<StgValue><ssdm name="_ssdm_op_SpecResourceLimit"/></StgValue>
</bind>
</comp>

<comp id="62" class="1001" name="const_62">
<pin_list>
<pin id="63" dir="1" index="0" bw="1" slack="2147483647"/>
</pin_list>
<bind>
<StgValue><ssdm name=""/></StgValue>
</bind>
</comp>

<comp id="64" class="1001" name="const_64">
<pin_list>
<pin id="65" dir="1" index="0" bw="1" slack="2147483647"/>
</pin_list>
<bind>
<StgValue><ssdm name="empty_1"/></StgValue>
</bind>
</comp>

<comp id="66" class="1001" name="const_66">
<pin_list>
<pin id="67" dir="1" index="0" bw="1" slack="0"/>
</pin_list>
<bind>
<StgValue><ssdm name=""/></StgValue>
</bind>
</comp>

<comp id="68" class="1004" name="data_19_val_read_read_fu_68">
<pin_list>
<pin id="69" dir="0" index="0" bw="2" slack="0"/>
<pin id="70" dir="0" index="1" bw="2" slack="0"/>
<pin id="71" dir="1" index="2" bw="2" slack="0"/>
</pin_list>
<bind>
<opcode="read(1150) " fcode="read"/>
<opset="data_19_val_read/1 "/>
</bind>
</comp>

<comp id="74" class="1004" name="data_18_val_read_read_fu_74">
<pin_list>
<pin id="75" dir="0" index="0" bw="2" slack="0"/>
<pin id="76" dir="0" index="1" bw="2" slack="0"/>
<pin id="77" dir="1" index="2" bw="2" slack="0"/>
</pin_list>
<bind>
<opcode="read(1150) " fcode="read"/>
<opset="data_18_val_read/1 "/>
</bind>
</comp>

<comp id="80" class="1004" name="data_17_val_read_read_fu_80">
<pin_list>
<pin id="81" dir="0" index="0" bw="2" slack="0"/>
<pin id="82" dir="0" index="1" bw="2" slack="0"/>
<pin id="83" dir="1" index="2" bw="2" slack="1"/>
</pin_list>
<bind>
<opcode="read(1150) " fcode="read"/>
<opset="data_17_val_read/1 "/>
</bind>
</comp>

<comp id="86" class="1004" name="data_16_val_read_read_fu_86">
<pin_list>
<pin id="87" dir="0" index="0" bw="2" slack="0"/>
<pin id="88" dir="0" index="1" bw="2" slack="0"/>
<pin id="89" dir="1" index="2" bw="2" slack="0"/>
</pin_list>
<bind>
<opcode="read(1150) " fcode="read"/>
<opset="data_16_val_read/1 "/>
</bind>
</comp>

<comp id="92" class="1004" name="data_15_val_read_read_fu_92">
<pin_list>
<pin id="93" dir="0" index="0" bw="2" slack="0"/>
<pin id="94" dir="0" index="1" bw="2" slack="0"/>
<pin id="95" dir="1" index="2" bw="2" slack="0"/>
</pin_list>
<bind>
<opcode="read(1150) " fcode="read"/>
<opset="data_15_val_read/1 "/>
</bind>
</comp>

<comp id="98" class="1004" name="data_14_val_read_read_fu_98">
<pin_list>
<pin id="99" dir="0" index="0" bw="2" slack="0"/>
<pin id="100" dir="0" index="1" bw="2" slack="0"/>
<pin id="101" dir="1" index="2" bw="2" slack="0"/>
</pin_list>
<bind>
<opcode="read(1150) " fcode="read"/>
<opset="data_14_val_read/1 "/>
</bind>
</comp>

<comp id="104" class="1004" name="data_13_val_read_read_fu_104">
<pin_list>
<pin id="105" dir="0" index="0" bw="2" slack="0"/>
<pin id="106" dir="0" index="1" bw="2" slack="0"/>
<pin id="107" dir="1" index="2" bw="2" slack="0"/>
</pin_list>
<bind>
<opcode="read(1150) " fcode="read"/>
<opset="data_13_val_read/1 "/>
</bind>
</comp>

<comp id="110" class="1004" name="data_12_val_read_read_fu_110">
<pin_list>
<pin id="111" dir="0" index="0" bw="2" slack="0"/>
<pin id="112" dir="0" index="1" bw="2" slack="0"/>
<pin id="113" dir="1" index="2" bw="2" slack="0"/>
</pin_list>
<bind>
<opcode="read(1150) " fcode="read"/>
<opset="data_12_val_read/1 "/>
</bind>
</comp>

<comp id="116" class="1004" name="data_11_val_read_read_fu_116">
<pin_list>
<pin id="117" dir="0" index="0" bw="2" slack="0"/>
<pin id="118" dir="0" index="1" bw="2" slack="0"/>
<pin id="119" dir="1" index="2" bw="2" slack="1"/>
</pin_list>
<bind>
<opcode="read(1150) " fcode="read"/>
<opset="data_11_val_read/1 "/>
</bind>
</comp>

<comp id="122" class="1004" name="data_10_val_read_read_fu_122">
<pin_list>
<pin id="123" dir="0" index="0" bw="2" slack="0"/>
<pin id="124" dir="0" index="1" bw="2" slack="0"/>
<pin id="125" dir="1" index="2" bw="2" slack="0"/>
</pin_list>
<bind>
<opcode="read(1150) " fcode="read"/>
<opset="data_10_val_read/1 "/>
</bind>
</comp>

<comp id="128" class="1004" name="data_9_val_read_read_fu_128">
<pin_list>
<pin id="129" dir="0" index="0" bw="2" slack="0"/>
<pin id="130" dir="0" index="1" bw="2" slack="0"/>
<pin id="131" dir="1" index="2" bw="2" slack="1"/>
</pin_list>
<bind>
<opcode="read(1150) " fcode="read"/>
<opset="data_9_val_read/1 "/>
</bind>
</comp>

<comp id="134" class="1004" name="data_8_val_read_read_fu_134">
<pin_list>
<pin id="135" dir="0" index="0" bw="2" slack="0"/>
<pin id="136" dir="0" index="1" bw="2" slack="0"/>
<pin id="137" dir="1" index="2" bw="2" slack="0"/>
</pin_list>
<bind>
<opcode="read(1150) " fcode="read"/>
<opset="data_8_val_read/1 "/>
</bind>
</comp>

<comp id="140" class="1004" name="data_7_val_read_read_fu_140">
<pin_list>
<pin id="141" dir="0" index="0" bw="2" slack="0"/>
<pin id="142" dir="0" index="1" bw="2" slack="0"/>
<pin id="143" dir="1" index="2" bw="2" slack="0"/>
</pin_list>
<bind>
<opcode="read(1150) " fcode="read"/>
<opset="data_7_val_read/1 "/>
</bind>
</comp>

<comp id="146" class="1004" name="data_6_val_read_read_fu_146">
<pin_list>
<pin id="147" dir="0" index="0" bw="2" slack="0"/>
<pin id="148" dir="0" index="1" bw="2" slack="0"/>
<pin id="149" dir="1" index="2" bw="2" slack="0"/>
</pin_list>
<bind>
<opcode="read(1150) " fcode="read"/>
<opset="data_6_val_read/1 "/>
</bind>
</comp>

<comp id="152" class="1004" name="data_5_val_read_read_fu_152">
<pin_list>
<pin id="153" dir="0" index="0" bw="2" slack="0"/>
<pin id="154" dir="0" index="1" bw="2" slack="0"/>
<pin id="155" dir="1" index="2" bw="2" slack="0"/>
</pin_list>
<bind>
<opcode="read(1150) " fcode="read"/>
<opset="data_5_val_read/1 "/>
</bind>
</comp>

<comp id="158" class="1004" name="data_4_val_read_read_fu_158">
<pin_list>
<pin id="159" dir="0" index="0" bw="2" slack="0"/>
<pin id="160" dir="0" index="1" bw="2" slack="0"/>
<pin id="161" dir="1" index="2" bw="2" slack="0"/>
</pin_list>
<bind>
<opcode="read(1150) " fcode="read"/>
<opset="data_4_val_read/1 "/>
</bind>
</comp>

<comp id="164" class="1004" name="data_3_val_read_read_fu_164">
<pin_list>
<pin id="165" dir="0" index="0" bw="2" slack="0"/>
<pin id="166" dir="0" index="1" bw="2" slack="0"/>
<pin id="167" dir="1" index="2" bw="2" slack="1"/>
</pin_list>
<bind>
<opcode="read(1150) " fcode="read"/>
<opset="data_3_val_read/1 "/>
</bind>
</comp>

<comp id="170" class="1004" name="data_2_val_read_read_fu_170">
<pin_list>
<pin id="171" dir="0" index="0" bw="2" slack="0"/>
<pin id="172" dir="0" index="1" bw="2" slack="0"/>
<pin id="173" dir="1" index="2" bw="2" slack="0"/>
</pin_list>
<bind>
<opcode="read(1150) " fcode="read"/>
<opset="data_2_val_read/1 "/>
</bind>
</comp>

<comp id="176" class="1004" name="data_1_val_read_read_fu_176">
<pin_list>
<pin id="177" dir="0" index="0" bw="2" slack="0"/>
<pin id="178" dir="0" index="1" bw="2" slack="0"/>
<pin id="179" dir="1" index="2" bw="2" slack="0"/>
</pin_list>
<bind>
<opcode="read(1150) " fcode="read"/>
<opset="data_1_val_read/1 "/>
</bind>
</comp>

<comp id="182" class="1004" name="data_0_val_read_read_fu_182">
<pin_list>
<pin id="183" dir="0" index="0" bw="2" slack="0"/>
<pin id="184" dir="0" index="1" bw="2" slack="0"/>
<pin id="185" dir="1" index="2" bw="2" slack="0"/>
</pin_list>
<bind>
<opcode="read(1150) " fcode="read"/>
<opset="data_0_val_read/1 "/>
</bind>
</comp>

<comp id="188" class="1004" name="zext_ln70_fu_188">
<pin_list>
<pin id="189" dir="0" index="0" bw="2" slack="0"/>
<pin id="190" dir="1" index="1" bw="3" slack="0"/>
</pin_list>
<bind>
<opcode="zext(34) " fcode="zext"/>
<opset="zext_ln70/1 "/>
</bind>
</comp>

<comp id="192" class="1004" name="sub_ln73_fu_192">
<pin_list>
<pin id="193" dir="0" index="0" bw="1" slack="0"/>
<pin id="194" dir="0" index="1" bw="2" slack="0"/>
<pin id="195" dir="1" index="2" bw="3" slack="1"/>
</pin_list>
<bind>
<opcode="sub(10) " fcode="sub"/>
<opset="sub_ln73/1 "/>
</bind>
</comp>

<comp id="198" class="1004" name="zext_ln70_39_fu_198">
<pin_list>
<pin id="199" dir="0" index="0" bw="2" slack="0"/>
<pin id="200" dir="1" index="1" bw="3" slack="0"/>
</pin_list>
<bind>
<opcode="zext(34) " fcode="zext"/>
<opset="zext_ln70_39/1 "/>
</bind>
</comp>

<comp id="202" class="1004" name="sub_ln73_35_fu_202">
<pin_list>
<pin id="203" dir="0" index="0" bw="1" slack="0"/>
<pin id="204" dir="0" index="1" bw="2" slack="0"/>
<pin id="205" dir="1" index="2" bw="3" slack="1"/>
</pin_list>
<bind>
<opcode="sub(10) " fcode="sub"/>
<opset="sub_ln73_35/1 "/>
</bind>
</comp>

<comp id="208" class="1004" name="zext_ln70_40_fu_208">
<pin_list>
<pin id="209" dir="0" index="0" bw="2" slack="0"/>
<pin id="210" dir="1" index="1" bw="3" slack="0"/>
</pin_list>
<bind>
<opcode="zext(34) " fcode="zext"/>
<opset="zext_ln70_40/1 "/>
</bind>
</comp>

<comp id="212" class="1004" name="zext_ln70_42_fu_212">
<pin_list>
<pin id="213" dir="0" index="0" bw="2" slack="0"/>
<pin id="214" dir="1" index="1" bw="3" slack="0"/>
</pin_list>
<bind>
<opcode="zext(34) " fcode="zext"/>
<opset="zext_ln70_42/1 "/>
</bind>
</comp>

<comp id="216" class="1004" name="zext_ln70_43_fu_216">
<pin_list>
<pin id="217" dir="0" index="0" bw="2" slack="0"/>
<pin id="218" dir="1" index="1" bw="3" slack="0"/>
</pin_list>
<bind>
<opcode="zext(34) " fcode="zext"/>
<opset="zext_ln70_43/1 "/>
</bind>
</comp>

<comp id="220" class="1004" name="zext_ln70_44_fu_220">
<pin_list>
<pin id="221" dir="0" index="0" bw="2" slack="0"/>
<pin id="222" dir="1" index="1" bw="3" slack="0"/>
</pin_list>
<bind>
<opcode="zext(34) " fcode="zext"/>
<opset="zext_ln70_44/1 "/>
</bind>
</comp>

<comp id="224" class="1004" name="zext_ln70_45_fu_224">
<pin_list>
<pin id="225" dir="0" index="0" bw="2" slack="0"/>
<pin id="226" dir="1" index="1" bw="3" slack="0"/>
</pin_list>
<bind>
<opcode="zext(34) " fcode="zext"/>
<opset="zext_ln70_45/1 "/>
</bind>
</comp>

<comp id="228" class="1004" name="sub_ln73_38_fu_228">
<pin_list>
<pin id="229" dir="0" index="0" bw="1" slack="0"/>
<pin id="230" dir="0" index="1" bw="2" slack="0"/>
<pin id="231" dir="1" index="2" bw="3" slack="1"/>
</pin_list>
<bind>
<opcode="sub(10) " fcode="sub"/>
<opset="sub_ln73_38/1 "/>
</bind>
</comp>

<comp id="234" class="1004" name="zext_ln70_46_fu_234">
<pin_list>
<pin id="235" dir="0" index="0" bw="2" slack="0"/>
<pin id="236" dir="1" index="1" bw="3" slack="0"/>
</pin_list>
<bind>
<opcode="zext(34) " fcode="zext"/>
<opset="zext_ln70_46/1 "/>
</bind>
</comp>

<comp id="238" class="1004" name="sub_ln73_39_fu_238">
<pin_list>
<pin id="239" dir="0" index="0" bw="1" slack="0"/>
<pin id="240" dir="0" index="1" bw="2" slack="0"/>
<pin id="241" dir="1" index="2" bw="3" slack="1"/>
</pin_list>
<bind>
<opcode="sub(10) " fcode="sub"/>
<opset="sub_ln73_39/1 "/>
</bind>
</comp>

<comp id="244" class="1004" name="zext_ln70_48_fu_244">
<pin_list>
<pin id="245" dir="0" index="0" bw="2" slack="0"/>
<pin id="246" dir="1" index="1" bw="3" slack="0"/>
</pin_list>
<bind>
<opcode="zext(34) " fcode="zext"/>
<opset="zext_ln70_48/1 "/>
</bind>
</comp>

<comp id="248" class="1004" name="sub_ln73_41_fu_248">
<pin_list>
<pin id="249" dir="0" index="0" bw="1" slack="0"/>
<pin id="250" dir="0" index="1" bw="2" slack="0"/>
<pin id="251" dir="1" index="2" bw="3" slack="1"/>
</pin_list>
<bind>
<opcode="sub(10) " fcode="sub"/>
<opset="sub_ln73_41/1 "/>
</bind>
</comp>

<comp id="254" class="1004" name="zext_ln70_50_fu_254">
<pin_list>
<pin id="255" dir="0" index="0" bw="2" slack="0"/>
<pin id="256" dir="1" index="1" bw="3" slack="0"/>
</pin_list>
<bind>
<opcode="zext(34) " fcode="zext"/>
<opset="zext_ln70_50/1 "/>
</bind>
</comp>

<comp id="258" class="1004" name="sub_ln73_43_fu_258">
<pin_list>
<pin id="259" dir="0" index="0" bw="1" slack="0"/>
<pin id="260" dir="0" index="1" bw="2" slack="0"/>
<pin id="261" dir="1" index="2" bw="3" slack="1"/>
</pin_list>
<bind>
<opcode="sub(10) " fcode="sub"/>
<opset="sub_ln73_43/1 "/>
</bind>
</comp>

<comp id="264" class="1004" name="zext_ln70_51_fu_264">
<pin_list>
<pin id="265" dir="0" index="0" bw="2" slack="0"/>
<pin id="266" dir="1" index="1" bw="3" slack="0"/>
</pin_list>
<bind>
<opcode="zext(34) " fcode="zext"/>
<opset="zext_ln70_51/1 "/>
</bind>
</comp>

<comp id="268" class="1004" name="zext_ln70_52_fu_268">
<pin_list>
<pin id="269" dir="0" index="0" bw="2" slack="0"/>
<pin id="270" dir="1" index="1" bw="3" slack="0"/>
</pin_list>
<bind>
<opcode="zext(34) " fcode="zext"/>
<opset="zext_ln70_52/1 "/>
</bind>
</comp>

<comp id="272" class="1004" name="sub_ln73_44_fu_272">
<pin_list>
<pin id="273" dir="0" index="0" bw="1" slack="0"/>
<pin id="274" dir="0" index="1" bw="2" slack="0"/>
<pin id="275" dir="1" index="2" bw="3" slack="1"/>
</pin_list>
<bind>
<opcode="sub(10) " fcode="sub"/>
<opset="sub_ln73_44/1 "/>
</bind>
</comp>

<comp id="278" class="1004" name="zext_ln70_53_fu_278">
<pin_list>
<pin id="279" dir="0" index="0" bw="2" slack="0"/>
<pin id="280" dir="1" index="1" bw="3" slack="0"/>
</pin_list>
<bind>
<opcode="zext(34) " fcode="zext"/>
<opset="zext_ln70_53/1 "/>
</bind>
</comp>

<comp id="282" class="1004" name="sub_ln73_45_fu_282">
<pin_list>
<pin id="283" dir="0" index="0" bw="1" slack="0"/>
<pin id="284" dir="0" index="1" bw="2" slack="0"/>
<pin id="285" dir="1" index="2" bw="3" slack="1"/>
</pin_list>
<bind>
<opcode="sub(10) " fcode="sub"/>
<opset="sub_ln73_45/1 "/>
</bind>
</comp>

<comp id="288" class="1004" name="zext_ln70_54_fu_288">
<pin_list>
<pin id="289" dir="0" index="0" bw="2" slack="0"/>
<pin id="290" dir="1" index="1" bw="3" slack="0"/>
</pin_list>
<bind>
<opcode="zext(34) " fcode="zext"/>
<opset="zext_ln70_54/1 "/>
</bind>
</comp>

<comp id="292" class="1004" name="sub_ln73_46_fu_292">
<pin_list>
<pin id="293" dir="0" index="0" bw="1" slack="0"/>
<pin id="294" dir="0" index="1" bw="2" slack="0"/>
<pin id="295" dir="1" index="2" bw="3" slack="1"/>
</pin_list>
<bind>
<opcode="sub(10) " fcode="sub"/>
<opset="sub_ln73_46/1 "/>
</bind>
</comp>

<comp id="298" class="1004" name="zext_ln70_55_fu_298">
<pin_list>
<pin id="299" dir="0" index="0" bw="2" slack="0"/>
<pin id="300" dir="1" index="1" bw="3" slack="0"/>
</pin_list>
<bind>
<opcode="zext(34) " fcode="zext"/>
<opset="zext_ln70_55/1 "/>
</bind>
</comp>

<comp id="302" class="1004" name="sub_ln73_47_fu_302">
<pin_list>
<pin id="303" dir="0" index="0" bw="1" slack="0"/>
<pin id="304" dir="0" index="1" bw="2" slack="0"/>
<pin id="305" dir="1" index="2" bw="3" slack="1"/>
</pin_list>
<bind>
<opcode="sub(10) " fcode="sub"/>
<opset="sub_ln73_47/1 "/>
</bind>
</comp>

<comp id="308" class="1004" name="zext_ln70_56_fu_308">
<pin_list>
<pin id="309" dir="0" index="0" bw="2" slack="0"/>
<pin id="310" dir="1" index="1" bw="3" slack="0"/>
</pin_list>
<bind>
<opcode="zext(34) " fcode="zext"/>
<opset="zext_ln70_56/1 "/>
</bind>
</comp>

<comp id="312" class="1004" name="sub_ln73_48_fu_312">
<pin_list>
<pin id="313" dir="0" index="0" bw="1" slack="0"/>
<pin id="314" dir="0" index="1" bw="2" slack="0"/>
<pin id="315" dir="1" index="2" bw="3" slack="1"/>
</pin_list>
<bind>
<opcode="sub(10) " fcode="sub"/>
<opset="sub_ln73_48/1 "/>
</bind>
</comp>

<comp id="318" class="1004" name="tmp15_fu_318">
<pin_list>
<pin id="319" dir="0" index="0" bw="2" slack="0"/>
<pin id="320" dir="0" index="1" bw="2" slack="0"/>
<pin id="321" dir="1" index="2" bw="3" slack="1"/>
</pin_list>
<bind>
<opcode="sub(10) " fcode="sub"/>
<opset="tmp15/1 "/>
</bind>
</comp>

<comp id="324" class="1004" name="tmp4013_fu_324">
<pin_list>
<pin id="325" dir="0" index="0" bw="2" slack="0"/>
<pin id="326" dir="0" index="1" bw="2" slack="0"/>
<pin id="327" dir="1" index="2" bw="3" slack="1"/>
</pin_list>
<bind>
<opcode="add(8) " fcode="add"/>
<opset="tmp4013/1 "/>
</bind>
</comp>

<comp id="330" class="1004" name="sum_fu_330">
<pin_list>
<pin id="331" dir="0" index="0" bw="2" slack="0"/>
<pin id="332" dir="0" index="1" bw="2" slack="0"/>
<pin id="333" dir="1" index="2" bw="3" slack="0"/>
</pin_list>
<bind>
<opcode="add(8) " fcode="add"/>
<opset="sum/1 "/>
</bind>
</comp>

<comp id="336" class="1004" name="sum_cast_fu_336">
<pin_list>
<pin id="337" dir="0" index="0" bw="3" slack="0"/>
<pin id="338" dir="1" index="1" bw="4" slack="0"/>
</pin_list>
<bind>
<opcode="zext(34) " fcode="zext"/>
<opset="sum_cast/1 "/>
</bind>
</comp>

<comp id="340" class="1004" name="data_12_val_cast87_fu_340">
<pin_list>
<pin id="341" dir="0" index="0" bw="2" slack="0"/>
<pin id="342" dir="1" index="1" bw="4" slack="0"/>
</pin_list>
<bind>
<opcode="zext(34) " fcode="zext"/>
<opset="data_12_val_cast87/1 "/>
</bind>
</comp>

<comp id="344" class="1004" name="tmp4311_fu_344">
<pin_list>
<pin id="345" dir="0" index="0" bw="2" slack="0"/>
<pin id="346" dir="0" index="1" bw="3" slack="0"/>
<pin id="347" dir="1" index="2" bw="4" slack="1"/>
</pin_list>
<bind>
<opcode="sub(10) " fcode="sub"/>
<opset="tmp4311/1 "/>
</bind>
</comp>

<comp id="350" class="1004" name="tmp459_fu_350">
<pin_list>
<pin id="351" dir="0" index="0" bw="2" slack="0"/>
<pin id="352" dir="0" index="1" bw="2" slack="0"/>
<pin id="353" dir="1" index="2" bw="3" slack="1"/>
</pin_list>
<bind>
<opcode="sub(10) " fcode="sub"/>
<opset="tmp459/1 "/>
</bind>
</comp>

<comp id="356" class="1004" name="shl_ln_fu_356">
<pin_list>
<pin id="357" dir="0" index="0" bw="10" slack="0"/>
<pin id="358" dir="0" index="1" bw="3" slack="1"/>
<pin id="359" dir="0" index="2" bw="1" slack="0"/>
<pin id="360" dir="1" index="3" bw="10" slack="0"/>
</pin_list>
<bind>
<opcode="bitconcatenate(1004) " fcode="bitconcatenate"/>
<opset="shl_ln/2 "/>
</bind>
</comp>

<comp id="363" class="1004" name="shl_ln42_s_fu_363">
<pin_list>
<pin id="364" dir="0" index="0" bw="9" slack="0"/>
<pin id="365" dir="0" index="1" bw="2" slack="1"/>
<pin id="366" dir="0" index="2" bw="1" slack="0"/>
<pin id="367" dir="1" index="3" bw="9" slack="0"/>
</pin_list>
<bind>
<opcode="bitconcatenate(1004) " fcode="bitconcatenate"/>
<opset="shl_ln42_s/2 "/>
</bind>
</comp>

<comp id="370" class="1004" name="shl_ln42_64_cast_fu_370">
<pin_list>
<pin id="371" dir="0" index="0" bw="9" slack="0"/>
<pin id="372" dir="1" index="1" bw="10" slack="0"/>
</pin_list>
<bind>
<opcode="zext(34) " fcode="zext"/>
<opset="shl_ln42_64_cast/2 "/>
</bind>
</comp>

<comp id="374" class="1004" name="shl_ln42_62_fu_374">
<pin_list>
<pin id="375" dir="0" index="0" bw="9" slack="0"/>
<pin id="376" dir="0" index="1" bw="2" slack="1"/>
<pin id="377" dir="0" index="2" bw="1" slack="0"/>
<pin id="378" dir="1" index="3" bw="9" slack="0"/>
</pin_list>
<bind>
<opcode="bitconcatenate(1004) " fcode="bitconcatenate"/>
<opset="shl_ln42_62/2 "/>
</bind>
</comp>

<comp id="381" class="1004" name="zext_ln73_fu_381">
<pin_list>
<pin id="382" dir="0" index="0" bw="9" slack="0"/>
<pin id="383" dir="1" index="1" bw="10" slack="0"/>
</pin_list>
<bind>
<opcode="zext(34) " fcode="zext"/>
<opset="zext_ln73/2 "/>
</bind>
</comp>

<comp id="385" class="1004" name="shl_ln42_63_fu_385">
<pin_list>
<pin id="386" dir="0" index="0" bw="10" slack="0"/>
<pin id="387" dir="0" index="1" bw="3" slack="1"/>
<pin id="388" dir="0" index="2" bw="1" slack="0"/>
<pin id="389" dir="1" index="3" bw="10" slack="0"/>
</pin_list>
<bind>
<opcode="bitconcatenate(1004) " fcode="bitconcatenate"/>
<opset="shl_ln42_63/2 "/>
</bind>
</comp>

<comp id="392" class="1004" name="shl_ln42_64_fu_392">
<pin_list>
<pin id="393" dir="0" index="0" bw="9" slack="0"/>
<pin id="394" dir="0" index="1" bw="2" slack="1"/>
<pin id="395" dir="0" index="2" bw="1" slack="0"/>
<pin id="396" dir="1" index="3" bw="9" slack="0"/>
</pin_list>
<bind>
<opcode="bitconcatenate(1004) " fcode="bitconcatenate"/>
<opset="shl_ln42_64/2 "/>
</bind>
</comp>

<comp id="399" class="1004" name="shl_ln42_67_cast_fu_399">
<pin_list>
<pin id="400" dir="0" index="0" bw="9" slack="0"/>
<pin id="401" dir="1" index="1" bw="10" slack="0"/>
</pin_list>
<bind>
<opcode="zext(34) " fcode="zext"/>
<opset="shl_ln42_67_cast/2 "/>
</bind>
</comp>

<comp id="403" class="1004" name="zext_ln70_41_fu_403">
<pin_list>
<pin id="404" dir="0" index="0" bw="2" slack="1"/>
<pin id="405" dir="1" index="1" bw="3" slack="0"/>
</pin_list>
<bind>
<opcode="zext(34) " fcode="zext"/>
<opset="zext_ln70_41/2 "/>
</bind>
</comp>

<comp id="406" class="1004" name="shl_ln42_65_fu_406">
<pin_list>
<pin id="407" dir="0" index="0" bw="9" slack="0"/>
<pin id="408" dir="0" index="1" bw="2" slack="1"/>
<pin id="409" dir="0" index="2" bw="1" slack="0"/>
<pin id="410" dir="1" index="3" bw="9" slack="0"/>
</pin_list>
<bind>
<opcode="bitconcatenate(1004) " fcode="bitconcatenate"/>
<opset="shl_ln42_65/2 "/>
</bind>
</comp>

<comp id="413" class="1004" name="zext_ln73_27_fu_413">
<pin_list>
<pin id="414" dir="0" index="0" bw="9" slack="0"/>
<pin id="415" dir="1" index="1" bw="11" slack="0"/>
</pin_list>
<bind>
<opcode="zext(34) " fcode="zext"/>
<opset="zext_ln73_27/2 "/>
</bind>
</comp>

<comp id="417" class="1004" name="zext_ln73_28_fu_417">
<pin_list>
<pin id="418" dir="0" index="0" bw="9" slack="0"/>
<pin id="419" dir="1" index="1" bw="10" slack="0"/>
</pin_list>
<bind>
<opcode="zext(34) " fcode="zext"/>
<opset="zext_ln73_28/2 "/>
</bind>
</comp>

<comp id="421" class="1004" name="sub_ln73_36_fu_421">
<pin_list>
<pin id="422" dir="0" index="0" bw="1" slack="0"/>
<pin id="423" dir="0" index="1" bw="2" slack="0"/>
<pin id="424" dir="1" index="2" bw="3" slack="0"/>
</pin_list>
<bind>
<opcode="sub(10) " fcode="sub"/>
<opset="sub_ln73_36/2 "/>
</bind>
</comp>

<comp id="427" class="1004" name="shl_ln42_66_fu_427">
<pin_list>
<pin id="428" dir="0" index="0" bw="10" slack="0"/>
<pin id="429" dir="0" index="1" bw="3" slack="0"/>
<pin id="430" dir="0" index="2" bw="1" slack="0"/>
<pin id="431" dir="1" index="3" bw="10" slack="0"/>
</pin_list>
<bind>
<opcode="bitconcatenate(1004) " fcode="bitconcatenate"/>
<opset="shl_ln42_66/2 "/>
</bind>
</comp>

<comp id="435" class="1004" name="shl_ln42_69_cast_fu_435">
<pin_list>
<pin id="436" dir="0" index="0" bw="10" slack="0"/>
<pin id="437" dir="1" index="1" bw="11" slack="0"/>
</pin_list>
<bind>
<opcode="sext(35) " fcode="sext"/>
<opset="shl_ln42_69_cast/2 "/>
</bind>
</comp>

<comp id="439" class="1004" name="shl_ln42_67_fu_439">
<pin_list>
<pin id="440" dir="0" index="0" bw="9" slack="0"/>
<pin id="441" dir="0" index="1" bw="2" slack="1"/>
<pin id="442" dir="0" index="2" bw="1" slack="0"/>
<pin id="443" dir="1" index="3" bw="9" slack="0"/>
</pin_list>
<bind>
<opcode="bitconcatenate(1004) " fcode="bitconcatenate"/>
<opset="shl_ln42_67/2 "/>
</bind>
</comp>

<comp id="446" class="1004" name="shl_ln42_70_cast79_fu_446">
<pin_list>
<pin id="447" dir="0" index="0" bw="9" slack="0"/>
<pin id="448" dir="1" index="1" bw="11" slack="0"/>
</pin_list>
<bind>
<opcode="zext(34) " fcode="zext"/>
<opset="shl_ln42_70_cast79/2 "/>
</bind>
</comp>

<comp id="450" class="1004" name="shl_ln42_70_cast_fu_450">
<pin_list>
<pin id="451" dir="0" index="0" bw="9" slack="0"/>
<pin id="452" dir="1" index="1" bw="10" slack="0"/>
</pin_list>
<bind>
<opcode="zext(34) " fcode="zext"/>
<opset="shl_ln42_70_cast/2 "/>
</bind>
</comp>

<comp id="454" class="1004" name="shl_ln42_68_fu_454">
<pin_list>
<pin id="455" dir="0" index="0" bw="9" slack="0"/>
<pin id="456" dir="0" index="1" bw="2" slack="1"/>
<pin id="457" dir="0" index="2" bw="1" slack="0"/>
<pin id="458" dir="1" index="3" bw="9" slack="0"/>
</pin_list>
<bind>
<opcode="bitconcatenate(1004) " fcode="bitconcatenate"/>
<opset="shl_ln42_68/2 "/>
</bind>
</comp>

<comp id="461" class="1004" name="shl_ln42_71_cast_fu_461">
<pin_list>
<pin id="462" dir="0" index="0" bw="9" slack="0"/>
<pin id="463" dir="1" index="1" bw="10" slack="0"/>
</pin_list>
<bind>
<opcode="zext(34) " fcode="zext"/>
<opset="shl_ln42_71_cast/2 "/>
</bind>
</comp>

<comp id="465" class="1004" name="sub_ln73_37_fu_465">
<pin_list>
<pin id="466" dir="0" index="0" bw="1" slack="0"/>
<pin id="467" dir="0" index="1" bw="2" slack="1"/>
<pin id="468" dir="1" index="2" bw="3" slack="0"/>
</pin_list>
<bind>
<opcode="sub(10) " fcode="sub"/>
<opset="sub_ln73_37/2 "/>
</bind>
</comp>

<comp id="470" class="1004" name="shl_ln42_69_fu_470">
<pin_list>
<pin id="471" dir="0" index="0" bw="10" slack="0"/>
<pin id="472" dir="0" index="1" bw="3" slack="0"/>
<pin id="473" dir="0" index="2" bw="1" slack="0"/>
<pin id="474" dir="1" index="3" bw="10" slack="0"/>
</pin_list>
<bind>
<opcode="bitconcatenate(1004) " fcode="bitconcatenate"/>
<opset="shl_ln42_69/2 "/>
</bind>
</comp>

<comp id="478" class="1004" name="shl_ln42_69_cast2_fu_478">
<pin_list>
<pin id="479" dir="0" index="0" bw="10" slack="0"/>
<pin id="480" dir="1" index="1" bw="12" slack="0"/>
</pin_list>
<bind>
<opcode="sext(35) " fcode="sext"/>
<opset="shl_ln42_69_cast2/2 "/>
</bind>
</comp>

<comp id="482" class="1004" name="shl_ln42_72_cast_fu_482">
<pin_list>
<pin id="483" dir="0" index="0" bw="10" slack="0"/>
<pin id="484" dir="1" index="1" bw="11" slack="0"/>
</pin_list>
<bind>
<opcode="sext(35) " fcode="sext"/>
<opset="shl_ln42_72_cast/2 "/>
</bind>
</comp>

<comp id="486" class="1004" name="shl_ln42_70_fu_486">
<pin_list>
<pin id="487" dir="0" index="0" bw="9" slack="0"/>
<pin id="488" dir="0" index="1" bw="2" slack="1"/>
<pin id="489" dir="0" index="2" bw="1" slack="0"/>
<pin id="490" dir="1" index="3" bw="9" slack="0"/>
</pin_list>
<bind>
<opcode="bitconcatenate(1004) " fcode="bitconcatenate"/>
<opset="shl_ln42_70/2 "/>
</bind>
</comp>

<comp id="493" class="1004" name="zext_ln73_29_fu_493">
<pin_list>
<pin id="494" dir="0" index="0" bw="9" slack="0"/>
<pin id="495" dir="1" index="1" bw="11" slack="0"/>
</pin_list>
<bind>
<opcode="zext(34) " fcode="zext"/>
<opset="zext_ln73_29/2 "/>
</bind>
</comp>

<comp id="497" class="1004" name="zext_ln73_30_fu_497">
<pin_list>
<pin id="498" dir="0" index="0" bw="9" slack="0"/>
<pin id="499" dir="1" index="1" bw="10" slack="0"/>
</pin_list>
<bind>
<opcode="zext(34) " fcode="zext"/>
<opset="zext_ln73_30/2 "/>
</bind>
</comp>

<comp id="501" class="1004" name="shl_ln42_71_fu_501">
<pin_list>
<pin id="502" dir="0" index="0" bw="10" slack="0"/>
<pin id="503" dir="0" index="1" bw="3" slack="1"/>
<pin id="504" dir="0" index="2" bw="1" slack="0"/>
<pin id="505" dir="1" index="3" bw="10" slack="0"/>
</pin_list>
<bind>
<opcode="bitconcatenate(1004) " fcode="bitconcatenate"/>
<opset="shl_ln42_71/2 "/>
</bind>
</comp>

<comp id="508" class="1004" name="shl_ln42_74_cast_fu_508">
<pin_list>
<pin id="509" dir="0" index="0" bw="10" slack="0"/>
<pin id="510" dir="1" index="1" bw="11" slack="0"/>
</pin_list>
<bind>
<opcode="sext(35) " fcode="sext"/>
<opset="shl_ln42_74_cast/2 "/>
</bind>
</comp>

<comp id="512" class="1004" name="shl_ln42_72_fu_512">
<pin_list>
<pin id="513" dir="0" index="0" bw="10" slack="0"/>
<pin id="514" dir="0" index="1" bw="3" slack="1"/>
<pin id="515" dir="0" index="2" bw="1" slack="0"/>
<pin id="516" dir="1" index="3" bw="10" slack="0"/>
</pin_list>
<bind>
<opcode="bitconcatenate(1004) " fcode="bitconcatenate"/>
<opset="shl_ln42_72/2 "/>
</bind>
</comp>

<comp id="519" class="1004" name="shl_ln42_75_cast_fu_519">
<pin_list>
<pin id="520" dir="0" index="0" bw="10" slack="0"/>
<pin id="521" dir="1" index="1" bw="11" slack="0"/>
</pin_list>
<bind>
<opcode="sext(35) " fcode="sext"/>
<opset="shl_ln42_75_cast/2 "/>
</bind>
</comp>

<comp id="523" class="1004" name="zext_ln70_47_fu_523">
<pin_list>
<pin id="524" dir="0" index="0" bw="2" slack="1"/>
<pin id="525" dir="1" index="1" bw="3" slack="0"/>
</pin_list>
<bind>
<opcode="zext(34) " fcode="zext"/>
<opset="zext_ln70_47/2 "/>
</bind>
</comp>

<comp id="526" class="1004" name="shl_ln42_73_fu_526">
<pin_list>
<pin id="527" dir="0" index="0" bw="9" slack="0"/>
<pin id="528" dir="0" index="1" bw="2" slack="1"/>
<pin id="529" dir="0" index="2" bw="1" slack="0"/>
<pin id="530" dir="1" index="3" bw="9" slack="0"/>
</pin_list>
<bind>
<opcode="bitconcatenate(1004) " fcode="bitconcatenate"/>
<opset="shl_ln42_73/2 "/>
</bind>
</comp>

<comp id="533" class="1004" name="zext_ln73_31_fu_533">
<pin_list>
<pin id="534" dir="0" index="0" bw="9" slack="0"/>
<pin id="535" dir="1" index="1" bw="11" slack="0"/>
</pin_list>
<bind>
<opcode="zext(34) " fcode="zext"/>
<opset="zext_ln73_31/2 "/>
</bind>
</comp>

<comp id="537" class="1004" name="zext_ln73_32_fu_537">
<pin_list>
<pin id="538" dir="0" index="0" bw="9" slack="0"/>
<pin id="539" dir="1" index="1" bw="10" slack="0"/>
</pin_list>
<bind>
<opcode="zext(34) " fcode="zext"/>
<opset="zext_ln73_32/2 "/>
</bind>
</comp>

<comp id="541" class="1004" name="sub_ln73_40_fu_541">
<pin_list>
<pin id="542" dir="0" index="0" bw="1" slack="0"/>
<pin id="543" dir="0" index="1" bw="2" slack="0"/>
<pin id="544" dir="1" index="2" bw="3" slack="0"/>
</pin_list>
<bind>
<opcode="sub(10) " fcode="sub"/>
<opset="sub_ln73_40/2 "/>
</bind>
</comp>

<comp id="547" class="1004" name="shl_ln42_74_fu_547">
<pin_list>
<pin id="548" dir="0" index="0" bw="10" slack="0"/>
<pin id="549" dir="0" index="1" bw="3" slack="0"/>
<pin id="550" dir="0" index="2" bw="1" slack="0"/>
<pin id="551" dir="1" index="3" bw="10" slack="0"/>
</pin_list>
<bind>
<opcode="bitconcatenate(1004) " fcode="bitconcatenate"/>
<opset="shl_ln42_74/2 "/>
</bind>
</comp>

<comp id="555" class="1004" name="shl_ln42_77_cast88_fu_555">
<pin_list>
<pin id="556" dir="0" index="0" bw="10" slack="0"/>
<pin id="557" dir="1" index="1" bw="11" slack="0"/>
</pin_list>
<bind>
<opcode="sext(35) " fcode="sext"/>
<opset="shl_ln42_77_cast88/2 "/>
</bind>
</comp>

<comp id="559" class="1004" name="shl_ln42_77_cast_fu_559">
<pin_list>
<pin id="560" dir="0" index="0" bw="10" slack="0"/>
<pin id="561" dir="1" index="1" bw="12" slack="0"/>
</pin_list>
<bind>
<opcode="sext(35) " fcode="sext"/>
<opset="shl_ln42_77_cast/2 "/>
</bind>
</comp>

<comp id="563" class="1004" name="shl_ln42_75_fu_563">
<pin_list>
<pin id="564" dir="0" index="0" bw="9" slack="0"/>
<pin id="565" dir="0" index="1" bw="2" slack="1"/>
<pin id="566" dir="0" index="2" bw="1" slack="0"/>
<pin id="567" dir="1" index="3" bw="9" slack="0"/>
</pin_list>
<bind>
<opcode="bitconcatenate(1004) " fcode="bitconcatenate"/>
<opset="shl_ln42_75/2 "/>
</bind>
</comp>

<comp id="570" class="1004" name="zext_ln73_33_fu_570">
<pin_list>
<pin id="571" dir="0" index="0" bw="9" slack="0"/>
<pin id="572" dir="1" index="1" bw="10" slack="0"/>
</pin_list>
<bind>
<opcode="zext(34) " fcode="zext"/>
<opset="zext_ln73_33/2 "/>
</bind>
</comp>

<comp id="574" class="1004" name="shl_ln42_76_fu_574">
<pin_list>
<pin id="575" dir="0" index="0" bw="10" slack="0"/>
<pin id="576" dir="0" index="1" bw="3" slack="1"/>
<pin id="577" dir="0" index="2" bw="1" slack="0"/>
<pin id="578" dir="1" index="3" bw="10" slack="0"/>
</pin_list>
<bind>
<opcode="bitconcatenate(1004) " fcode="bitconcatenate"/>
<opset="shl_ln42_76/2 "/>
</bind>
</comp>

<comp id="581" class="1004" name="shl_ln42_79_cast_fu_581">
<pin_list>
<pin id="582" dir="0" index="0" bw="10" slack="0"/>
<pin id="583" dir="1" index="1" bw="11" slack="0"/>
</pin_list>
<bind>
<opcode="sext(35) " fcode="sext"/>
<opset="shl_ln42_79_cast/2 "/>
</bind>
</comp>

<comp id="585" class="1004" name="zext_ln70_49_fu_585">
<pin_list>
<pin id="586" dir="0" index="0" bw="2" slack="1"/>
<pin id="587" dir="1" index="1" bw="3" slack="0"/>
</pin_list>
<bind>
<opcode="zext(34) " fcode="zext"/>
<opset="zext_ln70_49/2 "/>
</bind>
</comp>

<comp id="588" class="1004" name="shl_ln42_77_fu_588">
<pin_list>
<pin id="589" dir="0" index="0" bw="9" slack="0"/>
<pin id="590" dir="0" index="1" bw="2" slack="1"/>
<pin id="591" dir="0" index="2" bw="1" slack="0"/>
<pin id="592" dir="1" index="3" bw="9" slack="0"/>
</pin_list>
<bind>
<opcode="bitconcatenate(1004) " fcode="bitconcatenate"/>
<opset="shl_ln42_77/2 "/>
</bind>
</comp>

<comp id="595" class="1004" name="zext_ln73_34_fu_595">
<pin_list>
<pin id="596" dir="0" index="0" bw="9" slack="0"/>
<pin id="597" dir="1" index="1" bw="10" slack="0"/>
</pin_list>
<bind>
<opcode="zext(34) " fcode="zext"/>
<opset="zext_ln73_34/2 "/>
</bind>
</comp>

<comp id="599" class="1004" name="sub_ln73_42_fu_599">
<pin_list>
<pin id="600" dir="0" index="0" bw="1" slack="0"/>
<pin id="601" dir="0" index="1" bw="2" slack="0"/>
<pin id="602" dir="1" index="2" bw="3" slack="1"/>
</pin_list>
<bind>
<opcode="sub(10) " fcode="sub"/>
<opset="sub_ln73_42/2 "/>
</bind>
</comp>

<comp id="605" class="1004" name="shl_ln42_79_fu_605">
<pin_list>
<pin id="606" dir="0" index="0" bw="10" slack="0"/>
<pin id="607" dir="0" index="1" bw="3" slack="1"/>
<pin id="608" dir="0" index="2" bw="1" slack="0"/>
<pin id="609" dir="1" index="3" bw="10" slack="0"/>
</pin_list>
<bind>
<opcode="bitconcatenate(1004) " fcode="bitconcatenate"/>
<opset="shl_ln42_79/2 "/>
</bind>
</comp>

<comp id="612" class="1004" name="shl_ln42_82_cast_fu_612">
<pin_list>
<pin id="613" dir="0" index="0" bw="10" slack="0"/>
<pin id="614" dir="1" index="1" bw="11" slack="0"/>
</pin_list>
<bind>
<opcode="sext(35) " fcode="sext"/>
<opset="shl_ln42_82_cast/2 "/>
</bind>
</comp>

<comp id="616" class="1004" name="shl_ln42_80_fu_616">
<pin_list>
<pin id="617" dir="0" index="0" bw="9" slack="0"/>
<pin id="618" dir="0" index="1" bw="2" slack="1"/>
<pin id="619" dir="0" index="2" bw="1" slack="0"/>
<pin id="620" dir="1" index="3" bw="9" slack="0"/>
</pin_list>
<bind>
<opcode="bitconcatenate(1004) " fcode="bitconcatenate"/>
<opset="shl_ln42_80/2 "/>
</bind>
</comp>

<comp id="623" class="1004" name="zext_ln73_35_fu_623">
<pin_list>
<pin id="624" dir="0" index="0" bw="9" slack="0"/>
<pin id="625" dir="1" index="1" bw="11" slack="0"/>
</pin_list>
<bind>
<opcode="zext(34) " fcode="zext"/>
<opset="zext_ln73_35/2 "/>
</bind>
</comp>

<comp id="627" class="1004" name="shl_ln42_81_fu_627">
<pin_list>
<pin id="628" dir="0" index="0" bw="10" slack="0"/>
<pin id="629" dir="0" index="1" bw="3" slack="1"/>
<pin id="630" dir="0" index="2" bw="1" slack="0"/>
<pin id="631" dir="1" index="3" bw="10" slack="0"/>
</pin_list>
<bind>
<opcode="bitconcatenate(1004) " fcode="bitconcatenate"/>
<opset="shl_ln42_81/2 "/>
</bind>
</comp>

<comp id="634" class="1004" name="shl_ln42_84_cast_fu_634">
<pin_list>
<pin id="635" dir="0" index="0" bw="10" slack="0"/>
<pin id="636" dir="1" index="1" bw="11" slack="0"/>
</pin_list>
<bind>
<opcode="sext(35) " fcode="sext"/>
<opset="shl_ln42_84_cast/2 "/>
</bind>
</comp>

<comp id="638" class="1004" name="shl_ln42_82_fu_638">
<pin_list>
<pin id="639" dir="0" index="0" bw="10" slack="0"/>
<pin id="640" dir="0" index="1" bw="3" slack="1"/>
<pin id="641" dir="0" index="2" bw="1" slack="0"/>
<pin id="642" dir="1" index="3" bw="10" slack="0"/>
</pin_list>
<bind>
<opcode="bitconcatenate(1004) " fcode="bitconcatenate"/>
<opset="shl_ln42_82/2 "/>
</bind>
</comp>

<comp id="645" class="1004" name="sext_ln42_fu_645">
<pin_list>
<pin id="646" dir="0" index="0" bw="10" slack="0"/>
<pin id="647" dir="1" index="1" bw="12" slack="0"/>
</pin_list>
<bind>
<opcode="sext(35) " fcode="sext"/>
<opset="sext_ln42/2 "/>
</bind>
</comp>

<comp id="649" class="1004" name="sext_ln42_13_fu_649">
<pin_list>
<pin id="650" dir="0" index="0" bw="10" slack="0"/>
<pin id="651" dir="1" index="1" bw="11" slack="0"/>
</pin_list>
<bind>
<opcode="sext(35) " fcode="sext"/>
<opset="sext_ln42_13/2 "/>
</bind>
</comp>

<comp id="653" class="1004" name="shl_ln42_83_fu_653">
<pin_list>
<pin id="654" dir="0" index="0" bw="9" slack="0"/>
<pin id="655" dir="0" index="1" bw="2" slack="1"/>
<pin id="656" dir="0" index="2" bw="1" slack="0"/>
<pin id="657" dir="1" index="3" bw="9" slack="0"/>
</pin_list>
<bind>
<opcode="bitconcatenate(1004) " fcode="bitconcatenate"/>
<opset="shl_ln42_83/2 "/>
</bind>
</comp>

<comp id="660" class="1004" name="shl_ln42_86_cast_fu_660">
<pin_list>
<pin id="661" dir="0" index="0" bw="9" slack="0"/>
<pin id="662" dir="1" index="1" bw="10" slack="0"/>
</pin_list>
<bind>
<opcode="zext(34) " fcode="zext"/>
<opset="shl_ln42_86_cast/2 "/>
</bind>
</comp>

<comp id="664" class="1004" name="shl_ln42_84_fu_664">
<pin_list>
<pin id="665" dir="0" index="0" bw="9" slack="0"/>
<pin id="666" dir="0" index="1" bw="2" slack="1"/>
<pin id="667" dir="0" index="2" bw="1" slack="0"/>
<pin id="668" dir="1" index="3" bw="9" slack="0"/>
</pin_list>
<bind>
<opcode="bitconcatenate(1004) " fcode="bitconcatenate"/>
<opset="shl_ln42_84/2 "/>
</bind>
</comp>

<comp id="671" class="1004" name="zext_ln73_36_fu_671">
<pin_list>
<pin id="672" dir="0" index="0" bw="9" slack="0"/>
<pin id="673" dir="1" index="1" bw="11" slack="0"/>
</pin_list>
<bind>
<opcode="zext(34) " fcode="zext"/>
<opset="zext_ln73_36/2 "/>
</bind>
</comp>

<comp id="675" class="1004" name="zext_ln73_37_fu_675">
<pin_list>
<pin id="676" dir="0" index="0" bw="9" slack="0"/>
<pin id="677" dir="1" index="1" bw="10" slack="0"/>
</pin_list>
<bind>
<opcode="zext(34) " fcode="zext"/>
<opset="zext_ln73_37/2 "/>
</bind>
</comp>

<comp id="679" class="1004" name="shl_ln42_85_fu_679">
<pin_list>
<pin id="680" dir="0" index="0" bw="10" slack="0"/>
<pin id="681" dir="0" index="1" bw="3" slack="1"/>
<pin id="682" dir="0" index="2" bw="1" slack="0"/>
<pin id="683" dir="1" index="3" bw="10" slack="0"/>
</pin_list>
<bind>
<opcode="bitconcatenate(1004) " fcode="bitconcatenate"/>
<opset="shl_ln42_85/2 "/>
</bind>
</comp>

<comp id="686" class="1004" name="sext_ln70_fu_686">
<pin_list>
<pin id="687" dir="0" index="0" bw="10" slack="0"/>
<pin id="688" dir="1" index="1" bw="11" slack="0"/>
</pin_list>
<bind>
<opcode="sext(35) " fcode="sext"/>
<opset="sext_ln70/2 "/>
</bind>
</comp>

<comp id="690" class="1004" name="shl_ln42_86_fu_690">
<pin_list>
<pin id="691" dir="0" index="0" bw="9" slack="0"/>
<pin id="692" dir="0" index="1" bw="2" slack="1"/>
<pin id="693" dir="0" index="2" bw="1" slack="0"/>
<pin id="694" dir="1" index="3" bw="9" slack="0"/>
</pin_list>
<bind>
<opcode="bitconcatenate(1004) " fcode="bitconcatenate"/>
<opset="shl_ln42_86/2 "/>
</bind>
</comp>

<comp id="697" class="1004" name="shl_ln42_89_cast_fu_697">
<pin_list>
<pin id="698" dir="0" index="0" bw="9" slack="0"/>
<pin id="699" dir="1" index="1" bw="10" slack="0"/>
</pin_list>
<bind>
<opcode="zext(34) " fcode="zext"/>
<opset="shl_ln42_89_cast/2 "/>
</bind>
</comp>

<comp id="701" class="1004" name="shl_ln42_87_fu_701">
<pin_list>
<pin id="702" dir="0" index="0" bw="10" slack="0"/>
<pin id="703" dir="0" index="1" bw="3" slack="1"/>
<pin id="704" dir="0" index="2" bw="1" slack="0"/>
<pin id="705" dir="1" index="3" bw="10" slack="0"/>
</pin_list>
<bind>
<opcode="bitconcatenate(1004) " fcode="bitconcatenate"/>
<opset="shl_ln42_87/2 "/>
</bind>
</comp>

<comp id="708" class="1004" name="shl_ln42_92_cast_fu_708">
<pin_list>
<pin id="709" dir="0" index="0" bw="10" slack="0"/>
<pin id="710" dir="1" index="1" bw="11" slack="0"/>
</pin_list>
<bind>
<opcode="sext(35) " fcode="sext"/>
<opset="shl_ln42_92_cast/2 "/>
</bind>
</comp>

<comp id="712" class="1004" name="shl_ln42_88_fu_712">
<pin_list>
<pin id="713" dir="0" index="0" bw="9" slack="0"/>
<pin id="714" dir="0" index="1" bw="2" slack="1"/>
<pin id="715" dir="0" index="2" bw="1" slack="0"/>
<pin id="716" dir="1" index="3" bw="9" slack="0"/>
</pin_list>
<bind>
<opcode="bitconcatenate(1004) " fcode="bitconcatenate"/>
<opset="shl_ln42_88/2 "/>
</bind>
</comp>

<comp id="719" class="1004" name="zext_ln73_38_fu_719">
<pin_list>
<pin id="720" dir="0" index="0" bw="9" slack="0"/>
<pin id="721" dir="1" index="1" bw="10" slack="0"/>
</pin_list>
<bind>
<opcode="zext(34) " fcode="zext"/>
<opset="zext_ln73_38/2 "/>
</bind>
</comp>

<comp id="723" class="1004" name="shl_ln42_89_fu_723">
<pin_list>
<pin id="724" dir="0" index="0" bw="10" slack="0"/>
<pin id="725" dir="0" index="1" bw="3" slack="1"/>
<pin id="726" dir="0" index="2" bw="1" slack="0"/>
<pin id="727" dir="1" index="3" bw="10" slack="0"/>
</pin_list>
<bind>
<opcode="bitconcatenate(1004) " fcode="bitconcatenate"/>
<opset="shl_ln42_89/2 "/>
</bind>
</comp>

<comp id="730" class="1004" name="add_ln58_fu_730">
<pin_list>
<pin id="731" dir="0" index="0" bw="9" slack="0"/>
<pin id="732" dir="0" index="1" bw="9" slack="0"/>
<pin id="733" dir="1" index="2" bw="10" slack="0"/>
</pin_list>
<bind>
<opcode="add(8) " fcode="add"/>
<opset="add_ln58/2 "/>
</bind>
</comp>

<comp id="736" class="1004" name="zext_ln58_fu_736">
<pin_list>
<pin id="737" dir="0" index="0" bw="10" slack="0"/>
<pin id="738" dir="1" index="1" bw="11" slack="0"/>
</pin_list>
<bind>
<opcode="zext(34) " fcode="zext"/>
<opset="zext_ln58/2 "/>
</bind>
</comp>

<comp id="740" class="1004" name="add_ln58_202_fu_740">
<pin_list>
<pin id="741" dir="0" index="0" bw="9" slack="0"/>
<pin id="742" dir="0" index="1" bw="10" slack="0"/>
<pin id="743" dir="1" index="2" bw="10" slack="0"/>
</pin_list>
<bind>
<opcode="add(8) " fcode="add"/>
<opset="add_ln58_202/2 "/>
</bind>
</comp>

<comp id="746" class="1004" name="sext_ln58_fu_746">
<pin_list>
<pin id="747" dir="0" index="0" bw="10" slack="0"/>
<pin id="748" dir="1" index="1" bw="11" slack="0"/>
</pin_list>
<bind>
<opcode="sext(35) " fcode="sext"/>
<opset="sext_ln58/2 "/>
</bind>
</comp>

<comp id="750" class="1004" name="add_ln58_203_fu_750">
<pin_list>
<pin id="751" dir="0" index="0" bw="9" slack="0"/>
<pin id="752" dir="0" index="1" bw="10" slack="0"/>
<pin id="753" dir="1" index="2" bw="10" slack="0"/>
</pin_list>
<bind>
<opcode="add(8) " fcode="add"/>
<opset="add_ln58_203/2 "/>
</bind>
</comp>

<comp id="756" class="1004" name="sext_ln58_155_fu_756">
<pin_list>
<pin id="757" dir="0" index="0" bw="10" slack="0"/>
<pin id="758" dir="1" index="1" bw="11" slack="0"/>
</pin_list>
<bind>
<opcode="sext(35) " fcode="sext"/>
<opset="sext_ln58_155/2 "/>
</bind>
</comp>

<comp id="760" class="1004" name="add_ln58_204_fu_760">
<pin_list>
<pin id="761" dir="0" index="0" bw="9" slack="0"/>
<pin id="762" dir="0" index="1" bw="10" slack="0"/>
<pin id="763" dir="1" index="2" bw="10" slack="0"/>
</pin_list>
<bind>
<opcode="add(8) " fcode="add"/>
<opset="add_ln58_204/2 "/>
</bind>
</comp>

<comp id="766" class="1004" name="sext_ln58_156_fu_766">
<pin_list>
<pin id="767" dir="0" index="0" bw="10" slack="0"/>
<pin id="768" dir="1" index="1" bw="11" slack="0"/>
</pin_list>
<bind>
<opcode="sext(35) " fcode="sext"/>
<opset="sext_ln58_156/2 "/>
</bind>
</comp>

<comp id="770" class="1004" name="add_ln58_205_fu_770">
<pin_list>
<pin id="771" dir="0" index="0" bw="10" slack="0"/>
<pin id="772" dir="0" index="1" bw="10" slack="0"/>
<pin id="773" dir="1" index="2" bw="11" slack="1"/>
</pin_list>
<bind>
<opcode="add(8) " fcode="add"/>
<opset="add_ln58_205/2 "/>
</bind>
</comp>

<comp id="776" class="1004" name="add_ln58_206_fu_776">
<pin_list>
<pin id="777" dir="0" index="0" bw="10" slack="0"/>
<pin id="778" dir="0" index="1" bw="10" slack="0"/>
<pin id="779" dir="1" index="2" bw="11" slack="0"/>
</pin_list>
<bind>
<opcode="add(8) " fcode="add"/>
<opset="add_ln58_206/2 "/>
</bind>
</comp>

<comp id="782" class="1004" name="add_ln58_207_fu_782">
<pin_list>
<pin id="783" dir="0" index="0" bw="9" slack="0"/>
<pin id="784" dir="0" index="1" bw="9" slack="0"/>
<pin id="785" dir="1" index="2" bw="10" slack="0"/>
</pin_list>
<bind>
<opcode="add(8) " fcode="add"/>
<opset="add_ln58_207/2 "/>
</bind>
</comp>

<comp id="788" class="1004" name="zext_ln58_26_fu_788">
<pin_list>
<pin id="789" dir="0" index="0" bw="10" slack="0"/>
<pin id="790" dir="1" index="1" bw="11" slack="0"/>
</pin_list>
<bind>
<opcode="zext(34) " fcode="zext"/>
<opset="zext_ln58_26/2 "/>
</bind>
</comp>

<comp id="792" class="1004" name="add_ln58_208_fu_792">
<pin_list>
<pin id="793" dir="0" index="0" bw="10" slack="0"/>
<pin id="794" dir="0" index="1" bw="11" slack="0"/>
<pin id="795" dir="1" index="2" bw="11" slack="1"/>
</pin_list>
<bind>
<opcode="add(8) " fcode="add"/>
<opset="add_ln58_208/2 "/>
</bind>
</comp>

<comp id="798" class="1004" name="add_ln58_210_fu_798">
<pin_list>
<pin id="799" dir="0" index="0" bw="10" slack="0"/>
<pin id="800" dir="0" index="1" bw="9" slack="0"/>
<pin id="801" dir="1" index="2" bw="10" slack="2"/>
</pin_list>
<bind>
<opcode="add(8) " fcode="add"/>
<opset="add_ln58_210/2 "/>
</bind>
</comp>

<comp id="804" class="1004" name="add_ln58_211_fu_804">
<pin_list>
<pin id="805" dir="0" index="0" bw="9" slack="0"/>
<pin id="806" dir="0" index="1" bw="9" slack="0"/>
<pin id="807" dir="1" index="2" bw="10" slack="2"/>
</pin_list>
<bind>
<opcode="add(8) " fcode="add"/>
<opset="add_ln58_211/2 "/>
</bind>
</comp>

<comp id="810" class="1004" name="add_ln58_213_fu_810">
<pin_list>
<pin id="811" dir="0" index="0" bw="10" slack="0"/>
<pin id="812" dir="0" index="1" bw="9" slack="0"/>
<pin id="813" dir="1" index="2" bw="10" slack="1"/>
</pin_list>
<bind>
<opcode="add(8) " fcode="add"/>
<opset="add_ln58_213/2 "/>
</bind>
</comp>

<comp id="816" class="1004" name="add_ln58_214_fu_816">
<pin_list>
<pin id="817" dir="0" index="0" bw="10" slack="0"/>
<pin id="818" dir="0" index="1" bw="10" slack="0"/>
<pin id="819" dir="1" index="2" bw="11" slack="1"/>
</pin_list>
<bind>
<opcode="add(8) " fcode="add"/>
<opset="add_ln58_214/2 "/>
</bind>
</comp>

<comp id="822" class="1004" name="tmp_fu_822">
<pin_list>
<pin id="823" dir="0" index="0" bw="10" slack="0"/>
<pin id="824" dir="0" index="1" bw="3" slack="1"/>
<pin id="825" dir="0" index="2" bw="1" slack="0"/>
<pin id="826" dir="1" index="3" bw="10" slack="0"/>
</pin_list>
<bind>
<opcode="bitconcatenate(1004) " fcode="bitconcatenate"/>
<opset="tmp/2 "/>
</bind>
</comp>

<comp id="829" class="1004" name="sext_ln58_166_fu_829">
<pin_list>
<pin id="830" dir="0" index="0" bw="10" slack="0"/>
<pin id="831" dir="1" index="1" bw="11" slack="0"/>
</pin_list>
<bind>
<opcode="sext(35) " fcode="sext"/>
<opset="sext_ln58_166/2 "/>
</bind>
</comp>

<comp id="833" class="1004" name="add_ln58_218_fu_833">
<pin_list>
<pin id="834" dir="0" index="0" bw="9" slack="0"/>
<pin id="835" dir="0" index="1" bw="10" slack="0"/>
<pin id="836" dir="1" index="2" bw="11" slack="1"/>
</pin_list>
<bind>
<opcode="add(8) " fcode="add"/>
<opset="add_ln58_218/2 "/>
</bind>
</comp>

<comp id="839" class="1004" name="add_ln58_219_fu_839">
<pin_list>
<pin id="840" dir="0" index="0" bw="9" slack="0"/>
<pin id="841" dir="0" index="1" bw="10" slack="0"/>
<pin id="842" dir="1" index="2" bw="10" slack="0"/>
</pin_list>
<bind>
<opcode="add(8) " fcode="add"/>
<opset="add_ln58_219/2 "/>
</bind>
</comp>

<comp id="845" class="1004" name="sext_ln58_164_fu_845">
<pin_list>
<pin id="846" dir="0" index="0" bw="10" slack="0"/>
<pin id="847" dir="1" index="1" bw="11" slack="0"/>
</pin_list>
<bind>
<opcode="sext(35) " fcode="sext"/>
<opset="sext_ln58_164/2 "/>
</bind>
</comp>

<comp id="849" class="1004" name="add_ln58_220_fu_849">
<pin_list>
<pin id="850" dir="0" index="0" bw="10" slack="0"/>
<pin id="851" dir="0" index="1" bw="10" slack="0"/>
<pin id="852" dir="1" index="2" bw="11" slack="1"/>
</pin_list>
<bind>
<opcode="add(8) " fcode="add"/>
<opset="add_ln58_220/2 "/>
</bind>
</comp>

<comp id="855" class="1004" name="sext_ln58_167_fu_855">
<pin_list>
<pin id="856" dir="0" index="0" bw="11" slack="0"/>
<pin id="857" dir="1" index="1" bw="12" slack="0"/>
</pin_list>
<bind>
<opcode="sext(35) " fcode="sext"/>
<opset="sext_ln58_167/2 "/>
</bind>
</comp>

<comp id="859" class="1004" name="add_ln58_222_fu_859">
<pin_list>
<pin id="860" dir="0" index="0" bw="11" slack="0"/>
<pin id="861" dir="0" index="1" bw="10" slack="0"/>
<pin id="862" dir="1" index="2" bw="12" slack="1"/>
</pin_list>
<bind>
<opcode="add(8) " fcode="add"/>
<opset="add_ln58_222/2 "/>
</bind>
</comp>

<comp id="865" class="1004" name="add_ln58_223_fu_865">
<pin_list>
<pin id="866" dir="0" index="0" bw="10" slack="0"/>
<pin id="867" dir="0" index="1" bw="9" slack="0"/>
<pin id="868" dir="1" index="2" bw="10" slack="0"/>
</pin_list>
<bind>
<opcode="add(8) " fcode="add"/>
<opset="add_ln58_223/2 "/>
</bind>
</comp>

<comp id="871" class="1004" name="sext_ln58_185_fu_871">
<pin_list>
<pin id="872" dir="0" index="0" bw="10" slack="0"/>
<pin id="873" dir="1" index="1" bw="11" slack="0"/>
</pin_list>
<bind>
<opcode="sext(35) " fcode="sext"/>
<opset="sext_ln58_185/2 "/>
</bind>
</comp>

<comp id="875" class="1004" name="add_ln58_224_fu_875">
<pin_list>
<pin id="876" dir="0" index="0" bw="10" slack="0"/>
<pin id="877" dir="0" index="1" bw="10" slack="0"/>
<pin id="878" dir="1" index="2" bw="11" slack="1"/>
</pin_list>
<bind>
<opcode="add(8) " fcode="add"/>
<opset="add_ln58_224/2 "/>
</bind>
</comp>

<comp id="881" class="1004" name="tmp6_fu_881">
<pin_list>
<pin id="882" dir="0" index="0" bw="10" slack="0"/>
<pin id="883" dir="0" index="1" bw="3" slack="1"/>
<pin id="884" dir="0" index="2" bw="1" slack="0"/>
<pin id="885" dir="1" index="3" bw="10" slack="0"/>
</pin_list>
<bind>
<opcode="bitconcatenate(1004) " fcode="bitconcatenate"/>
<opset="tmp6/2 "/>
</bind>
</comp>

<comp id="888" class="1004" name="zext_ln58_28_fu_888">
<pin_list>
<pin id="889" dir="0" index="0" bw="10" slack="0"/>
<pin id="890" dir="1" index="1" bw="11" slack="0"/>
</pin_list>
<bind>
<opcode="zext(34) " fcode="zext"/>
<opset="zext_ln58_28/2 "/>
</bind>
</comp>

<comp id="892" class="1004" name="add_ln58_227_fu_892">
<pin_list>
<pin id="893" dir="0" index="0" bw="9" slack="0"/>
<pin id="894" dir="0" index="1" bw="9" slack="0"/>
<pin id="895" dir="1" index="2" bw="10" slack="1"/>
</pin_list>
<bind>
<opcode="add(8) " fcode="add"/>
<opset="add_ln58_227/2 "/>
</bind>
</comp>

<comp id="898" class="1004" name="add_ln58_228_fu_898">
<pin_list>
<pin id="899" dir="0" index="0" bw="10" slack="0"/>
<pin id="900" dir="0" index="1" bw="9" slack="0"/>
<pin id="901" dir="1" index="2" bw="10" slack="0"/>
</pin_list>
<bind>
<opcode="add(8) " fcode="add"/>
<opset="add_ln58_228/2 "/>
</bind>
</comp>

<comp id="904" class="1004" name="sext_ln58_170_fu_904">
<pin_list>
<pin id="905" dir="0" index="0" bw="10" slack="0"/>
<pin id="906" dir="1" index="1" bw="11" slack="0"/>
</pin_list>
<bind>
<opcode="sext(35) " fcode="sext"/>
<opset="sext_ln58_170/2 "/>
</bind>
</comp>

<comp id="908" class="1004" name="add_ln58_229_fu_908">
<pin_list>
<pin id="909" dir="0" index="0" bw="10" slack="0"/>
<pin id="910" dir="0" index="1" bw="9" slack="0"/>
<pin id="911" dir="1" index="2" bw="11" slack="1"/>
</pin_list>
<bind>
<opcode="add(8) " fcode="add"/>
<opset="add_ln58_229/2 "/>
</bind>
</comp>

<comp id="914" class="1004" name="add_ln58_231_fu_914">
<pin_list>
<pin id="915" dir="0" index="0" bw="9" slack="0"/>
<pin id="916" dir="0" index="1" bw="9" slack="0"/>
<pin id="917" dir="1" index="2" bw="10" slack="1"/>
</pin_list>
<bind>
<opcode="add(8) " fcode="add"/>
<opset="add_ln58_231/2 "/>
</bind>
</comp>

<comp id="920" class="1004" name="add_ln58_232_fu_920">
<pin_list>
<pin id="921" dir="0" index="0" bw="10" slack="0"/>
<pin id="922" dir="0" index="1" bw="10" slack="0"/>
<pin id="923" dir="1" index="2" bw="11" slack="0"/>
</pin_list>
<bind>
<opcode="add(8) " fcode="add"/>
<opset="add_ln58_232/2 "/>
</bind>
</comp>

<comp id="926" class="1004" name="add_ln58_233_fu_926">
<pin_list>
<pin id="927" dir="0" index="0" bw="11" slack="0"/>
<pin id="928" dir="0" index="1" bw="10" slack="0"/>
<pin id="929" dir="1" index="2" bw="11" slack="1"/>
</pin_list>
<bind>
<opcode="add(8) " fcode="add"/>
<opset="add_ln58_233/2 "/>
</bind>
</comp>

<comp id="932" class="1004" name="add_ln58_236_fu_932">
<pin_list>
<pin id="933" dir="0" index="0" bw="10" slack="0"/>
<pin id="934" dir="0" index="1" bw="10" slack="0"/>
<pin id="935" dir="1" index="2" bw="11" slack="1"/>
</pin_list>
<bind>
<opcode="add(8) " fcode="add"/>
<opset="add_ln58_236/2 "/>
</bind>
</comp>

<comp id="938" class="1004" name="add_ln58_237_fu_938">
<pin_list>
<pin id="939" dir="0" index="0" bw="10" slack="0"/>
<pin id="940" dir="0" index="1" bw="10" slack="0"/>
<pin id="941" dir="1" index="2" bw="11" slack="0"/>
</pin_list>
<bind>
<opcode="add(8) " fcode="add"/>
<opset="add_ln58_237/2 "/>
</bind>
</comp>

<comp id="944" class="1004" name="add_ln58_238_fu_944">
<pin_list>
<pin id="945" dir="0" index="0" bw="11" slack="0"/>
<pin id="946" dir="0" index="1" bw="9" slack="0"/>
<pin id="947" dir="1" index="2" bw="11" slack="1"/>
</pin_list>
<bind>
<opcode="add(8) " fcode="add"/>
<opset="add_ln58_238/2 "/>
</bind>
</comp>

<comp id="950" class="1004" name="add_ln58_240_fu_950">
<pin_list>
<pin id="951" dir="0" index="0" bw="10" slack="0"/>
<pin id="952" dir="0" index="1" bw="9" slack="0"/>
<pin id="953" dir="1" index="2" bw="10" slack="0"/>
</pin_list>
<bind>
<opcode="add(8) " fcode="add"/>
<opset="add_ln58_240/2 "/>
</bind>
</comp>

<comp id="956" class="1004" name="sext_ln58_179_fu_956">
<pin_list>
<pin id="957" dir="0" index="0" bw="10" slack="0"/>
<pin id="958" dir="1" index="1" bw="11" slack="0"/>
</pin_list>
<bind>
<opcode="sext(35) " fcode="sext"/>
<opset="sext_ln58_179/2 "/>
</bind>
</comp>

<comp id="960" class="1004" name="add_ln58_241_fu_960">
<pin_list>
<pin id="961" dir="0" index="0" bw="10" slack="0"/>
<pin id="962" dir="0" index="1" bw="9" slack="0"/>
<pin id="963" dir="1" index="2" bw="11" slack="1"/>
</pin_list>
<bind>
<opcode="add(8) " fcode="add"/>
<opset="add_ln58_241/2 "/>
</bind>
</comp>

<comp id="966" class="1004" name="add_ln58_242_fu_966">
<pin_list>
<pin id="967" dir="0" index="0" bw="10" slack="0"/>
<pin id="968" dir="0" index="1" bw="9" slack="0"/>
<pin id="969" dir="1" index="2" bw="10" slack="0"/>
</pin_list>
<bind>
<opcode="add(8) " fcode="add"/>
<opset="add_ln58_242/2 "/>
</bind>
</comp>

<comp id="972" class="1004" name="sext_ln58_181_fu_972">
<pin_list>
<pin id="973" dir="0" index="0" bw="10" slack="0"/>
<pin id="974" dir="1" index="1" bw="11" slack="0"/>
</pin_list>
<bind>
<opcode="sext(35) " fcode="sext"/>
<opset="sext_ln58_181/2 "/>
</bind>
</comp>

<comp id="976" class="1004" name="add_ln58_243_fu_976">
<pin_list>
<pin id="977" dir="0" index="0" bw="10" slack="0"/>
<pin id="978" dir="0" index="1" bw="10" slack="0"/>
<pin id="979" dir="1" index="2" bw="11" slack="1"/>
</pin_list>
<bind>
<opcode="add(8) " fcode="add"/>
<opset="add_ln58_243/2 "/>
</bind>
</comp>

<comp id="982" class="1004" name="tmp_7_fu_982">
<pin_list>
<pin id="983" dir="0" index="0" bw="11" slack="0"/>
<pin id="984" dir="0" index="1" bw="4" slack="1"/>
<pin id="985" dir="0" index="2" bw="1" slack="0"/>
<pin id="986" dir="1" index="3" bw="11" slack="0"/>
</pin_list>
<bind>
<opcode="bitconcatenate(1004) " fcode="bitconcatenate"/>
<opset="tmp_7/2 "/>
</bind>
</comp>

<comp id="989" class="1004" name="sext_ln58_190_fu_989">
<pin_list>
<pin id="990" dir="0" index="0" bw="11" slack="0"/>
<pin id="991" dir="1" index="1" bw="12" slack="0"/>
</pin_list>
<bind>
<opcode="sext(35) " fcode="sext"/>
<opset="sext_ln58_190/2 "/>
</bind>
</comp>

<comp id="993" class="1004" name="add_ln58_245_fu_993">
<pin_list>
<pin id="994" dir="0" index="0" bw="10" slack="0"/>
<pin id="995" dir="0" index="1" bw="10" slack="0"/>
<pin id="996" dir="1" index="2" bw="11" slack="1"/>
</pin_list>
<bind>
<opcode="add(8) " fcode="add"/>
<opset="add_ln58_245/2 "/>
</bind>
</comp>

<comp id="999" class="1004" name="add_ln58_246_fu_999">
<pin_list>
<pin id="1000" dir="0" index="0" bw="10" slack="0"/>
<pin id="1001" dir="0" index="1" bw="10" slack="0"/>
<pin id="1002" dir="1" index="2" bw="11" slack="1"/>
</pin_list>
<bind>
<opcode="add(8) " fcode="add"/>
<opset="add_ln58_246/2 "/>
</bind>
</comp>

<comp id="1005" class="1004" name="add_ln58_248_fu_1005">
<pin_list>
<pin id="1006" dir="0" index="0" bw="11" slack="0"/>
<pin id="1007" dir="0" index="1" bw="10" slack="0"/>
<pin id="1008" dir="1" index="2" bw="12" slack="1"/>
</pin_list>
<bind>
<opcode="add(8) " fcode="add"/>
<opset="add_ln58_248/2 "/>
</bind>
</comp>

<comp id="1011" class="1004" name="add_ln58_249_fu_1011">
<pin_list>
<pin id="1012" dir="0" index="0" bw="9" slack="0"/>
<pin id="1013" dir="0" index="1" bw="10" slack="0"/>
<pin id="1014" dir="1" index="2" bw="10" slack="0"/>
</pin_list>
<bind>
<opcode="add(8) " fcode="add"/>
<opset="add_ln58_249/2 "/>
</bind>
</comp>

<comp id="1017" class="1004" name="sext_ln58_186_fu_1017">
<pin_list>
<pin id="1018" dir="0" index="0" bw="10" slack="0"/>
<pin id="1019" dir="1" index="1" bw="11" slack="0"/>
</pin_list>
<bind>
<opcode="sext(35) " fcode="sext"/>
<opset="sext_ln58_186/2 "/>
</bind>
</comp>

<comp id="1021" class="1004" name="add_ln58_250_fu_1021">
<pin_list>
<pin id="1022" dir="0" index="0" bw="10" slack="0"/>
<pin id="1023" dir="0" index="1" bw="9" slack="0"/>
<pin id="1024" dir="1" index="2" bw="11" slack="1"/>
</pin_list>
<bind>
<opcode="add(8) " fcode="add"/>
<opset="add_ln58_250/2 "/>
</bind>
</comp>

<comp id="1027" class="1004" name="tmp_8_fu_1027">
<pin_list>
<pin id="1028" dir="0" index="0" bw="10" slack="0"/>
<pin id="1029" dir="0" index="1" bw="3" slack="1"/>
<pin id="1030" dir="0" index="2" bw="1" slack="0"/>
<pin id="1031" dir="1" index="3" bw="10" slack="0"/>
</pin_list>
<bind>
<opcode="bitconcatenate(1004) " fcode="bitconcatenate"/>
<opset="tmp_8/2 "/>
</bind>
</comp>

<comp id="1034" class="1004" name="sext_ln58_202_fu_1034">
<pin_list>
<pin id="1035" dir="0" index="0" bw="10" slack="0"/>
<pin id="1036" dir="1" index="1" bw="11" slack="0"/>
</pin_list>
<bind>
<opcode="sext(35) " fcode="sext"/>
<opset="sext_ln58_202/2 "/>
</bind>
</comp>

<comp id="1038" class="1004" name="add_ln58_253_fu_1038">
<pin_list>
<pin id="1039" dir="0" index="0" bw="10" slack="0"/>
<pin id="1040" dir="0" index="1" bw="10" slack="0"/>
<pin id="1041" dir="1" index="2" bw="11" slack="1"/>
</pin_list>
<bind>
<opcode="add(8) " fcode="add"/>
<opset="add_ln58_253/2 "/>
</bind>
</comp>

<comp id="1044" class="1004" name="add_ln58_254_fu_1044">
<pin_list>
<pin id="1045" dir="0" index="0" bw="9" slack="0"/>
<pin id="1046" dir="0" index="1" bw="10" slack="0"/>
<pin id="1047" dir="1" index="2" bw="11" slack="0"/>
</pin_list>
<bind>
<opcode="add(8) " fcode="add"/>
<opset="add_ln58_254/2 "/>
</bind>
</comp>

<comp id="1050" class="1004" name="sext_ln58_204_fu_1050">
<pin_list>
<pin id="1051" dir="0" index="0" bw="11" slack="0"/>
<pin id="1052" dir="1" index="1" bw="12" slack="0"/>
</pin_list>
<bind>
<opcode="sext(35) " fcode="sext"/>
<opset="sext_ln58_204/2 "/>
</bind>
</comp>

<comp id="1054" class="1004" name="add_ln58_255_fu_1054">
<pin_list>
<pin id="1055" dir="0" index="0" bw="11" slack="0"/>
<pin id="1056" dir="0" index="1" bw="10" slack="0"/>
<pin id="1057" dir="1" index="2" bw="12" slack="1"/>
</pin_list>
<bind>
<opcode="add(8) " fcode="add"/>
<opset="add_ln58_255/2 "/>
</bind>
</comp>

<comp id="1060" class="1004" name="add_ln58_257_fu_1060">
<pin_list>
<pin id="1061" dir="0" index="0" bw="9" slack="0"/>
<pin id="1062" dir="0" index="1" bw="10" slack="0"/>
<pin id="1063" dir="1" index="2" bw="10" slack="1"/>
</pin_list>
<bind>
<opcode="add(8) " fcode="add"/>
<opset="add_ln58_257/2 "/>
</bind>
</comp>

<comp id="1066" class="1004" name="add_ln58_258_fu_1066">
<pin_list>
<pin id="1067" dir="0" index="0" bw="9" slack="0"/>
<pin id="1068" dir="0" index="1" bw="9" slack="0"/>
<pin id="1069" dir="1" index="2" bw="10" slack="0"/>
</pin_list>
<bind>
<opcode="add(8) " fcode="add"/>
<opset="add_ln58_258/2 "/>
</bind>
</comp>

<comp id="1072" class="1004" name="zext_ln58_31_fu_1072">
<pin_list>
<pin id="1073" dir="0" index="0" bw="10" slack="0"/>
<pin id="1074" dir="1" index="1" bw="11" slack="0"/>
</pin_list>
<bind>
<opcode="zext(34) " fcode="zext"/>
<opset="zext_ln58_31/2 "/>
</bind>
</comp>

<comp id="1076" class="1004" name="add_ln58_259_fu_1076">
<pin_list>
<pin id="1077" dir="0" index="0" bw="10" slack="0"/>
<pin id="1078" dir="0" index="1" bw="9" slack="0"/>
<pin id="1079" dir="1" index="2" bw="11" slack="1"/>
</pin_list>
<bind>
<opcode="add(8) " fcode="add"/>
<opset="add_ln58_259/2 "/>
</bind>
</comp>

<comp id="1082" class="1004" name="add_ln58_262_fu_1082">
<pin_list>
<pin id="1083" dir="0" index="0" bw="10" slack="0"/>
<pin id="1084" dir="0" index="1" bw="9" slack="0"/>
<pin id="1085" dir="1" index="2" bw="11" slack="1"/>
</pin_list>
<bind>
<opcode="add(8) " fcode="add"/>
<opset="add_ln58_262/2 "/>
</bind>
</comp>

<comp id="1088" class="1004" name="add_ln58_263_fu_1088">
<pin_list>
<pin id="1089" dir="0" index="0" bw="10" slack="0"/>
<pin id="1090" dir="0" index="1" bw="10" slack="0"/>
<pin id="1091" dir="1" index="2" bw="11" slack="1"/>
</pin_list>
<bind>
<opcode="add(8) " fcode="add"/>
<opset="add_ln58_263/2 "/>
</bind>
</comp>

<comp id="1094" class="1004" name="add_ln58_266_fu_1094">
<pin_list>
<pin id="1095" dir="0" index="0" bw="9" slack="0"/>
<pin id="1096" dir="0" index="1" bw="10" slack="0"/>
<pin id="1097" dir="1" index="2" bw="10" slack="1"/>
</pin_list>
<bind>
<opcode="add(8) " fcode="add"/>
<opset="add_ln58_266/2 "/>
</bind>
</comp>

<comp id="1100" class="1004" name="add_ln58_267_fu_1100">
<pin_list>
<pin id="1101" dir="0" index="0" bw="9" slack="0"/>
<pin id="1102" dir="0" index="1" bw="10" slack="0"/>
<pin id="1103" dir="1" index="2" bw="10" slack="0"/>
</pin_list>
<bind>
<opcode="add(8) " fcode="add"/>
<opset="add_ln58_267/2 "/>
</bind>
</comp>

<comp id="1106" class="1004" name="sext_ln58_195_fu_1106">
<pin_list>
<pin id="1107" dir="0" index="0" bw="10" slack="0"/>
<pin id="1108" dir="1" index="1" bw="11" slack="0"/>
</pin_list>
<bind>
<opcode="sext(35) " fcode="sext"/>
<opset="sext_ln58_195/2 "/>
</bind>
</comp>

<comp id="1110" class="1004" name="add_ln58_268_fu_1110">
<pin_list>
<pin id="1111" dir="0" index="0" bw="10" slack="0"/>
<pin id="1112" dir="0" index="1" bw="9" slack="0"/>
<pin id="1113" dir="1" index="2" bw="11" slack="1"/>
</pin_list>
<bind>
<opcode="add(8) " fcode="add"/>
<opset="add_ln58_268/2 "/>
</bind>
</comp>

<comp id="1116" class="1004" name="shl_ln42_78_fu_1116">
<pin_list>
<pin id="1117" dir="0" index="0" bw="10" slack="0"/>
<pin id="1118" dir="0" index="1" bw="3" slack="1"/>
<pin id="1119" dir="0" index="2" bw="1" slack="0"/>
<pin id="1120" dir="1" index="3" bw="10" slack="0"/>
</pin_list>
<bind>
<opcode="bitconcatenate(1004) " fcode="bitconcatenate"/>
<opset="shl_ln42_78/3 "/>
</bind>
</comp>

<comp id="1123" class="1004" name="shl_ln42_81_cast_fu_1123">
<pin_list>
<pin id="1124" dir="0" index="0" bw="10" slack="0"/>
<pin id="1125" dir="1" index="1" bw="12" slack="0"/>
</pin_list>
<bind>
<opcode="sext(35) " fcode="sext"/>
<opset="shl_ln42_81_cast/3 "/>
</bind>
</comp>

<comp id="1127" class="1004" name="sext_ln58_157_fu_1127">
<pin_list>
<pin id="1128" dir="0" index="0" bw="11" slack="1"/>
<pin id="1129" dir="1" index="1" bw="12" slack="0"/>
</pin_list>
<bind>
<opcode="sext(35) " fcode="sext"/>
<opset="sext_ln58_157/3 "/>
</bind>
</comp>

<comp id="1130" class="1004" name="sext_ln58_158_fu_1130">
<pin_list>
<pin id="1131" dir="0" index="0" bw="11" slack="1"/>
<pin id="1132" dir="1" index="1" bw="12" slack="0"/>
</pin_list>
<bind>
<opcode="sext(35) " fcode="sext"/>
<opset="sext_ln58_158/3 "/>
</bind>
</comp>

<comp id="1133" class="1004" name="add_ln58_209_fu_1133">
<pin_list>
<pin id="1134" dir="0" index="0" bw="11" slack="0"/>
<pin id="1135" dir="0" index="1" bw="11" slack="0"/>
<pin id="1136" dir="1" index="2" bw="12" slack="1"/>
</pin_list>
<bind>
<opcode="add(8) " fcode="add"/>
<opset="add_ln58_209/3 "/>
</bind>
</comp>

<comp id="1139" class="1004" name="sext_ln58_161_fu_1139">
<pin_list>
<pin id="1140" dir="0" index="0" bw="10" slack="1"/>
<pin id="1141" dir="1" index="1" bw="12" slack="0"/>
</pin_list>
<bind>
<opcode="sext(35) " fcode="sext"/>
<opset="sext_ln58_161/3 "/>
</bind>
</comp>

<comp id="1142" class="1004" name="sext_ln58_162_fu_1142">
<pin_list>
<pin id="1143" dir="0" index="0" bw="11" slack="1"/>
<pin id="1144" dir="1" index="1" bw="12" slack="0"/>
</pin_list>
<bind>
<opcode="sext(35) " fcode="sext"/>
<opset="sext_ln58_162/3 "/>
</bind>
</comp>

<comp id="1145" class="1004" name="add_ln58_215_fu_1145">
<pin_list>
<pin id="1146" dir="0" index="0" bw="11" slack="0"/>
<pin id="1147" dir="0" index="1" bw="10" slack="0"/>
<pin id="1148" dir="1" index="2" bw="12" slack="0"/>
</pin_list>
<bind>
<opcode="add(8) " fcode="add"/>
<opset="add_ln58_215/3 "/>
</bind>
</comp>

<comp id="1151" class="1004" name="add_ln58_216_fu_1151">
<pin_list>
<pin id="1152" dir="0" index="0" bw="12" slack="0"/>
<pin id="1153" dir="0" index="1" bw="10" slack="0"/>
<pin id="1154" dir="1" index="2" bw="12" slack="1"/>
</pin_list>
<bind>
<opcode="add(8) " fcode="add"/>
<opset="add_ln58_216/3 "/>
</bind>
</comp>

<comp id="1157" class="1004" name="sext_ln58_163_fu_1157">
<pin_list>
<pin id="1158" dir="0" index="0" bw="11" slack="1"/>
<pin id="1159" dir="1" index="1" bw="12" slack="0"/>
</pin_list>
<bind>
<opcode="sext(35) " fcode="sext"/>
<opset="sext_ln58_163/3 "/>
</bind>
</comp>

<comp id="1160" class="1004" name="sext_ln58_165_fu_1160">
<pin_list>
<pin id="1161" dir="0" index="0" bw="11" slack="1"/>
<pin id="1162" dir="1" index="1" bw="12" slack="0"/>
</pin_list>
<bind>
<opcode="sext(35) " fcode="sext"/>
<opset="sext_ln58_165/3 "/>
</bind>
</comp>

<comp id="1163" class="1004" name="add_ln58_221_fu_1163">
<pin_list>
<pin id="1164" dir="0" index="0" bw="11" slack="0"/>
<pin id="1165" dir="0" index="1" bw="11" slack="0"/>
<pin id="1166" dir="1" index="2" bw="12" slack="0"/>
</pin_list>
<bind>
<opcode="add(8) " fcode="add"/>
<opset="add_ln58_221/3 "/>
</bind>
</comp>

<comp id="1169" class="1004" name="sext_ln58_168_fu_1169">
<pin_list>
<pin id="1170" dir="0" index="0" bw="12" slack="0"/>
<pin id="1171" dir="1" index="1" bw="14" slack="0"/>
</pin_list>
<bind>
<opcode="sext(35) " fcode="sext"/>
<opset="sext_ln58_168/3 "/>
</bind>
</comp>

<comp id="1173" class="1004" name="sext_ln58_169_fu_1173">
<pin_list>
<pin id="1174" dir="0" index="0" bw="12" slack="1"/>
<pin id="1175" dir="1" index="1" bw="13" slack="0"/>
</pin_list>
<bind>
<opcode="sext(35) " fcode="sext"/>
<opset="sext_ln58_169/3 "/>
</bind>
</comp>

<comp id="1176" class="1004" name="sext_ln58_187_fu_1176">
<pin_list>
<pin id="1177" dir="0" index="0" bw="11" slack="1"/>
<pin id="1178" dir="1" index="1" bw="13" slack="0"/>
</pin_list>
<bind>
<opcode="sext(35) " fcode="sext"/>
<opset="sext_ln58_187/3 "/>
</bind>
</comp>

<comp id="1179" class="1004" name="add_ln58_225_fu_1179">
<pin_list>
<pin id="1180" dir="0" index="0" bw="11" slack="0"/>
<pin id="1181" dir="0" index="1" bw="12" slack="0"/>
<pin id="1182" dir="1" index="2" bw="13" slack="0"/>
</pin_list>
<bind>
<opcode="add(8) " fcode="add"/>
<opset="add_ln58_225/3 "/>
</bind>
</comp>

<comp id="1185" class="1004" name="sext_ln58_188_fu_1185">
<pin_list>
<pin id="1186" dir="0" index="0" bw="13" slack="0"/>
<pin id="1187" dir="1" index="1" bw="14" slack="0"/>
</pin_list>
<bind>
<opcode="sext(35) " fcode="sext"/>
<opset="sext_ln58_188/3 "/>
</bind>
</comp>

<comp id="1189" class="1004" name="add_ln58_226_fu_1189">
<pin_list>
<pin id="1190" dir="0" index="0" bw="13" slack="0"/>
<pin id="1191" dir="0" index="1" bw="12" slack="0"/>
<pin id="1192" dir="1" index="2" bw="14" slack="1"/>
</pin_list>
<bind>
<opcode="add(8) " fcode="add"/>
<opset="add_ln58_226/3 "/>
</bind>
</comp>

<comp id="1195" class="1004" name="zext_ln58_29_fu_1195">
<pin_list>
<pin id="1196" dir="0" index="0" bw="10" slack="1"/>
<pin id="1197" dir="1" index="1" bw="12" slack="0"/>
</pin_list>
<bind>
<opcode="zext(34) " fcode="zext"/>
<opset="zext_ln58_29/3 "/>
</bind>
</comp>

<comp id="1198" class="1004" name="sext_ln58_171_fu_1198">
<pin_list>
<pin id="1199" dir="0" index="0" bw="11" slack="1"/>
<pin id="1200" dir="1" index="1" bw="12" slack="0"/>
</pin_list>
<bind>
<opcode="sext(35) " fcode="sext"/>
<opset="sext_ln58_171/3 "/>
</bind>
</comp>

<comp id="1201" class="1004" name="add_ln58_230_fu_1201">
<pin_list>
<pin id="1202" dir="0" index="0" bw="11" slack="0"/>
<pin id="1203" dir="0" index="1" bw="10" slack="0"/>
<pin id="1204" dir="1" index="2" bw="12" slack="0"/>
</pin_list>
<bind>
<opcode="add(8) " fcode="add"/>
<opset="add_ln58_230/3 "/>
</bind>
</comp>

<comp id="1207" class="1004" name="sext_ln58_172_fu_1207">
<pin_list>
<pin id="1208" dir="0" index="0" bw="12" slack="0"/>
<pin id="1209" dir="1" index="1" bw="13" slack="0"/>
</pin_list>
<bind>
<opcode="sext(35) " fcode="sext"/>
<opset="sext_ln58_172/3 "/>
</bind>
</comp>

<comp id="1211" class="1004" name="zext_ln58_30_fu_1211">
<pin_list>
<pin id="1212" dir="0" index="0" bw="10" slack="1"/>
<pin id="1213" dir="1" index="1" bw="12" slack="0"/>
</pin_list>
<bind>
<opcode="zext(34) " fcode="zext"/>
<opset="zext_ln58_30/3 "/>
</bind>
</comp>

<comp id="1214" class="1004" name="sext_ln58_173_fu_1214">
<pin_list>
<pin id="1215" dir="0" index="0" bw="11" slack="1"/>
<pin id="1216" dir="1" index="1" bw="12" slack="0"/>
</pin_list>
<bind>
<opcode="sext(35) " fcode="sext"/>
<opset="sext_ln58_173/3 "/>
</bind>
</comp>

<comp id="1217" class="1004" name="add_ln58_234_fu_1217">
<pin_list>
<pin id="1218" dir="0" index="0" bw="11" slack="0"/>
<pin id="1219" dir="0" index="1" bw="10" slack="0"/>
<pin id="1220" dir="1" index="2" bw="12" slack="0"/>
</pin_list>
<bind>
<opcode="add(8) " fcode="add"/>
<opset="add_ln58_234/3 "/>
</bind>
</comp>

<comp id="1223" class="1004" name="sext_ln58_174_fu_1223">
<pin_list>
<pin id="1224" dir="0" index="0" bw="12" slack="0"/>
<pin id="1225" dir="1" index="1" bw="13" slack="0"/>
</pin_list>
<bind>
<opcode="sext(35) " fcode="sext"/>
<opset="sext_ln58_174/3 "/>
</bind>
</comp>

<comp id="1227" class="1004" name="add_ln58_235_fu_1227">
<pin_list>
<pin id="1228" dir="0" index="0" bw="12" slack="0"/>
<pin id="1229" dir="0" index="1" bw="12" slack="0"/>
<pin id="1230" dir="1" index="2" bw="13" slack="1"/>
</pin_list>
<bind>
<opcode="add(8) " fcode="add"/>
<opset="add_ln58_235/3 "/>
</bind>
</comp>

<comp id="1233" class="1004" name="sext_ln58_176_fu_1233">
<pin_list>
<pin id="1234" dir="0" index="0" bw="11" slack="1"/>
<pin id="1235" dir="1" index="1" bw="12" slack="0"/>
</pin_list>
<bind>
<opcode="sext(35) " fcode="sext"/>
<opset="sext_ln58_176/3 "/>
</bind>
</comp>

<comp id="1236" class="1004" name="sext_ln58_177_fu_1236">
<pin_list>
<pin id="1237" dir="0" index="0" bw="11" slack="1"/>
<pin id="1238" dir="1" index="1" bw="12" slack="0"/>
</pin_list>
<bind>
<opcode="sext(35) " fcode="sext"/>
<opset="sext_ln58_177/3 "/>
</bind>
</comp>

<comp id="1239" class="1004" name="add_ln58_239_fu_1239">
<pin_list>
<pin id="1240" dir="0" index="0" bw="11" slack="0"/>
<pin id="1241" dir="0" index="1" bw="11" slack="0"/>
<pin id="1242" dir="1" index="2" bw="12" slack="1"/>
</pin_list>
<bind>
<opcode="add(8) " fcode="add"/>
<opset="add_ln58_239/3 "/>
</bind>
</comp>

<comp id="1245" class="1004" name="sext_ln58_180_fu_1245">
<pin_list>
<pin id="1246" dir="0" index="0" bw="11" slack="1"/>
<pin id="1247" dir="1" index="1" bw="12" slack="0"/>
</pin_list>
<bind>
<opcode="sext(35) " fcode="sext"/>
<opset="sext_ln58_180/3 "/>
</bind>
</comp>

<comp id="1248" class="1004" name="sext_ln58_182_fu_1248">
<pin_list>
<pin id="1249" dir="0" index="0" bw="11" slack="1"/>
<pin id="1250" dir="1" index="1" bw="12" slack="0"/>
</pin_list>
<bind>
<opcode="sext(35) " fcode="sext"/>
<opset="sext_ln58_182/3 "/>
</bind>
</comp>

<comp id="1251" class="1004" name="add_ln58_244_fu_1251">
<pin_list>
<pin id="1252" dir="0" index="0" bw="11" slack="0"/>
<pin id="1253" dir="0" index="1" bw="11" slack="0"/>
<pin id="1254" dir="1" index="2" bw="12" slack="1"/>
</pin_list>
<bind>
<opcode="add(8) " fcode="add"/>
<opset="add_ln58_244/3 "/>
</bind>
</comp>

<comp id="1257" class="1004" name="sext_ln58_183_fu_1257">
<pin_list>
<pin id="1258" dir="0" index="0" bw="11" slack="1"/>
<pin id="1259" dir="1" index="1" bw="12" slack="0"/>
</pin_list>
<bind>
<opcode="sext(35) " fcode="sext"/>
<opset="sext_ln58_183/3 "/>
</bind>
</comp>

<comp id="1260" class="1004" name="sext_ln58_184_fu_1260">
<pin_list>
<pin id="1261" dir="0" index="0" bw="11" slack="1"/>
<pin id="1262" dir="1" index="1" bw="12" slack="0"/>
</pin_list>
<bind>
<opcode="sext(35) " fcode="sext"/>
<opset="sext_ln58_184/3 "/>
</bind>
</comp>

<comp id="1263" class="1004" name="add_ln58_247_fu_1263">
<pin_list>
<pin id="1264" dir="0" index="0" bw="11" slack="0"/>
<pin id="1265" dir="0" index="1" bw="11" slack="0"/>
<pin id="1266" dir="1" index="2" bw="12" slack="0"/>
</pin_list>
<bind>
<opcode="add(8) " fcode="add"/>
<opset="add_ln58_247/3 "/>
</bind>
</comp>

<comp id="1269" class="1004" name="sext_ln58_198_fu_1269">
<pin_list>
<pin id="1270" dir="0" index="0" bw="12" slack="0"/>
<pin id="1271" dir="1" index="1" bw="14" slack="0"/>
</pin_list>
<bind>
<opcode="sext(35) " fcode="sext"/>
<opset="sext_ln58_198/3 "/>
</bind>
</comp>

<comp id="1273" class="1004" name="sext_ln58_199_fu_1273">
<pin_list>
<pin id="1274" dir="0" index="0" bw="12" slack="1"/>
<pin id="1275" dir="1" index="1" bw="13" slack="0"/>
</pin_list>
<bind>
<opcode="sext(35) " fcode="sext"/>
<opset="sext_ln58_199/3 "/>
</bind>
</comp>

<comp id="1276" class="1004" name="sext_ln58_200_fu_1276">
<pin_list>
<pin id="1277" dir="0" index="0" bw="11" slack="1"/>
<pin id="1278" dir="1" index="1" bw="13" slack="0"/>
</pin_list>
<bind>
<opcode="sext(35) " fcode="sext"/>
<opset="sext_ln58_200/3 "/>
</bind>
</comp>

<comp id="1279" class="1004" name="add_ln58_251_fu_1279">
<pin_list>
<pin id="1280" dir="0" index="0" bw="11" slack="0"/>
<pin id="1281" dir="0" index="1" bw="12" slack="0"/>
<pin id="1282" dir="1" index="2" bw="13" slack="0"/>
</pin_list>
<bind>
<opcode="add(8) " fcode="add"/>
<opset="add_ln58_251/3 "/>
</bind>
</comp>

<comp id="1285" class="1004" name="sext_ln58_201_fu_1285">
<pin_list>
<pin id="1286" dir="0" index="0" bw="13" slack="0"/>
<pin id="1287" dir="1" index="1" bw="14" slack="0"/>
</pin_list>
<bind>
<opcode="sext(35) " fcode="sext"/>
<opset="sext_ln58_201/3 "/>
</bind>
</comp>

<comp id="1289" class="1004" name="add_ln58_252_fu_1289">
<pin_list>
<pin id="1290" dir="0" index="0" bw="13" slack="0"/>
<pin id="1291" dir="0" index="1" bw="12" slack="0"/>
<pin id="1292" dir="1" index="2" bw="14" slack="1"/>
</pin_list>
<bind>
<opcode="add(8) " fcode="add"/>
<opset="add_ln58_252/3 "/>
</bind>
</comp>

<comp id="1295" class="1004" name="sext_ln58_203_fu_1295">
<pin_list>
<pin id="1296" dir="0" index="0" bw="11" slack="1"/>
<pin id="1297" dir="1" index="1" bw="13" slack="0"/>
</pin_list>
<bind>
<opcode="sext(35) " fcode="sext"/>
<opset="sext_ln58_203/3 "/>
</bind>
</comp>

<comp id="1298" class="1004" name="sext_ln58_205_fu_1298">
<pin_list>
<pin id="1299" dir="0" index="0" bw="12" slack="1"/>
<pin id="1300" dir="1" index="1" bw="13" slack="0"/>
</pin_list>
<bind>
<opcode="sext(35) " fcode="sext"/>
<opset="sext_ln58_205/3 "/>
</bind>
</comp>

<comp id="1301" class="1004" name="add_ln58_256_fu_1301">
<pin_list>
<pin id="1302" dir="0" index="0" bw="12" slack="0"/>
<pin id="1303" dir="0" index="1" bw="11" slack="0"/>
<pin id="1304" dir="1" index="2" bw="13" slack="0"/>
</pin_list>
<bind>
<opcode="add(8) " fcode="add"/>
<opset="add_ln58_256/3 "/>
</bind>
</comp>

<comp id="1307" class="1004" name="sext_ln58_206_fu_1307">
<pin_list>
<pin id="1308" dir="0" index="0" bw="13" slack="0"/>
<pin id="1309" dir="1" index="1" bw="14" slack="0"/>
</pin_list>
<bind>
<opcode="sext(35) " fcode="sext"/>
<opset="sext_ln58_206/3 "/>
</bind>
</comp>

<comp id="1311" class="1004" name="sext_ln58_189_fu_1311">
<pin_list>
<pin id="1312" dir="0" index="0" bw="10" slack="1"/>
<pin id="1313" dir="1" index="1" bw="12" slack="0"/>
</pin_list>
<bind>
<opcode="sext(35) " fcode="sext"/>
<opset="sext_ln58_189/3 "/>
</bind>
</comp>

<comp id="1314" class="1004" name="zext_ln58_32_fu_1314">
<pin_list>
<pin id="1315" dir="0" index="0" bw="11" slack="1"/>
<pin id="1316" dir="1" index="1" bw="12" slack="0"/>
</pin_list>
<bind>
<opcode="zext(34) " fcode="zext"/>
<opset="zext_ln58_32/3 "/>
</bind>
</comp>

<comp id="1317" class="1004" name="add_ln58_260_fu_1317">
<pin_list>
<pin id="1318" dir="0" index="0" bw="11" slack="0"/>
<pin id="1319" dir="0" index="1" bw="10" slack="0"/>
<pin id="1320" dir="1" index="2" bw="12" slack="0"/>
</pin_list>
<bind>
<opcode="add(8) " fcode="add"/>
<opset="add_ln58_260/3 "/>
</bind>
</comp>

<comp id="1323" class="1004" name="sext_ln58_207_fu_1323">
<pin_list>
<pin id="1324" dir="0" index="0" bw="12" slack="0"/>
<pin id="1325" dir="1" index="1" bw="14" slack="0"/>
</pin_list>
<bind>
<opcode="sext(35) " fcode="sext"/>
<opset="sext_ln58_207/3 "/>
</bind>
</comp>

<comp id="1327" class="1004" name="add_ln58_261_fu_1327">
<pin_list>
<pin id="1328" dir="0" index="0" bw="12" slack="0"/>
<pin id="1329" dir="0" index="1" bw="13" slack="0"/>
<pin id="1330" dir="1" index="2" bw="14" slack="1"/>
</pin_list>
<bind>
<opcode="add(8) " fcode="add"/>
<opset="add_ln58_261/3 "/>
</bind>
</comp>

<comp id="1333" class="1004" name="sext_ln58_191_fu_1333">
<pin_list>
<pin id="1334" dir="0" index="0" bw="11" slack="1"/>
<pin id="1335" dir="1" index="1" bw="12" slack="0"/>
</pin_list>
<bind>
<opcode="sext(35) " fcode="sext"/>
<opset="sext_ln58_191/3 "/>
</bind>
</comp>

<comp id="1336" class="1004" name="sext_ln58_192_fu_1336">
<pin_list>
<pin id="1337" dir="0" index="0" bw="11" slack="1"/>
<pin id="1338" dir="1" index="1" bw="12" slack="0"/>
</pin_list>
<bind>
<opcode="sext(35) " fcode="sext"/>
<opset="sext_ln58_192/3 "/>
</bind>
</comp>

<comp id="1339" class="1004" name="add_ln58_264_fu_1339">
<pin_list>
<pin id="1340" dir="0" index="0" bw="11" slack="0"/>
<pin id="1341" dir="0" index="1" bw="10" slack="1"/>
<pin id="1342" dir="1" index="2" bw="12" slack="0"/>
</pin_list>
<bind>
<opcode="add(8) " fcode="add"/>
<opset="add_ln58_264/3 "/>
</bind>
</comp>

<comp id="1344" class="1004" name="add_ln58_265_fu_1344">
<pin_list>
<pin id="1345" dir="0" index="0" bw="12" slack="0"/>
<pin id="1346" dir="0" index="1" bw="11" slack="0"/>
<pin id="1347" dir="1" index="2" bw="12" slack="1"/>
</pin_list>
<bind>
<opcode="add(8) " fcode="add"/>
<opset="add_ln58_265/3 "/>
</bind>
</comp>

<comp id="1350" class="1004" name="sext_ln58_194_fu_1350">
<pin_list>
<pin id="1351" dir="0" index="0" bw="10" slack="1"/>
<pin id="1352" dir="1" index="1" bw="12" slack="0"/>
</pin_list>
<bind>
<opcode="sext(35) " fcode="sext"/>
<opset="sext_ln58_194/3 "/>
</bind>
</comp>

<comp id="1353" class="1004" name="sext_ln58_196_fu_1353">
<pin_list>
<pin id="1354" dir="0" index="0" bw="11" slack="1"/>
<pin id="1355" dir="1" index="1" bw="12" slack="0"/>
</pin_list>
<bind>
<opcode="sext(35) " fcode="sext"/>
<opset="sext_ln58_196/3 "/>
</bind>
</comp>

<comp id="1356" class="1004" name="add_ln58_269_fu_1356">
<pin_list>
<pin id="1357" dir="0" index="0" bw="11" slack="0"/>
<pin id="1358" dir="0" index="1" bw="10" slack="0"/>
<pin id="1359" dir="1" index="2" bw="12" slack="1"/>
</pin_list>
<bind>
<opcode="add(8) " fcode="add"/>
<opset="add_ln58_269/3 "/>
</bind>
</comp>

<comp id="1362" class="1004" name="sext_ln58_159_fu_1362">
<pin_list>
<pin id="1363" dir="0" index="0" bw="12" slack="1"/>
<pin id="1364" dir="1" index="1" bw="16" slack="0"/>
</pin_list>
<bind>
<opcode="sext(35) " fcode="sext"/>
<opset="sext_ln58_159/4 "/>
</bind>
</comp>

<comp id="1365" class="1004" name="sext_ln58_160_fu_1365">
<pin_list>
<pin id="1366" dir="0" index="0" bw="10" slack="2"/>
<pin id="1367" dir="1" index="1" bw="12" slack="0"/>
</pin_list>
<bind>
<opcode="sext(35) " fcode="sext"/>
<opset="sext_ln58_160/4 "/>
</bind>
</comp>

<comp id="1368" class="1004" name="zext_ln58_27_fu_1368">
<pin_list>
<pin id="1369" dir="0" index="0" bw="10" slack="2"/>
<pin id="1370" dir="1" index="1" bw="12" slack="0"/>
</pin_list>
<bind>
<opcode="zext(34) " fcode="zext"/>
<opset="zext_ln58_27/4 "/>
</bind>
</comp>

<comp id="1371" class="1004" name="add_ln58_212_fu_1371">
<pin_list>
<pin id="1372" dir="0" index="0" bw="10" slack="0"/>
<pin id="1373" dir="0" index="1" bw="10" slack="0"/>
<pin id="1374" dir="1" index="2" bw="12" slack="0"/>
</pin_list>
<bind>
<opcode="add(8) " fcode="add"/>
<opset="add_ln58_212/4 "/>
</bind>
</comp>

<comp id="1377" class="1004" name="add_ln58_217_fu_1377">
<pin_list>
<pin id="1378" dir="0" index="0" bw="12" slack="1"/>
<pin id="1379" dir="0" index="1" bw="12" slack="0"/>
<pin id="1380" dir="1" index="2" bw="12" slack="0"/>
</pin_list>
<bind>
<opcode="add(8) " fcode="add"/>
<opset="add_ln58_217/4 "/>
</bind>
</comp>

<comp id="1382" class="1004" name="add_ln58_240_cast_fu_1382">
<pin_list>
<pin id="1383" dir="0" index="0" bw="12" slack="0"/>
<pin id="1384" dir="1" index="1" bw="16" slack="0"/>
</pin_list>
<bind>
<opcode="sext(35) " fcode="sext"/>
<opset="add_ln58_240_cast/4 "/>
</bind>
</comp>

<comp id="1386" class="1004" name="add_ln58_226_cast_fu_1386">
<pin_list>
<pin id="1387" dir="0" index="0" bw="14" slack="1"/>
<pin id="1388" dir="1" index="1" bw="16" slack="0"/>
</pin_list>
<bind>
<opcode="sext(35) " fcode="sext"/>
<opset="add_ln58_226_cast/4 "/>
</bind>
</comp>

<comp id="1389" class="1004" name="sext_ln58_175_fu_1389">
<pin_list>
<pin id="1390" dir="0" index="0" bw="13" slack="1"/>
<pin id="1391" dir="1" index="1" bw="16" slack="0"/>
</pin_list>
<bind>
<opcode="sext(35) " fcode="sext"/>
<opset="sext_ln58_175/4 "/>
</bind>
</comp>

<comp id="1392" class="1004" name="sext_ln58_178_fu_1392">
<pin_list>
<pin id="1393" dir="0" index="0" bw="12" slack="1"/>
<pin id="1394" dir="1" index="1" bw="16" slack="0"/>
</pin_list>
<bind>
<opcode="sext(35) " fcode="sext"/>
<opset="sext_ln58_178/4 "/>
</bind>
</comp>

<comp id="1395" class="1004" name="add_ln58_261_cast_fu_1395">
<pin_list>
<pin id="1396" dir="0" index="0" bw="12" slack="1"/>
<pin id="1397" dir="1" index="1" bw="16" slack="0"/>
</pin_list>
<bind>
<opcode="sext(35) " fcode="sext"/>
<opset="add_ln58_261_cast/4 "/>
</bind>
</comp>

<comp id="1398" class="1004" name="add_ln58_252_cast_fu_1398">
<pin_list>
<pin id="1399" dir="0" index="0" bw="14" slack="1"/>
<pin id="1400" dir="1" index="1" bw="16" slack="0"/>
</pin_list>
<bind>
<opcode="sext(35) " fcode="sext"/>
<opset="add_ln58_252_cast/4 "/>
</bind>
</comp>

<comp id="1401" class="1004" name="sext_ln58_208_fu_1401">
<pin_list>
<pin id="1402" dir="0" index="0" bw="14" slack="1"/>
<pin id="1403" dir="1" index="1" bw="16" slack="0"/>
</pin_list>
<bind>
<opcode="sext(35) " fcode="sext"/>
<opset="sext_ln58_208/4 "/>
</bind>
</comp>

<comp id="1404" class="1004" name="sext_ln58_193_fu_1404">
<pin_list>
<pin id="1405" dir="0" index="0" bw="12" slack="1"/>
<pin id="1406" dir="1" index="1" bw="13" slack="0"/>
</pin_list>
<bind>
<opcode="sext(35) " fcode="sext"/>
<opset="sext_ln58_193/4 "/>
</bind>
</comp>

<comp id="1407" class="1004" name="sext_ln58_197_fu_1407">
<pin_list>
<pin id="1408" dir="0" index="0" bw="12" slack="1"/>
<pin id="1409" dir="1" index="1" bw="13" slack="0"/>
</pin_list>
<bind>
<opcode="sext(35) " fcode="sext"/>
<opset="sext_ln58_197/4 "/>
</bind>
</comp>

<comp id="1410" class="1004" name="add_ln58_270_fu_1410">
<pin_list>
<pin id="1411" dir="0" index="0" bw="12" slack="0"/>
<pin id="1412" dir="0" index="1" bw="12" slack="0"/>
<pin id="1413" dir="1" index="2" bw="13" slack="0"/>
</pin_list>
<bind>
<opcode="add(8) " fcode="add"/>
<opset="add_ln58_270/4 "/>
</bind>
</comp>

<comp id="1416" class="1004" name="sext_ln68_fu_1416">
<pin_list>
<pin id="1417" dir="0" index="0" bw="13" slack="0"/>
<pin id="1418" dir="1" index="1" bw="16" slack="0"/>
</pin_list>
<bind>
<opcode="sext(35) " fcode="sext"/>
<opset="sext_ln68/4 "/>
</bind>
</comp>

<comp id="1420" class="1004" name="mrv_fu_1420">
<pin_list>
<pin id="1421" dir="0" index="0" bw="144" slack="0"/>
<pin id="1422" dir="0" index="1" bw="13" slack="0"/>
<pin id="1423" dir="1" index="2" bw="144" slack="0"/>
</pin_list>
<bind>
<opcode="insertvalue(57) " fcode="insertvalue"/>
<opset="mrv/4 "/>
</bind>
</comp>

<comp id="1426" class="1004" name="mrv_1_fu_1426">
<pin_list>
<pin id="1427" dir="0" index="0" bw="144" slack="0"/>
<pin id="1428" dir="0" index="1" bw="12" slack="0"/>
<pin id="1429" dir="1" index="2" bw="144" slack="0"/>
</pin_list>
<bind>
<opcode="insertvalue(57) " fcode="insertvalue"/>
<opset="mrv_1/4 "/>
</bind>
</comp>

<comp id="1432" class="1004" name="mrv_2_fu_1432">
<pin_list>
<pin id="1433" dir="0" index="0" bw="144" slack="0"/>
<pin id="1434" dir="0" index="1" bw="14" slack="0"/>
<pin id="1435" dir="1" index="2" bw="144" slack="0"/>
</pin_list>
<bind>
<opcode="insertvalue(57) " fcode="insertvalue"/>
<opset="mrv_2/4 "/>
</bind>
</comp>

<comp id="1438" class="1004" name="mrv_3_fu_1438">
<pin_list>
<pin id="1439" dir="0" index="0" bw="144" slack="0"/>
<pin id="1440" dir="0" index="1" bw="12" slack="0"/>
<pin id="1441" dir="1" index="2" bw="144" slack="0"/>
</pin_list>
<bind>
<opcode="insertvalue(57) " fcode="insertvalue"/>
<opset="mrv_3/4 "/>
</bind>
</comp>

<comp id="1444" class="1004" name="mrv_4_fu_1444">
<pin_list>
<pin id="1445" dir="0" index="0" bw="144" slack="0"/>
<pin id="1446" dir="0" index="1" bw="14" slack="0"/>
<pin id="1447" dir="1" index="2" bw="144" slack="0"/>
</pin_list>
<bind>
<opcode="insertvalue(57) " fcode="insertvalue"/>
<opset="mrv_4/4 "/>
</bind>
</comp>

<comp id="1450" class="1004" name="mrv_5_fu_1450">
<pin_list>
<pin id="1451" dir="0" index="0" bw="144" slack="0"/>
<pin id="1452" dir="0" index="1" bw="12" slack="0"/>
<pin id="1453" dir="1" index="2" bw="144" slack="0"/>
</pin_list>
<bind>
<opcode="insertvalue(57) " fcode="insertvalue"/>
<opset="mrv_5/4 "/>
</bind>
</comp>

<comp id="1456" class="1004" name="mrv_6_fu_1456">
<pin_list>
<pin id="1457" dir="0" index="0" bw="144" slack="0"/>
<pin id="1458" dir="0" index="1" bw="13" slack="0"/>
<pin id="1459" dir="1" index="2" bw="144" slack="0"/>
</pin_list>
<bind>
<opcode="insertvalue(57) " fcode="insertvalue"/>
<opset="mrv_6/4 "/>
</bind>
</comp>

<comp id="1462" class="1004" name="mrv_7_fu_1462">
<pin_list>
<pin id="1463" dir="0" index="0" bw="144" slack="0"/>
<pin id="1464" dir="0" index="1" bw="14" slack="0"/>
<pin id="1465" dir="1" index="2" bw="144" slack="0"/>
</pin_list>
<bind>
<opcode="insertvalue(57) " fcode="insertvalue"/>
<opset="mrv_7/4 "/>
</bind>
</comp>

<comp id="1468" class="1004" name="mrv_8_fu_1468">
<pin_list>
<pin id="1469" dir="0" index="0" bw="144" slack="0"/>
<pin id="1470" dir="0" index="1" bw="12" slack="0"/>
<pin id="1471" dir="1" index="2" bw="144" slack="2147483647"/>
</pin_list>
<bind>
<opcode="insertvalue(57) " fcode="insertvalue"/>
<opset="mrv_8/4 "/>
</bind>
</comp>

<comp id="1474" class="1005" name="data_19_val_read_reg_1474">
<pin_list>
<pin id="1475" dir="0" index="0" bw="2" slack="1"/>
<pin id="1476" dir="1" index="1" bw="2" slack="1"/>
</pin_list>
<bind>
<opset="data_19_val_read "/>
</bind>
</comp>

<comp id="1479" class="1005" name="data_17_val_read_reg_1479">
<pin_list>
<pin id="1480" dir="0" index="0" bw="2" slack="1"/>
<pin id="1481" dir="1" index="1" bw="2" slack="1"/>
</pin_list>
<bind>
<opset="data_17_val_read "/>
</bind>
</comp>

<comp id="1484" class="1005" name="data_16_val_read_reg_1484">
<pin_list>
<pin id="1485" dir="0" index="0" bw="2" slack="1"/>
<pin id="1486" dir="1" index="1" bw="2" slack="1"/>
</pin_list>
<bind>
<opset="data_16_val_read "/>
</bind>
</comp>

<comp id="1489" class="1005" name="data_15_val_read_reg_1489">
<pin_list>
<pin id="1490" dir="0" index="0" bw="2" slack="1"/>
<pin id="1491" dir="1" index="1" bw="2" slack="1"/>
</pin_list>
<bind>
<opset="data_15_val_read "/>
</bind>
</comp>

<comp id="1494" class="1005" name="data_13_val_read_reg_1494">
<pin_list>
<pin id="1495" dir="0" index="0" bw="2" slack="1"/>
<pin id="1496" dir="1" index="1" bw="2" slack="1"/>
</pin_list>
<bind>
<opset="data_13_val_read "/>
</bind>
</comp>

<comp id="1499" class="1005" name="data_11_val_read_reg_1499">
<pin_list>
<pin id="1500" dir="0" index="0" bw="2" slack="1"/>
<pin id="1501" dir="1" index="1" bw="2" slack="1"/>
</pin_list>
<bind>
<opset="data_11_val_read "/>
</bind>
</comp>

<comp id="1505" class="1005" name="data_10_val_read_reg_1505">
<pin_list>
<pin id="1506" dir="0" index="0" bw="2" slack="1"/>
<pin id="1507" dir="1" index="1" bw="2" slack="1"/>
</pin_list>
<bind>
<opset="data_10_val_read "/>
</bind>
</comp>

<comp id="1510" class="1005" name="data_9_val_read_reg_1510">
<pin_list>
<pin id="1511" dir="0" index="0" bw="2" slack="1"/>
<pin id="1512" dir="1" index="1" bw="2" slack="1"/>
</pin_list>
<bind>
<opset="data_9_val_read "/>
</bind>
</comp>

<comp id="1516" class="1005" name="data_7_val_read_reg_1516">
<pin_list>
<pin id="1517" dir="0" index="0" bw="2" slack="1"/>
<pin id="1518" dir="1" index="1" bw="2" slack="1"/>
</pin_list>
<bind>
<opset="data_7_val_read "/>
</bind>
</comp>

<comp id="1521" class="1005" name="data_5_val_read_reg_1521">
<pin_list>
<pin id="1522" dir="0" index="0" bw="2" slack="1"/>
<pin id="1523" dir="1" index="1" bw="2" slack="1"/>
</pin_list>
<bind>
<opset="data_5_val_read "/>
</bind>
</comp>

<comp id="1526" class="1005" name="data_4_val_read_reg_1526">
<pin_list>
<pin id="1527" dir="0" index="0" bw="2" slack="1"/>
<pin id="1528" dir="1" index="1" bw="2" slack="1"/>
</pin_list>
<bind>
<opset="data_4_val_read "/>
</bind>
</comp>

<comp id="1531" class="1005" name="data_3_val_read_reg_1531">
<pin_list>
<pin id="1532" dir="0" index="0" bw="2" slack="1"/>
<pin id="1533" dir="1" index="1" bw="2" slack="1"/>
</pin_list>
<bind>
<opset="data_3_val_read "/>
</bind>
</comp>

<comp id="1537" class="1005" name="data_2_val_read_reg_1537">
<pin_list>
<pin id="1538" dir="0" index="0" bw="2" slack="1"/>
<pin id="1539" dir="1" index="1" bw="2" slack="1"/>
</pin_list>
<bind>
<opset="data_2_val_read "/>
</bind>
</comp>

<comp id="1542" class="1005" name="data_1_val_read_reg_1542">
<pin_list>
<pin id="1543" dir="0" index="0" bw="2" slack="1"/>
<pin id="1544" dir="1" index="1" bw="2" slack="1"/>
</pin_list>
<bind>
<opset="data_1_val_read "/>
</bind>
</comp>

<comp id="1547" class="1005" name="data_0_val_read_reg_1547">
<pin_list>
<pin id="1548" dir="0" index="0" bw="2" slack="1"/>
<pin id="1549" dir="1" index="1" bw="2" slack="1"/>
</pin_list>
<bind>
<opset="data_0_val_read "/>
</bind>
</comp>

<comp id="1552" class="1005" name="sub_ln73_reg_1552">
<pin_list>
<pin id="1553" dir="0" index="0" bw="3" slack="1"/>
<pin id="1554" dir="1" index="1" bw="3" slack="1"/>
</pin_list>
<bind>
<opset="sub_ln73 "/>
</bind>
</comp>

<comp id="1557" class="1005" name="sub_ln73_35_reg_1557">
<pin_list>
<pin id="1558" dir="0" index="0" bw="3" slack="1"/>
<pin id="1559" dir="1" index="1" bw="3" slack="1"/>
</pin_list>
<bind>
<opset="sub_ln73_35 "/>
</bind>
</comp>

<comp id="1562" class="1005" name="zext_ln70_44_reg_1562">
<pin_list>
<pin id="1563" dir="0" index="0" bw="3" slack="1"/>
<pin id="1564" dir="1" index="1" bw="3" slack="1"/>
</pin_list>
<bind>
<opset="zext_ln70_44 "/>
</bind>
</comp>

<comp id="1567" class="1005" name="sub_ln73_38_reg_1567">
<pin_list>
<pin id="1568" dir="0" index="0" bw="3" slack="1"/>
<pin id="1569" dir="1" index="1" bw="3" slack="1"/>
</pin_list>
<bind>
<opset="sub_ln73_38 "/>
</bind>
</comp>

<comp id="1572" class="1005" name="sub_ln73_39_reg_1572">
<pin_list>
<pin id="1573" dir="0" index="0" bw="3" slack="1"/>
<pin id="1574" dir="1" index="1" bw="3" slack="1"/>
</pin_list>
<bind>
<opset="sub_ln73_39 "/>
</bind>
</comp>

<comp id="1577" class="1005" name="sub_ln73_41_reg_1577">
<pin_list>
<pin id="1578" dir="0" index="0" bw="3" slack="1"/>
<pin id="1579" dir="1" index="1" bw="3" slack="1"/>
</pin_list>
<bind>
<opset="sub_ln73_41 "/>
</bind>
</comp>

<comp id="1582" class="1005" name="sub_ln73_43_reg_1582">
<pin_list>
<pin id="1583" dir="0" index="0" bw="3" slack="1"/>
<pin id="1584" dir="1" index="1" bw="3" slack="1"/>
</pin_list>
<bind>
<opset="sub_ln73_43 "/>
</bind>
</comp>

<comp id="1587" class="1005" name="sub_ln73_44_reg_1587">
<pin_list>
<pin id="1588" dir="0" index="0" bw="3" slack="1"/>
<pin id="1589" dir="1" index="1" bw="3" slack="1"/>
</pin_list>
<bind>
<opset="sub_ln73_44 "/>
</bind>
</comp>

<comp id="1592" class="1005" name="sub_ln73_45_reg_1592">
<pin_list>
<pin id="1593" dir="0" index="0" bw="3" slack="1"/>
<pin id="1594" dir="1" index="1" bw="3" slack="1"/>
</pin_list>
<bind>
<opset="sub_ln73_45 "/>
</bind>
</comp>

<comp id="1597" class="1005" name="sub_ln73_46_reg_1597">
<pin_list>
<pin id="1598" dir="0" index="0" bw="3" slack="1"/>
<pin id="1599" dir="1" index="1" bw="3" slack="1"/>
</pin_list>
<bind>
<opset="sub_ln73_46 "/>
</bind>
</comp>

<comp id="1602" class="1005" name="sub_ln73_47_reg_1602">
<pin_list>
<pin id="1603" dir="0" index="0" bw="3" slack="1"/>
<pin id="1604" dir="1" index="1" bw="3" slack="1"/>
</pin_list>
<bind>
<opset="sub_ln73_47 "/>
</bind>
</comp>

<comp id="1607" class="1005" name="sub_ln73_48_reg_1607">
<pin_list>
<pin id="1608" dir="0" index="0" bw="3" slack="1"/>
<pin id="1609" dir="1" index="1" bw="3" slack="1"/>
</pin_list>
<bind>
<opset="sub_ln73_48 "/>
</bind>
</comp>

<comp id="1612" class="1005" name="tmp15_reg_1612">
<pin_list>
<pin id="1613" dir="0" index="0" bw="3" slack="1"/>
<pin id="1614" dir="1" index="1" bw="3" slack="1"/>
</pin_list>
<bind>
<opset="tmp15 "/>
</bind>
</comp>

<comp id="1617" class="1005" name="tmp4013_reg_1617">
<pin_list>
<pin id="1618" dir="0" index="0" bw="3" slack="1"/>
<pin id="1619" dir="1" index="1" bw="3" slack="1"/>
</pin_list>
<bind>
<opset="tmp4013 "/>
</bind>
</comp>

<comp id="1622" class="1005" name="tmp4311_reg_1622">
<pin_list>
<pin id="1623" dir="0" index="0" bw="4" slack="1"/>
<pin id="1624" dir="1" index="1" bw="4" slack="1"/>
</pin_list>
<bind>
<opset="tmp4311 "/>
</bind>
</comp>

<comp id="1627" class="1005" name="tmp459_reg_1627">
<pin_list>
<pin id="1628" dir="0" index="0" bw="3" slack="1"/>
<pin id="1629" dir="1" index="1" bw="3" slack="1"/>
</pin_list>
<bind>
<opset="tmp459 "/>
</bind>
</comp>

<comp id="1632" class="1005" name="shl_ln42_69_cast2_reg_1632">
<pin_list>
<pin id="1633" dir="0" index="0" bw="12" slack="1"/>
<pin id="1634" dir="1" index="1" bw="12" slack="1"/>
</pin_list>
<bind>
<opset="shl_ln42_69_cast2 "/>
</bind>
</comp>

<comp id="1637" class="1005" name="sub_ln73_42_reg_1637">
<pin_list>
<pin id="1638" dir="0" index="0" bw="3" slack="1"/>
<pin id="1639" dir="1" index="1" bw="3" slack="1"/>
</pin_list>
<bind>
<opset="sub_ln73_42 "/>
</bind>
</comp>

<comp id="1642" class="1005" name="add_ln58_205_reg_1642">
<pin_list>
<pin id="1643" dir="0" index="0" bw="11" slack="1"/>
<pin id="1644" dir="1" index="1" bw="11" slack="1"/>
</pin_list>
<bind>
<opset="add_ln58_205 "/>
</bind>
</comp>

<comp id="1647" class="1005" name="add_ln58_208_reg_1647">
<pin_list>
<pin id="1648" dir="0" index="0" bw="11" slack="1"/>
<pin id="1649" dir="1" index="1" bw="11" slack="1"/>
</pin_list>
<bind>
<opset="add_ln58_208 "/>
</bind>
</comp>

<comp id="1652" class="1005" name="add_ln58_210_reg_1652">
<pin_list>
<pin id="1653" dir="0" index="0" bw="10" slack="2"/>
<pin id="1654" dir="1" index="1" bw="10" slack="2"/>
</pin_list>
<bind>
<opset="add_ln58_210 "/>
</bind>
</comp>

<comp id="1657" class="1005" name="add_ln58_211_reg_1657">
<pin_list>
<pin id="1658" dir="0" index="0" bw="10" slack="2"/>
<pin id="1659" dir="1" index="1" bw="10" slack="2"/>
</pin_list>
<bind>
<opset="add_ln58_211 "/>
</bind>
</comp>

<comp id="1662" class="1005" name="add_ln58_213_reg_1662">
<pin_list>
<pin id="1663" dir="0" index="0" bw="10" slack="1"/>
<pin id="1664" dir="1" index="1" bw="10" slack="1"/>
</pin_list>
<bind>
<opset="add_ln58_213 "/>
</bind>
</comp>

<comp id="1667" class="1005" name="add_ln58_214_reg_1667">
<pin_list>
<pin id="1668" dir="0" index="0" bw="11" slack="1"/>
<pin id="1669" dir="1" index="1" bw="11" slack="1"/>
</pin_list>
<bind>
<opset="add_ln58_214 "/>
</bind>
</comp>

<comp id="1672" class="1005" name="add_ln58_218_reg_1672">
<pin_list>
<pin id="1673" dir="0" index="0" bw="11" slack="1"/>
<pin id="1674" dir="1" index="1" bw="11" slack="1"/>
</pin_list>
<bind>
<opset="add_ln58_218 "/>
</bind>
</comp>

<comp id="1677" class="1005" name="add_ln58_220_reg_1677">
<pin_list>
<pin id="1678" dir="0" index="0" bw="11" slack="1"/>
<pin id="1679" dir="1" index="1" bw="11" slack="1"/>
</pin_list>
<bind>
<opset="add_ln58_220 "/>
</bind>
</comp>

<comp id="1682" class="1005" name="add_ln58_222_reg_1682">
<pin_list>
<pin id="1683" dir="0" index="0" bw="12" slack="1"/>
<pin id="1684" dir="1" index="1" bw="12" slack="1"/>
</pin_list>
<bind>
<opset="add_ln58_222 "/>
</bind>
</comp>

<comp id="1687" class="1005" name="add_ln58_224_reg_1687">
<pin_list>
<pin id="1688" dir="0" index="0" bw="11" slack="1"/>
<pin id="1689" dir="1" index="1" bw="11" slack="1"/>
</pin_list>
<bind>
<opset="add_ln58_224 "/>
</bind>
</comp>

<comp id="1692" class="1005" name="add_ln58_227_reg_1692">
<pin_list>
<pin id="1693" dir="0" index="0" bw="10" slack="1"/>
<pin id="1694" dir="1" index="1" bw="10" slack="1"/>
</pin_list>
<bind>
<opset="add_ln58_227 "/>
</bind>
</comp>

<comp id="1697" class="1005" name="add_ln58_229_reg_1697">
<pin_list>
<pin id="1698" dir="0" index="0" bw="11" slack="1"/>
<pin id="1699" dir="1" index="1" bw="11" slack="1"/>
</pin_list>
<bind>
<opset="add_ln58_229 "/>
</bind>
</comp>

<comp id="1702" class="1005" name="add_ln58_231_reg_1702">
<pin_list>
<pin id="1703" dir="0" index="0" bw="10" slack="1"/>
<pin id="1704" dir="1" index="1" bw="10" slack="1"/>
</pin_list>
<bind>
<opset="add_ln58_231 "/>
</bind>
</comp>

<comp id="1707" class="1005" name="add_ln58_233_reg_1707">
<pin_list>
<pin id="1708" dir="0" index="0" bw="11" slack="1"/>
<pin id="1709" dir="1" index="1" bw="11" slack="1"/>
</pin_list>
<bind>
<opset="add_ln58_233 "/>
</bind>
</comp>

<comp id="1712" class="1005" name="add_ln58_236_reg_1712">
<pin_list>
<pin id="1713" dir="0" index="0" bw="11" slack="1"/>
<pin id="1714" dir="1" index="1" bw="11" slack="1"/>
</pin_list>
<bind>
<opset="add_ln58_236 "/>
</bind>
</comp>

<comp id="1717" class="1005" name="add_ln58_238_reg_1717">
<pin_list>
<pin id="1718" dir="0" index="0" bw="11" slack="1"/>
<pin id="1719" dir="1" index="1" bw="11" slack="1"/>
</pin_list>
<bind>
<opset="add_ln58_238 "/>
</bind>
</comp>

<comp id="1722" class="1005" name="add_ln58_241_reg_1722">
<pin_list>
<pin id="1723" dir="0" index="0" bw="11" slack="1"/>
<pin id="1724" dir="1" index="1" bw="11" slack="1"/>
</pin_list>
<bind>
<opset="add_ln58_241 "/>
</bind>
</comp>

<comp id="1727" class="1005" name="add_ln58_243_reg_1727">
<pin_list>
<pin id="1728" dir="0" index="0" bw="11" slack="1"/>
<pin id="1729" dir="1" index="1" bw="11" slack="1"/>
</pin_list>
<bind>
<opset="add_ln58_243 "/>
</bind>
</comp>

<comp id="1732" class="1005" name="add_ln58_245_reg_1732">
<pin_list>
<pin id="1733" dir="0" index="0" bw="11" slack="1"/>
<pin id="1734" dir="1" index="1" bw="11" slack="1"/>
</pin_list>
<bind>
<opset="add_ln58_245 "/>
</bind>
</comp>

<comp id="1737" class="1005" name="add_ln58_246_reg_1737">
<pin_list>
<pin id="1738" dir="0" index="0" bw="11" slack="1"/>
<pin id="1739" dir="1" index="1" bw="11" slack="1"/>
</pin_list>
<bind>
<opset="add_ln58_246 "/>
</bind>
</comp>

<comp id="1742" class="1005" name="add_ln58_248_reg_1742">
<pin_list>
<pin id="1743" dir="0" index="0" bw="12" slack="1"/>
<pin id="1744" dir="1" index="1" bw="12" slack="1"/>
</pin_list>
<bind>
<opset="add_ln58_248 "/>
</bind>
</comp>

<comp id="1747" class="1005" name="add_ln58_250_reg_1747">
<pin_list>
<pin id="1748" dir="0" index="0" bw="11" slack="1"/>
<pin id="1749" dir="1" index="1" bw="11" slack="1"/>
</pin_list>
<bind>
<opset="add_ln58_250 "/>
</bind>
</comp>

<comp id="1752" class="1005" name="add_ln58_253_reg_1752">
<pin_list>
<pin id="1753" dir="0" index="0" bw="11" slack="1"/>
<pin id="1754" dir="1" index="1" bw="11" slack="1"/>
</pin_list>
<bind>
<opset="add_ln58_253 "/>
</bind>
</comp>

<comp id="1757" class="1005" name="add_ln58_255_reg_1757">
<pin_list>
<pin id="1758" dir="0" index="0" bw="12" slack="1"/>
<pin id="1759" dir="1" index="1" bw="12" slack="1"/>
</pin_list>
<bind>
<opset="add_ln58_255 "/>
</bind>
</comp>

<comp id="1762" class="1005" name="add_ln58_257_reg_1762">
<pin_list>
<pin id="1763" dir="0" index="0" bw="10" slack="1"/>
<pin id="1764" dir="1" index="1" bw="10" slack="1"/>
</pin_list>
<bind>
<opset="add_ln58_257 "/>
</bind>
</comp>

<comp id="1767" class="1005" name="add_ln58_259_reg_1767">
<pin_list>
<pin id="1768" dir="0" index="0" bw="11" slack="1"/>
<pin id="1769" dir="1" index="1" bw="11" slack="1"/>
</pin_list>
<bind>
<opset="add_ln58_259 "/>
</bind>
</comp>

<comp id="1772" class="1005" name="add_ln58_262_reg_1772">
<pin_list>
<pin id="1773" dir="0" index="0" bw="11" slack="1"/>
<pin id="1774" dir="1" index="1" bw="11" slack="1"/>
</pin_list>
<bind>
<opset="add_ln58_262 "/>
</bind>
</comp>

<comp id="1777" class="1005" name="add_ln58_263_reg_1777">
<pin_list>
<pin id="1778" dir="0" index="0" bw="11" slack="1"/>
<pin id="1779" dir="1" index="1" bw="11" slack="1"/>
</pin_list>
<bind>
<opset="add_ln58_263 "/>
</bind>
</comp>

<comp id="1782" class="1005" name="add_ln58_266_reg_1782">
<pin_list>
<pin id="1783" dir="0" index="0" bw="10" slack="1"/>
<pin id="1784" dir="1" index="1" bw="10" slack="1"/>
</pin_list>
<bind>
<opset="add_ln58_266 "/>
</bind>
</comp>

<comp id="1787" class="1005" name="add_ln58_268_reg_1787">
<pin_list>
<pin id="1788" dir="0" index="0" bw="11" slack="1"/>
<pin id="1789" dir="1" index="1" bw="11" slack="1"/>
</pin_list>
<bind>
<opset="add_ln58_268 "/>
</bind>
</comp>

<comp id="1792" class="1005" name="add_ln58_209_reg_1792">
<pin_list>
<pin id="1793" dir="0" index="0" bw="12" slack="1"/>
<pin id="1794" dir="1" index="1" bw="12" slack="1"/>
</pin_list>
<bind>
<opset="add_ln58_209 "/>
</bind>
</comp>

<comp id="1797" class="1005" name="add_ln58_216_reg_1797">
<pin_list>
<pin id="1798" dir="0" index="0" bw="12" slack="1"/>
<pin id="1799" dir="1" index="1" bw="12" slack="1"/>
</pin_list>
<bind>
<opset="add_ln58_216 "/>
</bind>
</comp>

<comp id="1802" class="1005" name="add_ln58_226_reg_1802">
<pin_list>
<pin id="1803" dir="0" index="0" bw="14" slack="1"/>
<pin id="1804" dir="1" index="1" bw="14" slack="1"/>
</pin_list>
<bind>
<opset="add_ln58_226 "/>
</bind>
</comp>

<comp id="1807" class="1005" name="add_ln58_235_reg_1807">
<pin_list>
<pin id="1808" dir="0" index="0" bw="13" slack="1"/>
<pin id="1809" dir="1" index="1" bw="13" slack="1"/>
</pin_list>
<bind>
<opset="add_ln58_235 "/>
</bind>
</comp>

<comp id="1812" class="1005" name="add_ln58_239_reg_1812">
<pin_list>
<pin id="1813" dir="0" index="0" bw="12" slack="1"/>
<pin id="1814" dir="1" index="1" bw="12" slack="1"/>
</pin_list>
<bind>
<opset="add_ln58_239 "/>
</bind>
</comp>

<comp id="1817" class="1005" name="add_ln58_244_reg_1817">
<pin_list>
<pin id="1818" dir="0" index="0" bw="12" slack="1"/>
<pin id="1819" dir="1" index="1" bw="12" slack="1"/>
</pin_list>
<bind>
<opset="add_ln58_244 "/>
</bind>
</comp>

<comp id="1822" class="1005" name="add_ln58_252_reg_1822">
<pin_list>
<pin id="1823" dir="0" index="0" bw="14" slack="1"/>
<pin id="1824" dir="1" index="1" bw="14" slack="1"/>
</pin_list>
<bind>
<opset="add_ln58_252 "/>
</bind>
</comp>

<comp id="1827" class="1005" name="add_ln58_261_reg_1827">
<pin_list>
<pin id="1828" dir="0" index="0" bw="14" slack="1"/>
<pin id="1829" dir="1" index="1" bw="14" slack="1"/>
</pin_list>
<bind>
<opset="add_ln58_261 "/>
</bind>
</comp>

<comp id="1832" class="1005" name="add_ln58_265_reg_1832">
<pin_list>
<pin id="1833" dir="0" index="0" bw="12" slack="1"/>
<pin id="1834" dir="1" index="1" bw="12" slack="1"/>
</pin_list>
<bind>
<opset="add_ln58_265 "/>
</bind>
</comp>

<comp id="1837" class="1005" name="add_ln58_269_reg_1837">
<pin_list>
<pin id="1838" dir="0" index="0" bw="12" slack="1"/>
<pin id="1839" dir="1" index="1" bw="12" slack="1"/>
</pin_list>
<bind>
<opset="add_ln58_269 "/>
</bind>
</comp>

</comp_list>

<net_list>
<net id="72"><net_src comp="40" pin="0"/><net_sink comp="68" pin=0"/></net>

<net id="73"><net_src comp="38" pin="0"/><net_sink comp="68" pin=1"/></net>

<net id="78"><net_src comp="40" pin="0"/><net_sink comp="74" pin=0"/></net>

<net id="79"><net_src comp="36" pin="0"/><net_sink comp="74" pin=1"/></net>

<net id="84"><net_src comp="40" pin="0"/><net_sink comp="80" pin=0"/></net>

<net id="85"><net_src comp="34" pin="0"/><net_sink comp="80" pin=1"/></net>

<net id="90"><net_src comp="40" pin="0"/><net_sink comp="86" pin=0"/></net>

<net id="91"><net_src comp="32" pin="0"/><net_sink comp="86" pin=1"/></net>

<net id="96"><net_src comp="40" pin="0"/><net_sink comp="92" pin=0"/></net>

<net id="97"><net_src comp="30" pin="0"/><net_sink comp="92" pin=1"/></net>

<net id="102"><net_src comp="40" pin="0"/><net_sink comp="98" pin=0"/></net>

<net id="103"><net_src comp="28" pin="0"/><net_sink comp="98" pin=1"/></net>

<net id="108"><net_src comp="40" pin="0"/><net_sink comp="104" pin=0"/></net>

<net id="109"><net_src comp="26" pin="0"/><net_sink comp="104" pin=1"/></net>

<net id="114"><net_src comp="40" pin="0"/><net_sink comp="110" pin=0"/></net>

<net id="115"><net_src comp="24" pin="0"/><net_sink comp="110" pin=1"/></net>

<net id="120"><net_src comp="40" pin="0"/><net_sink comp="116" pin=0"/></net>

<net id="121"><net_src comp="22" pin="0"/><net_sink comp="116" pin=1"/></net>

<net id="126"><net_src comp="40" pin="0"/><net_sink comp="122" pin=0"/></net>

<net id="127"><net_src comp="20" pin="0"/><net_sink comp="122" pin=1"/></net>

<net id="132"><net_src comp="40" pin="0"/><net_sink comp="128" pin=0"/></net>

<net id="133"><net_src comp="18" pin="0"/><net_sink comp="128" pin=1"/></net>

<net id="138"><net_src comp="40" pin="0"/><net_sink comp="134" pin=0"/></net>

<net id="139"><net_src comp="16" pin="0"/><net_sink comp="134" pin=1"/></net>

<net id="144"><net_src comp="40" pin="0"/><net_sink comp="140" pin=0"/></net>

<net id="145"><net_src comp="14" pin="0"/><net_sink comp="140" pin=1"/></net>

<net id="150"><net_src comp="40" pin="0"/><net_sink comp="146" pin=0"/></net>

<net id="151"><net_src comp="12" pin="0"/><net_sink comp="146" pin=1"/></net>

<net id="156"><net_src comp="40" pin="0"/><net_sink comp="152" pin=0"/></net>

<net id="157"><net_src comp="10" pin="0"/><net_sink comp="152" pin=1"/></net>

<net id="162"><net_src comp="40" pin="0"/><net_sink comp="158" pin=0"/></net>

<net id="163"><net_src comp="8" pin="0"/><net_sink comp="158" pin=1"/></net>

<net id="168"><net_src comp="40" pin="0"/><net_sink comp="164" pin=0"/></net>

<net id="169"><net_src comp="6" pin="0"/><net_sink comp="164" pin=1"/></net>

<net id="174"><net_src comp="40" pin="0"/><net_sink comp="170" pin=0"/></net>

<net id="175"><net_src comp="4" pin="0"/><net_sink comp="170" pin=1"/></net>

<net id="180"><net_src comp="40" pin="0"/><net_sink comp="176" pin=0"/></net>

<net id="181"><net_src comp="2" pin="0"/><net_sink comp="176" pin=1"/></net>

<net id="186"><net_src comp="40" pin="0"/><net_sink comp="182" pin=0"/></net>

<net id="187"><net_src comp="0" pin="0"/><net_sink comp="182" pin=1"/></net>

<net id="191"><net_src comp="182" pin="2"/><net_sink comp="188" pin=0"/></net>

<net id="196"><net_src comp="42" pin="0"/><net_sink comp="192" pin=0"/></net>

<net id="197"><net_src comp="188" pin="1"/><net_sink comp="192" pin=1"/></net>

<net id="201"><net_src comp="176" pin="2"/><net_sink comp="198" pin=0"/></net>

<net id="206"><net_src comp="42" pin="0"/><net_sink comp="202" pin=0"/></net>

<net id="207"><net_src comp="198" pin="1"/><net_sink comp="202" pin=1"/></net>

<net id="211"><net_src comp="170" pin="2"/><net_sink comp="208" pin=0"/></net>

<net id="215"><net_src comp="158" pin="2"/><net_sink comp="212" pin=0"/></net>

<net id="219"><net_src comp="152" pin="2"/><net_sink comp="216" pin=0"/></net>

<net id="223"><net_src comp="146" pin="2"/><net_sink comp="220" pin=0"/></net>

<net id="227"><net_src comp="140" pin="2"/><net_sink comp="224" pin=0"/></net>

<net id="232"><net_src comp="42" pin="0"/><net_sink comp="228" pin=0"/></net>

<net id="233"><net_src comp="224" pin="1"/><net_sink comp="228" pin=1"/></net>

<net id="237"><net_src comp="134" pin="2"/><net_sink comp="234" pin=0"/></net>

<net id="242"><net_src comp="42" pin="0"/><net_sink comp="238" pin=0"/></net>

<net id="243"><net_src comp="234" pin="1"/><net_sink comp="238" pin=1"/></net>

<net id="247"><net_src comp="122" pin="2"/><net_sink comp="244" pin=0"/></net>

<net id="252"><net_src comp="42" pin="0"/><net_sink comp="248" pin=0"/></net>

<net id="253"><net_src comp="244" pin="1"/><net_sink comp="248" pin=1"/></net>

<net id="257"><net_src comp="110" pin="2"/><net_sink comp="254" pin=0"/></net>

<net id="262"><net_src comp="42" pin="0"/><net_sink comp="258" pin=0"/></net>

<net id="263"><net_src comp="254" pin="1"/><net_sink comp="258" pin=1"/></net>

<net id="267"><net_src comp="104" pin="2"/><net_sink comp="264" pin=0"/></net>

<net id="271"><net_src comp="98" pin="2"/><net_sink comp="268" pin=0"/></net>

<net id="276"><net_src comp="42" pin="0"/><net_sink comp="272" pin=0"/></net>

<net id="277"><net_src comp="268" pin="1"/><net_sink comp="272" pin=1"/></net>

<net id="281"><net_src comp="92" pin="2"/><net_sink comp="278" pin=0"/></net>

<net id="286"><net_src comp="42" pin="0"/><net_sink comp="282" pin=0"/></net>

<net id="287"><net_src comp="278" pin="1"/><net_sink comp="282" pin=1"/></net>

<net id="291"><net_src comp="86" pin="2"/><net_sink comp="288" pin=0"/></net>

<net id="296"><net_src comp="42" pin="0"/><net_sink comp="292" pin=0"/></net>

<net id="297"><net_src comp="288" pin="1"/><net_sink comp="292" pin=1"/></net>

<net id="301"><net_src comp="74" pin="2"/><net_sink comp="298" pin=0"/></net>

<net id="306"><net_src comp="42" pin="0"/><net_sink comp="302" pin=0"/></net>

<net id="307"><net_src comp="298" pin="1"/><net_sink comp="302" pin=1"/></net>

<net id="311"><net_src comp="68" pin="2"/><net_sink comp="308" pin=0"/></net>

<net id="316"><net_src comp="42" pin="0"/><net_sink comp="312" pin=0"/></net>

<net id="317"><net_src comp="308" pin="1"/><net_sink comp="312" pin=1"/></net>

<net id="322"><net_src comp="268" pin="1"/><net_sink comp="318" pin=0"/></net>

<net id="323"><net_src comp="264" pin="1"/><net_sink comp="318" pin=1"/></net>

<net id="328"><net_src comp="298" pin="1"/><net_sink comp="324" pin=0"/></net>

<net id="329"><net_src comp="220" pin="1"/><net_sink comp="324" pin=1"/></net>

<net id="334"><net_src comp="216" pin="1"/><net_sink comp="330" pin=0"/></net>

<net id="335"><net_src comp="208" pin="1"/><net_sink comp="330" pin=1"/></net>

<net id="339"><net_src comp="330" pin="2"/><net_sink comp="336" pin=0"/></net>

<net id="343"><net_src comp="110" pin="2"/><net_sink comp="340" pin=0"/></net>

<net id="348"><net_src comp="340" pin="1"/><net_sink comp="344" pin=0"/></net>

<net id="349"><net_src comp="336" pin="1"/><net_sink comp="344" pin=1"/></net>

<net id="354"><net_src comp="234" pin="1"/><net_sink comp="350" pin=0"/></net>

<net id="355"><net_src comp="212" pin="1"/><net_sink comp="350" pin=1"/></net>

<net id="361"><net_src comp="44" pin="0"/><net_sink comp="356" pin=0"/></net>

<net id="362"><net_src comp="46" pin="0"/><net_sink comp="356" pin=2"/></net>

<net id="368"><net_src comp="48" pin="0"/><net_sink comp="363" pin=0"/></net>

<net id="369"><net_src comp="46" pin="0"/><net_sink comp="363" pin=2"/></net>

<net id="373"><net_src comp="363" pin="3"/><net_sink comp="370" pin=0"/></net>

<net id="379"><net_src comp="48" pin="0"/><net_sink comp="374" pin=0"/></net>

<net id="380"><net_src comp="46" pin="0"/><net_sink comp="374" pin=2"/></net>

<net id="384"><net_src comp="374" pin="3"/><net_sink comp="381" pin=0"/></net>

<net id="390"><net_src comp="44" pin="0"/><net_sink comp="385" pin=0"/></net>

<net id="391"><net_src comp="46" pin="0"/><net_sink comp="385" pin=2"/></net>

<net id="397"><net_src comp="48" pin="0"/><net_sink comp="392" pin=0"/></net>

<net id="398"><net_src comp="46" pin="0"/><net_sink comp="392" pin=2"/></net>

<net id="402"><net_src comp="392" pin="3"/><net_sink comp="399" pin=0"/></net>

<net id="411"><net_src comp="48" pin="0"/><net_sink comp="406" pin=0"/></net>

<net id="412"><net_src comp="46" pin="0"/><net_sink comp="406" pin=2"/></net>

<net id="416"><net_src comp="406" pin="3"/><net_sink comp="413" pin=0"/></net>

<net id="420"><net_src comp="406" pin="3"/><net_sink comp="417" pin=0"/></net>

<net id="425"><net_src comp="42" pin="0"/><net_sink comp="421" pin=0"/></net>

<net id="426"><net_src comp="403" pin="1"/><net_sink comp="421" pin=1"/></net>

<net id="432"><net_src comp="44" pin="0"/><net_sink comp="427" pin=0"/></net>

<net id="433"><net_src comp="421" pin="2"/><net_sink comp="427" pin=1"/></net>

<net id="434"><net_src comp="46" pin="0"/><net_sink comp="427" pin=2"/></net>

<net id="438"><net_src comp="427" pin="3"/><net_sink comp="435" pin=0"/></net>

<net id="444"><net_src comp="48" pin="0"/><net_sink comp="439" pin=0"/></net>

<net id="445"><net_src comp="46" pin="0"/><net_sink comp="439" pin=2"/></net>

<net id="449"><net_src comp="439" pin="3"/><net_sink comp="446" pin=0"/></net>

<net id="453"><net_src comp="439" pin="3"/><net_sink comp="450" pin=0"/></net>

<net id="459"><net_src comp="48" pin="0"/><net_sink comp="454" pin=0"/></net>

<net id="460"><net_src comp="46" pin="0"/><net_sink comp="454" pin=2"/></net>

<net id="464"><net_src comp="454" pin="3"/><net_sink comp="461" pin=0"/></net>

<net id="469"><net_src comp="42" pin="0"/><net_sink comp="465" pin=0"/></net>

<net id="475"><net_src comp="44" pin="0"/><net_sink comp="470" pin=0"/></net>

<net id="476"><net_src comp="465" pin="2"/><net_sink comp="470" pin=1"/></net>

<net id="477"><net_src comp="46" pin="0"/><net_sink comp="470" pin=2"/></net>

<net id="481"><net_src comp="470" pin="3"/><net_sink comp="478" pin=0"/></net>

<net id="485"><net_src comp="470" pin="3"/><net_sink comp="482" pin=0"/></net>

<net id="491"><net_src comp="48" pin="0"/><net_sink comp="486" pin=0"/></net>

<net id="492"><net_src comp="46" pin="0"/><net_sink comp="486" pin=2"/></net>

<net id="496"><net_src comp="486" pin="3"/><net_sink comp="493" pin=0"/></net>

<net id="500"><net_src comp="486" pin="3"/><net_sink comp="497" pin=0"/></net>

<net id="506"><net_src comp="44" pin="0"/><net_sink comp="501" pin=0"/></net>

<net id="507"><net_src comp="46" pin="0"/><net_sink comp="501" pin=2"/></net>

<net id="511"><net_src comp="501" pin="3"/><net_sink comp="508" pin=0"/></net>

<net id="517"><net_src comp="44" pin="0"/><net_sink comp="512" pin=0"/></net>

<net id="518"><net_src comp="46" pin="0"/><net_sink comp="512" pin=2"/></net>

<net id="522"><net_src comp="512" pin="3"/><net_sink comp="519" pin=0"/></net>

<net id="531"><net_src comp="48" pin="0"/><net_sink comp="526" pin=0"/></net>

<net id="532"><net_src comp="46" pin="0"/><net_sink comp="526" pin=2"/></net>

<net id="536"><net_src comp="526" pin="3"/><net_sink comp="533" pin=0"/></net>

<net id="540"><net_src comp="526" pin="3"/><net_sink comp="537" pin=0"/></net>

<net id="545"><net_src comp="42" pin="0"/><net_sink comp="541" pin=0"/></net>

<net id="546"><net_src comp="523" pin="1"/><net_sink comp="541" pin=1"/></net>

<net id="552"><net_src comp="44" pin="0"/><net_sink comp="547" pin=0"/></net>

<net id="553"><net_src comp="541" pin="2"/><net_sink comp="547" pin=1"/></net>

<net id="554"><net_src comp="46" pin="0"/><net_sink comp="547" pin=2"/></net>

<net id="558"><net_src comp="547" pin="3"/><net_sink comp="555" pin=0"/></net>

<net id="562"><net_src comp="547" pin="3"/><net_sink comp="559" pin=0"/></net>

<net id="568"><net_src comp="48" pin="0"/><net_sink comp="563" pin=0"/></net>

<net id="569"><net_src comp="46" pin="0"/><net_sink comp="563" pin=2"/></net>

<net id="573"><net_src comp="563" pin="3"/><net_sink comp="570" pin=0"/></net>

<net id="579"><net_src comp="44" pin="0"/><net_sink comp="574" pin=0"/></net>

<net id="580"><net_src comp="46" pin="0"/><net_sink comp="574" pin=2"/></net>

<net id="584"><net_src comp="574" pin="3"/><net_sink comp="581" pin=0"/></net>

<net id="593"><net_src comp="48" pin="0"/><net_sink comp="588" pin=0"/></net>

<net id="594"><net_src comp="46" pin="0"/><net_sink comp="588" pin=2"/></net>

<net id="598"><net_src comp="588" pin="3"/><net_sink comp="595" pin=0"/></net>

<net id="603"><net_src comp="42" pin="0"/><net_sink comp="599" pin=0"/></net>

<net id="604"><net_src comp="585" pin="1"/><net_sink comp="599" pin=1"/></net>

<net id="610"><net_src comp="44" pin="0"/><net_sink comp="605" pin=0"/></net>

<net id="611"><net_src comp="46" pin="0"/><net_sink comp="605" pin=2"/></net>

<net id="615"><net_src comp="605" pin="3"/><net_sink comp="612" pin=0"/></net>

<net id="621"><net_src comp="48" pin="0"/><net_sink comp="616" pin=0"/></net>

<net id="622"><net_src comp="46" pin="0"/><net_sink comp="616" pin=2"/></net>

<net id="626"><net_src comp="616" pin="3"/><net_sink comp="623" pin=0"/></net>

<net id="632"><net_src comp="44" pin="0"/><net_sink comp="627" pin=0"/></net>

<net id="633"><net_src comp="46" pin="0"/><net_sink comp="627" pin=2"/></net>

<net id="637"><net_src comp="627" pin="3"/><net_sink comp="634" pin=0"/></net>

<net id="643"><net_src comp="44" pin="0"/><net_sink comp="638" pin=0"/></net>

<net id="644"><net_src comp="46" pin="0"/><net_sink comp="638" pin=2"/></net>

<net id="648"><net_src comp="638" pin="3"/><net_sink comp="645" pin=0"/></net>

<net id="652"><net_src comp="638" pin="3"/><net_sink comp="649" pin=0"/></net>

<net id="658"><net_src comp="48" pin="0"/><net_sink comp="653" pin=0"/></net>

<net id="659"><net_src comp="46" pin="0"/><net_sink comp="653" pin=2"/></net>

<net id="663"><net_src comp="653" pin="3"/><net_sink comp="660" pin=0"/></net>

<net id="669"><net_src comp="48" pin="0"/><net_sink comp="664" pin=0"/></net>

<net id="670"><net_src comp="46" pin="0"/><net_sink comp="664" pin=2"/></net>

<net id="674"><net_src comp="664" pin="3"/><net_sink comp="671" pin=0"/></net>

<net id="678"><net_src comp="664" pin="3"/><net_sink comp="675" pin=0"/></net>

<net id="684"><net_src comp="44" pin="0"/><net_sink comp="679" pin=0"/></net>

<net id="685"><net_src comp="46" pin="0"/><net_sink comp="679" pin=2"/></net>

<net id="689"><net_src comp="679" pin="3"/><net_sink comp="686" pin=0"/></net>

<net id="695"><net_src comp="48" pin="0"/><net_sink comp="690" pin=0"/></net>

<net id="696"><net_src comp="46" pin="0"/><net_sink comp="690" pin=2"/></net>

<net id="700"><net_src comp="690" pin="3"/><net_sink comp="697" pin=0"/></net>

<net id="706"><net_src comp="44" pin="0"/><net_sink comp="701" pin=0"/></net>

<net id="707"><net_src comp="46" pin="0"/><net_sink comp="701" pin=2"/></net>

<net id="711"><net_src comp="701" pin="3"/><net_sink comp="708" pin=0"/></net>

<net id="717"><net_src comp="48" pin="0"/><net_sink comp="712" pin=0"/></net>

<net id="718"><net_src comp="46" pin="0"/><net_sink comp="712" pin=2"/></net>

<net id="722"><net_src comp="712" pin="3"/><net_sink comp="719" pin=0"/></net>

<net id="728"><net_src comp="44" pin="0"/><net_sink comp="723" pin=0"/></net>

<net id="729"><net_src comp="46" pin="0"/><net_sink comp="723" pin=2"/></net>

<net id="734"><net_src comp="381" pin="1"/><net_sink comp="730" pin=0"/></net>

<net id="735"><net_src comp="370" pin="1"/><net_sink comp="730" pin=1"/></net>

<net id="739"><net_src comp="730" pin="2"/><net_sink comp="736" pin=0"/></net>

<net id="744"><net_src comp="399" pin="1"/><net_sink comp="740" pin=0"/></net>

<net id="745"><net_src comp="356" pin="3"/><net_sink comp="740" pin=1"/></net>

<net id="749"><net_src comp="740" pin="2"/><net_sink comp="746" pin=0"/></net>

<net id="754"><net_src comp="417" pin="1"/><net_sink comp="750" pin=0"/></net>

<net id="755"><net_src comp="385" pin="3"/><net_sink comp="750" pin=1"/></net>

<net id="759"><net_src comp="750" pin="2"/><net_sink comp="756" pin=0"/></net>

<net id="764"><net_src comp="461" pin="1"/><net_sink comp="760" pin=0"/></net>

<net id="765"><net_src comp="501" pin="3"/><net_sink comp="760" pin=1"/></net>

<net id="769"><net_src comp="760" pin="2"/><net_sink comp="766" pin=0"/></net>

<net id="774"><net_src comp="766" pin="1"/><net_sink comp="770" pin=0"/></net>

<net id="775"><net_src comp="756" pin="1"/><net_sink comp="770" pin=1"/></net>

<net id="780"><net_src comp="581" pin="1"/><net_sink comp="776" pin=0"/></net>

<net id="781"><net_src comp="612" pin="1"/><net_sink comp="776" pin=1"/></net>

<net id="786"><net_src comp="660" pin="1"/><net_sink comp="782" pin=0"/></net>

<net id="787"><net_src comp="675" pin="1"/><net_sink comp="782" pin=1"/></net>

<net id="791"><net_src comp="782" pin="2"/><net_sink comp="788" pin=0"/></net>

<net id="796"><net_src comp="788" pin="1"/><net_sink comp="792" pin=0"/></net>

<net id="797"><net_src comp="776" pin="2"/><net_sink comp="792" pin=1"/></net>

<net id="802"><net_src comp="385" pin="3"/><net_sink comp="798" pin=0"/></net>

<net id="803"><net_src comp="399" pin="1"/><net_sink comp="798" pin=1"/></net>

<net id="808"><net_src comp="450" pin="1"/><net_sink comp="804" pin=0"/></net>

<net id="809"><net_src comp="461" pin="1"/><net_sink comp="804" pin=1"/></net>

<net id="814"><net_src comp="470" pin="3"/><net_sink comp="810" pin=0"/></net>

<net id="815"><net_src comp="497" pin="1"/><net_sink comp="810" pin=1"/></net>

<net id="820"><net_src comp="649" pin="1"/><net_sink comp="816" pin=0"/></net>

<net id="821"><net_src comp="686" pin="1"/><net_sink comp="816" pin=1"/></net>

<net id="827"><net_src comp="44" pin="0"/><net_sink comp="822" pin=0"/></net>

<net id="828"><net_src comp="46" pin="0"/><net_sink comp="822" pin=2"/></net>

<net id="832"><net_src comp="822" pin="3"/><net_sink comp="829" pin=0"/></net>

<net id="837"><net_src comp="446" pin="1"/><net_sink comp="833" pin=0"/></net>

<net id="838"><net_src comp="746" pin="1"/><net_sink comp="833" pin=1"/></net>

<net id="843"><net_src comp="497" pin="1"/><net_sink comp="839" pin=0"/></net>

<net id="844"><net_src comp="512" pin="3"/><net_sink comp="839" pin=1"/></net>

<net id="848"><net_src comp="839" pin="2"/><net_sink comp="845" pin=0"/></net>

<net id="853"><net_src comp="845" pin="1"/><net_sink comp="849" pin=0"/></net>

<net id="854"><net_src comp="482" pin="1"/><net_sink comp="849" pin=1"/></net>

<net id="858"><net_src comp="776" pin="2"/><net_sink comp="855" pin=0"/></net>

<net id="863"><net_src comp="855" pin="1"/><net_sink comp="859" pin=0"/></net>

<net id="864"><net_src comp="559" pin="1"/><net_sink comp="859" pin=1"/></net>

<net id="869"><net_src comp="679" pin="3"/><net_sink comp="865" pin=0"/></net>

<net id="870"><net_src comp="697" pin="1"/><net_sink comp="865" pin=1"/></net>

<net id="874"><net_src comp="865" pin="2"/><net_sink comp="871" pin=0"/></net>

<net id="879"><net_src comp="871" pin="1"/><net_sink comp="875" pin=0"/></net>

<net id="880"><net_src comp="829" pin="1"/><net_sink comp="875" pin=1"/></net>

<net id="886"><net_src comp="44" pin="0"/><net_sink comp="881" pin=0"/></net>

<net id="887"><net_src comp="46" pin="0"/><net_sink comp="881" pin=2"/></net>

<net id="891"><net_src comp="881" pin="3"/><net_sink comp="888" pin=0"/></net>

<net id="896"><net_src comp="417" pin="1"/><net_sink comp="892" pin=0"/></net>

<net id="897"><net_src comp="381" pin="1"/><net_sink comp="892" pin=1"/></net>

<net id="902"><net_src comp="512" pin="3"/><net_sink comp="898" pin=0"/></net>

<net id="903"><net_src comp="537" pin="1"/><net_sink comp="898" pin=1"/></net>

<net id="907"><net_src comp="898" pin="2"/><net_sink comp="904" pin=0"/></net>

<net id="912"><net_src comp="904" pin="1"/><net_sink comp="908" pin=0"/></net>

<net id="913"><net_src comp="493" pin="1"/><net_sink comp="908" pin=1"/></net>

<net id="918"><net_src comp="570" pin="1"/><net_sink comp="914" pin=0"/></net>

<net id="919"><net_src comp="595" pin="1"/><net_sink comp="914" pin=1"/></net>

<net id="924"><net_src comp="634" pin="1"/><net_sink comp="920" pin=0"/></net>

<net id="925"><net_src comp="888" pin="1"/><net_sink comp="920" pin=1"/></net>

<net id="930"><net_src comp="920" pin="2"/><net_sink comp="926" pin=0"/></net>

<net id="931"><net_src comp="612" pin="1"/><net_sink comp="926" pin=1"/></net>

<net id="936"><net_src comp="435" pin="1"/><net_sink comp="932" pin=0"/></net>

<net id="937"><net_src comp="736" pin="1"/><net_sink comp="932" pin=1"/></net>

<net id="942"><net_src comp="649" pin="1"/><net_sink comp="938" pin=0"/></net>

<net id="943"><net_src comp="708" pin="1"/><net_sink comp="938" pin=1"/></net>

<net id="948"><net_src comp="938" pin="2"/><net_sink comp="944" pin=0"/></net>

<net id="949"><net_src comp="533" pin="1"/><net_sink comp="944" pin=1"/></net>

<net id="954"><net_src comp="356" pin="3"/><net_sink comp="950" pin=0"/></net>

<net id="955"><net_src comp="595" pin="1"/><net_sink comp="950" pin=1"/></net>

<net id="959"><net_src comp="950" pin="2"/><net_sink comp="956" pin=0"/></net>

<net id="964"><net_src comp="956" pin="1"/><net_sink comp="960" pin=0"/></net>

<net id="965"><net_src comp="413" pin="1"/><net_sink comp="960" pin=1"/></net>

<net id="970"><net_src comp="638" pin="3"/><net_sink comp="966" pin=0"/></net>

<net id="971"><net_src comp="719" pin="1"/><net_sink comp="966" pin=1"/></net>

<net id="975"><net_src comp="966" pin="2"/><net_sink comp="972" pin=0"/></net>

<net id="980"><net_src comp="972" pin="1"/><net_sink comp="976" pin=0"/></net>

<net id="981"><net_src comp="634" pin="1"/><net_sink comp="976" pin=1"/></net>

<net id="987"><net_src comp="50" pin="0"/><net_sink comp="982" pin=0"/></net>

<net id="988"><net_src comp="46" pin="0"/><net_sink comp="982" pin=2"/></net>

<net id="992"><net_src comp="982" pin="3"/><net_sink comp="989" pin=0"/></net>

<net id="997"><net_src comp="482" pin="1"/><net_sink comp="993" pin=0"/></net>

<net id="998"><net_src comp="736" pin="1"/><net_sink comp="993" pin=1"/></net>

<net id="1003"><net_src comp="555" pin="1"/><net_sink comp="999" pin=0"/></net>

<net id="1004"><net_src comp="581" pin="1"/><net_sink comp="999" pin=1"/></net>

<net id="1009"><net_src comp="989" pin="1"/><net_sink comp="1005" pin=0"/></net>

<net id="1010"><net_src comp="645" pin="1"/><net_sink comp="1005" pin=1"/></net>

<net id="1015"><net_src comp="697" pin="1"/><net_sink comp="1011" pin=0"/></net>

<net id="1016"><net_src comp="723" pin="3"/><net_sink comp="1011" pin=1"/></net>

<net id="1020"><net_src comp="1011" pin="2"/><net_sink comp="1017" pin=0"/></net>

<net id="1025"><net_src comp="1017" pin="1"/><net_sink comp="1021" pin=0"/></net>

<net id="1026"><net_src comp="671" pin="1"/><net_sink comp="1021" pin=1"/></net>

<net id="1032"><net_src comp="44" pin="0"/><net_sink comp="1027" pin=0"/></net>

<net id="1033"><net_src comp="46" pin="0"/><net_sink comp="1027" pin=2"/></net>

<net id="1037"><net_src comp="1027" pin="3"/><net_sink comp="1034" pin=0"/></net>

<net id="1042"><net_src comp="435" pin="1"/><net_sink comp="1038" pin=0"/></net>

<net id="1043"><net_src comp="746" pin="1"/><net_sink comp="1038" pin=1"/></net>

<net id="1048"><net_src comp="533" pin="1"/><net_sink comp="1044" pin=0"/></net>

<net id="1049"><net_src comp="1034" pin="1"/><net_sink comp="1044" pin=1"/></net>

<net id="1053"><net_src comp="1044" pin="2"/><net_sink comp="1050" pin=0"/></net>

<net id="1058"><net_src comp="1050" pin="1"/><net_sink comp="1054" pin=0"/></net>

<net id="1059"><net_src comp="478" pin="1"/><net_sink comp="1054" pin=1"/></net>

<net id="1064"><net_src comp="570" pin="1"/><net_sink comp="1060" pin=0"/></net>

<net id="1065"><net_src comp="605" pin="3"/><net_sink comp="1060" pin=1"/></net>

<net id="1070"><net_src comp="697" pin="1"/><net_sink comp="1066" pin=0"/></net>

<net id="1071"><net_src comp="719" pin="1"/><net_sink comp="1066" pin=1"/></net>

<net id="1075"><net_src comp="1066" pin="2"/><net_sink comp="1072" pin=0"/></net>

<net id="1080"><net_src comp="1072" pin="1"/><net_sink comp="1076" pin=0"/></net>

<net id="1081"><net_src comp="623" pin="1"/><net_sink comp="1076" pin=1"/></net>

<net id="1086"><net_src comp="746" pin="1"/><net_sink comp="1082" pin=0"/></net>

<net id="1087"><net_src comp="413" pin="1"/><net_sink comp="1082" pin=1"/></net>

<net id="1092"><net_src comp="508" pin="1"/><net_sink comp="1088" pin=0"/></net>

<net id="1093"><net_src comp="519" pin="1"/><net_sink comp="1088" pin=1"/></net>

<net id="1098"><net_src comp="537" pin="1"/><net_sink comp="1094" pin=0"/></net>

<net id="1099"><net_src comp="605" pin="3"/><net_sink comp="1094" pin=1"/></net>

<net id="1104"><net_src comp="660" pin="1"/><net_sink comp="1100" pin=0"/></net>

<net id="1105"><net_src comp="723" pin="3"/><net_sink comp="1100" pin=1"/></net>

<net id="1109"><net_src comp="1100" pin="2"/><net_sink comp="1106" pin=0"/></net>

<net id="1114"><net_src comp="1106" pin="1"/><net_sink comp="1110" pin=0"/></net>

<net id="1115"><net_src comp="623" pin="1"/><net_sink comp="1110" pin=1"/></net>

<net id="1121"><net_src comp="44" pin="0"/><net_sink comp="1116" pin=0"/></net>

<net id="1122"><net_src comp="46" pin="0"/><net_sink comp="1116" pin=2"/></net>

<net id="1126"><net_src comp="1116" pin="3"/><net_sink comp="1123" pin=0"/></net>

<net id="1137"><net_src comp="1130" pin="1"/><net_sink comp="1133" pin=0"/></net>

<net id="1138"><net_src comp="1127" pin="1"/><net_sink comp="1133" pin=1"/></net>

<net id="1149"><net_src comp="1142" pin="1"/><net_sink comp="1145" pin=0"/></net>

<net id="1150"><net_src comp="1123" pin="1"/><net_sink comp="1145" pin=1"/></net>

<net id="1155"><net_src comp="1145" pin="2"/><net_sink comp="1151" pin=0"/></net>

<net id="1156"><net_src comp="1139" pin="1"/><net_sink comp="1151" pin=1"/></net>

<net id="1167"><net_src comp="1160" pin="1"/><net_sink comp="1163" pin=0"/></net>

<net id="1168"><net_src comp="1157" pin="1"/><net_sink comp="1163" pin=1"/></net>

<net id="1172"><net_src comp="1163" pin="2"/><net_sink comp="1169" pin=0"/></net>

<net id="1183"><net_src comp="1176" pin="1"/><net_sink comp="1179" pin=0"/></net>

<net id="1184"><net_src comp="1173" pin="1"/><net_sink comp="1179" pin=1"/></net>

<net id="1188"><net_src comp="1179" pin="2"/><net_sink comp="1185" pin=0"/></net>

<net id="1193"><net_src comp="1185" pin="1"/><net_sink comp="1189" pin=0"/></net>

<net id="1194"><net_src comp="1169" pin="1"/><net_sink comp="1189" pin=1"/></net>

<net id="1205"><net_src comp="1198" pin="1"/><net_sink comp="1201" pin=0"/></net>

<net id="1206"><net_src comp="1195" pin="1"/><net_sink comp="1201" pin=1"/></net>

<net id="1210"><net_src comp="1201" pin="2"/><net_sink comp="1207" pin=0"/></net>

<net id="1221"><net_src comp="1214" pin="1"/><net_sink comp="1217" pin=0"/></net>

<net id="1222"><net_src comp="1211" pin="1"/><net_sink comp="1217" pin=1"/></net>

<net id="1226"><net_src comp="1217" pin="2"/><net_sink comp="1223" pin=0"/></net>

<net id="1231"><net_src comp="1223" pin="1"/><net_sink comp="1227" pin=0"/></net>

<net id="1232"><net_src comp="1207" pin="1"/><net_sink comp="1227" pin=1"/></net>

<net id="1243"><net_src comp="1236" pin="1"/><net_sink comp="1239" pin=0"/></net>

<net id="1244"><net_src comp="1233" pin="1"/><net_sink comp="1239" pin=1"/></net>

<net id="1255"><net_src comp="1248" pin="1"/><net_sink comp="1251" pin=0"/></net>

<net id="1256"><net_src comp="1245" pin="1"/><net_sink comp="1251" pin=1"/></net>

<net id="1267"><net_src comp="1260" pin="1"/><net_sink comp="1263" pin=0"/></net>

<net id="1268"><net_src comp="1257" pin="1"/><net_sink comp="1263" pin=1"/></net>

<net id="1272"><net_src comp="1263" pin="2"/><net_sink comp="1269" pin=0"/></net>

<net id="1283"><net_src comp="1276" pin="1"/><net_sink comp="1279" pin=0"/></net>

<net id="1284"><net_src comp="1273" pin="1"/><net_sink comp="1279" pin=1"/></net>

<net id="1288"><net_src comp="1279" pin="2"/><net_sink comp="1285" pin=0"/></net>

<net id="1293"><net_src comp="1285" pin="1"/><net_sink comp="1289" pin=0"/></net>

<net id="1294"><net_src comp="1269" pin="1"/><net_sink comp="1289" pin=1"/></net>

<net id="1305"><net_src comp="1298" pin="1"/><net_sink comp="1301" pin=0"/></net>

<net id="1306"><net_src comp="1295" pin="1"/><net_sink comp="1301" pin=1"/></net>

<net id="1310"><net_src comp="1301" pin="2"/><net_sink comp="1307" pin=0"/></net>

<net id="1321"><net_src comp="1314" pin="1"/><net_sink comp="1317" pin=0"/></net>

<net id="1322"><net_src comp="1311" pin="1"/><net_sink comp="1317" pin=1"/></net>

<net id="1326"><net_src comp="1317" pin="2"/><net_sink comp="1323" pin=0"/></net>

<net id="1331"><net_src comp="1323" pin="1"/><net_sink comp="1327" pin=0"/></net>

<net id="1332"><net_src comp="1307" pin="1"/><net_sink comp="1327" pin=1"/></net>

<net id="1343"><net_src comp="1336" pin="1"/><net_sink comp="1339" pin=0"/></net>

<net id="1348"><net_src comp="1339" pin="2"/><net_sink comp="1344" pin=0"/></net>

<net id="1349"><net_src comp="1333" pin="1"/><net_sink comp="1344" pin=1"/></net>

<net id="1360"><net_src comp="1353" pin="1"/><net_sink comp="1356" pin=0"/></net>

<net id="1361"><net_src comp="1350" pin="1"/><net_sink comp="1356" pin=1"/></net>

<net id="1375"><net_src comp="1368" pin="1"/><net_sink comp="1371" pin=0"/></net>

<net id="1376"><net_src comp="1365" pin="1"/><net_sink comp="1371" pin=1"/></net>

<net id="1381"><net_src comp="1371" pin="2"/><net_sink comp="1377" pin=1"/></net>

<net id="1385"><net_src comp="1377" pin="2"/><net_sink comp="1382" pin=0"/></net>

<net id="1414"><net_src comp="1407" pin="1"/><net_sink comp="1410" pin=0"/></net>

<net id="1415"><net_src comp="1404" pin="1"/><net_sink comp="1410" pin=1"/></net>

<net id="1419"><net_src comp="1410" pin="2"/><net_sink comp="1416" pin=0"/></net>

<net id="1424"><net_src comp="66" pin="0"/><net_sink comp="1420" pin=0"/></net>

<net id="1425"><net_src comp="1389" pin="1"/><net_sink comp="1420" pin=1"/></net>

<net id="1430"><net_src comp="1420" pin="2"/><net_sink comp="1426" pin=0"/></net>

<net id="1431"><net_src comp="1395" pin="1"/><net_sink comp="1426" pin=1"/></net>

<net id="1436"><net_src comp="1426" pin="2"/><net_sink comp="1432" pin=0"/></net>

<net id="1437"><net_src comp="1398" pin="1"/><net_sink comp="1432" pin=1"/></net>

<net id="1442"><net_src comp="1432" pin="2"/><net_sink comp="1438" pin=0"/></net>

<net id="1443"><net_src comp="1392" pin="1"/><net_sink comp="1438" pin=1"/></net>

<net id="1448"><net_src comp="1438" pin="2"/><net_sink comp="1444" pin=0"/></net>

<net id="1449"><net_src comp="1401" pin="1"/><net_sink comp="1444" pin=1"/></net>

<net id="1454"><net_src comp="1444" pin="2"/><net_sink comp="1450" pin=0"/></net>

<net id="1455"><net_src comp="1362" pin="1"/><net_sink comp="1450" pin=1"/></net>

<net id="1460"><net_src comp="1450" pin="2"/><net_sink comp="1456" pin=0"/></net>

<net id="1461"><net_src comp="1416" pin="1"/><net_sink comp="1456" pin=1"/></net>

<net id="1466"><net_src comp="1456" pin="2"/><net_sink comp="1462" pin=0"/></net>

<net id="1467"><net_src comp="1386" pin="1"/><net_sink comp="1462" pin=1"/></net>

<net id="1472"><net_src comp="1462" pin="2"/><net_sink comp="1468" pin=0"/></net>

<net id="1473"><net_src comp="1382" pin="1"/><net_sink comp="1468" pin=1"/></net>

<net id="1477"><net_src comp="68" pin="2"/><net_sink comp="1474" pin=0"/></net>

<net id="1478"><net_src comp="1474" pin="1"/><net_sink comp="712" pin=1"/></net>

<net id="1482"><net_src comp="80" pin="2"/><net_sink comp="1479" pin=0"/></net>

<net id="1483"><net_src comp="1479" pin="1"/><net_sink comp="690" pin=1"/></net>

<net id="1487"><net_src comp="86" pin="2"/><net_sink comp="1484" pin=0"/></net>

<net id="1488"><net_src comp="1484" pin="1"/><net_sink comp="664" pin=1"/></net>

<net id="1492"><net_src comp="92" pin="2"/><net_sink comp="1489" pin=0"/></net>

<net id="1493"><net_src comp="1489" pin="1"/><net_sink comp="653" pin=1"/></net>

<net id="1497"><net_src comp="104" pin="2"/><net_sink comp="1494" pin=0"/></net>

<net id="1498"><net_src comp="1494" pin="1"/><net_sink comp="616" pin=1"/></net>

<net id="1502"><net_src comp="116" pin="2"/><net_sink comp="1499" pin=0"/></net>

<net id="1503"><net_src comp="1499" pin="1"/><net_sink comp="585" pin=0"/></net>

<net id="1504"><net_src comp="1499" pin="1"/><net_sink comp="588" pin=1"/></net>

<net id="1508"><net_src comp="122" pin="2"/><net_sink comp="1505" pin=0"/></net>

<net id="1509"><net_src comp="1505" pin="1"/><net_sink comp="563" pin=1"/></net>

<net id="1513"><net_src comp="128" pin="2"/><net_sink comp="1510" pin=0"/></net>

<net id="1514"><net_src comp="1510" pin="1"/><net_sink comp="523" pin=0"/></net>

<net id="1515"><net_src comp="1510" pin="1"/><net_sink comp="526" pin=1"/></net>

<net id="1519"><net_src comp="140" pin="2"/><net_sink comp="1516" pin=0"/></net>

<net id="1520"><net_src comp="1516" pin="1"/><net_sink comp="486" pin=1"/></net>

<net id="1524"><net_src comp="152" pin="2"/><net_sink comp="1521" pin=0"/></net>

<net id="1525"><net_src comp="1521" pin="1"/><net_sink comp="454" pin=1"/></net>

<net id="1529"><net_src comp="158" pin="2"/><net_sink comp="1526" pin=0"/></net>

<net id="1530"><net_src comp="1526" pin="1"/><net_sink comp="439" pin=1"/></net>

<net id="1534"><net_src comp="164" pin="2"/><net_sink comp="1531" pin=0"/></net>

<net id="1535"><net_src comp="1531" pin="1"/><net_sink comp="403" pin=0"/></net>

<net id="1536"><net_src comp="1531" pin="1"/><net_sink comp="406" pin=1"/></net>

<net id="1540"><net_src comp="170" pin="2"/><net_sink comp="1537" pin=0"/></net>

<net id="1541"><net_src comp="1537" pin="1"/><net_sink comp="392" pin=1"/></net>

<net id="1545"><net_src comp="176" pin="2"/><net_sink comp="1542" pin=0"/></net>

<net id="1546"><net_src comp="1542" pin="1"/><net_sink comp="374" pin=1"/></net>

<net id="1550"><net_src comp="182" pin="2"/><net_sink comp="1547" pin=0"/></net>

<net id="1551"><net_src comp="1547" pin="1"/><net_sink comp="363" pin=1"/></net>

<net id="1555"><net_src comp="192" pin="2"/><net_sink comp="1552" pin=0"/></net>

<net id="1556"><net_src comp="1552" pin="1"/><net_sink comp="356" pin=1"/></net>

<net id="1560"><net_src comp="202" pin="2"/><net_sink comp="1557" pin=0"/></net>

<net id="1561"><net_src comp="1557" pin="1"/><net_sink comp="385" pin=1"/></net>

<net id="1565"><net_src comp="220" pin="1"/><net_sink comp="1562" pin=0"/></net>

<net id="1566"><net_src comp="1562" pin="1"/><net_sink comp="465" pin=1"/></net>

<net id="1570"><net_src comp="228" pin="2"/><net_sink comp="1567" pin=0"/></net>

<net id="1571"><net_src comp="1567" pin="1"/><net_sink comp="501" pin=1"/></net>

<net id="1575"><net_src comp="238" pin="2"/><net_sink comp="1572" pin=0"/></net>

<net id="1576"><net_src comp="1572" pin="1"/><net_sink comp="512" pin=1"/></net>

<net id="1580"><net_src comp="248" pin="2"/><net_sink comp="1577" pin=0"/></net>

<net id="1581"><net_src comp="1577" pin="1"/><net_sink comp="574" pin=1"/></net>

<net id="1585"><net_src comp="258" pin="2"/><net_sink comp="1582" pin=0"/></net>

<net id="1586"><net_src comp="1582" pin="1"/><net_sink comp="605" pin=1"/></net>

<net id="1590"><net_src comp="272" pin="2"/><net_sink comp="1587" pin=0"/></net>

<net id="1591"><net_src comp="1587" pin="1"/><net_sink comp="627" pin=1"/></net>

<net id="1595"><net_src comp="282" pin="2"/><net_sink comp="1592" pin=0"/></net>

<net id="1596"><net_src comp="1592" pin="1"/><net_sink comp="638" pin=1"/></net>

<net id="1600"><net_src comp="292" pin="2"/><net_sink comp="1597" pin=0"/></net>

<net id="1601"><net_src comp="1597" pin="1"/><net_sink comp="679" pin=1"/></net>

<net id="1605"><net_src comp="302" pin="2"/><net_sink comp="1602" pin=0"/></net>

<net id="1606"><net_src comp="1602" pin="1"/><net_sink comp="701" pin=1"/></net>

<net id="1610"><net_src comp="312" pin="2"/><net_sink comp="1607" pin=0"/></net>

<net id="1611"><net_src comp="1607" pin="1"/><net_sink comp="723" pin=1"/></net>

<net id="1615"><net_src comp="318" pin="2"/><net_sink comp="1612" pin=0"/></net>

<net id="1616"><net_src comp="1612" pin="1"/><net_sink comp="822" pin=1"/></net>

<net id="1620"><net_src comp="324" pin="2"/><net_sink comp="1617" pin=0"/></net>

<net id="1621"><net_src comp="1617" pin="1"/><net_sink comp="881" pin=1"/></net>

<net id="1625"><net_src comp="344" pin="2"/><net_sink comp="1622" pin=0"/></net>

<net id="1626"><net_src comp="1622" pin="1"/><net_sink comp="982" pin=1"/></net>

<net id="1630"><net_src comp="350" pin="2"/><net_sink comp="1627" pin=0"/></net>

<net id="1631"><net_src comp="1627" pin="1"/><net_sink comp="1027" pin=1"/></net>

<net id="1635"><net_src comp="478" pin="1"/><net_sink comp="1632" pin=0"/></net>

<net id="1636"><net_src comp="1632" pin="1"/><net_sink comp="1339" pin=1"/></net>

<net id="1640"><net_src comp="599" pin="2"/><net_sink comp="1637" pin=0"/></net>

<net id="1641"><net_src comp="1637" pin="1"/><net_sink comp="1116" pin=1"/></net>

<net id="1645"><net_src comp="770" pin="2"/><net_sink comp="1642" pin=0"/></net>

<net id="1646"><net_src comp="1642" pin="1"/><net_sink comp="1127" pin=0"/></net>

<net id="1650"><net_src comp="792" pin="2"/><net_sink comp="1647" pin=0"/></net>

<net id="1651"><net_src comp="1647" pin="1"/><net_sink comp="1130" pin=0"/></net>

<net id="1655"><net_src comp="798" pin="2"/><net_sink comp="1652" pin=0"/></net>

<net id="1656"><net_src comp="1652" pin="1"/><net_sink comp="1365" pin=0"/></net>

<net id="1660"><net_src comp="804" pin="2"/><net_sink comp="1657" pin=0"/></net>

<net id="1661"><net_src comp="1657" pin="1"/><net_sink comp="1368" pin=0"/></net>

<net id="1665"><net_src comp="810" pin="2"/><net_sink comp="1662" pin=0"/></net>

<net id="1666"><net_src comp="1662" pin="1"/><net_sink comp="1139" pin=0"/></net>

<net id="1670"><net_src comp="816" pin="2"/><net_sink comp="1667" pin=0"/></net>

<net id="1671"><net_src comp="1667" pin="1"/><net_sink comp="1142" pin=0"/></net>

<net id="1675"><net_src comp="833" pin="2"/><net_sink comp="1672" pin=0"/></net>

<net id="1676"><net_src comp="1672" pin="1"/><net_sink comp="1157" pin=0"/></net>

<net id="1680"><net_src comp="849" pin="2"/><net_sink comp="1677" pin=0"/></net>

<net id="1681"><net_src comp="1677" pin="1"/><net_sink comp="1160" pin=0"/></net>

<net id="1685"><net_src comp="859" pin="2"/><net_sink comp="1682" pin=0"/></net>

<net id="1686"><net_src comp="1682" pin="1"/><net_sink comp="1173" pin=0"/></net>

<net id="1690"><net_src comp="875" pin="2"/><net_sink comp="1687" pin=0"/></net>

<net id="1691"><net_src comp="1687" pin="1"/><net_sink comp="1176" pin=0"/></net>

<net id="1695"><net_src comp="892" pin="2"/><net_sink comp="1692" pin=0"/></net>

<net id="1696"><net_src comp="1692" pin="1"/><net_sink comp="1195" pin=0"/></net>

<net id="1700"><net_src comp="908" pin="2"/><net_sink comp="1697" pin=0"/></net>

<net id="1701"><net_src comp="1697" pin="1"/><net_sink comp="1198" pin=0"/></net>

<net id="1705"><net_src comp="914" pin="2"/><net_sink comp="1702" pin=0"/></net>

<net id="1706"><net_src comp="1702" pin="1"/><net_sink comp="1211" pin=0"/></net>

<net id="1710"><net_src comp="926" pin="2"/><net_sink comp="1707" pin=0"/></net>

<net id="1711"><net_src comp="1707" pin="1"/><net_sink comp="1214" pin=0"/></net>

<net id="1715"><net_src comp="932" pin="2"/><net_sink comp="1712" pin=0"/></net>

<net id="1716"><net_src comp="1712" pin="1"/><net_sink comp="1233" pin=0"/></net>

<net id="1720"><net_src comp="944" pin="2"/><net_sink comp="1717" pin=0"/></net>

<net id="1721"><net_src comp="1717" pin="1"/><net_sink comp="1236" pin=0"/></net>

<net id="1725"><net_src comp="960" pin="2"/><net_sink comp="1722" pin=0"/></net>

<net id="1726"><net_src comp="1722" pin="1"/><net_sink comp="1245" pin=0"/></net>

<net id="1730"><net_src comp="976" pin="2"/><net_sink comp="1727" pin=0"/></net>

<net id="1731"><net_src comp="1727" pin="1"/><net_sink comp="1248" pin=0"/></net>

<net id="1735"><net_src comp="993" pin="2"/><net_sink comp="1732" pin=0"/></net>

<net id="1736"><net_src comp="1732" pin="1"/><net_sink comp="1257" pin=0"/></net>

<net id="1740"><net_src comp="999" pin="2"/><net_sink comp="1737" pin=0"/></net>

<net id="1741"><net_src comp="1737" pin="1"/><net_sink comp="1260" pin=0"/></net>

<net id="1745"><net_src comp="1005" pin="2"/><net_sink comp="1742" pin=0"/></net>

<net id="1746"><net_src comp="1742" pin="1"/><net_sink comp="1273" pin=0"/></net>

<net id="1750"><net_src comp="1021" pin="2"/><net_sink comp="1747" pin=0"/></net>

<net id="1751"><net_src comp="1747" pin="1"/><net_sink comp="1276" pin=0"/></net>

<net id="1755"><net_src comp="1038" pin="2"/><net_sink comp="1752" pin=0"/></net>

<net id="1756"><net_src comp="1752" pin="1"/><net_sink comp="1295" pin=0"/></net>

<net id="1760"><net_src comp="1054" pin="2"/><net_sink comp="1757" pin=0"/></net>

<net id="1761"><net_src comp="1757" pin="1"/><net_sink comp="1298" pin=0"/></net>

<net id="1765"><net_src comp="1060" pin="2"/><net_sink comp="1762" pin=0"/></net>

<net id="1766"><net_src comp="1762" pin="1"/><net_sink comp="1311" pin=0"/></net>

<net id="1770"><net_src comp="1076" pin="2"/><net_sink comp="1767" pin=0"/></net>

<net id="1771"><net_src comp="1767" pin="1"/><net_sink comp="1314" pin=0"/></net>

<net id="1775"><net_src comp="1082" pin="2"/><net_sink comp="1772" pin=0"/></net>

<net id="1776"><net_src comp="1772" pin="1"/><net_sink comp="1333" pin=0"/></net>

<net id="1780"><net_src comp="1088" pin="2"/><net_sink comp="1777" pin=0"/></net>

<net id="1781"><net_src comp="1777" pin="1"/><net_sink comp="1336" pin=0"/></net>

<net id="1785"><net_src comp="1094" pin="2"/><net_sink comp="1782" pin=0"/></net>

<net id="1786"><net_src comp="1782" pin="1"/><net_sink comp="1350" pin=0"/></net>

<net id="1790"><net_src comp="1110" pin="2"/><net_sink comp="1787" pin=0"/></net>

<net id="1791"><net_src comp="1787" pin="1"/><net_sink comp="1353" pin=0"/></net>

<net id="1795"><net_src comp="1133" pin="2"/><net_sink comp="1792" pin=0"/></net>

<net id="1796"><net_src comp="1792" pin="1"/><net_sink comp="1362" pin=0"/></net>

<net id="1800"><net_src comp="1151" pin="2"/><net_sink comp="1797" pin=0"/></net>

<net id="1801"><net_src comp="1797" pin="1"/><net_sink comp="1377" pin=0"/></net>

<net id="1805"><net_src comp="1189" pin="2"/><net_sink comp="1802" pin=0"/></net>

<net id="1806"><net_src comp="1802" pin="1"/><net_sink comp="1386" pin=0"/></net>

<net id="1810"><net_src comp="1227" pin="2"/><net_sink comp="1807" pin=0"/></net>

<net id="1811"><net_src comp="1807" pin="1"/><net_sink comp="1389" pin=0"/></net>

<net id="1815"><net_src comp="1239" pin="2"/><net_sink comp="1812" pin=0"/></net>

<net id="1816"><net_src comp="1812" pin="1"/><net_sink comp="1392" pin=0"/></net>

<net id="1820"><net_src comp="1251" pin="2"/><net_sink comp="1817" pin=0"/></net>

<net id="1821"><net_src comp="1817" pin="1"/><net_sink comp="1395" pin=0"/></net>

<net id="1825"><net_src comp="1289" pin="2"/><net_sink comp="1822" pin=0"/></net>

<net id="1826"><net_src comp="1822" pin="1"/><net_sink comp="1398" pin=0"/></net>

<net id="1830"><net_src comp="1327" pin="2"/><net_sink comp="1827" pin=0"/></net>

<net id="1831"><net_src comp="1827" pin="1"/><net_sink comp="1401" pin=0"/></net>

<net id="1835"><net_src comp="1344" pin="2"/><net_sink comp="1832" pin=0"/></net>

<net id="1836"><net_src comp="1832" pin="1"/><net_sink comp="1404" pin=0"/></net>

<net id="1840"><net_src comp="1356" pin="2"/><net_sink comp="1837" pin=0"/></net>

<net id="1841"><net_src comp="1837" pin="1"/><net_sink comp="1407" pin=0"/></net>

</net_list>

</model> 
---------------- Datapath Model END ------------------

* FSMD analyzer results:
  - Output states:
 - Input state : 
	Port: dense_latency<ap_ufixed<2, 0, 4, 0, 0>, ap_fixed<16, 6, 5, 3, 0>, config10> : data_0_val | {1 }
	Port: dense_latency<ap_ufixed<2, 0, 4, 0, 0>, ap_fixed<16, 6, 5, 3, 0>, config10> : data_1_val | {1 }
	Port: dense_latency<ap_ufixed<2, 0, 4, 0, 0>, ap_fixed<16, 6, 5, 3, 0>, config10> : data_2_val | {1 }
	Port: dense_latency<ap_ufixed<2, 0, 4, 0, 0>, ap_fixed<16, 6, 5, 3, 0>, config10> : data_3_val | {1 }
	Port: dense_latency<ap_ufixed<2, 0, 4, 0, 0>, ap_fixed<16, 6, 5, 3, 0>, config10> : data_4_val | {1 }
	Port: dense_latency<ap_ufixed<2, 0, 4, 0, 0>, ap_fixed<16, 6, 5, 3, 0>, config10> : data_5_val | {1 }
	Port: dense_latency<ap_ufixed<2, 0, 4, 0, 0>, ap_fixed<16, 6, 5, 3, 0>, config10> : data_6_val | {1 }
	Port: dense_latency<ap_ufixed<2, 0, 4, 0, 0>, ap_fixed<16, 6, 5, 3, 0>, config10> : data_7_val | {1 }
	Port: dense_latency<ap_ufixed<2, 0, 4, 0, 0>, ap_fixed<16, 6, 5, 3, 0>, config10> : data_8_val | {1 }
	Port: dense_latency<ap_ufixed<2, 0, 4, 0, 0>, ap_fixed<16, 6, 5, 3, 0>, config10> : data_9_val | {1 }
	Port: dense_latency<ap_ufixed<2, 0, 4, 0, 0>, ap_fixed<16, 6, 5, 3, 0>, config10> : data_10_val | {1 }
	Port: dense_latency<ap_ufixed<2, 0, 4, 0, 0>, ap_fixed<16, 6, 5, 3, 0>, config10> : data_11_val | {1 }
	Port: dense_latency<ap_ufixed<2, 0, 4, 0, 0>, ap_fixed<16, 6, 5, 3, 0>, config10> : data_12_val | {1 }
	Port: dense_latency<ap_ufixed<2, 0, 4, 0, 0>, ap_fixed<16, 6, 5, 3, 0>, config10> : data_13_val | {1 }
	Port: dense_latency<ap_ufixed<2, 0, 4, 0, 0>, ap_fixed<16, 6, 5, 3, 0>, config10> : data_14_val | {1 }
	Port: dense_latency<ap_ufixed<2, 0, 4, 0, 0>, ap_fixed<16, 6, 5, 3, 0>, config10> : data_15_val | {1 }
	Port: dense_latency<ap_ufixed<2, 0, 4, 0, 0>, ap_fixed<16, 6, 5, 3, 0>, config10> : data_16_val | {1 }
	Port: dense_latency<ap_ufixed<2, 0, 4, 0, 0>, ap_fixed<16, 6, 5, 3, 0>, config10> : data_17_val | {1 }
	Port: dense_latency<ap_ufixed<2, 0, 4, 0, 0>, ap_fixed<16, 6, 5, 3, 0>, config10> : data_18_val | {1 }
	Port: dense_latency<ap_ufixed<2, 0, 4, 0, 0>, ap_fixed<16, 6, 5, 3, 0>, config10> : data_19_val | {1 }
  - Chain level:
	State 1
		sub_ln73 : 1
		sub_ln73_35 : 1
		sub_ln73_38 : 1
		sub_ln73_39 : 1
		sub_ln73_41 : 1
		sub_ln73_43 : 1
		sub_ln73_44 : 1
		sub_ln73_45 : 1
		sub_ln73_46 : 1
		sub_ln73_47 : 1
		sub_ln73_48 : 1
		tmp15 : 1
		tmp4013 : 1
		sum : 1
		sum_cast : 2
		tmp4311 : 3
		tmp459 : 1
	State 2
		shl_ln42_64_cast : 1
		zext_ln73 : 1
		shl_ln42_67_cast : 1
		zext_ln73_27 : 1
		zext_ln73_28 : 1
		sub_ln73_36 : 1
		shl_ln42_66 : 2
		shl_ln42_69_cast : 3
		shl_ln42_70_cast79 : 1
		shl_ln42_70_cast : 1
		shl_ln42_71_cast : 1
		shl_ln42_69 : 1
		shl_ln42_69_cast2 : 2
		shl_ln42_72_cast : 2
		zext_ln73_29 : 1
		zext_ln73_30 : 1
		shl_ln42_74_cast : 1
		shl_ln42_75_cast : 1
		zext_ln73_31 : 1
		zext_ln73_32 : 1
		sub_ln73_40 : 1
		shl_ln42_74 : 2
		shl_ln42_77_cast88 : 3
		shl_ln42_77_cast : 3
		zext_ln73_33 : 1
		shl_ln42_79_cast : 1
		zext_ln73_34 : 1
		sub_ln73_42 : 1
		shl_ln42_82_cast : 1
		zext_ln73_35 : 1
		shl_ln42_84_cast : 1
		sext_ln42 : 1
		sext_ln42_13 : 1
		shl_ln42_86_cast : 1
		zext_ln73_36 : 1
		zext_ln73_37 : 1
		sext_ln70 : 1
		shl_ln42_89_cast : 1
		shl_ln42_92_cast : 1
		zext_ln73_38 : 1
		add_ln58 : 2
		zext_ln58 : 3
		add_ln58_202 : 2
		sext_ln58 : 3
		add_ln58_203 : 2
		sext_ln58_155 : 3
		add_ln58_204 : 2
		sext_ln58_156 : 3
		add_ln58_205 : 4
		add_ln58_206 : 2
		add_ln58_207 : 2
		zext_ln58_26 : 3
		add_ln58_208 : 4
		add_ln58_210 : 2
		add_ln58_211 : 2
		add_ln58_213 : 2
		add_ln58_214 : 2
		sext_ln58_166 : 1
		add_ln58_218 : 4
		add_ln58_219 : 2
		sext_ln58_164 : 3
		add_ln58_220 : 4
		sext_ln58_167 : 3
		add_ln58_222 : 4
		add_ln58_223 : 2
		sext_ln58_185 : 3
		add_ln58_224 : 4
		zext_ln58_28 : 1
		add_ln58_227 : 2
		add_ln58_228 : 2
		sext_ln58_170 : 3
		add_ln58_229 : 4
		add_ln58_231 : 2
		add_ln58_232 : 2
		add_ln58_233 : 3
		add_ln58_236 : 4
		add_ln58_237 : 2
		add_ln58_238 : 3
		add_ln58_240 : 2
		sext_ln58_179 : 3
		add_ln58_241 : 4
		add_ln58_242 : 2
		sext_ln58_181 : 3
		add_ln58_243 : 4
		sext_ln58_190 : 1
		add_ln58_245 : 4
		add_ln58_246 : 4
		add_ln58_248 : 2
		add_ln58_249 : 2
		sext_ln58_186 : 3
		add_ln58_250 : 4
		sext_ln58_202 : 1
		add_ln58_253 : 4
		add_ln58_254 : 2
		sext_ln58_204 : 3
		add_ln58_255 : 4
		add_ln58_257 : 2
		add_ln58_258 : 2
		zext_ln58_31 : 3
		add_ln58_259 : 4
		add_ln58_262 : 4
		add_ln58_263 : 2
		add_ln58_266 : 2
		add_ln58_267 : 2
		sext_ln58_195 : 3
		add_ln58_268 : 4
	State 3
		shl_ln42_81_cast : 1
		add_ln58_209 : 1
		add_ln58_215 : 2
		add_ln58_216 : 3
		add_ln58_221 : 1
		sext_ln58_168 : 2
		add_ln58_225 : 1
		sext_ln58_188 : 2
		add_ln58_226 : 3
		add_ln58_230 : 1
		sext_ln58_172 : 2
		add_ln58_234 : 1
		sext_ln58_174 : 2
		add_ln58_235 : 3
		add_ln58_239 : 1
		add_ln58_244 : 1
		add_ln58_247 : 1
		sext_ln58_198 : 2
		add_ln58_251 : 1
		sext_ln58_201 : 2
		add_ln58_252 : 3
		add_ln58_256 : 1
		sext_ln58_206 : 2
		add_ln58_260 : 1
		sext_ln58_207 : 2
		add_ln58_261 : 3
		add_ln58_264 : 1
		add_ln58_265 : 2
		add_ln58_269 : 1
	State 4
		add_ln58_212 : 1
		add_ln58_217 : 2
		add_ln58_240_cast : 3
		add_ln58_270 : 1
		sext_ln68 : 2
		mrv : 1
		mrv_1 : 2
		mrv_2 : 3
		mrv_3 : 4
		mrv_4 : 5
		mrv_5 : 6
		mrv_6 : 7
		mrv_7 : 8
		mrv_8 : 9
		ret_ln68 : 10


============================================================
+ Verbose Summary: Datapath Resource usage 
============================================================

* Functional unit list:
|----------|------------------------------|---------|---------|
| Operation|        Functional Unit       |    FF   |   LUT   |
|----------|------------------------------|---------|---------|
|          |        tmp4013_fu_324        |    0    |    10   |
|          |          sum_fu_330          |    0    |    10   |
|          |        add_ln58_fu_730       |    0    |    14   |
|          |      add_ln58_202_fu_740     |    0    |    13   |
|          |      add_ln58_203_fu_750     |    0    |    13   |
|          |      add_ln58_204_fu_760     |    0    |    13   |
|          |      add_ln58_205_fu_770     |    0    |    13   |
|          |      add_ln58_206_fu_776     |    0    |    13   |
|          |      add_ln58_207_fu_782     |    0    |    14   |
|          |      add_ln58_208_fu_792     |    0    |    12   |
|          |      add_ln58_210_fu_798     |    0    |    13   |
|          |      add_ln58_211_fu_804     |    0    |    14   |
|          |      add_ln58_213_fu_810     |    0    |    13   |
|          |      add_ln58_214_fu_816     |    0    |    13   |
|          |      add_ln58_218_fu_833     |    0    |    13   |
|          |      add_ln58_219_fu_839     |    0    |    13   |
|          |      add_ln58_220_fu_849     |    0    |    13   |
|          |      add_ln58_222_fu_859     |    0    |    12   |
|          |      add_ln58_223_fu_865     |    0    |    13   |
|          |      add_ln58_224_fu_875     |    0    |    13   |
|          |      add_ln58_227_fu_892     |    0    |    14   |
|          |      add_ln58_228_fu_898     |    0    |    13   |
|          |      add_ln58_229_fu_908     |    0    |    13   |
|          |      add_ln58_231_fu_914     |    0    |    14   |
|          |      add_ln58_232_fu_920     |    0    |    10   |
|          |      add_ln58_233_fu_926     |    0    |    11   |
|          |      add_ln58_236_fu_932     |    0    |    13   |
|          |      add_ln58_237_fu_938     |    0    |    10   |
|          |      add_ln58_238_fu_944     |    0    |    11   |
|          |      add_ln58_240_fu_950     |    0    |    13   |
|          |      add_ln58_241_fu_960     |    0    |    13   |
|          |      add_ln58_242_fu_966     |    0    |    13   |
|          |      add_ln58_243_fu_976     |    0    |    13   |
|          |      add_ln58_245_fu_993     |    0    |    13   |
|          |      add_ln58_246_fu_999     |    0    |    13   |
|    add   |     add_ln58_248_fu_1005     |    0    |    12   |
|          |     add_ln58_249_fu_1011     |    0    |    13   |
|          |     add_ln58_250_fu_1021     |    0    |    13   |
|          |     add_ln58_253_fu_1038     |    0    |    13   |
|          |     add_ln58_254_fu_1044     |    0    |    13   |
|          |     add_ln58_255_fu_1054     |    0    |    12   |
|          |     add_ln58_257_fu_1060     |    0    |    13   |
|          |     add_ln58_258_fu_1066     |    0    |    14   |
|          |     add_ln58_259_fu_1076     |    0    |    13   |
|          |     add_ln58_262_fu_1082     |    0    |    13   |
|          |     add_ln58_263_fu_1088     |    0    |    13   |
|          |     add_ln58_266_fu_1094     |    0    |    13   |
|          |     add_ln58_267_fu_1100     |    0    |    13   |
|          |     add_ln58_268_fu_1110     |    0    |    13   |
|          |     add_ln58_209_fu_1133     |    0    |    12   |
|          |     add_ln58_215_fu_1145     |    0    |    11   |
|          |     add_ln58_216_fu_1151     |    0    |    12   |
|          |     add_ln58_221_fu_1163     |    0    |    12   |
|          |     add_ln58_225_fu_1179     |    0    |    12   |
|          |     add_ln58_226_fu_1189     |    0    |    14   |
|          |     add_ln58_230_fu_1201     |    0    |    12   |
|          |     add_ln58_234_fu_1217     |    0    |    12   |
|          |     add_ln58_235_fu_1227     |    0    |    12   |
|          |     add_ln58_239_fu_1239     |    0    |    12   |
|          |     add_ln58_244_fu_1251     |    0    |    12   |
|          |     add_ln58_247_fu_1263     |    0    |    12   |
|          |     add_ln58_251_fu_1279     |    0    |    12   |
|          |     add_ln58_252_fu_1289     |    0    |    14   |
|          |     add_ln58_256_fu_1301     |    0    |    12   |
|          |     add_ln58_260_fu_1317     |    0    |    12   |
|          |     add_ln58_261_fu_1327     |    0    |    14   |
|          |     add_ln58_264_fu_1339     |    0    |    11   |
|          |     add_ln58_265_fu_1344     |    0    |    12   |
|          |     add_ln58_269_fu_1356     |    0    |    12   |
|          |     add_ln58_212_fu_1371     |    0    |    10   |
|          |     add_ln58_217_fu_1377     |    0    |    12   |
|          |     add_ln58_270_fu_1410     |    0    |    12   |
|----------|------------------------------|---------|---------|
|          |        sub_ln73_fu_192       |    0    |    10   |
|          |      sub_ln73_35_fu_202      |    0    |    10   |
|          |      sub_ln73_38_fu_228      |    0    |    10   |
|          |      sub_ln73_39_fu_238      |    0    |    10   |
|          |      sub_ln73_41_fu_248      |    0    |    10   |
|          |      sub_ln73_43_fu_258      |    0    |    10   |
|          |      sub_ln73_44_fu_272      |    0    |    10   |
|          |      sub_ln73_45_fu_282      |    0    |    10   |
|    sub   |      sub_ln73_46_fu_292      |    0    |    10   |
|          |      sub_ln73_47_fu_302      |    0    |    10   |
|          |      sub_ln73_48_fu_312      |    0    |    10   |
|          |         tmp15_fu_318         |    0    |    10   |
|          |        tmp4311_fu_344        |    0    |    11   |
|          |         tmp459_fu_350        |    0    |    10   |
|          |      sub_ln73_36_fu_421      |    0    |    10   |
|          |      sub_ln73_37_fu_465      |    0    |    10   |
|          |      sub_ln73_40_fu_541      |    0    |    10   |
|          |      sub_ln73_42_fu_599      |    0    |    10   |
|----------|------------------------------|---------|---------|
|          |  data_19_val_read_read_fu_68 |    0    |    0    |
|          |  data_18_val_read_read_fu_74 |    0    |    0    |
|          |  data_17_val_read_read_fu_80 |    0    |    0    |
|          |  data_16_val_read_read_fu_86 |    0    |    0    |
|          |  data_15_val_read_read_fu_92 |    0    |    0    |
|          |  data_14_val_read_read_fu_98 |    0    |    0    |
|          | data_13_val_read_read_fu_104 |    0    |    0    |
|          | data_12_val_read_read_fu_110 |    0    |    0    |
|          | data_11_val_read_read_fu_116 |    0    |    0    |
|   read   | data_10_val_read_read_fu_122 |    0    |    0    |
|          |  data_9_val_read_read_fu_128 |    0    |    0    |
|          |  data_8_val_read_read_fu_134 |    0    |    0    |
|          |  data_7_val_read_read_fu_140 |    0    |    0    |
|          |  data_6_val_read_read_fu_146 |    0    |    0    |
|          |  data_5_val_read_read_fu_152 |    0    |    0    |
|          |  data_4_val_read_read_fu_158 |    0    |    0    |
|          |  data_3_val_read_read_fu_164 |    0    |    0    |
|          |  data_2_val_read_read_fu_170 |    0    |    0    |
|          |  data_1_val_read_read_fu_176 |    0    |    0    |
|          |  data_0_val_read_read_fu_182 |    0    |    0    |
|----------|------------------------------|---------|---------|
|          |       zext_ln70_fu_188       |    0    |    0    |
|          |      zext_ln70_39_fu_198     |    0    |    0    |
|          |      zext_ln70_40_fu_208     |    0    |    0    |
|          |      zext_ln70_42_fu_212     |    0    |    0    |
|          |      zext_ln70_43_fu_216     |    0    |    0    |
|          |      zext_ln70_44_fu_220     |    0    |    0    |
|          |      zext_ln70_45_fu_224     |    0    |    0    |
|          |      zext_ln70_46_fu_234     |    0    |    0    |
|          |      zext_ln70_48_fu_244     |    0    |    0    |
|          |      zext_ln70_50_fu_254     |    0    |    0    |
|          |      zext_ln70_51_fu_264     |    0    |    0    |
|          |      zext_ln70_52_fu_268     |    0    |    0    |
|          |      zext_ln70_53_fu_278     |    0    |    0    |
|          |      zext_ln70_54_fu_288     |    0    |    0    |
|          |      zext_ln70_55_fu_298     |    0    |    0    |
|          |      zext_ln70_56_fu_308     |    0    |    0    |
|          |        sum_cast_fu_336       |    0    |    0    |
|          |   data_12_val_cast87_fu_340  |    0    |    0    |
|          |    shl_ln42_64_cast_fu_370   |    0    |    0    |
|          |       zext_ln73_fu_381       |    0    |    0    |
|          |    shl_ln42_67_cast_fu_399   |    0    |    0    |
|          |      zext_ln70_41_fu_403     |    0    |    0    |
|          |      zext_ln73_27_fu_413     |    0    |    0    |
|          |      zext_ln73_28_fu_417     |    0    |    0    |
|   zext   |   shl_ln42_70_cast79_fu_446  |    0    |    0    |
|          |    shl_ln42_70_cast_fu_450   |    0    |    0    |
|          |    shl_ln42_71_cast_fu_461   |    0    |    0    |
|          |      zext_ln73_29_fu_493     |    0    |    0    |
|          |      zext_ln73_30_fu_497     |    0    |    0    |
|          |      zext_ln70_47_fu_523     |    0    |    0    |
|          |      zext_ln73_31_fu_533     |    0    |    0    |
|          |      zext_ln73_32_fu_537     |    0    |    0    |
|          |      zext_ln73_33_fu_570     |    0    |    0    |
|          |      zext_ln70_49_fu_585     |    0    |    0    |
|          |      zext_ln73_34_fu_595     |    0    |    0    |
|          |      zext_ln73_35_fu_623     |    0    |    0    |
|          |    shl_ln42_86_cast_fu_660   |    0    |    0    |
|          |      zext_ln73_36_fu_671     |    0    |    0    |
|          |      zext_ln73_37_fu_675     |    0    |    0    |
|          |    shl_ln42_89_cast_fu_697   |    0    |    0    |
|          |      zext_ln73_38_fu_719     |    0    |    0    |
|          |       zext_ln58_fu_736       |    0    |    0    |
|          |      zext_ln58_26_fu_788     |    0    |    0    |
|          |      zext_ln58_28_fu_888     |    0    |    0    |
|          |     zext_ln58_31_fu_1072     |    0    |    0    |
|          |     zext_ln58_29_fu_1195     |    0    |    0    |
|          |     zext_ln58_30_fu_1211     |    0    |    0    |
|          |     zext_ln58_32_fu_1314     |    0    |    0    |
|          |     zext_ln58_27_fu_1368     |    0    |    0    |
|----------|------------------------------|---------|---------|
|          |         shl_ln_fu_356        |    0    |    0    |
|          |       shl_ln42_s_fu_363      |    0    |    0    |
|          |      shl_ln42_62_fu_374      |    0    |    0    |
|          |      shl_ln42_63_fu_385      |    0    |    0    |
|          |      shl_ln42_64_fu_392      |    0    |    0    |
|          |      shl_ln42_65_fu_406      |    0    |    0    |
|          |      shl_ln42_66_fu_427      |    0    |    0    |
|          |      shl_ln42_67_fu_439      |    0    |    0    |
|          |      shl_ln42_68_fu_454      |    0    |    0    |
|          |      shl_ln42_69_fu_470      |    0    |    0    |
|          |      shl_ln42_70_fu_486      |    0    |    0    |
|          |      shl_ln42_71_fu_501      |    0    |    0    |
|          |      shl_ln42_72_fu_512      |    0    |    0    |
|          |      shl_ln42_73_fu_526      |    0    |    0    |
|          |      shl_ln42_74_fu_547      |    0    |    0    |
|          |      shl_ln42_75_fu_563      |    0    |    0    |
|bitconcatenate|      shl_ln42_76_fu_574      |    0    |    0    |
|          |      shl_ln42_77_fu_588      |    0    |    0    |
|          |      shl_ln42_79_fu_605      |    0    |    0    |
|          |      shl_ln42_80_fu_616      |    0    |    0    |
|          |      shl_ln42_81_fu_627      |    0    |    0    |
|          |      shl_ln42_82_fu_638      |    0    |    0    |
|          |      shl_ln42_83_fu_653      |    0    |    0    |
|          |      shl_ln42_84_fu_664      |    0    |    0    |
|          |      shl_ln42_85_fu_679      |    0    |    0    |
|          |      shl_ln42_86_fu_690      |    0    |    0    |
|          |      shl_ln42_87_fu_701      |    0    |    0    |
|          |      shl_ln42_88_fu_712      |    0    |    0    |
|          |      shl_ln42_89_fu_723      |    0    |    0    |
|          |          tmp_fu_822          |    0    |    0    |
|          |          tmp6_fu_881         |    0    |    0    |
|          |         tmp_7_fu_982         |    0    |    0    |
|          |         tmp_8_fu_1027        |    0    |    0    |
|          |      shl_ln42_78_fu_1116     |    0    |    0    |
|----------|------------------------------|---------|---------|
|          |    shl_ln42_69_cast_fu_435   |    0    |    0    |
|          |   shl_ln42_69_cast2_fu_478   |    0    |    0    |
|          |    shl_ln42_72_cast_fu_482   |    0    |    0    |
|          |    shl_ln42_74_cast_fu_508   |    0    |    0    |
|          |    shl_ln42_75_cast_fu_519   |    0    |    0    |
|          |   shl_ln42_77_cast88_fu_555  |    0    |    0    |
|          |    shl_ln42_77_cast_fu_559   |    0    |    0    |
|          |    shl_ln42_79_cast_fu_581   |    0    |    0    |
|          |    shl_ln42_82_cast_fu_612   |    0    |    0    |
|          |    shl_ln42_84_cast_fu_634   |    0    |    0    |
|          |       sext_ln42_fu_645       |    0    |    0    |
|          |      sext_ln42_13_fu_649     |    0    |    0    |
|          |       sext_ln70_fu_686       |    0    |    0    |
|          |    shl_ln42_92_cast_fu_708   |    0    |    0    |
|          |       sext_ln58_fu_746       |    0    |    0    |
|          |     sext_ln58_155_fu_756     |    0    |    0    |
|          |     sext_ln58_156_fu_766     |    0    |    0    |
|          |     sext_ln58_166_fu_829     |    0    |    0    |
|          |     sext_ln58_164_fu_845     |    0    |    0    |
|          |     sext_ln58_167_fu_855     |    0    |    0    |
|          |     sext_ln58_185_fu_871     |    0    |    0    |
|          |     sext_ln58_170_fu_904     |    0    |    0    |
|          |     sext_ln58_179_fu_956     |    0    |    0    |
|          |     sext_ln58_181_fu_972     |    0    |    0    |
|          |     sext_ln58_190_fu_989     |    0    |    0    |
|          |     sext_ln58_186_fu_1017    |    0    |    0    |
|          |     sext_ln58_202_fu_1034    |    0    |    0    |
|          |     sext_ln58_204_fu_1050    |    0    |    0    |
|          |     sext_ln58_195_fu_1106    |    0    |    0    |
|          |   shl_ln42_81_cast_fu_1123   |    0    |    0    |
|          |     sext_ln58_157_fu_1127    |    0    |    0    |
|          |     sext_ln58_158_fu_1130    |    0    |    0    |
|          |     sext_ln58_161_fu_1139    |    0    |    0    |
|          |     sext_ln58_162_fu_1142    |    0    |    0    |
|          |     sext_ln58_163_fu_1157    |    0    |    0    |
|          |     sext_ln58_165_fu_1160    |    0    |    0    |
|          |     sext_ln58_168_fu_1169    |    0    |    0    |
|   sext   |     sext_ln58_169_fu_1173    |    0    |    0    |
|          |     sext_ln58_187_fu_1176    |    0    |    0    |
|          |     sext_ln58_188_fu_1185    |    0    |    0    |
|          |     sext_ln58_171_fu_1198    |    0    |    0    |
|          |     sext_ln58_172_fu_1207    |    0    |    0    |
|          |     sext_ln58_173_fu_1214    |    0    |    0    |
|          |     sext_ln58_174_fu_1223    |    0    |    0    |
|          |     sext_ln58_176_fu_1233    |    0    |    0    |
|          |     sext_ln58_177_fu_1236    |    0    |    0    |
|          |     sext_ln58_180_fu_1245    |    0    |    0    |
|          |     sext_ln58_182_fu_1248    |    0    |    0    |
|          |     sext_ln58_183_fu_1257    |    0    |    0    |
|          |     sext_ln58_184_fu_1260    |    0    |    0    |
|          |     sext_ln58_198_fu_1269    |    0    |    0    |
|          |     sext_ln58_199_fu_1273    |    0    |    0    |
|          |     sext_ln58_200_fu_1276    |    0    |    0    |
|          |     sext_ln58_201_fu_1285    |    0    |    0    |
|          |     sext_ln58_203_fu_1295    |    0    |    0    |
|          |     sext_ln58_205_fu_1298    |    0    |    0    |
|          |     sext_ln58_206_fu_1307    |    0    |    0    |
|          |     sext_ln58_189_fu_1311    |    0    |    0    |
|          |     sext_ln58_207_fu_1323    |    0    |    0    |
|          |     sext_ln58_191_fu_1333    |    0    |    0    |
|          |     sext_ln58_192_fu_1336    |    0    |    0    |
|          |     sext_ln58_194_fu_1350    |    0    |    0    |
|          |     sext_ln58_196_fu_1353    |    0    |    0    |
|          |     sext_ln58_159_fu_1362    |    0    |    0    |
|          |     sext_ln58_160_fu_1365    |    0    |    0    |
|          |   add_ln58_240_cast_fu_1382  |    0    |    0    |
|          |   add_ln58_226_cast_fu_1386  |    0    |    0    |
|          |     sext_ln58_175_fu_1389    |    0    |    0    |
|          |     sext_ln58_178_fu_1392    |    0    |    0    |
|          |   add_ln58_261_cast_fu_1395  |    0    |    0    |
|          |   add_ln58_252_cast_fu_1398  |    0    |    0    |
|          |     sext_ln58_208_fu_1401    |    0    |    0    |
|          |     sext_ln58_193_fu_1404    |    0    |    0    |
|          |     sext_ln58_197_fu_1407    |    0    |    0    |
|          |       sext_ln68_fu_1416      |    0    |    0    |
|----------|------------------------------|---------|---------|
|          |          mrv_fu_1420         |    0    |    0    |
|          |         mrv_1_fu_1426        |    0    |    0    |
|          |         mrv_2_fu_1432        |    0    |    0    |
|          |         mrv_3_fu_1438        |    0    |    0    |
|insertvalue|         mrv_4_fu_1444        |    0    |    0    |
|          |         mrv_5_fu_1450        |    0    |    0    |
|          |         mrv_6_fu_1456        |    0    |    0    |
|          |         mrv_7_fu_1462        |    0    |    0    |
|          |         mrv_8_fu_1468        |    0    |    0    |
|----------|------------------------------|---------|---------|
|   Total  |                              |    0    |   1082  |
|----------|------------------------------|---------|---------|

Memories:
N/A

* Register list:
+--------------------------+--------+
|                          |   FF   |
+--------------------------+--------+
|   add_ln58_205_reg_1642  |   11   |
|   add_ln58_208_reg_1647  |   11   |
|   add_ln58_209_reg_1792  |   12   |
|   add_ln58_210_reg_1652  |   10   |
|   add_ln58_211_reg_1657  |   10   |
|   add_ln58_213_reg_1662  |   10   |
|   add_ln58_214_reg_1667  |   11   |
|   add_ln58_216_reg_1797  |   12   |
|   add_ln58_218_reg_1672  |   11   |
|   add_ln58_220_reg_1677  |   11   |
|   add_ln58_222_reg_1682  |   12   |
|   add_ln58_224_reg_1687  |   11   |
|   add_ln58_226_reg_1802  |   14   |
|   add_ln58_227_reg_1692  |   10   |
|   add_ln58_229_reg_1697  |   11   |
|   add_ln58_231_reg_1702  |   10   |
|   add_ln58_233_reg_1707  |   11   |
|   add_ln58_235_reg_1807  |   13   |
|   add_ln58_236_reg_1712  |   11   |
|   add_ln58_238_reg_1717  |   11   |
|   add_ln58_239_reg_1812  |   12   |
|   add_ln58_241_reg_1722  |   11   |
|   add_ln58_243_reg_1727  |   11   |
|   add_ln58_244_reg_1817  |   12   |
|   add_ln58_245_reg_1732  |   11   |
|   add_ln58_246_reg_1737  |   11   |
|   add_ln58_248_reg_1742  |   12   |
|   add_ln58_250_reg_1747  |   11   |
|   add_ln58_252_reg_1822  |   14   |
|   add_ln58_253_reg_1752  |   11   |
|   add_ln58_255_reg_1757  |   12   |
|   add_ln58_257_reg_1762  |   10   |
|   add_ln58_259_reg_1767  |   11   |
|   add_ln58_261_reg_1827  |   14   |
|   add_ln58_262_reg_1772  |   11   |
|   add_ln58_263_reg_1777  |   11   |
|   add_ln58_265_reg_1832  |   12   |
|   add_ln58_266_reg_1782  |   10   |
|   add_ln58_268_reg_1787  |   11   |
|   add_ln58_269_reg_1837  |   12   |
| data_0_val_read_reg_1547 |    2   |
| data_10_val_read_reg_1505|    2   |
| data_11_val_read_reg_1499|    2   |
| data_13_val_read_reg_1494|    2   |
| data_15_val_read_reg_1489|    2   |
| data_16_val_read_reg_1484|    2   |
| data_17_val_read_reg_1479|    2   |
| data_19_val_read_reg_1474|    2   |
| data_1_val_read_reg_1542 |    2   |
| data_2_val_read_reg_1537 |    2   |
| data_3_val_read_reg_1531 |    2   |
| data_4_val_read_reg_1526 |    2   |
| data_5_val_read_reg_1521 |    2   |
| data_7_val_read_reg_1516 |    2   |
| data_9_val_read_reg_1510 |    2   |
|shl_ln42_69_cast2_reg_1632|   12   |
|   sub_ln73_35_reg_1557   |    3   |
|   sub_ln73_38_reg_1567   |    3   |
|   sub_ln73_39_reg_1572   |    3   |
|   sub_ln73_41_reg_1577   |    3   |
|   sub_ln73_42_reg_1637   |    3   |
|   sub_ln73_43_reg_1582   |    3   |
|   sub_ln73_44_reg_1587   |    3   |
|   sub_ln73_45_reg_1592   |    3   |
|   sub_ln73_46_reg_1597   |    3   |
|   sub_ln73_47_reg_1602   |    3   |
|   sub_ln73_48_reg_1607   |    3   |
|     sub_ln73_reg_1552    |    3   |
|      tmp15_reg_1612      |    3   |
|     tmp4013_reg_1617     |    3   |
|     tmp4311_reg_1622     |    4   |
|      tmp459_reg_1627     |    3   |
|   zext_ln70_44_reg_1562  |    3   |
+--------------------------+--------+
|           Total          |   547  |
+--------------------------+--------+

* Multiplexer (MUX) list: 
|--------|------|------|------|--------|
|  Comp  |  Pin | Size |  BW  | S x BW |
|--------|------|------|------|--------|
|  Total |      |      |      |    0   |
|--------|------|------|------|--------|



* Summary:
+-----------+--------+--------+
|           |   FF   |   LUT  |
+-----------+--------+--------+
|  Function |    0   |  1082  |
|   Memory  |    -   |    -   |
|Multiplexer|    -   |    -   |
|  Register |   547  |    -   |
+-----------+--------+--------+
|   Total   |   547  |  1082  |
+-----------+--------+--------+
