

================================================================
== Vitis HLS Report for 'dense_latency_ap_fixed_16_6_5_3_0_ap_fixed_16_6_5_3_0_config2_s'
================================================================
* Date:           Fri Oct 17 13:15:29 2025

* Version:        2024.1 (Build 5069499 on May 21 2024)
* Project:        myproject_prj
* Solution:       solution1 (Vivado IP Flow Target)
* Product family: virtexuplus
* Target device:  xcvu13p-flga2577-2-e


================================================================
== Performance Estimates
================================================================
+ Timing: 
    * Summary: 
    +--------+---------+----------+------------+
    |  Clock |  Target | Estimated| Uncertainty|
    +--------+---------+----------+------------+
    |ap_clk  |  5.00 ns|  3.735 ns|     0.62 ns|
    +--------+---------+----------+------------+

+ Latency: 
    * Summary: 
    +---------+---------+----------+----------+-----+-----+---------+
    |  Latency (cycles) |  Latency (absolute) |  Interval | Pipeline|
    |   min   |   max   |    min   |    max   | min | max |   Type  |
    +---------+---------+----------+----------+-----+-----+---------+
    |        0|        0|      0 ns|      0 ns|    1|    1|      yes|
    +---------+---------+----------+----------+-----+-----+---------+

    + Detail: 
        * Instance: 
        N/A

        * Loop: 
        N/A

============================================================
+ Verbose Summary: Synthesis Manager
============================================================
InlineROM: 1
ExposeGlobal: 0
============================================================
+ Verbose Summary: CDFG Model
============================================================
IsTopModel: 0
ResetActiveHigh: 1
IsCombinational: 0
IsDatapathOnly: 0
HasWiredReturn: 1
HasMFsm: 2
HasVarLatency: 0
IsPipeline: 1
IsRtlPipelined: 0
IsInstanceOverlapped: 0
IsDontTouch: 0
HasImplIP: 0
IsGatedGlobalClock: 0

+ Individual pipeline summary: 
  * Pipeline-0: initiation interval (II) = 1, depth = 1


============================================================
+ Verbose Summary: Schedule
============================================================
* Number of FSM states : 1
* Pipeline : 1
  Pipeline-0 : II = 1, D = 1, States = { 1 }
* Dataflow Pipeline: 0

* FSM state transitions: 
1 --> 

* FSM state operations: 

State 1 <SV = 0> <Delay = 3.73>
ST_1 : Operation 2 [1/1] (0.00ns)   --->   "%specpipeline_ln33 = specpipeline void @_ssdm_op_SpecPipeline, i32 1, i32 0, i32 0, i32 0, void @empty_0" [firmware/nnet_utils/nnet_dense_latency.h:33]   --->   Operation 2 'specpipeline' 'specpipeline_ln33' <Predicate = true> <Delay = 0.00>
ST_1 : Operation 3 [1/1] (0.00ns)   --->   "%specresourcelimit_ln33 = specresourcelimit void @_ssdm_op_SpecResourceLimit, i64 841, void @empty_1, void @empty_0, void @empty_0, void @empty_0" [firmware/nnet_utils/nnet_dense_latency.h:33]   --->   Operation 3 'specresourcelimit' 'specresourcelimit_ln33' <Predicate = true> <Delay = 0.00>
ST_1 : Operation 4 [1/1] (0.00ns)   --->   "%data_val_read = read i256 @_ssdm_op_Read.ap_auto.i256, i256 %data_val"   --->   Operation 4 'read' 'data_val_read' <Predicate = true> <Delay = 0.00>
ST_1 : Operation 5 [1/1] (0.00ns)   --->   "%a = trunc i256 %data_val_read"   --->   Operation 5 'trunc' 'a' <Predicate = true> <Delay = 0.00>
ST_1 : Operation 6 [1/1] (0.00ns)   --->   "%mult = partselect i13 @_ssdm_op_PartSelect.i13.i256.i32.i32, i256 %data_val_read, i32 3, i32 15" [firmware/nnet_utils/nnet_dense_latency.h:42]   --->   Operation 6 'partselect' 'mult' <Predicate = true> <Delay = 0.00>
ST_1 : Operation 7 [1/1] (0.00ns)   --->   "%sext_ln17 = sext i13 %mult" [firmware/nnet_utils/nnet_dense_latency.h:17]   --->   Operation 7 'sext' 'sext_ln17' <Predicate = true> <Delay = 0.00>
ST_1 : Operation 8 [1/1] (0.00ns)   --->   "%sext_ln17_41 = sext i13 %mult" [firmware/nnet_utils/nnet_dense_latency.h:17]   --->   Operation 8 'sext' 'sext_ln17_41' <Predicate = true> <Delay = 0.00>
ST_1 : Operation 9 [1/1] (0.00ns)   --->   "%sext_ln42_1 = sext i16 %a" [firmware/nnet_utils/nnet_dense_latency.h:42]   --->   Operation 9 'sext' 'sext_ln42_1' <Predicate = true> <Delay = 0.00>
ST_1 : Operation 10 [1/1] (0.00ns)   --->   "%sext_ln42_2 = sext i16 %a" [firmware/nnet_utils/nnet_dense_latency.h:42]   --->   Operation 10 'sext' 'sext_ln42_2' <Predicate = true> <Delay = 0.00>
ST_1 : Operation 11 [1/1] (0.00ns)   --->   "%mult_83 = partselect i14 @_ssdm_op_PartSelect.i14.i256.i32.i32, i256 %data_val_read, i32 2, i32 15" [firmware/nnet_utils/nnet_dense_latency.h:42]   --->   Operation 11 'partselect' 'mult_83' <Predicate = true> <Delay = 0.00>
ST_1 : Operation 12 [1/1] (0.00ns)   --->   "%sext_ln17_42 = sext i14 %mult_83" [firmware/nnet_utils/nnet_dense_latency.h:17]   --->   Operation 12 'sext' 'sext_ln17_42' <Predicate = true> <Delay = 0.00>
ST_1 : Operation 13 [1/1] (0.78ns)   --->   "%sub_ln73 = sub i17 0, i17 %sext_ln42_2" [firmware/nnet_utils/nnet_mult.h:73->firmware/nnet_utils/nnet_dense_latency.h:42]   --->   Operation 13 'sub' 'sub_ln73' <Predicate = true> <Delay = 0.78> <CoreInst = "Adder">   --->   Core 1 'Adder' <Latency = 0> <II = 1> <Delay = 0.78> <FuncUnit> <Opcode : 'add' 'sub'> <InPorts = 2> <OutPorts = 1>
ST_1 : Operation 14 [1/1] (0.00ns)   --->   "%mult_84 = partselect i14 @_ssdm_op_PartSelect.i14.i17.i32.i32, i17 %sub_ln73, i32 3, i32 16" [firmware/nnet_utils/nnet_dense_latency.h:42]   --->   Operation 14 'partselect' 'mult_84' <Predicate = true> <Delay = 0.00>
ST_1 : Operation 15 [1/1] (0.00ns)   --->   "%sext_ln42 = sext i14 %mult_84" [firmware/nnet_utils/nnet_dense_latency.h:42]   --->   Operation 15 'sext' 'sext_ln42' <Predicate = true> <Delay = 0.00>
ST_1 : Operation 16 [1/1] (0.00ns)   --->   "%sext_ln17_43 = sext i14 %mult_84" [firmware/nnet_utils/nnet_dense_latency.h:17]   --->   Operation 16 'sext' 'sext_ln17_43' <Predicate = true> <Delay = 0.00>
ST_1 : Operation 17 [1/1] (0.00ns)   --->   "%tmp = bitconcatenate i18 @_ssdm_op_BitConcatenate.i18.i16.i2, i16 %a, i2 0" [firmware/nnet_utils/nnet_mult.h:73->firmware/nnet_utils/nnet_dense_latency.h:42]   --->   Operation 17 'bitconcatenate' 'tmp' <Predicate = true> <Delay = 0.00>
ST_1 : Operation 18 [1/1] (0.00ns)   --->   "%sext_ln73_19 = sext i18 %tmp" [firmware/nnet_utils/nnet_mult.h:73->firmware/nnet_utils/nnet_dense_latency.h:42]   --->   Operation 18 'sext' 'sext_ln73_19' <Predicate = true> <Delay = 0.00>
ST_1 : Operation 19 [1/1] (0.79ns)   --->   "%sub_ln73_103 = sub i19 %sext_ln73_19, i19 %sext_ln42_1" [firmware/nnet_utils/nnet_mult.h:73->firmware/nnet_utils/nnet_dense_latency.h:42]   --->   Operation 19 'sub' 'sub_ln73_103' <Predicate = true> <Delay = 0.79> <CoreInst = "Adder">   --->   Core 1 'Adder' <Latency = 0> <II = 1> <Delay = 0.79> <FuncUnit> <Opcode : 'add' 'sub'> <InPorts = 2> <OutPorts = 1>
ST_1 : Operation 20 [1/1] (0.00ns)   --->   "%mult_85 = partselect i16 @_ssdm_op_PartSelect.i16.i19.i32.i32, i19 %sub_ln73_103, i32 3, i32 18" [firmware/nnet_utils/nnet_dense_latency.h:42]   --->   Operation 20 'partselect' 'mult_85' <Predicate = true> <Delay = 0.00>
ST_1 : Operation 21 [1/1] (0.00ns)   --->   "%tmp_403 = bitconcatenate i17 @_ssdm_op_BitConcatenate.i17.i16.i1, i16 %a, i1 0" [firmware/nnet_utils/nnet_mult.h:73->firmware/nnet_utils/nnet_dense_latency.h:42]   --->   Operation 21 'bitconcatenate' 'tmp_403' <Predicate = true> <Delay = 0.00>
ST_1 : Operation 22 [1/1] (0.00ns)   --->   "%sext_ln73_21 = sext i17 %tmp_403" [firmware/nnet_utils/nnet_mult.h:73->firmware/nnet_utils/nnet_dense_latency.h:42]   --->   Operation 22 'sext' 'sext_ln73_21' <Predicate = true> <Delay = 0.00>
ST_1 : Operation 23 [1/1] (0.79ns)   --->   "%sub_ln73_104 = sub i18 0, i18 %sext_ln73_21" [firmware/nnet_utils/nnet_mult.h:73->firmware/nnet_utils/nnet_dense_latency.h:42]   --->   Operation 23 'sub' 'sub_ln73_104' <Predicate = true> <Delay = 0.79> <CoreInst = "Adder">   --->   Core 1 'Adder' <Latency = 0> <II = 1> <Delay = 0.79> <FuncUnit> <Opcode : 'add' 'sub'> <InPorts = 2> <OutPorts = 1>
ST_1 : Operation 24 [1/1] (0.00ns)   --->   "%mult_86 = partselect i15 @_ssdm_op_PartSelect.i15.i18.i32.i32, i18 %sub_ln73_104, i32 3, i32 17" [firmware/nnet_utils/nnet_dense_latency.h:42]   --->   Operation 24 'partselect' 'mult_86' <Predicate = true> <Delay = 0.00>
ST_1 : Operation 25 [1/1] (0.00ns)   --->   "%sext_ln42_4 = sext i15 %mult_86" [firmware/nnet_utils/nnet_dense_latency.h:42]   --->   Operation 25 'sext' 'sext_ln42_4' <Predicate = true> <Delay = 0.00>
ST_1 : Operation 26 [1/1] (0.79ns)   --->   "%sub_ln73_105 = sub i19 %sext_ln42_1, i19 %sext_ln73_19" [firmware/nnet_utils/nnet_mult.h:73->firmware/nnet_utils/nnet_dense_latency.h:42]   --->   Operation 26 'sub' 'sub_ln73_105' <Predicate = true> <Delay = 0.79> <CoreInst = "Adder">   --->   Core 1 'Adder' <Latency = 0> <II = 1> <Delay = 0.79> <FuncUnit> <Opcode : 'add' 'sub'> <InPorts = 2> <OutPorts = 1>
ST_1 : Operation 27 [1/1] (0.00ns)   --->   "%mult_87 = partselect i16 @_ssdm_op_PartSelect.i16.i19.i32.i32, i19 %sub_ln73_105, i32 3, i32 18" [firmware/nnet_utils/nnet_dense_latency.h:42]   --->   Operation 27 'partselect' 'mult_87' <Predicate = true> <Delay = 0.00>
ST_1 : Operation 28 [1/1] (0.00ns)   --->   "%a_1 = partselect i16 @_ssdm_op_PartSelect.i16.i256.i32.i32, i256 %data_val_read, i32 16, i32 31"   --->   Operation 28 'partselect' 'a_1' <Predicate = true> <Delay = 0.00>
ST_1 : Operation 29 [1/1] (0.00ns)   --->   "%sext_ln42_5 = sext i16 %a_1" [firmware/nnet_utils/nnet_dense_latency.h:42]   --->   Operation 29 'sext' 'sext_ln42_5' <Predicate = true> <Delay = 0.00>
ST_1 : Operation 30 [1/1] (0.00ns)   --->   "%sext_ln42_6 = sext i16 %a_1" [firmware/nnet_utils/nnet_dense_latency.h:42]   --->   Operation 30 'sext' 'sext_ln42_6' <Predicate = true> <Delay = 0.00>
ST_1 : Operation 31 [1/1] (0.00ns)   --->   "%mult_88 = partselect i14 @_ssdm_op_PartSelect.i14.i256.i32.i32, i256 %data_val_read, i32 18, i32 31" [firmware/nnet_utils/nnet_dense_latency.h:42]   --->   Operation 31 'partselect' 'mult_88' <Predicate = true> <Delay = 0.00>
ST_1 : Operation 32 [1/1] (0.00ns)   --->   "%sext_ln42_7 = sext i14 %mult_88" [firmware/nnet_utils/nnet_dense_latency.h:42]   --->   Operation 32 'sext' 'sext_ln42_7' <Predicate = true> <Delay = 0.00>
ST_1 : Operation 33 [1/1] (0.00ns)   --->   "%sext_ln17_44 = sext i14 %mult_88" [firmware/nnet_utils/nnet_dense_latency.h:17]   --->   Operation 33 'sext' 'sext_ln17_44' <Predicate = true> <Delay = 0.00>
ST_1 : Operation 34 [1/1] (0.00ns)   --->   "%mult_89 = partselect i13 @_ssdm_op_PartSelect.i13.i256.i32.i32, i256 %data_val_read, i32 19, i32 31" [firmware/nnet_utils/nnet_dense_latency.h:42]   --->   Operation 34 'partselect' 'mult_89' <Predicate = true> <Delay = 0.00>
ST_1 : Operation 35 [1/1] (0.00ns)   --->   "%sext_ln42_8 = sext i13 %mult_89" [firmware/nnet_utils/nnet_dense_latency.h:42]   --->   Operation 35 'sext' 'sext_ln42_8' <Predicate = true> <Delay = 0.00>
ST_1 : Operation 36 [1/1] (0.00ns)   --->   "%sext_ln17_45 = sext i13 %mult_89" [firmware/nnet_utils/nnet_dense_latency.h:17]   --->   Operation 36 'sext' 'sext_ln17_45' <Predicate = true> <Delay = 0.00>
ST_1 : Operation 37 [1/1] (0.00ns)   --->   "%sext_ln17_46 = sext i13 %mult_89" [firmware/nnet_utils/nnet_dense_latency.h:17]   --->   Operation 37 'sext' 'sext_ln17_46' <Predicate = true> <Delay = 0.00>
ST_1 : Operation 38 [1/1] (0.78ns)   --->   "%sub_ln73_12 = sub i17 0, i17 %sext_ln42_6" [firmware/nnet_utils/nnet_mult.h:73->firmware/nnet_utils/nnet_dense_latency.h:42]   --->   Operation 38 'sub' 'sub_ln73_12' <Predicate = true> <Delay = 0.78> <CoreInst = "Adder">   --->   Core 1 'Adder' <Latency = 0> <II = 1> <Delay = 0.78> <FuncUnit> <Opcode : 'add' 'sub'> <InPorts = 2> <OutPorts = 1>
ST_1 : Operation 39 [1/1] (0.00ns)   --->   "%mult_90 = partselect i14 @_ssdm_op_PartSelect.i14.i17.i32.i32, i17 %sub_ln73_12, i32 3, i32 16" [firmware/nnet_utils/nnet_dense_latency.h:42]   --->   Operation 39 'partselect' 'mult_90' <Predicate = true> <Delay = 0.00>
ST_1 : Operation 40 [1/1] (0.00ns)   --->   "%sext_ln42_9 = sext i14 %mult_90" [firmware/nnet_utils/nnet_dense_latency.h:42]   --->   Operation 40 'sext' 'sext_ln42_9' <Predicate = true> <Delay = 0.00>
ST_1 : Operation 41 [1/1] (0.00ns)   --->   "%sext_ln17_47 = sext i14 %mult_90" [firmware/nnet_utils/nnet_dense_latency.h:17]   --->   Operation 41 'sext' 'sext_ln17_47' <Predicate = true> <Delay = 0.00>
ST_1 : Operation 42 [1/1] (0.00ns)   --->   "%p_shl26 = bitconcatenate i19 @_ssdm_op_BitConcatenate.i19.i16.i3, i16 %a_1, i3 0" [firmware/nnet_utils/nnet_dense_latency.h:42]   --->   Operation 42 'bitconcatenate' 'p_shl26' <Predicate = true> <Delay = 0.00>
ST_1 : Operation 43 [1/1] (0.80ns)   --->   "%sub_ln42 = sub i19 0, i19 %p_shl26" [firmware/nnet_utils/nnet_dense_latency.h:42]   --->   Operation 43 'sub' 'sub_ln42' <Predicate = true> <Delay = 0.80> <CoreInst = "Adder">   --->   Core 1 'Adder' <Latency = 0> <II = 1> <Delay = 0.80> <FuncUnit> <Opcode : 'add' 'sub'> <InPorts = 2> <OutPorts = 1>
ST_1 : Operation 44 [1/1] (0.00ns)   --->   "%mult_91 = partselect i16 @_ssdm_op_PartSelect.i16.i19.i32.i32, i19 %sub_ln42, i32 3, i32 18" [firmware/nnet_utils/nnet_dense_latency.h:42]   --->   Operation 44 'partselect' 'mult_91' <Predicate = true> <Delay = 0.00>
ST_1 : Operation 45 [1/1] (0.00ns)   --->   "%tmp_404 = bitconcatenate i18 @_ssdm_op_BitConcatenate.i18.i16.i2, i16 %a_1, i2 0" [firmware/nnet_utils/nnet_mult.h:73->firmware/nnet_utils/nnet_dense_latency.h:42]   --->   Operation 45 'bitconcatenate' 'tmp_404' <Predicate = true> <Delay = 0.00>
ST_1 : Operation 46 [1/1] (0.00ns)   --->   "%sext_ln73_26 = sext i18 %tmp_404" [firmware/nnet_utils/nnet_mult.h:73->firmware/nnet_utils/nnet_dense_latency.h:42]   --->   Operation 46 'sext' 'sext_ln73_26' <Predicate = true> <Delay = 0.00>
ST_1 : Operation 47 [1/1] (0.79ns)   --->   "%sub_ln73_106 = sub i19 %sext_ln73_26, i19 %sext_ln42_5" [firmware/nnet_utils/nnet_mult.h:73->firmware/nnet_utils/nnet_dense_latency.h:42]   --->   Operation 47 'sub' 'sub_ln73_106' <Predicate = true> <Delay = 0.79> <CoreInst = "Adder">   --->   Core 1 'Adder' <Latency = 0> <II = 1> <Delay = 0.79> <FuncUnit> <Opcode : 'add' 'sub'> <InPorts = 2> <OutPorts = 1>
ST_1 : Operation 48 [1/1] (0.00ns)   --->   "%mult_92 = partselect i16 @_ssdm_op_PartSelect.i16.i19.i32.i32, i19 %sub_ln73_106, i32 3, i32 18" [firmware/nnet_utils/nnet_dense_latency.h:42]   --->   Operation 48 'partselect' 'mult_92' <Predicate = true> <Delay = 0.00>
ST_1 : Operation 49 [1/1] (0.00ns)   --->   "%tmp_405 = bitconcatenate i17 @_ssdm_op_BitConcatenate.i17.i16.i1, i16 %a_1, i1 0" [firmware/nnet_utils/nnet_mult.h:73->firmware/nnet_utils/nnet_dense_latency.h:42]   --->   Operation 49 'bitconcatenate' 'tmp_405' <Predicate = true> <Delay = 0.00>
ST_1 : Operation 50 [1/1] (0.00ns)   --->   "%sext_ln73_30 = sext i17 %tmp_405" [firmware/nnet_utils/nnet_mult.h:73->firmware/nnet_utils/nnet_dense_latency.h:42]   --->   Operation 50 'sext' 'sext_ln73_30' <Predicate = true> <Delay = 0.00>
ST_1 : Operation 51 [1/1] (0.79ns)   --->   "%sub_ln73_107 = sub i18 0, i18 %sext_ln73_30" [firmware/nnet_utils/nnet_mult.h:73->firmware/nnet_utils/nnet_dense_latency.h:42]   --->   Operation 51 'sub' 'sub_ln73_107' <Predicate = true> <Delay = 0.79> <CoreInst = "Adder">   --->   Core 1 'Adder' <Latency = 0> <II = 1> <Delay = 0.79> <FuncUnit> <Opcode : 'add' 'sub'> <InPorts = 2> <OutPorts = 1>
ST_1 : Operation 52 [1/1] (0.00ns)   --->   "%mult_93 = partselect i15 @_ssdm_op_PartSelect.i15.i18.i32.i32, i18 %sub_ln73_107, i32 3, i32 17" [firmware/nnet_utils/nnet_dense_latency.h:42]   --->   Operation 52 'partselect' 'mult_93' <Predicate = true> <Delay = 0.00>
ST_1 : Operation 53 [1/1] (0.00ns)   --->   "%sext_ln42_10 = sext i15 %mult_93" [firmware/nnet_utils/nnet_dense_latency.h:42]   --->   Operation 53 'sext' 'sext_ln42_10' <Predicate = true> <Delay = 0.00>
ST_1 : Operation 54 [1/1] (0.79ns)   --->   "%sub_ln73_108 = sub i19 %sext_ln42_5, i19 %sext_ln73_26" [firmware/nnet_utils/nnet_mult.h:73->firmware/nnet_utils/nnet_dense_latency.h:42]   --->   Operation 54 'sub' 'sub_ln73_108' <Predicate = true> <Delay = 0.79> <CoreInst = "Adder">   --->   Core 1 'Adder' <Latency = 0> <II = 1> <Delay = 0.79> <FuncUnit> <Opcode : 'add' 'sub'> <InPorts = 2> <OutPorts = 1>
ST_1 : Operation 55 [1/1] (0.00ns)   --->   "%mult_94 = partselect i16 @_ssdm_op_PartSelect.i16.i19.i32.i32, i19 %sub_ln73_108, i32 3, i32 18" [firmware/nnet_utils/nnet_dense_latency.h:42]   --->   Operation 55 'partselect' 'mult_94' <Predicate = true> <Delay = 0.00>
ST_1 : Operation 56 [1/1] (0.00ns)   --->   "%a_2 = partselect i16 @_ssdm_op_PartSelect.i16.i256.i32.i32, i256 %data_val_read, i32 32, i32 47"   --->   Operation 56 'partselect' 'a_2' <Predicate = true> <Delay = 0.00>
ST_1 : Operation 57 [1/1] (0.00ns)   --->   "%sext_ln73 = sext i16 %a_2" [firmware/nnet_utils/nnet_mult.h:73->firmware/nnet_utils/nnet_dense_latency.h:42]   --->   Operation 57 'sext' 'sext_ln73' <Predicate = true> <Delay = 0.00>
ST_1 : Operation 58 [1/1] (0.00ns)   --->   "%sext_ln73_2 = sext i16 %a_2" [firmware/nnet_utils/nnet_mult.h:73->firmware/nnet_utils/nnet_dense_latency.h:42]   --->   Operation 58 'sext' 'sext_ln73_2' <Predicate = true> <Delay = 0.00>
ST_1 : Operation 59 [1/1] (0.00ns)   --->   "%p_shl27 = bitconcatenate i19 @_ssdm_op_BitConcatenate.i19.i16.i3, i16 %a_2, i3 0" [firmware/nnet_utils/nnet_dense_latency.h:42]   --->   Operation 59 'bitconcatenate' 'p_shl27' <Predicate = true> <Delay = 0.00>
ST_1 : Operation 60 [1/1] (0.00ns)   --->   "%tmp_406 = bitconcatenate i17 @_ssdm_op_BitConcatenate.i17.i16.i1, i16 %a_2, i1 0" [firmware/nnet_utils/nnet_dense_latency.h:42]   --->   Operation 60 'bitconcatenate' 'tmp_406' <Predicate = true> <Delay = 0.00>
ST_1 : Operation 61 [1/1] (0.00ns)   --->   "%sext_ln42_11 = sext i17 %tmp_406" [firmware/nnet_utils/nnet_dense_latency.h:42]   --->   Operation 61 'sext' 'sext_ln42_11' <Predicate = true> <Delay = 0.00>
ST_1 : Operation 62 [1/1] (0.80ns)   --->   "%sub_ln42_1 = sub i19 %sext_ln42_11, i19 %p_shl27" [firmware/nnet_utils/nnet_dense_latency.h:42]   --->   Operation 62 'sub' 'sub_ln42_1' <Predicate = true> <Delay = 0.80> <CoreInst = "Adder">   --->   Core 1 'Adder' <Latency = 0> <II = 1> <Delay = 0.80> <FuncUnit> <Opcode : 'add' 'sub'> <InPorts = 2> <OutPorts = 1>
ST_1 : Operation 63 [1/1] (0.00ns)   --->   "%mult_95 = partselect i16 @_ssdm_op_PartSelect.i16.i19.i32.i32, i19 %sub_ln42_1, i32 3, i32 18" [firmware/nnet_utils/nnet_dense_latency.h:42]   --->   Operation 63 'partselect' 'mult_95' <Predicate = true> <Delay = 0.00>
ST_1 : Operation 64 [1/1] (0.78ns)   --->   "%sub_ln73_13 = sub i17 0, i17 %sext_ln73_2" [firmware/nnet_utils/nnet_mult.h:73->firmware/nnet_utils/nnet_dense_latency.h:42]   --->   Operation 64 'sub' 'sub_ln73_13' <Predicate = true> <Delay = 0.78> <CoreInst = "Adder">   --->   Core 1 'Adder' <Latency = 0> <II = 1> <Delay = 0.78> <FuncUnit> <Opcode : 'add' 'sub'> <InPorts = 2> <OutPorts = 1>
ST_1 : Operation 65 [1/1] (0.00ns)   --->   "%mult_96 = partselect i14 @_ssdm_op_PartSelect.i14.i17.i32.i32, i17 %sub_ln73_13, i32 3, i32 16" [firmware/nnet_utils/nnet_dense_latency.h:42]   --->   Operation 65 'partselect' 'mult_96' <Predicate = true> <Delay = 0.00>
ST_1 : Operation 66 [1/1] (0.00ns)   --->   "%sext_ln42_12 = sext i14 %mult_96" [firmware/nnet_utils/nnet_dense_latency.h:42]   --->   Operation 66 'sext' 'sext_ln42_12' <Predicate = true> <Delay = 0.00>
ST_1 : Operation 67 [1/1] (0.00ns)   --->   "%sext_ln17_48 = sext i14 %mult_96" [firmware/nnet_utils/nnet_dense_latency.h:17]   --->   Operation 67 'sext' 'sext_ln17_48' <Predicate = true> <Delay = 0.00>
ST_1 : Operation 68 [1/1] (0.00ns)   --->   "%mult_97 = partselect i13 @_ssdm_op_PartSelect.i13.i256.i32.i32, i256 %data_val_read, i32 35, i32 47" [firmware/nnet_utils/nnet_dense_latency.h:42]   --->   Operation 68 'partselect' 'mult_97' <Predicate = true> <Delay = 0.00>
ST_1 : Operation 69 [1/1] (0.00ns)   --->   "%sext_ln17_49 = sext i13 %mult_97" [firmware/nnet_utils/nnet_dense_latency.h:17]   --->   Operation 69 'sext' 'sext_ln17_49' <Predicate = true> <Delay = 0.00>
ST_1 : Operation 70 [1/1] (0.00ns)   --->   "%sext_ln17_50 = sext i13 %mult_97" [firmware/nnet_utils/nnet_dense_latency.h:17]   --->   Operation 70 'sext' 'sext_ln17_50' <Predicate = true> <Delay = 0.00>
ST_1 : Operation 71 [1/1] (0.00ns)   --->   "%sext_ln73_32 = sext i17 %tmp_406" [firmware/nnet_utils/nnet_mult.h:73->firmware/nnet_utils/nnet_dense_latency.h:42]   --->   Operation 71 'sext' 'sext_ln73_32' <Predicate = true> <Delay = 0.00>
ST_1 : Operation 72 [1/1] (0.79ns)   --->   "%sub_ln73_109 = sub i18 0, i18 %sext_ln73_32" [firmware/nnet_utils/nnet_mult.h:73->firmware/nnet_utils/nnet_dense_latency.h:42]   --->   Operation 72 'sub' 'sub_ln73_109' <Predicate = true> <Delay = 0.79> <CoreInst = "Adder">   --->   Core 1 'Adder' <Latency = 0> <II = 1> <Delay = 0.79> <FuncUnit> <Opcode : 'add' 'sub'> <InPorts = 2> <OutPorts = 1>
ST_1 : Operation 73 [1/1] (0.00ns)   --->   "%mult_98 = partselect i15 @_ssdm_op_PartSelect.i15.i18.i32.i32, i18 %sub_ln73_109, i32 3, i32 17" [firmware/nnet_utils/nnet_dense_latency.h:42]   --->   Operation 73 'partselect' 'mult_98' <Predicate = true> <Delay = 0.00>
ST_1 : Operation 74 [1/1] (0.00ns)   --->   "%sext_ln42_13 = sext i15 %mult_98" [firmware/nnet_utils/nnet_dense_latency.h:42]   --->   Operation 74 'sext' 'sext_ln42_13' <Predicate = true> <Delay = 0.00>
ST_1 : Operation 75 [1/1] (0.00ns)   --->   "%tmp_407 = bitconcatenate i18 @_ssdm_op_BitConcatenate.i18.i16.i2, i16 %a_2, i2 0" [firmware/nnet_utils/nnet_mult.h:73->firmware/nnet_utils/nnet_dense_latency.h:42]   --->   Operation 75 'bitconcatenate' 'tmp_407' <Predicate = true> <Delay = 0.00>
ST_1 : Operation 76 [1/1] (0.00ns)   --->   "%sext_ln73_35 = sext i18 %tmp_407" [firmware/nnet_utils/nnet_mult.h:73->firmware/nnet_utils/nnet_dense_latency.h:42]   --->   Operation 76 'sext' 'sext_ln73_35' <Predicate = true> <Delay = 0.00>
ST_1 : Operation 77 [1/1] (0.79ns)   --->   "%sub_ln73_110 = sub i19 %sext_ln73, i19 %sext_ln73_35" [firmware/nnet_utils/nnet_mult.h:73->firmware/nnet_utils/nnet_dense_latency.h:42]   --->   Operation 77 'sub' 'sub_ln73_110' <Predicate = true> <Delay = 0.79> <CoreInst = "Adder">   --->   Core 1 'Adder' <Latency = 0> <II = 1> <Delay = 0.79> <FuncUnit> <Opcode : 'add' 'sub'> <InPorts = 2> <OutPorts = 1>
ST_1 : Operation 78 [1/1] (0.00ns)   --->   "%mult_99 = partselect i16 @_ssdm_op_PartSelect.i16.i19.i32.i32, i19 %sub_ln73_110, i32 3, i32 18" [firmware/nnet_utils/nnet_dense_latency.h:42]   --->   Operation 78 'partselect' 'mult_99' <Predicate = true> <Delay = 0.00>
ST_1 : Operation 79 [1/1] (0.79ns)   --->   "%sub_ln73_111 = sub i19 %sext_ln73_35, i19 %sext_ln73" [firmware/nnet_utils/nnet_mult.h:73->firmware/nnet_utils/nnet_dense_latency.h:42]   --->   Operation 79 'sub' 'sub_ln73_111' <Predicate = true> <Delay = 0.79> <CoreInst = "Adder">   --->   Core 1 'Adder' <Latency = 0> <II = 1> <Delay = 0.79> <FuncUnit> <Opcode : 'add' 'sub'> <InPorts = 2> <OutPorts = 1>
ST_1 : Operation 80 [1/1] (0.00ns)   --->   "%mult_100 = partselect i16 @_ssdm_op_PartSelect.i16.i19.i32.i32, i19 %sub_ln73_111, i32 3, i32 18" [firmware/nnet_utils/nnet_dense_latency.h:42]   --->   Operation 80 'partselect' 'mult_100' <Predicate = true> <Delay = 0.00>
ST_1 : Operation 81 [1/1] (0.00ns)   --->   "%mult_101 = partselect i14 @_ssdm_op_PartSelect.i14.i256.i32.i32, i256 %data_val_read, i32 34, i32 47" [firmware/nnet_utils/nnet_dense_latency.h:42]   --->   Operation 81 'partselect' 'mult_101' <Predicate = true> <Delay = 0.00>
ST_1 : Operation 82 [1/1] (0.00ns)   --->   "%sext_ln42_14 = sext i14 %mult_101" [firmware/nnet_utils/nnet_dense_latency.h:42]   --->   Operation 82 'sext' 'sext_ln42_14' <Predicate = true> <Delay = 0.00>
ST_1 : Operation 83 [1/1] (0.00ns)   --->   "%sext_ln17_51 = sext i14 %mult_101" [firmware/nnet_utils/nnet_dense_latency.h:17]   --->   Operation 83 'sext' 'sext_ln17_51' <Predicate = true> <Delay = 0.00>
ST_1 : Operation 84 [1/1] (0.80ns)   --->   "%sub_ln42_2 = sub i19 %p_shl27, i19 %sext_ln73" [firmware/nnet_utils/nnet_dense_latency.h:42]   --->   Operation 84 'sub' 'sub_ln42_2' <Predicate = true> <Delay = 0.80> <CoreInst = "Adder">   --->   Core 1 'Adder' <Latency = 0> <II = 1> <Delay = 0.80> <FuncUnit> <Opcode : 'add' 'sub'> <InPorts = 2> <OutPorts = 1>
ST_1 : Operation 85 [1/1] (0.00ns)   --->   "%mult_102 = partselect i16 @_ssdm_op_PartSelect.i16.i19.i32.i32, i19 %sub_ln42_2, i32 3, i32 18" [firmware/nnet_utils/nnet_dense_latency.h:42]   --->   Operation 85 'partselect' 'mult_102' <Predicate = true> <Delay = 0.00>
ST_1 : Operation 86 [1/1] (0.79ns)   --->   "%sub_ln73_112 = sub i19 0, i19 %sext_ln73_35" [firmware/nnet_utils/nnet_mult.h:73->firmware/nnet_utils/nnet_dense_latency.h:42]   --->   Operation 86 'sub' 'sub_ln73_112' <Predicate = true> <Delay = 0.79> <CoreInst = "Adder">   --->   Core 1 'Adder' <Latency = 0> <II = 1> <Delay = 0.79> <FuncUnit> <Opcode : 'add' 'sub'> <InPorts = 2> <OutPorts = 1>
ST_1 : Operation 87 [1/1] (0.00ns)   --->   "%mult_103 = partselect i16 @_ssdm_op_PartSelect.i16.i19.i32.i32, i19 %sub_ln73_112, i32 3, i32 18" [firmware/nnet_utils/nnet_dense_latency.h:42]   --->   Operation 87 'partselect' 'mult_103' <Predicate = true> <Delay = 0.00>
ST_1 : Operation 88 [1/1] (0.79ns)   --->   "%add_ln42 = add i19 %sext_ln73_35, i19 %sext_ln73" [firmware/nnet_utils/nnet_dense_latency.h:42]   --->   Operation 88 'add' 'add_ln42' <Predicate = true> <Delay = 0.79> <CoreInst = "Adder">   --->   Core 1 'Adder' <Latency = 0> <II = 1> <Delay = 0.79> <FuncUnit> <Opcode : 'add' 'sub'> <InPorts = 2> <OutPorts = 1>
ST_1 : Operation 89 [1/1] (0.00ns)   --->   "%mult_104 = partselect i16 @_ssdm_op_PartSelect.i16.i19.i32.i32, i19 %add_ln42, i32 3, i32 18" [firmware/nnet_utils/nnet_dense_latency.h:42]   --->   Operation 89 'partselect' 'mult_104' <Predicate = true> <Delay = 0.00>
ST_1 : Operation 90 [1/1] (0.00ns)   --->   "%a_3 = partselect i16 @_ssdm_op_PartSelect.i16.i256.i32.i32, i256 %data_val_read, i32 48, i32 63"   --->   Operation 90 'partselect' 'a_3' <Predicate = true> <Delay = 0.00>
ST_1 : Operation 91 [1/1] (0.00ns)   --->   "%mult_105 = partselect i13 @_ssdm_op_PartSelect.i13.i256.i32.i32, i256 %data_val_read, i32 51, i32 63" [firmware/nnet_utils/nnet_dense_latency.h:42]   --->   Operation 91 'partselect' 'mult_105' <Predicate = true> <Delay = 0.00>
ST_1 : Operation 92 [1/1] (0.00ns)   --->   "%sext_ln17_52 = sext i13 %mult_105" [firmware/nnet_utils/nnet_dense_latency.h:17]   --->   Operation 92 'sext' 'sext_ln17_52' <Predicate = true> <Delay = 0.00>
ST_1 : Operation 93 [1/1] (0.00ns)   --->   "%sext_ln17_53 = sext i13 %mult_105" [firmware/nnet_utils/nnet_dense_latency.h:17]   --->   Operation 93 'sext' 'sext_ln17_53' <Predicate = true> <Delay = 0.00>
ST_1 : Operation 94 [1/1] (0.00ns)   --->   "%sext_ln73_4 = sext i16 %a_3" [firmware/nnet_utils/nnet_mult.h:73->firmware/nnet_utils/nnet_dense_latency.h:42]   --->   Operation 94 'sext' 'sext_ln73_4' <Predicate = true> <Delay = 0.00>
ST_1 : Operation 95 [1/1] (0.00ns)   --->   "%sext_ln73_5 = sext i16 %a_3" [firmware/nnet_utils/nnet_mult.h:73->firmware/nnet_utils/nnet_dense_latency.h:42]   --->   Operation 95 'sext' 'sext_ln73_5' <Predicate = true> <Delay = 0.00>
ST_1 : Operation 96 [1/1] (0.00ns)   --->   "%tmp_408 = bitconcatenate i18 @_ssdm_op_BitConcatenate.i18.i16.i2, i16 %a_3, i2 0" [firmware/nnet_utils/nnet_mult.h:73->firmware/nnet_utils/nnet_dense_latency.h:42]   --->   Operation 96 'bitconcatenate' 'tmp_408' <Predicate = true> <Delay = 0.00>
ST_1 : Operation 97 [1/1] (0.00ns)   --->   "%sext_ln73_36 = sext i18 %tmp_408" [firmware/nnet_utils/nnet_mult.h:73->firmware/nnet_utils/nnet_dense_latency.h:42]   --->   Operation 97 'sext' 'sext_ln73_36' <Predicate = true> <Delay = 0.00>
ST_1 : Operation 98 [1/1] (0.79ns)   --->   "%sub_ln73_113 = sub i19 %sext_ln73_5, i19 %sext_ln73_36" [firmware/nnet_utils/nnet_mult.h:73->firmware/nnet_utils/nnet_dense_latency.h:42]   --->   Operation 98 'sub' 'sub_ln73_113' <Predicate = true> <Delay = 0.79> <CoreInst = "Adder">   --->   Core 1 'Adder' <Latency = 0> <II = 1> <Delay = 0.79> <FuncUnit> <Opcode : 'add' 'sub'> <InPorts = 2> <OutPorts = 1>
ST_1 : Operation 99 [1/1] (0.00ns)   --->   "%mult_106 = partselect i16 @_ssdm_op_PartSelect.i16.i19.i32.i32, i19 %sub_ln73_113, i32 3, i32 18" [firmware/nnet_utils/nnet_dense_latency.h:42]   --->   Operation 99 'partselect' 'mult_106' <Predicate = true> <Delay = 0.00>
ST_1 : Operation 100 [1/1] (0.78ns)   --->   "%sub_ln73_14 = sub i17 0, i17 %sext_ln73_4" [firmware/nnet_utils/nnet_mult.h:73->firmware/nnet_utils/nnet_dense_latency.h:42]   --->   Operation 100 'sub' 'sub_ln73_14' <Predicate = true> <Delay = 0.78> <CoreInst = "Adder">   --->   Core 1 'Adder' <Latency = 0> <II = 1> <Delay = 0.78> <FuncUnit> <Opcode : 'add' 'sub'> <InPorts = 2> <OutPorts = 1>
ST_1 : Operation 101 [1/1] (0.00ns)   --->   "%mult_107 = partselect i14 @_ssdm_op_PartSelect.i14.i17.i32.i32, i17 %sub_ln73_14, i32 3, i32 16" [firmware/nnet_utils/nnet_dense_latency.h:42]   --->   Operation 101 'partselect' 'mult_107' <Predicate = true> <Delay = 0.00>
ST_1 : Operation 102 [1/1] (0.00ns)   --->   "%sext_ln42_15 = sext i14 %mult_107" [firmware/nnet_utils/nnet_dense_latency.h:42]   --->   Operation 102 'sext' 'sext_ln42_15' <Predicate = true> <Delay = 0.00>
ST_1 : Operation 103 [1/1] (0.00ns)   --->   "%sext_ln17_54 = sext i14 %mult_107" [firmware/nnet_utils/nnet_dense_latency.h:17]   --->   Operation 103 'sext' 'sext_ln17_54' <Predicate = true> <Delay = 0.00>
ST_1 : Operation 104 [1/1] (0.00ns)   --->   "%tmp_409 = bitconcatenate i17 @_ssdm_op_BitConcatenate.i17.i16.i1, i16 %a_3, i1 0" [firmware/nnet_utils/nnet_mult.h:73->firmware/nnet_utils/nnet_dense_latency.h:42]   --->   Operation 104 'bitconcatenate' 'tmp_409' <Predicate = true> <Delay = 0.00>
ST_1 : Operation 105 [1/1] (0.00ns)   --->   "%sext_ln73_37 = sext i17 %tmp_409" [firmware/nnet_utils/nnet_mult.h:73->firmware/nnet_utils/nnet_dense_latency.h:42]   --->   Operation 105 'sext' 'sext_ln73_37' <Predicate = true> <Delay = 0.00>
ST_1 : Operation 106 [1/1] (0.79ns)   --->   "%sub_ln73_114 = sub i18 0, i18 %sext_ln73_37" [firmware/nnet_utils/nnet_mult.h:73->firmware/nnet_utils/nnet_dense_latency.h:42]   --->   Operation 106 'sub' 'sub_ln73_114' <Predicate = true> <Delay = 0.79> <CoreInst = "Adder">   --->   Core 1 'Adder' <Latency = 0> <II = 1> <Delay = 0.79> <FuncUnit> <Opcode : 'add' 'sub'> <InPorts = 2> <OutPorts = 1>
ST_1 : Operation 107 [1/1] (0.00ns)   --->   "%mult_108 = partselect i15 @_ssdm_op_PartSelect.i15.i18.i32.i32, i18 %sub_ln73_114, i32 3, i32 17" [firmware/nnet_utils/nnet_dense_latency.h:42]   --->   Operation 107 'partselect' 'mult_108' <Predicate = true> <Delay = 0.00>
ST_1 : Operation 108 [1/1] (0.00ns)   --->   "%sext_ln42_16 = sext i15 %mult_108" [firmware/nnet_utils/nnet_dense_latency.h:42]   --->   Operation 108 'sext' 'sext_ln42_16' <Predicate = true> <Delay = 0.00>
ST_1 : Operation 109 [1/1] (0.00ns)   --->   "%mult_109 = partselect i14 @_ssdm_op_PartSelect.i14.i256.i32.i32, i256 %data_val_read, i32 50, i32 63" [firmware/nnet_utils/nnet_dense_latency.h:42]   --->   Operation 109 'partselect' 'mult_109' <Predicate = true> <Delay = 0.00>
ST_1 : Operation 110 [1/1] (0.00ns)   --->   "%sext_ln42_17 = sext i14 %mult_109" [firmware/nnet_utils/nnet_dense_latency.h:42]   --->   Operation 110 'sext' 'sext_ln42_17' <Predicate = true> <Delay = 0.00>
ST_1 : Operation 111 [1/1] (0.00ns)   --->   "%sext_ln17_55 = sext i14 %mult_109" [firmware/nnet_utils/nnet_dense_latency.h:17]   --->   Operation 111 'sext' 'sext_ln17_55' <Predicate = true> <Delay = 0.00>
ST_1 : Operation 112 [1/1] (0.79ns)   --->   "%sub_ln73_115 = sub i19 0, i19 %sext_ln73_36" [firmware/nnet_utils/nnet_mult.h:73->firmware/nnet_utils/nnet_dense_latency.h:42]   --->   Operation 112 'sub' 'sub_ln73_115' <Predicate = true> <Delay = 0.79> <CoreInst = "Adder">   --->   Core 1 'Adder' <Latency = 0> <II = 1> <Delay = 0.79> <FuncUnit> <Opcode : 'add' 'sub'> <InPorts = 2> <OutPorts = 1>
ST_1 : Operation 113 [1/1] (0.00ns)   --->   "%mult_110 = partselect i16 @_ssdm_op_PartSelect.i16.i19.i32.i32, i19 %sub_ln73_115, i32 3, i32 18" [firmware/nnet_utils/nnet_dense_latency.h:42]   --->   Operation 113 'partselect' 'mult_110' <Predicate = true> <Delay = 0.00>
ST_1 : Operation 114 [1/1] (0.00ns)   --->   "%mult_111 = partselect i15 @_ssdm_op_PartSelect.i15.i256.i32.i32, i256 %data_val_read, i32 49, i32 63" [firmware/nnet_utils/nnet_dense_latency.h:42]   --->   Operation 114 'partselect' 'mult_111' <Predicate = true> <Delay = 0.00>
ST_1 : Operation 115 [1/1] (0.00ns)   --->   "%sext_ln42_18 = sext i15 %mult_111" [firmware/nnet_utils/nnet_dense_latency.h:42]   --->   Operation 115 'sext' 'sext_ln42_18' <Predicate = true> <Delay = 0.00>
ST_1 : Operation 116 [1/1] (0.79ns)   --->   "%sub_ln73_116 = sub i19 %sext_ln73_36, i19 %sext_ln73_5" [firmware/nnet_utils/nnet_mult.h:73->firmware/nnet_utils/nnet_dense_latency.h:42]   --->   Operation 116 'sub' 'sub_ln73_116' <Predicate = true> <Delay = 0.79> <CoreInst = "Adder">   --->   Core 1 'Adder' <Latency = 0> <II = 1> <Delay = 0.79> <FuncUnit> <Opcode : 'add' 'sub'> <InPorts = 2> <OutPorts = 1>
ST_1 : Operation 117 [1/1] (0.00ns)   --->   "%mult_112 = partselect i16 @_ssdm_op_PartSelect.i16.i19.i32.i32, i19 %sub_ln73_116, i32 3, i32 18" [firmware/nnet_utils/nnet_dense_latency.h:42]   --->   Operation 117 'partselect' 'mult_112' <Predicate = true> <Delay = 0.00>
ST_1 : Operation 118 [1/1] (0.00ns)   --->   "%a_4 = partselect i16 @_ssdm_op_PartSelect.i16.i256.i32.i32, i256 %data_val_read, i32 64, i32 79"   --->   Operation 118 'partselect' 'a_4' <Predicate = true> <Delay = 0.00>
ST_1 : Operation 119 [1/1] (0.00ns)   --->   "%sext_ln73_7 = sext i16 %a_4" [firmware/nnet_utils/nnet_mult.h:73->firmware/nnet_utils/nnet_dense_latency.h:42]   --->   Operation 119 'sext' 'sext_ln73_7' <Predicate = true> <Delay = 0.00>
ST_1 : Operation 120 [1/1] (0.00ns)   --->   "%sext_ln73_8 = sext i16 %a_4" [firmware/nnet_utils/nnet_mult.h:73->firmware/nnet_utils/nnet_dense_latency.h:42]   --->   Operation 120 'sext' 'sext_ln73_8' <Predicate = true> <Delay = 0.00>
ST_1 : Operation 121 [1/1] (0.00ns)   --->   "%tmp_410 = bitconcatenate i18 @_ssdm_op_BitConcatenate.i18.i16.i2, i16 %a_4, i2 0" [firmware/nnet_utils/nnet_mult.h:73->firmware/nnet_utils/nnet_dense_latency.h:42]   --->   Operation 121 'bitconcatenate' 'tmp_410' <Predicate = true> <Delay = 0.00>
ST_1 : Operation 122 [1/1] (0.00ns)   --->   "%sext_ln73_38 = sext i18 %tmp_410" [firmware/nnet_utils/nnet_mult.h:73->firmware/nnet_utils/nnet_dense_latency.h:42]   --->   Operation 122 'sext' 'sext_ln73_38' <Predicate = true> <Delay = 0.00>
ST_1 : Operation 123 [1/1] (0.79ns)   --->   "%sub_ln73_117 = sub i19 %sext_ln73_8, i19 %sext_ln73_38" [firmware/nnet_utils/nnet_mult.h:73->firmware/nnet_utils/nnet_dense_latency.h:42]   --->   Operation 123 'sub' 'sub_ln73_117' <Predicate = true> <Delay = 0.79> <CoreInst = "Adder">   --->   Core 1 'Adder' <Latency = 0> <II = 1> <Delay = 0.79> <FuncUnit> <Opcode : 'add' 'sub'> <InPorts = 2> <OutPorts = 1>
ST_1 : Operation 124 [1/1] (0.00ns)   --->   "%mult_113 = partselect i16 @_ssdm_op_PartSelect.i16.i19.i32.i32, i19 %sub_ln73_117, i32 3, i32 18" [firmware/nnet_utils/nnet_dense_latency.h:42]   --->   Operation 124 'partselect' 'mult_113' <Predicate = true> <Delay = 0.00>
ST_1 : Operation 125 [1/1] (0.78ns)   --->   "%sub_ln73_15 = sub i17 0, i17 %sext_ln73_7" [firmware/nnet_utils/nnet_mult.h:73->firmware/nnet_utils/nnet_dense_latency.h:42]   --->   Operation 125 'sub' 'sub_ln73_15' <Predicate = true> <Delay = 0.78> <CoreInst = "Adder">   --->   Core 1 'Adder' <Latency = 0> <II = 1> <Delay = 0.78> <FuncUnit> <Opcode : 'add' 'sub'> <InPorts = 2> <OutPorts = 1>
ST_1 : Operation 126 [1/1] (0.00ns)   --->   "%mult_114 = partselect i14 @_ssdm_op_PartSelect.i14.i17.i32.i32, i17 %sub_ln73_15, i32 3, i32 16" [firmware/nnet_utils/nnet_dense_latency.h:42]   --->   Operation 126 'partselect' 'mult_114' <Predicate = true> <Delay = 0.00>
ST_1 : Operation 127 [1/1] (0.00ns)   --->   "%sext_ln42_19 = sext i14 %mult_114" [firmware/nnet_utils/nnet_dense_latency.h:42]   --->   Operation 127 'sext' 'sext_ln42_19' <Predicate = true> <Delay = 0.00>
ST_1 : Operation 128 [1/1] (0.00ns)   --->   "%sext_ln17_56 = sext i14 %mult_114" [firmware/nnet_utils/nnet_dense_latency.h:17]   --->   Operation 128 'sext' 'sext_ln17_56' <Predicate = true> <Delay = 0.00>
ST_1 : Operation 129 [1/1] (0.00ns)   --->   "%mult_115 = partselect i13 @_ssdm_op_PartSelect.i13.i256.i32.i32, i256 %data_val_read, i32 67, i32 79" [firmware/nnet_utils/nnet_dense_latency.h:42]   --->   Operation 129 'partselect' 'mult_115' <Predicate = true> <Delay = 0.00>
ST_1 : Operation 130 [1/1] (0.00ns)   --->   "%sext_ln42_20 = sext i13 %mult_115" [firmware/nnet_utils/nnet_dense_latency.h:42]   --->   Operation 130 'sext' 'sext_ln42_20' <Predicate = true> <Delay = 0.00>
ST_1 : Operation 131 [1/1] (0.00ns)   --->   "%sext_ln17_57 = sext i13 %mult_115" [firmware/nnet_utils/nnet_dense_latency.h:17]   --->   Operation 131 'sext' 'sext_ln17_57' <Predicate = true> <Delay = 0.00>
ST_1 : Operation 132 [1/1] (0.00ns)   --->   "%sext_ln17_58 = sext i13 %mult_115" [firmware/nnet_utils/nnet_dense_latency.h:17]   --->   Operation 132 'sext' 'sext_ln17_58' <Predicate = true> <Delay = 0.00>
ST_1 : Operation 133 [1/1] (0.00ns)   --->   "%tmp_411 = bitconcatenate i17 @_ssdm_op_BitConcatenate.i17.i16.i1, i16 %a_4, i1 0" [firmware/nnet_utils/nnet_mult.h:73->firmware/nnet_utils/nnet_dense_latency.h:42]   --->   Operation 133 'bitconcatenate' 'tmp_411' <Predicate = true> <Delay = 0.00>
ST_1 : Operation 134 [1/1] (0.00ns)   --->   "%sext_ln73_39 = sext i17 %tmp_411" [firmware/nnet_utils/nnet_mult.h:73->firmware/nnet_utils/nnet_dense_latency.h:42]   --->   Operation 134 'sext' 'sext_ln73_39' <Predicate = true> <Delay = 0.00>
ST_1 : Operation 135 [1/1] (0.79ns)   --->   "%sub_ln73_118 = sub i18 0, i18 %sext_ln73_39" [firmware/nnet_utils/nnet_mult.h:73->firmware/nnet_utils/nnet_dense_latency.h:42]   --->   Operation 135 'sub' 'sub_ln73_118' <Predicate = true> <Delay = 0.79> <CoreInst = "Adder">   --->   Core 1 'Adder' <Latency = 0> <II = 1> <Delay = 0.79> <FuncUnit> <Opcode : 'add' 'sub'> <InPorts = 2> <OutPorts = 1>
ST_1 : Operation 136 [1/1] (0.00ns)   --->   "%mult_116 = partselect i15 @_ssdm_op_PartSelect.i15.i18.i32.i32, i18 %sub_ln73_118, i32 3, i32 17" [firmware/nnet_utils/nnet_dense_latency.h:42]   --->   Operation 136 'partselect' 'mult_116' <Predicate = true> <Delay = 0.00>
ST_1 : Operation 137 [1/1] (0.00ns)   --->   "%sext_ln42_21 = sext i15 %mult_116" [firmware/nnet_utils/nnet_dense_latency.h:42]   --->   Operation 137 'sext' 'sext_ln42_21' <Predicate = true> <Delay = 0.00>
ST_1 : Operation 138 [1/1] (0.00ns)   --->   "%mult_117 = partselect i15 @_ssdm_op_PartSelect.i15.i256.i32.i32, i256 %data_val_read, i32 65, i32 79" [firmware/nnet_utils/nnet_dense_latency.h:42]   --->   Operation 138 'partselect' 'mult_117' <Predicate = true> <Delay = 0.00>
ST_1 : Operation 139 [1/1] (0.00ns)   --->   "%sext_ln42_22 = sext i15 %mult_117" [firmware/nnet_utils/nnet_dense_latency.h:42]   --->   Operation 139 'sext' 'sext_ln42_22' <Predicate = true> <Delay = 0.00>
ST_1 : Operation 140 [1/1] (0.79ns)   --->   "%sub_ln73_119 = sub i19 %sext_ln73_38, i19 %sext_ln73_8" [firmware/nnet_utils/nnet_mult.h:73->firmware/nnet_utils/nnet_dense_latency.h:42]   --->   Operation 140 'sub' 'sub_ln73_119' <Predicate = true> <Delay = 0.79> <CoreInst = "Adder">   --->   Core 1 'Adder' <Latency = 0> <II = 1> <Delay = 0.79> <FuncUnit> <Opcode : 'add' 'sub'> <InPorts = 2> <OutPorts = 1>
ST_1 : Operation 141 [1/1] (0.00ns)   --->   "%mult_118 = partselect i16 @_ssdm_op_PartSelect.i16.i19.i32.i32, i19 %sub_ln73_119, i32 3, i32 18" [firmware/nnet_utils/nnet_dense_latency.h:42]   --->   Operation 141 'partselect' 'mult_118' <Predicate = true> <Delay = 0.00>
ST_1 : Operation 142 [1/1] (0.00ns)   --->   "%mult_119 = partselect i14 @_ssdm_op_PartSelect.i14.i256.i32.i32, i256 %data_val_read, i32 66, i32 79" [firmware/nnet_utils/nnet_dense_latency.h:42]   --->   Operation 142 'partselect' 'mult_119' <Predicate = true> <Delay = 0.00>
ST_1 : Operation 143 [1/1] (0.00ns)   --->   "%sext_ln17_59 = sext i14 %mult_119" [firmware/nnet_utils/nnet_dense_latency.h:17]   --->   Operation 143 'sext' 'sext_ln17_59' <Predicate = true> <Delay = 0.00>
ST_1 : Operation 144 [1/1] (0.79ns)   --->   "%sub_ln73_120 = sub i19 0, i19 %sext_ln73_38" [firmware/nnet_utils/nnet_mult.h:73->firmware/nnet_utils/nnet_dense_latency.h:42]   --->   Operation 144 'sub' 'sub_ln73_120' <Predicate = true> <Delay = 0.79> <CoreInst = "Adder">   --->   Core 1 'Adder' <Latency = 0> <II = 1> <Delay = 0.79> <FuncUnit> <Opcode : 'add' 'sub'> <InPorts = 2> <OutPorts = 1>
ST_1 : Operation 145 [1/1] (0.00ns)   --->   "%mult_120 = partselect i16 @_ssdm_op_PartSelect.i16.i19.i32.i32, i19 %sub_ln73_120, i32 3, i32 18" [firmware/nnet_utils/nnet_dense_latency.h:42]   --->   Operation 145 'partselect' 'mult_120' <Predicate = true> <Delay = 0.00>
ST_1 : Operation 146 [1/1] (0.00ns)   --->   "%a_5 = partselect i16 @_ssdm_op_PartSelect.i16.i256.i32.i32, i256 %data_val_read, i32 80, i32 95"   --->   Operation 146 'partselect' 'a_5' <Predicate = true> <Delay = 0.00>
ST_1 : Operation 147 [1/1] (0.00ns)   --->   "%sext_ln73_9 = sext i16 %a_5" [firmware/nnet_utils/nnet_mult.h:73->firmware/nnet_utils/nnet_dense_latency.h:42]   --->   Operation 147 'sext' 'sext_ln73_9' <Predicate = true> <Delay = 0.00>
ST_1 : Operation 148 [1/1] (0.00ns)   --->   "%sext_ln73_10 = sext i16 %a_5" [firmware/nnet_utils/nnet_mult.h:73->firmware/nnet_utils/nnet_dense_latency.h:42]   --->   Operation 148 'sext' 'sext_ln73_10' <Predicate = true> <Delay = 0.00>
ST_1 : Operation 149 [1/1] (0.00ns)   --->   "%tmp_412 = bitconcatenate i17 @_ssdm_op_BitConcatenate.i17.i16.i1, i16 %a_5, i1 0" [firmware/nnet_utils/nnet_mult.h:73->firmware/nnet_utils/nnet_dense_latency.h:42]   --->   Operation 149 'bitconcatenate' 'tmp_412' <Predicate = true> <Delay = 0.00>
ST_1 : Operation 150 [1/1] (0.00ns)   --->   "%sext_ln73_40 = sext i17 %tmp_412" [firmware/nnet_utils/nnet_mult.h:73->firmware/nnet_utils/nnet_dense_latency.h:42]   --->   Operation 150 'sext' 'sext_ln73_40' <Predicate = true> <Delay = 0.00>
ST_1 : Operation 151 [1/1] (0.79ns)   --->   "%sub_ln73_121 = sub i18 0, i18 %sext_ln73_40" [firmware/nnet_utils/nnet_mult.h:73->firmware/nnet_utils/nnet_dense_latency.h:42]   --->   Operation 151 'sub' 'sub_ln73_121' <Predicate = true> <Delay = 0.79> <CoreInst = "Adder">   --->   Core 1 'Adder' <Latency = 0> <II = 1> <Delay = 0.79> <FuncUnit> <Opcode : 'add' 'sub'> <InPorts = 2> <OutPorts = 1>
ST_1 : Operation 152 [1/1] (0.00ns)   --->   "%mult_121 = partselect i15 @_ssdm_op_PartSelect.i15.i18.i32.i32, i18 %sub_ln73_121, i32 3, i32 17" [firmware/nnet_utils/nnet_dense_latency.h:42]   --->   Operation 152 'partselect' 'mult_121' <Predicate = true> <Delay = 0.00>
ST_1 : Operation 153 [1/1] (0.00ns)   --->   "%sext_ln42_23 = sext i15 %mult_121" [firmware/nnet_utils/nnet_dense_latency.h:42]   --->   Operation 153 'sext' 'sext_ln42_23' <Predicate = true> <Delay = 0.00>
ST_1 : Operation 154 [1/1] (0.00ns)   --->   "%mult_122 = partselect i13 @_ssdm_op_PartSelect.i13.i256.i32.i32, i256 %data_val_read, i32 83, i32 95" [firmware/nnet_utils/nnet_dense_latency.h:42]   --->   Operation 154 'partselect' 'mult_122' <Predicate = true> <Delay = 0.00>
ST_1 : Operation 155 [1/1] (0.00ns)   --->   "%sext_ln17_60 = sext i13 %mult_122" [firmware/nnet_utils/nnet_dense_latency.h:17]   --->   Operation 155 'sext' 'sext_ln17_60' <Predicate = true> <Delay = 0.00>
ST_1 : Operation 156 [1/1] (0.00ns)   --->   "%sext_ln17_61 = sext i13 %mult_122" [firmware/nnet_utils/nnet_dense_latency.h:17]   --->   Operation 156 'sext' 'sext_ln17_61' <Predicate = true> <Delay = 0.00>
ST_1 : Operation 157 [1/1] (0.78ns)   --->   "%sub_ln73_16 = sub i17 0, i17 %sext_ln73_10" [firmware/nnet_utils/nnet_mult.h:73->firmware/nnet_utils/nnet_dense_latency.h:42]   --->   Operation 157 'sub' 'sub_ln73_16' <Predicate = true> <Delay = 0.78> <CoreInst = "Adder">   --->   Core 1 'Adder' <Latency = 0> <II = 1> <Delay = 0.78> <FuncUnit> <Opcode : 'add' 'sub'> <InPorts = 2> <OutPorts = 1>
ST_1 : Operation 158 [1/1] (0.00ns)   --->   "%mult_123 = partselect i14 @_ssdm_op_PartSelect.i14.i17.i32.i32, i17 %sub_ln73_16, i32 3, i32 16" [firmware/nnet_utils/nnet_dense_latency.h:42]   --->   Operation 158 'partselect' 'mult_123' <Predicate = true> <Delay = 0.00>
ST_1 : Operation 159 [1/1] (0.00ns)   --->   "%sext_ln42_24 = sext i14 %mult_123" [firmware/nnet_utils/nnet_dense_latency.h:42]   --->   Operation 159 'sext' 'sext_ln42_24' <Predicate = true> <Delay = 0.00>
ST_1 : Operation 160 [1/1] (0.00ns)   --->   "%sext_ln17_62 = sext i14 %mult_123" [firmware/nnet_utils/nnet_dense_latency.h:17]   --->   Operation 160 'sext' 'sext_ln17_62' <Predicate = true> <Delay = 0.00>
ST_1 : Operation 161 [1/1] (0.00ns)   --->   "%mult_124 = partselect i14 @_ssdm_op_PartSelect.i14.i256.i32.i32, i256 %data_val_read, i32 82, i32 95" [firmware/nnet_utils/nnet_dense_latency.h:42]   --->   Operation 161 'partselect' 'mult_124' <Predicate = true> <Delay = 0.00>
ST_1 : Operation 162 [1/1] (0.00ns)   --->   "%sext_ln42_25 = sext i14 %mult_124" [firmware/nnet_utils/nnet_dense_latency.h:42]   --->   Operation 162 'sext' 'sext_ln42_25' <Predicate = true> <Delay = 0.00>
ST_1 : Operation 163 [1/1] (0.00ns)   --->   "%sext_ln17_63 = sext i14 %mult_124" [firmware/nnet_utils/nnet_dense_latency.h:17]   --->   Operation 163 'sext' 'sext_ln17_63' <Predicate = true> <Delay = 0.00>
ST_1 : Operation 164 [1/1] (0.00ns)   --->   "%tmp_413 = bitconcatenate i18 @_ssdm_op_BitConcatenate.i18.i16.i2, i16 %a_5, i2 0" [firmware/nnet_utils/nnet_mult.h:73->firmware/nnet_utils/nnet_dense_latency.h:42]   --->   Operation 164 'bitconcatenate' 'tmp_413' <Predicate = true> <Delay = 0.00>
ST_1 : Operation 165 [1/1] (0.00ns)   --->   "%sext_ln73_41 = sext i18 %tmp_413" [firmware/nnet_utils/nnet_mult.h:73->firmware/nnet_utils/nnet_dense_latency.h:42]   --->   Operation 165 'sext' 'sext_ln73_41' <Predicate = true> <Delay = 0.00>
ST_1 : Operation 166 [1/1] (0.79ns)   --->   "%sub_ln73_122 = sub i19 %sext_ln73_41, i19 %sext_ln73_9" [firmware/nnet_utils/nnet_mult.h:73->firmware/nnet_utils/nnet_dense_latency.h:42]   --->   Operation 166 'sub' 'sub_ln73_122' <Predicate = true> <Delay = 0.79> <CoreInst = "Adder">   --->   Core 1 'Adder' <Latency = 0> <II = 1> <Delay = 0.79> <FuncUnit> <Opcode : 'add' 'sub'> <InPorts = 2> <OutPorts = 1>
ST_1 : Operation 167 [1/1] (0.00ns)   --->   "%mult_125 = partselect i16 @_ssdm_op_PartSelect.i16.i19.i32.i32, i19 %sub_ln73_122, i32 3, i32 18" [firmware/nnet_utils/nnet_dense_latency.h:42]   --->   Operation 167 'partselect' 'mult_125' <Predicate = true> <Delay = 0.00>
ST_1 : Operation 168 [1/1] (0.79ns)   --->   "%sub_ln73_123 = sub i19 %sext_ln73_9, i19 %sext_ln73_41" [firmware/nnet_utils/nnet_mult.h:73->firmware/nnet_utils/nnet_dense_latency.h:42]   --->   Operation 168 'sub' 'sub_ln73_123' <Predicate = true> <Delay = 0.79> <CoreInst = "Adder">   --->   Core 1 'Adder' <Latency = 0> <II = 1> <Delay = 0.79> <FuncUnit> <Opcode : 'add' 'sub'> <InPorts = 2> <OutPorts = 1>
ST_1 : Operation 169 [1/1] (0.00ns)   --->   "%mult_126 = partselect i16 @_ssdm_op_PartSelect.i16.i19.i32.i32, i19 %sub_ln73_123, i32 3, i32 18" [firmware/nnet_utils/nnet_dense_latency.h:42]   --->   Operation 169 'partselect' 'mult_126' <Predicate = true> <Delay = 0.00>
ST_1 : Operation 170 [1/1] (0.00ns)   --->   "%a_6 = partselect i16 @_ssdm_op_PartSelect.i16.i256.i32.i32, i256 %data_val_read, i32 96, i32 111"   --->   Operation 170 'partselect' 'a_6' <Predicate = true> <Delay = 0.00>
ST_1 : Operation 171 [1/1] (0.00ns)   --->   "%mult_127 = partselect i13 @_ssdm_op_PartSelect.i13.i256.i32.i32, i256 %data_val_read, i32 99, i32 111" [firmware/nnet_utils/nnet_dense_latency.h:42]   --->   Operation 171 'partselect' 'mult_127' <Predicate = true> <Delay = 0.00>
ST_1 : Operation 172 [1/1] (0.00ns)   --->   "%sext_ln17_64 = sext i13 %mult_127" [firmware/nnet_utils/nnet_dense_latency.h:17]   --->   Operation 172 'sext' 'sext_ln17_64' <Predicate = true> <Delay = 0.00>
ST_1 : Operation 173 [1/1] (0.00ns)   --->   "%sext_ln17_65 = sext i13 %mult_127" [firmware/nnet_utils/nnet_dense_latency.h:17]   --->   Operation 173 'sext' 'sext_ln17_65' <Predicate = true> <Delay = 0.00>
ST_1 : Operation 174 [1/1] (0.00ns)   --->   "%sext_ln73_13 = sext i16 %a_6" [firmware/nnet_utils/nnet_mult.h:73->firmware/nnet_utils/nnet_dense_latency.h:42]   --->   Operation 174 'sext' 'sext_ln73_13' <Predicate = true> <Delay = 0.00>
ST_1 : Operation 175 [1/1] (0.00ns)   --->   "%sext_ln73_14 = sext i16 %a_6" [firmware/nnet_utils/nnet_mult.h:73->firmware/nnet_utils/nnet_dense_latency.h:42]   --->   Operation 175 'sext' 'sext_ln73_14' <Predicate = true> <Delay = 0.00>
ST_1 : Operation 176 [1/1] (0.78ns)   --->   "%sub_ln73_17 = sub i17 0, i17 %sext_ln73_14" [firmware/nnet_utils/nnet_mult.h:73->firmware/nnet_utils/nnet_dense_latency.h:42]   --->   Operation 176 'sub' 'sub_ln73_17' <Predicate = true> <Delay = 0.78> <CoreInst = "Adder">   --->   Core 1 'Adder' <Latency = 0> <II = 1> <Delay = 0.78> <FuncUnit> <Opcode : 'add' 'sub'> <InPorts = 2> <OutPorts = 1>
ST_1 : Operation 177 [1/1] (0.00ns)   --->   "%mult_128 = partselect i14 @_ssdm_op_PartSelect.i14.i17.i32.i32, i17 %sub_ln73_17, i32 3, i32 16" [firmware/nnet_utils/nnet_dense_latency.h:42]   --->   Operation 177 'partselect' 'mult_128' <Predicate = true> <Delay = 0.00>
ST_1 : Operation 178 [1/1] (0.00ns)   --->   "%sext_ln42_26 = sext i14 %mult_128" [firmware/nnet_utils/nnet_dense_latency.h:42]   --->   Operation 178 'sext' 'sext_ln42_26' <Predicate = true> <Delay = 0.00>
ST_1 : Operation 179 [1/1] (0.00ns)   --->   "%sext_ln17_66 = sext i14 %mult_128" [firmware/nnet_utils/nnet_dense_latency.h:17]   --->   Operation 179 'sext' 'sext_ln17_66' <Predicate = true> <Delay = 0.00>
ST_1 : Operation 180 [1/1] (0.00ns)   --->   "%mult_129 = partselect i14 @_ssdm_op_PartSelect.i14.i256.i32.i32, i256 %data_val_read, i32 98, i32 111" [firmware/nnet_utils/nnet_dense_latency.h:42]   --->   Operation 180 'partselect' 'mult_129' <Predicate = true> <Delay = 0.00>
ST_1 : Operation 181 [1/1] (0.00ns)   --->   "%sext_ln42_27 = sext i14 %mult_129" [firmware/nnet_utils/nnet_dense_latency.h:42]   --->   Operation 181 'sext' 'sext_ln42_27' <Predicate = true> <Delay = 0.00>
ST_1 : Operation 182 [1/1] (0.00ns)   --->   "%sext_ln17_67 = sext i14 %mult_129" [firmware/nnet_utils/nnet_dense_latency.h:17]   --->   Operation 182 'sext' 'sext_ln17_67' <Predicate = true> <Delay = 0.00>
ST_1 : Operation 183 [1/1] (0.00ns)   --->   "%tmp_414 = bitconcatenate i18 @_ssdm_op_BitConcatenate.i18.i16.i2, i16 %a_6, i2 0" [firmware/nnet_utils/nnet_mult.h:73->firmware/nnet_utils/nnet_dense_latency.h:42]   --->   Operation 183 'bitconcatenate' 'tmp_414' <Predicate = true> <Delay = 0.00>
ST_1 : Operation 184 [1/1] (0.00ns)   --->   "%sext_ln73_42 = sext i18 %tmp_414" [firmware/nnet_utils/nnet_mult.h:73->firmware/nnet_utils/nnet_dense_latency.h:42]   --->   Operation 184 'sext' 'sext_ln73_42' <Predicate = true> <Delay = 0.00>
ST_1 : Operation 185 [1/1] (0.79ns)   --->   "%sub_ln73_124 = sub i19 %sext_ln73_42, i19 %sext_ln73_13" [firmware/nnet_utils/nnet_mult.h:73->firmware/nnet_utils/nnet_dense_latency.h:42]   --->   Operation 185 'sub' 'sub_ln73_124' <Predicate = true> <Delay = 0.79> <CoreInst = "Adder">   --->   Core 1 'Adder' <Latency = 0> <II = 1> <Delay = 0.79> <FuncUnit> <Opcode : 'add' 'sub'> <InPorts = 2> <OutPorts = 1>
ST_1 : Operation 186 [1/1] (0.00ns)   --->   "%mult_130 = partselect i16 @_ssdm_op_PartSelect.i16.i19.i32.i32, i19 %sub_ln73_124, i32 3, i32 18" [firmware/nnet_utils/nnet_dense_latency.h:42]   --->   Operation 186 'partselect' 'mult_130' <Predicate = true> <Delay = 0.00>
ST_1 : Operation 187 [1/1] (0.00ns)   --->   "%tmp_415 = bitconcatenate i17 @_ssdm_op_BitConcatenate.i17.i16.i1, i16 %a_6, i1 0" [firmware/nnet_utils/nnet_mult.h:73->firmware/nnet_utils/nnet_dense_latency.h:42]   --->   Operation 187 'bitconcatenate' 'tmp_415' <Predicate = true> <Delay = 0.00>
ST_1 : Operation 188 [1/1] (0.00ns)   --->   "%sext_ln73_43 = sext i17 %tmp_415" [firmware/nnet_utils/nnet_mult.h:73->firmware/nnet_utils/nnet_dense_latency.h:42]   --->   Operation 188 'sext' 'sext_ln73_43' <Predicate = true> <Delay = 0.00>
ST_1 : Operation 189 [1/1] (0.79ns)   --->   "%sub_ln73_125 = sub i18 0, i18 %sext_ln73_43" [firmware/nnet_utils/nnet_mult.h:73->firmware/nnet_utils/nnet_dense_latency.h:42]   --->   Operation 189 'sub' 'sub_ln73_125' <Predicate = true> <Delay = 0.79> <CoreInst = "Adder">   --->   Core 1 'Adder' <Latency = 0> <II = 1> <Delay = 0.79> <FuncUnit> <Opcode : 'add' 'sub'> <InPorts = 2> <OutPorts = 1>
ST_1 : Operation 190 [1/1] (0.00ns)   --->   "%mult_131 = partselect i15 @_ssdm_op_PartSelect.i15.i18.i32.i32, i18 %sub_ln73_125, i32 3, i32 17" [firmware/nnet_utils/nnet_dense_latency.h:42]   --->   Operation 190 'partselect' 'mult_131' <Predicate = true> <Delay = 0.00>
ST_1 : Operation 191 [1/1] (0.00ns)   --->   "%sext_ln42_28 = sext i15 %mult_131" [firmware/nnet_utils/nnet_dense_latency.h:42]   --->   Operation 191 'sext' 'sext_ln42_28' <Predicate = true> <Delay = 0.00>
ST_1 : Operation 192 [1/1] (0.79ns)   --->   "%sub_ln73_126 = sub i19 0, i19 %sext_ln73_42" [firmware/nnet_utils/nnet_mult.h:73->firmware/nnet_utils/nnet_dense_latency.h:42]   --->   Operation 192 'sub' 'sub_ln73_126' <Predicate = true> <Delay = 0.79> <CoreInst = "Adder">   --->   Core 1 'Adder' <Latency = 0> <II = 1> <Delay = 0.79> <FuncUnit> <Opcode : 'add' 'sub'> <InPorts = 2> <OutPorts = 1>
ST_1 : Operation 193 [1/1] (0.00ns)   --->   "%mult_132 = partselect i16 @_ssdm_op_PartSelect.i16.i19.i32.i32, i19 %sub_ln73_126, i32 3, i32 18" [firmware/nnet_utils/nnet_dense_latency.h:42]   --->   Operation 193 'partselect' 'mult_132' <Predicate = true> <Delay = 0.00>
ST_1 : Operation 194 [1/1] (0.79ns)   --->   "%sub_ln73_127 = sub i19 %sext_ln73_13, i19 %sext_ln73_42" [firmware/nnet_utils/nnet_mult.h:73->firmware/nnet_utils/nnet_dense_latency.h:42]   --->   Operation 194 'sub' 'sub_ln73_127' <Predicate = true> <Delay = 0.79> <CoreInst = "Adder">   --->   Core 1 'Adder' <Latency = 0> <II = 1> <Delay = 0.79> <FuncUnit> <Opcode : 'add' 'sub'> <InPorts = 2> <OutPorts = 1>
ST_1 : Operation 195 [1/1] (0.00ns)   --->   "%mult_133 = partselect i16 @_ssdm_op_PartSelect.i16.i19.i32.i32, i19 %sub_ln73_127, i32 3, i32 18" [firmware/nnet_utils/nnet_dense_latency.h:42]   --->   Operation 195 'partselect' 'mult_133' <Predicate = true> <Delay = 0.00>
ST_1 : Operation 196 [1/1] (0.00ns)   --->   "%a_7 = partselect i16 @_ssdm_op_PartSelect.i16.i256.i32.i32, i256 %data_val_read, i32 112, i32 127"   --->   Operation 196 'partselect' 'a_7' <Predicate = true> <Delay = 0.00>
ST_1 : Operation 197 [1/1] (0.00ns)   --->   "%sext_ln73_15 = sext i16 %a_7" [firmware/nnet_utils/nnet_mult.h:73->firmware/nnet_utils/nnet_dense_latency.h:42]   --->   Operation 197 'sext' 'sext_ln73_15' <Predicate = true> <Delay = 0.00>
ST_1 : Operation 198 [1/1] (0.00ns)   --->   "%sext_ln73_16 = sext i16 %a_7" [firmware/nnet_utils/nnet_mult.h:73->firmware/nnet_utils/nnet_dense_latency.h:42]   --->   Operation 198 'sext' 'sext_ln73_16' <Predicate = true> <Delay = 0.00>
ST_1 : Operation 199 [1/1] (0.00ns)   --->   "%tmp_416 = bitconcatenate i18 @_ssdm_op_BitConcatenate.i18.i16.i2, i16 %a_7, i2 0" [firmware/nnet_utils/nnet_dense_latency.h:42]   --->   Operation 199 'bitconcatenate' 'tmp_416' <Predicate = true> <Delay = 0.00>
ST_1 : Operation 200 [1/1] (0.00ns)   --->   "%sext_ln42_29 = sext i18 %tmp_416" [firmware/nnet_utils/nnet_dense_latency.h:42]   --->   Operation 200 'sext' 'sext_ln42_29' <Predicate = true> <Delay = 0.00>
ST_1 : Operation 201 [1/1] (0.79ns)   --->   "%sub_ln42_3 = sub i19 0, i19 %sext_ln42_29" [firmware/nnet_utils/nnet_dense_latency.h:42]   --->   Operation 201 'sub' 'sub_ln42_3' <Predicate = true> <Delay = 0.79> <CoreInst = "Adder">   --->   Core 1 'Adder' <Latency = 0> <II = 1> <Delay = 0.79> <FuncUnit> <Opcode : 'add' 'sub'> <InPorts = 2> <OutPorts = 1>
ST_1 : Operation 202 [1/1] (0.80ns)   --->   "%sub_ln42_4 = sub i19 %sub_ln42_3, i19 %sext_ln73_15" [firmware/nnet_utils/nnet_dense_latency.h:42]   --->   Operation 202 'sub' 'sub_ln42_4' <Predicate = true> <Delay = 0.80> <CoreInst = "Adder">   --->   Core 1 'Adder' <Latency = 0> <II = 1> <Delay = 0.80> <FuncUnit> <Opcode : 'add' 'sub'> <InPorts = 2> <OutPorts = 1>
ST_1 : Operation 203 [1/1] (0.00ns)   --->   "%mult_134 = partselect i16 @_ssdm_op_PartSelect.i16.i19.i32.i32, i19 %sub_ln42_4, i32 3, i32 18" [firmware/nnet_utils/nnet_dense_latency.h:42]   --->   Operation 203 'partselect' 'mult_134' <Predicate = true> <Delay = 0.00>
ST_1 : Operation 204 [1/1] (0.00ns)   --->   "%tmp_417 = bitconcatenate i17 @_ssdm_op_BitConcatenate.i17.i16.i1, i16 %a_7, i1 0" [firmware/nnet_utils/nnet_mult.h:73->firmware/nnet_utils/nnet_dense_latency.h:42]   --->   Operation 204 'bitconcatenate' 'tmp_417' <Predicate = true> <Delay = 0.00>
ST_1 : Operation 205 [1/1] (0.00ns)   --->   "%sext_ln73_44 = sext i17 %tmp_417" [firmware/nnet_utils/nnet_mult.h:73->firmware/nnet_utils/nnet_dense_latency.h:42]   --->   Operation 205 'sext' 'sext_ln73_44' <Predicate = true> <Delay = 0.00>
ST_1 : Operation 206 [1/1] (0.79ns)   --->   "%sub_ln73_128 = sub i18 0, i18 %sext_ln73_44" [firmware/nnet_utils/nnet_mult.h:73->firmware/nnet_utils/nnet_dense_latency.h:42]   --->   Operation 206 'sub' 'sub_ln73_128' <Predicate = true> <Delay = 0.79> <CoreInst = "Adder">   --->   Core 1 'Adder' <Latency = 0> <II = 1> <Delay = 0.79> <FuncUnit> <Opcode : 'add' 'sub'> <InPorts = 2> <OutPorts = 1>
ST_1 : Operation 207 [1/1] (0.00ns)   --->   "%mult_135 = partselect i15 @_ssdm_op_PartSelect.i15.i18.i32.i32, i18 %sub_ln73_128, i32 3, i32 17" [firmware/nnet_utils/nnet_dense_latency.h:42]   --->   Operation 207 'partselect' 'mult_135' <Predicate = true> <Delay = 0.00>
ST_1 : Operation 208 [1/1] (0.00ns)   --->   "%sext_ln42_30 = sext i15 %mult_135" [firmware/nnet_utils/nnet_dense_latency.h:42]   --->   Operation 208 'sext' 'sext_ln42_30' <Predicate = true> <Delay = 0.00>
ST_1 : Operation 209 [1/1] (0.00ns)   --->   "%mult_136 = partselect i14 @_ssdm_op_PartSelect.i14.i256.i32.i32, i256 %data_val_read, i32 114, i32 127" [firmware/nnet_utils/nnet_dense_latency.h:42]   --->   Operation 209 'partselect' 'mult_136' <Predicate = true> <Delay = 0.00>
ST_1 : Operation 210 [1/1] (0.00ns)   --->   "%sext_ln42_31 = sext i14 %mult_136" [firmware/nnet_utils/nnet_dense_latency.h:42]   --->   Operation 210 'sext' 'sext_ln42_31' <Predicate = true> <Delay = 0.00>
ST_1 : Operation 211 [1/1] (0.00ns)   --->   "%sext_ln17_68 = sext i14 %mult_136" [firmware/nnet_utils/nnet_dense_latency.h:17]   --->   Operation 211 'sext' 'sext_ln17_68' <Predicate = true> <Delay = 0.00>
ST_1 : Operation 212 [1/1] (0.00ns)   --->   "%mult_137 = partselect i13 @_ssdm_op_PartSelect.i13.i256.i32.i32, i256 %data_val_read, i32 115, i32 127" [firmware/nnet_utils/nnet_dense_latency.h:42]   --->   Operation 212 'partselect' 'mult_137' <Predicate = true> <Delay = 0.00>
ST_1 : Operation 213 [1/1] (0.00ns)   --->   "%sext_ln17_69 = sext i13 %mult_137" [firmware/nnet_utils/nnet_dense_latency.h:17]   --->   Operation 213 'sext' 'sext_ln17_69' <Predicate = true> <Delay = 0.00>
ST_1 : Operation 214 [1/1] (0.00ns)   --->   "%sext_ln17_70 = sext i13 %mult_137" [firmware/nnet_utils/nnet_dense_latency.h:17]   --->   Operation 214 'sext' 'sext_ln17_70' <Predicate = true> <Delay = 0.00>
ST_1 : Operation 215 [1/1] (0.78ns)   --->   "%sub_ln73_18 = sub i17 0, i17 %sext_ln73_16" [firmware/nnet_utils/nnet_mult.h:73->firmware/nnet_utils/nnet_dense_latency.h:42]   --->   Operation 215 'sub' 'sub_ln73_18' <Predicate = true> <Delay = 0.78> <CoreInst = "Adder">   --->   Core 1 'Adder' <Latency = 0> <II = 1> <Delay = 0.78> <FuncUnit> <Opcode : 'add' 'sub'> <InPorts = 2> <OutPorts = 1>
ST_1 : Operation 216 [1/1] (0.00ns)   --->   "%mult_138 = partselect i14 @_ssdm_op_PartSelect.i14.i17.i32.i32, i17 %sub_ln73_18, i32 3, i32 16" [firmware/nnet_utils/nnet_dense_latency.h:42]   --->   Operation 216 'partselect' 'mult_138' <Predicate = true> <Delay = 0.00>
ST_1 : Operation 217 [1/1] (0.00ns)   --->   "%sext_ln42_32 = sext i14 %mult_138" [firmware/nnet_utils/nnet_dense_latency.h:42]   --->   Operation 217 'sext' 'sext_ln42_32' <Predicate = true> <Delay = 0.00>
ST_1 : Operation 218 [1/1] (0.00ns)   --->   "%sext_ln17_71 = sext i14 %mult_138" [firmware/nnet_utils/nnet_dense_latency.h:17]   --->   Operation 218 'sext' 'sext_ln17_71' <Predicate = true> <Delay = 0.00>
ST_1 : Operation 219 [1/1] (0.79ns)   --->   "%sub_ln73_129 = sub i19 %sext_ln42_29, i19 %sext_ln73_15" [firmware/nnet_utils/nnet_mult.h:73->firmware/nnet_utils/nnet_dense_latency.h:42]   --->   Operation 219 'sub' 'sub_ln73_129' <Predicate = true> <Delay = 0.79> <CoreInst = "Adder">   --->   Core 1 'Adder' <Latency = 0> <II = 1> <Delay = 0.79> <FuncUnit> <Opcode : 'add' 'sub'> <InPorts = 2> <OutPorts = 1>
ST_1 : Operation 220 [1/1] (0.00ns)   --->   "%mult_139 = partselect i16 @_ssdm_op_PartSelect.i16.i19.i32.i32, i19 %sub_ln73_129, i32 3, i32 18" [firmware/nnet_utils/nnet_dense_latency.h:42]   --->   Operation 220 'partselect' 'mult_139' <Predicate = true> <Delay = 0.00>
ST_1 : Operation 221 [1/1] (0.79ns)   --->   "%sub_ln73_130 = sub i19 %sext_ln73_15, i19 %sext_ln42_29" [firmware/nnet_utils/nnet_mult.h:73->firmware/nnet_utils/nnet_dense_latency.h:42]   --->   Operation 221 'sub' 'sub_ln73_130' <Predicate = true> <Delay = 0.79> <CoreInst = "Adder">   --->   Core 1 'Adder' <Latency = 0> <II = 1> <Delay = 0.79> <FuncUnit> <Opcode : 'add' 'sub'> <InPorts = 2> <OutPorts = 1>
ST_1 : Operation 222 [1/1] (0.00ns)   --->   "%mult_140 = partselect i16 @_ssdm_op_PartSelect.i16.i19.i32.i32, i19 %sub_ln73_130, i32 3, i32 18" [firmware/nnet_utils/nnet_dense_latency.h:42]   --->   Operation 222 'partselect' 'mult_140' <Predicate = true> <Delay = 0.00>
ST_1 : Operation 223 [1/1] (0.00ns)   --->   "%p_shl28 = bitconcatenate i19 @_ssdm_op_BitConcatenate.i19.i16.i3, i16 %a_7, i3 0" [firmware/nnet_utils/nnet_dense_latency.h:42]   --->   Operation 223 'bitconcatenate' 'p_shl28' <Predicate = true> <Delay = 0.00>
ST_1 : Operation 224 [1/1] (0.80ns)   --->   "%sub_ln42_5 = sub i19 %p_shl28, i19 %sext_ln73_15" [firmware/nnet_utils/nnet_dense_latency.h:42]   --->   Operation 224 'sub' 'sub_ln42_5' <Predicate = true> <Delay = 0.80> <CoreInst = "Adder">   --->   Core 1 'Adder' <Latency = 0> <II = 1> <Delay = 0.80> <FuncUnit> <Opcode : 'add' 'sub'> <InPorts = 2> <OutPorts = 1>
ST_1 : Operation 225 [1/1] (0.00ns)   --->   "%mult_141 = partselect i16 @_ssdm_op_PartSelect.i16.i19.i32.i32, i19 %sub_ln42_5, i32 3, i32 18" [firmware/nnet_utils/nnet_dense_latency.h:42]   --->   Operation 225 'partselect' 'mult_141' <Predicate = true> <Delay = 0.00>
ST_1 : Operation 226 [1/1] (0.00ns)   --->   "%mult_142 = partselect i16 @_ssdm_op_PartSelect.i16.i19.i32.i32, i19 %sub_ln42_3, i32 3, i32 18" [firmware/nnet_utils/nnet_dense_latency.h:42]   --->   Operation 226 'partselect' 'mult_142' <Predicate = true> <Delay = 0.00>
ST_1 : Operation 227 [1/1] (0.00ns)   --->   "%a_8 = partselect i16 @_ssdm_op_PartSelect.i16.i256.i32.i32, i256 %data_val_read, i32 128, i32 143"   --->   Operation 227 'partselect' 'a_8' <Predicate = true> <Delay = 0.00>
ST_1 : Operation 228 [1/1] (0.00ns)   --->   "%sext_ln42_33 = sext i16 %a_8" [firmware/nnet_utils/nnet_dense_latency.h:42]   --->   Operation 228 'sext' 'sext_ln42_33' <Predicate = true> <Delay = 0.00>
ST_1 : Operation 229 [1/1] (0.00ns)   --->   "%sext_ln42_34 = sext i16 %a_8" [firmware/nnet_utils/nnet_dense_latency.h:42]   --->   Operation 229 'sext' 'sext_ln42_34' <Predicate = true> <Delay = 0.00>
ST_1 : Operation 230 [1/1] (0.00ns)   --->   "%mult_143 = partselect i15 @_ssdm_op_PartSelect.i15.i256.i32.i32, i256 %data_val_read, i32 129, i32 143" [firmware/nnet_utils/nnet_dense_latency.h:42]   --->   Operation 230 'partselect' 'mult_143' <Predicate = true> <Delay = 0.00>
ST_1 : Operation 231 [1/1] (0.00ns)   --->   "%sext_ln42_35 = sext i15 %mult_143" [firmware/nnet_utils/nnet_dense_latency.h:42]   --->   Operation 231 'sext' 'sext_ln42_35' <Predicate = true> <Delay = 0.00>
ST_1 : Operation 232 [1/1] (0.00ns)   --->   "%tmp_418 = bitconcatenate i17 @_ssdm_op_BitConcatenate.i17.i16.i1, i16 %a_8, i1 0" [firmware/nnet_utils/nnet_mult.h:73->firmware/nnet_utils/nnet_dense_latency.h:42]   --->   Operation 232 'bitconcatenate' 'tmp_418' <Predicate = true> <Delay = 0.00>
ST_1 : Operation 233 [1/1] (0.00ns)   --->   "%sext_ln73_45 = sext i17 %tmp_418" [firmware/nnet_utils/nnet_mult.h:73->firmware/nnet_utils/nnet_dense_latency.h:42]   --->   Operation 233 'sext' 'sext_ln73_45' <Predicate = true> <Delay = 0.00>
ST_1 : Operation 234 [1/1] (0.79ns)   --->   "%sub_ln73_131 = sub i18 0, i18 %sext_ln73_45" [firmware/nnet_utils/nnet_mult.h:73->firmware/nnet_utils/nnet_dense_latency.h:42]   --->   Operation 234 'sub' 'sub_ln73_131' <Predicate = true> <Delay = 0.79> <CoreInst = "Adder">   --->   Core 1 'Adder' <Latency = 0> <II = 1> <Delay = 0.79> <FuncUnit> <Opcode : 'add' 'sub'> <InPorts = 2> <OutPorts = 1>
ST_1 : Operation 235 [1/1] (0.00ns)   --->   "%mult_144 = partselect i15 @_ssdm_op_PartSelect.i15.i18.i32.i32, i18 %sub_ln73_131, i32 3, i32 17" [firmware/nnet_utils/nnet_dense_latency.h:42]   --->   Operation 235 'partselect' 'mult_144' <Predicate = true> <Delay = 0.00>
ST_1 : Operation 236 [1/1] (0.00ns)   --->   "%sext_ln42_36 = sext i15 %mult_144" [firmware/nnet_utils/nnet_dense_latency.h:42]   --->   Operation 236 'sext' 'sext_ln42_36' <Predicate = true> <Delay = 0.00>
ST_1 : Operation 237 [1/1] (0.78ns)   --->   "%sub_ln73_19 = sub i17 0, i17 %sext_ln42_34" [firmware/nnet_utils/nnet_mult.h:73->firmware/nnet_utils/nnet_dense_latency.h:42]   --->   Operation 237 'sub' 'sub_ln73_19' <Predicate = true> <Delay = 0.78> <CoreInst = "Adder">   --->   Core 1 'Adder' <Latency = 0> <II = 1> <Delay = 0.78> <FuncUnit> <Opcode : 'add' 'sub'> <InPorts = 2> <OutPorts = 1>
ST_1 : Operation 238 [1/1] (0.00ns)   --->   "%mult_145 = partselect i14 @_ssdm_op_PartSelect.i14.i17.i32.i32, i17 %sub_ln73_19, i32 3, i32 16" [firmware/nnet_utils/nnet_dense_latency.h:42]   --->   Operation 238 'partselect' 'mult_145' <Predicate = true> <Delay = 0.00>
ST_1 : Operation 239 [1/1] (0.00ns)   --->   "%sext_ln42_37 = sext i14 %mult_145" [firmware/nnet_utils/nnet_dense_latency.h:42]   --->   Operation 239 'sext' 'sext_ln42_37' <Predicate = true> <Delay = 0.00>
ST_1 : Operation 240 [1/1] (0.00ns)   --->   "%sext_ln17_72 = sext i14 %mult_145" [firmware/nnet_utils/nnet_dense_latency.h:17]   --->   Operation 240 'sext' 'sext_ln17_72' <Predicate = true> <Delay = 0.00>
ST_1 : Operation 241 [1/1] (0.00ns)   --->   "%mult_146 = partselect i13 @_ssdm_op_PartSelect.i13.i256.i32.i32, i256 %data_val_read, i32 131, i32 143" [firmware/nnet_utils/nnet_dense_latency.h:42]   --->   Operation 241 'partselect' 'mult_146' <Predicate = true> <Delay = 0.00>
ST_1 : Operation 242 [1/1] (0.00ns)   --->   "%sext_ln17_73 = sext i13 %mult_146" [firmware/nnet_utils/nnet_dense_latency.h:17]   --->   Operation 242 'sext' 'sext_ln17_73' <Predicate = true> <Delay = 0.00>
ST_1 : Operation 243 [1/1] (0.00ns)   --->   "%sext_ln17_74 = sext i13 %mult_146" [firmware/nnet_utils/nnet_dense_latency.h:17]   --->   Operation 243 'sext' 'sext_ln17_74' <Predicate = true> <Delay = 0.00>
ST_1 : Operation 244 [1/1] (0.00ns)   --->   "%tmp_419 = bitconcatenate i18 @_ssdm_op_BitConcatenate.i18.i16.i2, i16 %a_8, i2 0" [firmware/nnet_utils/nnet_mult.h:73->firmware/nnet_utils/nnet_dense_latency.h:42]   --->   Operation 244 'bitconcatenate' 'tmp_419' <Predicate = true> <Delay = 0.00>
ST_1 : Operation 245 [1/1] (0.00ns)   --->   "%sext_ln73_46 = sext i18 %tmp_419" [firmware/nnet_utils/nnet_mult.h:73->firmware/nnet_utils/nnet_dense_latency.h:42]   --->   Operation 245 'sext' 'sext_ln73_46' <Predicate = true> <Delay = 0.00>
ST_1 : Operation 246 [1/1] (0.79ns)   --->   "%sub_ln73_132 = sub i19 %sext_ln73_46, i19 %sext_ln42_33" [firmware/nnet_utils/nnet_mult.h:73->firmware/nnet_utils/nnet_dense_latency.h:42]   --->   Operation 246 'sub' 'sub_ln73_132' <Predicate = true> <Delay = 0.79> <CoreInst = "Adder">   --->   Core 1 'Adder' <Latency = 0> <II = 1> <Delay = 0.79> <FuncUnit> <Opcode : 'add' 'sub'> <InPorts = 2> <OutPorts = 1>
ST_1 : Operation 247 [1/1] (0.00ns)   --->   "%mult_147 = partselect i16 @_ssdm_op_PartSelect.i16.i19.i32.i32, i19 %sub_ln73_132, i32 3, i32 18" [firmware/nnet_utils/nnet_dense_latency.h:42]   --->   Operation 247 'partselect' 'mult_147' <Predicate = true> <Delay = 0.00>
ST_1 : Operation 248 [1/1] (0.79ns)   --->   "%sub_ln73_133 = sub i19 0, i19 %sext_ln73_46" [firmware/nnet_utils/nnet_mult.h:73->firmware/nnet_utils/nnet_dense_latency.h:42]   --->   Operation 248 'sub' 'sub_ln73_133' <Predicate = true> <Delay = 0.79> <CoreInst = "Adder">   --->   Core 1 'Adder' <Latency = 0> <II = 1> <Delay = 0.79> <FuncUnit> <Opcode : 'add' 'sub'> <InPorts = 2> <OutPorts = 1>
ST_1 : Operation 249 [1/1] (0.00ns)   --->   "%mult_148 = partselect i16 @_ssdm_op_PartSelect.i16.i19.i32.i32, i19 %sub_ln73_133, i32 3, i32 18" [firmware/nnet_utils/nnet_dense_latency.h:42]   --->   Operation 249 'partselect' 'mult_148' <Predicate = true> <Delay = 0.00>
ST_1 : Operation 250 [1/1] (0.00ns)   --->   "%p_shl29 = bitconcatenate i19 @_ssdm_op_BitConcatenate.i19.i16.i3, i16 %a_8, i3 0" [firmware/nnet_utils/nnet_dense_latency.h:42]   --->   Operation 250 'bitconcatenate' 'p_shl29' <Predicate = true> <Delay = 0.00>
ST_1 : Operation 251 [1/1] (0.80ns)   --->   "%sub_ln42_6 = sub i19 0, i19 %p_shl29" [firmware/nnet_utils/nnet_dense_latency.h:42]   --->   Operation 251 'sub' 'sub_ln42_6' <Predicate = true> <Delay = 0.80> <CoreInst = "Adder">   --->   Core 1 'Adder' <Latency = 0> <II = 1> <Delay = 0.80> <FuncUnit> <Opcode : 'add' 'sub'> <InPorts = 2> <OutPorts = 1>
ST_1 : Operation 252 [1/1] (0.00ns)   --->   "%mult_149 = partselect i16 @_ssdm_op_PartSelect.i16.i19.i32.i32, i19 %sub_ln42_6, i32 3, i32 18" [firmware/nnet_utils/nnet_dense_latency.h:42]   --->   Operation 252 'partselect' 'mult_149' <Predicate = true> <Delay = 0.00>
ST_1 : Operation 253 [1/1] (0.00ns)   --->   "%mult_150 = partselect i14 @_ssdm_op_PartSelect.i14.i256.i32.i32, i256 %data_val_read, i32 130, i32 143" [firmware/nnet_utils/nnet_dense_latency.h:42]   --->   Operation 253 'partselect' 'mult_150' <Predicate = true> <Delay = 0.00>
ST_1 : Operation 254 [1/1] (0.00ns)   --->   "%sext_ln17_75 = sext i14 %mult_150" [firmware/nnet_utils/nnet_dense_latency.h:17]   --->   Operation 254 'sext' 'sext_ln17_75' <Predicate = true> <Delay = 0.00>
ST_1 : Operation 255 [1/1] (0.79ns)   --->   "%sub_ln73_134 = sub i19 %sext_ln42_33, i19 %sext_ln73_46" [firmware/nnet_utils/nnet_mult.h:73->firmware/nnet_utils/nnet_dense_latency.h:42]   --->   Operation 255 'sub' 'sub_ln73_134' <Predicate = true> <Delay = 0.79> <CoreInst = "Adder">   --->   Core 1 'Adder' <Latency = 0> <II = 1> <Delay = 0.79> <FuncUnit> <Opcode : 'add' 'sub'> <InPorts = 2> <OutPorts = 1>
ST_1 : Operation 256 [1/1] (0.00ns)   --->   "%mult_151 = partselect i16 @_ssdm_op_PartSelect.i16.i19.i32.i32, i19 %sub_ln73_134, i32 3, i32 18" [firmware/nnet_utils/nnet_dense_latency.h:42]   --->   Operation 256 'partselect' 'mult_151' <Predicate = true> <Delay = 0.00>
ST_1 : Operation 257 [1/1] (0.00ns)   --->   "%a_9 = partselect i16 @_ssdm_op_PartSelect.i16.i256.i32.i32, i256 %data_val_read, i32 144, i32 159"   --->   Operation 257 'partselect' 'a_9' <Predicate = true> <Delay = 0.00>
ST_1 : Operation 258 [1/1] (0.00ns)   --->   "%mult_152 = partselect i13 @_ssdm_op_PartSelect.i13.i256.i32.i32, i256 %data_val_read, i32 147, i32 159" [firmware/nnet_utils/nnet_dense_latency.h:42]   --->   Operation 258 'partselect' 'mult_152' <Predicate = true> <Delay = 0.00>
ST_1 : Operation 259 [1/1] (0.00ns)   --->   "%sext_ln42_38 = sext i13 %mult_152" [firmware/nnet_utils/nnet_dense_latency.h:42]   --->   Operation 259 'sext' 'sext_ln42_38' <Predicate = true> <Delay = 0.00>
ST_1 : Operation 260 [1/1] (0.00ns)   --->   "%sext_ln17_76 = sext i13 %mult_152" [firmware/nnet_utils/nnet_dense_latency.h:17]   --->   Operation 260 'sext' 'sext_ln17_76' <Predicate = true> <Delay = 0.00>
ST_1 : Operation 261 [1/1] (0.00ns)   --->   "%sext_ln17_77 = sext i13 %mult_152" [firmware/nnet_utils/nnet_dense_latency.h:17]   --->   Operation 261 'sext' 'sext_ln17_77' <Predicate = true> <Delay = 0.00>
ST_1 : Operation 262 [1/1] (0.00ns)   --->   "%sext_ln73_18 = sext i16 %a_9" [firmware/nnet_utils/nnet_mult.h:73->firmware/nnet_utils/nnet_dense_latency.h:42]   --->   Operation 262 'sext' 'sext_ln73_18' <Predicate = true> <Delay = 0.00>
ST_1 : Operation 263 [1/1] (0.00ns)   --->   "%sext_ln73_20 = sext i16 %a_9" [firmware/nnet_utils/nnet_mult.h:73->firmware/nnet_utils/nnet_dense_latency.h:42]   --->   Operation 263 'sext' 'sext_ln73_20' <Predicate = true> <Delay = 0.00>
ST_1 : Operation 264 [1/1] (0.78ns)   --->   "%sub_ln73_20 = sub i17 0, i17 %sext_ln73_20" [firmware/nnet_utils/nnet_mult.h:73->firmware/nnet_utils/nnet_dense_latency.h:42]   --->   Operation 264 'sub' 'sub_ln73_20' <Predicate = true> <Delay = 0.78> <CoreInst = "Adder">   --->   Core 1 'Adder' <Latency = 0> <II = 1> <Delay = 0.78> <FuncUnit> <Opcode : 'add' 'sub'> <InPorts = 2> <OutPorts = 1>
ST_1 : Operation 265 [1/1] (0.00ns)   --->   "%mult_153 = partselect i14 @_ssdm_op_PartSelect.i14.i17.i32.i32, i17 %sub_ln73_20, i32 3, i32 16" [firmware/nnet_utils/nnet_dense_latency.h:42]   --->   Operation 265 'partselect' 'mult_153' <Predicate = true> <Delay = 0.00>
ST_1 : Operation 266 [1/1] (0.00ns)   --->   "%sext_ln42_39 = sext i14 %mult_153" [firmware/nnet_utils/nnet_dense_latency.h:42]   --->   Operation 266 'sext' 'sext_ln42_39' <Predicate = true> <Delay = 0.00>
ST_1 : Operation 267 [1/1] (0.00ns)   --->   "%sext_ln17_78 = sext i14 %mult_153" [firmware/nnet_utils/nnet_dense_latency.h:17]   --->   Operation 267 'sext' 'sext_ln17_78' <Predicate = true> <Delay = 0.00>
ST_1 : Operation 268 [1/1] (0.00ns)   --->   "%tmp_420 = bitconcatenate i17 @_ssdm_op_BitConcatenate.i17.i16.i1, i16 %a_9, i1 0" [firmware/nnet_utils/nnet_mult.h:73->firmware/nnet_utils/nnet_dense_latency.h:42]   --->   Operation 268 'bitconcatenate' 'tmp_420' <Predicate = true> <Delay = 0.00>
ST_1 : Operation 269 [1/1] (0.00ns)   --->   "%sext_ln73_47 = sext i17 %tmp_420" [firmware/nnet_utils/nnet_mult.h:73->firmware/nnet_utils/nnet_dense_latency.h:42]   --->   Operation 269 'sext' 'sext_ln73_47' <Predicate = true> <Delay = 0.00>
ST_1 : Operation 270 [1/1] (0.79ns)   --->   "%sub_ln73_135 = sub i18 0, i18 %sext_ln73_47" [firmware/nnet_utils/nnet_mult.h:73->firmware/nnet_utils/nnet_dense_latency.h:42]   --->   Operation 270 'sub' 'sub_ln73_135' <Predicate = true> <Delay = 0.79> <CoreInst = "Adder">   --->   Core 1 'Adder' <Latency = 0> <II = 1> <Delay = 0.79> <FuncUnit> <Opcode : 'add' 'sub'> <InPorts = 2> <OutPorts = 1>
ST_1 : Operation 271 [1/1] (0.00ns)   --->   "%mult_154 = partselect i15 @_ssdm_op_PartSelect.i15.i18.i32.i32, i18 %sub_ln73_135, i32 3, i32 17" [firmware/nnet_utils/nnet_dense_latency.h:42]   --->   Operation 271 'partselect' 'mult_154' <Predicate = true> <Delay = 0.00>
ST_1 : Operation 272 [1/1] (0.00ns)   --->   "%sext_ln42_40 = sext i15 %mult_154" [firmware/nnet_utils/nnet_dense_latency.h:42]   --->   Operation 272 'sext' 'sext_ln42_40' <Predicate = true> <Delay = 0.00>
ST_1 : Operation 273 [1/1] (0.00ns)   --->   "%mult_155 = partselect i14 @_ssdm_op_PartSelect.i14.i256.i32.i32, i256 %data_val_read, i32 146, i32 159" [firmware/nnet_utils/nnet_dense_latency.h:42]   --->   Operation 273 'partselect' 'mult_155' <Predicate = true> <Delay = 0.00>
ST_1 : Operation 274 [1/1] (0.00ns)   --->   "%sext_ln42_41 = sext i14 %mult_155" [firmware/nnet_utils/nnet_dense_latency.h:42]   --->   Operation 274 'sext' 'sext_ln42_41' <Predicate = true> <Delay = 0.00>
ST_1 : Operation 275 [1/1] (0.00ns)   --->   "%sext_ln17_79 = sext i14 %mult_155" [firmware/nnet_utils/nnet_dense_latency.h:17]   --->   Operation 275 'sext' 'sext_ln17_79' <Predicate = true> <Delay = 0.00>
ST_1 : Operation 276 [1/1] (0.00ns)   --->   "%tmp_421 = bitconcatenate i18 @_ssdm_op_BitConcatenate.i18.i16.i2, i16 %a_9, i2 0" [firmware/nnet_utils/nnet_mult.h:73->firmware/nnet_utils/nnet_dense_latency.h:42]   --->   Operation 276 'bitconcatenate' 'tmp_421' <Predicate = true> <Delay = 0.00>
ST_1 : Operation 277 [1/1] (0.00ns)   --->   "%sext_ln73_48 = sext i18 %tmp_421" [firmware/nnet_utils/nnet_mult.h:73->firmware/nnet_utils/nnet_dense_latency.h:42]   --->   Operation 277 'sext' 'sext_ln73_48' <Predicate = true> <Delay = 0.00>
ST_1 : Operation 278 [1/1] (0.79ns)   --->   "%sub_ln73_136 = sub i19 0, i19 %sext_ln73_48" [firmware/nnet_utils/nnet_mult.h:73->firmware/nnet_utils/nnet_dense_latency.h:42]   --->   Operation 278 'sub' 'sub_ln73_136' <Predicate = true> <Delay = 0.79> <CoreInst = "Adder">   --->   Core 1 'Adder' <Latency = 0> <II = 1> <Delay = 0.79> <FuncUnit> <Opcode : 'add' 'sub'> <InPorts = 2> <OutPorts = 1>
ST_1 : Operation 279 [1/1] (0.00ns)   --->   "%mult_156 = partselect i16 @_ssdm_op_PartSelect.i16.i19.i32.i32, i19 %sub_ln73_136, i32 3, i32 18" [firmware/nnet_utils/nnet_dense_latency.h:42]   --->   Operation 279 'partselect' 'mult_156' <Predicate = true> <Delay = 0.00>
ST_1 : Operation 280 [1/1] (0.79ns)   --->   "%sub_ln73_137 = sub i19 %sext_ln73_18, i19 %sext_ln73_48" [firmware/nnet_utils/nnet_mult.h:73->firmware/nnet_utils/nnet_dense_latency.h:42]   --->   Operation 280 'sub' 'sub_ln73_137' <Predicate = true> <Delay = 0.79> <CoreInst = "Adder">   --->   Core 1 'Adder' <Latency = 0> <II = 1> <Delay = 0.79> <FuncUnit> <Opcode : 'add' 'sub'> <InPorts = 2> <OutPorts = 1>
ST_1 : Operation 281 [1/1] (0.00ns)   --->   "%mult_157 = partselect i16 @_ssdm_op_PartSelect.i16.i19.i32.i32, i19 %sub_ln73_137, i32 3, i32 18" [firmware/nnet_utils/nnet_dense_latency.h:42]   --->   Operation 281 'partselect' 'mult_157' <Predicate = true> <Delay = 0.00>
ST_1 : Operation 282 [1/1] (0.00ns)   --->   "%a_10 = partselect i16 @_ssdm_op_PartSelect.i16.i256.i32.i32, i256 %data_val_read, i32 160, i32 175"   --->   Operation 282 'partselect' 'a_10' <Predicate = true> <Delay = 0.00>
ST_1 : Operation 283 [1/1] (0.00ns)   --->   "%sext_ln73_22 = sext i16 %a_10" [firmware/nnet_utils/nnet_mult.h:73->firmware/nnet_utils/nnet_dense_latency.h:42]   --->   Operation 283 'sext' 'sext_ln73_22' <Predicate = true> <Delay = 0.00>
ST_1 : Operation 284 [1/1] (0.00ns)   --->   "%sext_ln73_23 = sext i16 %a_10" [firmware/nnet_utils/nnet_mult.h:73->firmware/nnet_utils/nnet_dense_latency.h:42]   --->   Operation 284 'sext' 'sext_ln73_23' <Predicate = true> <Delay = 0.00>
ST_1 : Operation 285 [1/1] (0.78ns)   --->   "%sub_ln73_21 = sub i17 0, i17 %sext_ln73_23" [firmware/nnet_utils/nnet_mult.h:73->firmware/nnet_utils/nnet_dense_latency.h:42]   --->   Operation 285 'sub' 'sub_ln73_21' <Predicate = true> <Delay = 0.78> <CoreInst = "Adder">   --->   Core 1 'Adder' <Latency = 0> <II = 1> <Delay = 0.78> <FuncUnit> <Opcode : 'add' 'sub'> <InPorts = 2> <OutPorts = 1>
ST_1 : Operation 286 [1/1] (0.00ns)   --->   "%mult_158 = partselect i14 @_ssdm_op_PartSelect.i14.i17.i32.i32, i17 %sub_ln73_21, i32 3, i32 16" [firmware/nnet_utils/nnet_dense_latency.h:42]   --->   Operation 286 'partselect' 'mult_158' <Predicate = true> <Delay = 0.00>
ST_1 : Operation 287 [1/1] (0.00ns)   --->   "%sext_ln42_42 = sext i14 %mult_158" [firmware/nnet_utils/nnet_dense_latency.h:42]   --->   Operation 287 'sext' 'sext_ln42_42' <Predicate = true> <Delay = 0.00>
ST_1 : Operation 288 [1/1] (0.00ns)   --->   "%sext_ln17_80 = sext i14 %mult_158" [firmware/nnet_utils/nnet_dense_latency.h:17]   --->   Operation 288 'sext' 'sext_ln17_80' <Predicate = true> <Delay = 0.00>
ST_1 : Operation 289 [1/1] (0.00ns)   --->   "%mult_159 = partselect i13 @_ssdm_op_PartSelect.i13.i256.i32.i32, i256 %data_val_read, i32 163, i32 175" [firmware/nnet_utils/nnet_dense_latency.h:42]   --->   Operation 289 'partselect' 'mult_159' <Predicate = true> <Delay = 0.00>
ST_1 : Operation 290 [1/1] (0.00ns)   --->   "%sext_ln42_43 = sext i13 %mult_159" [firmware/nnet_utils/nnet_dense_latency.h:42]   --->   Operation 290 'sext' 'sext_ln42_43' <Predicate = true> <Delay = 0.00>
ST_1 : Operation 291 [1/1] (0.00ns)   --->   "%sext_ln17_81 = sext i13 %mult_159" [firmware/nnet_utils/nnet_dense_latency.h:17]   --->   Operation 291 'sext' 'sext_ln17_81' <Predicate = true> <Delay = 0.00>
ST_1 : Operation 292 [1/1] (0.00ns)   --->   "%sext_ln17_82 = sext i13 %mult_159" [firmware/nnet_utils/nnet_dense_latency.h:17]   --->   Operation 292 'sext' 'sext_ln17_82' <Predicate = true> <Delay = 0.00>
ST_1 : Operation 293 [1/1] (0.00ns)   --->   "%tmp_422 = bitconcatenate i18 @_ssdm_op_BitConcatenate.i18.i16.i2, i16 %a_10, i2 0" [firmware/nnet_utils/nnet_mult.h:73->firmware/nnet_utils/nnet_dense_latency.h:42]   --->   Operation 293 'bitconcatenate' 'tmp_422' <Predicate = true> <Delay = 0.00>
ST_1 : Operation 294 [1/1] (0.00ns)   --->   "%sext_ln73_49 = sext i18 %tmp_422" [firmware/nnet_utils/nnet_mult.h:73->firmware/nnet_utils/nnet_dense_latency.h:42]   --->   Operation 294 'sext' 'sext_ln73_49' <Predicate = true> <Delay = 0.00>
ST_1 : Operation 295 [1/1] (0.79ns)   --->   "%sub_ln73_138 = sub i19 %sext_ln73_22, i19 %sext_ln73_49" [firmware/nnet_utils/nnet_mult.h:73->firmware/nnet_utils/nnet_dense_latency.h:42]   --->   Operation 295 'sub' 'sub_ln73_138' <Predicate = true> <Delay = 0.79> <CoreInst = "Adder">   --->   Core 1 'Adder' <Latency = 0> <II = 1> <Delay = 0.79> <FuncUnit> <Opcode : 'add' 'sub'> <InPorts = 2> <OutPorts = 1>
ST_1 : Operation 296 [1/1] (0.00ns)   --->   "%mult_160 = partselect i16 @_ssdm_op_PartSelect.i16.i19.i32.i32, i19 %sub_ln73_138, i32 3, i32 18" [firmware/nnet_utils/nnet_dense_latency.h:42]   --->   Operation 296 'partselect' 'mult_160' <Predicate = true> <Delay = 0.00>
ST_1 : Operation 297 [1/1] (0.00ns)   --->   "%mult_161 = partselect i14 @_ssdm_op_PartSelect.i14.i256.i32.i32, i256 %data_val_read, i32 162, i32 175" [firmware/nnet_utils/nnet_dense_latency.h:42]   --->   Operation 297 'partselect' 'mult_161' <Predicate = true> <Delay = 0.00>
ST_1 : Operation 298 [1/1] (0.00ns)   --->   "%sext_ln17_83 = sext i14 %mult_161" [firmware/nnet_utils/nnet_dense_latency.h:17]   --->   Operation 298 'sext' 'sext_ln17_83' <Predicate = true> <Delay = 0.00>
ST_1 : Operation 299 [1/1] (0.00ns)   --->   "%tmp_423 = bitconcatenate i17 @_ssdm_op_BitConcatenate.i17.i16.i1, i16 %a_10, i1 0" [firmware/nnet_utils/nnet_mult.h:73->firmware/nnet_utils/nnet_dense_latency.h:42]   --->   Operation 299 'bitconcatenate' 'tmp_423' <Predicate = true> <Delay = 0.00>
ST_1 : Operation 300 [1/1] (0.00ns)   --->   "%sext_ln73_50 = sext i17 %tmp_423" [firmware/nnet_utils/nnet_mult.h:73->firmware/nnet_utils/nnet_dense_latency.h:42]   --->   Operation 300 'sext' 'sext_ln73_50' <Predicate = true> <Delay = 0.00>
ST_1 : Operation 301 [1/1] (0.79ns)   --->   "%sub_ln73_139 = sub i18 0, i18 %sext_ln73_50" [firmware/nnet_utils/nnet_mult.h:73->firmware/nnet_utils/nnet_dense_latency.h:42]   --->   Operation 301 'sub' 'sub_ln73_139' <Predicate = true> <Delay = 0.79> <CoreInst = "Adder">   --->   Core 1 'Adder' <Latency = 0> <II = 1> <Delay = 0.79> <FuncUnit> <Opcode : 'add' 'sub'> <InPorts = 2> <OutPorts = 1>
ST_1 : Operation 302 [1/1] (0.00ns)   --->   "%mult_162 = partselect i15 @_ssdm_op_PartSelect.i15.i18.i32.i32, i18 %sub_ln73_139, i32 3, i32 17" [firmware/nnet_utils/nnet_dense_latency.h:42]   --->   Operation 302 'partselect' 'mult_162' <Predicate = true> <Delay = 0.00>
ST_1 : Operation 303 [1/1] (0.00ns)   --->   "%sext_ln42_44 = sext i15 %mult_162" [firmware/nnet_utils/nnet_dense_latency.h:42]   --->   Operation 303 'sext' 'sext_ln42_44' <Predicate = true> <Delay = 0.00>
ST_1 : Operation 304 [1/1] (0.79ns)   --->   "%sub_ln73_140 = sub i19 %sext_ln73_49, i19 %sext_ln73_22" [firmware/nnet_utils/nnet_mult.h:73->firmware/nnet_utils/nnet_dense_latency.h:42]   --->   Operation 304 'sub' 'sub_ln73_140' <Predicate = true> <Delay = 0.79> <CoreInst = "Adder">   --->   Core 1 'Adder' <Latency = 0> <II = 1> <Delay = 0.79> <FuncUnit> <Opcode : 'add' 'sub'> <InPorts = 2> <OutPorts = 1>
ST_1 : Operation 305 [1/1] (0.00ns)   --->   "%mult_163 = partselect i16 @_ssdm_op_PartSelect.i16.i19.i32.i32, i19 %sub_ln73_140, i32 3, i32 18" [firmware/nnet_utils/nnet_dense_latency.h:42]   --->   Operation 305 'partselect' 'mult_163' <Predicate = true> <Delay = 0.00>
ST_1 : Operation 306 [1/1] (0.00ns)   --->   "%mult_164 = partselect i15 @_ssdm_op_PartSelect.i15.i256.i32.i32, i256 %data_val_read, i32 161, i32 175" [firmware/nnet_utils/nnet_dense_latency.h:42]   --->   Operation 306 'partselect' 'mult_164' <Predicate = true> <Delay = 0.00>
ST_1 : Operation 307 [1/1] (0.00ns)   --->   "%sext_ln42_45 = sext i15 %mult_164" [firmware/nnet_utils/nnet_dense_latency.h:42]   --->   Operation 307 'sext' 'sext_ln42_45' <Predicate = true> <Delay = 0.00>
ST_1 : Operation 308 [1/1] (0.00ns)   --->   "%a_11 = partselect i16 @_ssdm_op_PartSelect.i16.i256.i32.i32, i256 %data_val_read, i32 176, i32 191"   --->   Operation 308 'partselect' 'a_11' <Predicate = true> <Delay = 0.00>
ST_1 : Operation 309 [1/1] (0.00ns)   --->   "%sext_ln73_24 = sext i16 %a_11" [firmware/nnet_utils/nnet_mult.h:73->firmware/nnet_utils/nnet_dense_latency.h:42]   --->   Operation 309 'sext' 'sext_ln73_24' <Predicate = true> <Delay = 0.00>
ST_1 : Operation 310 [1/1] (0.00ns)   --->   "%sext_ln73_25 = sext i16 %a_11" [firmware/nnet_utils/nnet_mult.h:73->firmware/nnet_utils/nnet_dense_latency.h:42]   --->   Operation 310 'sext' 'sext_ln73_25' <Predicate = true> <Delay = 0.00>
ST_1 : Operation 311 [1/1] (0.00ns)   --->   "%tmp_424 = bitconcatenate i18 @_ssdm_op_BitConcatenate.i18.i16.i2, i16 %a_11, i2 0" [firmware/nnet_utils/nnet_mult.h:73->firmware/nnet_utils/nnet_dense_latency.h:42]   --->   Operation 311 'bitconcatenate' 'tmp_424' <Predicate = true> <Delay = 0.00>
ST_1 : Operation 312 [1/1] (0.00ns)   --->   "%sext_ln73_51 = sext i18 %tmp_424" [firmware/nnet_utils/nnet_mult.h:73->firmware/nnet_utils/nnet_dense_latency.h:42]   --->   Operation 312 'sext' 'sext_ln73_51' <Predicate = true> <Delay = 0.00>
ST_1 : Operation 313 [1/1] (0.79ns)   --->   "%sub_ln73_141 = sub i19 %sext_ln73_25, i19 %sext_ln73_51" [firmware/nnet_utils/nnet_mult.h:73->firmware/nnet_utils/nnet_dense_latency.h:42]   --->   Operation 313 'sub' 'sub_ln73_141' <Predicate = true> <Delay = 0.79> <CoreInst = "Adder">   --->   Core 1 'Adder' <Latency = 0> <II = 1> <Delay = 0.79> <FuncUnit> <Opcode : 'add' 'sub'> <InPorts = 2> <OutPorts = 1>
ST_1 : Operation 314 [1/1] (0.00ns)   --->   "%mult_165 = partselect i16 @_ssdm_op_PartSelect.i16.i19.i32.i32, i19 %sub_ln73_141, i32 3, i32 18" [firmware/nnet_utils/nnet_dense_latency.h:42]   --->   Operation 314 'partselect' 'mult_165' <Predicate = true> <Delay = 0.00>
ST_1 : Operation 315 [1/1] (0.00ns)   --->   "%mult_166 = partselect i13 @_ssdm_op_PartSelect.i13.i256.i32.i32, i256 %data_val_read, i32 179, i32 191" [firmware/nnet_utils/nnet_dense_latency.h:42]   --->   Operation 315 'partselect' 'mult_166' <Predicate = true> <Delay = 0.00>
ST_1 : Operation 316 [1/1] (0.00ns)   --->   "%sext_ln17_84 = sext i13 %mult_166" [firmware/nnet_utils/nnet_dense_latency.h:17]   --->   Operation 316 'sext' 'sext_ln17_84' <Predicate = true> <Delay = 0.00>
ST_1 : Operation 317 [1/1] (0.00ns)   --->   "%sext_ln17_85 = sext i13 %mult_166" [firmware/nnet_utils/nnet_dense_latency.h:17]   --->   Operation 317 'sext' 'sext_ln17_85' <Predicate = true> <Delay = 0.00>
ST_1 : Operation 318 [1/1] (0.78ns)   --->   "%sub_ln73_22 = sub i17 0, i17 %sext_ln73_24" [firmware/nnet_utils/nnet_mult.h:73->firmware/nnet_utils/nnet_dense_latency.h:42]   --->   Operation 318 'sub' 'sub_ln73_22' <Predicate = true> <Delay = 0.78> <CoreInst = "Adder">   --->   Core 1 'Adder' <Latency = 0> <II = 1> <Delay = 0.78> <FuncUnit> <Opcode : 'add' 'sub'> <InPorts = 2> <OutPorts = 1>
ST_1 : Operation 319 [1/1] (0.00ns)   --->   "%mult_167 = partselect i14 @_ssdm_op_PartSelect.i14.i17.i32.i32, i17 %sub_ln73_22, i32 3, i32 16" [firmware/nnet_utils/nnet_dense_latency.h:42]   --->   Operation 319 'partselect' 'mult_167' <Predicate = true> <Delay = 0.00>
ST_1 : Operation 320 [1/1] (0.00ns)   --->   "%sext_ln42_46 = sext i14 %mult_167" [firmware/nnet_utils/nnet_dense_latency.h:42]   --->   Operation 320 'sext' 'sext_ln42_46' <Predicate = true> <Delay = 0.00>
ST_1 : Operation 321 [1/1] (0.00ns)   --->   "%sext_ln17_86 = sext i14 %mult_167" [firmware/nnet_utils/nnet_dense_latency.h:17]   --->   Operation 321 'sext' 'sext_ln17_86' <Predicate = true> <Delay = 0.00>
ST_1 : Operation 322 [1/1] (0.00ns)   --->   "%mult_168 = partselect i14 @_ssdm_op_PartSelect.i14.i256.i32.i32, i256 %data_val_read, i32 178, i32 191" [firmware/nnet_utils/nnet_dense_latency.h:42]   --->   Operation 322 'partselect' 'mult_168' <Predicate = true> <Delay = 0.00>
ST_1 : Operation 323 [1/1] (0.00ns)   --->   "%sext_ln17_87 = sext i14 %mult_168" [firmware/nnet_utils/nnet_dense_latency.h:17]   --->   Operation 323 'sext' 'sext_ln17_87' <Predicate = true> <Delay = 0.00>
ST_1 : Operation 324 [1/1] (0.79ns)   --->   "%sub_ln73_142 = sub i19 0, i19 %sext_ln73_51" [firmware/nnet_utils/nnet_mult.h:73->firmware/nnet_utils/nnet_dense_latency.h:42]   --->   Operation 324 'sub' 'sub_ln73_142' <Predicate = true> <Delay = 0.79> <CoreInst = "Adder">   --->   Core 1 'Adder' <Latency = 0> <II = 1> <Delay = 0.79> <FuncUnit> <Opcode : 'add' 'sub'> <InPorts = 2> <OutPorts = 1>
ST_1 : Operation 325 [1/1] (0.00ns)   --->   "%mult_169 = partselect i16 @_ssdm_op_PartSelect.i16.i19.i32.i32, i19 %sub_ln73_142, i32 3, i32 18" [firmware/nnet_utils/nnet_dense_latency.h:42]   --->   Operation 325 'partselect' 'mult_169' <Predicate = true> <Delay = 0.00>
ST_1 : Operation 326 [1/1] (0.00ns)   --->   "%a_12 = partselect i16 @_ssdm_op_PartSelect.i16.i256.i32.i32, i256 %data_val_read, i32 192, i32 207"   --->   Operation 326 'partselect' 'a_12' <Predicate = true> <Delay = 0.00>
ST_1 : Operation 327 [1/1] (0.00ns)   --->   "%sext_ln42_47 = sext i16 %a_12" [firmware/nnet_utils/nnet_dense_latency.h:42]   --->   Operation 327 'sext' 'sext_ln42_47' <Predicate = true> <Delay = 0.00>
ST_1 : Operation 328 [1/1] (0.00ns)   --->   "%sext_ln42_48 = sext i16 %a_12" [firmware/nnet_utils/nnet_dense_latency.h:42]   --->   Operation 328 'sext' 'sext_ln42_48' <Predicate = true> <Delay = 0.00>
ST_1 : Operation 329 [1/1] (0.00ns)   --->   "%mult_170 = partselect i14 @_ssdm_op_PartSelect.i14.i256.i32.i32, i256 %data_val_read, i32 194, i32 207" [firmware/nnet_utils/nnet_dense_latency.h:42]   --->   Operation 329 'partselect' 'mult_170' <Predicate = true> <Delay = 0.00>
ST_1 : Operation 330 [1/1] (0.00ns)   --->   "%sext_ln17_88 = sext i14 %mult_170" [firmware/nnet_utils/nnet_dense_latency.h:17]   --->   Operation 330 'sext' 'sext_ln17_88' <Predicate = true> <Delay = 0.00>
ST_1 : Operation 331 [1/1] (0.00ns)   --->   "%mult_171 = partselect i13 @_ssdm_op_PartSelect.i13.i256.i32.i32, i256 %data_val_read, i32 195, i32 207" [firmware/nnet_utils/nnet_dense_latency.h:42]   --->   Operation 331 'partselect' 'mult_171' <Predicate = true> <Delay = 0.00>
ST_1 : Operation 332 [1/1] (0.00ns)   --->   "%sext_ln17_89 = sext i13 %mult_171" [firmware/nnet_utils/nnet_dense_latency.h:17]   --->   Operation 332 'sext' 'sext_ln17_89' <Predicate = true> <Delay = 0.00>
ST_1 : Operation 333 [1/1] (0.00ns)   --->   "%sext_ln17_90 = sext i13 %mult_171" [firmware/nnet_utils/nnet_dense_latency.h:17]   --->   Operation 333 'sext' 'sext_ln17_90' <Predicate = true> <Delay = 0.00>
ST_1 : Operation 334 [1/1] (0.78ns)   --->   "%sub_ln73_23 = sub i17 0, i17 %sext_ln42_48" [firmware/nnet_utils/nnet_mult.h:73->firmware/nnet_utils/nnet_dense_latency.h:42]   --->   Operation 334 'sub' 'sub_ln73_23' <Predicate = true> <Delay = 0.78> <CoreInst = "Adder">   --->   Core 1 'Adder' <Latency = 0> <II = 1> <Delay = 0.78> <FuncUnit> <Opcode : 'add' 'sub'> <InPorts = 2> <OutPorts = 1>
ST_1 : Operation 335 [1/1] (0.00ns)   --->   "%mult_172 = partselect i14 @_ssdm_op_PartSelect.i14.i17.i32.i32, i17 %sub_ln73_23, i32 3, i32 16" [firmware/nnet_utils/nnet_dense_latency.h:42]   --->   Operation 335 'partselect' 'mult_172' <Predicate = true> <Delay = 0.00>
ST_1 : Operation 336 [1/1] (0.00ns)   --->   "%sext_ln42_49 = sext i14 %mult_172" [firmware/nnet_utils/nnet_dense_latency.h:42]   --->   Operation 336 'sext' 'sext_ln42_49' <Predicate = true> <Delay = 0.00>
ST_1 : Operation 337 [1/1] (0.00ns)   --->   "%sext_ln17_91 = sext i14 %mult_172" [firmware/nnet_utils/nnet_dense_latency.h:17]   --->   Operation 337 'sext' 'sext_ln17_91' <Predicate = true> <Delay = 0.00>
ST_1 : Operation 338 [1/1] (0.00ns)   --->   "%tmp_425 = bitconcatenate i17 @_ssdm_op_BitConcatenate.i17.i16.i1, i16 %a_12, i1 0" [firmware/nnet_utils/nnet_mult.h:73->firmware/nnet_utils/nnet_dense_latency.h:42]   --->   Operation 338 'bitconcatenate' 'tmp_425' <Predicate = true> <Delay = 0.00>
ST_1 : Operation 339 [1/1] (0.00ns)   --->   "%sext_ln73_52 = sext i17 %tmp_425" [firmware/nnet_utils/nnet_mult.h:73->firmware/nnet_utils/nnet_dense_latency.h:42]   --->   Operation 339 'sext' 'sext_ln73_52' <Predicate = true> <Delay = 0.00>
ST_1 : Operation 340 [1/1] (0.79ns)   --->   "%sub_ln73_143 = sub i18 0, i18 %sext_ln73_52" [firmware/nnet_utils/nnet_mult.h:73->firmware/nnet_utils/nnet_dense_latency.h:42]   --->   Operation 340 'sub' 'sub_ln73_143' <Predicate = true> <Delay = 0.79> <CoreInst = "Adder">   --->   Core 1 'Adder' <Latency = 0> <II = 1> <Delay = 0.79> <FuncUnit> <Opcode : 'add' 'sub'> <InPorts = 2> <OutPorts = 1>
ST_1 : Operation 341 [1/1] (0.00ns)   --->   "%mult_173 = partselect i15 @_ssdm_op_PartSelect.i15.i18.i32.i32, i18 %sub_ln73_143, i32 3, i32 17" [firmware/nnet_utils/nnet_dense_latency.h:42]   --->   Operation 341 'partselect' 'mult_173' <Predicate = true> <Delay = 0.00>
ST_1 : Operation 342 [1/1] (0.00ns)   --->   "%sext_ln42_50 = sext i15 %mult_173" [firmware/nnet_utils/nnet_dense_latency.h:42]   --->   Operation 342 'sext' 'sext_ln42_50' <Predicate = true> <Delay = 0.00>
ST_1 : Operation 343 [1/1] (0.00ns)   --->   "%tmp_426 = bitconcatenate i18 @_ssdm_op_BitConcatenate.i18.i16.i2, i16 %a_12, i2 0" [firmware/nnet_utils/nnet_mult.h:73->firmware/nnet_utils/nnet_dense_latency.h:42]   --->   Operation 343 'bitconcatenate' 'tmp_426' <Predicate = true> <Delay = 0.00>
ST_1 : Operation 344 [1/1] (0.00ns)   --->   "%sext_ln73_53 = sext i18 %tmp_426" [firmware/nnet_utils/nnet_mult.h:73->firmware/nnet_utils/nnet_dense_latency.h:42]   --->   Operation 344 'sext' 'sext_ln73_53' <Predicate = true> <Delay = 0.00>
ST_1 : Operation 345 [1/1] (0.79ns)   --->   "%sub_ln73_144 = sub i19 %sext_ln42_47, i19 %sext_ln73_53" [firmware/nnet_utils/nnet_mult.h:73->firmware/nnet_utils/nnet_dense_latency.h:42]   --->   Operation 345 'sub' 'sub_ln73_144' <Predicate = true> <Delay = 0.79> <CoreInst = "Adder">   --->   Core 1 'Adder' <Latency = 0> <II = 1> <Delay = 0.79> <FuncUnit> <Opcode : 'add' 'sub'> <InPorts = 2> <OutPorts = 1>
ST_1 : Operation 346 [1/1] (0.00ns)   --->   "%mult_174 = partselect i16 @_ssdm_op_PartSelect.i16.i19.i32.i32, i19 %sub_ln73_144, i32 3, i32 18" [firmware/nnet_utils/nnet_dense_latency.h:42]   --->   Operation 346 'partselect' 'mult_174' <Predicate = true> <Delay = 0.00>
ST_1 : Operation 347 [1/1] (0.79ns)   --->   "%sub_ln73_145 = sub i19 0, i19 %sext_ln73_53" [firmware/nnet_utils/nnet_mult.h:73->firmware/nnet_utils/nnet_dense_latency.h:42]   --->   Operation 347 'sub' 'sub_ln73_145' <Predicate = true> <Delay = 0.79> <CoreInst = "Adder">   --->   Core 1 'Adder' <Latency = 0> <II = 1> <Delay = 0.79> <FuncUnit> <Opcode : 'add' 'sub'> <InPorts = 2> <OutPorts = 1>
ST_1 : Operation 348 [1/1] (0.00ns)   --->   "%mult_175 = partselect i16 @_ssdm_op_PartSelect.i16.i19.i32.i32, i19 %sub_ln73_145, i32 3, i32 18" [firmware/nnet_utils/nnet_dense_latency.h:42]   --->   Operation 348 'partselect' 'mult_175' <Predicate = true> <Delay = 0.00>
ST_1 : Operation 349 [1/1] (0.80ns)   --->   "%sub_ln42_7 = sub i19 %sub_ln73_145, i19 %sext_ln42_47" [firmware/nnet_utils/nnet_dense_latency.h:42]   --->   Operation 349 'sub' 'sub_ln42_7' <Predicate = true> <Delay = 0.80> <CoreInst = "Adder">   --->   Core 1 'Adder' <Latency = 0> <II = 1> <Delay = 0.80> <FuncUnit> <Opcode : 'add' 'sub'> <InPorts = 2> <OutPorts = 1>
ST_1 : Operation 350 [1/1] (0.00ns)   --->   "%mult_176 = partselect i16 @_ssdm_op_PartSelect.i16.i19.i32.i32, i19 %sub_ln42_7, i32 3, i32 18" [firmware/nnet_utils/nnet_dense_latency.h:42]   --->   Operation 350 'partselect' 'mult_176' <Predicate = true> <Delay = 0.00>
ST_1 : Operation 351 [1/1] (0.00ns)   --->   "%a_13 = partselect i16 @_ssdm_op_PartSelect.i16.i256.i32.i32, i256 %data_val_read, i32 208, i32 223"   --->   Operation 351 'partselect' 'a_13' <Predicate = true> <Delay = 0.00>
ST_1 : Operation 352 [1/1] (0.00ns)   --->   "%sext_ln73_27 = sext i16 %a_13" [firmware/nnet_utils/nnet_mult.h:73->firmware/nnet_utils/nnet_dense_latency.h:42]   --->   Operation 352 'sext' 'sext_ln73_27' <Predicate = true> <Delay = 0.00>
ST_1 : Operation 353 [1/1] (0.00ns)   --->   "%sext_ln73_28 = sext i16 %a_13" [firmware/nnet_utils/nnet_mult.h:73->firmware/nnet_utils/nnet_dense_latency.h:42]   --->   Operation 353 'sext' 'sext_ln73_28' <Predicate = true> <Delay = 0.00>
ST_1 : Operation 354 [1/1] (0.00ns)   --->   "%tmp_427 = bitconcatenate i18 @_ssdm_op_BitConcatenate.i18.i16.i2, i16 %a_13, i2 0" [firmware/nnet_utils/nnet_mult.h:73->firmware/nnet_utils/nnet_dense_latency.h:42]   --->   Operation 354 'bitconcatenate' 'tmp_427' <Predicate = true> <Delay = 0.00>
ST_1 : Operation 355 [1/1] (0.00ns)   --->   "%sext_ln73_54 = sext i18 %tmp_427" [firmware/nnet_utils/nnet_mult.h:73->firmware/nnet_utils/nnet_dense_latency.h:42]   --->   Operation 355 'sext' 'sext_ln73_54' <Predicate = true> <Delay = 0.00>
ST_1 : Operation 356 [1/1] (0.79ns)   --->   "%sub_ln73_146 = sub i19 0, i19 %sext_ln73_54" [firmware/nnet_utils/nnet_mult.h:73->firmware/nnet_utils/nnet_dense_latency.h:42]   --->   Operation 356 'sub' 'sub_ln73_146' <Predicate = true> <Delay = 0.79> <CoreInst = "Adder">   --->   Core 1 'Adder' <Latency = 0> <II = 1> <Delay = 0.79> <FuncUnit> <Opcode : 'add' 'sub'> <InPorts = 2> <OutPorts = 1>
ST_1 : Operation 357 [1/1] (0.00ns)   --->   "%mult_177 = partselect i16 @_ssdm_op_PartSelect.i16.i19.i32.i32, i19 %sub_ln73_146, i32 3, i32 18" [firmware/nnet_utils/nnet_dense_latency.h:42]   --->   Operation 357 'partselect' 'mult_177' <Predicate = true> <Delay = 0.00>
ST_1 : Operation 358 [1/1] (0.78ns)   --->   "%sub_ln73_24 = sub i17 0, i17 %sext_ln73_27" [firmware/nnet_utils/nnet_mult.h:73->firmware/nnet_utils/nnet_dense_latency.h:42]   --->   Operation 358 'sub' 'sub_ln73_24' <Predicate = true> <Delay = 0.78> <CoreInst = "Adder">   --->   Core 1 'Adder' <Latency = 0> <II = 1> <Delay = 0.78> <FuncUnit> <Opcode : 'add' 'sub'> <InPorts = 2> <OutPorts = 1>
ST_1 : Operation 359 [1/1] (0.00ns)   --->   "%mult_178 = partselect i14 @_ssdm_op_PartSelect.i14.i17.i32.i32, i17 %sub_ln73_24, i32 3, i32 16" [firmware/nnet_utils/nnet_dense_latency.h:42]   --->   Operation 359 'partselect' 'mult_178' <Predicate = true> <Delay = 0.00>
ST_1 : Operation 360 [1/1] (0.00ns)   --->   "%sext_ln42_51 = sext i14 %mult_178" [firmware/nnet_utils/nnet_dense_latency.h:42]   --->   Operation 360 'sext' 'sext_ln42_51' <Predicate = true> <Delay = 0.00>
ST_1 : Operation 361 [1/1] (0.00ns)   --->   "%sext_ln17_92 = sext i14 %mult_178" [firmware/nnet_utils/nnet_dense_latency.h:17]   --->   Operation 361 'sext' 'sext_ln17_92' <Predicate = true> <Delay = 0.00>
ST_1 : Operation 362 [1/1] (0.00ns)   --->   "%mult_179 = partselect i13 @_ssdm_op_PartSelect.i13.i256.i32.i32, i256 %data_val_read, i32 211, i32 223" [firmware/nnet_utils/nnet_dense_latency.h:42]   --->   Operation 362 'partselect' 'mult_179' <Predicate = true> <Delay = 0.00>
ST_1 : Operation 363 [1/1] (0.00ns)   --->   "%sext_ln17_93 = sext i13 %mult_179" [firmware/nnet_utils/nnet_dense_latency.h:17]   --->   Operation 363 'sext' 'sext_ln17_93' <Predicate = true> <Delay = 0.00>
ST_1 : Operation 364 [1/1] (0.00ns)   --->   "%sext_ln17_94 = sext i13 %mult_179" [firmware/nnet_utils/nnet_dense_latency.h:17]   --->   Operation 364 'sext' 'sext_ln17_94' <Predicate = true> <Delay = 0.00>
ST_1 : Operation 365 [1/1] (0.79ns)   --->   "%sub_ln73_147 = sub i19 %sext_ln73_28, i19 %sext_ln73_54" [firmware/nnet_utils/nnet_mult.h:73->firmware/nnet_utils/nnet_dense_latency.h:42]   --->   Operation 365 'sub' 'sub_ln73_147' <Predicate = true> <Delay = 0.79> <CoreInst = "Adder">   --->   Core 1 'Adder' <Latency = 0> <II = 1> <Delay = 0.79> <FuncUnit> <Opcode : 'add' 'sub'> <InPorts = 2> <OutPorts = 1>
ST_1 : Operation 366 [1/1] (0.00ns)   --->   "%mult_180 = partselect i16 @_ssdm_op_PartSelect.i16.i19.i32.i32, i19 %sub_ln73_147, i32 3, i32 18" [firmware/nnet_utils/nnet_dense_latency.h:42]   --->   Operation 366 'partselect' 'mult_180' <Predicate = true> <Delay = 0.00>
ST_1 : Operation 367 [1/1] (0.00ns)   --->   "%tmp_428 = bitconcatenate i17 @_ssdm_op_BitConcatenate.i17.i16.i1, i16 %a_13, i1 0" [firmware/nnet_utils/nnet_mult.h:73->firmware/nnet_utils/nnet_dense_latency.h:42]   --->   Operation 367 'bitconcatenate' 'tmp_428' <Predicate = true> <Delay = 0.00>
ST_1 : Operation 368 [1/1] (0.00ns)   --->   "%sext_ln73_55 = sext i17 %tmp_428" [firmware/nnet_utils/nnet_mult.h:73->firmware/nnet_utils/nnet_dense_latency.h:42]   --->   Operation 368 'sext' 'sext_ln73_55' <Predicate = true> <Delay = 0.00>
ST_1 : Operation 369 [1/1] (0.79ns)   --->   "%sub_ln73_148 = sub i18 0, i18 %sext_ln73_55" [firmware/nnet_utils/nnet_mult.h:73->firmware/nnet_utils/nnet_dense_latency.h:42]   --->   Operation 369 'sub' 'sub_ln73_148' <Predicate = true> <Delay = 0.79> <CoreInst = "Adder">   --->   Core 1 'Adder' <Latency = 0> <II = 1> <Delay = 0.79> <FuncUnit> <Opcode : 'add' 'sub'> <InPorts = 2> <OutPorts = 1>
ST_1 : Operation 370 [1/1] (0.00ns)   --->   "%mult_181 = partselect i15 @_ssdm_op_PartSelect.i15.i18.i32.i32, i18 %sub_ln73_148, i32 3, i32 17" [firmware/nnet_utils/nnet_dense_latency.h:42]   --->   Operation 370 'partselect' 'mult_181' <Predicate = true> <Delay = 0.00>
ST_1 : Operation 371 [1/1] (0.00ns)   --->   "%sext_ln42_52 = sext i15 %mult_181" [firmware/nnet_utils/nnet_dense_latency.h:42]   --->   Operation 371 'sext' 'sext_ln42_52' <Predicate = true> <Delay = 0.00>
ST_1 : Operation 372 [1/1] (0.00ns)   --->   "%mult_182 = partselect i14 @_ssdm_op_PartSelect.i14.i256.i32.i32, i256 %data_val_read, i32 210, i32 223" [firmware/nnet_utils/nnet_dense_latency.h:42]   --->   Operation 372 'partselect' 'mult_182' <Predicate = true> <Delay = 0.00>
ST_1 : Operation 373 [1/1] (0.00ns)   --->   "%sext_ln17_95 = sext i14 %mult_182" [firmware/nnet_utils/nnet_dense_latency.h:17]   --->   Operation 373 'sext' 'sext_ln17_95' <Predicate = true> <Delay = 0.00>
ST_1 : Operation 374 [1/1] (0.00ns)   --->   "%mult_183 = partselect i15 @_ssdm_op_PartSelect.i15.i256.i32.i32, i256 %data_val_read, i32 209, i32 223" [firmware/nnet_utils/nnet_dense_latency.h:42]   --->   Operation 374 'partselect' 'mult_183' <Predicate = true> <Delay = 0.00>
ST_1 : Operation 375 [1/1] (0.00ns)   --->   "%sext_ln42_53 = sext i15 %mult_183" [firmware/nnet_utils/nnet_dense_latency.h:42]   --->   Operation 375 'sext' 'sext_ln42_53' <Predicate = true> <Delay = 0.00>
ST_1 : Operation 376 [1/1] (0.00ns)   --->   "%a_14 = partselect i16 @_ssdm_op_PartSelect.i16.i256.i32.i32, i256 %data_val_read, i32 224, i32 239"   --->   Operation 376 'partselect' 'a_14' <Predicate = true> <Delay = 0.00>
ST_1 : Operation 377 [1/1] (0.00ns)   --->   "%sext_ln73_29 = sext i16 %a_14" [firmware/nnet_utils/nnet_mult.h:73->firmware/nnet_utils/nnet_dense_latency.h:42]   --->   Operation 377 'sext' 'sext_ln73_29' <Predicate = true> <Delay = 0.00>
ST_1 : Operation 378 [1/1] (0.00ns)   --->   "%sext_ln73_31 = sext i16 %a_14" [firmware/nnet_utils/nnet_mult.h:73->firmware/nnet_utils/nnet_dense_latency.h:42]   --->   Operation 378 'sext' 'sext_ln73_31' <Predicate = true> <Delay = 0.00>
ST_1 : Operation 379 [1/1] (0.00ns)   --->   "%tmp_429 = bitconcatenate i18 @_ssdm_op_BitConcatenate.i18.i16.i2, i16 %a_14, i2 0" [firmware/nnet_utils/nnet_mult.h:73->firmware/nnet_utils/nnet_dense_latency.h:42]   --->   Operation 379 'bitconcatenate' 'tmp_429' <Predicate = true> <Delay = 0.00>
ST_1 : Operation 380 [1/1] (0.00ns)   --->   "%sext_ln73_56 = sext i18 %tmp_429" [firmware/nnet_utils/nnet_mult.h:73->firmware/nnet_utils/nnet_dense_latency.h:42]   --->   Operation 380 'sext' 'sext_ln73_56' <Predicate = true> <Delay = 0.00>
ST_1 : Operation 381 [1/1] (0.79ns)   --->   "%sub_ln73_149 = sub i19 0, i19 %sext_ln73_56" [firmware/nnet_utils/nnet_mult.h:73->firmware/nnet_utils/nnet_dense_latency.h:42]   --->   Operation 381 'sub' 'sub_ln73_149' <Predicate = true> <Delay = 0.79> <CoreInst = "Adder">   --->   Core 1 'Adder' <Latency = 0> <II = 1> <Delay = 0.79> <FuncUnit> <Opcode : 'add' 'sub'> <InPorts = 2> <OutPorts = 1>
ST_1 : Operation 382 [1/1] (0.00ns)   --->   "%mult_184 = partselect i16 @_ssdm_op_PartSelect.i16.i19.i32.i32, i19 %sub_ln73_149, i32 3, i32 18" [firmware/nnet_utils/nnet_dense_latency.h:42]   --->   Operation 382 'partselect' 'mult_184' <Predicate = true> <Delay = 0.00>
ST_1 : Operation 383 [1/1] (0.00ns)   --->   "%tmp_430 = bitconcatenate i17 @_ssdm_op_BitConcatenate.i17.i16.i1, i16 %a_14, i1 0" [firmware/nnet_utils/nnet_mult.h:73->firmware/nnet_utils/nnet_dense_latency.h:42]   --->   Operation 383 'bitconcatenate' 'tmp_430' <Predicate = true> <Delay = 0.00>
ST_1 : Operation 384 [1/1] (0.00ns)   --->   "%sext_ln73_57 = sext i17 %tmp_430" [firmware/nnet_utils/nnet_mult.h:73->firmware/nnet_utils/nnet_dense_latency.h:42]   --->   Operation 384 'sext' 'sext_ln73_57' <Predicate = true> <Delay = 0.00>
ST_1 : Operation 385 [1/1] (0.79ns)   --->   "%sub_ln73_150 = sub i18 0, i18 %sext_ln73_57" [firmware/nnet_utils/nnet_mult.h:73->firmware/nnet_utils/nnet_dense_latency.h:42]   --->   Operation 385 'sub' 'sub_ln73_150' <Predicate = true> <Delay = 0.79> <CoreInst = "Adder">   --->   Core 1 'Adder' <Latency = 0> <II = 1> <Delay = 0.79> <FuncUnit> <Opcode : 'add' 'sub'> <InPorts = 2> <OutPorts = 1>
ST_1 : Operation 386 [1/1] (0.00ns)   --->   "%mult_185 = partselect i15 @_ssdm_op_PartSelect.i15.i18.i32.i32, i18 %sub_ln73_150, i32 3, i32 17" [firmware/nnet_utils/nnet_dense_latency.h:42]   --->   Operation 386 'partselect' 'mult_185' <Predicate = true> <Delay = 0.00>
ST_1 : Operation 387 [1/1] (0.00ns)   --->   "%sext_ln42_54 = sext i15 %mult_185" [firmware/nnet_utils/nnet_dense_latency.h:42]   --->   Operation 387 'sext' 'sext_ln42_54' <Predicate = true> <Delay = 0.00>
ST_1 : Operation 388 [1/1] (0.00ns)   --->   "%mult_186 = partselect i13 @_ssdm_op_PartSelect.i13.i256.i32.i32, i256 %data_val_read, i32 227, i32 239" [firmware/nnet_utils/nnet_dense_latency.h:42]   --->   Operation 388 'partselect' 'mult_186' <Predicate = true> <Delay = 0.00>
ST_1 : Operation 389 [1/1] (0.00ns)   --->   "%sext_ln17_96 = sext i13 %mult_186" [firmware/nnet_utils/nnet_dense_latency.h:17]   --->   Operation 389 'sext' 'sext_ln17_96' <Predicate = true> <Delay = 0.00>
ST_1 : Operation 390 [1/1] (0.00ns)   --->   "%sext_ln17_97 = sext i13 %mult_186" [firmware/nnet_utils/nnet_dense_latency.h:17]   --->   Operation 390 'sext' 'sext_ln17_97' <Predicate = true> <Delay = 0.00>
ST_1 : Operation 391 [1/1] (0.78ns)   --->   "%sub_ln73_25 = sub i17 0, i17 %sext_ln73_29" [firmware/nnet_utils/nnet_mult.h:73->firmware/nnet_utils/nnet_dense_latency.h:42]   --->   Operation 391 'sub' 'sub_ln73_25' <Predicate = true> <Delay = 0.78> <CoreInst = "Adder">   --->   Core 1 'Adder' <Latency = 0> <II = 1> <Delay = 0.78> <FuncUnit> <Opcode : 'add' 'sub'> <InPorts = 2> <OutPorts = 1>
ST_1 : Operation 392 [1/1] (0.00ns)   --->   "%mult_187 = partselect i14 @_ssdm_op_PartSelect.i14.i17.i32.i32, i17 %sub_ln73_25, i32 3, i32 16" [firmware/nnet_utils/nnet_dense_latency.h:42]   --->   Operation 392 'partselect' 'mult_187' <Predicate = true> <Delay = 0.00>
ST_1 : Operation 393 [1/1] (0.00ns)   --->   "%sext_ln42_55 = sext i14 %mult_187" [firmware/nnet_utils/nnet_dense_latency.h:42]   --->   Operation 393 'sext' 'sext_ln42_55' <Predicate = true> <Delay = 0.00>
ST_1 : Operation 394 [1/1] (0.00ns)   --->   "%sext_ln17_98 = sext i14 %mult_187" [firmware/nnet_utils/nnet_dense_latency.h:17]   --->   Operation 394 'sext' 'sext_ln17_98' <Predicate = true> <Delay = 0.00>
ST_1 : Operation 395 [1/1] (0.00ns)   --->   "%mult_188 = partselect i14 @_ssdm_op_PartSelect.i14.i256.i32.i32, i256 %data_val_read, i32 226, i32 239" [firmware/nnet_utils/nnet_dense_latency.h:42]   --->   Operation 395 'partselect' 'mult_188' <Predicate = true> <Delay = 0.00>
ST_1 : Operation 396 [1/1] (0.00ns)   --->   "%sext_ln17_99 = sext i14 %mult_188" [firmware/nnet_utils/nnet_dense_latency.h:17]   --->   Operation 396 'sext' 'sext_ln17_99' <Predicate = true> <Delay = 0.00>
ST_1 : Operation 397 [1/1] (0.79ns)   --->   "%sub_ln73_151 = sub i19 %sext_ln73_56, i19 %sext_ln73_31" [firmware/nnet_utils/nnet_mult.h:73->firmware/nnet_utils/nnet_dense_latency.h:42]   --->   Operation 397 'sub' 'sub_ln73_151' <Predicate = true> <Delay = 0.79> <CoreInst = "Adder">   --->   Core 1 'Adder' <Latency = 0> <II = 1> <Delay = 0.79> <FuncUnit> <Opcode : 'add' 'sub'> <InPorts = 2> <OutPorts = 1>
ST_1 : Operation 398 [1/1] (0.00ns)   --->   "%mult_189 = partselect i16 @_ssdm_op_PartSelect.i16.i19.i32.i32, i19 %sub_ln73_151, i32 3, i32 18" [firmware/nnet_utils/nnet_dense_latency.h:42]   --->   Operation 398 'partselect' 'mult_189' <Predicate = true> <Delay = 0.00>
ST_1 : Operation 399 [1/1] (0.00ns)   --->   "%a_15 = partselect i16 @_ssdm_op_PartSelect.i16.i256.i32.i32, i256 %data_val_read, i32 240, i32 255"   --->   Operation 399 'partselect' 'a_15' <Predicate = true> <Delay = 0.00>
ST_1 : Operation 400 [1/1] (0.00ns)   --->   "%sext_ln73_33 = sext i16 %a_15" [firmware/nnet_utils/nnet_mult.h:73->firmware/nnet_utils/nnet_dense_latency.h:42]   --->   Operation 400 'sext' 'sext_ln73_33' <Predicate = true> <Delay = 0.00>
ST_1 : Operation 401 [1/1] (0.00ns)   --->   "%sext_ln73_34 = sext i16 %a_15" [firmware/nnet_utils/nnet_mult.h:73->firmware/nnet_utils/nnet_dense_latency.h:42]   --->   Operation 401 'sext' 'sext_ln73_34' <Predicate = true> <Delay = 0.00>
ST_1 : Operation 402 [1/1] (0.00ns)   --->   "%tmp_431 = bitconcatenate i18 @_ssdm_op_BitConcatenate.i18.i16.i2, i16 %a_15, i2 0" [firmware/nnet_utils/nnet_mult.h:73->firmware/nnet_utils/nnet_dense_latency.h:42]   --->   Operation 402 'bitconcatenate' 'tmp_431' <Predicate = true> <Delay = 0.00>
ST_1 : Operation 403 [1/1] (0.00ns)   --->   "%sext_ln73_58 = sext i18 %tmp_431" [firmware/nnet_utils/nnet_mult.h:73->firmware/nnet_utils/nnet_dense_latency.h:42]   --->   Operation 403 'sext' 'sext_ln73_58' <Predicate = true> <Delay = 0.00>
ST_1 : Operation 404 [1/1] (0.79ns)   --->   "%sub_ln73_152 = sub i19 %sext_ln73_34, i19 %sext_ln73_58" [firmware/nnet_utils/nnet_mult.h:73->firmware/nnet_utils/nnet_dense_latency.h:42]   --->   Operation 404 'sub' 'sub_ln73_152' <Predicate = true> <Delay = 0.79> <CoreInst = "Adder">   --->   Core 1 'Adder' <Latency = 0> <II = 1> <Delay = 0.79> <FuncUnit> <Opcode : 'add' 'sub'> <InPorts = 2> <OutPorts = 1>
ST_1 : Operation 405 [1/1] (0.00ns)   --->   "%mult_190 = partselect i16 @_ssdm_op_PartSelect.i16.i19.i32.i32, i19 %sub_ln73_152, i32 3, i32 18" [firmware/nnet_utils/nnet_dense_latency.h:42]   --->   Operation 405 'partselect' 'mult_190' <Predicate = true> <Delay = 0.00>
ST_1 : Operation 406 [1/1] (0.00ns)   --->   "%mult_191 = partselect i13 @_ssdm_op_PartSelect.i13.i256.i32.i32, i256 %data_val_read, i32 243, i32 255" [firmware/nnet_utils/nnet_dense_latency.h:42]   --->   Operation 406 'partselect' 'mult_191' <Predicate = true> <Delay = 0.00>
ST_1 : Operation 407 [1/1] (0.00ns)   --->   "%sext_ln17_100 = sext i13 %mult_191" [firmware/nnet_utils/nnet_dense_latency.h:17]   --->   Operation 407 'sext' 'sext_ln17_100' <Predicate = true> <Delay = 0.00>
ST_1 : Operation 408 [1/1] (0.78ns)   --->   "%sub_ln73_26 = sub i17 0, i17 %sext_ln73_33" [firmware/nnet_utils/nnet_mult.h:73->firmware/nnet_utils/nnet_dense_latency.h:42]   --->   Operation 408 'sub' 'sub_ln73_26' <Predicate = true> <Delay = 0.78> <CoreInst = "Adder">   --->   Core 1 'Adder' <Latency = 0> <II = 1> <Delay = 0.78> <FuncUnit> <Opcode : 'add' 'sub'> <InPorts = 2> <OutPorts = 1>
ST_1 : Operation 409 [1/1] (0.00ns)   --->   "%mult_192 = partselect i14 @_ssdm_op_PartSelect.i14.i17.i32.i32, i17 %sub_ln73_26, i32 3, i32 16" [firmware/nnet_utils/nnet_dense_latency.h:42]   --->   Operation 409 'partselect' 'mult_192' <Predicate = true> <Delay = 0.00>
ST_1 : Operation 410 [1/1] (0.00ns)   --->   "%sext_ln42_56 = sext i14 %mult_192" [firmware/nnet_utils/nnet_dense_latency.h:42]   --->   Operation 410 'sext' 'sext_ln42_56' <Predicate = true> <Delay = 0.00>
ST_1 : Operation 411 [1/1] (0.00ns)   --->   "%sext_ln17_101 = sext i14 %mult_192" [firmware/nnet_utils/nnet_dense_latency.h:17]   --->   Operation 411 'sext' 'sext_ln17_101' <Predicate = true> <Delay = 0.00>
ST_1 : Operation 412 [1/1] (0.00ns)   --->   "%tmp_432 = bitconcatenate i17 @_ssdm_op_BitConcatenate.i17.i16.i1, i16 %a_15, i1 0" [firmware/nnet_utils/nnet_mult.h:73->firmware/nnet_utils/nnet_dense_latency.h:42]   --->   Operation 412 'bitconcatenate' 'tmp_432' <Predicate = true> <Delay = 0.00>
ST_1 : Operation 413 [1/1] (0.00ns)   --->   "%sext_ln73_59 = sext i17 %tmp_432" [firmware/nnet_utils/nnet_mult.h:73->firmware/nnet_utils/nnet_dense_latency.h:42]   --->   Operation 413 'sext' 'sext_ln73_59' <Predicate = true> <Delay = 0.00>
ST_1 : Operation 414 [1/1] (0.79ns)   --->   "%sub_ln73_153 = sub i18 0, i18 %sext_ln73_59" [firmware/nnet_utils/nnet_mult.h:73->firmware/nnet_utils/nnet_dense_latency.h:42]   --->   Operation 414 'sub' 'sub_ln73_153' <Predicate = true> <Delay = 0.79> <CoreInst = "Adder">   --->   Core 1 'Adder' <Latency = 0> <II = 1> <Delay = 0.79> <FuncUnit> <Opcode : 'add' 'sub'> <InPorts = 2> <OutPorts = 1>
ST_1 : Operation 415 [1/1] (0.00ns)   --->   "%mult_193 = partselect i15 @_ssdm_op_PartSelect.i15.i18.i32.i32, i18 %sub_ln73_153, i32 3, i32 17" [firmware/nnet_utils/nnet_dense_latency.h:42]   --->   Operation 415 'partselect' 'mult_193' <Predicate = true> <Delay = 0.00>
ST_1 : Operation 416 [1/1] (0.00ns)   --->   "%sext_ln42_57 = sext i15 %mult_193" [firmware/nnet_utils/nnet_dense_latency.h:42]   --->   Operation 416 'sext' 'sext_ln42_57' <Predicate = true> <Delay = 0.00>
ST_1 : Operation 417 [1/1] (0.00ns)   --->   "%mult_194 = partselect i14 @_ssdm_op_PartSelect.i14.i256.i32.i32, i256 %data_val_read, i32 242, i32 255" [firmware/nnet_utils/nnet_dense_latency.h:42]   --->   Operation 417 'partselect' 'mult_194' <Predicate = true> <Delay = 0.00>
ST_1 : Operation 418 [1/1] (0.00ns)   --->   "%sext_ln42_58 = sext i14 %mult_194" [firmware/nnet_utils/nnet_dense_latency.h:42]   --->   Operation 418 'sext' 'sext_ln42_58' <Predicate = true> <Delay = 0.00>
ST_1 : Operation 419 [1/1] (0.00ns)   --->   "%sext_ln17_102 = sext i14 %mult_194" [firmware/nnet_utils/nnet_dense_latency.h:17]   --->   Operation 419 'sext' 'sext_ln17_102' <Predicate = true> <Delay = 0.00>
ST_1 : Operation 420 [1/1] (0.00ns)   --->   "%mult_195 = partselect i15 @_ssdm_op_PartSelect.i15.i256.i32.i32, i256 %data_val_read, i32 241, i32 255" [firmware/nnet_utils/nnet_dense_latency.h:42]   --->   Operation 420 'partselect' 'mult_195' <Predicate = true> <Delay = 0.00>
ST_1 : Operation 421 [1/1] (0.00ns)   --->   "%sext_ln42_59 = sext i15 %mult_195" [firmware/nnet_utils/nnet_dense_latency.h:42]   --->   Operation 421 'sext' 'sext_ln42_59' <Predicate = true> <Delay = 0.00>
ST_1 : Operation 422 [1/1] (0.75ns)   --->   "%add_ln58 = add i14 %sext_ln17_41, i14 896" [firmware/nnet_utils/nnet_dense_latency.h:58]   --->   Operation 422 'add' 'add_ln58' <Predicate = true> <Delay = 0.75> <CoreInst = "Adder">   --->   Core 1 'Adder' <Latency = 0> <II = 1> <Delay = 0.75> <FuncUnit> <Opcode : 'add' 'sub'> <InPorts = 2> <OutPorts = 1>
ST_1 : Operation 423 [1/1] (0.00ns)   --->   "%sext_ln58 = sext i14 %add_ln58" [firmware/nnet_utils/nnet_dense_latency.h:58]   --->   Operation 423 'sext' 'sext_ln58' <Predicate = true> <Delay = 0.00>
ST_1 : Operation 424 [1/1] (0.00ns)   --->   "%sext_ln58_70 = sext i14 %add_ln58" [firmware/nnet_utils/nnet_dense_latency.h:58]   --->   Operation 424 'sext' 'sext_ln58_70' <Predicate = true> <Delay = 0.00>
ST_1 : Operation 425 [1/1] (0.76ns)   --->   "%add_ln58_159 = add i15 %sext_ln17_43, i15 128" [firmware/nnet_utils/nnet_dense_latency.h:58]   --->   Operation 425 'add' 'add_ln58_159' <Predicate = true> <Delay = 0.76> <CoreInst = "Adder">   --->   Core 1 'Adder' <Latency = 0> <II = 1> <Delay = 0.76> <FuncUnit> <Opcode : 'add' 'sub'> <InPorts = 2> <OutPorts = 1>
ST_1 : Operation 426 [1/1] (0.00ns)   --->   "%sext_ln58_71 = sext i15 %add_ln58_159" [firmware/nnet_utils/nnet_dense_latency.h:58]   --->   Operation 426 'sext' 'sext_ln58_71' <Predicate = true> <Delay = 0.00>
ST_1 : Operation 427 [1/1] (0.75ns)   --->   "%add_ln58_160 = add i14 %sext_ln17_41, i14 15360" [firmware/nnet_utils/nnet_dense_latency.h:58]   --->   Operation 427 'add' 'add_ln58_160' <Predicate = true> <Delay = 0.75> <CoreInst = "Adder">   --->   Core 1 'Adder' <Latency = 0> <II = 1> <Delay = 0.75> <FuncUnit> <Opcode : 'add' 'sub'> <InPorts = 2> <OutPorts = 1>
ST_1 : Operation 428 [1/1] (0.00ns)   --->   "%sext_ln58_72 = sext i14 %add_ln58_160" [firmware/nnet_utils/nnet_dense_latency.h:58]   --->   Operation 428 'sext' 'sext_ln58_72' <Predicate = true> <Delay = 0.00>
ST_1 : Operation 429 [1/1] (0.75ns)   --->   "%add_ln58_161 = add i14 %sext_ln17_41, i14 128" [firmware/nnet_utils/nnet_dense_latency.h:58]   --->   Operation 429 'add' 'add_ln58_161' <Predicate = true> <Delay = 0.75> <CoreInst = "Adder">   --->   Core 1 'Adder' <Latency = 0> <II = 1> <Delay = 0.75> <FuncUnit> <Opcode : 'add' 'sub'> <InPorts = 2> <OutPorts = 1>
ST_1 : Operation 430 [1/1] (0.00ns)   --->   "%sext_ln58_73 = sext i14 %add_ln58_161" [firmware/nnet_utils/nnet_dense_latency.h:58]   --->   Operation 430 'sext' 'sext_ln58_73' <Predicate = true> <Delay = 0.00>
ST_1 : Operation 431 [1/1] (0.00ns)   --->   "%sext_ln58_74 = sext i14 %add_ln58_161" [firmware/nnet_utils/nnet_dense_latency.h:58]   --->   Operation 431 'sext' 'sext_ln58_74' <Predicate = true> <Delay = 0.00>
ST_1 : Operation 432 [1/1] (0.76ns)   --->   "%add_ln58_162 = add i15 %sext_ln17_43, i15 256" [firmware/nnet_utils/nnet_dense_latency.h:58]   --->   Operation 432 'add' 'add_ln58_162' <Predicate = true> <Delay = 0.76> <CoreInst = "Adder">   --->   Core 1 'Adder' <Latency = 0> <II = 1> <Delay = 0.76> <FuncUnit> <Opcode : 'add' 'sub'> <InPorts = 2> <OutPorts = 1>
ST_1 : Operation 433 [1/1] (0.00ns)   --->   "%sext_ln58_79 = sext i15 %add_ln58_162" [firmware/nnet_utils/nnet_dense_latency.h:58]   --->   Operation 433 'sext' 'sext_ln58_79' <Predicate = true> <Delay = 0.00>
ST_1 : Operation 434 [1/1] (0.75ns)   --->   "%add_ln58_163 = add i14 %sext_ln17_46, i14 384" [firmware/nnet_utils/nnet_dense_latency.h:58]   --->   Operation 434 'add' 'add_ln58_163' <Predicate = true> <Delay = 0.75> <CoreInst = "Adder">   --->   Core 1 'Adder' <Latency = 0> <II = 1> <Delay = 0.75> <FuncUnit> <Opcode : 'add' 'sub'> <InPorts = 2> <OutPorts = 1>
ST_1 : Operation 435 [1/1] (0.00ns)   --->   "%sext_ln58_75 = sext i14 %add_ln58_163" [firmware/nnet_utils/nnet_dense_latency.h:58]   --->   Operation 435 'sext' 'sext_ln58_75' <Predicate = true> <Delay = 0.00>
ST_1 : Operation 436 [1/1] (0.00ns)   --->   "%sext_ln58_76 = sext i14 %add_ln58_163" [firmware/nnet_utils/nnet_dense_latency.h:58]   --->   Operation 436 'sext' 'sext_ln58_76' <Predicate = true> <Delay = 0.00>
ST_1 : Operation 437 [1/1] (0.76ns)   --->   "%add_ln58_164 = add i15 %sext_ln17_47, i15 %sext_ln58_72" [firmware/nnet_utils/nnet_dense_latency.h:58]   --->   Operation 437 'add' 'add_ln58_164' <Predicate = true> <Delay = 0.76> <CoreInst = "Adder">   --->   Core 1 'Adder' <Latency = 0> <II = 1> <Delay = 0.76> <FuncUnit> <Opcode : 'add' 'sub'> <InPorts = 2> <OutPorts = 1>
ST_1 : Operation 438 [1/1] (0.00ns)   --->   "%sext_ln58_80 = sext i15 %add_ln58_164" [firmware/nnet_utils/nnet_dense_latency.h:58]   --->   Operation 438 'sext' 'sext_ln58_80' <Predicate = true> <Delay = 0.00>
ST_1 : Operation 439 [1/1] (0.76ns)   --->   "%add_ln58_165 = add i15 %sext_ln17_44, i15 768" [firmware/nnet_utils/nnet_dense_latency.h:58]   --->   Operation 439 'add' 'add_ln58_165' <Predicate = true> <Delay = 0.76> <CoreInst = "Adder">   --->   Core 1 'Adder' <Latency = 0> <II = 1> <Delay = 0.76> <FuncUnit> <Opcode : 'add' 'sub'> <InPorts = 2> <OutPorts = 1>
ST_1 : Operation 440 [1/1] (0.00ns)   --->   "%sext_ln58_77 = sext i15 %add_ln58_165" [firmware/nnet_utils/nnet_dense_latency.h:58]   --->   Operation 440 'sext' 'sext_ln58_77' <Predicate = true> <Delay = 0.00>
ST_1 : Operation 441 [1/1] (0.77ns)   --->   "%add_ln58_166 = add i16 %sext_ln58_77, i16 %sext_ln42" [firmware/nnet_utils/nnet_dense_latency.h:58]   --->   Operation 441 'add' 'add_ln58_166' <Predicate = true> <Delay = 0.77> <CoreInst = "Adder">   --->   Core 1 'Adder' <Latency = 0> <II = 1> <Delay = 0.77> <FuncUnit> <Opcode : 'add' 'sub'> <InPorts = 2> <OutPorts = 1>
ST_1 : Operation 442 [1/1] (0.76ns)   --->   "%add_ln58_167 = add i15 %sext_ln58_72, i15 %sext_ln17_45" [firmware/nnet_utils/nnet_dense_latency.h:58]   --->   Operation 442 'add' 'add_ln58_167' <Predicate = true> <Delay = 0.76> <CoreInst = "Adder">   --->   Core 1 'Adder' <Latency = 0> <II = 1> <Delay = 0.76> <FuncUnit> <Opcode : 'add' 'sub'> <InPorts = 2> <OutPorts = 1>
ST_1 : Operation 443 [1/1] (0.00ns)   --->   "%sext_ln58_78 = sext i15 %add_ln58_167" [firmware/nnet_utils/nnet_dense_latency.h:58]   --->   Operation 443 'sext' 'sext_ln58_78' <Predicate = true> <Delay = 0.00>
ST_1 : Operation 444 [1/1] (0.76ns)   --->   "%add_ln58_168 = add i15 %sext_ln17_47, i15 31744" [firmware/nnet_utils/nnet_dense_latency.h:58]   --->   Operation 444 'add' 'add_ln58_168' <Predicate = true> <Delay = 0.76> <CoreInst = "Adder">   --->   Core 1 'Adder' <Latency = 0> <II = 1> <Delay = 0.76> <FuncUnit> <Opcode : 'add' 'sub'> <InPorts = 2> <OutPorts = 1>
ST_1 : Operation 445 [1/1] (0.00ns)   --->   "%sext_ln58_99 = sext i15 %add_ln58_168" [firmware/nnet_utils/nnet_dense_latency.h:58]   --->   Operation 445 'sext' 'sext_ln58_99' <Predicate = true> <Delay = 0.00>
ST_1 : Operation 446 [1/1] (0.76ns)   --->   "%add_ln58_169 = add i15 %sext_ln17_47, i15 896" [firmware/nnet_utils/nnet_dense_latency.h:58]   --->   Operation 446 'add' 'add_ln58_169' <Predicate = true> <Delay = 0.76> <CoreInst = "Adder">   --->   Core 1 'Adder' <Latency = 0> <II = 1> <Delay = 0.76> <FuncUnit> <Opcode : 'add' 'sub'> <InPorts = 2> <OutPorts = 1>
ST_1 : Operation 447 [1/1] (0.00ns)   --->   "%sext_ln58_143 = sext i15 %add_ln58_169" [firmware/nnet_utils/nnet_dense_latency.h:58]   --->   Operation 447 'sext' 'sext_ln58_143' <Predicate = true> <Delay = 0.00>
ST_1 : Operation 448 [1/1] (0.75ns)   --->   "%add_ln58_170 = add i14 %sext_ln17_50, i14 512" [firmware/nnet_utils/nnet_dense_latency.h:58]   --->   Operation 448 'add' 'add_ln58_170' <Predicate = true> <Delay = 0.75> <CoreInst = "Adder">   --->   Core 1 'Adder' <Latency = 0> <II = 1> <Delay = 0.75> <FuncUnit> <Opcode : 'add' 'sub'> <InPorts = 2> <OutPorts = 1>
ST_1 : Operation 449 [1/1] (0.00ns)   --->   "%sext_ln58_157 = sext i14 %add_ln58_170" [firmware/nnet_utils/nnet_dense_latency.h:58]   --->   Operation 449 'sext' 'sext_ln58_157' <Predicate = true> <Delay = 0.00>
ST_1 : Operation 450 [1/1] (0.75ns)   --->   "%add_ln58_171 = add i14 %sext_ln17_53, i14 15360" [firmware/nnet_utils/nnet_dense_latency.h:58]   --->   Operation 450 'add' 'add_ln58_171' <Predicate = true> <Delay = 0.75> <CoreInst = "Adder">   --->   Core 1 'Adder' <Latency = 0> <II = 1> <Delay = 0.75> <FuncUnit> <Opcode : 'add' 'sub'> <InPorts = 2> <OutPorts = 1>
ST_1 : Operation 451 [1/1] (0.00ns)   --->   "%sext_ln58_81 = sext i14 %add_ln58_171" [firmware/nnet_utils/nnet_dense_latency.h:58]   --->   Operation 451 'sext' 'sext_ln58_81' <Predicate = true> <Delay = 0.00>
ST_1 : Operation 452 [1/1] (0.00ns)   --->   "%sext_ln58_82 = sext i14 %add_ln58_171" [firmware/nnet_utils/nnet_dense_latency.h:58]   --->   Operation 452 'sext' 'sext_ln58_82' <Predicate = true> <Delay = 0.00>
ST_1 : Operation 453 [1/1] (0.75ns)   --->   "%add_ln58_172 = add i14 %sext_ln17_58, i14 %sext_ln17_61" [firmware/nnet_utils/nnet_dense_latency.h:58]   --->   Operation 453 'add' 'add_ln58_172' <Predicate = true> <Delay = 0.75> <CoreInst = "Adder">   --->   Core 1 'Adder' <Latency = 0> <II = 1> <Delay = 0.75> <FuncUnit> <Opcode : 'add' 'sub'> <InPorts = 2> <OutPorts = 1>
ST_1 : Operation 454 [1/1] (0.00ns)   --->   "%sext_ln58_83 = sext i14 %add_ln58_172" [firmware/nnet_utils/nnet_dense_latency.h:58]   --->   Operation 454 'sext' 'sext_ln58_83' <Predicate = true> <Delay = 0.00>
ST_1 : Operation 455 [1/1] (0.76ns)   --->   "%add_ln58_173 = add i15 %sext_ln58_83, i15 %sext_ln58_82" [firmware/nnet_utils/nnet_dense_latency.h:58]   --->   Operation 455 'add' 'add_ln58_173' <Predicate = true> <Delay = 0.76> <CoreInst = "Adder">   --->   Core 1 'Adder' <Latency = 0> <II = 1> <Delay = 0.76> <FuncUnit> <Opcode : 'add' 'sub'> <InPorts = 2> <OutPorts = 1>
ST_1 : Operation 456 [1/1] (0.00ns)   --->   "%sext_ln58_84 = sext i15 %add_ln58_173" [firmware/nnet_utils/nnet_dense_latency.h:58]   --->   Operation 456 'sext' 'sext_ln58_84' <Predicate = true> <Delay = 0.00>
ST_1 : Operation 457 [1/1] (0.77ns)   --->   "%add_ln58_174 = add i16 %sext_ln42_16, i16 %sext_ln42_26" [firmware/nnet_utils/nnet_dense_latency.h:58]   --->   Operation 457 'add' 'add_ln58_174' <Predicate = true> <Delay = 0.77> <CoreInst = "Adder">   --->   Core 1 'Adder' <Latency = 0> <II = 1> <Delay = 0.77> <FuncUnit> <Opcode : 'add' 'sub'> <InPorts = 2> <OutPorts = 1>
ST_1 : Operation 458 [1/1] (0.00ns) (grouped into TernaryAdder)   --->   "%add_ln58_175 = add i16 %add_ln58_174, i16 %sext_ln42_19" [firmware/nnet_utils/nnet_dense_latency.h:58]   --->   Operation 458 'add' 'add_ln58_175' <Predicate = true> <Delay = 0.00> <CoreInst = "TAddSub">   --->   Core 10 'TAddSub' <Latency = 0> <II = 1> <Delay = 0.33> <IPBlock> <Opcode : '' 'add' 'sub'> <InPorts = 3> <OutPorts = 1> <Sync> <CReg>
ST_1 : Operation 459 [1/1] (0.75ns)   --->   "%add_ln58_176 = add i14 %sext_ln17_46, i14 256" [firmware/nnet_utils/nnet_dense_latency.h:58]   --->   Operation 459 'add' 'add_ln58_176' <Predicate = true> <Delay = 0.75> <CoreInst = "Adder">   --->   Core 1 'Adder' <Latency = 0> <II = 1> <Delay = 0.75> <FuncUnit> <Opcode : 'add' 'sub'> <InPorts = 2> <OutPorts = 1>
ST_1 : Operation 460 [1/1] (0.00ns)   --->   "%sext_ln58_85 = sext i14 %add_ln58_176" [firmware/nnet_utils/nnet_dense_latency.h:58]   --->   Operation 460 'sext' 'sext_ln58_85' <Predicate = true> <Delay = 0.00>
ST_1 : Operation 461 [1/1] (0.76ns)   --->   "%add_ln58_177 = add i15 %sext_ln58_85, i15 %sext_ln17_63" [firmware/nnet_utils/nnet_dense_latency.h:58]   --->   Operation 461 'add' 'add_ln58_177' <Predicate = true> <Delay = 0.76> <CoreInst = "Adder">   --->   Core 1 'Adder' <Latency = 0> <II = 1> <Delay = 0.76> <FuncUnit> <Opcode : 'add' 'sub'> <InPorts = 2> <OutPorts = 1>
ST_1 : Operation 462 [1/1] (0.00ns)   --->   "%sext_ln58_86 = sext i15 %add_ln58_177" [firmware/nnet_utils/nnet_dense_latency.h:58]   --->   Operation 462 'sext' 'sext_ln58_86' <Predicate = true> <Delay = 0.00>
ST_1 : Operation 463 [1/1] (0.67ns) (root node of TernaryAdder)   --->   "%add_ln58_178 = add i16 %sext_ln58_86, i16 %add_ln58_175" [firmware/nnet_utils/nnet_dense_latency.h:58]   --->   Operation 463 'add' 'add_ln58_178' <Predicate = true> <Delay = 0.67> <CoreInst = "TAddSub">   --->   Core 10 'TAddSub' <Latency = 0> <II = 1> <Delay = 0.33> <IPBlock> <Opcode : '' 'add' 'sub'> <InPorts = 3> <OutPorts = 1> <Sync> <CReg>
ST_1 : Operation 464 [1/1] (0.77ns)   --->   "%add_ln58_179 = add i15 %add_ln58_168, i15 %sext_ln17_57" [firmware/nnet_utils/nnet_dense_latency.h:58]   --->   Operation 464 'add' 'add_ln58_179' <Predicate = true> <Delay = 0.77> <CoreInst = "Adder">   --->   Core 1 'Adder' <Latency = 0> <II = 1> <Delay = 0.77> <FuncUnit> <Opcode : 'add' 'sub'> <InPorts = 2> <OutPorts = 1>
ST_1 : Operation 465 [1/1] (0.00ns)   --->   "%sext_ln58_159 = sext i15 %add_ln58_179" [firmware/nnet_utils/nnet_dense_latency.h:58]   --->   Operation 465 'sext' 'sext_ln58_159' <Predicate = true> <Delay = 0.00>
ST_1 : Operation 466 [1/1] (0.75ns)   --->   "%add_ln58_180 = add i14 %sext_ln17_61, i14 %sext_ln17_65" [firmware/nnet_utils/nnet_dense_latency.h:58]   --->   Operation 466 'add' 'add_ln58_180' <Predicate = true> <Delay = 0.75> <CoreInst = "Adder">   --->   Core 1 'Adder' <Latency = 0> <II = 1> <Delay = 0.75> <FuncUnit> <Opcode : 'add' 'sub'> <InPorts = 2> <OutPorts = 1>
ST_1 : Operation 467 [1/1] (0.00ns)   --->   "%sext_ln58_87 = sext i14 %add_ln58_180" [firmware/nnet_utils/nnet_dense_latency.h:58]   --->   Operation 467 'sext' 'sext_ln58_87' <Predicate = true> <Delay = 0.00>
ST_1 : Operation 468 [1/1] (0.77ns)   --->   "%add_ln58_181 = add i16 %sext_ln58_87, i16 %sext_ln58_159" [firmware/nnet_utils/nnet_dense_latency.h:58]   --->   Operation 468 'add' 'add_ln58_181' <Predicate = true> <Delay = 0.77> <CoreInst = "Adder">   --->   Core 1 'Adder' <Latency = 0> <II = 1> <Delay = 0.77> <FuncUnit> <Opcode : 'add' 'sub'> <InPorts = 2> <OutPorts = 1>
ST_1 : Operation 469 [1/1] (0.77ns)   --->   "%add_ln58_182 = add i16 %sext_ln42_32, i16 %sext_ln58_84" [firmware/nnet_utils/nnet_dense_latency.h:58]   --->   Operation 469 'add' 'add_ln58_182' <Predicate = true> <Delay = 0.77> <CoreInst = "Adder">   --->   Core 1 'Adder' <Latency = 0> <II = 1> <Delay = 0.77> <FuncUnit> <Opcode : 'add' 'sub'> <InPorts = 2> <OutPorts = 1>
ST_1 : Operation 470 [1/1] (0.76ns)   --->   "%add_ln58_183 = add i15 %sext_ln17_56, i15 %sext_ln17_72" [firmware/nnet_utils/nnet_dense_latency.h:58]   --->   Operation 470 'add' 'add_ln58_183' <Predicate = true> <Delay = 0.76> <CoreInst = "Adder">   --->   Core 1 'Adder' <Latency = 0> <II = 1> <Delay = 0.76> <FuncUnit> <Opcode : 'add' 'sub'> <InPorts = 2> <OutPorts = 1>
ST_1 : Operation 471 [1/1] (0.00ns)   --->   "%sext_ln58_171 = sext i15 %add_ln58_183" [firmware/nnet_utils/nnet_dense_latency.h:58]   --->   Operation 471 'sext' 'sext_ln58_171' <Predicate = true> <Delay = 0.00>
ST_1 : Operation 472 [1/1] (0.77ns)   --->   "%add_ln58_184 = add i16 %sext_ln58_171, i16 %sext_ln42_15" [firmware/nnet_utils/nnet_dense_latency.h:58]   --->   Operation 472 'add' 'add_ln58_184' <Predicate = true> <Delay = 0.77> <CoreInst = "Adder">   --->   Core 1 'Adder' <Latency = 0> <II = 1> <Delay = 0.77> <FuncUnit> <Opcode : 'add' 'sub'> <InPorts = 2> <OutPorts = 1>
ST_1 : Operation 473 [1/1] (0.75ns)   --->   "%add_ln58_185 = add i14 %sext_ln17_65, i14 256" [firmware/nnet_utils/nnet_dense_latency.h:58]   --->   Operation 473 'add' 'add_ln58_185' <Predicate = true> <Delay = 0.75> <CoreInst = "Adder">   --->   Core 1 'Adder' <Latency = 0> <II = 1> <Delay = 0.75> <FuncUnit> <Opcode : 'add' 'sub'> <InPorts = 2> <OutPorts = 1>
ST_1 : Operation 474 [1/1] (0.00ns)   --->   "%sext_ln58_88 = sext i14 %add_ln58_185" [firmware/nnet_utils/nnet_dense_latency.h:58]   --->   Operation 474 'sext' 'sext_ln58_88' <Predicate = true> <Delay = 0.00>
ST_1 : Operation 475 [1/1] (0.76ns)   --->   "%add_ln58_186 = add i15 %sext_ln58_88, i15 %sext_ln17_49" [firmware/nnet_utils/nnet_dense_latency.h:58]   --->   Operation 475 'add' 'add_ln58_186' <Predicate = true> <Delay = 0.76> <CoreInst = "Adder">   --->   Core 1 'Adder' <Latency = 0> <II = 1> <Delay = 0.76> <FuncUnit> <Opcode : 'add' 'sub'> <InPorts = 2> <OutPorts = 1>
ST_1 : Operation 476 [1/1] (0.00ns)   --->   "%sext_ln58_89 = sext i15 %add_ln58_186" [firmware/nnet_utils/nnet_dense_latency.h:58]   --->   Operation 476 'sext' 'sext_ln58_89' <Predicate = true> <Delay = 0.00>
ST_1 : Operation 477 [1/1] (0.78ns)   --->   "%add_ln58_187 = add i16 %sext_ln58_89, i16 %add_ln58_184" [firmware/nnet_utils/nnet_dense_latency.h:58]   --->   Operation 477 'add' 'add_ln58_187' <Predicate = true> <Delay = 0.78> <CoreInst = "Adder">   --->   Core 1 'Adder' <Latency = 0> <II = 1> <Delay = 0.78> <FuncUnit> <Opcode : 'add' 'sub'> <InPorts = 2> <OutPorts = 1>
ST_1 : Operation 478 [1/1] (0.76ns)   --->   "%add_ln58_188 = add i15 %sext_ln17_75, i15 %sext_ln17_64" [firmware/nnet_utils/nnet_dense_latency.h:58]   --->   Operation 478 'add' 'add_ln58_188' <Predicate = true> <Delay = 0.76> <CoreInst = "Adder">   --->   Core 1 'Adder' <Latency = 0> <II = 1> <Delay = 0.76> <FuncUnit> <Opcode : 'add' 'sub'> <InPorts = 2> <OutPorts = 1>
ST_1 : Operation 479 [1/1] (0.00ns)   --->   "%sext_ln58_90 = sext i15 %add_ln58_188" [firmware/nnet_utils/nnet_dense_latency.h:58]   --->   Operation 479 'sext' 'sext_ln58_90' <Predicate = true> <Delay = 0.00>
ST_1 : Operation 480 [1/1] (0.00ns) (grouped into TernaryAdder)   --->   "%add_ln58_189 = add i16 %sext_ln58_90, i16 %sext_ln58_78" [firmware/nnet_utils/nnet_dense_latency.h:58]   --->   Operation 480 'add' 'add_ln58_189' <Predicate = true> <Delay = 0.00> <CoreInst = "TAddSub">   --->   Core 10 'TAddSub' <Latency = 0> <II = 1> <Delay = 0.33> <IPBlock> <Opcode : '' 'add' 'sub'> <InPorts = 3> <OutPorts = 1> <Sync> <CReg>
ST_1 : Operation 481 [1/1] (0.76ns)   --->   "%add_ln58_190 = add i15 %sext_ln58_83, i15 %sext_ln17_76" [firmware/nnet_utils/nnet_dense_latency.h:58]   --->   Operation 481 'add' 'add_ln58_190' <Predicate = true> <Delay = 0.76> <CoreInst = "Adder">   --->   Core 1 'Adder' <Latency = 0> <II = 1> <Delay = 0.76> <FuncUnit> <Opcode : 'add' 'sub'> <InPorts = 2> <OutPorts = 1>
ST_1 : Operation 482 [1/1] (0.00ns)   --->   "%sext_ln58_91 = sext i15 %add_ln58_190" [firmware/nnet_utils/nnet_dense_latency.h:58]   --->   Operation 482 'sext' 'sext_ln58_91' <Predicate = true> <Delay = 0.00>
ST_1 : Operation 483 [1/1] (0.67ns) (root node of TernaryAdder)   --->   "%add_ln58_191 = add i16 %sext_ln58_91, i16 %add_ln58_189" [firmware/nnet_utils/nnet_dense_latency.h:58]   --->   Operation 483 'add' 'add_ln58_191' <Predicate = true> <Delay = 0.67> <CoreInst = "TAddSub">   --->   Core 10 'TAddSub' <Latency = 0> <II = 1> <Delay = 0.33> <IPBlock> <Opcode : '' 'add' 'sub'> <InPorts = 3> <OutPorts = 1> <Sync> <CReg>
ST_1 : Operation 484 [1/1] (0.78ns)   --->   "%add_ln58_192 = add i16 %add_ln58_166, i16 %sext_ln42_16" [firmware/nnet_utils/nnet_dense_latency.h:58]   --->   Operation 484 'add' 'add_ln58_192' <Predicate = true> <Delay = 0.78> <CoreInst = "Adder">   --->   Core 1 'Adder' <Latency = 0> <II = 1> <Delay = 0.78> <FuncUnit> <Opcode : 'add' 'sub'> <InPorts = 2> <OutPorts = 1>
ST_1 : Operation 485 [1/1] (0.76ns)   --->   "%add_ln58_193 = add i15 %sext_ln17_56, i15 %sext_ln17_66" [firmware/nnet_utils/nnet_dense_latency.h:58]   --->   Operation 485 'add' 'add_ln58_193' <Predicate = true> <Delay = 0.76> <CoreInst = "Adder">   --->   Core 1 'Adder' <Latency = 0> <II = 1> <Delay = 0.76> <FuncUnit> <Opcode : 'add' 'sub'> <InPorts = 2> <OutPorts = 1>
ST_1 : Operation 486 [1/1] (0.00ns)   --->   "%sext_ln58_174 = sext i15 %add_ln58_193" [firmware/nnet_utils/nnet_dense_latency.h:58]   --->   Operation 486 'sext' 'sext_ln58_174' <Predicate = true> <Delay = 0.00>
ST_1 : Operation 487 [1/1] (0.00ns) (grouped into TernaryAdder)   --->   "%add_ln58_194 = add i16 %sext_ln58_174, i16 %add_ln58_192" [firmware/nnet_utils/nnet_dense_latency.h:58]   --->   Operation 487 'add' 'add_ln58_194' <Predicate = true> <Delay = 0.00> <CoreInst = "TAddSub">   --->   Core 10 'TAddSub' <Latency = 0> <II = 1> <Delay = 0.33> <IPBlock> <Opcode : '' 'add' 'sub'> <InPorts = 3> <OutPorts = 1> <Sync> <CReg>
ST_1 : Operation 488 [1/1] (0.76ns)   --->   "%add_ln58_195 = add i15 %sext_ln17_68, i15 %sext_ln17_83" [firmware/nnet_utils/nnet_dense_latency.h:58]   --->   Operation 488 'add' 'add_ln58_195' <Predicate = true> <Delay = 0.76> <CoreInst = "Adder">   --->   Core 1 'Adder' <Latency = 0> <II = 1> <Delay = 0.76> <FuncUnit> <Opcode : 'add' 'sub'> <InPorts = 2> <OutPorts = 1>
ST_1 : Operation 489 [1/1] (0.00ns)   --->   "%sext_ln58_92 = sext i15 %add_ln58_195" [firmware/nnet_utils/nnet_dense_latency.h:58]   --->   Operation 489 'sext' 'sext_ln58_92' <Predicate = true> <Delay = 0.00>
ST_1 : Operation 490 [1/1] (0.75ns)   --->   "%add_ln58_196 = add i14 %sext_ln17_74, i14 %sext_ln17_77" [firmware/nnet_utils/nnet_dense_latency.h:58]   --->   Operation 490 'add' 'add_ln58_196' <Predicate = true> <Delay = 0.75> <CoreInst = "Adder">   --->   Core 1 'Adder' <Latency = 0> <II = 1> <Delay = 0.75> <FuncUnit> <Opcode : 'add' 'sub'> <InPorts = 2> <OutPorts = 1>
ST_1 : Operation 491 [1/1] (0.00ns)   --->   "%sext_ln58_93 = sext i14 %add_ln58_196" [firmware/nnet_utils/nnet_dense_latency.h:58]   --->   Operation 491 'sext' 'sext_ln58_93' <Predicate = true> <Delay = 0.00>
ST_1 : Operation 492 [1/1] (0.76ns)   --->   "%add_ln58_197 = add i15 %sext_ln58_93, i15 %sext_ln17_49" [firmware/nnet_utils/nnet_dense_latency.h:58]   --->   Operation 492 'add' 'add_ln58_197' <Predicate = true> <Delay = 0.76> <CoreInst = "Adder">   --->   Core 1 'Adder' <Latency = 0> <II = 1> <Delay = 0.76> <FuncUnit> <Opcode : 'add' 'sub'> <InPorts = 2> <OutPorts = 1>
ST_1 : Operation 493 [1/1] (0.00ns)   --->   "%sext_ln58_94 = sext i15 %add_ln58_197" [firmware/nnet_utils/nnet_dense_latency.h:58]   --->   Operation 493 'sext' 'sext_ln58_94' <Predicate = true> <Delay = 0.00>
ST_1 : Operation 494 [1/1] (0.77ns)   --->   "%add_ln58_198 = add i16 %sext_ln58_94, i16 %sext_ln58_92" [firmware/nnet_utils/nnet_dense_latency.h:58]   --->   Operation 494 'add' 'add_ln58_198' <Predicate = true> <Delay = 0.77> <CoreInst = "Adder">   --->   Core 1 'Adder' <Latency = 0> <II = 1> <Delay = 0.77> <FuncUnit> <Opcode : 'add' 'sub'> <InPorts = 2> <OutPorts = 1>
ST_1 : Operation 495 [1/1] (0.67ns) (root node of TernaryAdder)   --->   "%add_ln58_199 = add i16 %add_ln58_198, i16 %add_ln58_194" [firmware/nnet_utils/nnet_dense_latency.h:58]   --->   Operation 495 'add' 'add_ln58_199' <Predicate = true> <Delay = 0.67> <CoreInst = "TAddSub">   --->   Core 10 'TAddSub' <Latency = 0> <II = 1> <Delay = 0.33> <IPBlock> <Opcode : '' 'add' 'sub'> <InPorts = 3> <OutPorts = 1> <Sync> <CReg>
ST_1 : Operation 496 [1/1] (0.76ns)   --->   "%add_ln58_200 = add i15 %sext_ln17_80, i15 %sext_ln58_72" [firmware/nnet_utils/nnet_dense_latency.h:58]   --->   Operation 496 'add' 'add_ln58_200' <Predicate = true> <Delay = 0.76> <CoreInst = "Adder">   --->   Core 1 'Adder' <Latency = 0> <II = 1> <Delay = 0.76> <FuncUnit> <Opcode : 'add' 'sub'> <InPorts = 2> <OutPorts = 1>
ST_1 : Operation 497 [1/1] (0.00ns)   --->   "%sext_ln58_210 = sext i15 %add_ln58_200" [firmware/nnet_utils/nnet_dense_latency.h:58]   --->   Operation 497 'sext' 'sext_ln58_210' <Predicate = true> <Delay = 0.00>
ST_1 : Operation 498 [1/1] (0.75ns)   --->   "%add_ln58_201 = add i14 %sext_ln17_61, i14 %sext_ln17_70" [firmware/nnet_utils/nnet_dense_latency.h:58]   --->   Operation 498 'add' 'add_ln58_201' <Predicate = true> <Delay = 0.75> <CoreInst = "Adder">   --->   Core 1 'Adder' <Latency = 0> <II = 1> <Delay = 0.75> <FuncUnit> <Opcode : 'add' 'sub'> <InPorts = 2> <OutPorts = 1>
ST_1 : Operation 499 [1/1] (0.00ns)   --->   "%sext_ln58_95 = sext i14 %add_ln58_201" [firmware/nnet_utils/nnet_dense_latency.h:58]   --->   Operation 499 'sext' 'sext_ln58_95' <Predicate = true> <Delay = 0.00>
ST_1 : Operation 500 [1/1] (0.76ns)   --->   "%add_ln58_202 = add i15 %sext_ln58_95, i15 %sext_ln17_57" [firmware/nnet_utils/nnet_dense_latency.h:58]   --->   Operation 500 'add' 'add_ln58_202' <Predicate = true> <Delay = 0.76> <CoreInst = "Adder">   --->   Core 1 'Adder' <Latency = 0> <II = 1> <Delay = 0.76> <FuncUnit> <Opcode : 'add' 'sub'> <InPorts = 2> <OutPorts = 1>
ST_1 : Operation 501 [1/1] (0.00ns)   --->   "%sext_ln58_96 = sext i15 %add_ln58_202" [firmware/nnet_utils/nnet_dense_latency.h:58]   --->   Operation 501 'sext' 'sext_ln58_96' <Predicate = true> <Delay = 0.00>
ST_1 : Operation 502 [1/1] (0.77ns)   --->   "%add_ln58_203 = add i16 %sext_ln58_96, i16 %sext_ln58_210" [firmware/nnet_utils/nnet_dense_latency.h:58]   --->   Operation 502 'add' 'add_ln58_203' <Predicate = true> <Delay = 0.77> <CoreInst = "Adder">   --->   Core 1 'Adder' <Latency = 0> <II = 1> <Delay = 0.77> <FuncUnit> <Opcode : 'add' 'sub'> <InPorts = 2> <OutPorts = 1>
ST_1 : Operation 503 [1/1] (0.76ns)   --->   "%add_ln58_204 = add i15 %sext_ln17_78, i15 %sext_ln17_86" [firmware/nnet_utils/nnet_dense_latency.h:58]   --->   Operation 503 'add' 'add_ln58_204' <Predicate = true> <Delay = 0.76> <CoreInst = "Adder">   --->   Core 1 'Adder' <Latency = 0> <II = 1> <Delay = 0.76> <FuncUnit> <Opcode : 'add' 'sub'> <InPorts = 2> <OutPorts = 1>
ST_1 : Operation 504 [1/1] (0.00ns)   --->   "%sext_ln58_211 = sext i15 %add_ln58_204" [firmware/nnet_utils/nnet_dense_latency.h:58]   --->   Operation 504 'sext' 'sext_ln58_211' <Predicate = true> <Delay = 0.00>
ST_1 : Operation 505 [1/1] (0.00ns) (grouped into TernaryAdder)   --->   "%add_ln58_205 = add i16 %sext_ln58_211, i16 %sext_ln58_80" [firmware/nnet_utils/nnet_dense_latency.h:58]   --->   Operation 505 'add' 'add_ln58_205' <Predicate = true> <Delay = 0.00> <CoreInst = "TAddSub">   --->   Core 10 'TAddSub' <Latency = 0> <II = 1> <Delay = 0.33> <IPBlock> <Opcode : '' 'add' 'sub'> <InPorts = 3> <OutPorts = 1> <Sync> <CReg>
ST_1 : Operation 506 [1/1] (0.75ns)   --->   "%add_ln58_206 = add i14 %sext_ln17_53, i14 %sext_ln17_58" [firmware/nnet_utils/nnet_dense_latency.h:58]   --->   Operation 506 'add' 'add_ln58_206' <Predicate = true> <Delay = 0.75> <CoreInst = "Adder">   --->   Core 1 'Adder' <Latency = 0> <II = 1> <Delay = 0.75> <FuncUnit> <Opcode : 'add' 'sub'> <InPorts = 2> <OutPorts = 1>
ST_1 : Operation 507 [1/1] (0.00ns)   --->   "%sext_ln58_97 = sext i14 %add_ln58_206" [firmware/nnet_utils/nnet_dense_latency.h:58]   --->   Operation 507 'sext' 'sext_ln58_97' <Predicate = true> <Delay = 0.00>
ST_1 : Operation 508 [1/1] (0.76ns)   --->   "%add_ln58_207 = add i15 %sext_ln58_95, i15 %sext_ln58_97" [firmware/nnet_utils/nnet_dense_latency.h:58]   --->   Operation 508 'add' 'add_ln58_207' <Predicate = true> <Delay = 0.76> <CoreInst = "Adder">   --->   Core 1 'Adder' <Latency = 0> <II = 1> <Delay = 0.76> <FuncUnit> <Opcode : 'add' 'sub'> <InPorts = 2> <OutPorts = 1>
ST_1 : Operation 509 [1/1] (0.00ns)   --->   "%sext_ln58_98 = sext i15 %add_ln58_207" [firmware/nnet_utils/nnet_dense_latency.h:58]   --->   Operation 509 'sext' 'sext_ln58_98' <Predicate = true> <Delay = 0.00>
ST_1 : Operation 510 [1/1] (0.67ns) (root node of TernaryAdder)   --->   "%add_ln58_208 = add i16 %sext_ln58_98, i16 %add_ln58_205" [firmware/nnet_utils/nnet_dense_latency.h:58]   --->   Operation 510 'add' 'add_ln58_208' <Predicate = true> <Delay = 0.67> <CoreInst = "TAddSub">   --->   Core 10 'TAddSub' <Latency = 0> <II = 1> <Delay = 0.33> <IPBlock> <Opcode : '' 'add' 'sub'> <InPorts = 3> <OutPorts = 1> <Sync> <CReg>
ST_1 : Operation 511 [1/1] (0.76ns)   --->   "%add_ln58_209 = add i15 %sext_ln58_88, i15 %sext_ln17_86" [firmware/nnet_utils/nnet_dense_latency.h:58]   --->   Operation 511 'add' 'add_ln58_209' <Predicate = true> <Delay = 0.76> <CoreInst = "Adder">   --->   Core 1 'Adder' <Latency = 0> <II = 1> <Delay = 0.76> <FuncUnit> <Opcode : 'add' 'sub'> <InPorts = 2> <OutPorts = 1>
ST_1 : Operation 512 [1/1] (0.00ns)   --->   "%sext_ln58_212 = sext i15 %add_ln58_209" [firmware/nnet_utils/nnet_dense_latency.h:58]   --->   Operation 512 'sext' 'sext_ln58_212' <Predicate = true> <Delay = 0.00>
ST_1 : Operation 513 [1/1] (0.78ns)   --->   "%add_ln58_210 = add i16 %sext_ln58_212, i16 %add_ln58_184" [firmware/nnet_utils/nnet_dense_latency.h:58]   --->   Operation 513 'add' 'add_ln58_210' <Predicate = true> <Delay = 0.78> <CoreInst = "Adder">   --->   Core 1 'Adder' <Latency = 0> <II = 1> <Delay = 0.78> <FuncUnit> <Opcode : 'add' 'sub'> <InPorts = 2> <OutPorts = 1>
ST_1 : Operation 514 [1/1] (0.00ns)   --->   "%sext_ln58_100 = sext i14 %add_ln58_206" [firmware/nnet_utils/nnet_dense_latency.h:58]   --->   Operation 514 'sext' 'sext_ln58_100' <Predicate = true> <Delay = 0.00>
ST_1 : Operation 515 [1/1] (0.00ns) (grouped into TernaryAdder)   --->   "%add_ln58_211 = add i16 %sext_ln58_100, i16 %sext_ln58_99" [firmware/nnet_utils/nnet_dense_latency.h:58]   --->   Operation 515 'add' 'add_ln58_211' <Predicate = true> <Delay = 0.00> <CoreInst = "TAddSub">   --->   Core 10 'TAddSub' <Latency = 0> <II = 1> <Delay = 0.33> <IPBlock> <Opcode : '' 'add' 'sub'> <InPorts = 3> <OutPorts = 1> <Sync> <CReg>
ST_1 : Operation 516 [1/1] (0.75ns)   --->   "%add_ln58_212 = add i14 %sext_ln17_65, i14 %sext_ln17_85" [firmware/nnet_utils/nnet_dense_latency.h:58]   --->   Operation 516 'add' 'add_ln58_212' <Predicate = true> <Delay = 0.75> <CoreInst = "Adder">   --->   Core 1 'Adder' <Latency = 0> <II = 1> <Delay = 0.75> <FuncUnit> <Opcode : 'add' 'sub'> <InPorts = 2> <OutPorts = 1>
ST_1 : Operation 517 [1/1] (0.00ns)   --->   "%sext_ln58_101 = sext i14 %add_ln58_212" [firmware/nnet_utils/nnet_dense_latency.h:58]   --->   Operation 517 'sext' 'sext_ln58_101' <Predicate = true> <Delay = 0.00>
ST_1 : Operation 518 [1/1] (0.76ns)   --->   "%add_ln58_213 = add i15 %sext_ln58_101, i15 %sext_ln17_60" [firmware/nnet_utils/nnet_dense_latency.h:58]   --->   Operation 518 'add' 'add_ln58_213' <Predicate = true> <Delay = 0.76> <CoreInst = "Adder">   --->   Core 1 'Adder' <Latency = 0> <II = 1> <Delay = 0.76> <FuncUnit> <Opcode : 'add' 'sub'> <InPorts = 2> <OutPorts = 1>
ST_1 : Operation 519 [1/1] (0.00ns)   --->   "%sext_ln58_102 = sext i15 %add_ln58_213" [firmware/nnet_utils/nnet_dense_latency.h:58]   --->   Operation 519 'sext' 'sext_ln58_102' <Predicate = true> <Delay = 0.00>
ST_1 : Operation 520 [1/1] (0.67ns) (root node of TernaryAdder)   --->   "%add_ln58_214 = add i16 %sext_ln58_102, i16 %add_ln58_211" [firmware/nnet_utils/nnet_dense_latency.h:58]   --->   Operation 520 'add' 'add_ln58_214' <Predicate = true> <Delay = 0.67> <CoreInst = "TAddSub">   --->   Core 10 'TAddSub' <Latency = 0> <II = 1> <Delay = 0.33> <IPBlock> <Opcode : '' 'add' 'sub'> <InPorts = 3> <OutPorts = 1> <Sync> <CReg>
ST_1 : Operation 521 [1/1] (0.77ns)   --->   "%add_ln58_215 = add i16 %sext_ln58_71, i16 %sext_ln42_13" [firmware/nnet_utils/nnet_dense_latency.h:58]   --->   Operation 521 'add' 'add_ln58_215' <Predicate = true> <Delay = 0.77> <CoreInst = "Adder">   --->   Core 1 'Adder' <Latency = 0> <II = 1> <Delay = 0.77> <FuncUnit> <Opcode : 'add' 'sub'> <InPorts = 2> <OutPorts = 1>
ST_1 : Operation 522 [1/1] (0.00ns) (grouped into TernaryAdder)   --->   "%add_ln58_216 = add i16 %sext_ln42_24, i16 %sext_ln42_28" [firmware/nnet_utils/nnet_dense_latency.h:58]   --->   Operation 522 'add' 'add_ln58_216' <Predicate = true> <Delay = 0.00> <CoreInst = "TAddSub">   --->   Core 10 'TAddSub' <Latency = 0> <II = 1> <Delay = 0.33> <IPBlock> <Opcode : '' 'add' 'sub'> <InPorts = 3> <OutPorts = 1> <Sync> <CReg>
ST_1 : Operation 523 [1/1] (0.67ns) (root node of TernaryAdder)   --->   "%add_ln58_217 = add i16 %add_ln58_216, i16 %sext_ln42_15" [firmware/nnet_utils/nnet_dense_latency.h:58]   --->   Operation 523 'add' 'add_ln58_217' <Predicate = true> <Delay = 0.67> <CoreInst = "TAddSub">   --->   Core 10 'TAddSub' <Latency = 0> <II = 1> <Delay = 0.33> <IPBlock> <Opcode : '' 'add' 'sub'> <InPorts = 3> <OutPorts = 1> <Sync> <CReg>
ST_1 : Operation 524 [1/1] (0.00ns) (grouped into TernaryAdder)   --->   "%add_ln58_218 = add i16 %add_ln58_217, i16 %add_ln58_215" [firmware/nnet_utils/nnet_dense_latency.h:58]   --->   Operation 524 'add' 'add_ln58_218' <Predicate = true> <Delay = 0.00> <CoreInst = "TAddSub">   --->   Core 10 'TAddSub' <Latency = 0> <II = 1> <Delay = 0.33> <IPBlock> <Opcode : '' 'add' 'sub'> <InPorts = 3> <OutPorts = 1> <Sync> <CReg>
ST_1 : Operation 525 [1/1] (0.76ns)   --->   "%add_ln58_219 = add i15 %sext_ln17_80, i15 %sext_ln17_59" [firmware/nnet_utils/nnet_dense_latency.h:58]   --->   Operation 525 'add' 'add_ln58_219' <Predicate = true> <Delay = 0.76> <CoreInst = "Adder">   --->   Core 1 'Adder' <Latency = 0> <II = 1> <Delay = 0.76> <FuncUnit> <Opcode : 'add' 'sub'> <InPorts = 2> <OutPorts = 1>
ST_1 : Operation 526 [1/1] (0.00ns)   --->   "%sext_ln58_213 = sext i15 %add_ln58_219" [firmware/nnet_utils/nnet_dense_latency.h:58]   --->   Operation 526 'sext' 'sext_ln58_213' <Predicate = true> <Delay = 0.00>
ST_1 : Operation 527 [1/1] (0.75ns)   --->   "%add_ln58_220 = add i14 %sext_ln17_77, i14 %sext_ln17_90" [firmware/nnet_utils/nnet_dense_latency.h:58]   --->   Operation 527 'add' 'add_ln58_220' <Predicate = true> <Delay = 0.75> <CoreInst = "Adder">   --->   Core 1 'Adder' <Latency = 0> <II = 1> <Delay = 0.75> <FuncUnit> <Opcode : 'add' 'sub'> <InPorts = 2> <OutPorts = 1>
ST_1 : Operation 528 [1/1] (0.00ns)   --->   "%sext_ln58_103 = sext i14 %add_ln58_220" [firmware/nnet_utils/nnet_dense_latency.h:58]   --->   Operation 528 'sext' 'sext_ln58_103' <Predicate = true> <Delay = 0.00>
ST_1 : Operation 529 [1/1] (0.76ns)   --->   "%add_ln58_221 = add i15 %sext_ln58_103, i15 %sext_ln17_45" [firmware/nnet_utils/nnet_dense_latency.h:58]   --->   Operation 529 'add' 'add_ln58_221' <Predicate = true> <Delay = 0.76> <CoreInst = "Adder">   --->   Core 1 'Adder' <Latency = 0> <II = 1> <Delay = 0.76> <FuncUnit> <Opcode : 'add' 'sub'> <InPorts = 2> <OutPorts = 1>
ST_1 : Operation 530 [1/1] (0.00ns)   --->   "%sext_ln58_104 = sext i15 %add_ln58_221" [firmware/nnet_utils/nnet_dense_latency.h:58]   --->   Operation 530 'sext' 'sext_ln58_104' <Predicate = true> <Delay = 0.00>
ST_1 : Operation 531 [1/1] (0.77ns)   --->   "%add_ln58_222 = add i16 %sext_ln58_104, i16 %sext_ln58_213" [firmware/nnet_utils/nnet_dense_latency.h:58]   --->   Operation 531 'add' 'add_ln58_222' <Predicate = true> <Delay = 0.77> <CoreInst = "Adder">   --->   Core 1 'Adder' <Latency = 0> <II = 1> <Delay = 0.77> <FuncUnit> <Opcode : 'add' 'sub'> <InPorts = 2> <OutPorts = 1>
ST_1 : Operation 532 [1/1] (0.67ns) (root node of TernaryAdder)   --->   "%add_ln58_223 = add i16 %add_ln58_222, i16 %add_ln58_218" [firmware/nnet_utils/nnet_dense_latency.h:58]   --->   Operation 532 'add' 'add_ln58_223' <Predicate = true> <Delay = 0.67> <CoreInst = "TAddSub">   --->   Core 10 'TAddSub' <Latency = 0> <II = 1> <Delay = 0.33> <IPBlock> <Opcode : '' 'add' 'sub'> <InPorts = 3> <OutPorts = 1> <Sync> <CReg>
ST_1 : Operation 533 [1/1] (0.00ns) (grouped into TernaryAdder)   --->   "%add_ln58_224 = add i16 %sext_ln42_50, i16 %add_ln58_191" [firmware/nnet_utils/nnet_dense_latency.h:58]   --->   Operation 533 'add' 'add_ln58_224' <Predicate = true> <Delay = 0.00> <CoreInst = "TAddSub">   --->   Core 10 'TAddSub' <Latency = 0> <II = 1> <Delay = 0.33> <IPBlock> <Opcode : '' 'add' 'sub'> <InPorts = 3> <OutPorts = 1> <Sync> <CReg>
ST_1 : Operation 534 [1/1] (0.76ns)   --->   "%add_ln58_225 = add i15 %sext_ln17_83, i15 %sext_ln17_84" [firmware/nnet_utils/nnet_dense_latency.h:58]   --->   Operation 534 'add' 'add_ln58_225' <Predicate = true> <Delay = 0.76> <CoreInst = "Adder">   --->   Core 1 'Adder' <Latency = 0> <II = 1> <Delay = 0.76> <FuncUnit> <Opcode : 'add' 'sub'> <InPorts = 2> <OutPorts = 1>
ST_1 : Operation 535 [1/1] (0.00ns)   --->   "%sext_ln58_105 = sext i15 %add_ln58_225" [firmware/nnet_utils/nnet_dense_latency.h:58]   --->   Operation 535 'sext' 'sext_ln58_105' <Predicate = true> <Delay = 0.00>
ST_1 : Operation 536 [1/1] (0.67ns) (root node of TernaryAdder)   --->   "%add_ln58_226 = add i16 %sext_ln58_105, i16 %add_ln58_224" [firmware/nnet_utils/nnet_dense_latency.h:58]   --->   Operation 536 'add' 'add_ln58_226' <Predicate = true> <Delay = 0.67> <CoreInst = "TAddSub">   --->   Core 10 'TAddSub' <Latency = 0> <II = 1> <Delay = 0.33> <IPBlock> <Opcode : '' 'add' 'sub'> <InPorts = 3> <OutPorts = 1> <Sync> <CReg>
ST_1 : Operation 537 [1/1] (0.00ns) (grouped into TernaryAdder)   --->   "%add_ln58_227 = add i16 %sext_ln58_84, i16 %sext_ln42_43" [firmware/nnet_utils/nnet_dense_latency.h:58]   --->   Operation 537 'add' 'add_ln58_227' <Predicate = true> <Delay = 0.00> <CoreInst = "TAddSub">   --->   Core 10 'TAddSub' <Latency = 0> <II = 1> <Delay = 0.33> <IPBlock> <Opcode : '' 'add' 'sub'> <InPorts = 3> <OutPorts = 1> <Sync> <CReg>
ST_1 : Operation 538 [1/1] (0.75ns)   --->   "%add_ln58_228 = add i14 %sext_ln17_85, i14 %sext_ln17_90" [firmware/nnet_utils/nnet_dense_latency.h:58]   --->   Operation 538 'add' 'add_ln58_228' <Predicate = true> <Delay = 0.75> <CoreInst = "Adder">   --->   Core 1 'Adder' <Latency = 0> <II = 1> <Delay = 0.75> <FuncUnit> <Opcode : 'add' 'sub'> <InPorts = 2> <OutPorts = 1>
ST_1 : Operation 539 [1/1] (0.00ns)   --->   "%sext_ln58_106 = sext i14 %add_ln58_228" [firmware/nnet_utils/nnet_dense_latency.h:58]   --->   Operation 539 'sext' 'sext_ln58_106' <Predicate = true> <Delay = 0.00>
ST_1 : Operation 540 [1/1] (0.67ns) (root node of TernaryAdder)   --->   "%add_ln58_229 = add i16 %sext_ln58_106, i16 %add_ln58_227" [firmware/nnet_utils/nnet_dense_latency.h:58]   --->   Operation 540 'add' 'add_ln58_229' <Predicate = true> <Delay = 0.67> <CoreInst = "TAddSub">   --->   Core 10 'TAddSub' <Latency = 0> <II = 1> <Delay = 0.33> <IPBlock> <Opcode : '' 'add' 'sub'> <InPorts = 3> <OutPorts = 1> <Sync> <CReg>
ST_1 : Operation 541 [1/1] (0.76ns)   --->   "%add_ln58_230 = add i15 %sext_ln17_43, i15 %sext_ln17_48" [firmware/nnet_utils/nnet_dense_latency.h:58]   --->   Operation 541 'add' 'add_ln58_230' <Predicate = true> <Delay = 0.76> <CoreInst = "Adder">   --->   Core 1 'Adder' <Latency = 0> <II = 1> <Delay = 0.76> <FuncUnit> <Opcode : 'add' 'sub'> <InPorts = 2> <OutPorts = 1>
ST_1 : Operation 542 [1/1] (0.00ns)   --->   "%sext_ln58_214 = sext i15 %add_ln58_230" [firmware/nnet_utils/nnet_dense_latency.h:58]   --->   Operation 542 'sext' 'sext_ln58_214' <Predicate = true> <Delay = 0.00>
ST_1 : Operation 543 [1/1] (0.00ns) (grouped into TernaryAdder)   --->   "%add_ln58_231 = add i16 %mult_156, i16 %sext_ln42_44" [firmware/nnet_utils/nnet_dense_latency.h:58]   --->   Operation 543 'add' 'add_ln58_231' <Predicate = true> <Delay = 0.00> <CoreInst = "TAddSub">   --->   Core 10 'TAddSub' <Latency = 0> <II = 1> <Delay = 0.33> <IPBlock> <Opcode : '' 'add' 'sub'> <InPorts = 3> <OutPorts = 1> <Sync> <CReg>
ST_1 : Operation 544 [1/1] (0.67ns) (root node of TernaryAdder)   --->   "%add_ln58_232 = add i16 %add_ln58_231, i16 %mult_120" [firmware/nnet_utils/nnet_dense_latency.h:58]   --->   Operation 544 'add' 'add_ln58_232' <Predicate = true> <Delay = 0.67> <CoreInst = "TAddSub">   --->   Core 10 'TAddSub' <Latency = 0> <II = 1> <Delay = 0.33> <IPBlock> <Opcode : '' 'add' 'sub'> <InPorts = 3> <OutPorts = 1> <Sync> <CReg>
ST_1 : Operation 545 [1/1] (0.00ns) (grouped into TernaryAdder)   --->   "%add_ln58_233 = add i16 %add_ln58_232, i16 %sext_ln58_214" [firmware/nnet_utils/nnet_dense_latency.h:58]   --->   Operation 545 'add' 'add_ln58_233' <Predicate = true> <Delay = 0.00> <CoreInst = "TAddSub">   --->   Core 10 'TAddSub' <Latency = 0> <II = 1> <Delay = 0.33> <IPBlock> <Opcode : '' 'add' 'sub'> <InPorts = 3> <OutPorts = 1> <Sync> <CReg>
ST_1 : Operation 546 [1/1] (0.00ns) (grouped into TernaryAdder)   --->   "%add_ln58_234 = add i16 %mult_165, i16 %sext_ln42_17" [firmware/nnet_utils/nnet_dense_latency.h:58]   --->   Operation 546 'add' 'add_ln58_234' <Predicate = true> <Delay = 0.00> <CoreInst = "TAddSub">   --->   Core 10 'TAddSub' <Latency = 0> <II = 1> <Delay = 0.33> <IPBlock> <Opcode : '' 'add' 'sub'> <InPorts = 3> <OutPorts = 1> <Sync> <CReg>
ST_1 : Operation 547 [1/1] (0.75ns)   --->   "%add_ln58_235 = add i14 %sext_ln17_94, i14 896" [firmware/nnet_utils/nnet_dense_latency.h:58]   --->   Operation 547 'add' 'add_ln58_235' <Predicate = true> <Delay = 0.75> <CoreInst = "Adder">   --->   Core 1 'Adder' <Latency = 0> <II = 1> <Delay = 0.75> <FuncUnit> <Opcode : 'add' 'sub'> <InPorts = 2> <OutPorts = 1>
ST_1 : Operation 548 [1/1] (0.00ns)   --->   "%sext_ln58_107 = sext i14 %add_ln58_235" [firmware/nnet_utils/nnet_dense_latency.h:58]   --->   Operation 548 'sext' 'sext_ln58_107' <Predicate = true> <Delay = 0.00>
ST_1 : Operation 549 [1/1] (0.76ns)   --->   "%add_ln58_236 = add i15 %sext_ln58_107, i15 %sext_ln17_64" [firmware/nnet_utils/nnet_dense_latency.h:58]   --->   Operation 549 'add' 'add_ln58_236' <Predicate = true> <Delay = 0.76> <CoreInst = "Adder">   --->   Core 1 'Adder' <Latency = 0> <II = 1> <Delay = 0.76> <FuncUnit> <Opcode : 'add' 'sub'> <InPorts = 2> <OutPorts = 1>
ST_1 : Operation 550 [1/1] (0.00ns)   --->   "%sext_ln58_108 = sext i15 %add_ln58_236" [firmware/nnet_utils/nnet_dense_latency.h:58]   --->   Operation 550 'sext' 'sext_ln58_108' <Predicate = true> <Delay = 0.00>
ST_1 : Operation 551 [1/1] (0.67ns) (root node of TernaryAdder)   --->   "%add_ln58_237 = add i16 %sext_ln58_108, i16 %add_ln58_234" [firmware/nnet_utils/nnet_dense_latency.h:58]   --->   Operation 551 'add' 'add_ln58_237' <Predicate = true> <Delay = 0.67> <CoreInst = "TAddSub">   --->   Core 10 'TAddSub' <Latency = 0> <II = 1> <Delay = 0.33> <IPBlock> <Opcode : '' 'add' 'sub'> <InPorts = 3> <OutPorts = 1> <Sync> <CReg>
ST_1 : Operation 552 [1/1] (0.67ns) (root node of TernaryAdder)   --->   "%add_ln58_238 = add i16 %add_ln58_237, i16 %add_ln58_233" [firmware/nnet_utils/nnet_dense_latency.h:58]   --->   Operation 552 'add' 'add_ln58_238' <Predicate = true> <Delay = 0.67> <CoreInst = "TAddSub">   --->   Core 10 'TAddSub' <Latency = 0> <II = 1> <Delay = 0.33> <IPBlock> <Opcode : '' 'add' 'sub'> <InPorts = 3> <OutPorts = 1> <Sync> <CReg>
ST_1 : Operation 553 [1/1] (0.76ns)   --->   "%add_ln58_239 = add i15 %sext_ln58_157, i15 %sext_ln17_47" [firmware/nnet_utils/nnet_dense_latency.h:58]   --->   Operation 553 'add' 'add_ln58_239' <Predicate = true> <Delay = 0.76> <CoreInst = "Adder">   --->   Core 1 'Adder' <Latency = 0> <II = 1> <Delay = 0.76> <FuncUnit> <Opcode : 'add' 'sub'> <InPorts = 2> <OutPorts = 1>
ST_1 : Operation 554 [1/1] (0.00ns)   --->   "%sext_ln58_215 = sext i15 %add_ln58_239" [firmware/nnet_utils/nnet_dense_latency.h:58]   --->   Operation 554 'sext' 'sext_ln58_215' <Predicate = true> <Delay = 0.00>
ST_1 : Operation 555 [1/1] (0.76ns)   --->   "%add_ln58_240 = add i15 %sext_ln17_56, i15 %sext_ln17_62" [firmware/nnet_utils/nnet_dense_latency.h:58]   --->   Operation 555 'add' 'add_ln58_240' <Predicate = true> <Delay = 0.76> <CoreInst = "Adder">   --->   Core 1 'Adder' <Latency = 0> <II = 1> <Delay = 0.76> <FuncUnit> <Opcode : 'add' 'sub'> <InPorts = 2> <OutPorts = 1>
ST_1 : Operation 556 [1/1] (0.00ns)   --->   "%sext_ln58_216 = sext i15 %add_ln58_240" [firmware/nnet_utils/nnet_dense_latency.h:58]   --->   Operation 556 'sext' 'sext_ln58_216' <Predicate = true> <Delay = 0.00>
ST_1 : Operation 557 [1/1] (0.00ns) (grouped into TernaryAdder)   --->   "%add_ln58_241 = add i16 %sext_ln58_216, i16 %sext_ln58_215" [firmware/nnet_utils/nnet_dense_latency.h:58]   --->   Operation 557 'add' 'add_ln58_241' <Predicate = true> <Delay = 0.00> <CoreInst = "TAddSub">   --->   Core 10 'TAddSub' <Latency = 0> <II = 1> <Delay = 0.33> <IPBlock> <Opcode : '' 'add' 'sub'> <InPorts = 3> <OutPorts = 1> <Sync> <CReg>
ST_1 : Operation 558 [1/1] (0.76ns)   --->   "%add_ln58_242 = add i15 %sext_ln17_72, i15 %sext_ln17_80" [firmware/nnet_utils/nnet_dense_latency.h:58]   --->   Operation 558 'add' 'add_ln58_242' <Predicate = true> <Delay = 0.76> <CoreInst = "Adder">   --->   Core 1 'Adder' <Latency = 0> <II = 1> <Delay = 0.76> <FuncUnit> <Opcode : 'add' 'sub'> <InPorts = 2> <OutPorts = 1>
ST_1 : Operation 559 [1/1] (0.00ns)   --->   "%sext_ln58_217 = sext i15 %add_ln58_242" [firmware/nnet_utils/nnet_dense_latency.h:58]   --->   Operation 559 'sext' 'sext_ln58_217' <Predicate = true> <Delay = 0.00>
ST_1 : Operation 560 [1/1] (0.75ns)   --->   "%add_ln58_243 = add i14 %sext_ln17_53, i14 %sext_ln17_94" [firmware/nnet_utils/nnet_dense_latency.h:58]   --->   Operation 560 'add' 'add_ln58_243' <Predicate = true> <Delay = 0.75> <CoreInst = "Adder">   --->   Core 1 'Adder' <Latency = 0> <II = 1> <Delay = 0.75> <FuncUnit> <Opcode : 'add' 'sub'> <InPorts = 2> <OutPorts = 1>
ST_1 : Operation 561 [1/1] (0.00ns)   --->   "%sext_ln58_109 = sext i14 %add_ln58_243" [firmware/nnet_utils/nnet_dense_latency.h:58]   --->   Operation 561 'sext' 'sext_ln58_109' <Predicate = true> <Delay = 0.00>
ST_1 : Operation 562 [1/1] (0.77ns)   --->   "%add_ln58_244 = add i16 %sext_ln58_109, i16 %sext_ln58_217" [firmware/nnet_utils/nnet_dense_latency.h:58]   --->   Operation 562 'add' 'add_ln58_244' <Predicate = true> <Delay = 0.77> <CoreInst = "Adder">   --->   Core 1 'Adder' <Latency = 0> <II = 1> <Delay = 0.77> <FuncUnit> <Opcode : 'add' 'sub'> <InPorts = 2> <OutPorts = 1>
ST_1 : Operation 563 [1/1] (0.67ns) (root node of TernaryAdder)   --->   "%add_ln58_245 = add i16 %add_ln58_244, i16 %add_ln58_241" [firmware/nnet_utils/nnet_dense_latency.h:58]   --->   Operation 563 'add' 'add_ln58_245' <Predicate = true> <Delay = 0.67> <CoreInst = "TAddSub">   --->   Core 10 'TAddSub' <Latency = 0> <II = 1> <Delay = 0.33> <IPBlock> <Opcode : '' 'add' 'sub'> <InPorts = 3> <OutPorts = 1> <Sync> <CReg>
ST_1 : Operation 564 [1/1] (0.77ns)   --->   "%add_ln58_246 = add i16 %sext_ln58_73, i16 %sext_ln42_13" [firmware/nnet_utils/nnet_dense_latency.h:58]   --->   Operation 564 'add' 'add_ln58_246' <Predicate = true> <Delay = 0.77> <CoreInst = "Adder">   --->   Core 1 'Adder' <Latency = 0> <II = 1> <Delay = 0.77> <FuncUnit> <Opcode : 'add' 'sub'> <InPorts = 2> <OutPorts = 1>
ST_1 : Operation 565 [1/1] (0.76ns)   --->   "%add_ln58_247 = add i15 %sext_ln17_54, i15 %sext_ln17_62" [firmware/nnet_utils/nnet_dense_latency.h:58]   --->   Operation 565 'add' 'add_ln58_247' <Predicate = true> <Delay = 0.76> <CoreInst = "Adder">   --->   Core 1 'Adder' <Latency = 0> <II = 1> <Delay = 0.76> <FuncUnit> <Opcode : 'add' 'sub'> <InPorts = 2> <OutPorts = 1>
ST_1 : Operation 566 [1/1] (0.00ns)   --->   "%sext_ln58_218 = sext i15 %add_ln58_247" [firmware/nnet_utils/nnet_dense_latency.h:58]   --->   Operation 566 'sext' 'sext_ln58_218' <Predicate = true> <Delay = 0.00>
ST_1 : Operation 567 [1/1] (0.00ns) (grouped into TernaryAdder)   --->   "%add_ln58_248 = add i16 %sext_ln58_218, i16 %add_ln58_246" [firmware/nnet_utils/nnet_dense_latency.h:58]   --->   Operation 567 'add' 'add_ln58_248' <Predicate = true> <Delay = 0.00> <CoreInst = "TAddSub">   --->   Core 10 'TAddSub' <Latency = 0> <II = 1> <Delay = 0.33> <IPBlock> <Opcode : '' 'add' 'sub'> <InPorts = 3> <OutPorts = 1> <Sync> <CReg>
ST_1 : Operation 568 [1/1] (0.00ns) (grouped into TernaryAdder)   --->   "%add_ln58_249 = add i16 %sext_ln42_28, i16 %sext_ln42_51" [firmware/nnet_utils/nnet_dense_latency.h:58]   --->   Operation 568 'add' 'add_ln58_249' <Predicate = true> <Delay = 0.00> <CoreInst = "TAddSub">   --->   Core 10 'TAddSub' <Latency = 0> <II = 1> <Delay = 0.33> <IPBlock> <Opcode : '' 'add' 'sub'> <InPorts = 3> <OutPorts = 1> <Sync> <CReg>
ST_1 : Operation 569 [1/1] (0.75ns)   --->   "%add_ln58_250 = add i14 %sext_ln17_46, i14 %sext_ln17_74" [firmware/nnet_utils/nnet_dense_latency.h:58]   --->   Operation 569 'add' 'add_ln58_250' <Predicate = true> <Delay = 0.75> <CoreInst = "Adder">   --->   Core 1 'Adder' <Latency = 0> <II = 1> <Delay = 0.75> <FuncUnit> <Opcode : 'add' 'sub'> <InPorts = 2> <OutPorts = 1>
ST_1 : Operation 570 [1/1] (0.00ns)   --->   "%sext_ln58_110 = sext i14 %add_ln58_250" [firmware/nnet_utils/nnet_dense_latency.h:58]   --->   Operation 570 'sext' 'sext_ln58_110' <Predicate = true> <Delay = 0.00>
ST_1 : Operation 571 [1/1] (0.76ns)   --->   "%add_ln58_251 = add i15 %sext_ln58_110, i15 %sext_ln17_59" [firmware/nnet_utils/nnet_dense_latency.h:58]   --->   Operation 571 'add' 'add_ln58_251' <Predicate = true> <Delay = 0.76> <CoreInst = "Adder">   --->   Core 1 'Adder' <Latency = 0> <II = 1> <Delay = 0.76> <FuncUnit> <Opcode : 'add' 'sub'> <InPorts = 2> <OutPorts = 1>
ST_1 : Operation 572 [1/1] (0.00ns)   --->   "%sext_ln58_111 = sext i15 %add_ln58_251" [firmware/nnet_utils/nnet_dense_latency.h:58]   --->   Operation 572 'sext' 'sext_ln58_111' <Predicate = true> <Delay = 0.00>
ST_1 : Operation 573 [1/1] (0.67ns) (root node of TernaryAdder)   --->   "%add_ln58_252 = add i16 %sext_ln58_111, i16 %add_ln58_249" [firmware/nnet_utils/nnet_dense_latency.h:58]   --->   Operation 573 'add' 'add_ln58_252' <Predicate = true> <Delay = 0.67> <CoreInst = "TAddSub">   --->   Core 10 'TAddSub' <Latency = 0> <II = 1> <Delay = 0.33> <IPBlock> <Opcode : '' 'add' 'sub'> <InPorts = 3> <OutPorts = 1> <Sync> <CReg>
ST_1 : Operation 574 [1/1] (0.67ns) (root node of TernaryAdder)   --->   "%add_ln58_253 = add i16 %add_ln58_252, i16 %add_ln58_248" [firmware/nnet_utils/nnet_dense_latency.h:58]   --->   Operation 574 'add' 'add_ln58_253' <Predicate = true> <Delay = 0.67> <CoreInst = "TAddSub">   --->   Core 10 'TAddSub' <Latency = 0> <II = 1> <Delay = 0.33> <IPBlock> <Opcode : '' 'add' 'sub'> <InPorts = 3> <OutPorts = 1> <Sync> <CReg>
ST_1 : Operation 575 [1/1] (0.77ns)   --->   "%add_ln58_254 = add i16 %sext_ln42_16, i16 %sext_ln42_21" [firmware/nnet_utils/nnet_dense_latency.h:58]   --->   Operation 575 'add' 'add_ln58_254' <Predicate = true> <Delay = 0.77> <CoreInst = "Adder">   --->   Core 1 'Adder' <Latency = 0> <II = 1> <Delay = 0.77> <FuncUnit> <Opcode : 'add' 'sub'> <InPorts = 2> <OutPorts = 1>
ST_1 : Operation 576 [1/1] (0.77ns)   --->   "%add_ln58_255 = add i16 %sext_ln42_28, i16 %sext_ln42_30" [firmware/nnet_utils/nnet_dense_latency.h:58]   --->   Operation 576 'add' 'add_ln58_255' <Predicate = true> <Delay = 0.77> <CoreInst = "Adder">   --->   Core 1 'Adder' <Latency = 0> <II = 1> <Delay = 0.77> <FuncUnit> <Opcode : 'add' 'sub'> <InPorts = 2> <OutPorts = 1>
ST_1 : Operation 577 [1/1] (0.00ns) (grouped into TernaryAdder)   --->   "%add_ln58_256 = add i16 %add_ln58_255, i16 %add_ln58_254" [firmware/nnet_utils/nnet_dense_latency.h:58]   --->   Operation 577 'add' 'add_ln58_256' <Predicate = true> <Delay = 0.00> <CoreInst = "TAddSub">   --->   Core 10 'TAddSub' <Latency = 0> <II = 1> <Delay = 0.33> <IPBlock> <Opcode : '' 'add' 'sub'> <InPorts = 3> <OutPorts = 1> <Sync> <CReg>
ST_1 : Operation 578 [1/1] (0.76ns)   --->   "%add_ln58_257 = add i15 %sext_ln17_95, i15 %sext_ln17_73" [firmware/nnet_utils/nnet_dense_latency.h:58]   --->   Operation 578 'add' 'add_ln58_257' <Predicate = true> <Delay = 0.76> <CoreInst = "Adder">   --->   Core 1 'Adder' <Latency = 0> <II = 1> <Delay = 0.76> <FuncUnit> <Opcode : 'add' 'sub'> <InPorts = 2> <OutPorts = 1>
ST_1 : Operation 579 [1/1] (0.00ns)   --->   "%sext_ln58_112 = sext i15 %add_ln58_257" [firmware/nnet_utils/nnet_dense_latency.h:58]   --->   Operation 579 'sext' 'sext_ln58_112' <Predicate = true> <Delay = 0.00>
ST_1 : Operation 580 [1/1] (0.75ns)   --->   "%add_ln58_258 = add i14 %sext_ln17_90, i14 896" [firmware/nnet_utils/nnet_dense_latency.h:58]   --->   Operation 580 'add' 'add_ln58_258' <Predicate = true> <Delay = 0.75> <CoreInst = "Adder">   --->   Core 1 'Adder' <Latency = 0> <II = 1> <Delay = 0.75> <FuncUnit> <Opcode : 'add' 'sub'> <InPorts = 2> <OutPorts = 1>
ST_1 : Operation 581 [1/1] (0.00ns)   --->   "%sext_ln58_113 = sext i14 %add_ln58_258" [firmware/nnet_utils/nnet_dense_latency.h:58]   --->   Operation 581 'sext' 'sext_ln58_113' <Predicate = true> <Delay = 0.00>
ST_1 : Operation 582 [1/1] (0.76ns)   --->   "%add_ln58_259 = add i15 %sext_ln58_113, i15 %sext_ln17_76" [firmware/nnet_utils/nnet_dense_latency.h:58]   --->   Operation 582 'add' 'add_ln58_259' <Predicate = true> <Delay = 0.76> <CoreInst = "Adder">   --->   Core 1 'Adder' <Latency = 0> <II = 1> <Delay = 0.76> <FuncUnit> <Opcode : 'add' 'sub'> <InPorts = 2> <OutPorts = 1>
ST_1 : Operation 583 [1/1] (0.00ns)   --->   "%sext_ln58_114 = sext i15 %add_ln58_259" [firmware/nnet_utils/nnet_dense_latency.h:58]   --->   Operation 583 'sext' 'sext_ln58_114' <Predicate = true> <Delay = 0.00>
ST_1 : Operation 584 [1/1] (0.77ns)   --->   "%add_ln58_260 = add i16 %sext_ln58_114, i16 %sext_ln58_112" [firmware/nnet_utils/nnet_dense_latency.h:58]   --->   Operation 584 'add' 'add_ln58_260' <Predicate = true> <Delay = 0.77> <CoreInst = "Adder">   --->   Core 1 'Adder' <Latency = 0> <II = 1> <Delay = 0.77> <FuncUnit> <Opcode : 'add' 'sub'> <InPorts = 2> <OutPorts = 1>
ST_1 : Operation 585 [1/1] (0.67ns) (root node of TernaryAdder)   --->   "%add_ln58_261 = add i16 %add_ln58_260, i16 %add_ln58_256" [firmware/nnet_utils/nnet_dense_latency.h:58]   --->   Operation 585 'add' 'add_ln58_261' <Predicate = true> <Delay = 0.67> <CoreInst = "TAddSub">   --->   Core 10 'TAddSub' <Latency = 0> <II = 1> <Delay = 0.33> <IPBlock> <Opcode : '' 'add' 'sub'> <InPorts = 3> <OutPorts = 1> <Sync> <CReg>
ST_1 : Operation 586 [1/1] (0.00ns) (grouped into TernaryAdder)   --->   "%add_ln58_262 = add i16 %sext_ln42_21, i16 %sext_ln42_32" [firmware/nnet_utils/nnet_dense_latency.h:58]   --->   Operation 586 'add' 'add_ln58_262' <Predicate = true> <Delay = 0.00> <CoreInst = "TAddSub">   --->   Core 10 'TAddSub' <Latency = 0> <II = 1> <Delay = 0.33> <IPBlock> <Opcode : '' 'add' 'sub'> <InPorts = 3> <OutPorts = 1> <Sync> <CReg>
ST_1 : Operation 587 [1/1] (0.67ns) (root node of TernaryAdder)   --->   "%add_ln58_263 = add i16 %add_ln58_262, i16 %sext_ln42_15" [firmware/nnet_utils/nnet_dense_latency.h:58]   --->   Operation 587 'add' 'add_ln58_263' <Predicate = true> <Delay = 0.67> <CoreInst = "TAddSub">   --->   Core 10 'TAddSub' <Latency = 0> <II = 1> <Delay = 0.33> <IPBlock> <Opcode : '' 'add' 'sub'> <InPorts = 3> <OutPorts = 1> <Sync> <CReg>
ST_1 : Operation 588 [1/1] (0.77ns)   --->   "%add_ln58_264 = add i16 %sext_ln42_36, i16 %sext_ln42_42" [firmware/nnet_utils/nnet_dense_latency.h:58]   --->   Operation 588 'add' 'add_ln58_264' <Predicate = true> <Delay = 0.77> <CoreInst = "Adder">   --->   Core 1 'Adder' <Latency = 0> <II = 1> <Delay = 0.77> <FuncUnit> <Opcode : 'add' 'sub'> <InPorts = 2> <OutPorts = 1>
ST_1 : Operation 589 [1/1] (0.76ns)   --->   "%add_ln58_265 = add i15 %sext_ln17_86, i15 %sext_ln17_91" [firmware/nnet_utils/nnet_dense_latency.h:58]   --->   Operation 589 'add' 'add_ln58_265' <Predicate = true> <Delay = 0.76> <CoreInst = "Adder">   --->   Core 1 'Adder' <Latency = 0> <II = 1> <Delay = 0.76> <FuncUnit> <Opcode : 'add' 'sub'> <InPorts = 2> <OutPorts = 1>
ST_1 : Operation 590 [1/1] (0.00ns)   --->   "%sext_ln58_219 = sext i15 %add_ln58_265" [firmware/nnet_utils/nnet_dense_latency.h:58]   --->   Operation 590 'sext' 'sext_ln58_219' <Predicate = true> <Delay = 0.00>
ST_1 : Operation 591 [1/1] (0.78ns)   --->   "%add_ln58_266 = add i16 %sext_ln58_219, i16 %add_ln58_264" [firmware/nnet_utils/nnet_dense_latency.h:58]   --->   Operation 591 'add' 'add_ln58_266' <Predicate = true> <Delay = 0.78> <CoreInst = "Adder">   --->   Core 1 'Adder' <Latency = 0> <II = 1> <Delay = 0.78> <FuncUnit> <Opcode : 'add' 'sub'> <InPorts = 2> <OutPorts = 1>
ST_1 : Operation 592 [1/1] (0.00ns) (grouped into TernaryAdder)   --->   "%add_ln58_267 = add i16 %add_ln58_266, i16 %add_ln58_263" [firmware/nnet_utils/nnet_dense_latency.h:58]   --->   Operation 592 'add' 'add_ln58_267' <Predicate = true> <Delay = 0.00> <CoreInst = "TAddSub">   --->   Core 10 'TAddSub' <Latency = 0> <II = 1> <Delay = 0.33> <IPBlock> <Opcode : '' 'add' 'sub'> <InPorts = 3> <OutPorts = 1> <Sync> <CReg>
ST_1 : Operation 593 [1/1] (0.75ns)   --->   "%add_ln58_268 = add i14 %sext_ln17_50, i14 %sext_ln17_61" [firmware/nnet_utils/nnet_dense_latency.h:58]   --->   Operation 593 'add' 'add_ln58_268' <Predicate = true> <Delay = 0.75> <CoreInst = "Adder">   --->   Core 1 'Adder' <Latency = 0> <II = 1> <Delay = 0.75> <FuncUnit> <Opcode : 'add' 'sub'> <InPorts = 2> <OutPorts = 1>
ST_1 : Operation 594 [1/1] (0.00ns)   --->   "%sext_ln58_115 = sext i14 %add_ln58_268" [firmware/nnet_utils/nnet_dense_latency.h:58]   --->   Operation 594 'sext' 'sext_ln58_115' <Predicate = true> <Delay = 0.00>
ST_1 : Operation 595 [1/1] (0.76ns)   --->   "%add_ln58_269 = add i15 %sext_ln58_115, i15 %sext_ln17" [firmware/nnet_utils/nnet_dense_latency.h:58]   --->   Operation 595 'add' 'add_ln58_269' <Predicate = true> <Delay = 0.76> <CoreInst = "Adder">   --->   Core 1 'Adder' <Latency = 0> <II = 1> <Delay = 0.76> <FuncUnit> <Opcode : 'add' 'sub'> <InPorts = 2> <OutPorts = 1>
ST_1 : Operation 596 [1/1] (0.00ns)   --->   "%sext_ln58_116 = sext i15 %add_ln58_269" [firmware/nnet_utils/nnet_dense_latency.h:58]   --->   Operation 596 'sext' 'sext_ln58_116' <Predicate = true> <Delay = 0.00>
ST_1 : Operation 597 [1/1] (0.75ns)   --->   "%add_ln58_270 = add i14 %sext_ln17_65, i14 %sext_ln17_77" [firmware/nnet_utils/nnet_dense_latency.h:58]   --->   Operation 597 'add' 'add_ln58_270' <Predicate = true> <Delay = 0.75> <CoreInst = "Adder">   --->   Core 1 'Adder' <Latency = 0> <II = 1> <Delay = 0.75> <FuncUnit> <Opcode : 'add' 'sub'> <InPorts = 2> <OutPorts = 1>
ST_1 : Operation 598 [1/1] (0.00ns)   --->   "%sext_ln58_117 = sext i14 %add_ln58_270" [firmware/nnet_utils/nnet_dense_latency.h:58]   --->   Operation 598 'sext' 'sext_ln58_117' <Predicate = true> <Delay = 0.00>
ST_1 : Operation 599 [1/1] (0.75ns)   --->   "%add_ln58_271 = add i14 %sext_ln17_94, i14 256" [firmware/nnet_utils/nnet_dense_latency.h:58]   --->   Operation 599 'add' 'add_ln58_271' <Predicate = true> <Delay = 0.75> <CoreInst = "Adder">   --->   Core 1 'Adder' <Latency = 0> <II = 1> <Delay = 0.75> <FuncUnit> <Opcode : 'add' 'sub'> <InPorts = 2> <OutPorts = 1>
ST_1 : Operation 600 [1/1] (0.00ns)   --->   "%sext_ln58_118 = sext i14 %add_ln58_271" [firmware/nnet_utils/nnet_dense_latency.h:58]   --->   Operation 600 'sext' 'sext_ln58_118' <Predicate = true> <Delay = 0.00>
ST_1 : Operation 601 [1/1] (0.76ns)   --->   "%add_ln58_272 = add i15 %sext_ln58_118, i15 %sext_ln58_117" [firmware/nnet_utils/nnet_dense_latency.h:58]   --->   Operation 601 'add' 'add_ln58_272' <Predicate = true> <Delay = 0.76> <CoreInst = "Adder">   --->   Core 1 'Adder' <Latency = 0> <II = 1> <Delay = 0.76> <FuncUnit> <Opcode : 'add' 'sub'> <InPorts = 2> <OutPorts = 1>
ST_1 : Operation 602 [1/1] (0.00ns)   --->   "%sext_ln58_119 = sext i15 %add_ln58_272" [firmware/nnet_utils/nnet_dense_latency.h:58]   --->   Operation 602 'sext' 'sext_ln58_119' <Predicate = true> <Delay = 0.00>
ST_1 : Operation 603 [1/1] (0.77ns)   --->   "%add_ln58_273 = add i16 %sext_ln58_119, i16 %sext_ln58_116" [firmware/nnet_utils/nnet_dense_latency.h:58]   --->   Operation 603 'add' 'add_ln58_273' <Predicate = true> <Delay = 0.77> <CoreInst = "Adder">   --->   Core 1 'Adder' <Latency = 0> <II = 1> <Delay = 0.77> <FuncUnit> <Opcode : 'add' 'sub'> <InPorts = 2> <OutPorts = 1>
ST_1 : Operation 604 [1/1] (0.67ns) (root node of TernaryAdder)   --->   "%add_ln58_274 = add i16 %add_ln58_273, i16 %add_ln58_267" [firmware/nnet_utils/nnet_dense_latency.h:58]   --->   Operation 604 'add' 'add_ln58_274' <Predicate = true> <Delay = 0.67> <CoreInst = "TAddSub">   --->   Core 10 'TAddSub' <Latency = 0> <II = 1> <Delay = 0.33> <IPBlock> <Opcode : '' 'add' 'sub'> <InPorts = 3> <OutPorts = 1> <Sync> <CReg>
ST_1 : Operation 605 [1/1] (0.78ns)   --->   "%add_ln58_275 = add i16 %sext_ln58_75, i16 %mult_106" [firmware/nnet_utils/nnet_dense_latency.h:58]   --->   Operation 605 'add' 'add_ln58_275' <Predicate = true> <Delay = 0.78> <CoreInst = "Adder">   --->   Core 1 'Adder' <Latency = 0> <II = 1> <Delay = 0.78> <FuncUnit> <Opcode : 'add' 'sub'> <InPorts = 2> <OutPorts = 1>
ST_1 : Operation 606 [1/1] (0.00ns) (grouped into TernaryAdder)   --->   "%add_ln58_276 = add i16 %sext_ln42_30, i16 %sext_ln42_36" [firmware/nnet_utils/nnet_dense_latency.h:58]   --->   Operation 606 'add' 'add_ln58_276' <Predicate = true> <Delay = 0.00> <CoreInst = "TAddSub">   --->   Core 10 'TAddSub' <Latency = 0> <II = 1> <Delay = 0.33> <IPBlock> <Opcode : '' 'add' 'sub'> <InPorts = 3> <OutPorts = 1> <Sync> <CReg>
ST_1 : Operation 607 [1/1] (0.67ns) (root node of TernaryAdder)   --->   "%add_ln58_277 = add i16 %add_ln58_276, i16 %sext_ln42_19" [firmware/nnet_utils/nnet_dense_latency.h:58]   --->   Operation 607 'add' 'add_ln58_277' <Predicate = true> <Delay = 0.67> <CoreInst = "TAddSub">   --->   Core 10 'TAddSub' <Latency = 0> <II = 1> <Delay = 0.33> <IPBlock> <Opcode : '' 'add' 'sub'> <InPorts = 3> <OutPorts = 1> <Sync> <CReg>
ST_1 : Operation 608 [1/1] (0.00ns) (grouped into TernaryAdder)   --->   "%add_ln58_278 = add i16 %add_ln58_277, i16 %add_ln58_275" [firmware/nnet_utils/nnet_dense_latency.h:58]   --->   Operation 608 'add' 'add_ln58_278' <Predicate = true> <Delay = 0.00> <CoreInst = "TAddSub">   --->   Core 10 'TAddSub' <Latency = 0> <II = 1> <Delay = 0.33> <IPBlock> <Opcode : '' 'add' 'sub'> <InPorts = 3> <OutPorts = 1> <Sync> <CReg>
ST_1 : Operation 609 [1/1] (0.76ns)   --->   "%add_ln58_279 = add i15 %sext_ln17_42, i15 %sext_ln17_60" [firmware/nnet_utils/nnet_dense_latency.h:58]   --->   Operation 609 'add' 'add_ln58_279' <Predicate = true> <Delay = 0.76> <CoreInst = "Adder">   --->   Core 1 'Adder' <Latency = 0> <II = 1> <Delay = 0.76> <FuncUnit> <Opcode : 'add' 'sub'> <InPorts = 2> <OutPorts = 1>
ST_1 : Operation 610 [1/1] (0.00ns)   --->   "%sext_ln58_120 = sext i15 %add_ln58_279" [firmware/nnet_utils/nnet_dense_latency.h:58]   --->   Operation 610 'sext' 'sext_ln58_120' <Predicate = true> <Delay = 0.00>
ST_1 : Operation 611 [1/1] (0.00ns) (grouped into TernaryAdder)   --->   "%add_ln58_280 = add i16 %sext_ln58_120, i16 %sext_ln42_54" [firmware/nnet_utils/nnet_dense_latency.h:58]   --->   Operation 611 'add' 'add_ln58_280' <Predicate = true> <Delay = 0.00> <CoreInst = "TAddSub">   --->   Core 10 'TAddSub' <Latency = 0> <II = 1> <Delay = 0.33> <IPBlock> <Opcode : '' 'add' 'sub'> <InPorts = 3> <OutPorts = 1> <Sync> <CReg>
ST_1 : Operation 612 [1/1] (0.76ns)   --->   "%add_ln58_281 = add i15 %sext_ln58_103, i15 %sext_ln17_64" [firmware/nnet_utils/nnet_dense_latency.h:58]   --->   Operation 612 'add' 'add_ln58_281' <Predicate = true> <Delay = 0.76> <CoreInst = "Adder">   --->   Core 1 'Adder' <Latency = 0> <II = 1> <Delay = 0.76> <FuncUnit> <Opcode : 'add' 'sub'> <InPorts = 2> <OutPorts = 1>
ST_1 : Operation 613 [1/1] (0.00ns)   --->   "%sext_ln58_121 = sext i15 %add_ln58_281" [firmware/nnet_utils/nnet_dense_latency.h:58]   --->   Operation 613 'sext' 'sext_ln58_121' <Predicate = true> <Delay = 0.00>
ST_1 : Operation 614 [1/1] (0.67ns) (root node of TernaryAdder)   --->   "%add_ln58_282 = add i16 %sext_ln58_121, i16 %add_ln58_280" [firmware/nnet_utils/nnet_dense_latency.h:58]   --->   Operation 614 'add' 'add_ln58_282' <Predicate = true> <Delay = 0.67> <CoreInst = "TAddSub">   --->   Core 10 'TAddSub' <Latency = 0> <II = 1> <Delay = 0.33> <IPBlock> <Opcode : '' 'add' 'sub'> <InPorts = 3> <OutPorts = 1> <Sync> <CReg>
ST_1 : Operation 615 [1/1] (0.67ns) (root node of TernaryAdder)   --->   "%add_ln58_283 = add i16 %add_ln58_282, i16 %add_ln58_278" [firmware/nnet_utils/nnet_dense_latency.h:58]   --->   Operation 615 'add' 'add_ln58_283' <Predicate = true> <Delay = 0.67> <CoreInst = "TAddSub">   --->   Core 10 'TAddSub' <Latency = 0> <II = 1> <Delay = 0.33> <IPBlock> <Opcode : '' 'add' 'sub'> <InPorts = 3> <OutPorts = 1> <Sync> <CReg>
ST_1 : Operation 616 [1/1] (0.00ns) (grouped into TernaryAdder)   --->   "%add_ln58_284 = add i16 %sext_ln42_19, i16 %sext_ln42_23" [firmware/nnet_utils/nnet_dense_latency.h:58]   --->   Operation 616 'add' 'add_ln58_284' <Predicate = true> <Delay = 0.00> <CoreInst = "TAddSub">   --->   Core 10 'TAddSub' <Latency = 0> <II = 1> <Delay = 0.33> <IPBlock> <Opcode : '' 'add' 'sub'> <InPorts = 3> <OutPorts = 1> <Sync> <CReg>
ST_1 : Operation 617 [1/1] (0.67ns) (root node of TernaryAdder)   --->   "%add_ln58_285 = add i16 %add_ln58_284, i16 %sext_ln58_71" [firmware/nnet_utils/nnet_dense_latency.h:58]   --->   Operation 617 'add' 'add_ln58_285' <Predicate = true> <Delay = 0.67> <CoreInst = "TAddSub">   --->   Core 10 'TAddSub' <Latency = 0> <II = 1> <Delay = 0.33> <IPBlock> <Opcode : '' 'add' 'sub'> <InPorts = 3> <OutPorts = 1> <Sync> <CReg>
ST_1 : Operation 618 [1/1] (0.76ns)   --->   "%add_ln58_286 = add i15 %sext_ln17_78, i15 %sext_ln17_80" [firmware/nnet_utils/nnet_dense_latency.h:58]   --->   Operation 618 'add' 'add_ln58_286' <Predicate = true> <Delay = 0.76> <CoreInst = "Adder">   --->   Core 1 'Adder' <Latency = 0> <II = 1> <Delay = 0.76> <FuncUnit> <Opcode : 'add' 'sub'> <InPorts = 2> <OutPorts = 1>
ST_1 : Operation 619 [1/1] (0.00ns)   --->   "%sext_ln58_220 = sext i15 %add_ln58_286" [firmware/nnet_utils/nnet_dense_latency.h:58]   --->   Operation 619 'sext' 'sext_ln58_220' <Predicate = true> <Delay = 0.00>
ST_1 : Operation 620 [1/1] (0.77ns)   --->   "%add_ln58_287 = add i16 %sext_ln58_220, i16 %sext_ln42_37" [firmware/nnet_utils/nnet_dense_latency.h:58]   --->   Operation 620 'add' 'add_ln58_287' <Predicate = true> <Delay = 0.77> <CoreInst = "Adder">   --->   Core 1 'Adder' <Latency = 0> <II = 1> <Delay = 0.77> <FuncUnit> <Opcode : 'add' 'sub'> <InPorts = 2> <OutPorts = 1>
ST_1 : Operation 621 [1/1] (0.00ns) (grouped into TernaryAdder)   --->   "%add_ln58_288 = add i16 %add_ln58_287, i16 %add_ln58_285" [firmware/nnet_utils/nnet_dense_latency.h:58]   --->   Operation 621 'add' 'add_ln58_288' <Predicate = true> <Delay = 0.00> <CoreInst = "TAddSub">   --->   Core 10 'TAddSub' <Latency = 0> <II = 1> <Delay = 0.33> <IPBlock> <Opcode : '' 'add' 'sub'> <InPorts = 3> <OutPorts = 1> <Sync> <CReg>
ST_1 : Operation 622 [1/1] (0.76ns)   --->   "%add_ln58_289 = add i15 %sext_ln17_98, i15 %sext_ln17_67" [firmware/nnet_utils/nnet_dense_latency.h:58]   --->   Operation 622 'add' 'add_ln58_289' <Predicate = true> <Delay = 0.76> <CoreInst = "Adder">   --->   Core 1 'Adder' <Latency = 0> <II = 1> <Delay = 0.76> <FuncUnit> <Opcode : 'add' 'sub'> <InPorts = 2> <OutPorts = 1>
ST_1 : Operation 623 [1/1] (0.00ns)   --->   "%sext_ln58_221 = sext i15 %add_ln58_289" [firmware/nnet_utils/nnet_dense_latency.h:58]   --->   Operation 623 'sext' 'sext_ln58_221' <Predicate = true> <Delay = 0.00>
ST_1 : Operation 624 [1/1] (0.00ns) (grouped into TernaryAdder)   --->   "%add_ln58_290 = add i16 %sext_ln58_221, i16 %sext_ln42_49" [firmware/nnet_utils/nnet_dense_latency.h:58]   --->   Operation 624 'add' 'add_ln58_290' <Predicate = true> <Delay = 0.00> <CoreInst = "TAddSub">   --->   Core 10 'TAddSub' <Latency = 0> <II = 1> <Delay = 0.33> <IPBlock> <Opcode : '' 'add' 'sub'> <InPorts = 3> <OutPorts = 1> <Sync> <CReg>
ST_1 : Operation 625 [1/1] (0.75ns)   --->   "%add_ln58_291 = add i14 %sext_ln17_70, i14 %sext_ln17_85" [firmware/nnet_utils/nnet_dense_latency.h:58]   --->   Operation 625 'add' 'add_ln58_291' <Predicate = true> <Delay = 0.75> <CoreInst = "Adder">   --->   Core 1 'Adder' <Latency = 0> <II = 1> <Delay = 0.75> <FuncUnit> <Opcode : 'add' 'sub'> <InPorts = 2> <OutPorts = 1>
ST_1 : Operation 626 [1/1] (0.00ns)   --->   "%sext_ln58_122 = sext i14 %add_ln58_291" [firmware/nnet_utils/nnet_dense_latency.h:58]   --->   Operation 626 'sext' 'sext_ln58_122' <Predicate = true> <Delay = 0.00>
ST_1 : Operation 627 [1/1] (0.76ns)   --->   "%add_ln58_292 = add i15 %sext_ln58_122, i15 %sext_ln17_52" [firmware/nnet_utils/nnet_dense_latency.h:58]   --->   Operation 627 'add' 'add_ln58_292' <Predicate = true> <Delay = 0.76> <CoreInst = "Adder">   --->   Core 1 'Adder' <Latency = 0> <II = 1> <Delay = 0.76> <FuncUnit> <Opcode : 'add' 'sub'> <InPorts = 2> <OutPorts = 1>
ST_1 : Operation 628 [1/1] (0.00ns)   --->   "%sext_ln58_123 = sext i15 %add_ln58_292" [firmware/nnet_utils/nnet_dense_latency.h:58]   --->   Operation 628 'sext' 'sext_ln58_123' <Predicate = true> <Delay = 0.00>
ST_1 : Operation 629 [1/1] (0.67ns) (root node of TernaryAdder)   --->   "%add_ln58_293 = add i16 %sext_ln58_123, i16 %add_ln58_290" [firmware/nnet_utils/nnet_dense_latency.h:58]   --->   Operation 629 'add' 'add_ln58_293' <Predicate = true> <Delay = 0.67> <CoreInst = "TAddSub">   --->   Core 10 'TAddSub' <Latency = 0> <II = 1> <Delay = 0.33> <IPBlock> <Opcode : '' 'add' 'sub'> <InPorts = 3> <OutPorts = 1> <Sync> <CReg>
ST_1 : Operation 630 [1/1] (0.67ns) (root node of TernaryAdder)   --->   "%add_ln58_294 = add i16 %add_ln58_293, i16 %add_ln58_288" [firmware/nnet_utils/nnet_dense_latency.h:58]   --->   Operation 630 'add' 'add_ln58_294' <Predicate = true> <Delay = 0.67> <CoreInst = "TAddSub">   --->   Core 10 'TAddSub' <Latency = 0> <II = 1> <Delay = 0.33> <IPBlock> <Opcode : '' 'add' 'sub'> <InPorts = 3> <OutPorts = 1> <Sync> <CReg>
ST_1 : Operation 631 [1/1] (0.77ns)   --->   "%add_ln58_295 = add i16 %sext_ln42_13, i16 %sext_ln42_24" [firmware/nnet_utils/nnet_dense_latency.h:58]   --->   Operation 631 'add' 'add_ln58_295' <Predicate = true> <Delay = 0.77> <CoreInst = "Adder">   --->   Core 1 'Adder' <Latency = 0> <II = 1> <Delay = 0.77> <FuncUnit> <Opcode : 'add' 'sub'> <InPorts = 2> <OutPorts = 1>
ST_1 : Operation 632 [1/1] (0.76ns)   --->   "%add_ln58_296 = add i15 %sext_ln17_78, i15 %sext_ln17_92" [firmware/nnet_utils/nnet_dense_latency.h:58]   --->   Operation 632 'add' 'add_ln58_296' <Predicate = true> <Delay = 0.76> <CoreInst = "Adder">   --->   Core 1 'Adder' <Latency = 0> <II = 1> <Delay = 0.76> <FuncUnit> <Opcode : 'add' 'sub'> <InPorts = 2> <OutPorts = 1>
ST_1 : Operation 633 [1/1] (0.00ns)   --->   "%sext_ln58_222 = sext i15 %add_ln58_296" [firmware/nnet_utils/nnet_dense_latency.h:58]   --->   Operation 633 'sext' 'sext_ln58_222' <Predicate = true> <Delay = 0.00>
ST_1 : Operation 634 [1/1] (0.77ns)   --->   "%add_ln58_297 = add i16 %sext_ln58_222, i16 %sext_ln42_26" [firmware/nnet_utils/nnet_dense_latency.h:58]   --->   Operation 634 'add' 'add_ln58_297' <Predicate = true> <Delay = 0.77> <CoreInst = "Adder">   --->   Core 1 'Adder' <Latency = 0> <II = 1> <Delay = 0.77> <FuncUnit> <Opcode : 'add' 'sub'> <InPorts = 2> <OutPorts = 1>
ST_1 : Operation 635 [1/1] (0.00ns) (grouped into TernaryAdder)   --->   "%add_ln58_298 = add i16 %add_ln58_297, i16 %add_ln58_295" [firmware/nnet_utils/nnet_dense_latency.h:58]   --->   Operation 635 'add' 'add_ln58_298' <Predicate = true> <Delay = 0.00> <CoreInst = "TAddSub">   --->   Core 10 'TAddSub' <Latency = 0> <II = 1> <Delay = 0.33> <IPBlock> <Opcode : '' 'add' 'sub'> <InPorts = 3> <OutPorts = 1> <Sync> <CReg>
ST_1 : Operation 636 [1/1] (0.76ns)   --->   "%add_ln58_299 = add i15 %sext_ln17_98, i15 %sext_ln17_57" [firmware/nnet_utils/nnet_dense_latency.h:58]   --->   Operation 636 'add' 'add_ln58_299' <Predicate = true> <Delay = 0.76> <CoreInst = "Adder">   --->   Core 1 'Adder' <Latency = 0> <II = 1> <Delay = 0.76> <FuncUnit> <Opcode : 'add' 'sub'> <InPorts = 2> <OutPorts = 1>
ST_1 : Operation 637 [1/1] (0.00ns)   --->   "%sext_ln58_223 = sext i15 %add_ln58_299" [firmware/nnet_utils/nnet_dense_latency.h:58]   --->   Operation 637 'sext' 'sext_ln58_223' <Predicate = true> <Delay = 0.00>
ST_1 : Operation 638 [1/1] (0.75ns)   --->   "%add_ln58_300 = add i14 %sext_ln17_70, i14 %sext_ln17_90" [firmware/nnet_utils/nnet_dense_latency.h:58]   --->   Operation 638 'add' 'add_ln58_300' <Predicate = true> <Delay = 0.75> <CoreInst = "Adder">   --->   Core 1 'Adder' <Latency = 0> <II = 1> <Delay = 0.75> <FuncUnit> <Opcode : 'add' 'sub'> <InPorts = 2> <OutPorts = 1>
ST_1 : Operation 639 [1/1] (0.00ns)   --->   "%sext_ln58_124 = sext i14 %add_ln58_300" [firmware/nnet_utils/nnet_dense_latency.h:58]   --->   Operation 639 'sext' 'sext_ln58_124' <Predicate = true> <Delay = 0.00>
ST_1 : Operation 640 [1/1] (0.76ns)   --->   "%add_ln58_301 = add i15 %sext_ln58_124, i15 %sext_ln17_45" [firmware/nnet_utils/nnet_dense_latency.h:58]   --->   Operation 640 'add' 'add_ln58_301' <Predicate = true> <Delay = 0.76> <CoreInst = "Adder">   --->   Core 1 'Adder' <Latency = 0> <II = 1> <Delay = 0.76> <FuncUnit> <Opcode : 'add' 'sub'> <InPorts = 2> <OutPorts = 1>
ST_1 : Operation 641 [1/1] (0.00ns)   --->   "%sext_ln58_125 = sext i15 %add_ln58_301" [firmware/nnet_utils/nnet_dense_latency.h:58]   --->   Operation 641 'sext' 'sext_ln58_125' <Predicate = true> <Delay = 0.00>
ST_1 : Operation 642 [1/1] (0.77ns)   --->   "%add_ln58_302 = add i16 %sext_ln58_125, i16 %sext_ln58_223" [firmware/nnet_utils/nnet_dense_latency.h:58]   --->   Operation 642 'add' 'add_ln58_302' <Predicate = true> <Delay = 0.77> <CoreInst = "Adder">   --->   Core 1 'Adder' <Latency = 0> <II = 1> <Delay = 0.77> <FuncUnit> <Opcode : 'add' 'sub'> <InPorts = 2> <OutPorts = 1>
ST_1 : Operation 643 [1/1] (0.67ns) (root node of TernaryAdder)   --->   "%add_ln58_303 = add i16 %add_ln58_302, i16 %add_ln58_298" [firmware/nnet_utils/nnet_dense_latency.h:58]   --->   Operation 643 'add' 'add_ln58_303' <Predicate = true> <Delay = 0.67> <CoreInst = "TAddSub">   --->   Core 10 'TAddSub' <Latency = 0> <II = 1> <Delay = 0.33> <IPBlock> <Opcode : '' 'add' 'sub'> <InPorts = 3> <OutPorts = 1> <Sync> <CReg>
ST_1 : Operation 644 [1/1] (0.76ns)   --->   "%add_ln58_304 = add i15 %sext_ln17_54, i15 %sext_ln17_56" [firmware/nnet_utils/nnet_dense_latency.h:58]   --->   Operation 644 'add' 'add_ln58_304' <Predicate = true> <Delay = 0.76> <CoreInst = "Adder">   --->   Core 1 'Adder' <Latency = 0> <II = 1> <Delay = 0.76> <FuncUnit> <Opcode : 'add' 'sub'> <InPorts = 2> <OutPorts = 1>
ST_1 : Operation 645 [1/1] (0.00ns)   --->   "%sext_ln58_224 = sext i15 %add_ln58_304" [firmware/nnet_utils/nnet_dense_latency.h:58]   --->   Operation 645 'sext' 'sext_ln58_224' <Predicate = true> <Delay = 0.00>
ST_1 : Operation 646 [1/1] (0.76ns)   --->   "%add_ln58_305 = add i15 %sext_ln17_71, i15 %sext_ln17_72" [firmware/nnet_utils/nnet_dense_latency.h:58]   --->   Operation 646 'add' 'add_ln58_305' <Predicate = true> <Delay = 0.76> <CoreInst = "Adder">   --->   Core 1 'Adder' <Latency = 0> <II = 1> <Delay = 0.76> <FuncUnit> <Opcode : 'add' 'sub'> <InPorts = 2> <OutPorts = 1>
ST_1 : Operation 647 [1/1] (0.00ns)   --->   "%sext_ln58_225 = sext i15 %add_ln58_305" [firmware/nnet_utils/nnet_dense_latency.h:58]   --->   Operation 647 'sext' 'sext_ln58_225' <Predicate = true> <Delay = 0.00>
ST_1 : Operation 648 [1/1] (0.77ns)   --->   "%add_ln58_306 = add i16 %sext_ln58_225, i16 %sext_ln42_24" [firmware/nnet_utils/nnet_dense_latency.h:58]   --->   Operation 648 'add' 'add_ln58_306' <Predicate = true> <Delay = 0.77> <CoreInst = "Adder">   --->   Core 1 'Adder' <Latency = 0> <II = 1> <Delay = 0.77> <FuncUnit> <Opcode : 'add' 'sub'> <InPorts = 2> <OutPorts = 1>
ST_1 : Operation 649 [1/1] (0.00ns) (grouped into TernaryAdder)   --->   "%add_ln58_307 = add i16 %add_ln58_306, i16 %sext_ln58_224" [firmware/nnet_utils/nnet_dense_latency.h:58]   --->   Operation 649 'add' 'add_ln58_307' <Predicate = true> <Delay = 0.00> <CoreInst = "TAddSub">   --->   Core 10 'TAddSub' <Latency = 0> <II = 1> <Delay = 0.33> <IPBlock> <Opcode : '' 'add' 'sub'> <InPorts = 3> <OutPorts = 1> <Sync> <CReg>
ST_1 : Operation 650 [1/1] (0.76ns)   --->   "%add_ln58_308 = add i15 %sext_ln17_86, i15 %sext_ln17_64" [firmware/nnet_utils/nnet_dense_latency.h:58]   --->   Operation 650 'add' 'add_ln58_308' <Predicate = true> <Delay = 0.76> <CoreInst = "Adder">   --->   Core 1 'Adder' <Latency = 0> <II = 1> <Delay = 0.76> <FuncUnit> <Opcode : 'add' 'sub'> <InPorts = 2> <OutPorts = 1>
ST_1 : Operation 651 [1/1] (0.00ns)   --->   "%sext_ln58_226 = sext i15 %add_ln58_308" [firmware/nnet_utils/nnet_dense_latency.h:58]   --->   Operation 651 'sext' 'sext_ln58_226' <Predicate = true> <Delay = 0.00>
ST_1 : Operation 652 [1/1] (0.75ns)   --->   "%add_ln58_309 = add i14 %sext_ln17_97, i14 512" [firmware/nnet_utils/nnet_dense_latency.h:58]   --->   Operation 652 'add' 'add_ln58_309' <Predicate = true> <Delay = 0.75> <CoreInst = "Adder">   --->   Core 1 'Adder' <Latency = 0> <II = 1> <Delay = 0.75> <FuncUnit> <Opcode : 'add' 'sub'> <InPorts = 2> <OutPorts = 1>
ST_1 : Operation 653 [1/1] (0.00ns)   --->   "%sext_ln58_126 = sext i14 %add_ln58_309" [firmware/nnet_utils/nnet_dense_latency.h:58]   --->   Operation 653 'sext' 'sext_ln58_126' <Predicate = true> <Delay = 0.00>
ST_1 : Operation 654 [1/1] (0.76ns)   --->   "%add_ln58_310 = add i15 %sext_ln58_126, i15 %sext_ln17_82" [firmware/nnet_utils/nnet_dense_latency.h:58]   --->   Operation 654 'add' 'add_ln58_310' <Predicate = true> <Delay = 0.76> <CoreInst = "Adder">   --->   Core 1 'Adder' <Latency = 0> <II = 1> <Delay = 0.76> <FuncUnit> <Opcode : 'add' 'sub'> <InPorts = 2> <OutPorts = 1>
ST_1 : Operation 655 [1/1] (0.00ns)   --->   "%sext_ln58_127 = sext i15 %add_ln58_310" [firmware/nnet_utils/nnet_dense_latency.h:58]   --->   Operation 655 'sext' 'sext_ln58_127' <Predicate = true> <Delay = 0.00>
ST_1 : Operation 656 [1/1] (0.77ns)   --->   "%add_ln58_311 = add i16 %sext_ln58_127, i16 %sext_ln58_226" [firmware/nnet_utils/nnet_dense_latency.h:58]   --->   Operation 656 'add' 'add_ln58_311' <Predicate = true> <Delay = 0.77> <CoreInst = "Adder">   --->   Core 1 'Adder' <Latency = 0> <II = 1> <Delay = 0.77> <FuncUnit> <Opcode : 'add' 'sub'> <InPorts = 2> <OutPorts = 1>
ST_1 : Operation 657 [1/1] (0.67ns) (root node of TernaryAdder)   --->   "%add_ln58_312 = add i16 %add_ln58_311, i16 %add_ln58_307" [firmware/nnet_utils/nnet_dense_latency.h:58]   --->   Operation 657 'add' 'add_ln58_312' <Predicate = true> <Delay = 0.67> <CoreInst = "TAddSub">   --->   Core 10 'TAddSub' <Latency = 0> <II = 1> <Delay = 0.33> <IPBlock> <Opcode : '' 'add' 'sub'> <InPorts = 3> <OutPorts = 1> <Sync> <CReg>
ST_1 : Operation 658 [1/1] (0.77ns)   --->   "%add_ln58_313 = add i16 %sext_ln42_13, i16 %sext_ln42_15" [firmware/nnet_utils/nnet_dense_latency.h:58]   --->   Operation 658 'add' 'add_ln58_313' <Predicate = true> <Delay = 0.77> <CoreInst = "Adder">   --->   Core 1 'Adder' <Latency = 0> <II = 1> <Delay = 0.77> <FuncUnit> <Opcode : 'add' 'sub'> <InPorts = 2> <OutPorts = 1>
ST_1 : Operation 659 [1/1] (0.76ns)   --->   "%add_ln58_314 = add i15 %sext_ln17_66, i15 %sext_ln17_72" [firmware/nnet_utils/nnet_dense_latency.h:58]   --->   Operation 659 'add' 'add_ln58_314' <Predicate = true> <Delay = 0.76> <CoreInst = "Adder">   --->   Core 1 'Adder' <Latency = 0> <II = 1> <Delay = 0.76> <FuncUnit> <Opcode : 'add' 'sub'> <InPorts = 2> <OutPorts = 1>
ST_1 : Operation 660 [1/1] (0.00ns)   --->   "%sext_ln58_227 = sext i15 %add_ln58_314" [firmware/nnet_utils/nnet_dense_latency.h:58]   --->   Operation 660 'sext' 'sext_ln58_227' <Predicate = true> <Delay = 0.00>
ST_1 : Operation 661 [1/1] (0.77ns)   --->   "%add_ln58_315 = add i16 %sext_ln58_227, i16 %sext_ln42_23" [firmware/nnet_utils/nnet_dense_latency.h:58]   --->   Operation 661 'add' 'add_ln58_315' <Predicate = true> <Delay = 0.77> <CoreInst = "Adder">   --->   Core 1 'Adder' <Latency = 0> <II = 1> <Delay = 0.77> <FuncUnit> <Opcode : 'add' 'sub'> <InPorts = 2> <OutPorts = 1>
ST_1 : Operation 662 [1/1] (0.00ns) (grouped into TernaryAdder)   --->   "%add_ln58_316 = add i16 %add_ln58_315, i16 %add_ln58_313" [firmware/nnet_utils/nnet_dense_latency.h:58]   --->   Operation 662 'add' 'add_ln58_316' <Predicate = true> <Delay = 0.00> <CoreInst = "TAddSub">   --->   Core 10 'TAddSub' <Latency = 0> <II = 1> <Delay = 0.33> <IPBlock> <Opcode : '' 'add' 'sub'> <InPorts = 3> <OutPorts = 1> <Sync> <CReg>
ST_1 : Operation 663 [1/1] (0.00ns) (grouped into TernaryAdder)   --->   "%add_ln58_317 = add i16 %add_ln58_166, i16 %sext_ln42_20" [firmware/nnet_utils/nnet_dense_latency.h:58]   --->   Operation 663 'add' 'add_ln58_317' <Predicate = true> <Delay = 0.00> <CoreInst = "TAddSub">   --->   Core 10 'TAddSub' <Latency = 0> <II = 1> <Delay = 0.33> <IPBlock> <Opcode : '' 'add' 'sub'> <InPorts = 3> <OutPorts = 1> <Sync> <CReg>
ST_1 : Operation 664 [1/1] (0.75ns)   --->   "%add_ln58_318 = add i14 %sext_ln17_94, i14 %sext_ln17_97" [firmware/nnet_utils/nnet_dense_latency.h:58]   --->   Operation 664 'add' 'add_ln58_318' <Predicate = true> <Delay = 0.75> <CoreInst = "Adder">   --->   Core 1 'Adder' <Latency = 0> <II = 1> <Delay = 0.75> <FuncUnit> <Opcode : 'add' 'sub'> <InPorts = 2> <OutPorts = 1>
ST_1 : Operation 665 [1/1] (0.00ns)   --->   "%sext_ln58_128 = sext i14 %add_ln58_318" [firmware/nnet_utils/nnet_dense_latency.h:58]   --->   Operation 665 'sext' 'sext_ln58_128' <Predicate = true> <Delay = 0.00>
ST_1 : Operation 666 [1/1] (0.76ns)   --->   "%add_ln58_319 = add i15 %sext_ln58_128, i15 %sext_ln17_69" [firmware/nnet_utils/nnet_dense_latency.h:58]   --->   Operation 666 'add' 'add_ln58_319' <Predicate = true> <Delay = 0.76> <CoreInst = "Adder">   --->   Core 1 'Adder' <Latency = 0> <II = 1> <Delay = 0.76> <FuncUnit> <Opcode : 'add' 'sub'> <InPorts = 2> <OutPorts = 1>
ST_1 : Operation 667 [1/1] (0.00ns)   --->   "%sext_ln58_129 = sext i15 %add_ln58_319" [firmware/nnet_utils/nnet_dense_latency.h:58]   --->   Operation 667 'sext' 'sext_ln58_129' <Predicate = true> <Delay = 0.00>
ST_1 : Operation 668 [1/1] (0.67ns) (root node of TernaryAdder)   --->   "%add_ln58_320 = add i16 %sext_ln58_129, i16 %add_ln58_317" [firmware/nnet_utils/nnet_dense_latency.h:58]   --->   Operation 668 'add' 'add_ln58_320' <Predicate = true> <Delay = 0.67> <CoreInst = "TAddSub">   --->   Core 10 'TAddSub' <Latency = 0> <II = 1> <Delay = 0.33> <IPBlock> <Opcode : '' 'add' 'sub'> <InPorts = 3> <OutPorts = 1> <Sync> <CReg>
ST_1 : Operation 669 [1/1] (0.67ns) (root node of TernaryAdder)   --->   "%add_ln58_321 = add i16 %add_ln58_320, i16 %add_ln58_316" [firmware/nnet_utils/nnet_dense_latency.h:58]   --->   Operation 669 'add' 'add_ln58_321' <Predicate = true> <Delay = 0.67> <CoreInst = "TAddSub">   --->   Core 10 'TAddSub' <Latency = 0> <II = 1> <Delay = 0.33> <IPBlock> <Opcode : '' 'add' 'sub'> <InPorts = 3> <OutPorts = 1> <Sync> <CReg>
ST_1 : Operation 670 [1/1] (0.77ns)   --->   "%add_ln58_322 = add i16 %sext_ln42_9, i16 %sext_ln42_21" [firmware/nnet_utils/nnet_dense_latency.h:58]   --->   Operation 670 'add' 'add_ln58_322' <Predicate = true> <Delay = 0.77> <CoreInst = "Adder">   --->   Core 1 'Adder' <Latency = 0> <II = 1> <Delay = 0.77> <FuncUnit> <Opcode : 'add' 'sub'> <InPorts = 2> <OutPorts = 1>
ST_1 : Operation 671 [1/1] (0.00ns) (grouped into TernaryAdder)   --->   "%add_ln58_323 = add i16 %sext_ln42_26, i16 %sext_ln42_40" [firmware/nnet_utils/nnet_dense_latency.h:58]   --->   Operation 671 'add' 'add_ln58_323' <Predicate = true> <Delay = 0.00> <CoreInst = "TAddSub">   --->   Core 10 'TAddSub' <Latency = 0> <II = 1> <Delay = 0.33> <IPBlock> <Opcode : '' 'add' 'sub'> <InPorts = 3> <OutPorts = 1> <Sync> <CReg>
ST_1 : Operation 672 [1/1] (0.67ns) (root node of TernaryAdder)   --->   "%add_ln58_324 = add i16 %add_ln58_323, i16 %mult_125" [firmware/nnet_utils/nnet_dense_latency.h:58]   --->   Operation 672 'add' 'add_ln58_324' <Predicate = true> <Delay = 0.67> <CoreInst = "TAddSub">   --->   Core 10 'TAddSub' <Latency = 0> <II = 1> <Delay = 0.33> <IPBlock> <Opcode : '' 'add' 'sub'> <InPorts = 3> <OutPorts = 1> <Sync> <CReg>
ST_1 : Operation 673 [1/1] (0.00ns) (grouped into TernaryAdder)   --->   "%add_ln58_325 = add i16 %add_ln58_324, i16 %add_ln58_322" [firmware/nnet_utils/nnet_dense_latency.h:58]   --->   Operation 673 'add' 'add_ln58_325' <Predicate = true> <Delay = 0.00> <CoreInst = "TAddSub">   --->   Core 10 'TAddSub' <Latency = 0> <II = 1> <Delay = 0.33> <IPBlock> <Opcode : '' 'add' 'sub'> <InPorts = 3> <OutPorts = 1> <Sync> <CReg>
ST_1 : Operation 674 [1/1] (0.00ns) (grouped into TernaryAdder)   --->   "%add_ln58_326 = add i16 %mult_165, i16 %mult_174" [firmware/nnet_utils/nnet_dense_latency.h:58]   --->   Operation 674 'add' 'add_ln58_326' <Predicate = true> <Delay = 0.00> <CoreInst = "TAddSub">   --->   Core 10 'TAddSub' <Latency = 0> <II = 1> <Delay = 0.33> <IPBlock> <Opcode : '' 'add' 'sub'> <InPorts = 3> <OutPorts = 1> <Sync> <CReg>
ST_1 : Operation 675 [1/1] (0.76ns)   --->   "%add_ln58_327 = add i15 %sext_ln17_99, i15 640" [firmware/nnet_utils/nnet_dense_latency.h:58]   --->   Operation 675 'add' 'add_ln58_327' <Predicate = true> <Delay = 0.76> <CoreInst = "Adder">   --->   Core 1 'Adder' <Latency = 0> <II = 1> <Delay = 0.76> <FuncUnit> <Opcode : 'add' 'sub'> <InPorts = 2> <OutPorts = 1>
ST_1 : Operation 676 [1/1] (0.00ns)   --->   "%sext_ln58_130 = sext i15 %add_ln58_327" [firmware/nnet_utils/nnet_dense_latency.h:58]   --->   Operation 676 'sext' 'sext_ln58_130' <Predicate = true> <Delay = 0.00>
ST_1 : Operation 677 [1/1] (0.77ns)   --->   "%add_ln58_328 = add i16 %sext_ln58_130, i16 %sext_ln42_52" [firmware/nnet_utils/nnet_dense_latency.h:58]   --->   Operation 677 'add' 'add_ln58_328' <Predicate = true> <Delay = 0.77> <CoreInst = "Adder">   --->   Core 1 'Adder' <Latency = 0> <II = 1> <Delay = 0.77> <FuncUnit> <Opcode : 'add' 'sub'> <InPorts = 2> <OutPorts = 1>
ST_1 : Operation 678 [1/1] (0.67ns) (root node of TernaryAdder)   --->   "%add_ln58_329 = add i16 %add_ln58_328, i16 %add_ln58_326" [firmware/nnet_utils/nnet_dense_latency.h:58]   --->   Operation 678 'add' 'add_ln58_329' <Predicate = true> <Delay = 0.67> <CoreInst = "TAddSub">   --->   Core 10 'TAddSub' <Latency = 0> <II = 1> <Delay = 0.33> <IPBlock> <Opcode : '' 'add' 'sub'> <InPorts = 3> <OutPorts = 1> <Sync> <CReg>
ST_1 : Operation 679 [1/1] (0.67ns) (root node of TernaryAdder)   --->   "%add_ln58_330 = add i16 %add_ln58_329, i16 %add_ln58_325" [firmware/nnet_utils/nnet_dense_latency.h:58]   --->   Operation 679 'add' 'add_ln58_330' <Predicate = true> <Delay = 0.67> <CoreInst = "TAddSub">   --->   Core 10 'TAddSub' <Latency = 0> <II = 1> <Delay = 0.33> <IPBlock> <Opcode : '' 'add' 'sub'> <InPorts = 3> <OutPorts = 1> <Sync> <CReg>
ST_1 : Operation 680 [1/1] (0.00ns) (grouped into TernaryAdder)   --->   "%add_ln58_331 = add i16 %mult_100, i16 %sext_ln42_26" [firmware/nnet_utils/nnet_dense_latency.h:58]   --->   Operation 680 'add' 'add_ln58_331' <Predicate = true> <Delay = 0.00> <CoreInst = "TAddSub">   --->   Core 10 'TAddSub' <Latency = 0> <II = 1> <Delay = 0.33> <IPBlock> <Opcode : '' 'add' 'sub'> <InPorts = 3> <OutPorts = 1> <Sync> <CReg>
ST_1 : Operation 681 [1/1] (0.67ns) (root node of TernaryAdder)   --->   "%add_ln58_332 = add i16 %add_ln58_331, i16 %sext_ln42" [firmware/nnet_utils/nnet_dense_latency.h:58]   --->   Operation 681 'add' 'add_ln58_332' <Predicate = true> <Delay = 0.67> <CoreInst = "TAddSub">   --->   Core 10 'TAddSub' <Latency = 0> <II = 1> <Delay = 0.33> <IPBlock> <Opcode : '' 'add' 'sub'> <InPorts = 3> <OutPorts = 1> <Sync> <CReg>
ST_1 : Operation 682 [1/1] (0.77ns)   --->   "%add_ln58_333 = add i16 %sext_ln42_37, i16 %sext_ln42_40" [firmware/nnet_utils/nnet_dense_latency.h:58]   --->   Operation 682 'add' 'add_ln58_333' <Predicate = true> <Delay = 0.77> <CoreInst = "Adder">   --->   Core 1 'Adder' <Latency = 0> <II = 1> <Delay = 0.77> <FuncUnit> <Opcode : 'add' 'sub'> <InPorts = 2> <OutPorts = 1>
ST_1 : Operation 683 [1/1] (0.00ns) (grouped into TernaryAdder)   --->   "%add_ln58_334 = add i16 %sext_ln42_44, i16 %sext_ln42_49" [firmware/nnet_utils/nnet_dense_latency.h:58]   --->   Operation 683 'add' 'add_ln58_334' <Predicate = true> <Delay = 0.00> <CoreInst = "TAddSub">   --->   Core 10 'TAddSub' <Latency = 0> <II = 1> <Delay = 0.33> <IPBlock> <Opcode : '' 'add' 'sub'> <InPorts = 3> <OutPorts = 1> <Sync> <CReg>
ST_1 : Operation 684 [1/1] (0.67ns) (root node of TernaryAdder)   --->   "%add_ln58_335 = add i16 %add_ln58_334, i16 %add_ln58_333" [firmware/nnet_utils/nnet_dense_latency.h:58]   --->   Operation 684 'add' 'add_ln58_335' <Predicate = true> <Delay = 0.67> <CoreInst = "TAddSub">   --->   Core 10 'TAddSub' <Latency = 0> <II = 1> <Delay = 0.33> <IPBlock> <Opcode : '' 'add' 'sub'> <InPorts = 3> <OutPorts = 1> <Sync> <CReg>
ST_1 : Operation 685 [1/1] (0.00ns) (grouped into TernaryAdder)   --->   "%add_ln58_336 = add i16 %add_ln58_335, i16 %add_ln58_332" [firmware/nnet_utils/nnet_dense_latency.h:58]   --->   Operation 685 'add' 'add_ln58_336' <Predicate = true> <Delay = 0.00> <CoreInst = "TAddSub">   --->   Core 10 'TAddSub' <Latency = 0> <II = 1> <Delay = 0.33> <IPBlock> <Opcode : '' 'add' 'sub'> <InPorts = 3> <OutPorts = 1> <Sync> <CReg>
ST_1 : Operation 686 [1/1] (0.76ns)   --->   "%add_ln58_337 = add i15 %sext_ln17_95, i15 %sext_ln17_52" [firmware/nnet_utils/nnet_dense_latency.h:58]   --->   Operation 686 'add' 'add_ln58_337' <Predicate = true> <Delay = 0.76> <CoreInst = "Adder">   --->   Core 1 'Adder' <Latency = 0> <II = 1> <Delay = 0.76> <FuncUnit> <Opcode : 'add' 'sub'> <InPorts = 2> <OutPorts = 1>
ST_1 : Operation 687 [1/1] (0.00ns)   --->   "%sext_ln58_131 = sext i15 %add_ln58_337" [firmware/nnet_utils/nnet_dense_latency.h:58]   --->   Operation 687 'sext' 'sext_ln58_131' <Predicate = true> <Delay = 0.00>
ST_1 : Operation 688 [1/1] (0.00ns) (grouped into TernaryAdder)   --->   "%add_ln58_338 = add i16 %sext_ln58_131, i16 %sext_ln42_55" [firmware/nnet_utils/nnet_dense_latency.h:58]   --->   Operation 688 'add' 'add_ln58_338' <Predicate = true> <Delay = 0.00> <CoreInst = "TAddSub">   --->   Core 10 'TAddSub' <Latency = 0> <II = 1> <Delay = 0.33> <IPBlock> <Opcode : '' 'add' 'sub'> <InPorts = 3> <OutPorts = 1> <Sync> <CReg>
ST_1 : Operation 689 [1/1] (0.75ns)   --->   "%add_ln58_339 = add i14 %sext_ln17_85, i14 16256" [firmware/nnet_utils/nnet_dense_latency.h:58]   --->   Operation 689 'add' 'add_ln58_339' <Predicate = true> <Delay = 0.75> <CoreInst = "Adder">   --->   Core 1 'Adder' <Latency = 0> <II = 1> <Delay = 0.75> <FuncUnit> <Opcode : 'add' 'sub'> <InPorts = 2> <OutPorts = 1>
ST_1 : Operation 690 [1/1] (0.00ns)   --->   "%sext_ln58_132 = sext i14 %add_ln58_339" [firmware/nnet_utils/nnet_dense_latency.h:58]   --->   Operation 690 'sext' 'sext_ln58_132' <Predicate = true> <Delay = 0.00>
ST_1 : Operation 691 [1/1] (0.76ns)   --->   "%add_ln58_340 = add i15 %sext_ln58_132, i15 %sext_ln58_95" [firmware/nnet_utils/nnet_dense_latency.h:58]   --->   Operation 691 'add' 'add_ln58_340' <Predicate = true> <Delay = 0.76> <CoreInst = "Adder">   --->   Core 1 'Adder' <Latency = 0> <II = 1> <Delay = 0.76> <FuncUnit> <Opcode : 'add' 'sub'> <InPorts = 2> <OutPorts = 1>
ST_1 : Operation 692 [1/1] (0.00ns)   --->   "%sext_ln58_133 = sext i15 %add_ln58_340" [firmware/nnet_utils/nnet_dense_latency.h:58]   --->   Operation 692 'sext' 'sext_ln58_133' <Predicate = true> <Delay = 0.00>
ST_1 : Operation 693 [1/1] (0.67ns) (root node of TernaryAdder)   --->   "%add_ln58_341 = add i16 %sext_ln58_133, i16 %add_ln58_338" [firmware/nnet_utils/nnet_dense_latency.h:58]   --->   Operation 693 'add' 'add_ln58_341' <Predicate = true> <Delay = 0.67> <CoreInst = "TAddSub">   --->   Core 10 'TAddSub' <Latency = 0> <II = 1> <Delay = 0.33> <IPBlock> <Opcode : '' 'add' 'sub'> <InPorts = 3> <OutPorts = 1> <Sync> <CReg>
ST_1 : Operation 694 [1/1] (0.67ns) (root node of TernaryAdder)   --->   "%add_ln58_342 = add i16 %add_ln58_341, i16 %add_ln58_336" [firmware/nnet_utils/nnet_dense_latency.h:58]   --->   Operation 694 'add' 'add_ln58_342' <Predicate = true> <Delay = 0.67> <CoreInst = "TAddSub">   --->   Core 10 'TAddSub' <Latency = 0> <II = 1> <Delay = 0.33> <IPBlock> <Opcode : '' 'add' 'sub'> <InPorts = 3> <OutPorts = 1> <Sync> <CReg>
ST_1 : Operation 695 [1/1] (0.75ns)   --->   "%add_ln58_343 = add i14 %sext_ln17_46, i14 768" [firmware/nnet_utils/nnet_dense_latency.h:58]   --->   Operation 695 'add' 'add_ln58_343' <Predicate = true> <Delay = 0.75> <CoreInst = "Adder">   --->   Core 1 'Adder' <Latency = 0> <II = 1> <Delay = 0.75> <FuncUnit> <Opcode : 'add' 'sub'> <InPorts = 2> <OutPorts = 1>
ST_1 : Operation 696 [1/1] (0.00ns)   --->   "%sext_ln58_134 = sext i14 %add_ln58_343" [firmware/nnet_utils/nnet_dense_latency.h:58]   --->   Operation 696 'sext' 'sext_ln58_134' <Predicate = true> <Delay = 0.00>
ST_1 : Operation 697 [1/1] (0.77ns)   --->   "%add_ln58_344 = add i16 %sext_ln58_134, i16 %sext_ln42_13" [firmware/nnet_utils/nnet_dense_latency.h:58]   --->   Operation 697 'add' 'add_ln58_344' <Predicate = true> <Delay = 0.77> <CoreInst = "Adder">   --->   Core 1 'Adder' <Latency = 0> <II = 1> <Delay = 0.77> <FuncUnit> <Opcode : 'add' 'sub'> <InPorts = 2> <OutPorts = 1>
ST_1 : Operation 698 [1/1] (0.00ns) (grouped into TernaryAdder)   --->   "%add_ln58_345 = add i16 %sext_ln42_23, i16 %mult_140" [firmware/nnet_utils/nnet_dense_latency.h:58]   --->   Operation 698 'add' 'add_ln58_345' <Predicate = true> <Delay = 0.00> <CoreInst = "TAddSub">   --->   Core 10 'TAddSub' <Latency = 0> <II = 1> <Delay = 0.33> <IPBlock> <Opcode : '' 'add' 'sub'> <InPorts = 3> <OutPorts = 1> <Sync> <CReg>
ST_1 : Operation 699 [1/1] (0.67ns) (root node of TernaryAdder)   --->   "%add_ln58_346 = add i16 %add_ln58_345, i16 %mult_118" [firmware/nnet_utils/nnet_dense_latency.h:58]   --->   Operation 699 'add' 'add_ln58_346' <Predicate = true> <Delay = 0.67> <CoreInst = "TAddSub">   --->   Core 10 'TAddSub' <Latency = 0> <II = 1> <Delay = 0.33> <IPBlock> <Opcode : '' 'add' 'sub'> <InPorts = 3> <OutPorts = 1> <Sync> <CReg>
ST_1 : Operation 700 [1/1] (0.00ns) (grouped into TernaryAdder)   --->   "%add_ln58_347 = add i16 %add_ln58_346, i16 %add_ln58_344" [firmware/nnet_utils/nnet_dense_latency.h:58]   --->   Operation 700 'add' 'add_ln58_347' <Predicate = true> <Delay = 0.00> <CoreInst = "TAddSub">   --->   Core 10 'TAddSub' <Latency = 0> <II = 1> <Delay = 0.33> <IPBlock> <Opcode : '' 'add' 'sub'> <InPorts = 3> <OutPorts = 1> <Sync> <CReg>
ST_1 : Operation 701 [1/1] (0.78ns)   --->   "%add_ln58_348 = add i16 %mult_180, i16 %sext_ln42_55" [firmware/nnet_utils/nnet_dense_latency.h:58]   --->   Operation 701 'add' 'add_ln58_348' <Predicate = true> <Delay = 0.78> <CoreInst = "Adder">   --->   Core 1 'Adder' <Latency = 0> <II = 1> <Delay = 0.78> <FuncUnit> <Opcode : 'add' 'sub'> <InPorts = 2> <OutPorts = 1>
ST_1 : Operation 702 [1/1] (0.00ns) (grouped into TernaryAdder)   --->   "%add_ln58_349 = add i16 %add_ln58_348, i16 %sext_ln42_50" [firmware/nnet_utils/nnet_dense_latency.h:58]   --->   Operation 702 'add' 'add_ln58_349' <Predicate = true> <Delay = 0.00> <CoreInst = "TAddSub">   --->   Core 10 'TAddSub' <Latency = 0> <II = 1> <Delay = 0.33> <IPBlock> <Opcode : '' 'add' 'sub'> <InPorts = 3> <OutPorts = 1> <Sync> <CReg>
ST_1 : Operation 703 [1/1] (0.75ns)   --->   "%add_ln58_350 = add i14 %sext_ln17_77, i14 %sext_ln17_85" [firmware/nnet_utils/nnet_dense_latency.h:58]   --->   Operation 703 'add' 'add_ln58_350' <Predicate = true> <Delay = 0.75> <CoreInst = "Adder">   --->   Core 1 'Adder' <Latency = 0> <II = 1> <Delay = 0.75> <FuncUnit> <Opcode : 'add' 'sub'> <InPorts = 2> <OutPorts = 1>
ST_1 : Operation 704 [1/1] (0.00ns)   --->   "%sext_ln58_135 = sext i14 %add_ln58_350" [firmware/nnet_utils/nnet_dense_latency.h:58]   --->   Operation 704 'sext' 'sext_ln58_135' <Predicate = true> <Delay = 0.00>
ST_1 : Operation 705 [1/1] (0.76ns)   --->   "%add_ln58_351 = add i15 %sext_ln58_135, i15 %sext_ln17_42" [firmware/nnet_utils/nnet_dense_latency.h:58]   --->   Operation 705 'add' 'add_ln58_351' <Predicate = true> <Delay = 0.76> <CoreInst = "Adder">   --->   Core 1 'Adder' <Latency = 0> <II = 1> <Delay = 0.76> <FuncUnit> <Opcode : 'add' 'sub'> <InPorts = 2> <OutPorts = 1>
ST_1 : Operation 706 [1/1] (0.00ns)   --->   "%sext_ln58_136 = sext i15 %add_ln58_351" [firmware/nnet_utils/nnet_dense_latency.h:58]   --->   Operation 706 'sext' 'sext_ln58_136' <Predicate = true> <Delay = 0.00>
ST_1 : Operation 707 [1/1] (0.67ns) (root node of TernaryAdder)   --->   "%add_ln58_352 = add i16 %sext_ln58_136, i16 %add_ln58_349" [firmware/nnet_utils/nnet_dense_latency.h:58]   --->   Operation 707 'add' 'add_ln58_352' <Predicate = true> <Delay = 0.67> <CoreInst = "TAddSub">   --->   Core 10 'TAddSub' <Latency = 0> <II = 1> <Delay = 0.33> <IPBlock> <Opcode : '' 'add' 'sub'> <InPorts = 3> <OutPorts = 1> <Sync> <CReg>
ST_1 : Operation 708 [1/1] (0.67ns) (root node of TernaryAdder)   --->   "%add_ln58_353 = add i16 %add_ln58_352, i16 %add_ln58_347" [firmware/nnet_utils/nnet_dense_latency.h:58]   --->   Operation 708 'add' 'add_ln58_353' <Predicate = true> <Delay = 0.67> <CoreInst = "TAddSub">   --->   Core 10 'TAddSub' <Latency = 0> <II = 1> <Delay = 0.33> <IPBlock> <Opcode : '' 'add' 'sub'> <InPorts = 3> <OutPorts = 1> <Sync> <CReg>
ST_1 : Operation 709 [1/1] (0.00ns) (grouped into TernaryAdder)   --->   "%add_ln58_354 = add i16 %sext_ln42_26, i16 %sext_ln42_36" [firmware/nnet_utils/nnet_dense_latency.h:58]   --->   Operation 709 'add' 'add_ln58_354' <Predicate = true> <Delay = 0.00> <CoreInst = "TAddSub">   --->   Core 10 'TAddSub' <Latency = 0> <II = 1> <Delay = 0.33> <IPBlock> <Opcode : '' 'add' 'sub'> <InPorts = 3> <OutPorts = 1> <Sync> <CReg>
ST_1 : Operation 710 [1/1] (0.67ns) (root node of TernaryAdder)   --->   "%add_ln58_355 = add i16 %add_ln58_354, i16 %sext_ln42_9" [firmware/nnet_utils/nnet_dense_latency.h:58]   --->   Operation 710 'add' 'add_ln58_355' <Predicate = true> <Delay = 0.67> <CoreInst = "TAddSub">   --->   Core 10 'TAddSub' <Latency = 0> <II = 1> <Delay = 0.33> <IPBlock> <Opcode : '' 'add' 'sub'> <InPorts = 3> <OutPorts = 1> <Sync> <CReg>
ST_1 : Operation 711 [1/1] (0.76ns)   --->   "%add_ln58_356 = add i15 %sext_ln17_92, i15 %sext_ln17_52" [firmware/nnet_utils/nnet_dense_latency.h:58]   --->   Operation 711 'add' 'add_ln58_356' <Predicate = true> <Delay = 0.76> <CoreInst = "Adder">   --->   Core 1 'Adder' <Latency = 0> <II = 1> <Delay = 0.76> <FuncUnit> <Opcode : 'add' 'sub'> <InPorts = 2> <OutPorts = 1>
ST_1 : Operation 712 [1/1] (0.00ns)   --->   "%sext_ln58_228 = sext i15 %add_ln58_356" [firmware/nnet_utils/nnet_dense_latency.h:58]   --->   Operation 712 'sext' 'sext_ln58_228' <Predicate = true> <Delay = 0.00>
ST_1 : Operation 713 [1/1] (0.77ns)   --->   "%add_ln58_357 = add i16 %sext_ln58_228, i16 %sext_ln42_39" [firmware/nnet_utils/nnet_dense_latency.h:58]   --->   Operation 713 'add' 'add_ln58_357' <Predicate = true> <Delay = 0.77> <CoreInst = "Adder">   --->   Core 1 'Adder' <Latency = 0> <II = 1> <Delay = 0.77> <FuncUnit> <Opcode : 'add' 'sub'> <InPorts = 2> <OutPorts = 1>
ST_1 : Operation 714 [1/1] (0.00ns) (grouped into TernaryAdder)   --->   "%add_ln58_358 = add i16 %add_ln58_357, i16 %add_ln58_355" [firmware/nnet_utils/nnet_dense_latency.h:58]   --->   Operation 714 'add' 'add_ln58_358' <Predicate = true> <Delay = 0.00> <CoreInst = "TAddSub">   --->   Core 10 'TAddSub' <Latency = 0> <II = 1> <Delay = 0.33> <IPBlock> <Opcode : '' 'add' 'sub'> <InPorts = 3> <OutPorts = 1> <Sync> <CReg>
ST_1 : Operation 715 [1/1] (0.75ns)   --->   "%add_ln58_359 = add i14 %sext_ln17_70, i14 %sext_ln17_81" [firmware/nnet_utils/nnet_dense_latency.h:58]   --->   Operation 715 'add' 'add_ln58_359' <Predicate = true> <Delay = 0.75> <CoreInst = "Adder">   --->   Core 1 'Adder' <Latency = 0> <II = 1> <Delay = 0.75> <FuncUnit> <Opcode : 'add' 'sub'> <InPorts = 2> <OutPorts = 1>
ST_1 : Operation 716 [1/1] (0.00ns)   --->   "%sext_ln58_137 = sext i14 %add_ln58_359" [firmware/nnet_utils/nnet_dense_latency.h:58]   --->   Operation 716 'sext' 'sext_ln58_137' <Predicate = true> <Delay = 0.00>
ST_1 : Operation 717 [1/1] (0.76ns)   --->   "%add_ln58_360 = add i15 %sext_ln58_137, i15 %sext_ln17_60" [firmware/nnet_utils/nnet_dense_latency.h:58]   --->   Operation 717 'add' 'add_ln58_360' <Predicate = true> <Delay = 0.76> <CoreInst = "Adder">   --->   Core 1 'Adder' <Latency = 0> <II = 1> <Delay = 0.76> <FuncUnit> <Opcode : 'add' 'sub'> <InPorts = 2> <OutPorts = 1>
ST_1 : Operation 718 [1/1] (0.00ns)   --->   "%sext_ln58_138 = sext i15 %add_ln58_360" [firmware/nnet_utils/nnet_dense_latency.h:58]   --->   Operation 718 'sext' 'sext_ln58_138' <Predicate = true> <Delay = 0.00>
ST_1 : Operation 719 [1/1] (0.75ns)   --->   "%add_ln58_361 = add i14 %sext_ln17_97, i14 16256" [firmware/nnet_utils/nnet_dense_latency.h:58]   --->   Operation 719 'add' 'add_ln58_361' <Predicate = true> <Delay = 0.75> <CoreInst = "Adder">   --->   Core 1 'Adder' <Latency = 0> <II = 1> <Delay = 0.75> <FuncUnit> <Opcode : 'add' 'sub'> <InPorts = 2> <OutPorts = 1>
ST_1 : Operation 720 [1/1] (0.00ns)   --->   "%sext_ln58_139 = sext i14 %add_ln58_361" [firmware/nnet_utils/nnet_dense_latency.h:58]   --->   Operation 720 'sext' 'sext_ln58_139' <Predicate = true> <Delay = 0.00>
ST_1 : Operation 721 [1/1] (0.76ns)   --->   "%add_ln58_362 = add i15 %sext_ln58_139, i15 %sext_ln17_89" [firmware/nnet_utils/nnet_dense_latency.h:58]   --->   Operation 721 'add' 'add_ln58_362' <Predicate = true> <Delay = 0.76> <CoreInst = "Adder">   --->   Core 1 'Adder' <Latency = 0> <II = 1> <Delay = 0.76> <FuncUnit> <Opcode : 'add' 'sub'> <InPorts = 2> <OutPorts = 1>
ST_1 : Operation 722 [1/1] (0.00ns)   --->   "%sext_ln58_140 = sext i15 %add_ln58_362" [firmware/nnet_utils/nnet_dense_latency.h:58]   --->   Operation 722 'sext' 'sext_ln58_140' <Predicate = true> <Delay = 0.00>
ST_1 : Operation 723 [1/1] (0.77ns)   --->   "%add_ln58_363 = add i16 %sext_ln58_140, i16 %sext_ln58_138" [firmware/nnet_utils/nnet_dense_latency.h:58]   --->   Operation 723 'add' 'add_ln58_363' <Predicate = true> <Delay = 0.77> <CoreInst = "Adder">   --->   Core 1 'Adder' <Latency = 0> <II = 1> <Delay = 0.77> <FuncUnit> <Opcode : 'add' 'sub'> <InPorts = 2> <OutPorts = 1>
ST_1 : Operation 724 [1/1] (0.67ns) (root node of TernaryAdder)   --->   "%add_ln58_364 = add i16 %add_ln58_363, i16 %add_ln58_358" [firmware/nnet_utils/nnet_dense_latency.h:58]   --->   Operation 724 'add' 'add_ln58_364' <Predicate = true> <Delay = 0.67> <CoreInst = "TAddSub">   --->   Core 10 'TAddSub' <Latency = 0> <II = 1> <Delay = 0.33> <IPBlock> <Opcode : '' 'add' 'sub'> <InPorts = 3> <OutPorts = 1> <Sync> <CReg>
ST_1 : Operation 725 [1/1] (0.77ns)   --->   "%add_ln58_365 = add i16 %sext_ln42_21, i16 %sext_ln42_28" [firmware/nnet_utils/nnet_dense_latency.h:58]   --->   Operation 725 'add' 'add_ln58_365' <Predicate = true> <Delay = 0.77> <CoreInst = "Adder">   --->   Core 1 'Adder' <Latency = 0> <II = 1> <Delay = 0.77> <FuncUnit> <Opcode : 'add' 'sub'> <InPorts = 2> <OutPorts = 1>
ST_1 : Operation 726 [1/1] (0.78ns)   --->   "%add_ln58_366 = add i16 %add_ln58_365, i16 %sext_ln42_4" [firmware/nnet_utils/nnet_dense_latency.h:58]   --->   Operation 726 'add' 'add_ln58_366' <Predicate = true> <Delay = 0.78> <CoreInst = "Adder">   --->   Core 1 'Adder' <Latency = 0> <II = 1> <Delay = 0.78> <FuncUnit> <Opcode : 'add' 'sub'> <InPorts = 2> <OutPorts = 1>
ST_1 : Operation 727 [1/1] (0.78ns)   --->   "%add_ln58_367 = add i16 %add_ln58_333, i16 %mult_139" [firmware/nnet_utils/nnet_dense_latency.h:58]   --->   Operation 727 'add' 'add_ln58_367' <Predicate = true> <Delay = 0.78> <CoreInst = "Adder">   --->   Core 1 'Adder' <Latency = 0> <II = 1> <Delay = 0.78> <FuncUnit> <Opcode : 'add' 'sub'> <InPorts = 2> <OutPorts = 1>
ST_1 : Operation 728 [1/1] (0.00ns) (grouped into TernaryAdder)   --->   "%add_ln58_368 = add i16 %add_ln58_367, i16 %add_ln58_366" [firmware/nnet_utils/nnet_dense_latency.h:58]   --->   Operation 728 'add' 'add_ln58_368' <Predicate = true> <Delay = 0.00> <CoreInst = "TAddSub">   --->   Core 10 'TAddSub' <Latency = 0> <II = 1> <Delay = 0.33> <IPBlock> <Opcode : '' 'add' 'sub'> <InPorts = 3> <OutPorts = 1> <Sync> <CReg>
ST_1 : Operation 729 [1/1] (0.77ns)   --->   "%add_ln58_369 = add i16 %sext_ln42_55, i16 %sext_ln42_18" [firmware/nnet_utils/nnet_dense_latency.h:58]   --->   Operation 729 'add' 'add_ln58_369' <Predicate = true> <Delay = 0.77> <CoreInst = "Adder">   --->   Core 1 'Adder' <Latency = 0> <II = 1> <Delay = 0.77> <FuncUnit> <Opcode : 'add' 'sub'> <InPorts = 2> <OutPorts = 1>
ST_1 : Operation 730 [1/1] (0.00ns) (grouped into TernaryAdder)   --->   "%add_ln58_370 = add i16 %add_ln58_369, i16 %sext_ln42_42" [firmware/nnet_utils/nnet_dense_latency.h:58]   --->   Operation 730 'add' 'add_ln58_370' <Predicate = true> <Delay = 0.00> <CoreInst = "TAddSub">   --->   Core 10 'TAddSub' <Latency = 0> <II = 1> <Delay = 0.33> <IPBlock> <Opcode : '' 'add' 'sub'> <InPorts = 3> <OutPorts = 1> <Sync> <CReg>
ST_1 : Operation 731 [1/1] (0.75ns)   --->   "%add_ln58_371 = add i14 %sext_ln17_90, i14 384" [firmware/nnet_utils/nnet_dense_latency.h:58]   --->   Operation 731 'add' 'add_ln58_371' <Predicate = true> <Delay = 0.75> <CoreInst = "Adder">   --->   Core 1 'Adder' <Latency = 0> <II = 1> <Delay = 0.75> <FuncUnit> <Opcode : 'add' 'sub'> <InPorts = 2> <OutPorts = 1>
ST_1 : Operation 732 [1/1] (0.00ns)   --->   "%sext_ln58_141 = sext i14 %add_ln58_371" [firmware/nnet_utils/nnet_dense_latency.h:58]   --->   Operation 732 'sext' 'sext_ln58_141' <Predicate = true> <Delay = 0.00>
ST_1 : Operation 733 [1/1] (0.76ns)   --->   "%add_ln58_372 = add i15 %sext_ln58_141, i15 %sext_ln17_60" [firmware/nnet_utils/nnet_dense_latency.h:58]   --->   Operation 733 'add' 'add_ln58_372' <Predicate = true> <Delay = 0.76> <CoreInst = "Adder">   --->   Core 1 'Adder' <Latency = 0> <II = 1> <Delay = 0.76> <FuncUnit> <Opcode : 'add' 'sub'> <InPorts = 2> <OutPorts = 1>
ST_1 : Operation 734 [1/1] (0.00ns)   --->   "%sext_ln58_142 = sext i15 %add_ln58_372" [firmware/nnet_utils/nnet_dense_latency.h:58]   --->   Operation 734 'sext' 'sext_ln58_142' <Predicate = true> <Delay = 0.00>
ST_1 : Operation 735 [1/1] (0.67ns) (root node of TernaryAdder)   --->   "%add_ln58_373 = add i16 %sext_ln58_142, i16 %add_ln58_370" [firmware/nnet_utils/nnet_dense_latency.h:58]   --->   Operation 735 'add' 'add_ln58_373' <Predicate = true> <Delay = 0.67> <CoreInst = "TAddSub">   --->   Core 10 'TAddSub' <Latency = 0> <II = 1> <Delay = 0.33> <IPBlock> <Opcode : '' 'add' 'sub'> <InPorts = 3> <OutPorts = 1> <Sync> <CReg>
ST_1 : Operation 736 [1/1] (0.67ns) (root node of TernaryAdder)   --->   "%add_ln58_374 = add i16 %add_ln58_373, i16 %add_ln58_368" [firmware/nnet_utils/nnet_dense_latency.h:58]   --->   Operation 736 'add' 'add_ln58_374' <Predicate = true> <Delay = 0.67> <CoreInst = "TAddSub">   --->   Core 10 'TAddSub' <Latency = 0> <II = 1> <Delay = 0.33> <IPBlock> <Opcode : '' 'add' 'sub'> <InPorts = 3> <OutPorts = 1> <Sync> <CReg>
ST_1 : Operation 737 [1/1] (0.00ns) (grouped into TernaryAdder)   --->   "%add_ln58_375 = add i16 %add_ln58_191, i16 %sext_ln42_51" [firmware/nnet_utils/nnet_dense_latency.h:58]   --->   Operation 737 'add' 'add_ln58_375' <Predicate = true> <Delay = 0.00> <CoreInst = "TAddSub">   --->   Core 10 'TAddSub' <Latency = 0> <II = 1> <Delay = 0.33> <IPBlock> <Opcode : '' 'add' 'sub'> <InPorts = 3> <OutPorts = 1> <Sync> <CReg>
ST_1 : Operation 738 [1/1] (0.75ns)   --->   "%add_ln58_376 = add i14 %sext_ln17_81, i14 %sext_ln17_85" [firmware/nnet_utils/nnet_dense_latency.h:58]   --->   Operation 738 'add' 'add_ln58_376' <Predicate = true> <Delay = 0.75> <CoreInst = "Adder">   --->   Core 1 'Adder' <Latency = 0> <II = 1> <Delay = 0.75> <FuncUnit> <Opcode : 'add' 'sub'> <InPorts = 2> <OutPorts = 1>
ST_1 : Operation 739 [1/1] (0.00ns)   --->   "%sext_ln58_229 = sext i14 %add_ln58_376" [firmware/nnet_utils/nnet_dense_latency.h:58]   --->   Operation 739 'sext' 'sext_ln58_229' <Predicate = true> <Delay = 0.00>
ST_1 : Operation 740 [1/1] (0.76ns)   --->   "%add_ln58_377 = add i15 %sext_ln58_229, i15 %sext_ln17_98" [firmware/nnet_utils/nnet_dense_latency.h:58]   --->   Operation 740 'add' 'add_ln58_377' <Predicate = true> <Delay = 0.76> <CoreInst = "Adder">   --->   Core 1 'Adder' <Latency = 0> <II = 1> <Delay = 0.76> <FuncUnit> <Opcode : 'add' 'sub'> <InPorts = 2> <OutPorts = 1>
ST_1 : Operation 741 [1/1] (0.00ns)   --->   "%sext_ln58_230 = sext i15 %add_ln58_377" [firmware/nnet_utils/nnet_dense_latency.h:58]   --->   Operation 741 'sext' 'sext_ln58_230' <Predicate = true> <Delay = 0.00>
ST_1 : Operation 742 [1/1] (0.67ns) (root node of TernaryAdder)   --->   "%add_ln58_378 = add i16 %sext_ln58_230, i16 %add_ln58_375" [firmware/nnet_utils/nnet_dense_latency.h:58]   --->   Operation 742 'add' 'add_ln58_378' <Predicate = true> <Delay = 0.67> <CoreInst = "TAddSub">   --->   Core 10 'TAddSub' <Latency = 0> <II = 1> <Delay = 0.33> <IPBlock> <Opcode : '' 'add' 'sub'> <InPorts = 3> <OutPorts = 1> <Sync> <CReg>
ST_1 : Operation 743 [1/1] (0.76ns)   --->   "%add_ln58_379 = add i15 %sext_ln17_48, i15 %sext_ln17_78" [firmware/nnet_utils/nnet_dense_latency.h:58]   --->   Operation 743 'add' 'add_ln58_379' <Predicate = true> <Delay = 0.76> <CoreInst = "Adder">   --->   Core 1 'Adder' <Latency = 0> <II = 1> <Delay = 0.76> <FuncUnit> <Opcode : 'add' 'sub'> <InPorts = 2> <OutPorts = 1>
ST_1 : Operation 744 [1/1] (0.00ns)   --->   "%sext_ln58_231 = sext i15 %add_ln58_379" [firmware/nnet_utils/nnet_dense_latency.h:58]   --->   Operation 744 'sext' 'sext_ln58_231' <Predicate = true> <Delay = 0.00>
ST_1 : Operation 745 [1/1] (0.77ns)   --->   "%add_ln58_380 = add i16 %sext_ln58_231, i16 %sext_ln58_81" [firmware/nnet_utils/nnet_dense_latency.h:58]   --->   Operation 745 'add' 'add_ln58_380' <Predicate = true> <Delay = 0.77> <CoreInst = "Adder">   --->   Core 1 'Adder' <Latency = 0> <II = 1> <Delay = 0.77> <FuncUnit> <Opcode : 'add' 'sub'> <InPorts = 2> <OutPorts = 1>
ST_1 : Operation 746 [1/1] (0.77ns)   --->   "%add_ln58_381 = add i16 %sext_ln58_219, i16 %sext_ln42_42" [firmware/nnet_utils/nnet_dense_latency.h:58]   --->   Operation 746 'add' 'add_ln58_381' <Predicate = true> <Delay = 0.77> <CoreInst = "Adder">   --->   Core 1 'Adder' <Latency = 0> <II = 1> <Delay = 0.77> <FuncUnit> <Opcode : 'add' 'sub'> <InPorts = 2> <OutPorts = 1>
ST_1 : Operation 747 [1/1] (0.00ns) (grouped into TernaryAdder)   --->   "%add_ln58_382 = add i16 %add_ln58_381, i16 %add_ln58_380" [firmware/nnet_utils/nnet_dense_latency.h:58]   --->   Operation 747 'add' 'add_ln58_382' <Predicate = true> <Delay = 0.00> <CoreInst = "TAddSub">   --->   Core 10 'TAddSub' <Latency = 0> <II = 1> <Delay = 0.33> <IPBlock> <Opcode : '' 'add' 'sub'> <InPorts = 3> <OutPorts = 1> <Sync> <CReg>
ST_1 : Operation 748 [1/1] (0.00ns)   --->   "%sext_ln58_144 = sext i14 %add_ln58_172" [firmware/nnet_utils/nnet_dense_latency.h:58]   --->   Operation 748 'sext' 'sext_ln58_144' <Predicate = true> <Delay = 0.00>
ST_1 : Operation 749 [1/1] (0.76ns)   --->   "%add_ln58_383 = add i15 %sext_ln58_83, i15 %sext_ln17_98" [firmware/nnet_utils/nnet_dense_latency.h:58]   --->   Operation 749 'add' 'add_ln58_383' <Predicate = true> <Delay = 0.76> <CoreInst = "Adder">   --->   Core 1 'Adder' <Latency = 0> <II = 1> <Delay = 0.76> <FuncUnit> <Opcode : 'add' 'sub'> <InPorts = 2> <OutPorts = 1>
ST_1 : Operation 750 [1/1] (0.00ns)   --->   "%sext_ln58_232 = sext i15 %add_ln58_383" [firmware/nnet_utils/nnet_dense_latency.h:58]   --->   Operation 750 'sext' 'sext_ln58_232' <Predicate = true> <Delay = 0.00>
ST_1 : Operation 751 [1/1] (0.75ns)   --->   "%add_ln58_384 = add i14 %sext_ln17_74, i14 %sext_ln17_94" [firmware/nnet_utils/nnet_dense_latency.h:58]   --->   Operation 751 'add' 'add_ln58_384' <Predicate = true> <Delay = 0.75> <CoreInst = "Adder">   --->   Core 1 'Adder' <Latency = 0> <II = 1> <Delay = 0.75> <FuncUnit> <Opcode : 'add' 'sub'> <InPorts = 2> <OutPorts = 1>
ST_1 : Operation 752 [1/1] (0.00ns)   --->   "%sext_ln58_145 = sext i14 %add_ln58_384" [firmware/nnet_utils/nnet_dense_latency.h:58]   --->   Operation 752 'sext' 'sext_ln58_145' <Predicate = true> <Delay = 0.00>
ST_1 : Operation 753 [1/1] (0.76ns)   --->   "%add_ln58_385 = add i15 %sext_ln58_145, i15 %sext_ln17_64" [firmware/nnet_utils/nnet_dense_latency.h:58]   --->   Operation 753 'add' 'add_ln58_385' <Predicate = true> <Delay = 0.76> <CoreInst = "Adder">   --->   Core 1 'Adder' <Latency = 0> <II = 1> <Delay = 0.76> <FuncUnit> <Opcode : 'add' 'sub'> <InPorts = 2> <OutPorts = 1>
ST_1 : Operation 754 [1/1] (0.00ns)   --->   "%sext_ln58_146 = sext i15 %add_ln58_385" [firmware/nnet_utils/nnet_dense_latency.h:58]   --->   Operation 754 'sext' 'sext_ln58_146' <Predicate = true> <Delay = 0.00>
ST_1 : Operation 755 [1/1] (0.77ns)   --->   "%add_ln58_386 = add i16 %sext_ln58_146, i16 %sext_ln58_232" [firmware/nnet_utils/nnet_dense_latency.h:58]   --->   Operation 755 'add' 'add_ln58_386' <Predicate = true> <Delay = 0.77> <CoreInst = "Adder">   --->   Core 1 'Adder' <Latency = 0> <II = 1> <Delay = 0.77> <FuncUnit> <Opcode : 'add' 'sub'> <InPorts = 2> <OutPorts = 1>
ST_1 : Operation 756 [1/1] (0.67ns) (root node of TernaryAdder)   --->   "%add_ln58_387 = add i16 %add_ln58_386, i16 %add_ln58_382" [firmware/nnet_utils/nnet_dense_latency.h:58]   --->   Operation 756 'add' 'add_ln58_387' <Predicate = true> <Delay = 0.67> <CoreInst = "TAddSub">   --->   Core 10 'TAddSub' <Latency = 0> <II = 1> <Delay = 0.33> <IPBlock> <Opcode : '' 'add' 'sub'> <InPorts = 3> <OutPorts = 1> <Sync> <CReg>
ST_1 : Operation 757 [1/1] (0.76ns)   --->   "%add_ln58_388 = add i15 %sext_ln17_86, i15 %sext_ln17_98" [firmware/nnet_utils/nnet_dense_latency.h:58]   --->   Operation 757 'add' 'add_ln58_388' <Predicate = true> <Delay = 0.76> <CoreInst = "Adder">   --->   Core 1 'Adder' <Latency = 0> <II = 1> <Delay = 0.76> <FuncUnit> <Opcode : 'add' 'sub'> <InPorts = 2> <OutPorts = 1>
ST_1 : Operation 758 [1/1] (0.00ns)   --->   "%sext_ln58_233 = sext i15 %add_ln58_388" [firmware/nnet_utils/nnet_dense_latency.h:58]   --->   Operation 758 'sext' 'sext_ln58_233' <Predicate = true> <Delay = 0.00>
ST_1 : Operation 759 [1/1] (0.00ns) (grouped into TernaryAdder)   --->   "%add_ln58_389 = add i16 %sext_ln58_233, i16 %add_ln58_254" [firmware/nnet_utils/nnet_dense_latency.h:58]   --->   Operation 759 'add' 'add_ln58_389' <Predicate = true> <Delay = 0.00> <CoreInst = "TAddSub">   --->   Core 10 'TAddSub' <Latency = 0> <II = 1> <Delay = 0.33> <IPBlock> <Opcode : '' 'add' 'sub'> <InPorts = 3> <OutPorts = 1> <Sync> <CReg>
ST_1 : Operation 760 [1/1] (0.76ns)   --->   "%add_ln58_390 = add i15 %sext_ln58_157, i15 %sext_ln17_60" [firmware/nnet_utils/nnet_dense_latency.h:58]   --->   Operation 760 'add' 'add_ln58_390' <Predicate = true> <Delay = 0.76> <CoreInst = "Adder">   --->   Core 1 'Adder' <Latency = 0> <II = 1> <Delay = 0.76> <FuncUnit> <Opcode : 'add' 'sub'> <InPorts = 2> <OutPorts = 1>
ST_1 : Operation 761 [1/1] (0.00ns)   --->   "%sext_ln58_147 = sext i15 %add_ln58_390" [firmware/nnet_utils/nnet_dense_latency.h:58]   --->   Operation 761 'sext' 'sext_ln58_147' <Predicate = true> <Delay = 0.00>
ST_1 : Operation 762 [1/1] (0.75ns)   --->   "%add_ln58_391 = add i14 %sext_ln17_77, i14 %sext_ln17_81" [firmware/nnet_utils/nnet_dense_latency.h:58]   --->   Operation 762 'add' 'add_ln58_391' <Predicate = true> <Delay = 0.75> <CoreInst = "Adder">   --->   Core 1 'Adder' <Latency = 0> <II = 1> <Delay = 0.75> <FuncUnit> <Opcode : 'add' 'sub'> <InPorts = 2> <OutPorts = 1>
ST_1 : Operation 763 [1/1] (0.00ns)   --->   "%sext_ln58_148 = sext i14 %add_ln58_391" [firmware/nnet_utils/nnet_dense_latency.h:58]   --->   Operation 763 'sext' 'sext_ln58_148' <Predicate = true> <Delay = 0.00>
ST_1 : Operation 764 [1/1] (0.77ns)   --->   "%add_ln58_392 = add i16 %sext_ln58_148, i16 %sext_ln58_147" [firmware/nnet_utils/nnet_dense_latency.h:58]   --->   Operation 764 'add' 'add_ln58_392' <Predicate = true> <Delay = 0.77> <CoreInst = "Adder">   --->   Core 1 'Adder' <Latency = 0> <II = 1> <Delay = 0.77> <FuncUnit> <Opcode : 'add' 'sub'> <InPorts = 2> <OutPorts = 1>
ST_1 : Operation 765 [1/1] (0.67ns) (root node of TernaryAdder)   --->   "%add_ln58_393 = add i16 %add_ln58_392, i16 %add_ln58_389" [firmware/nnet_utils/nnet_dense_latency.h:58]   --->   Operation 765 'add' 'add_ln58_393' <Predicate = true> <Delay = 0.67> <CoreInst = "TAddSub">   --->   Core 10 'TAddSub' <Latency = 0> <II = 1> <Delay = 0.33> <IPBlock> <Opcode : '' 'add' 'sub'> <InPorts = 3> <OutPorts = 1> <Sync> <CReg>
ST_1 : Operation 766 [1/1] (0.00ns) (grouped into TernaryAdder)   --->   "%add_ln58_394 = add i16 %mult_94, i16 %mult_99" [firmware/nnet_utils/nnet_dense_latency.h:58]   --->   Operation 766 'add' 'add_ln58_394' <Predicate = true> <Delay = 0.00> <CoreInst = "TAddSub">   --->   Core 10 'TAddSub' <Latency = 0> <II = 1> <Delay = 0.33> <IPBlock> <Opcode : '' 'add' 'sub'> <InPorts = 3> <OutPorts = 1> <Sync> <CReg>
ST_1 : Operation 767 [1/1] (0.67ns) (root node of TernaryAdder)   --->   "%add_ln58_395 = add i16 %add_ln58_394, i16 %mult_87" [firmware/nnet_utils/nnet_dense_latency.h:58]   --->   Operation 767 'add' 'add_ln58_395' <Predicate = true> <Delay = 0.67> <CoreInst = "TAddSub">   --->   Core 10 'TAddSub' <Latency = 0> <II = 1> <Delay = 0.33> <IPBlock> <Opcode : '' 'add' 'sub'> <InPorts = 3> <OutPorts = 1> <Sync> <CReg>
ST_1 : Operation 768 [1/1] (0.00ns) (grouped into TernaryAdder)   --->   "%add_ln58_396 = add i16 %sext_ln42_19, i16 %sext_ln42_28" [firmware/nnet_utils/nnet_dense_latency.h:58]   --->   Operation 768 'add' 'add_ln58_396' <Predicate = true> <Delay = 0.00> <CoreInst = "TAddSub">   --->   Core 10 'TAddSub' <Latency = 0> <II = 1> <Delay = 0.33> <IPBlock> <Opcode : '' 'add' 'sub'> <InPorts = 3> <OutPorts = 1> <Sync> <CReg>
ST_1 : Operation 769 [1/1] (0.67ns) (root node of TernaryAdder)   --->   "%add_ln58_397 = add i16 %add_ln58_396, i16 %mult_112" [firmware/nnet_utils/nnet_dense_latency.h:58]   --->   Operation 769 'add' 'add_ln58_397' <Predicate = true> <Delay = 0.67> <CoreInst = "TAddSub">   --->   Core 10 'TAddSub' <Latency = 0> <II = 1> <Delay = 0.33> <IPBlock> <Opcode : '' 'add' 'sub'> <InPorts = 3> <OutPorts = 1> <Sync> <CReg>
ST_1 : Operation 770 [1/1] (0.00ns) (grouped into TernaryAdder)   --->   "%add_ln58_398 = add i16 %add_ln58_397, i16 %add_ln58_395" [firmware/nnet_utils/nnet_dense_latency.h:58]   --->   Operation 770 'add' 'add_ln58_398' <Predicate = true> <Delay = 0.00> <CoreInst = "TAddSub">   --->   Core 10 'TAddSub' <Latency = 0> <II = 1> <Delay = 0.33> <IPBlock> <Opcode : '' 'add' 'sub'> <InPorts = 3> <OutPorts = 1> <Sync> <CReg>
ST_1 : Operation 771 [1/1] (0.77ns)   --->   "%add_ln58_399 = add i16 %sext_ln42_45, i16 %sext_ln42_31" [firmware/nnet_utils/nnet_dense_latency.h:58]   --->   Operation 771 'add' 'add_ln58_399' <Predicate = true> <Delay = 0.77> <CoreInst = "Adder">   --->   Core 1 'Adder' <Latency = 0> <II = 1> <Delay = 0.77> <FuncUnit> <Opcode : 'add' 'sub'> <InPorts = 2> <OutPorts = 1>
ST_1 : Operation 772 [1/1] (0.00ns) (grouped into TernaryAdder)   --->   "%add_ln58_400 = add i16 %add_ln58_399, i16 %sext_ln42_46" [firmware/nnet_utils/nnet_dense_latency.h:58]   --->   Operation 772 'add' 'add_ln58_400' <Predicate = true> <Delay = 0.00> <CoreInst = "TAddSub">   --->   Core 10 'TAddSub' <Latency = 0> <II = 1> <Delay = 0.33> <IPBlock> <Opcode : '' 'add' 'sub'> <InPorts = 3> <OutPorts = 1> <Sync> <CReg>
ST_1 : Operation 773 [1/1] (0.75ns)   --->   "%add_ln58_401 = add i14 %sext_ln17_77, i14 %sext_ln17_94" [firmware/nnet_utils/nnet_dense_latency.h:58]   --->   Operation 773 'add' 'add_ln58_401' <Predicate = true> <Delay = 0.75> <CoreInst = "Adder">   --->   Core 1 'Adder' <Latency = 0> <II = 1> <Delay = 0.75> <FuncUnit> <Opcode : 'add' 'sub'> <InPorts = 2> <OutPorts = 1>
ST_1 : Operation 774 [1/1] (0.00ns)   --->   "%sext_ln58_149 = sext i14 %add_ln58_401" [firmware/nnet_utils/nnet_dense_latency.h:58]   --->   Operation 774 'sext' 'sext_ln58_149' <Predicate = true> <Delay = 0.00>
ST_1 : Operation 775 [1/1] (0.75ns)   --->   "%add_ln58_402 = add i14 %sext_ln17_97, i14 128" [firmware/nnet_utils/nnet_dense_latency.h:58]   --->   Operation 775 'add' 'add_ln58_402' <Predicate = true> <Delay = 0.75> <CoreInst = "Adder">   --->   Core 1 'Adder' <Latency = 0> <II = 1> <Delay = 0.75> <FuncUnit> <Opcode : 'add' 'sub'> <InPorts = 2> <OutPorts = 1>
ST_1 : Operation 776 [1/1] (0.00ns)   --->   "%sext_ln58_150 = sext i14 %add_ln58_402" [firmware/nnet_utils/nnet_dense_latency.h:58]   --->   Operation 776 'sext' 'sext_ln58_150' <Predicate = true> <Delay = 0.00>
ST_1 : Operation 777 [1/1] (0.76ns)   --->   "%add_ln58_403 = add i15 %sext_ln58_150, i15 %sext_ln58_149" [firmware/nnet_utils/nnet_dense_latency.h:58]   --->   Operation 777 'add' 'add_ln58_403' <Predicate = true> <Delay = 0.76> <CoreInst = "Adder">   --->   Core 1 'Adder' <Latency = 0> <II = 1> <Delay = 0.76> <FuncUnit> <Opcode : 'add' 'sub'> <InPorts = 2> <OutPorts = 1>
ST_1 : Operation 778 [1/1] (0.00ns)   --->   "%sext_ln58_151 = sext i15 %add_ln58_403" [firmware/nnet_utils/nnet_dense_latency.h:58]   --->   Operation 778 'sext' 'sext_ln58_151' <Predicate = true> <Delay = 0.00>
ST_1 : Operation 779 [1/1] (0.67ns) (root node of TernaryAdder)   --->   "%add_ln58_404 = add i16 %sext_ln58_151, i16 %add_ln58_400" [firmware/nnet_utils/nnet_dense_latency.h:58]   --->   Operation 779 'add' 'add_ln58_404' <Predicate = true> <Delay = 0.67> <CoreInst = "TAddSub">   --->   Core 10 'TAddSub' <Latency = 0> <II = 1> <Delay = 0.33> <IPBlock> <Opcode : '' 'add' 'sub'> <InPorts = 3> <OutPorts = 1> <Sync> <CReg>
ST_1 : Operation 780 [1/1] (0.67ns) (root node of TernaryAdder)   --->   "%add_ln58_405 = add i16 %add_ln58_404, i16 %add_ln58_398" [firmware/nnet_utils/nnet_dense_latency.h:58]   --->   Operation 780 'add' 'add_ln58_405' <Predicate = true> <Delay = 0.67> <CoreInst = "TAddSub">   --->   Core 10 'TAddSub' <Latency = 0> <II = 1> <Delay = 0.33> <IPBlock> <Opcode : '' 'add' 'sub'> <InPorts = 3> <OutPorts = 1> <Sync> <CReg>
ST_1 : Operation 781 [1/1] (0.00ns) (grouped into TernaryAdder)   --->   "%add_ln58_406 = add i16 %mult_113, i16 %sext_ln42_23" [firmware/nnet_utils/nnet_dense_latency.h:58]   --->   Operation 781 'add' 'add_ln58_406' <Predicate = true> <Delay = 0.00> <CoreInst = "TAddSub">   --->   Core 10 'TAddSub' <Latency = 0> <II = 1> <Delay = 0.33> <IPBlock> <Opcode : '' 'add' 'sub'> <InPorts = 3> <OutPorts = 1> <Sync> <CReg>
ST_1 : Operation 782 [1/1] (0.67ns) (root node of TernaryAdder)   --->   "%add_ln58_407 = add i16 %add_ln58_406, i16 %mult_95" [firmware/nnet_utils/nnet_dense_latency.h:58]   --->   Operation 782 'add' 'add_ln58_407' <Predicate = true> <Delay = 0.67> <CoreInst = "TAddSub">   --->   Core 10 'TAddSub' <Latency = 0> <II = 1> <Delay = 0.33> <IPBlock> <Opcode : '' 'add' 'sub'> <InPorts = 3> <OutPorts = 1> <Sync> <CReg>
ST_1 : Operation 783 [1/1] (0.00ns) (grouped into TernaryAdder)   --->   "%add_ln58_408 = add i16 %mult_134, i16 %sext_ln42_42" [firmware/nnet_utils/nnet_dense_latency.h:58]   --->   Operation 783 'add' 'add_ln58_408' <Predicate = true> <Delay = 0.00> <CoreInst = "TAddSub">   --->   Core 10 'TAddSub' <Latency = 0> <II = 1> <Delay = 0.33> <IPBlock> <Opcode : '' 'add' 'sub'> <InPorts = 3> <OutPorts = 1> <Sync> <CReg>
ST_1 : Operation 784 [1/1] (0.78ns)   --->   "%add_ln58_409 = add i16 %mult_165, i16 %mult_177" [firmware/nnet_utils/nnet_dense_latency.h:58]   --->   Operation 784 'add' 'add_ln58_409' <Predicate = true> <Delay = 0.78> <CoreInst = "Adder">   --->   Core 1 'Adder' <Latency = 0> <II = 1> <Delay = 0.78> <FuncUnit> <Opcode : 'add' 'sub'> <InPorts = 2> <OutPorts = 1>
ST_1 : Operation 785 [1/1] (0.67ns) (root node of TernaryAdder)   --->   "%add_ln58_410 = add i16 %add_ln58_409, i16 %add_ln58_408" [firmware/nnet_utils/nnet_dense_latency.h:58]   --->   Operation 785 'add' 'add_ln58_410' <Predicate = true> <Delay = 0.67> <CoreInst = "TAddSub">   --->   Core 10 'TAddSub' <Latency = 0> <II = 1> <Delay = 0.33> <IPBlock> <Opcode : '' 'add' 'sub'> <InPorts = 3> <OutPorts = 1> <Sync> <CReg>
ST_1 : Operation 786 [1/1] (0.00ns) (grouped into TernaryAdder)   --->   "%add_ln58_411 = add i16 %add_ln58_410, i16 %add_ln58_407" [firmware/nnet_utils/nnet_dense_latency.h:58]   --->   Operation 786 'add' 'add_ln58_411' <Predicate = true> <Delay = 0.00> <CoreInst = "TAddSub">   --->   Core 10 'TAddSub' <Latency = 0> <II = 1> <Delay = 0.33> <IPBlock> <Opcode : '' 'add' 'sub'> <InPorts = 3> <OutPorts = 1> <Sync> <CReg>
ST_1 : Operation 787 [1/1] (0.78ns)   --->   "%add_ln58_412 = add i16 %mult_184, i16 %mult_190" [firmware/nnet_utils/nnet_dense_latency.h:58]   --->   Operation 787 'add' 'add_ln58_412' <Predicate = true> <Delay = 0.78> <CoreInst = "Adder">   --->   Core 1 'Adder' <Latency = 0> <II = 1> <Delay = 0.78> <FuncUnit> <Opcode : 'add' 'sub'> <InPorts = 2> <OutPorts = 1>
ST_1 : Operation 788 [1/1] (0.77ns)   --->   "%add_ln58_413 = add i16 %sext_ln58, i16 %sext_ln42_35" [firmware/nnet_utils/nnet_dense_latency.h:58]   --->   Operation 788 'add' 'add_ln58_413' <Predicate = true> <Delay = 0.77> <CoreInst = "Adder">   --->   Core 1 'Adder' <Latency = 0> <II = 1> <Delay = 0.77> <FuncUnit> <Opcode : 'add' 'sub'> <InPorts = 2> <OutPorts = 1>
ST_1 : Operation 789 [1/1] (0.00ns) (grouped into TernaryAdder)   --->   "%add_ln58_414 = add i16 %add_ln58_413, i16 %add_ln58_412" [firmware/nnet_utils/nnet_dense_latency.h:58]   --->   Operation 789 'add' 'add_ln58_414' <Predicate = true> <Delay = 0.00> <CoreInst = "TAddSub">   --->   Core 10 'TAddSub' <Latency = 0> <II = 1> <Delay = 0.33> <IPBlock> <Opcode : '' 'add' 'sub'> <InPorts = 3> <OutPorts = 1> <Sync> <CReg>
ST_1 : Operation 790 [1/1] (0.76ns)   --->   "%add_ln58_415 = add i15 %sext_ln17_44, i15 %sext_ln17_88" [firmware/nnet_utils/nnet_dense_latency.h:58]   --->   Operation 790 'add' 'add_ln58_415' <Predicate = true> <Delay = 0.76> <CoreInst = "Adder">   --->   Core 1 'Adder' <Latency = 0> <II = 1> <Delay = 0.76> <FuncUnit> <Opcode : 'add' 'sub'> <InPorts = 2> <OutPorts = 1>
ST_1 : Operation 791 [1/1] (0.00ns)   --->   "%sext_ln58_152 = sext i15 %add_ln58_415" [firmware/nnet_utils/nnet_dense_latency.h:58]   --->   Operation 791 'sext' 'sext_ln58_152' <Predicate = true> <Delay = 0.00>
ST_1 : Operation 792 [1/1] (0.75ns)   --->   "%add_ln58_416 = add i14 %sext_ln17_53, i14 %sext_ln17_77" [firmware/nnet_utils/nnet_dense_latency.h:58]   --->   Operation 792 'add' 'add_ln58_416' <Predicate = true> <Delay = 0.75> <CoreInst = "Adder">   --->   Core 1 'Adder' <Latency = 0> <II = 1> <Delay = 0.75> <FuncUnit> <Opcode : 'add' 'sub'> <InPorts = 2> <OutPorts = 1>
ST_1 : Operation 793 [1/1] (0.00ns)   --->   "%sext_ln58_153 = sext i14 %add_ln58_416" [firmware/nnet_utils/nnet_dense_latency.h:58]   --->   Operation 793 'sext' 'sext_ln58_153' <Predicate = true> <Delay = 0.00>
ST_1 : Operation 794 [1/1] (0.77ns)   --->   "%add_ln58_417 = add i16 %sext_ln58_153, i16 %sext_ln58_152" [firmware/nnet_utils/nnet_dense_latency.h:58]   --->   Operation 794 'add' 'add_ln58_417' <Predicate = true> <Delay = 0.77> <CoreInst = "Adder">   --->   Core 1 'Adder' <Latency = 0> <II = 1> <Delay = 0.77> <FuncUnit> <Opcode : 'add' 'sub'> <InPorts = 2> <OutPorts = 1>
ST_1 : Operation 795 [1/1] (0.67ns) (root node of TernaryAdder)   --->   "%add_ln58_418 = add i16 %add_ln58_417, i16 %add_ln58_414" [firmware/nnet_utils/nnet_dense_latency.h:58]   --->   Operation 795 'add' 'add_ln58_418' <Predicate = true> <Delay = 0.67> <CoreInst = "TAddSub">   --->   Core 10 'TAddSub' <Latency = 0> <II = 1> <Delay = 0.33> <IPBlock> <Opcode : '' 'add' 'sub'> <InPorts = 3> <OutPorts = 1> <Sync> <CReg>
ST_1 : Operation 796 [1/1] (0.67ns) (root node of TernaryAdder)   --->   "%add_ln58_419 = add i16 %add_ln58_418, i16 %add_ln58_411" [firmware/nnet_utils/nnet_dense_latency.h:58]   --->   Operation 796 'add' 'add_ln58_419' <Predicate = true> <Delay = 0.67> <CoreInst = "TAddSub">   --->   Core 10 'TAddSub' <Latency = 0> <II = 1> <Delay = 0.33> <IPBlock> <Opcode : '' 'add' 'sub'> <InPorts = 3> <OutPorts = 1> <Sync> <CReg>
ST_1 : Operation 797 [1/1] (0.77ns)   --->   "%add_ln58_420 = add i16 %sext_ln42_12, i16 %sext_ln42_23" [firmware/nnet_utils/nnet_dense_latency.h:58]   --->   Operation 797 'add' 'add_ln58_420' <Predicate = true> <Delay = 0.77> <CoreInst = "Adder">   --->   Core 1 'Adder' <Latency = 0> <II = 1> <Delay = 0.77> <FuncUnit> <Opcode : 'add' 'sub'> <InPorts = 2> <OutPorts = 1>
ST_1 : Operation 798 [1/1] (0.76ns)   --->   "%add_ln58_421 = add i15 %sext_ln58_76, i15 %sext_ln17_68" [firmware/nnet_utils/nnet_dense_latency.h:58]   --->   Operation 798 'add' 'add_ln58_421' <Predicate = true> <Delay = 0.76> <CoreInst = "Adder">   --->   Core 1 'Adder' <Latency = 0> <II = 1> <Delay = 0.76> <FuncUnit> <Opcode : 'add' 'sub'> <InPorts = 2> <OutPorts = 1>
ST_1 : Operation 799 [1/1] (0.00ns)   --->   "%sext_ln58_154 = sext i15 %add_ln58_421" [firmware/nnet_utils/nnet_dense_latency.h:58]   --->   Operation 799 'sext' 'sext_ln58_154' <Predicate = true> <Delay = 0.00>
ST_1 : Operation 800 [1/1] (0.77ns)   --->   "%add_ln58_422 = add i16 %sext_ln58_154, i16 %sext_ln42_26" [firmware/nnet_utils/nnet_dense_latency.h:58]   --->   Operation 800 'add' 'add_ln58_422' <Predicate = true> <Delay = 0.77> <CoreInst = "Adder">   --->   Core 1 'Adder' <Latency = 0> <II = 1> <Delay = 0.77> <FuncUnit> <Opcode : 'add' 'sub'> <InPorts = 2> <OutPorts = 1>
ST_1 : Operation 801 [1/1] (0.00ns) (grouped into TernaryAdder)   --->   "%add_ln58_423 = add i16 %add_ln58_422, i16 %add_ln58_420" [firmware/nnet_utils/nnet_dense_latency.h:58]   --->   Operation 801 'add' 'add_ln58_423' <Predicate = true> <Delay = 0.00> <CoreInst = "TAddSub">   --->   Core 10 'TAddSub' <Latency = 0> <II = 1> <Delay = 0.33> <IPBlock> <Opcode : '' 'add' 'sub'> <InPorts = 3> <OutPorts = 1> <Sync> <CReg>
ST_1 : Operation 802 [1/1] (0.75ns)   --->   "%add_ln58_424 = add i14 %sext_ln17_97, i14 %sext_ln17_100" [firmware/nnet_utils/nnet_dense_latency.h:58]   --->   Operation 802 'add' 'add_ln58_424' <Predicate = true> <Delay = 0.75> <CoreInst = "Adder">   --->   Core 1 'Adder' <Latency = 0> <II = 1> <Delay = 0.75> <FuncUnit> <Opcode : 'add' 'sub'> <InPorts = 2> <OutPorts = 1>
ST_1 : Operation 803 [1/1] (0.00ns)   --->   "%sext_ln58_155 = sext i14 %add_ln58_424" [firmware/nnet_utils/nnet_dense_latency.h:58]   --->   Operation 803 'sext' 'sext_ln58_155' <Predicate = true> <Delay = 0.00>
ST_1 : Operation 804 [1/1] (0.76ns)   --->   "%add_ln58_425 = add i15 %sext_ln58_155, i15 %sext_ln17_89" [firmware/nnet_utils/nnet_dense_latency.h:58]   --->   Operation 804 'add' 'add_ln58_425' <Predicate = true> <Delay = 0.76> <CoreInst = "Adder">   --->   Core 1 'Adder' <Latency = 0> <II = 1> <Delay = 0.76> <FuncUnit> <Opcode : 'add' 'sub'> <InPorts = 2> <OutPorts = 1>
ST_1 : Operation 805 [1/1] (0.00ns)   --->   "%sext_ln58_156 = sext i15 %add_ln58_425" [firmware/nnet_utils/nnet_dense_latency.h:58]   --->   Operation 805 'sext' 'sext_ln58_156' <Predicate = true> <Delay = 0.00>
ST_1 : Operation 806 [1/1] (0.77ns)   --->   "%add_ln58_426 = add i16 %sext_ln58_156, i16 %sext_ln58_100" [firmware/nnet_utils/nnet_dense_latency.h:58]   --->   Operation 806 'add' 'add_ln58_426' <Predicate = true> <Delay = 0.77> <CoreInst = "Adder">   --->   Core 1 'Adder' <Latency = 0> <II = 1> <Delay = 0.77> <FuncUnit> <Opcode : 'add' 'sub'> <InPorts = 2> <OutPorts = 1>
ST_1 : Operation 807 [1/1] (0.67ns) (root node of TernaryAdder)   --->   "%add_ln58_427 = add i16 %add_ln58_426, i16 %add_ln58_423" [firmware/nnet_utils/nnet_dense_latency.h:58]   --->   Operation 807 'add' 'add_ln58_427' <Predicate = true> <Delay = 0.67> <CoreInst = "TAddSub">   --->   Core 10 'TAddSub' <Latency = 0> <II = 1> <Delay = 0.33> <IPBlock> <Opcode : '' 'add' 'sub'> <InPorts = 3> <OutPorts = 1> <Sync> <CReg>
ST_1 : Operation 808 [1/1] (0.77ns)   --->   "%add_ln58_428 = add i16 %sext_ln42_15, i16 %sext_ln42_21" [firmware/nnet_utils/nnet_dense_latency.h:58]   --->   Operation 808 'add' 'add_ln58_428' <Predicate = true> <Delay = 0.77> <CoreInst = "Adder">   --->   Core 1 'Adder' <Latency = 0> <II = 1> <Delay = 0.77> <FuncUnit> <Opcode : 'add' 'sub'> <InPorts = 2> <OutPorts = 1>
ST_1 : Operation 809 [1/1] (0.00ns) (grouped into TernaryAdder)   --->   "%add_ln58_429 = add i16 %sext_ln42_36, i16 %sext_ln42_51" [firmware/nnet_utils/nnet_dense_latency.h:58]   --->   Operation 809 'add' 'add_ln58_429' <Predicate = true> <Delay = 0.00> <CoreInst = "TAddSub">   --->   Core 10 'TAddSub' <Latency = 0> <II = 1> <Delay = 0.33> <IPBlock> <Opcode : '' 'add' 'sub'> <InPorts = 3> <OutPorts = 1> <Sync> <CReg>
ST_1 : Operation 810 [1/1] (0.67ns) (root node of TernaryAdder)   --->   "%add_ln58_430 = add i16 %add_ln58_429, i16 %sext_ln42_32" [firmware/nnet_utils/nnet_dense_latency.h:58]   --->   Operation 810 'add' 'add_ln58_430' <Predicate = true> <Delay = 0.67> <CoreInst = "TAddSub">   --->   Core 10 'TAddSub' <Latency = 0> <II = 1> <Delay = 0.33> <IPBlock> <Opcode : '' 'add' 'sub'> <InPorts = 3> <OutPorts = 1> <Sync> <CReg>
ST_1 : Operation 811 [1/1] (0.00ns) (grouped into TernaryAdder)   --->   "%add_ln58_431 = add i16 %add_ln58_430, i16 %add_ln58_428" [firmware/nnet_utils/nnet_dense_latency.h:58]   --->   Operation 811 'add' 'add_ln58_431' <Predicate = true> <Delay = 0.00> <CoreInst = "TAddSub">   --->   Core 10 'TAddSub' <Latency = 0> <II = 1> <Delay = 0.33> <IPBlock> <Opcode : '' 'add' 'sub'> <InPorts = 3> <OutPorts = 1> <Sync> <CReg>
ST_1 : Operation 812 [1/1] (0.75ns)   --->   "%add_ln58_432 = add i14 %sext_ln17_50, i14 %sext_ln17_65" [firmware/nnet_utils/nnet_dense_latency.h:58]   --->   Operation 812 'add' 'add_ln58_432' <Predicate = true> <Delay = 0.75> <CoreInst = "Adder">   --->   Core 1 'Adder' <Latency = 0> <II = 1> <Delay = 0.75> <FuncUnit> <Opcode : 'add' 'sub'> <InPorts = 2> <OutPorts = 1>
ST_1 : Operation 813 [1/1] (0.00ns)   --->   "%sext_ln58_234 = sext i14 %add_ln58_432" [firmware/nnet_utils/nnet_dense_latency.h:58]   --->   Operation 813 'sext' 'sext_ln58_234' <Predicate = true> <Delay = 0.00>
ST_1 : Operation 814 [1/1] (0.76ns)   --->   "%add_ln58_433 = add i15 %sext_ln58_234, i15 %sext_ln17_101" [firmware/nnet_utils/nnet_dense_latency.h:58]   --->   Operation 814 'add' 'add_ln58_433' <Predicate = true> <Delay = 0.76> <CoreInst = "Adder">   --->   Core 1 'Adder' <Latency = 0> <II = 1> <Delay = 0.76> <FuncUnit> <Opcode : 'add' 'sub'> <InPorts = 2> <OutPorts = 1>
ST_1 : Operation 815 [1/1] (0.00ns)   --->   "%sext_ln58_235 = sext i15 %add_ln58_433" [firmware/nnet_utils/nnet_dense_latency.h:58]   --->   Operation 815 'sext' 'sext_ln58_235' <Predicate = true> <Delay = 0.00>
ST_1 : Operation 816 [1/1] (0.76ns)   --->   "%add_ln58_434 = add i15 %sext_ln58_141, i15 %sext_ln17_84" [firmware/nnet_utils/nnet_dense_latency.h:58]   --->   Operation 816 'add' 'add_ln58_434' <Predicate = true> <Delay = 0.76> <CoreInst = "Adder">   --->   Core 1 'Adder' <Latency = 0> <II = 1> <Delay = 0.76> <FuncUnit> <Opcode : 'add' 'sub'> <InPorts = 2> <OutPorts = 1>
ST_1 : Operation 817 [1/1] (0.00ns)   --->   "%sext_ln58_158 = sext i15 %add_ln58_434" [firmware/nnet_utils/nnet_dense_latency.h:58]   --->   Operation 817 'sext' 'sext_ln58_158' <Predicate = true> <Delay = 0.00>
ST_1 : Operation 818 [1/1] (0.77ns)   --->   "%add_ln58_435 = add i16 %sext_ln58_158, i16 %sext_ln58_235" [firmware/nnet_utils/nnet_dense_latency.h:58]   --->   Operation 818 'add' 'add_ln58_435' <Predicate = true> <Delay = 0.77> <CoreInst = "Adder">   --->   Core 1 'Adder' <Latency = 0> <II = 1> <Delay = 0.77> <FuncUnit> <Opcode : 'add' 'sub'> <InPorts = 2> <OutPorts = 1>
ST_1 : Operation 819 [1/1] (0.67ns) (root node of TernaryAdder)   --->   "%add_ln58_436 = add i16 %add_ln58_435, i16 %add_ln58_431" [firmware/nnet_utils/nnet_dense_latency.h:58]   --->   Operation 819 'add' 'add_ln58_436' <Predicate = true> <Delay = 0.67> <CoreInst = "TAddSub">   --->   Core 10 'TAddSub' <Latency = 0> <II = 1> <Delay = 0.33> <IPBlock> <Opcode : '' 'add' 'sub'> <InPorts = 3> <OutPorts = 1> <Sync> <CReg>
ST_1 : Operation 820 [1/1] (0.00ns) (grouped into TernaryAdder)   --->   "%add_ln58_437 = add i16 %sext_ln58_80, i16 %sext_ln42_40" [firmware/nnet_utils/nnet_dense_latency.h:58]   --->   Operation 820 'add' 'add_ln58_437' <Predicate = true> <Delay = 0.00> <CoreInst = "TAddSub">   --->   Core 10 'TAddSub' <Latency = 0> <II = 1> <Delay = 0.33> <IPBlock> <Opcode : '' 'add' 'sub'> <InPorts = 3> <OutPorts = 1> <Sync> <CReg>
ST_1 : Operation 821 [1/1] (0.67ns) (root node of TernaryAdder)   --->   "%add_ln58_438 = add i16 %add_ln58_437, i16 %sext_ln42_12" [firmware/nnet_utils/nnet_dense_latency.h:58]   --->   Operation 821 'add' 'add_ln58_438' <Predicate = true> <Delay = 0.67> <CoreInst = "TAddSub">   --->   Core 10 'TAddSub' <Latency = 0> <II = 1> <Delay = 0.33> <IPBlock> <Opcode : '' 'add' 'sub'> <InPorts = 3> <OutPorts = 1> <Sync> <CReg>
ST_1 : Operation 822 [1/1] (0.00ns) (grouped into TernaryAdder)   --->   "%add_ln58_439 = add i16 %add_ln58_381, i16 %add_ln58_438" [firmware/nnet_utils/nnet_dense_latency.h:58]   --->   Operation 822 'add' 'add_ln58_439' <Predicate = true> <Delay = 0.00> <CoreInst = "TAddSub">   --->   Core 10 'TAddSub' <Latency = 0> <II = 1> <Delay = 0.33> <IPBlock> <Opcode : '' 'add' 'sub'> <InPorts = 3> <OutPorts = 1> <Sync> <CReg>
ST_1 : Operation 823 [1/1] (0.75ns)   --->   "%add_ln58_440 = add i14 %sext_ln17_53, i14 %sext_ln17_61" [firmware/nnet_utils/nnet_dense_latency.h:58]   --->   Operation 823 'add' 'add_ln58_440' <Predicate = true> <Delay = 0.75> <CoreInst = "Adder">   --->   Core 1 'Adder' <Latency = 0> <II = 1> <Delay = 0.75> <FuncUnit> <Opcode : 'add' 'sub'> <InPorts = 2> <OutPorts = 1>
ST_1 : Operation 824 [1/1] (0.00ns)   --->   "%sext_ln58_236 = sext i14 %add_ln58_440" [firmware/nnet_utils/nnet_dense_latency.h:58]   --->   Operation 824 'sext' 'sext_ln58_236' <Predicate = true> <Delay = 0.00>
ST_1 : Operation 825 [1/1] (0.76ns)   --->   "%add_ln58_441 = add i15 %sext_ln58_236, i15 %sext_ln17_92" [firmware/nnet_utils/nnet_dense_latency.h:58]   --->   Operation 825 'add' 'add_ln58_441' <Predicate = true> <Delay = 0.76> <CoreInst = "Adder">   --->   Core 1 'Adder' <Latency = 0> <II = 1> <Delay = 0.76> <FuncUnit> <Opcode : 'add' 'sub'> <InPorts = 2> <OutPorts = 1>
ST_1 : Operation 826 [1/1] (0.00ns)   --->   "%sext_ln58_237 = sext i15 %add_ln58_441" [firmware/nnet_utils/nnet_dense_latency.h:58]   --->   Operation 826 'sext' 'sext_ln58_237' <Predicate = true> <Delay = 0.00>
ST_1 : Operation 827 [1/1] (0.75ns)   --->   "%add_ln58_442 = add i14 %sext_ln17_65, i14 %sext_ln17_74" [firmware/nnet_utils/nnet_dense_latency.h:58]   --->   Operation 827 'add' 'add_ln58_442' <Predicate = true> <Delay = 0.75> <CoreInst = "Adder">   --->   Core 1 'Adder' <Latency = 0> <II = 1> <Delay = 0.75> <FuncUnit> <Opcode : 'add' 'sub'> <InPorts = 2> <OutPorts = 1>
ST_1 : Operation 828 [1/1] (0.00ns)   --->   "%sext_ln58_160 = sext i14 %add_ln58_442" [firmware/nnet_utils/nnet_dense_latency.h:58]   --->   Operation 828 'sext' 'sext_ln58_160' <Predicate = true> <Delay = 0.00>
ST_1 : Operation 829 [1/1] (0.76ns)   --->   "%add_ln58_443 = add i15 %sext_ln58_155, i15 %sext_ln58_160" [firmware/nnet_utils/nnet_dense_latency.h:58]   --->   Operation 829 'add' 'add_ln58_443' <Predicate = true> <Delay = 0.76> <CoreInst = "Adder">   --->   Core 1 'Adder' <Latency = 0> <II = 1> <Delay = 0.76> <FuncUnit> <Opcode : 'add' 'sub'> <InPorts = 2> <OutPorts = 1>
ST_1 : Operation 830 [1/1] (0.00ns)   --->   "%sext_ln58_161 = sext i15 %add_ln58_443" [firmware/nnet_utils/nnet_dense_latency.h:58]   --->   Operation 830 'sext' 'sext_ln58_161' <Predicate = true> <Delay = 0.00>
ST_1 : Operation 831 [1/1] (0.77ns)   --->   "%add_ln58_444 = add i16 %sext_ln58_161, i16 %sext_ln58_237" [firmware/nnet_utils/nnet_dense_latency.h:58]   --->   Operation 831 'add' 'add_ln58_444' <Predicate = true> <Delay = 0.77> <CoreInst = "Adder">   --->   Core 1 'Adder' <Latency = 0> <II = 1> <Delay = 0.77> <FuncUnit> <Opcode : 'add' 'sub'> <InPorts = 2> <OutPorts = 1>
ST_1 : Operation 832 [1/1] (0.67ns) (root node of TernaryAdder)   --->   "%add_ln58_445 = add i16 %add_ln58_444, i16 %add_ln58_439" [firmware/nnet_utils/nnet_dense_latency.h:58]   --->   Operation 832 'add' 'add_ln58_445' <Predicate = true> <Delay = 0.67> <CoreInst = "TAddSub">   --->   Core 10 'TAddSub' <Latency = 0> <II = 1> <Delay = 0.33> <IPBlock> <Opcode : '' 'add' 'sub'> <InPorts = 3> <OutPorts = 1> <Sync> <CReg>
ST_1 : Operation 833 [1/1] (0.00ns) (grouped into TernaryAdder)   --->   "%add_ln58_446 = add i16 %sext_ln58_134, i16 %mult_99" [firmware/nnet_utils/nnet_dense_latency.h:58]   --->   Operation 833 'add' 'add_ln58_446' <Predicate = true> <Delay = 0.00> <CoreInst = "TAddSub">   --->   Core 10 'TAddSub' <Latency = 0> <II = 1> <Delay = 0.33> <IPBlock> <Opcode : '' 'add' 'sub'> <InPorts = 3> <OutPorts = 1> <Sync> <CReg>
ST_1 : Operation 834 [1/1] (0.67ns) (root node of TernaryAdder)   --->   "%add_ln58_447 = add i16 %add_ln58_446, i16 %mult_85" [firmware/nnet_utils/nnet_dense_latency.h:58]   --->   Operation 834 'add' 'add_ln58_447' <Predicate = true> <Delay = 0.67> <CoreInst = "TAddSub">   --->   Core 10 'TAddSub' <Latency = 0> <II = 1> <Delay = 0.33> <IPBlock> <Opcode : '' 'add' 'sub'> <InPorts = 3> <OutPorts = 1> <Sync> <CReg>
ST_1 : Operation 835 [1/1] (0.00ns) (grouped into TernaryAdder)   --->   "%add_ln58_448 = add i16 %sext_ln42_24, i16 %mult_130" [firmware/nnet_utils/nnet_dense_latency.h:58]   --->   Operation 835 'add' 'add_ln58_448' <Predicate = true> <Delay = 0.00> <CoreInst = "TAddSub">   --->   Core 10 'TAddSub' <Latency = 0> <II = 1> <Delay = 0.33> <IPBlock> <Opcode : '' 'add' 'sub'> <InPorts = 3> <OutPorts = 1> <Sync> <CReg>
ST_1 : Operation 836 [1/1] (0.67ns) (root node of TernaryAdder)   --->   "%add_ln58_449 = add i16 %add_ln58_448, i16 %sext_ln42_16" [firmware/nnet_utils/nnet_dense_latency.h:58]   --->   Operation 836 'add' 'add_ln58_449' <Predicate = true> <Delay = 0.67> <CoreInst = "TAddSub">   --->   Core 10 'TAddSub' <Latency = 0> <II = 1> <Delay = 0.33> <IPBlock> <Opcode : '' 'add' 'sub'> <InPorts = 3> <OutPorts = 1> <Sync> <CReg>
ST_1 : Operation 837 [1/1] (0.00ns) (grouped into TernaryAdder)   --->   "%add_ln58_450 = add i16 %add_ln58_449, i16 %add_ln58_447" [firmware/nnet_utils/nnet_dense_latency.h:58]   --->   Operation 837 'add' 'add_ln58_450' <Predicate = true> <Delay = 0.00> <CoreInst = "TAddSub">   --->   Core 10 'TAddSub' <Latency = 0> <II = 1> <Delay = 0.33> <IPBlock> <Opcode : '' 'add' 'sub'> <InPorts = 3> <OutPorts = 1> <Sync> <CReg>
ST_1 : Operation 838 [1/1] (0.78ns)   --->   "%add_ln58_451 = add i16 %mult_160, i16 %sext_ln42_51" [firmware/nnet_utils/nnet_dense_latency.h:58]   --->   Operation 838 'add' 'add_ln58_451' <Predicate = true> <Delay = 0.78> <CoreInst = "Adder">   --->   Core 1 'Adder' <Latency = 0> <II = 1> <Delay = 0.78> <FuncUnit> <Opcode : 'add' 'sub'> <InPorts = 2> <OutPorts = 1>
ST_1 : Operation 839 [1/1] (0.00ns) (grouped into TernaryAdder)   --->   "%add_ln58_452 = add i16 %add_ln58_451, i16 %sext_ln42_32" [firmware/nnet_utils/nnet_dense_latency.h:58]   --->   Operation 839 'add' 'add_ln58_452' <Predicate = true> <Delay = 0.00> <CoreInst = "TAddSub">   --->   Core 10 'TAddSub' <Latency = 0> <II = 1> <Delay = 0.33> <IPBlock> <Opcode : '' 'add' 'sub'> <InPorts = 3> <OutPorts = 1> <Sync> <CReg>
ST_1 : Operation 840 [1/1] (0.00ns) (grouped into TernaryAdder)   --->   "%add_ln58_453 = add i16 %sext_ln42_54, i16 %sext_ln42_38" [firmware/nnet_utils/nnet_dense_latency.h:58]   --->   Operation 840 'add' 'add_ln58_453' <Predicate = true> <Delay = 0.00> <CoreInst = "TAddSub">   --->   Core 10 'TAddSub' <Latency = 0> <II = 1> <Delay = 0.33> <IPBlock> <Opcode : '' 'add' 'sub'> <InPorts = 3> <OutPorts = 1> <Sync> <CReg>
ST_1 : Operation 841 [1/1] (0.75ns)   --->   "%add_ln58_454 = add i14 %sext_ln17_85, i14 %sext_ln17_100" [firmware/nnet_utils/nnet_dense_latency.h:58]   --->   Operation 841 'add' 'add_ln58_454' <Predicate = true> <Delay = 0.75> <CoreInst = "Adder">   --->   Core 1 'Adder' <Latency = 0> <II = 1> <Delay = 0.75> <FuncUnit> <Opcode : 'add' 'sub'> <InPorts = 2> <OutPorts = 1>
ST_1 : Operation 842 [1/1] (0.00ns)   --->   "%sext_ln58_162 = sext i14 %add_ln58_454" [firmware/nnet_utils/nnet_dense_latency.h:58]   --->   Operation 842 'sext' 'sext_ln58_162' <Predicate = true> <Delay = 0.00>
ST_1 : Operation 843 [1/1] (0.67ns) (root node of TernaryAdder)   --->   "%add_ln58_455 = add i16 %sext_ln58_162, i16 %add_ln58_453" [firmware/nnet_utils/nnet_dense_latency.h:58]   --->   Operation 843 'add' 'add_ln58_455' <Predicate = true> <Delay = 0.67> <CoreInst = "TAddSub">   --->   Core 10 'TAddSub' <Latency = 0> <II = 1> <Delay = 0.33> <IPBlock> <Opcode : '' 'add' 'sub'> <InPorts = 3> <OutPorts = 1> <Sync> <CReg>
ST_1 : Operation 844 [1/1] (0.67ns) (root node of TernaryAdder)   --->   "%add_ln58_456 = add i16 %add_ln58_455, i16 %add_ln58_452" [firmware/nnet_utils/nnet_dense_latency.h:58]   --->   Operation 844 'add' 'add_ln58_456' <Predicate = true> <Delay = 0.67> <CoreInst = "TAddSub">   --->   Core 10 'TAddSub' <Latency = 0> <II = 1> <Delay = 0.33> <IPBlock> <Opcode : '' 'add' 'sub'> <InPorts = 3> <OutPorts = 1> <Sync> <CReg>
ST_1 : Operation 845 [1/1] (0.67ns) (root node of TernaryAdder)   --->   "%add_ln58_457 = add i16 %add_ln58_456, i16 %add_ln58_450" [firmware/nnet_utils/nnet_dense_latency.h:58]   --->   Operation 845 'add' 'add_ln58_457' <Predicate = true> <Delay = 0.67> <CoreInst = "TAddSub">   --->   Core 10 'TAddSub' <Latency = 0> <II = 1> <Delay = 0.33> <IPBlock> <Opcode : '' 'add' 'sub'> <InPorts = 3> <OutPorts = 1> <Sync> <CReg>
ST_1 : Operation 846 [1/1] (0.00ns) (grouped into TernaryAdder)   --->   "%add_ln58_458 = add i16 %add_ln58_178, i16 %sext_ln42_32" [firmware/nnet_utils/nnet_dense_latency.h:58]   --->   Operation 846 'add' 'add_ln58_458' <Predicate = true> <Delay = 0.00> <CoreInst = "TAddSub">   --->   Core 10 'TAddSub' <Latency = 0> <II = 1> <Delay = 0.33> <IPBlock> <Opcode : '' 'add' 'sub'> <InPorts = 3> <OutPorts = 1> <Sync> <CReg>
ST_1 : Operation 847 [1/1] (0.76ns)   --->   "%add_ln58_459 = add i15 %sext_ln17_92, i15 %sext_ln17_101" [firmware/nnet_utils/nnet_dense_latency.h:58]   --->   Operation 847 'add' 'add_ln58_459' <Predicate = true> <Delay = 0.76> <CoreInst = "Adder">   --->   Core 1 'Adder' <Latency = 0> <II = 1> <Delay = 0.76> <FuncUnit> <Opcode : 'add' 'sub'> <InPorts = 2> <OutPorts = 1>
ST_1 : Operation 848 [1/1] (0.00ns)   --->   "%sext_ln58_238 = sext i15 %add_ln58_459" [firmware/nnet_utils/nnet_dense_latency.h:58]   --->   Operation 848 'sext' 'sext_ln58_238' <Predicate = true> <Delay = 0.00>
ST_1 : Operation 849 [1/1] (0.77ns)   --->   "%add_ln58_460 = add i16 %sext_ln58_238, i16 %sext_ln42_46" [firmware/nnet_utils/nnet_dense_latency.h:58]   --->   Operation 849 'add' 'add_ln58_460' <Predicate = true> <Delay = 0.77> <CoreInst = "Adder">   --->   Core 1 'Adder' <Latency = 0> <II = 1> <Delay = 0.77> <FuncUnit> <Opcode : 'add' 'sub'> <InPorts = 2> <OutPorts = 1>
ST_1 : Operation 850 [1/1] (0.67ns) (root node of TernaryAdder)   --->   "%add_ln58_461 = add i16 %add_ln58_460, i16 %add_ln58_458" [firmware/nnet_utils/nnet_dense_latency.h:58]   --->   Operation 850 'add' 'add_ln58_461' <Predicate = true> <Delay = 0.67> <CoreInst = "TAddSub">   --->   Core 10 'TAddSub' <Latency = 0> <II = 1> <Delay = 0.33> <IPBlock> <Opcode : '' 'add' 'sub'> <InPorts = 3> <OutPorts = 1> <Sync> <CReg>
ST_1 : Operation 851 [1/1] (0.00ns) (grouped into TernaryAdder)   --->   "%add_ln58_462 = add i16 %mult_100, i16 %sext_ln42_16" [firmware/nnet_utils/nnet_dense_latency.h:58]   --->   Operation 851 'add' 'add_ln58_462' <Predicate = true> <Delay = 0.00> <CoreInst = "TAddSub">   --->   Core 10 'TAddSub' <Latency = 0> <II = 1> <Delay = 0.33> <IPBlock> <Opcode : '' 'add' 'sub'> <InPorts = 3> <OutPorts = 1> <Sync> <CReg>
ST_1 : Operation 852 [1/1] (0.67ns) (root node of TernaryAdder)   --->   "%add_ln58_463 = add i16 %add_ln58_462, i16 %sext_ln42_4" [firmware/nnet_utils/nnet_dense_latency.h:58]   --->   Operation 852 'add' 'add_ln58_463' <Predicate = true> <Delay = 0.67> <CoreInst = "TAddSub">   --->   Core 10 'TAddSub' <Latency = 0> <II = 1> <Delay = 0.33> <IPBlock> <Opcode : '' 'add' 'sub'> <InPorts = 3> <OutPorts = 1> <Sync> <CReg>
ST_1 : Operation 853 [1/1] (0.00ns) (grouped into TernaryAdder)   --->   "%add_ln58_464 = add i16 %mult_147, i16 %sext_ln42_39" [firmware/nnet_utils/nnet_dense_latency.h:58]   --->   Operation 853 'add' 'add_ln58_464' <Predicate = true> <Delay = 0.00> <CoreInst = "TAddSub">   --->   Core 10 'TAddSub' <Latency = 0> <II = 1> <Delay = 0.33> <IPBlock> <Opcode : '' 'add' 'sub'> <InPorts = 3> <OutPorts = 1> <Sync> <CReg>
ST_1 : Operation 854 [1/1] (0.67ns) (root node of TernaryAdder)   --->   "%add_ln58_465 = add i16 %add_ln58_464, i16 %add_ln58_365" [firmware/nnet_utils/nnet_dense_latency.h:58]   --->   Operation 854 'add' 'add_ln58_465' <Predicate = true> <Delay = 0.67> <CoreInst = "TAddSub">   --->   Core 10 'TAddSub' <Latency = 0> <II = 1> <Delay = 0.33> <IPBlock> <Opcode : '' 'add' 'sub'> <InPorts = 3> <OutPorts = 1> <Sync> <CReg>
ST_1 : Operation 855 [1/1] (0.00ns) (grouped into TernaryAdder)   --->   "%add_ln58_466 = add i16 %add_ln58_465, i16 %add_ln58_463" [firmware/nnet_utils/nnet_dense_latency.h:58]   --->   Operation 855 'add' 'add_ln58_466' <Predicate = true> <Delay = 0.00> <CoreInst = "TAddSub">   --->   Core 10 'TAddSub' <Latency = 0> <II = 1> <Delay = 0.33> <IPBlock> <Opcode : '' 'add' 'sub'> <InPorts = 3> <OutPorts = 1> <Sync> <CReg>
ST_1 : Operation 856 [1/1] (0.77ns)   --->   "%add_ln58_467 = add i16 %sext_ln42_57, i16 %sext_ln42_8" [firmware/nnet_utils/nnet_dense_latency.h:58]   --->   Operation 856 'add' 'add_ln58_467' <Predicate = true> <Delay = 0.77> <CoreInst = "Adder">   --->   Core 1 'Adder' <Latency = 0> <II = 1> <Delay = 0.77> <FuncUnit> <Opcode : 'add' 'sub'> <InPorts = 2> <OutPorts = 1>
ST_1 : Operation 857 [1/1] (0.00ns) (grouped into TernaryAdder)   --->   "%add_ln58_468 = add i16 %add_ln58_467, i16 %sext_ln58_233" [firmware/nnet_utils/nnet_dense_latency.h:58]   --->   Operation 857 'add' 'add_ln58_468' <Predicate = true> <Delay = 0.00> <CoreInst = "TAddSub">   --->   Core 10 'TAddSub' <Latency = 0> <II = 1> <Delay = 0.33> <IPBlock> <Opcode : '' 'add' 'sub'> <InPorts = 3> <OutPorts = 1> <Sync> <CReg>
ST_1 : Operation 858 [1/1] (0.75ns)   --->   "%add_ln58_469 = add i14 %sext_ln17_61, i14 %sext_ln17_81" [firmware/nnet_utils/nnet_dense_latency.h:58]   --->   Operation 858 'add' 'add_ln58_469' <Predicate = true> <Delay = 0.75> <CoreInst = "Adder">   --->   Core 1 'Adder' <Latency = 0> <II = 1> <Delay = 0.75> <FuncUnit> <Opcode : 'add' 'sub'> <InPorts = 2> <OutPorts = 1>
ST_1 : Operation 859 [1/1] (0.00ns)   --->   "%sext_ln58_163 = sext i14 %add_ln58_469" [firmware/nnet_utils/nnet_dense_latency.h:58]   --->   Operation 859 'sext' 'sext_ln58_163' <Predicate = true> <Delay = 0.00>
ST_1 : Operation 860 [1/1] (0.76ns)   --->   "%add_ln58_470 = add i15 %sext_ln58_113, i15 %sext_ln58_163" [firmware/nnet_utils/nnet_dense_latency.h:58]   --->   Operation 860 'add' 'add_ln58_470' <Predicate = true> <Delay = 0.76> <CoreInst = "Adder">   --->   Core 1 'Adder' <Latency = 0> <II = 1> <Delay = 0.76> <FuncUnit> <Opcode : 'add' 'sub'> <InPorts = 2> <OutPorts = 1>
ST_1 : Operation 861 [1/1] (0.00ns)   --->   "%sext_ln58_164 = sext i15 %add_ln58_470" [firmware/nnet_utils/nnet_dense_latency.h:58]   --->   Operation 861 'sext' 'sext_ln58_164' <Predicate = true> <Delay = 0.00>
ST_1 : Operation 862 [1/1] (0.67ns) (root node of TernaryAdder)   --->   "%add_ln58_471 = add i16 %sext_ln58_164, i16 %add_ln58_468" [firmware/nnet_utils/nnet_dense_latency.h:58]   --->   Operation 862 'add' 'add_ln58_471' <Predicate = true> <Delay = 0.67> <CoreInst = "TAddSub">   --->   Core 10 'TAddSub' <Latency = 0> <II = 1> <Delay = 0.33> <IPBlock> <Opcode : '' 'add' 'sub'> <InPorts = 3> <OutPorts = 1> <Sync> <CReg>
ST_1 : Operation 863 [1/1] (0.67ns) (root node of TernaryAdder)   --->   "%add_ln58_472 = add i16 %add_ln58_471, i16 %add_ln58_466" [firmware/nnet_utils/nnet_dense_latency.h:58]   --->   Operation 863 'add' 'add_ln58_472' <Predicate = true> <Delay = 0.67> <CoreInst = "TAddSub">   --->   Core 10 'TAddSub' <Latency = 0> <II = 1> <Delay = 0.33> <IPBlock> <Opcode : '' 'add' 'sub'> <InPorts = 3> <OutPorts = 1> <Sync> <CReg>
ST_1 : Operation 864 [1/1] (0.77ns)   --->   "%add_ln58_473 = add i16 %sext_ln58_216, i16 %sext_ln42_16" [firmware/nnet_utils/nnet_dense_latency.h:58]   --->   Operation 864 'add' 'add_ln58_473' <Predicate = true> <Delay = 0.77> <CoreInst = "Adder">   --->   Core 1 'Adder' <Latency = 0> <II = 1> <Delay = 0.77> <FuncUnit> <Opcode : 'add' 'sub'> <InPorts = 2> <OutPorts = 1>
ST_1 : Operation 865 [1/1] (0.00ns) (grouped into TernaryAdder)   --->   "%add_ln58_474 = add i16 %mult_139, i16 %mult_148" [firmware/nnet_utils/nnet_dense_latency.h:58]   --->   Operation 865 'add' 'add_ln58_474' <Predicate = true> <Delay = 0.00> <CoreInst = "TAddSub">   --->   Core 10 'TAddSub' <Latency = 0> <II = 1> <Delay = 0.33> <IPBlock> <Opcode : '' 'add' 'sub'> <InPorts = 3> <OutPorts = 1> <Sync> <CReg>
ST_1 : Operation 866 [1/1] (0.77ns)   --->   "%add_ln58_475 = add i16 %sext_ln42_40, i16 %sext_ln42_46" [firmware/nnet_utils/nnet_dense_latency.h:58]   --->   Operation 866 'add' 'add_ln58_475' <Predicate = true> <Delay = 0.77> <CoreInst = "Adder">   --->   Core 1 'Adder' <Latency = 0> <II = 1> <Delay = 0.77> <FuncUnit> <Opcode : 'add' 'sub'> <InPorts = 2> <OutPorts = 1>
ST_1 : Operation 867 [1/1] (0.67ns) (root node of TernaryAdder)   --->   "%add_ln58_476 = add i16 %add_ln58_475, i16 %add_ln58_474" [firmware/nnet_utils/nnet_dense_latency.h:58]   --->   Operation 867 'add' 'add_ln58_476' <Predicate = true> <Delay = 0.67> <CoreInst = "TAddSub">   --->   Core 10 'TAddSub' <Latency = 0> <II = 1> <Delay = 0.33> <IPBlock> <Opcode : '' 'add' 'sub'> <InPorts = 3> <OutPorts = 1> <Sync> <CReg>
ST_1 : Operation 868 [1/1] (0.00ns) (grouped into TernaryAdder)   --->   "%add_ln58_477 = add i16 %add_ln58_476, i16 %add_ln58_473" [firmware/nnet_utils/nnet_dense_latency.h:58]   --->   Operation 868 'add' 'add_ln58_477' <Predicate = true> <Delay = 0.00> <CoreInst = "TAddSub">   --->   Core 10 'TAddSub' <Latency = 0> <II = 1> <Delay = 0.33> <IPBlock> <Opcode : '' 'add' 'sub'> <InPorts = 3> <OutPorts = 1> <Sync> <CReg>
ST_1 : Operation 869 [1/1] (0.78ns)   --->   "%add_ln58_478 = add i16 %mult_180, i16 %sext_ln42_14" [firmware/nnet_utils/nnet_dense_latency.h:58]   --->   Operation 869 'add' 'add_ln58_478' <Predicate = true> <Delay = 0.78> <CoreInst = "Adder">   --->   Core 1 'Adder' <Latency = 0> <II = 1> <Delay = 0.78> <FuncUnit> <Opcode : 'add' 'sub'> <InPorts = 2> <OutPorts = 1>
ST_1 : Operation 870 [1/1] (0.00ns) (grouped into TernaryAdder)   --->   "%add_ln58_479 = add i16 %add_ln58_478, i16 %sext_ln42_50" [firmware/nnet_utils/nnet_dense_latency.h:58]   --->   Operation 870 'add' 'add_ln58_479' <Predicate = true> <Delay = 0.00> <CoreInst = "TAddSub">   --->   Core 10 'TAddSub' <Latency = 0> <II = 1> <Delay = 0.33> <IPBlock> <Opcode : '' 'add' 'sub'> <InPorts = 3> <OutPorts = 1> <Sync> <CReg>
ST_1 : Operation 871 [1/1] (0.76ns)   --->   "%add_ln58_480 = add i15 %sext_ln17_99, i15 %sext_ln17_82" [firmware/nnet_utils/nnet_dense_latency.h:58]   --->   Operation 871 'add' 'add_ln58_480' <Predicate = true> <Delay = 0.76> <CoreInst = "Adder">   --->   Core 1 'Adder' <Latency = 0> <II = 1> <Delay = 0.76> <FuncUnit> <Opcode : 'add' 'sub'> <InPorts = 2> <OutPorts = 1>
ST_1 : Operation 872 [1/1] (0.00ns)   --->   "%sext_ln58_165 = sext i15 %add_ln58_480" [firmware/nnet_utils/nnet_dense_latency.h:58]   --->   Operation 872 'sext' 'sext_ln58_165' <Predicate = true> <Delay = 0.00>
ST_1 : Operation 873 [1/1] (0.75ns)   --->   "%add_ln58_481 = add i14 %sext_ln17_100, i14 896" [firmware/nnet_utils/nnet_dense_latency.h:58]   --->   Operation 873 'add' 'add_ln58_481' <Predicate = true> <Delay = 0.75> <CoreInst = "Adder">   --->   Core 1 'Adder' <Latency = 0> <II = 1> <Delay = 0.75> <FuncUnit> <Opcode : 'add' 'sub'> <InPorts = 2> <OutPorts = 1>
ST_1 : Operation 874 [1/1] (0.00ns)   --->   "%sext_ln58_166 = sext i14 %add_ln58_481" [firmware/nnet_utils/nnet_dense_latency.h:58]   --->   Operation 874 'sext' 'sext_ln58_166' <Predicate = true> <Delay = 0.00>
ST_1 : Operation 875 [1/1] (0.77ns)   --->   "%add_ln58_482 = add i16 %sext_ln58_166, i16 %sext_ln58_165" [firmware/nnet_utils/nnet_dense_latency.h:58]   --->   Operation 875 'add' 'add_ln58_482' <Predicate = true> <Delay = 0.77> <CoreInst = "Adder">   --->   Core 1 'Adder' <Latency = 0> <II = 1> <Delay = 0.77> <FuncUnit> <Opcode : 'add' 'sub'> <InPorts = 2> <OutPorts = 1>
ST_1 : Operation 876 [1/1] (0.67ns) (root node of TernaryAdder)   --->   "%add_ln58_483 = add i16 %add_ln58_482, i16 %add_ln58_479" [firmware/nnet_utils/nnet_dense_latency.h:58]   --->   Operation 876 'add' 'add_ln58_483' <Predicate = true> <Delay = 0.67> <CoreInst = "TAddSub">   --->   Core 10 'TAddSub' <Latency = 0> <II = 1> <Delay = 0.33> <IPBlock> <Opcode : '' 'add' 'sub'> <InPorts = 3> <OutPorts = 1> <Sync> <CReg>
ST_1 : Operation 877 [1/1] (0.67ns) (root node of TernaryAdder)   --->   "%add_ln58_484 = add i16 %add_ln58_483, i16 %add_ln58_477" [firmware/nnet_utils/nnet_dense_latency.h:58]   --->   Operation 877 'add' 'add_ln58_484' <Predicate = true> <Delay = 0.67> <CoreInst = "TAddSub">   --->   Core 10 'TAddSub' <Latency = 0> <II = 1> <Delay = 0.33> <IPBlock> <Opcode : '' 'add' 'sub'> <InPorts = 3> <OutPorts = 1> <Sync> <CReg>
ST_1 : Operation 878 [1/1] (0.00ns) (grouped into TernaryAdder)   --->   "%add_ln58_485 = add i16 %mult_106, i16 %sext_ln42_24" [firmware/nnet_utils/nnet_dense_latency.h:58]   --->   Operation 878 'add' 'add_ln58_485' <Predicate = true> <Delay = 0.00> <CoreInst = "TAddSub">   --->   Core 10 'TAddSub' <Latency = 0> <II = 1> <Delay = 0.33> <IPBlock> <Opcode : '' 'add' 'sub'> <InPorts = 3> <OutPorts = 1> <Sync> <CReg>
ST_1 : Operation 879 [1/1] (0.67ns) (root node of TernaryAdder)   --->   "%add_ln58_486 = add i16 %add_ln58_485, i16 %sext_ln42_9" [firmware/nnet_utils/nnet_dense_latency.h:58]   --->   Operation 879 'add' 'add_ln58_486' <Predicate = true> <Delay = 0.67> <CoreInst = "TAddSub">   --->   Core 10 'TAddSub' <Latency = 0> <II = 1> <Delay = 0.33> <IPBlock> <Opcode : '' 'add' 'sub'> <InPorts = 3> <OutPorts = 1> <Sync> <CReg>
ST_1 : Operation 880 [1/1] (0.00ns) (grouped into TernaryAdder)   --->   "%add_ln58_487 = add i16 %mult_140, i16 %sext_ln42_50" [firmware/nnet_utils/nnet_dense_latency.h:58]   --->   Operation 880 'add' 'add_ln58_487' <Predicate = true> <Delay = 0.00> <CoreInst = "TAddSub">   --->   Core 10 'TAddSub' <Latency = 0> <II = 1> <Delay = 0.33> <IPBlock> <Opcode : '' 'add' 'sub'> <InPorts = 3> <OutPorts = 1> <Sync> <CReg>
ST_1 : Operation 881 [1/1] (0.78ns)   --->   "%add_ln58_488 = add i16 %sext_ln42_51, i16 %mult_189" [firmware/nnet_utils/nnet_dense_latency.h:58]   --->   Operation 881 'add' 'add_ln58_488' <Predicate = true> <Delay = 0.78> <CoreInst = "Adder">   --->   Core 1 'Adder' <Latency = 0> <II = 1> <Delay = 0.78> <FuncUnit> <Opcode : 'add' 'sub'> <InPorts = 2> <OutPorts = 1>
ST_1 : Operation 882 [1/1] (0.67ns) (root node of TernaryAdder)   --->   "%add_ln58_489 = add i16 %add_ln58_488, i16 %add_ln58_487" [firmware/nnet_utils/nnet_dense_latency.h:58]   --->   Operation 882 'add' 'add_ln58_489' <Predicate = true> <Delay = 0.67> <CoreInst = "TAddSub">   --->   Core 10 'TAddSub' <Latency = 0> <II = 1> <Delay = 0.33> <IPBlock> <Opcode : '' 'add' 'sub'> <InPorts = 3> <OutPorts = 1> <Sync> <CReg>
ST_1 : Operation 883 [1/1] (0.00ns) (grouped into TernaryAdder)   --->   "%add_ln58_490 = add i16 %add_ln58_489, i16 %add_ln58_486" [firmware/nnet_utils/nnet_dense_latency.h:58]   --->   Operation 883 'add' 'add_ln58_490' <Predicate = true> <Delay = 0.00> <CoreInst = "TAddSub">   --->   Core 10 'TAddSub' <Latency = 0> <II = 1> <Delay = 0.33> <IPBlock> <Opcode : '' 'add' 'sub'> <InPorts = 3> <OutPorts = 1> <Sync> <CReg>
ST_1 : Operation 884 [1/1] (0.77ns)   --->   "%add_ln58_491 = add i16 %sext_ln42_35, i16 %sext_ln42_14" [firmware/nnet_utils/nnet_dense_latency.h:58]   --->   Operation 884 'add' 'add_ln58_491' <Predicate = true> <Delay = 0.77> <CoreInst = "Adder">   --->   Core 1 'Adder' <Latency = 0> <II = 1> <Delay = 0.77> <FuncUnit> <Opcode : 'add' 'sub'> <InPorts = 2> <OutPorts = 1>
ST_1 : Operation 885 [1/1] (0.00ns) (grouped into TernaryAdder)   --->   "%add_ln58_492 = add i16 %add_ln58_491, i16 %sext_ln42_22" [firmware/nnet_utils/nnet_dense_latency.h:58]   --->   Operation 885 'add' 'add_ln58_492' <Predicate = true> <Delay = 0.00> <CoreInst = "TAddSub">   --->   Core 10 'TAddSub' <Latency = 0> <II = 1> <Delay = 0.33> <IPBlock> <Opcode : '' 'add' 'sub'> <InPorts = 3> <OutPorts = 1> <Sync> <CReg>
ST_1 : Operation 886 [1/1] (0.76ns)   --->   "%add_ln58_493 = add i15 %sext_ln17_102, i15 %sext_ln17" [firmware/nnet_utils/nnet_dense_latency.h:58]   --->   Operation 886 'add' 'add_ln58_493' <Predicate = true> <Delay = 0.76> <CoreInst = "Adder">   --->   Core 1 'Adder' <Latency = 0> <II = 1> <Delay = 0.76> <FuncUnit> <Opcode : 'add' 'sub'> <InPorts = 2> <OutPorts = 1>
ST_1 : Operation 887 [1/1] (0.00ns)   --->   "%sext_ln58_167 = sext i15 %add_ln58_493" [firmware/nnet_utils/nnet_dense_latency.h:58]   --->   Operation 887 'sext' 'sext_ln58_167' <Predicate = true> <Delay = 0.00>
ST_1 : Operation 888 [1/1] (0.75ns)   --->   "%add_ln58_494 = add i14 %sext_ln17_65, i14 16128" [firmware/nnet_utils/nnet_dense_latency.h:58]   --->   Operation 888 'add' 'add_ln58_494' <Predicate = true> <Delay = 0.75> <CoreInst = "Adder">   --->   Core 1 'Adder' <Latency = 0> <II = 1> <Delay = 0.75> <FuncUnit> <Opcode : 'add' 'sub'> <InPorts = 2> <OutPorts = 1>
ST_1 : Operation 889 [1/1] (0.00ns)   --->   "%sext_ln58_168 = sext i14 %add_ln58_494" [firmware/nnet_utils/nnet_dense_latency.h:58]   --->   Operation 889 'sext' 'sext_ln58_168' <Predicate = true> <Delay = 0.00>
ST_1 : Operation 890 [1/1] (0.77ns)   --->   "%add_ln58_495 = add i16 %sext_ln58_168, i16 %sext_ln58_167" [firmware/nnet_utils/nnet_dense_latency.h:58]   --->   Operation 890 'add' 'add_ln58_495' <Predicate = true> <Delay = 0.77> <CoreInst = "Adder">   --->   Core 1 'Adder' <Latency = 0> <II = 1> <Delay = 0.77> <FuncUnit> <Opcode : 'add' 'sub'> <InPorts = 2> <OutPorts = 1>
ST_1 : Operation 891 [1/1] (0.67ns) (root node of TernaryAdder)   --->   "%add_ln58_496 = add i16 %add_ln58_495, i16 %add_ln58_492" [firmware/nnet_utils/nnet_dense_latency.h:58]   --->   Operation 891 'add' 'add_ln58_496' <Predicate = true> <Delay = 0.67> <CoreInst = "TAddSub">   --->   Core 10 'TAddSub' <Latency = 0> <II = 1> <Delay = 0.33> <IPBlock> <Opcode : '' 'add' 'sub'> <InPorts = 3> <OutPorts = 1> <Sync> <CReg>
ST_1 : Operation 892 [1/1] (0.67ns) (root node of TernaryAdder)   --->   "%add_ln58_497 = add i16 %add_ln58_496, i16 %add_ln58_490" [firmware/nnet_utils/nnet_dense_latency.h:58]   --->   Operation 892 'add' 'add_ln58_497' <Predicate = true> <Delay = 0.67> <CoreInst = "TAddSub">   --->   Core 10 'TAddSub' <Latency = 0> <II = 1> <Delay = 0.33> <IPBlock> <Opcode : '' 'add' 'sub'> <InPorts = 3> <OutPorts = 1> <Sync> <CReg>
ST_1 : Operation 893 [1/1] (0.78ns)   --->   "%add_ln58_498 = add i16 %mult_106, i16 %sext_ln42_26" [firmware/nnet_utils/nnet_dense_latency.h:58]   --->   Operation 893 'add' 'add_ln58_498' <Predicate = true> <Delay = 0.78> <CoreInst = "Adder">   --->   Core 1 'Adder' <Latency = 0> <II = 1> <Delay = 0.78> <FuncUnit> <Opcode : 'add' 'sub'> <InPorts = 2> <OutPorts = 1>
ST_1 : Operation 894 [1/1] (0.00ns) (grouped into TernaryAdder)   --->   "%add_ln58_499 = add i16 %sext_ln42_49, i16 %sext_ln42_52" [firmware/nnet_utils/nnet_dense_latency.h:58]   --->   Operation 894 'add' 'add_ln58_499' <Predicate = true> <Delay = 0.00> <CoreInst = "TAddSub">   --->   Core 10 'TAddSub' <Latency = 0> <II = 1> <Delay = 0.33> <IPBlock> <Opcode : '' 'add' 'sub'> <InPorts = 3> <OutPorts = 1> <Sync> <CReg>
ST_1 : Operation 895 [1/1] (0.67ns) (root node of TernaryAdder)   --->   "%add_ln58_500 = add i16 %add_ln58_499, i16 %mult_140" [firmware/nnet_utils/nnet_dense_latency.h:58]   --->   Operation 895 'add' 'add_ln58_500' <Predicate = true> <Delay = 0.67> <CoreInst = "TAddSub">   --->   Core 10 'TAddSub' <Latency = 0> <II = 1> <Delay = 0.33> <IPBlock> <Opcode : '' 'add' 'sub'> <InPorts = 3> <OutPorts = 1> <Sync> <CReg>
ST_1 : Operation 896 [1/1] (0.00ns) (grouped into TernaryAdder)   --->   "%add_ln58_501 = add i16 %add_ln58_500, i16 %add_ln58_498" [firmware/nnet_utils/nnet_dense_latency.h:58]   --->   Operation 896 'add' 'add_ln58_501' <Predicate = true> <Delay = 0.00> <CoreInst = "TAddSub">   --->   Core 10 'TAddSub' <Latency = 0> <II = 1> <Delay = 0.33> <IPBlock> <Opcode : '' 'add' 'sub'> <InPorts = 3> <OutPorts = 1> <Sync> <CReg>
ST_1 : Operation 897 [1/1] (0.76ns)   --->   "%add_ln58_502 = add i15 %sext_ln58_74, i15 %sext_ln17_44" [firmware/nnet_utils/nnet_dense_latency.h:58]   --->   Operation 897 'add' 'add_ln58_502' <Predicate = true> <Delay = 0.76> <CoreInst = "Adder">   --->   Core 1 'Adder' <Latency = 0> <II = 1> <Delay = 0.76> <FuncUnit> <Opcode : 'add' 'sub'> <InPorts = 2> <OutPorts = 1>
ST_1 : Operation 898 [1/1] (0.00ns)   --->   "%sext_ln58_169 = sext i15 %add_ln58_502" [firmware/nnet_utils/nnet_dense_latency.h:58]   --->   Operation 898 'sext' 'sext_ln58_169' <Predicate = true> <Delay = 0.00>
ST_1 : Operation 899 [1/1] (0.00ns) (grouped into TernaryAdder)   --->   "%add_ln58_503 = add i16 %sext_ln58_169, i16 %sext_ln42_56" [firmware/nnet_utils/nnet_dense_latency.h:58]   --->   Operation 899 'add' 'add_ln58_503' <Predicate = true> <Delay = 0.00> <CoreInst = "TAddSub">   --->   Core 10 'TAddSub' <Latency = 0> <II = 1> <Delay = 0.33> <IPBlock> <Opcode : '' 'add' 'sub'> <InPorts = 3> <OutPorts = 1> <Sync> <CReg>
ST_1 : Operation 900 [1/1] (0.76ns)   --->   "%add_ln58_504 = add i15 %sext_ln17_79, i15 %sext_ln17_96" [firmware/nnet_utils/nnet_dense_latency.h:58]   --->   Operation 900 'add' 'add_ln58_504' <Predicate = true> <Delay = 0.76> <CoreInst = "Adder">   --->   Core 1 'Adder' <Latency = 0> <II = 1> <Delay = 0.76> <FuncUnit> <Opcode : 'add' 'sub'> <InPorts = 2> <OutPorts = 1>
ST_1 : Operation 901 [1/1] (0.00ns)   --->   "%sext_ln58_170 = sext i15 %add_ln58_504" [firmware/nnet_utils/nnet_dense_latency.h:58]   --->   Operation 901 'sext' 'sext_ln58_170' <Predicate = true> <Delay = 0.00>
ST_1 : Operation 902 [1/1] (0.77ns)   --->   "%add_ln58_505 = add i16 %sext_ln58_170, i16 %sext_ln42_25" [firmware/nnet_utils/nnet_dense_latency.h:58]   --->   Operation 902 'add' 'add_ln58_505' <Predicate = true> <Delay = 0.77> <CoreInst = "Adder">   --->   Core 1 'Adder' <Latency = 0> <II = 1> <Delay = 0.77> <FuncUnit> <Opcode : 'add' 'sub'> <InPorts = 2> <OutPorts = 1>
ST_1 : Operation 903 [1/1] (0.67ns) (root node of TernaryAdder)   --->   "%add_ln58_506 = add i16 %add_ln58_505, i16 %add_ln58_503" [firmware/nnet_utils/nnet_dense_latency.h:58]   --->   Operation 903 'add' 'add_ln58_506' <Predicate = true> <Delay = 0.67> <CoreInst = "TAddSub">   --->   Core 10 'TAddSub' <Latency = 0> <II = 1> <Delay = 0.33> <IPBlock> <Opcode : '' 'add' 'sub'> <InPorts = 3> <OutPorts = 1> <Sync> <CReg>
ST_1 : Operation 904 [1/1] (0.67ns) (root node of TernaryAdder)   --->   "%add_ln58_507 = add i16 %add_ln58_506, i16 %add_ln58_501" [firmware/nnet_utils/nnet_dense_latency.h:58]   --->   Operation 904 'add' 'add_ln58_507' <Predicate = true> <Delay = 0.67> <CoreInst = "TAddSub">   --->   Core 10 'TAddSub' <Latency = 0> <II = 1> <Delay = 0.33> <IPBlock> <Opcode : '' 'add' 'sub'> <InPorts = 3> <OutPorts = 1> <Sync> <CReg>
ST_1 : Operation 905 [1/1] (0.77ns)   --->   "%add_ln58_508 = add i16 %sext_ln58_78, i16 %sext_ln42_39" [firmware/nnet_utils/nnet_dense_latency.h:58]   --->   Operation 905 'add' 'add_ln58_508' <Predicate = true> <Delay = 0.77> <CoreInst = "Adder">   --->   Core 1 'Adder' <Latency = 0> <II = 1> <Delay = 0.77> <FuncUnit> <Opcode : 'add' 'sub'> <InPorts = 2> <OutPorts = 1>
ST_1 : Operation 906 [1/1] (0.75ns)   --->   "%add_ln58_509 = add i14 %sext_ln17_50, i14 %sext_ln17_53" [firmware/nnet_utils/nnet_dense_latency.h:58]   --->   Operation 906 'add' 'add_ln58_509' <Predicate = true> <Delay = 0.75> <CoreInst = "Adder">   --->   Core 1 'Adder' <Latency = 0> <II = 1> <Delay = 0.75> <FuncUnit> <Opcode : 'add' 'sub'> <InPorts = 2> <OutPorts = 1>
ST_1 : Operation 907 [1/1] (0.00ns)   --->   "%sext_ln58_239 = sext i14 %add_ln58_509" [firmware/nnet_utils/nnet_dense_latency.h:58]   --->   Operation 907 'sext' 'sext_ln58_239' <Predicate = true> <Delay = 0.00>
ST_1 : Operation 908 [1/1] (0.76ns)   --->   "%add_ln58_510 = add i15 %sext_ln58_239, i15 %sext_ln17_98" [firmware/nnet_utils/nnet_dense_latency.h:58]   --->   Operation 908 'add' 'add_ln58_510' <Predicate = true> <Delay = 0.76> <CoreInst = "Adder">   --->   Core 1 'Adder' <Latency = 0> <II = 1> <Delay = 0.76> <FuncUnit> <Opcode : 'add' 'sub'> <InPorts = 2> <OutPorts = 1>
ST_1 : Operation 909 [1/1] (0.00ns)   --->   "%sext_ln58_240 = sext i15 %add_ln58_510" [firmware/nnet_utils/nnet_dense_latency.h:58]   --->   Operation 909 'sext' 'sext_ln58_240' <Predicate = true> <Delay = 0.00>
ST_1 : Operation 910 [1/1] (0.00ns) (grouped into TernaryAdder)   --->   "%add_ln58_511 = add i16 %sext_ln58_240, i16 %add_ln58_508" [firmware/nnet_utils/nnet_dense_latency.h:58]   --->   Operation 910 'add' 'add_ln58_511' <Predicate = true> <Delay = 0.00> <CoreInst = "TAddSub">   --->   Core 10 'TAddSub' <Latency = 0> <II = 1> <Delay = 0.33> <IPBlock> <Opcode : '' 'add' 'sub'> <InPorts = 3> <OutPorts = 1> <Sync> <CReg>
ST_1 : Operation 911 [1/1] (0.75ns)   --->   "%add_ln58_512 = add i14 %sext_ln17_81, i14 %sext_ln17_100" [firmware/nnet_utils/nnet_dense_latency.h:58]   --->   Operation 911 'add' 'add_ln58_512' <Predicate = true> <Delay = 0.75> <CoreInst = "Adder">   --->   Core 1 'Adder' <Latency = 0> <II = 1> <Delay = 0.75> <FuncUnit> <Opcode : 'add' 'sub'> <InPorts = 2> <OutPorts = 1>
ST_1 : Operation 912 [1/1] (0.00ns)   --->   "%sext_ln58_172 = sext i14 %add_ln58_512" [firmware/nnet_utils/nnet_dense_latency.h:58]   --->   Operation 912 'sext' 'sext_ln58_172' <Predicate = true> <Delay = 0.00>
ST_1 : Operation 913 [1/1] (0.76ns)   --->   "%add_ln58_513 = add i15 %sext_ln58_172, i15 %sext_ln17_69" [firmware/nnet_utils/nnet_dense_latency.h:58]   --->   Operation 913 'add' 'add_ln58_513' <Predicate = true> <Delay = 0.76> <CoreInst = "Adder">   --->   Core 1 'Adder' <Latency = 0> <II = 1> <Delay = 0.76> <FuncUnit> <Opcode : 'add' 'sub'> <InPorts = 2> <OutPorts = 1>
ST_1 : Operation 914 [1/1] (0.00ns)   --->   "%sext_ln58_173 = sext i15 %add_ln58_513" [firmware/nnet_utils/nnet_dense_latency.h:58]   --->   Operation 914 'sext' 'sext_ln58_173' <Predicate = true> <Delay = 0.00>
ST_1 : Operation 915 [1/1] (0.77ns)   --->   "%add_ln58_514 = add i16 %sext_ln58_173, i16 %sext_ln58_144" [firmware/nnet_utils/nnet_dense_latency.h:58]   --->   Operation 915 'add' 'add_ln58_514' <Predicate = true> <Delay = 0.77> <CoreInst = "Adder">   --->   Core 1 'Adder' <Latency = 0> <II = 1> <Delay = 0.77> <FuncUnit> <Opcode : 'add' 'sub'> <InPorts = 2> <OutPorts = 1>
ST_1 : Operation 916 [1/1] (0.67ns) (root node of TernaryAdder)   --->   "%add_ln58_515 = add i16 %add_ln58_514, i16 %add_ln58_511" [firmware/nnet_utils/nnet_dense_latency.h:58]   --->   Operation 916 'add' 'add_ln58_515' <Predicate = true> <Delay = 0.67> <CoreInst = "TAddSub">   --->   Core 10 'TAddSub' <Latency = 0> <II = 1> <Delay = 0.33> <IPBlock> <Opcode : '' 'add' 'sub'> <InPorts = 3> <OutPorts = 1> <Sync> <CReg>
ST_1 : Operation 917 [1/1] (0.00ns) (grouped into TernaryAdder)   --->   "%add_ln58_516 = add i16 %sext_ln42_21, i16 %sext_ln42_24" [firmware/nnet_utils/nnet_dense_latency.h:58]   --->   Operation 917 'add' 'add_ln58_516' <Predicate = true> <Delay = 0.00> <CoreInst = "TAddSub">   --->   Core 10 'TAddSub' <Latency = 0> <II = 1> <Delay = 0.33> <IPBlock> <Opcode : '' 'add' 'sub'> <InPorts = 3> <OutPorts = 1> <Sync> <CReg>
ST_1 : Operation 918 [1/1] (0.67ns) (root node of TernaryAdder)   --->   "%add_ln58_517 = add i16 %add_ln58_516, i16 %sext_ln42" [firmware/nnet_utils/nnet_dense_latency.h:58]   --->   Operation 918 'add' 'add_ln58_517' <Predicate = true> <Delay = 0.67> <CoreInst = "TAddSub">   --->   Core 10 'TAddSub' <Latency = 0> <II = 1> <Delay = 0.33> <IPBlock> <Opcode : '' 'add' 'sub'> <InPorts = 3> <OutPorts = 1> <Sync> <CReg>
ST_1 : Operation 919 [1/1] (0.76ns)   --->   "%add_ln58_518 = add i15 %sext_ln17_98, i15 %sext_ln17_101" [firmware/nnet_utils/nnet_dense_latency.h:58]   --->   Operation 919 'add' 'add_ln58_518' <Predicate = true> <Delay = 0.76> <CoreInst = "Adder">   --->   Core 1 'Adder' <Latency = 0> <II = 1> <Delay = 0.76> <FuncUnit> <Opcode : 'add' 'sub'> <InPorts = 2> <OutPorts = 1>
ST_1 : Operation 920 [1/1] (0.00ns)   --->   "%sext_ln58_241 = sext i15 %add_ln58_518" [firmware/nnet_utils/nnet_dense_latency.h:58]   --->   Operation 920 'sext' 'sext_ln58_241' <Predicate = true> <Delay = 0.00>
ST_1 : Operation 921 [1/1] (0.78ns)   --->   "%add_ln58_519 = add i16 %sext_ln58_241, i16 %add_ln58_264" [firmware/nnet_utils/nnet_dense_latency.h:58]   --->   Operation 921 'add' 'add_ln58_519' <Predicate = true> <Delay = 0.78> <CoreInst = "Adder">   --->   Core 1 'Adder' <Latency = 0> <II = 1> <Delay = 0.78> <FuncUnit> <Opcode : 'add' 'sub'> <InPorts = 2> <OutPorts = 1>
ST_1 : Operation 922 [1/1] (0.00ns) (grouped into TernaryAdder)   --->   "%add_ln58_520 = add i16 %add_ln58_519, i16 %add_ln58_517" [firmware/nnet_utils/nnet_dense_latency.h:58]   --->   Operation 922 'add' 'add_ln58_520' <Predicate = true> <Delay = 0.00> <CoreInst = "TAddSub">   --->   Core 10 'TAddSub' <Latency = 0> <II = 1> <Delay = 0.33> <IPBlock> <Opcode : '' 'add' 'sub'> <InPorts = 3> <OutPorts = 1> <Sync> <CReg>
ST_1 : Operation 923 [1/1] (0.76ns)   --->   "%add_ln58_521 = add i15 %sext_ln58_239, i15 %sext_ln17_45" [firmware/nnet_utils/nnet_dense_latency.h:58]   --->   Operation 923 'add' 'add_ln58_521' <Predicate = true> <Delay = 0.76> <CoreInst = "Adder">   --->   Core 1 'Adder' <Latency = 0> <II = 1> <Delay = 0.76> <FuncUnit> <Opcode : 'add' 'sub'> <InPorts = 2> <OutPorts = 1>
ST_1 : Operation 924 [1/1] (0.00ns)   --->   "%sext_ln58_175 = sext i15 %add_ln58_521" [firmware/nnet_utils/nnet_dense_latency.h:58]   --->   Operation 924 'sext' 'sext_ln58_175' <Predicate = true> <Delay = 0.00>
ST_1 : Operation 925 [1/1] (0.75ns)   --->   "%add_ln58_522 = add i14 %sext_ln17_90, i14 512" [firmware/nnet_utils/nnet_dense_latency.h:58]   --->   Operation 925 'add' 'add_ln58_522' <Predicate = true> <Delay = 0.75> <CoreInst = "Adder">   --->   Core 1 'Adder' <Latency = 0> <II = 1> <Delay = 0.75> <FuncUnit> <Opcode : 'add' 'sub'> <InPorts = 2> <OutPorts = 1>
ST_1 : Operation 926 [1/1] (0.00ns)   --->   "%sext_ln58_176 = sext i14 %add_ln58_522" [firmware/nnet_utils/nnet_dense_latency.h:58]   --->   Operation 926 'sext' 'sext_ln58_176' <Predicate = true> <Delay = 0.00>
ST_1 : Operation 927 [1/1] (0.76ns)   --->   "%add_ln58_523 = add i15 %sext_ln58_176, i15 %sext_ln58_117" [firmware/nnet_utils/nnet_dense_latency.h:58]   --->   Operation 927 'add' 'add_ln58_523' <Predicate = true> <Delay = 0.76> <CoreInst = "Adder">   --->   Core 1 'Adder' <Latency = 0> <II = 1> <Delay = 0.76> <FuncUnit> <Opcode : 'add' 'sub'> <InPorts = 2> <OutPorts = 1>
ST_1 : Operation 928 [1/1] (0.00ns)   --->   "%sext_ln58_177 = sext i15 %add_ln58_523" [firmware/nnet_utils/nnet_dense_latency.h:58]   --->   Operation 928 'sext' 'sext_ln58_177' <Predicate = true> <Delay = 0.00>
ST_1 : Operation 929 [1/1] (0.77ns)   --->   "%add_ln58_524 = add i16 %sext_ln58_177, i16 %sext_ln58_175" [firmware/nnet_utils/nnet_dense_latency.h:58]   --->   Operation 929 'add' 'add_ln58_524' <Predicate = true> <Delay = 0.77> <CoreInst = "Adder">   --->   Core 1 'Adder' <Latency = 0> <II = 1> <Delay = 0.77> <FuncUnit> <Opcode : 'add' 'sub'> <InPorts = 2> <OutPorts = 1>
ST_1 : Operation 930 [1/1] (0.67ns) (root node of TernaryAdder)   --->   "%add_ln58_525 = add i16 %add_ln58_524, i16 %add_ln58_520" [firmware/nnet_utils/nnet_dense_latency.h:58]   --->   Operation 930 'add' 'add_ln58_525' <Predicate = true> <Delay = 0.67> <CoreInst = "TAddSub">   --->   Core 10 'TAddSub' <Latency = 0> <II = 1> <Delay = 0.33> <IPBlock> <Opcode : '' 'add' 'sub'> <InPorts = 3> <OutPorts = 1> <Sync> <CReg>
ST_1 : Operation 931 [1/1] (0.00ns) (grouped into TernaryAdder)   --->   "%add_ln58_526 = add i16 %mult_91, i16 %mult_102" [firmware/nnet_utils/nnet_dense_latency.h:58]   --->   Operation 931 'add' 'add_ln58_526' <Predicate = true> <Delay = 0.00> <CoreInst = "TAddSub">   --->   Core 10 'TAddSub' <Latency = 0> <II = 1> <Delay = 0.33> <IPBlock> <Opcode : '' 'add' 'sub'> <InPorts = 3> <OutPorts = 1> <Sync> <CReg>
ST_1 : Operation 932 [1/1] (0.67ns) (root node of TernaryAdder)   --->   "%add_ln58_527 = add i16 %sext_ln58_224, i16 %add_ln58_526" [firmware/nnet_utils/nnet_dense_latency.h:58]   --->   Operation 932 'add' 'add_ln58_527' <Predicate = true> <Delay = 0.67> <CoreInst = "TAddSub">   --->   Core 10 'TAddSub' <Latency = 0> <II = 1> <Delay = 0.33> <IPBlock> <Opcode : '' 'add' 'sub'> <InPorts = 3> <OutPorts = 1> <Sync> <CReg>
ST_1 : Operation 933 [1/1] (0.76ns)   --->   "%add_ln58_528 = add i15 %sext_ln17_62, i15 %sext_ln17_66" [firmware/nnet_utils/nnet_dense_latency.h:58]   --->   Operation 933 'add' 'add_ln58_528' <Predicate = true> <Delay = 0.76> <CoreInst = "Adder">   --->   Core 1 'Adder' <Latency = 0> <II = 1> <Delay = 0.76> <FuncUnit> <Opcode : 'add' 'sub'> <InPorts = 2> <OutPorts = 1>
ST_1 : Operation 934 [1/1] (0.00ns)   --->   "%sext_ln58_242 = sext i15 %add_ln58_528" [firmware/nnet_utils/nnet_dense_latency.h:58]   --->   Operation 934 'sext' 'sext_ln58_242' <Predicate = true> <Delay = 0.00>
ST_1 : Operation 935 [1/1] (0.00ns) (grouped into TernaryAdder)   --->   "%add_ln58_529 = add i16 %mult_141, i16 %mult_149" [firmware/nnet_utils/nnet_dense_latency.h:58]   --->   Operation 935 'add' 'add_ln58_529' <Predicate = true> <Delay = 0.00> <CoreInst = "TAddSub">   --->   Core 10 'TAddSub' <Latency = 0> <II = 1> <Delay = 0.33> <IPBlock> <Opcode : '' 'add' 'sub'> <InPorts = 3> <OutPorts = 1> <Sync> <CReg>
ST_1 : Operation 936 [1/1] (0.67ns) (root node of TernaryAdder)   --->   "%add_ln58_530 = add i16 %add_ln58_529, i16 %sext_ln58_242" [firmware/nnet_utils/nnet_dense_latency.h:58]   --->   Operation 936 'add' 'add_ln58_530' <Predicate = true> <Delay = 0.67> <CoreInst = "TAddSub">   --->   Core 10 'TAddSub' <Latency = 0> <II = 1> <Delay = 0.33> <IPBlock> <Opcode : '' 'add' 'sub'> <InPorts = 3> <OutPorts = 1> <Sync> <CReg>
ST_1 : Operation 937 [1/1] (0.00ns) (grouped into TernaryAdder)   --->   "%add_ln58_531 = add i16 %add_ln58_530, i16 %add_ln58_527" [firmware/nnet_utils/nnet_dense_latency.h:58]   --->   Operation 937 'add' 'add_ln58_531' <Predicate = true> <Delay = 0.00> <CoreInst = "TAddSub">   --->   Core 10 'TAddSub' <Latency = 0> <II = 1> <Delay = 0.33> <IPBlock> <Opcode : '' 'add' 'sub'> <InPorts = 3> <OutPorts = 1> <Sync> <CReg>
ST_1 : Operation 938 [1/1] (0.78ns)   --->   "%add_ln58_532 = add i16 %sext_ln42_44, i16 %mult_165" [firmware/nnet_utils/nnet_dense_latency.h:58]   --->   Operation 938 'add' 'add_ln58_532' <Predicate = true> <Delay = 0.78> <CoreInst = "Adder">   --->   Core 1 'Adder' <Latency = 0> <II = 1> <Delay = 0.78> <FuncUnit> <Opcode : 'add' 'sub'> <InPorts = 2> <OutPorts = 1>
ST_1 : Operation 939 [1/1] (0.78ns)   --->   "%add_ln58_533 = add i16 %mult_175, i16 %sext_ln42_51" [firmware/nnet_utils/nnet_dense_latency.h:58]   --->   Operation 939 'add' 'add_ln58_533' <Predicate = true> <Delay = 0.78> <CoreInst = "Adder">   --->   Core 1 'Adder' <Latency = 0> <II = 1> <Delay = 0.78> <FuncUnit> <Opcode : 'add' 'sub'> <InPorts = 2> <OutPorts = 1>
ST_1 : Operation 940 [1/1] (0.00ns) (grouped into TernaryAdder)   --->   "%add_ln58_534 = add i16 %add_ln58_533, i16 %add_ln58_532" [firmware/nnet_utils/nnet_dense_latency.h:58]   --->   Operation 940 'add' 'add_ln58_534' <Predicate = true> <Delay = 0.00> <CoreInst = "TAddSub">   --->   Core 10 'TAddSub' <Latency = 0> <II = 1> <Delay = 0.33> <IPBlock> <Opcode : '' 'add' 'sub'> <InPorts = 3> <OutPorts = 1> <Sync> <CReg>
ST_1 : Operation 941 [1/1] (0.00ns) (grouped into TernaryAdder)   --->   "%add_ln58_535 = add i16 %sext_ln42_54, i16 %sext_ln42_58" [firmware/nnet_utils/nnet_dense_latency.h:58]   --->   Operation 941 'add' 'add_ln58_535' <Predicate = true> <Delay = 0.00> <CoreInst = "TAddSub">   --->   Core 10 'TAddSub' <Latency = 0> <II = 1> <Delay = 0.33> <IPBlock> <Opcode : '' 'add' 'sub'> <InPorts = 3> <OutPorts = 1> <Sync> <CReg>
ST_1 : Operation 942 [1/1] (0.75ns)   --->   "%add_ln58_536 = add i14 %sext_ln17_77, i14 640" [firmware/nnet_utils/nnet_dense_latency.h:58]   --->   Operation 942 'add' 'add_ln58_536' <Predicate = true> <Delay = 0.75> <CoreInst = "Adder">   --->   Core 1 'Adder' <Latency = 0> <II = 1> <Delay = 0.75> <FuncUnit> <Opcode : 'add' 'sub'> <InPorts = 2> <OutPorts = 1>
ST_1 : Operation 943 [1/1] (0.00ns)   --->   "%sext_ln58_178 = sext i14 %add_ln58_536" [firmware/nnet_utils/nnet_dense_latency.h:58]   --->   Operation 943 'sext' 'sext_ln58_178' <Predicate = true> <Delay = 0.00>
ST_1 : Operation 944 [1/1] (0.67ns) (root node of TernaryAdder)   --->   "%add_ln58_537 = add i16 %sext_ln58_178, i16 %add_ln58_535" [firmware/nnet_utils/nnet_dense_latency.h:58]   --->   Operation 944 'add' 'add_ln58_537' <Predicate = true> <Delay = 0.67> <CoreInst = "TAddSub">   --->   Core 10 'TAddSub' <Latency = 0> <II = 1> <Delay = 0.33> <IPBlock> <Opcode : '' 'add' 'sub'> <InPorts = 3> <OutPorts = 1> <Sync> <CReg>
ST_1 : Operation 945 [1/1] (0.67ns) (root node of TernaryAdder)   --->   "%add_ln58_538 = add i16 %add_ln58_537, i16 %add_ln58_534" [firmware/nnet_utils/nnet_dense_latency.h:58]   --->   Operation 945 'add' 'add_ln58_538' <Predicate = true> <Delay = 0.67> <CoreInst = "TAddSub">   --->   Core 10 'TAddSub' <Latency = 0> <II = 1> <Delay = 0.33> <IPBlock> <Opcode : '' 'add' 'sub'> <InPorts = 3> <OutPorts = 1> <Sync> <CReg>
ST_1 : Operation 946 [1/1] (0.67ns) (root node of TernaryAdder)   --->   "%add_ln58_539 = add i16 %add_ln58_538, i16 %add_ln58_531" [firmware/nnet_utils/nnet_dense_latency.h:58]   --->   Operation 946 'add' 'add_ln58_539' <Predicate = true> <Delay = 0.67> <CoreInst = "TAddSub">   --->   Core 10 'TAddSub' <Latency = 0> <II = 1> <Delay = 0.33> <IPBlock> <Opcode : '' 'add' 'sub'> <InPorts = 3> <OutPorts = 1> <Sync> <CReg>
ST_1 : Operation 947 [1/1] (0.00ns) (grouped into TernaryAdder)   --->   "%add_ln58_540 = add i16 %mult_103, i16 %sext_ln42_16" [firmware/nnet_utils/nnet_dense_latency.h:58]   --->   Operation 947 'add' 'add_ln58_540' <Predicate = true> <Delay = 0.00> <CoreInst = "TAddSub">   --->   Core 10 'TAddSub' <Latency = 0> <II = 1> <Delay = 0.33> <IPBlock> <Opcode : '' 'add' 'sub'> <InPorts = 3> <OutPorts = 1> <Sync> <CReg>
ST_1 : Operation 948 [1/1] (0.67ns) (root node of TernaryAdder)   --->   "%add_ln58_541 = add i16 %add_ln58_540, i16 %mult_92" [firmware/nnet_utils/nnet_dense_latency.h:58]   --->   Operation 948 'add' 'add_ln58_541' <Predicate = true> <Delay = 0.67> <CoreInst = "TAddSub">   --->   Core 10 'TAddSub' <Latency = 0> <II = 1> <Delay = 0.33> <IPBlock> <Opcode : '' 'add' 'sub'> <InPorts = 3> <OutPorts = 1> <Sync> <CReg>
ST_1 : Operation 949 [1/1] (0.00ns) (grouped into TernaryAdder)   --->   "%add_ln58_542 = add i16 %mult_126, i16 %sext_ln42_32" [firmware/nnet_utils/nnet_dense_latency.h:58]   --->   Operation 949 'add' 'add_ln58_542' <Predicate = true> <Delay = 0.00> <CoreInst = "TAddSub">   --->   Core 10 'TAddSub' <Latency = 0> <II = 1> <Delay = 0.33> <IPBlock> <Opcode : '' 'add' 'sub'> <InPorts = 3> <OutPorts = 1> <Sync> <CReg>
ST_1 : Operation 950 [1/1] (0.77ns)   --->   "%add_ln58_543 = add i16 %sext_ln42_40, i16 %sext_ln42_42" [firmware/nnet_utils/nnet_dense_latency.h:58]   --->   Operation 950 'add' 'add_ln58_543' <Predicate = true> <Delay = 0.77> <CoreInst = "Adder">   --->   Core 1 'Adder' <Latency = 0> <II = 1> <Delay = 0.77> <FuncUnit> <Opcode : 'add' 'sub'> <InPorts = 2> <OutPorts = 1>
ST_1 : Operation 951 [1/1] (0.67ns) (root node of TernaryAdder)   --->   "%add_ln58_544 = add i16 %add_ln58_543, i16 %add_ln58_542" [firmware/nnet_utils/nnet_dense_latency.h:58]   --->   Operation 951 'add' 'add_ln58_544' <Predicate = true> <Delay = 0.67> <CoreInst = "TAddSub">   --->   Core 10 'TAddSub' <Latency = 0> <II = 1> <Delay = 0.33> <IPBlock> <Opcode : '' 'add' 'sub'> <InPorts = 3> <OutPorts = 1> <Sync> <CReg>
ST_1 : Operation 952 [1/1] (0.00ns) (grouped into TernaryAdder)   --->   "%add_ln58_545 = add i16 %add_ln58_544, i16 %add_ln58_541" [firmware/nnet_utils/nnet_dense_latency.h:58]   --->   Operation 952 'add' 'add_ln58_545' <Predicate = true> <Delay = 0.00> <CoreInst = "TAddSub">   --->   Core 10 'TAddSub' <Latency = 0> <II = 1> <Delay = 0.33> <IPBlock> <Opcode : '' 'add' 'sub'> <InPorts = 3> <OutPorts = 1> <Sync> <CReg>
ST_1 : Operation 953 [1/1] (0.76ns)   --->   "%add_ln58_546 = add i15 %sext_ln17_101, i15 %sext_ln17_59" [firmware/nnet_utils/nnet_dense_latency.h:58]   --->   Operation 953 'add' 'add_ln58_546' <Predicate = true> <Delay = 0.76> <CoreInst = "Adder">   --->   Core 1 'Adder' <Latency = 0> <II = 1> <Delay = 0.76> <FuncUnit> <Opcode : 'add' 'sub'> <InPorts = 2> <OutPorts = 1>
ST_1 : Operation 954 [1/1] (0.00ns)   --->   "%sext_ln58_243 = sext i15 %add_ln58_546" [firmware/nnet_utils/nnet_dense_latency.h:58]   --->   Operation 954 'sext' 'sext_ln58_243' <Predicate = true> <Delay = 0.00>
ST_1 : Operation 955 [1/1] (0.00ns) (grouped into TernaryAdder)   --->   "%add_ln58_547 = add i16 %sext_ln58_243, i16 %mult_165" [firmware/nnet_utils/nnet_dense_latency.h:58]   --->   Operation 955 'add' 'add_ln58_547' <Predicate = true> <Delay = 0.00> <CoreInst = "TAddSub">   --->   Core 10 'TAddSub' <Latency = 0> <II = 1> <Delay = 0.33> <IPBlock> <Opcode : '' 'add' 'sub'> <InPorts = 3> <OutPorts = 1> <Sync> <CReg>
ST_1 : Operation 956 [1/1] (0.75ns)   --->   "%add_ln58_548 = add i14 %sext_ln17_65, i14 %sext_ln17_90" [firmware/nnet_utils/nnet_dense_latency.h:58]   --->   Operation 956 'add' 'add_ln58_548' <Predicate = true> <Delay = 0.75> <CoreInst = "Adder">   --->   Core 1 'Adder' <Latency = 0> <II = 1> <Delay = 0.75> <FuncUnit> <Opcode : 'add' 'sub'> <InPorts = 2> <OutPorts = 1>
ST_1 : Operation 957 [1/1] (0.00ns)   --->   "%sext_ln58_179 = sext i14 %add_ln58_548" [firmware/nnet_utils/nnet_dense_latency.h:58]   --->   Operation 957 'sext' 'sext_ln58_179' <Predicate = true> <Delay = 0.00>
ST_1 : Operation 958 [1/1] (0.75ns)   --->   "%add_ln58_549 = add i14 %sext_ln17_94, i14 768" [firmware/nnet_utils/nnet_dense_latency.h:58]   --->   Operation 958 'add' 'add_ln58_549' <Predicate = true> <Delay = 0.75> <CoreInst = "Adder">   --->   Core 1 'Adder' <Latency = 0> <II = 1> <Delay = 0.75> <FuncUnit> <Opcode : 'add' 'sub'> <InPorts = 2> <OutPorts = 1>
ST_1 : Operation 959 [1/1] (0.00ns)   --->   "%sext_ln58_180 = sext i14 %add_ln58_549" [firmware/nnet_utils/nnet_dense_latency.h:58]   --->   Operation 959 'sext' 'sext_ln58_180' <Predicate = true> <Delay = 0.00>
ST_1 : Operation 960 [1/1] (0.76ns)   --->   "%add_ln58_550 = add i15 %sext_ln58_180, i15 %sext_ln58_179" [firmware/nnet_utils/nnet_dense_latency.h:58]   --->   Operation 960 'add' 'add_ln58_550' <Predicate = true> <Delay = 0.76> <CoreInst = "Adder">   --->   Core 1 'Adder' <Latency = 0> <II = 1> <Delay = 0.76> <FuncUnit> <Opcode : 'add' 'sub'> <InPorts = 2> <OutPorts = 1>
ST_1 : Operation 961 [1/1] (0.00ns)   --->   "%sext_ln58_181 = sext i15 %add_ln58_550" [firmware/nnet_utils/nnet_dense_latency.h:58]   --->   Operation 961 'sext' 'sext_ln58_181' <Predicate = true> <Delay = 0.00>
ST_1 : Operation 962 [1/1] (0.67ns) (root node of TernaryAdder)   --->   "%add_ln58_551 = add i16 %sext_ln58_181, i16 %add_ln58_547" [firmware/nnet_utils/nnet_dense_latency.h:58]   --->   Operation 962 'add' 'add_ln58_551' <Predicate = true> <Delay = 0.67> <CoreInst = "TAddSub">   --->   Core 10 'TAddSub' <Latency = 0> <II = 1> <Delay = 0.33> <IPBlock> <Opcode : '' 'add' 'sub'> <InPorts = 3> <OutPorts = 1> <Sync> <CReg>
ST_1 : Operation 963 [1/1] (0.67ns) (root node of TernaryAdder)   --->   "%add_ln58_552 = add i16 %add_ln58_551, i16 %add_ln58_545" [firmware/nnet_utils/nnet_dense_latency.h:58]   --->   Operation 963 'add' 'add_ln58_552' <Predicate = true> <Delay = 0.67> <CoreInst = "TAddSub">   --->   Core 10 'TAddSub' <Latency = 0> <II = 1> <Delay = 0.33> <IPBlock> <Opcode : '' 'add' 'sub'> <InPorts = 3> <OutPorts = 1> <Sync> <CReg>
ST_1 : Operation 964 [1/1] (0.00ns) (grouped into TernaryAdder)   --->   "%add_ln58_553 = add i16 %sext_ln42_30, i16 %add_ln58_178" [firmware/nnet_utils/nnet_dense_latency.h:58]   --->   Operation 964 'add' 'add_ln58_553' <Predicate = true> <Delay = 0.00> <CoreInst = "TAddSub">   --->   Core 10 'TAddSub' <Latency = 0> <II = 1> <Delay = 0.33> <IPBlock> <Opcode : '' 'add' 'sub'> <InPorts = 3> <OutPorts = 1> <Sync> <CReg>
ST_1 : Operation 965 [1/1] (0.76ns)   --->   "%add_ln58_554 = add i15 %sext_ln17_101, i15 %sext_ln17_76" [firmware/nnet_utils/nnet_dense_latency.h:58]   --->   Operation 965 'add' 'add_ln58_554' <Predicate = true> <Delay = 0.76> <CoreInst = "Adder">   --->   Core 1 'Adder' <Latency = 0> <II = 1> <Delay = 0.76> <FuncUnit> <Opcode : 'add' 'sub'> <InPorts = 2> <OutPorts = 1>
ST_1 : Operation 966 [1/1] (0.00ns)   --->   "%sext_ln58_244 = sext i15 %add_ln58_554" [firmware/nnet_utils/nnet_dense_latency.h:58]   --->   Operation 966 'sext' 'sext_ln58_244' <Predicate = true> <Delay = 0.00>
ST_1 : Operation 967 [1/1] (0.77ns)   --->   "%add_ln58_555 = add i16 %sext_ln58_244, i16 %sext_ln42_42" [firmware/nnet_utils/nnet_dense_latency.h:58]   --->   Operation 967 'add' 'add_ln58_555' <Predicate = true> <Delay = 0.77> <CoreInst = "Adder">   --->   Core 1 'Adder' <Latency = 0> <II = 1> <Delay = 0.77> <FuncUnit> <Opcode : 'add' 'sub'> <InPorts = 2> <OutPorts = 1>
ST_1 : Operation 968 [1/1] (0.67ns) (root node of TernaryAdder)   --->   "%add_ln58_556 = add i16 %add_ln58_555, i16 %add_ln58_553" [firmware/nnet_utils/nnet_dense_latency.h:58]   --->   Operation 968 'add' 'add_ln58_556' <Predicate = true> <Delay = 0.67> <CoreInst = "TAddSub">   --->   Core 10 'TAddSub' <Latency = 0> <II = 1> <Delay = 0.33> <IPBlock> <Opcode : '' 'add' 'sub'> <InPorts = 3> <OutPorts = 1> <Sync> <CReg>
ST_1 : Operation 969 [1/1] (0.00ns) (grouped into TernaryAdder)   --->   "%add_ln58_557 = add i16 %sext_ln58_225, i16 %sext_ln58_224" [firmware/nnet_utils/nnet_dense_latency.h:58]   --->   Operation 969 'add' 'add_ln58_557' <Predicate = true> <Delay = 0.00> <CoreInst = "TAddSub">   --->   Core 10 'TAddSub' <Latency = 0> <II = 1> <Delay = 0.33> <IPBlock> <Opcode : '' 'add' 'sub'> <InPorts = 3> <OutPorts = 1> <Sync> <CReg>
ST_1 : Operation 970 [1/1] (0.76ns)   --->   "%add_ln58_558 = add i15 %sext_ln17_101, i15 %sext_ln17_45" [firmware/nnet_utils/nnet_dense_latency.h:58]   --->   Operation 970 'add' 'add_ln58_558' <Predicate = true> <Delay = 0.76> <CoreInst = "Adder">   --->   Core 1 'Adder' <Latency = 0> <II = 1> <Delay = 0.76> <FuncUnit> <Opcode : 'add' 'sub'> <InPorts = 2> <OutPorts = 1>
ST_1 : Operation 971 [1/1] (0.00ns)   --->   "%sext_ln58_245 = sext i15 %add_ln58_558" [firmware/nnet_utils/nnet_dense_latency.h:58]   --->   Operation 971 'sext' 'sext_ln58_245' <Predicate = true> <Delay = 0.00>
ST_1 : Operation 972 [1/1] (0.75ns)   --->   "%add_ln58_559 = add i14 %sext_ln17_61, i14 %sext_ln17_97" [firmware/nnet_utils/nnet_dense_latency.h:58]   --->   Operation 972 'add' 'add_ln58_559' <Predicate = true> <Delay = 0.75> <CoreInst = "Adder">   --->   Core 1 'Adder' <Latency = 0> <II = 1> <Delay = 0.75> <FuncUnit> <Opcode : 'add' 'sub'> <InPorts = 2> <OutPorts = 1>
ST_1 : Operation 973 [1/1] (0.00ns)   --->   "%sext_ln58_182 = sext i14 %add_ln58_559" [firmware/nnet_utils/nnet_dense_latency.h:58]   --->   Operation 973 'sext' 'sext_ln58_182' <Predicate = true> <Delay = 0.00>
ST_1 : Operation 974 [1/1] (0.77ns)   --->   "%add_ln58_560 = add i16 %sext_ln58_182, i16 %sext_ln58_245" [firmware/nnet_utils/nnet_dense_latency.h:58]   --->   Operation 974 'add' 'add_ln58_560' <Predicate = true> <Delay = 0.77> <CoreInst = "Adder">   --->   Core 1 'Adder' <Latency = 0> <II = 1> <Delay = 0.77> <FuncUnit> <Opcode : 'add' 'sub'> <InPorts = 2> <OutPorts = 1>
ST_1 : Operation 975 [1/1] (0.67ns) (root node of TernaryAdder)   --->   "%add_ln58_561 = add i16 %add_ln58_560, i16 %add_ln58_557" [firmware/nnet_utils/nnet_dense_latency.h:58]   --->   Operation 975 'add' 'add_ln58_561' <Predicate = true> <Delay = 0.67> <CoreInst = "TAddSub">   --->   Core 10 'TAddSub' <Latency = 0> <II = 1> <Delay = 0.33> <IPBlock> <Opcode : '' 'add' 'sub'> <InPorts = 3> <OutPorts = 1> <Sync> <CReg>
ST_1 : Operation 976 [1/1] (0.00ns) (grouped into TernaryAdder)   --->   "%add_ln58_562 = add i16 %sext_ln42_13, i16 %mult_126" [firmware/nnet_utils/nnet_dense_latency.h:58]   --->   Operation 976 'add' 'add_ln58_562' <Predicate = true> <Delay = 0.00> <CoreInst = "TAddSub">   --->   Core 10 'TAddSub' <Latency = 0> <II = 1> <Delay = 0.33> <IPBlock> <Opcode : '' 'add' 'sub'> <InPorts = 3> <OutPorts = 1> <Sync> <CReg>
ST_1 : Operation 977 [1/1] (0.67ns) (root node of TernaryAdder)   --->   "%add_ln58_563 = add i16 %add_ln58_562, i16 %sext_ln58_79" [firmware/nnet_utils/nnet_dense_latency.h:58]   --->   Operation 977 'add' 'add_ln58_563' <Predicate = true> <Delay = 0.67> <CoreInst = "TAddSub">   --->   Core 10 'TAddSub' <Latency = 0> <II = 1> <Delay = 0.33> <IPBlock> <Opcode : '' 'add' 'sub'> <InPorts = 3> <OutPorts = 1> <Sync> <CReg>
ST_1 : Operation 978 [1/1] (0.00ns) (grouped into TernaryAdder)   --->   "%add_ln58_564 = add i16 %sext_ln42_52, i16 %sext_ln42_7" [firmware/nnet_utils/nnet_dense_latency.h:58]   --->   Operation 978 'add' 'add_ln58_564' <Predicate = true> <Delay = 0.00> <CoreInst = "TAddSub">   --->   Core 10 'TAddSub' <Latency = 0> <II = 1> <Delay = 0.33> <IPBlock> <Opcode : '' 'add' 'sub'> <InPorts = 3> <OutPorts = 1> <Sync> <CReg>
ST_1 : Operation 979 [1/1] (0.67ns) (root node of TernaryAdder)   --->   "%add_ln58_565 = add i16 %add_ln58_564, i16 %sext_ln42_39" [firmware/nnet_utils/nnet_dense_latency.h:58]   --->   Operation 979 'add' 'add_ln58_565' <Predicate = true> <Delay = 0.67> <CoreInst = "TAddSub">   --->   Core 10 'TAddSub' <Latency = 0> <II = 1> <Delay = 0.33> <IPBlock> <Opcode : '' 'add' 'sub'> <InPorts = 3> <OutPorts = 1> <Sync> <CReg>
ST_1 : Operation 980 [1/1] (0.00ns) (grouped into TernaryAdder)   --->   "%add_ln58_566 = add i16 %add_ln58_565, i16 %add_ln58_563" [firmware/nnet_utils/nnet_dense_latency.h:58]   --->   Operation 980 'add' 'add_ln58_566' <Predicate = true> <Delay = 0.00> <CoreInst = "TAddSub">   --->   Core 10 'TAddSub' <Latency = 0> <II = 1> <Delay = 0.33> <IPBlock> <Opcode : '' 'add' 'sub'> <InPorts = 3> <OutPorts = 1> <Sync> <CReg>
ST_1 : Operation 981 [1/1] (0.76ns)   --->   "%add_ln58_567 = add i15 %sext_ln17_88, i15 %sext_ln17_99" [firmware/nnet_utils/nnet_dense_latency.h:58]   --->   Operation 981 'add' 'add_ln58_567' <Predicate = true> <Delay = 0.76> <CoreInst = "Adder">   --->   Core 1 'Adder' <Latency = 0> <II = 1> <Delay = 0.76> <FuncUnit> <Opcode : 'add' 'sub'> <InPorts = 2> <OutPorts = 1>
ST_1 : Operation 982 [1/1] (0.00ns)   --->   "%sext_ln58_183 = sext i15 %add_ln58_567" [firmware/nnet_utils/nnet_dense_latency.h:58]   --->   Operation 982 'sext' 'sext_ln58_183' <Predicate = true> <Delay = 0.00>
ST_1 : Operation 983 [1/1] (0.00ns) (grouped into TernaryAdder)   --->   "%add_ln58_568 = add i16 %sext_ln58_183, i16 %sext_ln42_27" [firmware/nnet_utils/nnet_dense_latency.h:58]   --->   Operation 983 'add' 'add_ln58_568' <Predicate = true> <Delay = 0.00> <CoreInst = "TAddSub">   --->   Core 10 'TAddSub' <Latency = 0> <II = 1> <Delay = 0.33> <IPBlock> <Opcode : '' 'add' 'sub'> <InPorts = 3> <OutPorts = 1> <Sync> <CReg>
ST_1 : Operation 984 [1/1] (0.00ns)   --->   "%sext_ln58_184 = sext i14 %add_ln58_454" [firmware/nnet_utils/nnet_dense_latency.h:58]   --->   Operation 984 'sext' 'sext_ln58_184' <Predicate = true> <Delay = 0.00>
ST_1 : Operation 985 [1/1] (0.76ns)   --->   "%add_ln58_569 = add i15 %sext_ln58_184, i15 %sext_ln17_57" [firmware/nnet_utils/nnet_dense_latency.h:58]   --->   Operation 985 'add' 'add_ln58_569' <Predicate = true> <Delay = 0.76> <CoreInst = "Adder">   --->   Core 1 'Adder' <Latency = 0> <II = 1> <Delay = 0.76> <FuncUnit> <Opcode : 'add' 'sub'> <InPorts = 2> <OutPorts = 1>
ST_1 : Operation 986 [1/1] (0.00ns)   --->   "%sext_ln58_185 = sext i15 %add_ln58_569" [firmware/nnet_utils/nnet_dense_latency.h:58]   --->   Operation 986 'sext' 'sext_ln58_185' <Predicate = true> <Delay = 0.00>
ST_1 : Operation 987 [1/1] (0.67ns) (root node of TernaryAdder)   --->   "%add_ln58_570 = add i16 %sext_ln58_185, i16 %add_ln58_568" [firmware/nnet_utils/nnet_dense_latency.h:58]   --->   Operation 987 'add' 'add_ln58_570' <Predicate = true> <Delay = 0.67> <CoreInst = "TAddSub">   --->   Core 10 'TAddSub' <Latency = 0> <II = 1> <Delay = 0.33> <IPBlock> <Opcode : '' 'add' 'sub'> <InPorts = 3> <OutPorts = 1> <Sync> <CReg>
ST_1 : Operation 988 [1/1] (0.67ns) (root node of TernaryAdder)   --->   "%add_ln58_571 = add i16 %add_ln58_570, i16 %add_ln58_566" [firmware/nnet_utils/nnet_dense_latency.h:58]   --->   Operation 988 'add' 'add_ln58_571' <Predicate = true> <Delay = 0.67> <CoreInst = "TAddSub">   --->   Core 10 'TAddSub' <Latency = 0> <II = 1> <Delay = 0.33> <IPBlock> <Opcode : '' 'add' 'sub'> <InPorts = 3> <OutPorts = 1> <Sync> <CReg>
ST_1 : Operation 989 [1/1] (0.78ns)   --->   "%add_ln58_572 = add i16 %mult_87, i16 %mult_99" [firmware/nnet_utils/nnet_dense_latency.h:58]   --->   Operation 989 'add' 'add_ln58_572' <Predicate = true> <Delay = 0.78> <CoreInst = "Adder">   --->   Core 1 'Adder' <Latency = 0> <II = 1> <Delay = 0.78> <FuncUnit> <Opcode : 'add' 'sub'> <InPorts = 2> <OutPorts = 1>
ST_1 : Operation 990 [1/1] (0.00ns) (grouped into TernaryAdder)   --->   "%add_ln58_573 = add i16 %sext_ln42_23, i16 %mult_130" [firmware/nnet_utils/nnet_dense_latency.h:58]   --->   Operation 990 'add' 'add_ln58_573' <Predicate = true> <Delay = 0.00> <CoreInst = "TAddSub">   --->   Core 10 'TAddSub' <Latency = 0> <II = 1> <Delay = 0.33> <IPBlock> <Opcode : '' 'add' 'sub'> <InPorts = 3> <OutPorts = 1> <Sync> <CReg>
ST_1 : Operation 991 [1/1] (0.67ns) (root node of TernaryAdder)   --->   "%add_ln58_574 = add i16 %add_ln58_573, i16 %sext_ln42_16" [firmware/nnet_utils/nnet_dense_latency.h:58]   --->   Operation 991 'add' 'add_ln58_574' <Predicate = true> <Delay = 0.67> <CoreInst = "TAddSub">   --->   Core 10 'TAddSub' <Latency = 0> <II = 1> <Delay = 0.33> <IPBlock> <Opcode : '' 'add' 'sub'> <InPorts = 3> <OutPorts = 1> <Sync> <CReg>
ST_1 : Operation 992 [1/1] (0.00ns) (grouped into TernaryAdder)   --->   "%add_ln58_575 = add i16 %add_ln58_574, i16 %add_ln58_572" [firmware/nnet_utils/nnet_dense_latency.h:58]   --->   Operation 992 'add' 'add_ln58_575' <Predicate = true> <Delay = 0.00> <CoreInst = "TAddSub">   --->   Core 10 'TAddSub' <Latency = 0> <II = 1> <Delay = 0.33> <IPBlock> <Opcode : '' 'add' 'sub'> <InPorts = 3> <OutPorts = 1> <Sync> <CReg>
ST_1 : Operation 993 [1/1] (0.77ns)   --->   "%add_ln58_576 = add i16 %sext_ln42_51, i16 %sext_ln42_57" [firmware/nnet_utils/nnet_dense_latency.h:58]   --->   Operation 993 'add' 'add_ln58_576' <Predicate = true> <Delay = 0.77> <CoreInst = "Adder">   --->   Core 1 'Adder' <Latency = 0> <II = 1> <Delay = 0.77> <FuncUnit> <Opcode : 'add' 'sub'> <InPorts = 2> <OutPorts = 1>
ST_1 : Operation 994 [1/1] (0.00ns) (grouped into TernaryAdder)   --->   "%add_ln58_577 = add i16 %add_ln58_576, i16 %sext_ln42_37" [firmware/nnet_utils/nnet_dense_latency.h:58]   --->   Operation 994 'add' 'add_ln58_577' <Predicate = true> <Delay = 0.00> <CoreInst = "TAddSub">   --->   Core 10 'TAddSub' <Latency = 0> <II = 1> <Delay = 0.33> <IPBlock> <Opcode : '' 'add' 'sub'> <InPorts = 3> <OutPorts = 1> <Sync> <CReg>
ST_1 : Operation 995 [1/1] (0.76ns)   --->   "%add_ln58_578 = add i15 %sext_ln17_88, i15 896" [firmware/nnet_utils/nnet_dense_latency.h:58]   --->   Operation 995 'add' 'add_ln58_578' <Predicate = true> <Delay = 0.76> <CoreInst = "Adder">   --->   Core 1 'Adder' <Latency = 0> <II = 1> <Delay = 0.76> <FuncUnit> <Opcode : 'add' 'sub'> <InPorts = 2> <OutPorts = 1>
ST_1 : Operation 996 [1/1] (0.00ns)   --->   "%sext_ln58_186 = sext i15 %add_ln58_578" [firmware/nnet_utils/nnet_dense_latency.h:58]   --->   Operation 996 'sext' 'sext_ln58_186' <Predicate = true> <Delay = 0.00>
ST_1 : Operation 997 [1/1] (0.77ns)   --->   "%add_ln58_579 = add i16 %sext_ln58_186, i16 %sext_ln42_7" [firmware/nnet_utils/nnet_dense_latency.h:58]   --->   Operation 997 'add' 'add_ln58_579' <Predicate = true> <Delay = 0.77> <CoreInst = "Adder">   --->   Core 1 'Adder' <Latency = 0> <II = 1> <Delay = 0.77> <FuncUnit> <Opcode : 'add' 'sub'> <InPorts = 2> <OutPorts = 1>
ST_1 : Operation 998 [1/1] (0.67ns) (root node of TernaryAdder)   --->   "%add_ln58_580 = add i16 %add_ln58_579, i16 %add_ln58_577" [firmware/nnet_utils/nnet_dense_latency.h:58]   --->   Operation 998 'add' 'add_ln58_580' <Predicate = true> <Delay = 0.67> <CoreInst = "TAddSub">   --->   Core 10 'TAddSub' <Latency = 0> <II = 1> <Delay = 0.33> <IPBlock> <Opcode : '' 'add' 'sub'> <InPorts = 3> <OutPorts = 1> <Sync> <CReg>
ST_1 : Operation 999 [1/1] (0.67ns) (root node of TernaryAdder)   --->   "%add_ln58_581 = add i16 %add_ln58_580, i16 %add_ln58_575" [firmware/nnet_utils/nnet_dense_latency.h:58]   --->   Operation 999 'add' 'add_ln58_581' <Predicate = true> <Delay = 0.67> <CoreInst = "TAddSub">   --->   Core 10 'TAddSub' <Latency = 0> <II = 1> <Delay = 0.33> <IPBlock> <Opcode : '' 'add' 'sub'> <InPorts = 3> <OutPorts = 1> <Sync> <CReg>
ST_1 : Operation 1000 [1/1] (0.76ns)   --->   "%add_ln58_582 = add i15 %sext_ln17_72, i15 %sext_ln17_78" [firmware/nnet_utils/nnet_dense_latency.h:58]   --->   Operation 1000 'add' 'add_ln58_582' <Predicate = true> <Delay = 0.76> <CoreInst = "Adder">   --->   Core 1 'Adder' <Latency = 0> <II = 1> <Delay = 0.76> <FuncUnit> <Opcode : 'add' 'sub'> <InPorts = 2> <OutPorts = 1>
ST_1 : Operation 1001 [1/1] (0.00ns)   --->   "%sext_ln58_246 = sext i15 %add_ln58_582" [firmware/nnet_utils/nnet_dense_latency.h:58]   --->   Operation 1001 'sext' 'sext_ln58_246' <Predicate = true> <Delay = 0.00>
ST_1 : Operation 1002 [1/1] (0.77ns)   --->   "%add_ln58_583 = add i16 %sext_ln58_246, i16 %sext_ln42" [firmware/nnet_utils/nnet_dense_latency.h:58]   --->   Operation 1002 'add' 'add_ln58_583' <Predicate = true> <Delay = 0.77> <CoreInst = "Adder">   --->   Core 1 'Adder' <Latency = 0> <II = 1> <Delay = 0.77> <FuncUnit> <Opcode : 'add' 'sub'> <InPorts = 2> <OutPorts = 1>
ST_1 : Operation 1003 [1/1] (0.75ns)   --->   "%add_ln58_584 = add i14 %sext_ln17_46, i14 %sext_ln17_53" [firmware/nnet_utils/nnet_dense_latency.h:58]   --->   Operation 1003 'add' 'add_ln58_584' <Predicate = true> <Delay = 0.75> <CoreInst = "Adder">   --->   Core 1 'Adder' <Latency = 0> <II = 1> <Delay = 0.75> <FuncUnit> <Opcode : 'add' 'sub'> <InPorts = 2> <OutPorts = 1>
ST_1 : Operation 1004 [1/1] (0.00ns)   --->   "%sext_ln58_187 = sext i14 %add_ln58_584" [firmware/nnet_utils/nnet_dense_latency.h:58]   --->   Operation 1004 'sext' 'sext_ln58_187' <Predicate = true> <Delay = 0.00>
ST_1 : Operation 1005 [1/1] (0.76ns)   --->   "%add_ln58_585 = add i15 %sext_ln58_187, i15 %sext_ln17_51" [firmware/nnet_utils/nnet_dense_latency.h:58]   --->   Operation 1005 'add' 'add_ln58_585' <Predicate = true> <Delay = 0.76> <CoreInst = "Adder">   --->   Core 1 'Adder' <Latency = 0> <II = 1> <Delay = 0.76> <FuncUnit> <Opcode : 'add' 'sub'> <InPorts = 2> <OutPorts = 1>
ST_1 : Operation 1006 [1/1] (0.00ns)   --->   "%sext_ln58_188 = sext i15 %add_ln58_585" [firmware/nnet_utils/nnet_dense_latency.h:58]   --->   Operation 1006 'sext' 'sext_ln58_188' <Predicate = true> <Delay = 0.00>
ST_1 : Operation 1007 [1/1] (0.00ns) (grouped into TernaryAdder)   --->   "%add_ln58_586 = add i16 %sext_ln58_188, i16 %add_ln58_583" [firmware/nnet_utils/nnet_dense_latency.h:58]   --->   Operation 1007 'add' 'add_ln58_586' <Predicate = true> <Delay = 0.00> <CoreInst = "TAddSub">   --->   Core 10 'TAddSub' <Latency = 0> <II = 1> <Delay = 0.33> <IPBlock> <Opcode : '' 'add' 'sub'> <InPorts = 3> <OutPorts = 1> <Sync> <CReg>
ST_1 : Operation 1008 [1/1] (0.76ns)   --->   "%add_ln58_587 = add i15 %sext_ln58_179, i15 %sext_ln17_60" [firmware/nnet_utils/nnet_dense_latency.h:58]   --->   Operation 1008 'add' 'add_ln58_587' <Predicate = true> <Delay = 0.76> <CoreInst = "Adder">   --->   Core 1 'Adder' <Latency = 0> <II = 1> <Delay = 0.76> <FuncUnit> <Opcode : 'add' 'sub'> <InPorts = 2> <OutPorts = 1>
ST_1 : Operation 1009 [1/1] (0.00ns)   --->   "%sext_ln58_189 = sext i15 %add_ln58_587" [firmware/nnet_utils/nnet_dense_latency.h:58]   --->   Operation 1009 'sext' 'sext_ln58_189' <Predicate = true> <Delay = 0.00>
ST_1 : Operation 1010 [1/1] (0.75ns)   --->   "%add_ln58_588 = add i14 %sext_ln17_100, i14 15360" [firmware/nnet_utils/nnet_dense_latency.h:58]   --->   Operation 1010 'add' 'add_ln58_588' <Predicate = true> <Delay = 0.75> <CoreInst = "Adder">   --->   Core 1 'Adder' <Latency = 0> <II = 1> <Delay = 0.75> <FuncUnit> <Opcode : 'add' 'sub'> <InPorts = 2> <OutPorts = 1>
ST_1 : Operation 1011 [1/1] (0.00ns)   --->   "%sext_ln58_190 = sext i14 %add_ln58_588" [firmware/nnet_utils/nnet_dense_latency.h:58]   --->   Operation 1011 'sext' 'sext_ln58_190' <Predicate = true> <Delay = 0.00>
ST_1 : Operation 1012 [1/1] (0.76ns)   --->   "%add_ln58_589 = add i15 %sext_ln58_190, i15 %sext_ln17_93" [firmware/nnet_utils/nnet_dense_latency.h:58]   --->   Operation 1012 'add' 'add_ln58_589' <Predicate = true> <Delay = 0.76> <CoreInst = "Adder">   --->   Core 1 'Adder' <Latency = 0> <II = 1> <Delay = 0.76> <FuncUnit> <Opcode : 'add' 'sub'> <InPorts = 2> <OutPorts = 1>
ST_1 : Operation 1013 [1/1] (0.00ns)   --->   "%sext_ln58_191 = sext i15 %add_ln58_589" [firmware/nnet_utils/nnet_dense_latency.h:58]   --->   Operation 1013 'sext' 'sext_ln58_191' <Predicate = true> <Delay = 0.00>
ST_1 : Operation 1014 [1/1] (0.77ns)   --->   "%add_ln58_590 = add i16 %sext_ln58_191, i16 %sext_ln58_189" [firmware/nnet_utils/nnet_dense_latency.h:58]   --->   Operation 1014 'add' 'add_ln58_590' <Predicate = true> <Delay = 0.77> <CoreInst = "Adder">   --->   Core 1 'Adder' <Latency = 0> <II = 1> <Delay = 0.77> <FuncUnit> <Opcode : 'add' 'sub'> <InPorts = 2> <OutPorts = 1>
ST_1 : Operation 1015 [1/1] (0.67ns) (root node of TernaryAdder)   --->   "%add_ln58_591 = add i16 %add_ln58_590, i16 %add_ln58_586" [firmware/nnet_utils/nnet_dense_latency.h:58]   --->   Operation 1015 'add' 'add_ln58_591' <Predicate = true> <Delay = 0.67> <CoreInst = "TAddSub">   --->   Core 10 'TAddSub' <Latency = 0> <II = 1> <Delay = 0.33> <IPBlock> <Opcode : '' 'add' 'sub'> <InPorts = 3> <OutPorts = 1> <Sync> <CReg>
ST_1 : Operation 1016 [1/1] (0.76ns)   --->   "%add_ln58_592 = add i15 %sext_ln58_70, i15 %sext_ln17_48" [firmware/nnet_utils/nnet_dense_latency.h:58]   --->   Operation 1016 'add' 'add_ln58_592' <Predicate = true> <Delay = 0.76> <CoreInst = "Adder">   --->   Core 1 'Adder' <Latency = 0> <II = 1> <Delay = 0.76> <FuncUnit> <Opcode : 'add' 'sub'> <InPorts = 2> <OutPorts = 1>
ST_1 : Operation 1017 [1/1] (0.00ns)   --->   "%sext_ln58_247 = sext i15 %add_ln58_592" [firmware/nnet_utils/nnet_dense_latency.h:58]   --->   Operation 1017 'sext' 'sext_ln58_247' <Predicate = true> <Delay = 0.00>
ST_1 : Operation 1018 [1/1] (0.78ns)   --->   "%add_ln58_593 = add i16 %sext_ln58_247, i16 %mult_92" [firmware/nnet_utils/nnet_dense_latency.h:58]   --->   Operation 1018 'add' 'add_ln58_593' <Predicate = true> <Delay = 0.78> <CoreInst = "Adder">   --->   Core 1 'Adder' <Latency = 0> <II = 1> <Delay = 0.78> <FuncUnit> <Opcode : 'add' 'sub'> <InPorts = 2> <OutPorts = 1>
ST_1 : Operation 1019 [1/1] (0.00ns) (grouped into TernaryAdder)   --->   "%add_ln58_594 = add i16 %mult_110, i16 %sext_ln42_24" [firmware/nnet_utils/nnet_dense_latency.h:58]   --->   Operation 1019 'add' 'add_ln58_594' <Predicate = true> <Delay = 0.00> <CoreInst = "TAddSub">   --->   Core 10 'TAddSub' <Latency = 0> <II = 1> <Delay = 0.33> <IPBlock> <Opcode : '' 'add' 'sub'> <InPorts = 3> <OutPorts = 1> <Sync> <CReg>
ST_1 : Operation 1020 [1/1] (0.78ns)   --->   "%add_ln58_595 = add i16 %mult_132, i16 %sext_ln42_30" [firmware/nnet_utils/nnet_dense_latency.h:58]   --->   Operation 1020 'add' 'add_ln58_595' <Predicate = true> <Delay = 0.78> <CoreInst = "Adder">   --->   Core 1 'Adder' <Latency = 0> <II = 1> <Delay = 0.78> <FuncUnit> <Opcode : 'add' 'sub'> <InPorts = 2> <OutPorts = 1>
ST_1 : Operation 1021 [1/1] (0.67ns) (root node of TernaryAdder)   --->   "%add_ln58_596 = add i16 %add_ln58_595, i16 %add_ln58_594" [firmware/nnet_utils/nnet_dense_latency.h:58]   --->   Operation 1021 'add' 'add_ln58_596' <Predicate = true> <Delay = 0.67> <CoreInst = "TAddSub">   --->   Core 10 'TAddSub' <Latency = 0> <II = 1> <Delay = 0.33> <IPBlock> <Opcode : '' 'add' 'sub'> <InPorts = 3> <OutPorts = 1> <Sync> <CReg>
ST_1 : Operation 1022 [1/1] (0.00ns) (grouped into TernaryAdder)   --->   "%add_ln58_597 = add i16 %add_ln58_596, i16 %add_ln58_593" [firmware/nnet_utils/nnet_dense_latency.h:58]   --->   Operation 1022 'add' 'add_ln58_597' <Predicate = true> <Delay = 0.00> <CoreInst = "TAddSub">   --->   Core 10 'TAddSub' <Latency = 0> <II = 1> <Delay = 0.33> <IPBlock> <Opcode : '' 'add' 'sub'> <InPorts = 3> <OutPorts = 1> <Sync> <CReg>
ST_1 : Operation 1023 [1/1] (0.77ns)   --->   "%add_ln58_598 = add i16 %sext_ln42_52, i16 %sext_ln42_55" [firmware/nnet_utils/nnet_dense_latency.h:58]   --->   Operation 1023 'add' 'add_ln58_598' <Predicate = true> <Delay = 0.77> <CoreInst = "Adder">   --->   Core 1 'Adder' <Latency = 0> <II = 1> <Delay = 0.77> <FuncUnit> <Opcode : 'add' 'sub'> <InPorts = 2> <OutPorts = 1>
ST_1 : Operation 1024 [1/1] (0.00ns) (grouped into TernaryAdder)   --->   "%add_ln58_599 = add i16 %add_ln58_598, i16 %sext_ln58_217" [firmware/nnet_utils/nnet_dense_latency.h:58]   --->   Operation 1024 'add' 'add_ln58_599' <Predicate = true> <Delay = 0.00> <CoreInst = "TAddSub">   --->   Core 10 'TAddSub' <Latency = 0> <II = 1> <Delay = 0.33> <IPBlock> <Opcode : '' 'add' 'sub'> <InPorts = 3> <OutPorts = 1> <Sync> <CReg>
ST_1 : Operation 1025 [1/1] (0.00ns) (grouped into TernaryAdder)   --->   "%add_ln58_600 = add i16 %sext_ln42_59, i16 %sext_ln42_41" [firmware/nnet_utils/nnet_dense_latency.h:58]   --->   Operation 1025 'add' 'add_ln58_600' <Predicate = true> <Delay = 0.00> <CoreInst = "TAddSub">   --->   Core 10 'TAddSub' <Latency = 0> <II = 1> <Delay = 0.33> <IPBlock> <Opcode : '' 'add' 'sub'> <InPorts = 3> <OutPorts = 1> <Sync> <CReg>
ST_1 : Operation 1026 [1/1] (0.76ns)   --->   "%add_ln58_601 = add i15 %sext_ln17_87, i15 %sext_ln17_57" [firmware/nnet_utils/nnet_dense_latency.h:58]   --->   Operation 1026 'add' 'add_ln58_601' <Predicate = true> <Delay = 0.76> <CoreInst = "Adder">   --->   Core 1 'Adder' <Latency = 0> <II = 1> <Delay = 0.76> <FuncUnit> <Opcode : 'add' 'sub'> <InPorts = 2> <OutPorts = 1>
ST_1 : Operation 1027 [1/1] (0.00ns)   --->   "%sext_ln58_192 = sext i15 %add_ln58_601" [firmware/nnet_utils/nnet_dense_latency.h:58]   --->   Operation 1027 'sext' 'sext_ln58_192' <Predicate = true> <Delay = 0.00>
ST_1 : Operation 1028 [1/1] (0.67ns) (root node of TernaryAdder)   --->   "%add_ln58_602 = add i16 %sext_ln58_192, i16 %add_ln58_600" [firmware/nnet_utils/nnet_dense_latency.h:58]   --->   Operation 1028 'add' 'add_ln58_602' <Predicate = true> <Delay = 0.67> <CoreInst = "TAddSub">   --->   Core 10 'TAddSub' <Latency = 0> <II = 1> <Delay = 0.33> <IPBlock> <Opcode : '' 'add' 'sub'> <InPorts = 3> <OutPorts = 1> <Sync> <CReg>
ST_1 : Operation 1029 [1/1] (0.67ns) (root node of TernaryAdder)   --->   "%add_ln58_603 = add i16 %add_ln58_602, i16 %add_ln58_599" [firmware/nnet_utils/nnet_dense_latency.h:58]   --->   Operation 1029 'add' 'add_ln58_603' <Predicate = true> <Delay = 0.67> <CoreInst = "TAddSub">   --->   Core 10 'TAddSub' <Latency = 0> <II = 1> <Delay = 0.33> <IPBlock> <Opcode : '' 'add' 'sub'> <InPorts = 3> <OutPorts = 1> <Sync> <CReg>
ST_1 : Operation 1030 [1/1] (0.67ns) (root node of TernaryAdder)   --->   "%add_ln58_604 = add i16 %add_ln58_603, i16 %add_ln58_597" [firmware/nnet_utils/nnet_dense_latency.h:58]   --->   Operation 1030 'add' 'add_ln58_604' <Predicate = true> <Delay = 0.67> <CoreInst = "TAddSub">   --->   Core 10 'TAddSub' <Latency = 0> <II = 1> <Delay = 0.33> <IPBlock> <Opcode : '' 'add' 'sub'> <InPorts = 3> <OutPorts = 1> <Sync> <CReg>
ST_1 : Operation 1031 [1/1] (0.00ns) (grouped into TernaryAdder)   --->   "%add_ln58_605 = add i16 %mult_120, i16 %mult_142" [firmware/nnet_utils/nnet_dense_latency.h:58]   --->   Operation 1031 'add' 'add_ln58_605' <Predicate = true> <Delay = 0.00> <CoreInst = "TAddSub">   --->   Core 10 'TAddSub' <Latency = 0> <II = 1> <Delay = 0.33> <IPBlock> <Opcode : '' 'add' 'sub'> <InPorts = 3> <OutPorts = 1> <Sync> <CReg>
ST_1 : Operation 1032 [1/1] (0.67ns) (root node of TernaryAdder)   --->   "%add_ln58_606 = add i16 %add_ln58_605, i16 %sext_ln58_143" [firmware/nnet_utils/nnet_dense_latency.h:58]   --->   Operation 1032 'add' 'add_ln58_606' <Predicate = true> <Delay = 0.67> <CoreInst = "TAddSub">   --->   Core 10 'TAddSub' <Latency = 0> <II = 1> <Delay = 0.33> <IPBlock> <Opcode : '' 'add' 'sub'> <InPorts = 3> <OutPorts = 1> <Sync> <CReg>
ST_1 : Operation 1033 [1/1] (0.00ns) (grouped into TernaryAdder)   --->   "%add_ln58_607 = add i16 %mult_180, i16 %sext_ln42_56" [firmware/nnet_utils/nnet_dense_latency.h:58]   --->   Operation 1033 'add' 'add_ln58_607' <Predicate = true> <Delay = 0.00> <CoreInst = "TAddSub">   --->   Core 10 'TAddSub' <Latency = 0> <II = 1> <Delay = 0.33> <IPBlock> <Opcode : '' 'add' 'sub'> <InPorts = 3> <OutPorts = 1> <Sync> <CReg>
ST_1 : Operation 1034 [1/1] (0.67ns) (root node of TernaryAdder)   --->   "%add_ln58_608 = add i16 %add_ln58_607, i16 %mult_165" [firmware/nnet_utils/nnet_dense_latency.h:58]   --->   Operation 1034 'add' 'add_ln58_608' <Predicate = true> <Delay = 0.67> <CoreInst = "TAddSub">   --->   Core 10 'TAddSub' <Latency = 0> <II = 1> <Delay = 0.33> <IPBlock> <Opcode : '' 'add' 'sub'> <InPorts = 3> <OutPorts = 1> <Sync> <CReg>
ST_1 : Operation 1035 [1/1] (0.00ns) (grouped into TernaryAdder)   --->   "%add_ln58_609 = add i16 %add_ln58_608, i16 %add_ln58_606" [firmware/nnet_utils/nnet_dense_latency.h:58]   --->   Operation 1035 'add' 'add_ln58_609' <Predicate = true> <Delay = 0.00> <CoreInst = "TAddSub">   --->   Core 10 'TAddSub' <Latency = 0> <II = 1> <Delay = 0.33> <IPBlock> <Opcode : '' 'add' 'sub'> <InPorts = 3> <OutPorts = 1> <Sync> <CReg>
ST_1 : Operation 1036 [1/1] (0.76ns)   --->   "%add_ln58_610 = add i15 %sext_ln17_79, i15 %sext_ln17_83" [firmware/nnet_utils/nnet_dense_latency.h:58]   --->   Operation 1036 'add' 'add_ln58_610' <Predicate = true> <Delay = 0.76> <CoreInst = "Adder">   --->   Core 1 'Adder' <Latency = 0> <II = 1> <Delay = 0.76> <FuncUnit> <Opcode : 'add' 'sub'> <InPorts = 2> <OutPorts = 1>
ST_1 : Operation 1037 [1/1] (0.00ns)   --->   "%sext_ln58_193 = sext i15 %add_ln58_610" [firmware/nnet_utils/nnet_dense_latency.h:58]   --->   Operation 1037 'sext' 'sext_ln58_193' <Predicate = true> <Delay = 0.00>
ST_1 : Operation 1038 [1/1] (0.00ns) (grouped into TernaryAdder)   --->   "%add_ln58_611 = add i16 %sext_ln58_193, i16 %sext_ln42_17" [firmware/nnet_utils/nnet_dense_latency.h:58]   --->   Operation 1038 'add' 'add_ln58_611' <Predicate = true> <Delay = 0.00> <CoreInst = "TAddSub">   --->   Core 10 'TAddSub' <Latency = 0> <II = 1> <Delay = 0.33> <IPBlock> <Opcode : '' 'add' 'sub'> <InPorts = 3> <OutPorts = 1> <Sync> <CReg>
ST_1 : Operation 1039 [1/1] (0.76ns)   --->   "%add_ln58_612 = add i15 %sext_ln17_99, i15 %sext_ln17_49" [firmware/nnet_utils/nnet_dense_latency.h:58]   --->   Operation 1039 'add' 'add_ln58_612' <Predicate = true> <Delay = 0.76> <CoreInst = "Adder">   --->   Core 1 'Adder' <Latency = 0> <II = 1> <Delay = 0.76> <FuncUnit> <Opcode : 'add' 'sub'> <InPorts = 2> <OutPorts = 1>
ST_1 : Operation 1040 [1/1] (0.00ns)   --->   "%sext_ln58_194 = sext i15 %add_ln58_612" [firmware/nnet_utils/nnet_dense_latency.h:58]   --->   Operation 1040 'sext' 'sext_ln58_194' <Predicate = true> <Delay = 0.00>
ST_1 : Operation 1041 [1/1] (0.75ns)   --->   "%add_ln58_613 = add i14 %sext_ln17_61, i14 %sext_ln17_90" [firmware/nnet_utils/nnet_dense_latency.h:58]   --->   Operation 1041 'add' 'add_ln58_613' <Predicate = true> <Delay = 0.75> <CoreInst = "Adder">   --->   Core 1 'Adder' <Latency = 0> <II = 1> <Delay = 0.75> <FuncUnit> <Opcode : 'add' 'sub'> <InPorts = 2> <OutPorts = 1>
ST_1 : Operation 1042 [1/1] (0.00ns)   --->   "%sext_ln58_195 = sext i14 %add_ln58_613" [firmware/nnet_utils/nnet_dense_latency.h:58]   --->   Operation 1042 'sext' 'sext_ln58_195' <Predicate = true> <Delay = 0.00>
ST_1 : Operation 1043 [1/1] (0.77ns)   --->   "%add_ln58_614 = add i16 %sext_ln58_195, i16 %sext_ln58_194" [firmware/nnet_utils/nnet_dense_latency.h:58]   --->   Operation 1043 'add' 'add_ln58_614' <Predicate = true> <Delay = 0.77> <CoreInst = "Adder">   --->   Core 1 'Adder' <Latency = 0> <II = 1> <Delay = 0.77> <FuncUnit> <Opcode : 'add' 'sub'> <InPorts = 2> <OutPorts = 1>
ST_1 : Operation 1044 [1/1] (0.67ns) (root node of TernaryAdder)   --->   "%add_ln58_615 = add i16 %add_ln58_614, i16 %add_ln58_611" [firmware/nnet_utils/nnet_dense_latency.h:58]   --->   Operation 1044 'add' 'add_ln58_615' <Predicate = true> <Delay = 0.67> <CoreInst = "TAddSub">   --->   Core 10 'TAddSub' <Latency = 0> <II = 1> <Delay = 0.33> <IPBlock> <Opcode : '' 'add' 'sub'> <InPorts = 3> <OutPorts = 1> <Sync> <CReg>
ST_1 : Operation 1045 [1/1] (0.67ns) (root node of TernaryAdder)   --->   "%add_ln58_616 = add i16 %add_ln58_615, i16 %add_ln58_609" [firmware/nnet_utils/nnet_dense_latency.h:58]   --->   Operation 1045 'add' 'add_ln58_616' <Predicate = true> <Delay = 0.67> <CoreInst = "TAddSub">   --->   Core 10 'TAddSub' <Latency = 0> <II = 1> <Delay = 0.33> <IPBlock> <Opcode : '' 'add' 'sub'> <InPorts = 3> <OutPorts = 1> <Sync> <CReg>
ST_1 : Operation 1046 [1/1] (0.00ns) (grouped into TernaryAdder)   --->   "%add_ln58_617 = add i16 %sext_ln58, i16 %mult_104" [firmware/nnet_utils/nnet_dense_latency.h:58]   --->   Operation 1046 'add' 'add_ln58_617' <Predicate = true> <Delay = 0.00> <CoreInst = "TAddSub">   --->   Core 10 'TAddSub' <Latency = 0> <II = 1> <Delay = 0.33> <IPBlock> <Opcode : '' 'add' 'sub'> <InPorts = 3> <OutPorts = 1> <Sync> <CReg>
ST_1 : Operation 1047 [1/1] (0.67ns) (root node of TernaryAdder)   --->   "%add_ln58_618 = add i16 %add_ln58_617, i16 %sext_ln42_10" [firmware/nnet_utils/nnet_dense_latency.h:58]   --->   Operation 1047 'add' 'add_ln58_618' <Predicate = true> <Delay = 0.67> <CoreInst = "TAddSub">   --->   Core 10 'TAddSub' <Latency = 0> <II = 1> <Delay = 0.33> <IPBlock> <Opcode : '' 'add' 'sub'> <InPorts = 3> <OutPorts = 1> <Sync> <CReg>
ST_1 : Operation 1048 [1/1] (0.00ns) (grouped into TernaryAdder)   --->   "%add_ln58_619 = add i16 %sext_ln42_15, i16 %sext_ln42_23" [firmware/nnet_utils/nnet_dense_latency.h:58]   --->   Operation 1048 'add' 'add_ln58_619' <Predicate = true> <Delay = 0.00> <CoreInst = "TAddSub">   --->   Core 10 'TAddSub' <Latency = 0> <II = 1> <Delay = 0.33> <IPBlock> <Opcode : '' 'add' 'sub'> <InPorts = 3> <OutPorts = 1> <Sync> <CReg>
ST_1 : Operation 1049 [1/1] (0.78ns)   --->   "%add_ln58_620 = add i16 %mult_151, i16 %mult_157" [firmware/nnet_utils/nnet_dense_latency.h:58]   --->   Operation 1049 'add' 'add_ln58_620' <Predicate = true> <Delay = 0.78> <CoreInst = "Adder">   --->   Core 1 'Adder' <Latency = 0> <II = 1> <Delay = 0.78> <FuncUnit> <Opcode : 'add' 'sub'> <InPorts = 2> <OutPorts = 1>
ST_1 : Operation 1050 [1/1] (0.67ns) (root node of TernaryAdder)   --->   "%add_ln58_621 = add i16 %add_ln58_620, i16 %add_ln58_619" [firmware/nnet_utils/nnet_dense_latency.h:58]   --->   Operation 1050 'add' 'add_ln58_621' <Predicate = true> <Delay = 0.67> <CoreInst = "TAddSub">   --->   Core 10 'TAddSub' <Latency = 0> <II = 1> <Delay = 0.33> <IPBlock> <Opcode : '' 'add' 'sub'> <InPorts = 3> <OutPorts = 1> <Sync> <CReg>
ST_1 : Operation 1051 [1/1] (0.00ns) (grouped into TernaryAdder)   --->   "%add_ln58_622 = add i16 %add_ln58_621, i16 %add_ln58_618" [firmware/nnet_utils/nnet_dense_latency.h:58]   --->   Operation 1051 'add' 'add_ln58_622' <Predicate = true> <Delay = 0.00> <CoreInst = "TAddSub">   --->   Core 10 'TAddSub' <Latency = 0> <II = 1> <Delay = 0.33> <IPBlock> <Opcode : '' 'add' 'sub'> <InPorts = 3> <OutPorts = 1> <Sync> <CReg>
ST_1 : Operation 1052 [1/1] (0.78ns)   --->   "%add_ln58_623 = add i16 %mult_169, i16 %mult_176" [firmware/nnet_utils/nnet_dense_latency.h:58]   --->   Operation 1052 'add' 'add_ln58_623' <Predicate = true> <Delay = 0.78> <CoreInst = "Adder">   --->   Core 1 'Adder' <Latency = 0> <II = 1> <Delay = 0.78> <FuncUnit> <Opcode : 'add' 'sub'> <InPorts = 2> <OutPorts = 1>
ST_1 : Operation 1053 [1/1] (0.00ns) (grouped into TernaryAdder)   --->   "%add_ln58_624 = add i16 %add_ln58_623, i16 %mult_160" [firmware/nnet_utils/nnet_dense_latency.h:58]   --->   Operation 1053 'add' 'add_ln58_624' <Predicate = true> <Delay = 0.00> <CoreInst = "TAddSub">   --->   Core 10 'TAddSub' <Latency = 0> <II = 1> <Delay = 0.33> <IPBlock> <Opcode : '' 'add' 'sub'> <InPorts = 3> <OutPorts = 1> <Sync> <CReg>
ST_1 : Operation 1054 [1/1] (0.00ns) (grouped into TernaryAdder)   --->   "%add_ln58_625 = add i16 %sext_ln42_53, i16 %sext_ln42_27" [firmware/nnet_utils/nnet_dense_latency.h:58]   --->   Operation 1054 'add' 'add_ln58_625' <Predicate = true> <Delay = 0.00> <CoreInst = "TAddSub">   --->   Core 10 'TAddSub' <Latency = 0> <II = 1> <Delay = 0.33> <IPBlock> <Opcode : '' 'add' 'sub'> <InPorts = 3> <OutPorts = 1> <Sync> <CReg>
ST_1 : Operation 1055 [1/1] (0.76ns)   --->   "%add_ln58_626 = add i15 %sext_ln17_102, i15 %sext_ln17_69" [firmware/nnet_utils/nnet_dense_latency.h:58]   --->   Operation 1055 'add' 'add_ln58_626' <Predicate = true> <Delay = 0.76> <CoreInst = "Adder">   --->   Core 1 'Adder' <Latency = 0> <II = 1> <Delay = 0.76> <FuncUnit> <Opcode : 'add' 'sub'> <InPorts = 2> <OutPorts = 1>
ST_1 : Operation 1056 [1/1] (0.00ns)   --->   "%sext_ln58_196 = sext i15 %add_ln58_626" [firmware/nnet_utils/nnet_dense_latency.h:58]   --->   Operation 1056 'sext' 'sext_ln58_196' <Predicate = true> <Delay = 0.00>
ST_1 : Operation 1057 [1/1] (0.67ns) (root node of TernaryAdder)   --->   "%add_ln58_627 = add i16 %sext_ln58_196, i16 %add_ln58_625" [firmware/nnet_utils/nnet_dense_latency.h:58]   --->   Operation 1057 'add' 'add_ln58_627' <Predicate = true> <Delay = 0.67> <CoreInst = "TAddSub">   --->   Core 10 'TAddSub' <Latency = 0> <II = 1> <Delay = 0.33> <IPBlock> <Opcode : '' 'add' 'sub'> <InPorts = 3> <OutPorts = 1> <Sync> <CReg>
ST_1 : Operation 1058 [1/1] (0.67ns) (root node of TernaryAdder)   --->   "%add_ln58_628 = add i16 %add_ln58_627, i16 %add_ln58_624" [firmware/nnet_utils/nnet_dense_latency.h:58]   --->   Operation 1058 'add' 'add_ln58_628' <Predicate = true> <Delay = 0.67> <CoreInst = "TAddSub">   --->   Core 10 'TAddSub' <Latency = 0> <II = 1> <Delay = 0.33> <IPBlock> <Opcode : '' 'add' 'sub'> <InPorts = 3> <OutPorts = 1> <Sync> <CReg>
ST_1 : Operation 1059 [1/1] (0.67ns) (root node of TernaryAdder)   --->   "%add_ln58_629 = add i16 %add_ln58_628, i16 %add_ln58_622" [firmware/nnet_utils/nnet_dense_latency.h:58]   --->   Operation 1059 'add' 'add_ln58_629' <Predicate = true> <Delay = 0.67> <CoreInst = "TAddSub">   --->   Core 10 'TAddSub' <Latency = 0> <II = 1> <Delay = 0.33> <IPBlock> <Opcode : '' 'add' 'sub'> <InPorts = 3> <OutPorts = 1> <Sync> <CReg>
ST_1 : Operation 1060 [1/1] (0.77ns)   --->   "%add_ln58_630 = add i16 %sext_ln42_21, i16 %sext_ln42_23" [firmware/nnet_utils/nnet_dense_latency.h:58]   --->   Operation 1060 'add' 'add_ln58_630' <Predicate = true> <Delay = 0.77> <CoreInst = "Adder">   --->   Core 1 'Adder' <Latency = 0> <II = 1> <Delay = 0.77> <FuncUnit> <Opcode : 'add' 'sub'> <InPorts = 2> <OutPorts = 1>
ST_1 : Operation 1061 [1/1] (0.76ns)   --->   "%add_ln58_631 = add i15 %sext_ln17_80, i15 %sext_ln17_55" [firmware/nnet_utils/nnet_dense_latency.h:58]   --->   Operation 1061 'add' 'add_ln58_631' <Predicate = true> <Delay = 0.76> <CoreInst = "Adder">   --->   Core 1 'Adder' <Latency = 0> <II = 1> <Delay = 0.76> <FuncUnit> <Opcode : 'add' 'sub'> <InPorts = 2> <OutPorts = 1>
ST_1 : Operation 1062 [1/1] (0.00ns)   --->   "%sext_ln58_248 = sext i15 %add_ln58_631" [firmware/nnet_utils/nnet_dense_latency.h:58]   --->   Operation 1062 'sext' 'sext_ln58_248' <Predicate = true> <Delay = 0.00>
ST_1 : Operation 1063 [1/1] (0.77ns)   --->   "%add_ln58_632 = add i16 %sext_ln58_248, i16 %sext_ln42_36" [firmware/nnet_utils/nnet_dense_latency.h:58]   --->   Operation 1063 'add' 'add_ln58_632' <Predicate = true> <Delay = 0.77> <CoreInst = "Adder">   --->   Core 1 'Adder' <Latency = 0> <II = 1> <Delay = 0.77> <FuncUnit> <Opcode : 'add' 'sub'> <InPorts = 2> <OutPorts = 1>
ST_1 : Operation 1064 [1/1] (0.00ns) (grouped into TernaryAdder)   --->   "%add_ln58_633 = add i16 %add_ln58_632, i16 %add_ln58_630" [firmware/nnet_utils/nnet_dense_latency.h:58]   --->   Operation 1064 'add' 'add_ln58_633' <Predicate = true> <Delay = 0.00> <CoreInst = "TAddSub">   --->   Core 10 'TAddSub' <Latency = 0> <II = 1> <Delay = 0.33> <IPBlock> <Opcode : '' 'add' 'sub'> <InPorts = 3> <OutPorts = 1> <Sync> <CReg>
ST_1 : Operation 1065 [1/1] (0.75ns)   --->   "%add_ln58_634 = add i14 %sext_ln17_41, i14 %sext_ln17_46" [firmware/nnet_utils/nnet_dense_latency.h:58]   --->   Operation 1065 'add' 'add_ln58_634' <Predicate = true> <Delay = 0.75> <CoreInst = "Adder">   --->   Core 1 'Adder' <Latency = 0> <II = 1> <Delay = 0.75> <FuncUnit> <Opcode : 'add' 'sub'> <InPorts = 2> <OutPorts = 1>
ST_1 : Operation 1066 [1/1] (0.00ns)   --->   "%sext_ln58_197 = sext i14 %add_ln58_634" [firmware/nnet_utils/nnet_dense_latency.h:58]   --->   Operation 1066 'sext' 'sext_ln58_197' <Predicate = true> <Delay = 0.00>
ST_1 : Operation 1067 [1/1] (0.75ns)   --->   "%add_ln58_635 = add i14 %sext_ln17_100, i14 384" [firmware/nnet_utils/nnet_dense_latency.h:58]   --->   Operation 1067 'add' 'add_ln58_635' <Predicate = true> <Delay = 0.75> <CoreInst = "Adder">   --->   Core 1 'Adder' <Latency = 0> <II = 1> <Delay = 0.75> <FuncUnit> <Opcode : 'add' 'sub'> <InPorts = 2> <OutPorts = 1>
ST_1 : Operation 1068 [1/1] (0.00ns)   --->   "%sext_ln58_198 = sext i14 %add_ln58_635" [firmware/nnet_utils/nnet_dense_latency.h:58]   --->   Operation 1068 'sext' 'sext_ln58_198' <Predicate = true> <Delay = 0.00>
ST_1 : Operation 1069 [1/1] (0.76ns)   --->   "%add_ln58_636 = add i15 %sext_ln58_198, i15 %sext_ln17_64" [firmware/nnet_utils/nnet_dense_latency.h:58]   --->   Operation 1069 'add' 'add_ln58_636' <Predicate = true> <Delay = 0.76> <CoreInst = "Adder">   --->   Core 1 'Adder' <Latency = 0> <II = 1> <Delay = 0.76> <FuncUnit> <Opcode : 'add' 'sub'> <InPorts = 2> <OutPorts = 1>
ST_1 : Operation 1070 [1/1] (0.00ns)   --->   "%sext_ln58_199 = sext i15 %add_ln58_636" [firmware/nnet_utils/nnet_dense_latency.h:58]   --->   Operation 1070 'sext' 'sext_ln58_199' <Predicate = true> <Delay = 0.00>
ST_1 : Operation 1071 [1/1] (0.77ns)   --->   "%add_ln58_637 = add i16 %sext_ln58_199, i16 %sext_ln58_197" [firmware/nnet_utils/nnet_dense_latency.h:58]   --->   Operation 1071 'add' 'add_ln58_637' <Predicate = true> <Delay = 0.77> <CoreInst = "Adder">   --->   Core 1 'Adder' <Latency = 0> <II = 1> <Delay = 0.77> <FuncUnit> <Opcode : 'add' 'sub'> <InPorts = 2> <OutPorts = 1>
ST_1 : Operation 1072 [1/1] (0.67ns) (root node of TernaryAdder)   --->   "%add_ln58_638 = add i16 %add_ln58_637, i16 %add_ln58_633" [firmware/nnet_utils/nnet_dense_latency.h:58]   --->   Operation 1072 'add' 'add_ln58_638' <Predicate = true> <Delay = 0.67> <CoreInst = "TAddSub">   --->   Core 10 'TAddSub' <Latency = 0> <II = 1> <Delay = 0.33> <IPBlock> <Opcode : '' 'add' 'sub'> <InPorts = 3> <OutPorts = 1> <Sync> <CReg>
ST_1 : Operation 1073 [1/1] (0.00ns) (grouped into TernaryAdder)   --->   "%add_ln58_639 = add i16 %sext_ln42_15, i16 %mult_133" [firmware/nnet_utils/nnet_dense_latency.h:58]   --->   Operation 1073 'add' 'add_ln58_639' <Predicate = true> <Delay = 0.00> <CoreInst = "TAddSub">   --->   Core 10 'TAddSub' <Latency = 0> <II = 1> <Delay = 0.33> <IPBlock> <Opcode : '' 'add' 'sub'> <InPorts = 3> <OutPorts = 1> <Sync> <CReg>
ST_1 : Operation 1074 [1/1] (0.67ns) (root node of TernaryAdder)   --->   "%add_ln58_640 = add i16 %add_ln58_639, i16 %mult_99" [firmware/nnet_utils/nnet_dense_latency.h:58]   --->   Operation 1074 'add' 'add_ln58_640' <Predicate = true> <Delay = 0.67> <CoreInst = "TAddSub">   --->   Core 10 'TAddSub' <Latency = 0> <II = 1> <Delay = 0.33> <IPBlock> <Opcode : '' 'add' 'sub'> <InPorts = 3> <OutPorts = 1> <Sync> <CReg>
ST_1 : Operation 1075 [1/1] (0.00ns) (grouped into TernaryAdder)   --->   "%add_ln58_641 = add i16 %sext_ln42_57, i16 %sext_ln42_41" [firmware/nnet_utils/nnet_dense_latency.h:58]   --->   Operation 1075 'add' 'add_ln58_641' <Predicate = true> <Delay = 0.00> <CoreInst = "TAddSub">   --->   Core 10 'TAddSub' <Latency = 0> <II = 1> <Delay = 0.33> <IPBlock> <Opcode : '' 'add' 'sub'> <InPorts = 3> <OutPorts = 1> <Sync> <CReg>
ST_1 : Operation 1076 [1/1] (0.67ns) (root node of TernaryAdder)   --->   "%add_ln58_642 = add i16 %add_ln58_641, i16 %sext_ln42_46" [firmware/nnet_utils/nnet_dense_latency.h:58]   --->   Operation 1076 'add' 'add_ln58_642' <Predicate = true> <Delay = 0.67> <CoreInst = "TAddSub">   --->   Core 10 'TAddSub' <Latency = 0> <II = 1> <Delay = 0.33> <IPBlock> <Opcode : '' 'add' 'sub'> <InPorts = 3> <OutPorts = 1> <Sync> <CReg>
ST_1 : Operation 1077 [1/1] (0.00ns) (grouped into TernaryAdder)   --->   "%add_ln58_643 = add i16 %add_ln58_642, i16 %add_ln58_640" [firmware/nnet_utils/nnet_dense_latency.h:58]   --->   Operation 1077 'add' 'add_ln58_643' <Predicate = true> <Delay = 0.00> <CoreInst = "TAddSub">   --->   Core 10 'TAddSub' <Latency = 0> <II = 1> <Delay = 0.33> <IPBlock> <Opcode : '' 'add' 'sub'> <InPorts = 3> <OutPorts = 1> <Sync> <CReg>
ST_1 : Operation 1078 [1/1] (0.75ns)   --->   "%add_ln58_644 = add i14 %sext_ln17_46, i14 %sext_ln17_58" [firmware/nnet_utils/nnet_dense_latency.h:58]   --->   Operation 1078 'add' 'add_ln58_644' <Predicate = true> <Delay = 0.75> <CoreInst = "Adder">   --->   Core 1 'Adder' <Latency = 0> <II = 1> <Delay = 0.75> <FuncUnit> <Opcode : 'add' 'sub'> <InPorts = 2> <OutPorts = 1>
ST_1 : Operation 1079 [1/1] (0.00ns)   --->   "%sext_ln58_200 = sext i14 %add_ln58_644" [firmware/nnet_utils/nnet_dense_latency.h:58]   --->   Operation 1079 'sext' 'sext_ln58_200' <Predicate = true> <Delay = 0.00>
ST_1 : Operation 1080 [1/1] (0.76ns)   --->   "%add_ln58_645 = add i15 %sext_ln58_200, i15 %sext_ln17_95" [firmware/nnet_utils/nnet_dense_latency.h:58]   --->   Operation 1080 'add' 'add_ln58_645' <Predicate = true> <Delay = 0.76> <CoreInst = "Adder">   --->   Core 1 'Adder' <Latency = 0> <II = 1> <Delay = 0.76> <FuncUnit> <Opcode : 'add' 'sub'> <InPorts = 2> <OutPorts = 1>
ST_1 : Operation 1081 [1/1] (0.00ns)   --->   "%sext_ln58_201 = sext i15 %add_ln58_645" [firmware/nnet_utils/nnet_dense_latency.h:58]   --->   Operation 1081 'sext' 'sext_ln58_201' <Predicate = true> <Delay = 0.00>
ST_1 : Operation 1082 [1/1] (0.75ns)   --->   "%add_ln58_646 = add i14 %sext_ln17_90, i14 128" [firmware/nnet_utils/nnet_dense_latency.h:58]   --->   Operation 1082 'add' 'add_ln58_646' <Predicate = true> <Delay = 0.75> <CoreInst = "Adder">   --->   Core 1 'Adder' <Latency = 0> <II = 1> <Delay = 0.75> <FuncUnit> <Opcode : 'add' 'sub'> <InPorts = 2> <OutPorts = 1>
ST_1 : Operation 1083 [1/1] (0.00ns)   --->   "%sext_ln58_202 = sext i14 %add_ln58_646" [firmware/nnet_utils/nnet_dense_latency.h:58]   --->   Operation 1083 'sext' 'sext_ln58_202' <Predicate = true> <Delay = 0.00>
ST_1 : Operation 1084 [1/1] (0.76ns)   --->   "%add_ln58_647 = add i15 %sext_ln58_202, i15 %sext_ln17_73" [firmware/nnet_utils/nnet_dense_latency.h:58]   --->   Operation 1084 'add' 'add_ln58_647' <Predicate = true> <Delay = 0.76> <CoreInst = "Adder">   --->   Core 1 'Adder' <Latency = 0> <II = 1> <Delay = 0.76> <FuncUnit> <Opcode : 'add' 'sub'> <InPorts = 2> <OutPorts = 1>
ST_1 : Operation 1085 [1/1] (0.00ns)   --->   "%sext_ln58_203 = sext i15 %add_ln58_647" [firmware/nnet_utils/nnet_dense_latency.h:58]   --->   Operation 1085 'sext' 'sext_ln58_203' <Predicate = true> <Delay = 0.00>
ST_1 : Operation 1086 [1/1] (0.77ns)   --->   "%add_ln58_648 = add i16 %sext_ln58_203, i16 %sext_ln58_201" [firmware/nnet_utils/nnet_dense_latency.h:58]   --->   Operation 1086 'add' 'add_ln58_648' <Predicate = true> <Delay = 0.77> <CoreInst = "Adder">   --->   Core 1 'Adder' <Latency = 0> <II = 1> <Delay = 0.77> <FuncUnit> <Opcode : 'add' 'sub'> <InPorts = 2> <OutPorts = 1>
ST_1 : Operation 1087 [1/1] (0.67ns) (root node of TernaryAdder)   --->   "%add_ln58_649 = add i16 %add_ln58_648, i16 %add_ln58_643" [firmware/nnet_utils/nnet_dense_latency.h:58]   --->   Operation 1087 'add' 'add_ln58_649' <Predicate = true> <Delay = 0.67> <CoreInst = "TAddSub">   --->   Core 10 'TAddSub' <Latency = 0> <II = 1> <Delay = 0.33> <IPBlock> <Opcode : '' 'add' 'sub'> <InPorts = 3> <OutPorts = 1> <Sync> <CReg>
ST_1 : Operation 1088 [1/1] (0.77ns)   --->   "%add_ln58_650 = add i16 %sext_ln58_143, i16 %sext_ln42_24" [firmware/nnet_utils/nnet_dense_latency.h:58]   --->   Operation 1088 'add' 'add_ln58_650' <Predicate = true> <Delay = 0.77> <CoreInst = "Adder">   --->   Core 1 'Adder' <Latency = 0> <II = 1> <Delay = 0.77> <FuncUnit> <Opcode : 'add' 'sub'> <InPorts = 2> <OutPorts = 1>
ST_1 : Operation 1089 [1/1] (0.00ns) (grouped into TernaryAdder)   --->   "%add_ln58_651 = add i16 %add_ln58_650, i16 %sext_ln42_19" [firmware/nnet_utils/nnet_dense_latency.h:58]   --->   Operation 1089 'add' 'add_ln58_651' <Predicate = true> <Delay = 0.00> <CoreInst = "TAddSub">   --->   Core 10 'TAddSub' <Latency = 0> <II = 1> <Delay = 0.33> <IPBlock> <Opcode : '' 'add' 'sub'> <InPorts = 3> <OutPorts = 1> <Sync> <CReg>
ST_1 : Operation 1090 [1/1] (0.76ns)   --->   "%add_ln58_652 = add i15 %sext_ln17_78, i15 %sext_ln17_64" [firmware/nnet_utils/nnet_dense_latency.h:58]   --->   Operation 1090 'add' 'add_ln58_652' <Predicate = true> <Delay = 0.76> <CoreInst = "Adder">   --->   Core 1 'Adder' <Latency = 0> <II = 1> <Delay = 0.76> <FuncUnit> <Opcode : 'add' 'sub'> <InPorts = 2> <OutPorts = 1>
ST_1 : Operation 1091 [1/1] (0.00ns)   --->   "%sext_ln58_249 = sext i15 %add_ln58_652" [firmware/nnet_utils/nnet_dense_latency.h:58]   --->   Operation 1091 'sext' 'sext_ln58_249' <Predicate = true> <Delay = 0.00>
ST_1 : Operation 1092 [1/1] (0.75ns)   --->   "%add_ln58_653 = add i14 %sext_ln17_70, i14 %sext_ln17_100" [firmware/nnet_utils/nnet_dense_latency.h:58]   --->   Operation 1092 'add' 'add_ln58_653' <Predicate = true> <Delay = 0.75> <CoreInst = "Adder">   --->   Core 1 'Adder' <Latency = 0> <II = 1> <Delay = 0.75> <FuncUnit> <Opcode : 'add' 'sub'> <InPorts = 2> <OutPorts = 1>
ST_1 : Operation 1093 [1/1] (0.00ns)   --->   "%sext_ln58_204 = sext i14 %add_ln58_653" [firmware/nnet_utils/nnet_dense_latency.h:58]   --->   Operation 1093 'sext' 'sext_ln58_204' <Predicate = true> <Delay = 0.00>
ST_1 : Operation 1094 [1/1] (0.77ns)   --->   "%add_ln58_654 = add i16 %sext_ln58_204, i16 %sext_ln58_249" [firmware/nnet_utils/nnet_dense_latency.h:58]   --->   Operation 1094 'add' 'add_ln58_654' <Predicate = true> <Delay = 0.77> <CoreInst = "Adder">   --->   Core 1 'Adder' <Latency = 0> <II = 1> <Delay = 0.77> <FuncUnit> <Opcode : 'add' 'sub'> <InPorts = 2> <OutPorts = 1>
ST_1 : Operation 1095 [1/1] (0.67ns) (root node of TernaryAdder)   --->   "%add_ln58_655 = add i16 %add_ln58_654, i16 %add_ln58_651" [firmware/nnet_utils/nnet_dense_latency.h:58]   --->   Operation 1095 'add' 'add_ln58_655' <Predicate = true> <Delay = 0.67> <CoreInst = "TAddSub">   --->   Core 10 'TAddSub' <Latency = 0> <II = 1> <Delay = 0.33> <IPBlock> <Opcode : '' 'add' 'sub'> <InPorts = 3> <OutPorts = 1> <Sync> <CReg>
ST_1 : Operation 1096 [1/1] (0.00ns) (grouped into TernaryAdder)   --->   "%add_ln58_656 = add i16 %mult_139, i16 %sext_ln42_39" [firmware/nnet_utils/nnet_dense_latency.h:58]   --->   Operation 1096 'add' 'add_ln58_656' <Predicate = true> <Delay = 0.00> <CoreInst = "TAddSub">   --->   Core 10 'TAddSub' <Latency = 0> <II = 1> <Delay = 0.33> <IPBlock> <Opcode : '' 'add' 'sub'> <InPorts = 3> <OutPorts = 1> <Sync> <CReg>
ST_1 : Operation 1097 [1/1] (0.78ns)   --->   "%add_ln58_657 = add i16 %mult_163, i16 %sext_ln42_51" [firmware/nnet_utils/nnet_dense_latency.h:58]   --->   Operation 1097 'add' 'add_ln58_657' <Predicate = true> <Delay = 0.78> <CoreInst = "Adder">   --->   Core 1 'Adder' <Latency = 0> <II = 1> <Delay = 0.78> <FuncUnit> <Opcode : 'add' 'sub'> <InPorts = 2> <OutPorts = 1>
ST_1 : Operation 1098 [1/1] (0.67ns) (root node of TernaryAdder)   --->   "%add_ln58_658 = add i16 %add_ln58_657, i16 %add_ln58_656" [firmware/nnet_utils/nnet_dense_latency.h:58]   --->   Operation 1098 'add' 'add_ln58_658' <Predicate = true> <Delay = 0.67> <CoreInst = "TAddSub">   --->   Core 10 'TAddSub' <Latency = 0> <II = 1> <Delay = 0.33> <IPBlock> <Opcode : '' 'add' 'sub'> <InPorts = 3> <OutPorts = 1> <Sync> <CReg>
ST_1 : Operation 1099 [1/1] (0.00ns) (grouped into TernaryAdder)   --->   "%add_ln58_659 = add i16 %add_ln58_658, i16 %add_ln58_366" [firmware/nnet_utils/nnet_dense_latency.h:58]   --->   Operation 1099 'add' 'add_ln58_659' <Predicate = true> <Delay = 0.00> <CoreInst = "TAddSub">   --->   Core 10 'TAddSub' <Latency = 0> <II = 1> <Delay = 0.33> <IPBlock> <Opcode : '' 'add' 'sub'> <InPorts = 3> <OutPorts = 1> <Sync> <CReg>
ST_1 : Operation 1100 [1/1] (0.00ns) (grouped into TernaryAdder)   --->   "%add_ln58_660 = add i16 %sext_ln58_194, i16 %sext_ln42_18" [firmware/nnet_utils/nnet_dense_latency.h:58]   --->   Operation 1100 'add' 'add_ln58_660' <Predicate = true> <Delay = 0.00> <CoreInst = "TAddSub">   --->   Core 10 'TAddSub' <Latency = 0> <II = 1> <Delay = 0.33> <IPBlock> <Opcode : '' 'add' 'sub'> <InPorts = 3> <OutPorts = 1> <Sync> <CReg>
ST_1 : Operation 1101 [1/1] (0.00ns)   --->   "%sext_ln58_205 = sext i14 %add_ln58_228" [firmware/nnet_utils/nnet_dense_latency.h:58]   --->   Operation 1101 'sext' 'sext_ln58_205' <Predicate = true> <Delay = 0.00>
ST_1 : Operation 1102 [1/1] (0.75ns)   --->   "%add_ln58_661 = add i14 %sext_ln17_100, i14 768" [firmware/nnet_utils/nnet_dense_latency.h:58]   --->   Operation 1102 'add' 'add_ln58_661' <Predicate = true> <Delay = 0.75> <CoreInst = "Adder">   --->   Core 1 'Adder' <Latency = 0> <II = 1> <Delay = 0.75> <FuncUnit> <Opcode : 'add' 'sub'> <InPorts = 2> <OutPorts = 1>
ST_1 : Operation 1103 [1/1] (0.00ns)   --->   "%sext_ln58_206 = sext i14 %add_ln58_661" [firmware/nnet_utils/nnet_dense_latency.h:58]   --->   Operation 1103 'sext' 'sext_ln58_206' <Predicate = true> <Delay = 0.00>
ST_1 : Operation 1104 [1/1] (0.76ns)   --->   "%add_ln58_662 = add i15 %sext_ln58_206, i15 %sext_ln58_205" [firmware/nnet_utils/nnet_dense_latency.h:58]   --->   Operation 1104 'add' 'add_ln58_662' <Predicate = true> <Delay = 0.76> <CoreInst = "Adder">   --->   Core 1 'Adder' <Latency = 0> <II = 1> <Delay = 0.76> <FuncUnit> <Opcode : 'add' 'sub'> <InPorts = 2> <OutPorts = 1>
ST_1 : Operation 1105 [1/1] (0.00ns)   --->   "%sext_ln58_207 = sext i15 %add_ln58_662" [firmware/nnet_utils/nnet_dense_latency.h:58]   --->   Operation 1105 'sext' 'sext_ln58_207' <Predicate = true> <Delay = 0.00>
ST_1 : Operation 1106 [1/1] (0.67ns) (root node of TernaryAdder)   --->   "%add_ln58_663 = add i16 %sext_ln58_207, i16 %add_ln58_660" [firmware/nnet_utils/nnet_dense_latency.h:58]   --->   Operation 1106 'add' 'add_ln58_663' <Predicate = true> <Delay = 0.67> <CoreInst = "TAddSub">   --->   Core 10 'TAddSub' <Latency = 0> <II = 1> <Delay = 0.33> <IPBlock> <Opcode : '' 'add' 'sub'> <InPorts = 3> <OutPorts = 1> <Sync> <CReg>
ST_1 : Operation 1107 [1/1] (0.67ns) (root node of TernaryAdder)   --->   "%add_ln58_664 = add i16 %add_ln58_663, i16 %add_ln58_659" [firmware/nnet_utils/nnet_dense_latency.h:58]   --->   Operation 1107 'add' 'add_ln58_664' <Predicate = true> <Delay = 0.67> <CoreInst = "TAddSub">   --->   Core 10 'TAddSub' <Latency = 0> <II = 1> <Delay = 0.33> <IPBlock> <Opcode : '' 'add' 'sub'> <InPorts = 3> <OutPorts = 1> <Sync> <CReg>
ST_1 : Operation 1108 [1/1] (0.77ns)   --->   "%add_ln58_665 = add i16 %sext_ln58_79, i16 %sext_ln42_23" [firmware/nnet_utils/nnet_dense_latency.h:58]   --->   Operation 1108 'add' 'add_ln58_665' <Predicate = true> <Delay = 0.77> <CoreInst = "Adder">   --->   Core 1 'Adder' <Latency = 0> <II = 1> <Delay = 0.77> <FuncUnit> <Opcode : 'add' 'sub'> <InPorts = 2> <OutPorts = 1>
ST_1 : Operation 1109 [1/1] (0.76ns)   --->   "%add_ln58_666 = add i15 %sext_ln17_86, i15 %sext_ln17_92" [firmware/nnet_utils/nnet_dense_latency.h:58]   --->   Operation 1109 'add' 'add_ln58_666' <Predicate = true> <Delay = 0.76> <CoreInst = "Adder">   --->   Core 1 'Adder' <Latency = 0> <II = 1> <Delay = 0.76> <FuncUnit> <Opcode : 'add' 'sub'> <InPorts = 2> <OutPorts = 1>
ST_1 : Operation 1110 [1/1] (0.00ns)   --->   "%sext_ln58_250 = sext i15 %add_ln58_666" [firmware/nnet_utils/nnet_dense_latency.h:58]   --->   Operation 1110 'sext' 'sext_ln58_250' <Predicate = true> <Delay = 0.00>
ST_1 : Operation 1111 [1/1] (0.77ns)   --->   "%add_ln58_667 = add i16 %sext_ln58_250, i16 %sext_ln42_36" [firmware/nnet_utils/nnet_dense_latency.h:58]   --->   Operation 1111 'add' 'add_ln58_667' <Predicate = true> <Delay = 0.77> <CoreInst = "Adder">   --->   Core 1 'Adder' <Latency = 0> <II = 1> <Delay = 0.77> <FuncUnit> <Opcode : 'add' 'sub'> <InPorts = 2> <OutPorts = 1>
ST_1 : Operation 1112 [1/1] (0.00ns) (grouped into TernaryAdder)   --->   "%add_ln58_668 = add i16 %add_ln58_667, i16 %add_ln58_665" [firmware/nnet_utils/nnet_dense_latency.h:58]   --->   Operation 1112 'add' 'add_ln58_668' <Predicate = true> <Delay = 0.00> <CoreInst = "TAddSub">   --->   Core 10 'TAddSub' <Latency = 0> <II = 1> <Delay = 0.33> <IPBlock> <Opcode : '' 'add' 'sub'> <InPorts = 3> <OutPorts = 1> <Sync> <CReg>
ST_1 : Operation 1113 [1/1] (0.00ns) (grouped into TernaryAdder)   --->   "%add_ln58_669 = add i16 %sext_ln42_55, i16 %sext_ln42_57" [firmware/nnet_utils/nnet_dense_latency.h:58]   --->   Operation 1113 'add' 'add_ln58_669' <Predicate = true> <Delay = 0.00> <CoreInst = "TAddSub">   --->   Core 10 'TAddSub' <Latency = 0> <II = 1> <Delay = 0.33> <IPBlock> <Opcode : '' 'add' 'sub'> <InPorts = 3> <OutPorts = 1> <Sync> <CReg>
ST_1 : Operation 1114 [1/1] (0.76ns)   --->   "%add_ln58_670 = add i15 %sext_ln58_137, i15 %sext_ln17_52" [firmware/nnet_utils/nnet_dense_latency.h:58]   --->   Operation 1114 'add' 'add_ln58_670' <Predicate = true> <Delay = 0.76> <CoreInst = "Adder">   --->   Core 1 'Adder' <Latency = 0> <II = 1> <Delay = 0.76> <FuncUnit> <Opcode : 'add' 'sub'> <InPorts = 2> <OutPorts = 1>
ST_1 : Operation 1115 [1/1] (0.00ns)   --->   "%sext_ln58_208 = sext i15 %add_ln58_670" [firmware/nnet_utils/nnet_dense_latency.h:58]   --->   Operation 1115 'sext' 'sext_ln58_208' <Predicate = true> <Delay = 0.00>
ST_1 : Operation 1116 [1/1] (0.67ns) (root node of TernaryAdder)   --->   "%add_ln58_671 = add i16 %sext_ln58_208, i16 %add_ln58_669" [firmware/nnet_utils/nnet_dense_latency.h:58]   --->   Operation 1116 'add' 'add_ln58_671' <Predicate = true> <Delay = 0.67> <CoreInst = "TAddSub">   --->   Core 10 'TAddSub' <Latency = 0> <II = 1> <Delay = 0.33> <IPBlock> <Opcode : '' 'add' 'sub'> <InPorts = 3> <OutPorts = 1> <Sync> <CReg>
ST_1 : Operation 1117 [1/1] (0.67ns) (root node of TernaryAdder)   --->   "%add_ln58_672 = add i16 %add_ln58_671, i16 %add_ln58_668" [firmware/nnet_utils/nnet_dense_latency.h:58]   --->   Operation 1117 'add' 'add_ln58_672' <Predicate = true> <Delay = 0.67> <CoreInst = "TAddSub">   --->   Core 10 'TAddSub' <Latency = 0> <II = 1> <Delay = 0.33> <IPBlock> <Opcode : '' 'add' 'sub'> <InPorts = 3> <OutPorts = 1> <Sync> <CReg>
ST_1 : Operation 1118 [1/1] (0.77ns)   --->   "%add_ln58_673 = add i16 %sext_ln42_13, i16 %sext_ln42_16" [firmware/nnet_utils/nnet_dense_latency.h:58]   --->   Operation 1118 'add' 'add_ln58_673' <Predicate = true> <Delay = 0.77> <CoreInst = "Adder">   --->   Core 1 'Adder' <Latency = 0> <II = 1> <Delay = 0.77> <FuncUnit> <Opcode : 'add' 'sub'> <InPorts = 2> <OutPorts = 1>
ST_1 : Operation 1119 [1/1] (0.00ns) (grouped into TernaryAdder)   --->   "%add_ln58_674 = add i16 %mult_130, i16 %mult_139" [firmware/nnet_utils/nnet_dense_latency.h:58]   --->   Operation 1119 'add' 'add_ln58_674' <Predicate = true> <Delay = 0.00> <CoreInst = "TAddSub">   --->   Core 10 'TAddSub' <Latency = 0> <II = 1> <Delay = 0.33> <IPBlock> <Opcode : '' 'add' 'sub'> <InPorts = 3> <OutPorts = 1> <Sync> <CReg>
ST_1 : Operation 1120 [1/1] (0.67ns) (root node of TernaryAdder)   --->   "%add_ln58_675 = add i16 %add_ln58_674, i16 %sext_ln42_23" [firmware/nnet_utils/nnet_dense_latency.h:58]   --->   Operation 1120 'add' 'add_ln58_675' <Predicate = true> <Delay = 0.67> <CoreInst = "TAddSub">   --->   Core 10 'TAddSub' <Latency = 0> <II = 1> <Delay = 0.33> <IPBlock> <Opcode : '' 'add' 'sub'> <InPorts = 3> <OutPorts = 1> <Sync> <CReg>
ST_1 : Operation 1121 [1/1] (0.00ns) (grouped into TernaryAdder)   --->   "%add_ln58_676 = add i16 %add_ln58_675, i16 %add_ln58_673" [firmware/nnet_utils/nnet_dense_latency.h:58]   --->   Operation 1121 'add' 'add_ln58_676' <Predicate = true> <Delay = 0.00> <CoreInst = "TAddSub">   --->   Core 10 'TAddSub' <Latency = 0> <II = 1> <Delay = 0.33> <IPBlock> <Opcode : '' 'add' 'sub'> <InPorts = 3> <OutPorts = 1> <Sync> <CReg>
ST_1 : Operation 1122 [1/1] (0.76ns)   --->   "%add_ln58_677 = add i15 %sext_ln17_78, i15 %sext_ln17_101" [firmware/nnet_utils/nnet_dense_latency.h:58]   --->   Operation 1122 'add' 'add_ln58_677' <Predicate = true> <Delay = 0.76> <CoreInst = "Adder">   --->   Core 1 'Adder' <Latency = 0> <II = 1> <Delay = 0.76> <FuncUnit> <Opcode : 'add' 'sub'> <InPorts = 2> <OutPorts = 1>
ST_1 : Operation 1123 [1/1] (0.00ns)   --->   "%sext_ln58_251 = sext i15 %add_ln58_677" [firmware/nnet_utils/nnet_dense_latency.h:58]   --->   Operation 1123 'sext' 'sext_ln58_251' <Predicate = true> <Delay = 0.00>
ST_1 : Operation 1124 [1/1] (0.00ns) (grouped into TernaryAdder)   --->   "%add_ln58_678 = add i16 %sext_ln58_251, i16 %sext_ln42_36" [firmware/nnet_utils/nnet_dense_latency.h:58]   --->   Operation 1124 'add' 'add_ln58_678' <Predicate = true> <Delay = 0.00> <CoreInst = "TAddSub">   --->   Core 10 'TAddSub' <Latency = 0> <II = 1> <Delay = 0.33> <IPBlock> <Opcode : '' 'add' 'sub'> <InPorts = 3> <OutPorts = 1> <Sync> <CReg>
ST_1 : Operation 1125 [1/1] (0.75ns)   --->   "%add_ln58_679 = add i14 %sext_ln17_58, i14 %sext_ln17_90" [firmware/nnet_utils/nnet_dense_latency.h:58]   --->   Operation 1125 'add' 'add_ln58_679' <Predicate = true> <Delay = 0.75> <CoreInst = "Adder">   --->   Core 1 'Adder' <Latency = 0> <II = 1> <Delay = 0.75> <FuncUnit> <Opcode : 'add' 'sub'> <InPorts = 2> <OutPorts = 1>
ST_1 : Operation 1126 [1/1] (0.00ns)   --->   "%sext_ln58_209 = sext i14 %add_ln58_679" [firmware/nnet_utils/nnet_dense_latency.h:58]   --->   Operation 1126 'sext' 'sext_ln58_209' <Predicate = true> <Delay = 0.00>
ST_1 : Operation 1127 [1/1] (0.77ns)   --->   "%add_ln58_680 = add i16 %sext_ln58_209, i16 %sext_ln42_10" [firmware/nnet_utils/nnet_dense_latency.h:58]   --->   Operation 1127 'add' 'add_ln58_680' <Predicate = true> <Delay = 0.77> <CoreInst = "Adder">   --->   Core 1 'Adder' <Latency = 0> <II = 1> <Delay = 0.77> <FuncUnit> <Opcode : 'add' 'sub'> <InPorts = 2> <OutPorts = 1>
ST_1 : Operation 1128 [1/1] (0.67ns) (root node of TernaryAdder)   --->   "%add_ln58_681 = add i16 %add_ln58_680, i16 %add_ln58_678" [firmware/nnet_utils/nnet_dense_latency.h:58]   --->   Operation 1128 'add' 'add_ln58_681' <Predicate = true> <Delay = 0.67> <CoreInst = "TAddSub">   --->   Core 10 'TAddSub' <Latency = 0> <II = 1> <Delay = 0.33> <IPBlock> <Opcode : '' 'add' 'sub'> <InPorts = 3> <OutPorts = 1> <Sync> <CReg>
ST_1 : Operation 1129 [1/1] (0.67ns) (root node of TernaryAdder)   --->   "%add_ln58_682 = add i16 %add_ln58_681, i16 %add_ln58_676" [firmware/nnet_utils/nnet_dense_latency.h:58]   --->   Operation 1129 'add' 'add_ln58_682' <Predicate = true> <Delay = 0.67> <CoreInst = "TAddSub">   --->   Core 10 'TAddSub' <Latency = 0> <II = 1> <Delay = 0.33> <IPBlock> <Opcode : '' 'add' 'sub'> <InPorts = 3> <OutPorts = 1> <Sync> <CReg>
ST_1 : Operation 1130 [1/1] (0.00ns)   --->   "%mrv = insertvalue i928 <undef>, i16 %add_ln58_419" [firmware/nnet_utils/nnet_dense_latency.h:68]   --->   Operation 1130 'insertvalue' 'mrv' <Predicate = true> <Delay = 0.00>
ST_1 : Operation 1131 [1/1] (0.00ns)   --->   "%mrv_1 = insertvalue i928 %mrv, i16 %add_ln58_283" [firmware/nnet_utils/nnet_dense_latency.h:68]   --->   Operation 1131 'insertvalue' 'mrv_1' <Predicate = true> <Delay = 0.00>
ST_1 : Operation 1132 [1/1] (0.00ns)   --->   "%mrv_2 = insertvalue i928 %mrv_1, i16 %add_ln58_427" [firmware/nnet_utils/nnet_dense_latency.h:68]   --->   Operation 1132 'insertvalue' 'mrv_2' <Predicate = true> <Delay = 0.00>
ST_1 : Operation 1133 [1/1] (0.00ns)   --->   "%mrv_3 = insertvalue i928 %mrv_2, i16 %add_ln58_294" [firmware/nnet_utils/nnet_dense_latency.h:68]   --->   Operation 1133 'insertvalue' 'mrv_3' <Predicate = true> <Delay = 0.00>
ST_1 : Operation 1134 [1/1] (0.00ns)   --->   "%mrv_4 = insertvalue i928 %mrv_3, i16 %add_ln58_436" [firmware/nnet_utils/nnet_dense_latency.h:68]   --->   Operation 1134 'insertvalue' 'mrv_4' <Predicate = true> <Delay = 0.00>
ST_1 : Operation 1135 [1/1] (0.00ns)   --->   "%mrv_5 = insertvalue i928 %mrv_4, i16 %add_ln58_303" [firmware/nnet_utils/nnet_dense_latency.h:68]   --->   Operation 1135 'insertvalue' 'mrv_5' <Predicate = true> <Delay = 0.00>
ST_1 : Operation 1136 [1/1] (0.00ns)   --->   "%mrv_6 = insertvalue i928 %mrv_5, i16 %add_ln58_312" [firmware/nnet_utils/nnet_dense_latency.h:68]   --->   Operation 1136 'insertvalue' 'mrv_6' <Predicate = true> <Delay = 0.00>
ST_1 : Operation 1137 [1/1] (0.00ns)   --->   "%mrv_7 = insertvalue i928 %mrv_6, i16 %add_ln58_445" [firmware/nnet_utils/nnet_dense_latency.h:68]   --->   Operation 1137 'insertvalue' 'mrv_7' <Predicate = true> <Delay = 0.00>
ST_1 : Operation 1138 [1/1] (0.00ns)   --->   "%mrv_8 = insertvalue i928 %mrv_7, i16 %add_ln58_457" [firmware/nnet_utils/nnet_dense_latency.h:68]   --->   Operation 1138 'insertvalue' 'mrv_8' <Predicate = true> <Delay = 0.00>
ST_1 : Operation 1139 [1/1] (0.00ns)   --->   "%mrv_9 = insertvalue i928 %mrv_8, i16 %add_ln58_321" [firmware/nnet_utils/nnet_dense_latency.h:68]   --->   Operation 1139 'insertvalue' 'mrv_9' <Predicate = true> <Delay = 0.00>
ST_1 : Operation 1140 [1/1] (0.00ns)   --->   "%mrv_10 = insertvalue i928 %mrv_9, i16 %add_ln58_461" [firmware/nnet_utils/nnet_dense_latency.h:68]   --->   Operation 1140 'insertvalue' 'mrv_10' <Predicate = true> <Delay = 0.00>
ST_1 : Operation 1141 [1/1] (0.00ns)   --->   "%mrv_11 = insertvalue i928 %mrv_10, i16 %add_ln58_199" [firmware/nnet_utils/nnet_dense_latency.h:68]   --->   Operation 1141 'insertvalue' 'mrv_11' <Predicate = true> <Delay = 0.00>
ST_1 : Operation 1142 [1/1] (0.00ns)   --->   "%mrv_12 = insertvalue i928 %mrv_11, i16 %add_ln58_472" [firmware/nnet_utils/nnet_dense_latency.h:68]   --->   Operation 1142 'insertvalue' 'mrv_12' <Predicate = true> <Delay = 0.00>
ST_1 : Operation 1143 [1/1] (0.00ns)   --->   "%mrv_13 = insertvalue i928 %mrv_12, i16 %add_ln58_484" [firmware/nnet_utils/nnet_dense_latency.h:68]   --->   Operation 1143 'insertvalue' 'mrv_13' <Predicate = true> <Delay = 0.00>
ST_1 : Operation 1144 [1/1] (0.00ns)   --->   "%mrv_14 = insertvalue i928 %mrv_13, i16 %add_ln58_330" [firmware/nnet_utils/nnet_dense_latency.h:68]   --->   Operation 1144 'insertvalue' 'mrv_14' <Predicate = true> <Delay = 0.00>
ST_1 : Operation 1145 [1/1] (0.00ns)   --->   "%mrv_15 = insertvalue i928 %mrv_14, i16 %add_ln58_208" [firmware/nnet_utils/nnet_dense_latency.h:68]   --->   Operation 1145 'insertvalue' 'mrv_15' <Predicate = true> <Delay = 0.00>
ST_1 : Operation 1146 [1/1] (0.00ns)   --->   "%mrv_16 = insertvalue i928 %mrv_15, i16 %add_ln58_497" [firmware/nnet_utils/nnet_dense_latency.h:68]   --->   Operation 1146 'insertvalue' 'mrv_16' <Predicate = true> <Delay = 0.00>
ST_1 : Operation 1147 [1/1] (0.00ns)   --->   "%mrv_17 = insertvalue i928 %mrv_16, i16 %add_ln58_342" [firmware/nnet_utils/nnet_dense_latency.h:68]   --->   Operation 1147 'insertvalue' 'mrv_17' <Predicate = true> <Delay = 0.00>
ST_1 : Operation 1148 [1/1] (0.00ns)   --->   "%mrv_18 = insertvalue i928 %mrv_17, i16 %add_ln58_210" [firmware/nnet_utils/nnet_dense_latency.h:68]   --->   Operation 1148 'insertvalue' 'mrv_18' <Predicate = true> <Delay = 0.00>
ST_1 : Operation 1149 [1/1] (0.00ns)   --->   "%mrv_19 = insertvalue i928 %mrv_18, i16 %add_ln58_507" [firmware/nnet_utils/nnet_dense_latency.h:68]   --->   Operation 1149 'insertvalue' 'mrv_19' <Predicate = true> <Delay = 0.00>
ST_1 : Operation 1150 [1/1] (0.00ns)   --->   "%mrv_20 = insertvalue i928 %mrv_19, i16 %add_ln58_515" [firmware/nnet_utils/nnet_dense_latency.h:68]   --->   Operation 1150 'insertvalue' 'mrv_20' <Predicate = true> <Delay = 0.00>
ST_1 : Operation 1151 [1/1] (0.00ns)   --->   "%mrv_21 = insertvalue i928 %mrv_20, i16 %add_ln58_525" [firmware/nnet_utils/nnet_dense_latency.h:68]   --->   Operation 1151 'insertvalue' 'mrv_21' <Predicate = true> <Delay = 0.00>
ST_1 : Operation 1152 [1/1] (0.00ns)   --->   "%mrv_22 = insertvalue i928 %mrv_21, i16 %add_ln58_353" [firmware/nnet_utils/nnet_dense_latency.h:68]   --->   Operation 1152 'insertvalue' 'mrv_22' <Predicate = true> <Delay = 0.00>
ST_1 : Operation 1153 [1/1] (0.00ns)   --->   "%mrv_23 = insertvalue i928 %mrv_22, i16 %add_ln58_539" [firmware/nnet_utils/nnet_dense_latency.h:68]   --->   Operation 1153 'insertvalue' 'mrv_23' <Predicate = true> <Delay = 0.00>
ST_1 : Operation 1154 [1/1] (0.00ns)   --->   "%mrv_24 = insertvalue i928 %mrv_23, i16 %add_ln58_552" [firmware/nnet_utils/nnet_dense_latency.h:68]   --->   Operation 1154 'insertvalue' 'mrv_24' <Predicate = true> <Delay = 0.00>
ST_1 : Operation 1155 [1/1] (0.00ns)   --->   "%mrv_25 = insertvalue i928 %mrv_24, i16 %add_ln58_364" [firmware/nnet_utils/nnet_dense_latency.h:68]   --->   Operation 1155 'insertvalue' 'mrv_25' <Predicate = true> <Delay = 0.00>
ST_1 : Operation 1156 [1/1] (0.00ns)   --->   "%mrv_26 = insertvalue i928 %mrv_25, i16 %add_ln58_556" [firmware/nnet_utils/nnet_dense_latency.h:68]   --->   Operation 1156 'insertvalue' 'mrv_26' <Predicate = true> <Delay = 0.00>
ST_1 : Operation 1157 [1/1] (0.00ns)   --->   "%mrv_27 = insertvalue i928 %mrv_26, i16 %add_ln58_238" [firmware/nnet_utils/nnet_dense_latency.h:68]   --->   Operation 1157 'insertvalue' 'mrv_27' <Predicate = true> <Delay = 0.00>
ST_1 : Operation 1158 [1/1] (0.00ns)   --->   "%mrv_28 = insertvalue i928 %mrv_27, i16 %add_ln58_561" [firmware/nnet_utils/nnet_dense_latency.h:68]   --->   Operation 1158 'insertvalue' 'mrv_28' <Predicate = true> <Delay = 0.00>
ST_1 : Operation 1159 [1/1] (0.00ns)   --->   "%mrv_29 = insertvalue i928 %mrv_28, i16 %add_ln58_571" [firmware/nnet_utils/nnet_dense_latency.h:68]   --->   Operation 1159 'insertvalue' 'mrv_29' <Predicate = true> <Delay = 0.00>
ST_1 : Operation 1160 [1/1] (0.00ns)   --->   "%mrv_30 = insertvalue i928 %mrv_29, i16 %add_ln58_214" [firmware/nnet_utils/nnet_dense_latency.h:68]   --->   Operation 1160 'insertvalue' 'mrv_30' <Predicate = true> <Delay = 0.00>
ST_1 : Operation 1161 [1/1] (0.00ns)   --->   "%mrv_31 = insertvalue i928 %mrv_30, i16 %add_ln58_223" [firmware/nnet_utils/nnet_dense_latency.h:68]   --->   Operation 1161 'insertvalue' 'mrv_31' <Predicate = true> <Delay = 0.00>
ST_1 : Operation 1162 [1/1] (0.00ns)   --->   "%mrv_32 = insertvalue i928 %mrv_31, i16 %add_ln58_581" [firmware/nnet_utils/nnet_dense_latency.h:68]   --->   Operation 1162 'insertvalue' 'mrv_32' <Predicate = true> <Delay = 0.00>
ST_1 : Operation 1163 [1/1] (0.00ns)   --->   "%mrv_33 = insertvalue i928 %mrv_32, i16 %add_ln58_226" [firmware/nnet_utils/nnet_dense_latency.h:68]   --->   Operation 1163 'insertvalue' 'mrv_33' <Predicate = true> <Delay = 0.00>
ST_1 : Operation 1164 [1/1] (0.00ns)   --->   "%mrv_34 = insertvalue i928 %mrv_33, i16 %add_ln58_245" [firmware/nnet_utils/nnet_dense_latency.h:68]   --->   Operation 1164 'insertvalue' 'mrv_34' <Predicate = true> <Delay = 0.00>
ST_1 : Operation 1165 [1/1] (0.00ns)   --->   "%mrv_35 = insertvalue i928 %mrv_34, i16 %add_ln58_591" [firmware/nnet_utils/nnet_dense_latency.h:68]   --->   Operation 1165 'insertvalue' 'mrv_35' <Predicate = true> <Delay = 0.00>
ST_1 : Operation 1166 [1/1] (0.00ns)   --->   "%mrv_36 = insertvalue i928 %mrv_35, i16 %add_ln58_604" [firmware/nnet_utils/nnet_dense_latency.h:68]   --->   Operation 1166 'insertvalue' 'mrv_36' <Predicate = true> <Delay = 0.00>
ST_1 : Operation 1167 [1/1] (0.00ns)   --->   "%mrv_37 = insertvalue i928 %mrv_36, i16 %add_ln58_616" [firmware/nnet_utils/nnet_dense_latency.h:68]   --->   Operation 1167 'insertvalue' 'mrv_37' <Predicate = true> <Delay = 0.00>
ST_1 : Operation 1168 [1/1] (0.00ns)   --->   "%mrv_38 = insertvalue i928 %mrv_37, i16 %add_ln58_203" [firmware/nnet_utils/nnet_dense_latency.h:68]   --->   Operation 1168 'insertvalue' 'mrv_38' <Predicate = true> <Delay = 0.00>
ST_1 : Operation 1169 [1/1] (0.00ns)   --->   "%mrv_39 = insertvalue i928 %mrv_38, i16 %add_ln58_629" [firmware/nnet_utils/nnet_dense_latency.h:68]   --->   Operation 1169 'insertvalue' 'mrv_39' <Predicate = true> <Delay = 0.00>
ST_1 : Operation 1170 [1/1] (0.00ns)   --->   "%mrv_40 = insertvalue i928 %mrv_39, i16 %add_ln58_253" [firmware/nnet_utils/nnet_dense_latency.h:68]   --->   Operation 1170 'insertvalue' 'mrv_40' <Predicate = true> <Delay = 0.00>
ST_1 : Operation 1171 [1/1] (0.00ns)   --->   "%mrv_41 = insertvalue i928 %mrv_40, i16 %add_ln58_182" [firmware/nnet_utils/nnet_dense_latency.h:68]   --->   Operation 1171 'insertvalue' 'mrv_41' <Predicate = true> <Delay = 0.00>
ST_1 : Operation 1172 [1/1] (0.00ns)   --->   "%mrv_42 = insertvalue i928 %mrv_41, i16 %add_ln58_374" [firmware/nnet_utils/nnet_dense_latency.h:68]   --->   Operation 1172 'insertvalue' 'mrv_42' <Predicate = true> <Delay = 0.00>
ST_1 : Operation 1173 [1/1] (0.00ns)   --->   "%mrv_43 = insertvalue i928 %mrv_42, i16 %add_ln58_378" [firmware/nnet_utils/nnet_dense_latency.h:68]   --->   Operation 1173 'insertvalue' 'mrv_43' <Predicate = true> <Delay = 0.00>
ST_1 : Operation 1174 [1/1] (0.00ns)   --->   "%mrv_44 = insertvalue i928 %mrv_43, i16 %add_ln58_638" [firmware/nnet_utils/nnet_dense_latency.h:68]   --->   Operation 1174 'insertvalue' 'mrv_44' <Predicate = true> <Delay = 0.00>
ST_1 : Operation 1175 [1/1] (0.00ns)   --->   "%mrv_45 = insertvalue i928 %mrv_44, i16 %add_ln58_387" [firmware/nnet_utils/nnet_dense_latency.h:68]   --->   Operation 1175 'insertvalue' 'mrv_45' <Predicate = true> <Delay = 0.00>
ST_1 : Operation 1176 [1/1] (0.00ns)   --->   "%mrv_46 = insertvalue i928 %mrv_45, i16 %add_ln58_649" [firmware/nnet_utils/nnet_dense_latency.h:68]   --->   Operation 1176 'insertvalue' 'mrv_46' <Predicate = true> <Delay = 0.00>
ST_1 : Operation 1177 [1/1] (0.00ns)   --->   "%mrv_47 = insertvalue i928 %mrv_46, i16 %add_ln58_655" [firmware/nnet_utils/nnet_dense_latency.h:68]   --->   Operation 1177 'insertvalue' 'mrv_47' <Predicate = true> <Delay = 0.00>
ST_1 : Operation 1178 [1/1] (0.00ns)   --->   "%mrv_48 = insertvalue i928 %mrv_47, i16 %add_ln58_393" [firmware/nnet_utils/nnet_dense_latency.h:68]   --->   Operation 1178 'insertvalue' 'mrv_48' <Predicate = true> <Delay = 0.00>
ST_1 : Operation 1179 [1/1] (0.00ns)   --->   "%mrv_49 = insertvalue i928 %mrv_48, i16 %add_ln58_664" [firmware/nnet_utils/nnet_dense_latency.h:68]   --->   Operation 1179 'insertvalue' 'mrv_49' <Predicate = true> <Delay = 0.00>
ST_1 : Operation 1180 [1/1] (0.00ns)   --->   "%mrv_50 = insertvalue i928 %mrv_49, i16 %add_ln58_672" [firmware/nnet_utils/nnet_dense_latency.h:68]   --->   Operation 1180 'insertvalue' 'mrv_50' <Predicate = true> <Delay = 0.00>
ST_1 : Operation 1181 [1/1] (0.00ns)   --->   "%mrv_51 = insertvalue i928 %mrv_50, i16 %add_ln58_181" [firmware/nnet_utils/nnet_dense_latency.h:68]   --->   Operation 1181 'insertvalue' 'mrv_51' <Predicate = true> <Delay = 0.00>
ST_1 : Operation 1182 [1/1] (0.00ns)   --->   "%mrv_52 = insertvalue i928 %mrv_51, i16 %add_ln58_261" [firmware/nnet_utils/nnet_dense_latency.h:68]   --->   Operation 1182 'insertvalue' 'mrv_52' <Predicate = true> <Delay = 0.00>
ST_1 : Operation 1183 [1/1] (0.00ns)   --->   "%mrv_53 = insertvalue i928 %mrv_52, i16 %add_ln58_682" [firmware/nnet_utils/nnet_dense_latency.h:68]   --->   Operation 1183 'insertvalue' 'mrv_53' <Predicate = true> <Delay = 0.00>
ST_1 : Operation 1184 [1/1] (0.00ns)   --->   "%mrv_54 = insertvalue i928 %mrv_53, i16 %add_ln58_187" [firmware/nnet_utils/nnet_dense_latency.h:68]   --->   Operation 1184 'insertvalue' 'mrv_54' <Predicate = true> <Delay = 0.00>
ST_1 : Operation 1185 [1/1] (0.00ns)   --->   "%mrv_55 = insertvalue i928 %mrv_54, i16 %add_ln58_274" [firmware/nnet_utils/nnet_dense_latency.h:68]   --->   Operation 1185 'insertvalue' 'mrv_55' <Predicate = true> <Delay = 0.00>
ST_1 : Operation 1186 [1/1] (0.00ns)   --->   "%mrv_56 = insertvalue i928 %mrv_55, i16 %add_ln58_229" [firmware/nnet_utils/nnet_dense_latency.h:68]   --->   Operation 1186 'insertvalue' 'mrv_56' <Predicate = true> <Delay = 0.00>
ST_1 : Operation 1187 [1/1] (0.00ns)   --->   "%mrv_s = insertvalue i928 %mrv_56, i16 %add_ln58_405" [firmware/nnet_utils/nnet_dense_latency.h:68]   --->   Operation 1187 'insertvalue' 'mrv_s' <Predicate = true> <Delay = 0.00>
ST_1 : Operation 1188 [1/1] (0.00ns)   --->   "%ret_ln68 = ret i928 %mrv_s" [firmware/nnet_utils/nnet_dense_latency.h:68]   --->   Operation 1188 'ret' 'ret_ln68' <Predicate = true> <Delay = 0.00>


============================================================
+ Verbose Summary: Timing violations
============================================================
Target clock period: 5.000ns, clock uncertainty: 0.625ns.

 <State 1>: 3.735ns
The critical path consists of the following:
	wire read operation ('data_val_read') on port 'data_val' [4]  (0.000 ns)
	'sub' operation 19 bit ('sub_ln73_145', firmware/nnet_utils/nnet_mult.h:73->firmware/nnet_utils/nnet_dense_latency.h:42) [347]  (0.797 ns)
	'sub' operation 19 bit ('sub_ln42_7', firmware/nnet_utils/nnet_dense_latency.h:42) [349]  (0.803 ns)
	'add' operation 16 bit ('add_ln58_623', firmware/nnet_utils/nnet_dense_latency.h:58) [1052]  (0.785 ns)
	'add' operation 16 bit ('add_ln58_624', firmware/nnet_utils/nnet_dense_latency.h:58) [1053]  (0.000 ns)
	'add' operation 16 bit ('add_ln58_628', firmware/nnet_utils/nnet_dense_latency.h:58) [1058]  (0.675 ns)
	'add' operation 16 bit ('add_ln58_629', firmware/nnet_utils/nnet_dense_latency.h:58) [1059]  (0.675 ns)


============================================================
+ Verbose Summary: Binding
============================================================
N/A
* FSMD analyzer results:
  - Output states:
 - Input state : 
  - Chain level:
	State 1


============================================================
+ Verbose Summary: Datapath Resource usage 
============================================================
N/A
