

================================================================
== Vitis HLS Report for 'myproject'
================================================================
* Date:           Mon Oct 20 15:01:56 2025

* Version:        2024.1 (Build 5069499 on May 21 2024)
* Project:        myproject_prj
* Solution:       solution1 (Vivado IP Flow Target)
* Product family: zynq
* Target device:  xc7z020-clg400-1


================================================================
== Performance Estimates
================================================================
+ Timing: 
    * Summary: 
    +--------+---------+----------+------------+
    |  Clock |  Target | Estimated| Uncertainty|
    +--------+---------+----------+------------+
    |ap_clk  |  5.00 ns|  4.154 ns|     0.62 ns|
    +--------+---------+----------+------------+

+ Latency: 
    * Summary: 
    +---------+---------+----------+----------+-----+-----+---------+
    |  Latency (cycles) |  Latency (absolute) |  Interval | Pipeline|
    |   min   |   max   |    min   |    max   | min | max |   Type  |
    +---------+---------+----------+----------+-----+-----+---------+
    |       30|       30|  0.150 us|  0.150 us|    1|    1|      yes|
    +---------+---------+----------+----------+-----+-----+---------+

    + Detail: 
        * Instance: 
        N/A

        * Loop: 
        N/A

============================================================
+ Verbose Summary: Synthesis Manager
============================================================
InlineROM: 1
ExposeGlobal: 0
============================================================
+ Verbose Summary: CDFG Model
============================================================
IsTopModel: 1
ResetActiveHigh: 1
IsCombinational: 0
IsDatapathOnly: 0
HasWiredReturn: 1
HasMFsm: 2
HasVarLatency: 0
IsPipeline: 1
IsRtlPipelined: 1
IsInstanceOverlapped: 0
IsDontTouch: 0
HasImplIP: 0
IsGatedGlobalClock: 0

+ Individual pipeline summary: 
  * Pipeline-0: initiation interval (II) = 1, depth = 31


============================================================
+ Verbose Summary: Schedule
============================================================
* Number of FSM states : 31
* Pipeline : 1
  Pipeline-0 : II = 1, D = 31, States = { 1 2 3 4 5 6 7 8 9 10 11 12 13 14 15 16 17 18 19 20 21 22 23 24 25 26 27 28 29 30 31 }
* Dataflow Pipeline: 0

* FSM state transitions: 
1 --> 2 
2 --> 3 
3 --> 4 
4 --> 5 
5 --> 6 
6 --> 7 
7 --> 8 
8 --> 9 
9 --> 10 
10 --> 11 
11 --> 12 
12 --> 13 
13 --> 14 
14 --> 15 
15 --> 16 
16 --> 17 
17 --> 18 
18 --> 19 
19 --> 20 
20 --> 21 
21 --> 22 
22 --> 23 
23 --> 24 
24 --> 25 
25 --> 26 
26 --> 27 
27 --> 28 
28 --> 29 
29 --> 30 
30 --> 31 
31 --> 

* FSM state operations: 

State 1 <SV = 0> <Delay = 4.15>
ST_1 : Operation 32 [1/1] (0.00ns)   --->   "%y_size_read = read i16 @_ssdm_op_Read.ap_vld.i16P0A, i16 %y_size"   --->   Operation 32 'read' 'y_size_read' <Predicate = true> <Delay = 0.00>
ST_1 : Operation 33 [1/1] (0.00ns)   --->   "%y_local_read = read i16 @_ssdm_op_Read.ap_vld.i16P0A, i16 %y_local"   --->   Operation 33 'read' 'y_local_read' <Predicate = true> <Delay = 0.00>
ST_1 : Operation 34 [1/1] (0.00ns)   --->   "%call_ret1 = call i32 @concatenate1d<ap_fixed,ap_fixed,ap_fixed<16,6,5,3,0>,config3>, i16 %y_size_read, i16 %y_local_read" [firmware/myproject.cpp:58]   --->   Operation 34 'call' 'call_ret1' <Predicate = true> <Delay = 0.00> <CoreType = "Generic">   --->   Core 0 '' <Latency = 0> <II = 1> <Delay = 1.00> <Generic> <Opcode : >
ST_1 : Operation 35 [1/1] (0.00ns)   --->   "%layer3_out = extractvalue i32 %call_ret1" [firmware/myproject.cpp:58]   --->   Operation 35 'extractvalue' 'layer3_out' <Predicate = true> <Delay = 0.00>
ST_1 : Operation 36 [1/1] (0.00ns)   --->   "%layer3_out_1 = extractvalue i32 %call_ret1" [firmware/myproject.cpp:58]   --->   Operation 36 'extractvalue' 'layer3_out_1' <Predicate = true> <Delay = 0.00>
ST_1 : Operation 37 [1/1] (4.15ns)   --->   "%call_ret2 = call i272 @dense_latency<ap_fixed<16, 6, 5, 3, 0>, ap_fixed<16, 6, 5, 3, 0>, config4>, i16 %layer3_out, i16 %layer3_out_1" [firmware/nnet_utils/nnet_dense.h:41->firmware/myproject.cpp:62]   --->   Operation 37 'call' 'call_ret2' <Predicate = true> <Delay = 4.15> <CoreType = "Generic">   --->   Core 0 '' <Latency = 0> <II = 1> <Delay = 1.00> <Generic> <Opcode : >
ST_1 : Operation 38 [1/1] (0.00ns)   --->   "%layer4_out = extractvalue i272 %call_ret2" [firmware/nnet_utils/nnet_dense.h:41->firmware/myproject.cpp:62]   --->   Operation 38 'extractvalue' 'layer4_out' <Predicate = true> <Delay = 0.00>
ST_1 : Operation 39 [1/1] (0.00ns)   --->   "%trunc_ln41 = trunc i16 %layer4_out" [firmware/nnet_utils/nnet_dense.h:41->firmware/myproject.cpp:62]   --->   Operation 39 'trunc' 'trunc_ln41' <Predicate = true> <Delay = 0.00>
ST_1 : Operation 40 [1/1] (0.00ns)   --->   "%layer4_out_1 = extractvalue i272 %call_ret2" [firmware/nnet_utils/nnet_dense.h:41->firmware/myproject.cpp:62]   --->   Operation 40 'extractvalue' 'layer4_out_1' <Predicate = true> <Delay = 0.00>
ST_1 : Operation 41 [1/1] (0.00ns)   --->   "%trunc_ln41_1 = trunc i16 %layer4_out_1" [firmware/nnet_utils/nnet_dense.h:41->firmware/myproject.cpp:62]   --->   Operation 41 'trunc' 'trunc_ln41_1' <Predicate = true> <Delay = 0.00>
ST_1 : Operation 42 [1/1] (0.00ns)   --->   "%layer4_out_2 = extractvalue i272 %call_ret2" [firmware/nnet_utils/nnet_dense.h:41->firmware/myproject.cpp:62]   --->   Operation 42 'extractvalue' 'layer4_out_2' <Predicate = true> <Delay = 0.00>
ST_1 : Operation 43 [1/1] (0.00ns)   --->   "%trunc_ln41_2 = trunc i16 %layer4_out_2" [firmware/nnet_utils/nnet_dense.h:41->firmware/myproject.cpp:62]   --->   Operation 43 'trunc' 'trunc_ln41_2' <Predicate = true> <Delay = 0.00>
ST_1 : Operation 44 [1/1] (0.00ns)   --->   "%layer4_out_3 = extractvalue i272 %call_ret2" [firmware/nnet_utils/nnet_dense.h:41->firmware/myproject.cpp:62]   --->   Operation 44 'extractvalue' 'layer4_out_3' <Predicate = true> <Delay = 0.00>
ST_1 : Operation 45 [1/1] (0.00ns)   --->   "%trunc_ln41_3 = trunc i16 %layer4_out_3" [firmware/nnet_utils/nnet_dense.h:41->firmware/myproject.cpp:62]   --->   Operation 45 'trunc' 'trunc_ln41_3' <Predicate = true> <Delay = 0.00>
ST_1 : Operation 46 [1/1] (0.00ns)   --->   "%layer4_out_4 = extractvalue i272 %call_ret2" [firmware/nnet_utils/nnet_dense.h:41->firmware/myproject.cpp:62]   --->   Operation 46 'extractvalue' 'layer4_out_4' <Predicate = true> <Delay = 0.00>
ST_1 : Operation 47 [1/1] (0.00ns)   --->   "%trunc_ln41_4 = trunc i16 %layer4_out_4" [firmware/nnet_utils/nnet_dense.h:41->firmware/myproject.cpp:62]   --->   Operation 47 'trunc' 'trunc_ln41_4' <Predicate = true> <Delay = 0.00>
ST_1 : Operation 48 [1/1] (0.00ns)   --->   "%layer4_out_5 = extractvalue i272 %call_ret2" [firmware/nnet_utils/nnet_dense.h:41->firmware/myproject.cpp:62]   --->   Operation 48 'extractvalue' 'layer4_out_5' <Predicate = true> <Delay = 0.00>
ST_1 : Operation 49 [1/1] (0.00ns)   --->   "%trunc_ln41_5 = trunc i16 %layer4_out_5" [firmware/nnet_utils/nnet_dense.h:41->firmware/myproject.cpp:62]   --->   Operation 49 'trunc' 'trunc_ln41_5' <Predicate = true> <Delay = 0.00>
ST_1 : Operation 50 [1/1] (0.00ns)   --->   "%layer4_out_6 = extractvalue i272 %call_ret2" [firmware/nnet_utils/nnet_dense.h:41->firmware/myproject.cpp:62]   --->   Operation 50 'extractvalue' 'layer4_out_6' <Predicate = true> <Delay = 0.00>
ST_1 : Operation 51 [1/1] (0.00ns)   --->   "%trunc_ln41_6 = trunc i16 %layer4_out_6" [firmware/nnet_utils/nnet_dense.h:41->firmware/myproject.cpp:62]   --->   Operation 51 'trunc' 'trunc_ln41_6' <Predicate = true> <Delay = 0.00>
ST_1 : Operation 52 [1/1] (0.00ns)   --->   "%layer4_out_7 = extractvalue i272 %call_ret2" [firmware/nnet_utils/nnet_dense.h:41->firmware/myproject.cpp:62]   --->   Operation 52 'extractvalue' 'layer4_out_7' <Predicate = true> <Delay = 0.00>
ST_1 : Operation 53 [1/1] (0.00ns)   --->   "%trunc_ln41_7 = trunc i16 %layer4_out_7" [firmware/nnet_utils/nnet_dense.h:41->firmware/myproject.cpp:62]   --->   Operation 53 'trunc' 'trunc_ln41_7' <Predicate = true> <Delay = 0.00>
ST_1 : Operation 54 [1/1] (0.00ns)   --->   "%layer4_out_8 = extractvalue i272 %call_ret2" [firmware/nnet_utils/nnet_dense.h:41->firmware/myproject.cpp:62]   --->   Operation 54 'extractvalue' 'layer4_out_8' <Predicate = true> <Delay = 0.00>
ST_1 : Operation 55 [1/1] (0.00ns)   --->   "%trunc_ln41_8 = trunc i16 %layer4_out_8" [firmware/nnet_utils/nnet_dense.h:41->firmware/myproject.cpp:62]   --->   Operation 55 'trunc' 'trunc_ln41_8' <Predicate = true> <Delay = 0.00>
ST_1 : Operation 56 [1/1] (0.00ns)   --->   "%layer4_out_9 = extractvalue i272 %call_ret2" [firmware/nnet_utils/nnet_dense.h:41->firmware/myproject.cpp:62]   --->   Operation 56 'extractvalue' 'layer4_out_9' <Predicate = true> <Delay = 0.00>
ST_1 : Operation 57 [1/1] (0.00ns)   --->   "%trunc_ln41_9 = trunc i16 %layer4_out_9" [firmware/nnet_utils/nnet_dense.h:41->firmware/myproject.cpp:62]   --->   Operation 57 'trunc' 'trunc_ln41_9' <Predicate = true> <Delay = 0.00>
ST_1 : Operation 58 [1/1] (0.00ns)   --->   "%layer4_out_10 = extractvalue i272 %call_ret2" [firmware/nnet_utils/nnet_dense.h:41->firmware/myproject.cpp:62]   --->   Operation 58 'extractvalue' 'layer4_out_10' <Predicate = true> <Delay = 0.00>
ST_1 : Operation 59 [1/1] (0.00ns)   --->   "%trunc_ln41_10 = trunc i16 %layer4_out_10" [firmware/nnet_utils/nnet_dense.h:41->firmware/myproject.cpp:62]   --->   Operation 59 'trunc' 'trunc_ln41_10' <Predicate = true> <Delay = 0.00>
ST_1 : Operation 60 [1/1] (0.00ns)   --->   "%layer4_out_11 = extractvalue i272 %call_ret2" [firmware/nnet_utils/nnet_dense.h:41->firmware/myproject.cpp:62]   --->   Operation 60 'extractvalue' 'layer4_out_11' <Predicate = true> <Delay = 0.00>
ST_1 : Operation 61 [1/1] (0.00ns)   --->   "%trunc_ln41_11 = trunc i16 %layer4_out_11" [firmware/nnet_utils/nnet_dense.h:41->firmware/myproject.cpp:62]   --->   Operation 61 'trunc' 'trunc_ln41_11' <Predicate = true> <Delay = 0.00>
ST_1 : Operation 62 [1/1] (0.00ns)   --->   "%layer4_out_12 = extractvalue i272 %call_ret2" [firmware/nnet_utils/nnet_dense.h:41->firmware/myproject.cpp:62]   --->   Operation 62 'extractvalue' 'layer4_out_12' <Predicate = true> <Delay = 0.00>
ST_1 : Operation 63 [1/1] (0.00ns)   --->   "%layer4_out_13 = extractvalue i272 %call_ret2" [firmware/nnet_utils/nnet_dense.h:41->firmware/myproject.cpp:62]   --->   Operation 63 'extractvalue' 'layer4_out_13' <Predicate = true> <Delay = 0.00>
ST_1 : Operation 64 [1/1] (0.00ns)   --->   "%trunc_ln41_12 = trunc i16 %layer4_out_13" [firmware/nnet_utils/nnet_dense.h:41->firmware/myproject.cpp:62]   --->   Operation 64 'trunc' 'trunc_ln41_12' <Predicate = true> <Delay = 0.00>
ST_1 : Operation 65 [1/1] (0.00ns)   --->   "%layer4_out_14 = extractvalue i272 %call_ret2" [firmware/nnet_utils/nnet_dense.h:41->firmware/myproject.cpp:62]   --->   Operation 65 'extractvalue' 'layer4_out_14' <Predicate = true> <Delay = 0.00>
ST_1 : Operation 66 [1/1] (0.00ns)   --->   "%trunc_ln41_13 = trunc i16 %layer4_out_14" [firmware/nnet_utils/nnet_dense.h:41->firmware/myproject.cpp:62]   --->   Operation 66 'trunc' 'trunc_ln41_13' <Predicate = true> <Delay = 0.00>
ST_1 : Operation 67 [1/1] (0.00ns)   --->   "%layer4_out_15 = extractvalue i272 %call_ret2" [firmware/nnet_utils/nnet_dense.h:41->firmware/myproject.cpp:62]   --->   Operation 67 'extractvalue' 'layer4_out_15' <Predicate = true> <Delay = 0.00>
ST_1 : Operation 68 [1/1] (0.00ns)   --->   "%layer4_out_16 = extractvalue i272 %call_ret2" [firmware/nnet_utils/nnet_dense.h:41->firmware/myproject.cpp:62]   --->   Operation 68 'extractvalue' 'layer4_out_16' <Predicate = true> <Delay = 0.00>
ST_1 : Operation 69 [1/1] (0.00ns)   --->   "%trunc_ln41_14 = trunc i16 %layer4_out_16" [firmware/nnet_utils/nnet_dense.h:41->firmware/myproject.cpp:62]   --->   Operation 69 'trunc' 'trunc_ln41_14' <Predicate = true> <Delay = 0.00>

State 2 <SV = 1> <Delay = 3.43>
ST_2 : Operation 70 [1/1] (0.00ns)   --->   "%call_ret3 = call i272 @normalize<ap_fixed<16, 6, 5, 3, 0>, ap_fixed<16, 6, 5, 3, 0>, config22>, i15 %trunc_ln41, i15 %trunc_ln41_1, i15 %trunc_ln41_2, i15 %trunc_ln41_3, i15 %trunc_ln41_4, i15 %trunc_ln41_5, i15 %trunc_ln41_6, i15 %trunc_ln41_7, i15 %trunc_ln41_8, i15 %trunc_ln41_9, i15 %trunc_ln41_10, i15 %trunc_ln41_11, i16 %layer4_out_12, i15 %trunc_ln41_12, i15 %trunc_ln41_13, i16 %layer4_out_15, i15 %trunc_ln41_14" [firmware/myproject.cpp:66]   --->   Operation 70 'call' 'call_ret3' <Predicate = true> <Delay = 0.00> <CoreType = "Generic">   --->   Core 0 '' <Latency = 0> <II = 1> <Delay = 1.00> <Generic> <Opcode : >
ST_2 : Operation 71 [1/1] (0.00ns)   --->   "%layer22_out = extractvalue i272 %call_ret3" [firmware/myproject.cpp:66]   --->   Operation 71 'extractvalue' 'layer22_out' <Predicate = true> <Delay = 0.00>
ST_2 : Operation 72 [1/1] (0.00ns)   --->   "%layer22_out_1 = extractvalue i272 %call_ret3" [firmware/myproject.cpp:66]   --->   Operation 72 'extractvalue' 'layer22_out_1' <Predicate = true> <Delay = 0.00>
ST_2 : Operation 73 [1/1] (0.00ns)   --->   "%layer22_out_2 = extractvalue i272 %call_ret3" [firmware/myproject.cpp:66]   --->   Operation 73 'extractvalue' 'layer22_out_2' <Predicate = true> <Delay = 0.00>
ST_2 : Operation 74 [1/1] (0.00ns)   --->   "%layer22_out_3 = extractvalue i272 %call_ret3" [firmware/myproject.cpp:66]   --->   Operation 74 'extractvalue' 'layer22_out_3' <Predicate = true> <Delay = 0.00>
ST_2 : Operation 75 [1/1] (0.00ns)   --->   "%layer22_out_4 = extractvalue i272 %call_ret3" [firmware/myproject.cpp:66]   --->   Operation 75 'extractvalue' 'layer22_out_4' <Predicate = true> <Delay = 0.00>
ST_2 : Operation 76 [1/1] (0.00ns)   --->   "%layer22_out_5 = extractvalue i272 %call_ret3" [firmware/myproject.cpp:66]   --->   Operation 76 'extractvalue' 'layer22_out_5' <Predicate = true> <Delay = 0.00>
ST_2 : Operation 77 [1/1] (0.00ns)   --->   "%layer22_out_6 = extractvalue i272 %call_ret3" [firmware/myproject.cpp:66]   --->   Operation 77 'extractvalue' 'layer22_out_6' <Predicate = true> <Delay = 0.00>
ST_2 : Operation 78 [1/1] (0.00ns)   --->   "%layer22_out_7 = extractvalue i272 %call_ret3" [firmware/myproject.cpp:66]   --->   Operation 78 'extractvalue' 'layer22_out_7' <Predicate = true> <Delay = 0.00>
ST_2 : Operation 79 [1/1] (0.00ns)   --->   "%layer22_out_8 = extractvalue i272 %call_ret3" [firmware/myproject.cpp:66]   --->   Operation 79 'extractvalue' 'layer22_out_8' <Predicate = true> <Delay = 0.00>
ST_2 : Operation 80 [1/1] (0.00ns)   --->   "%layer22_out_9 = extractvalue i272 %call_ret3" [firmware/myproject.cpp:66]   --->   Operation 80 'extractvalue' 'layer22_out_9' <Predicate = true> <Delay = 0.00>
ST_2 : Operation 81 [1/1] (0.00ns)   --->   "%layer22_out_10 = extractvalue i272 %call_ret3" [firmware/myproject.cpp:66]   --->   Operation 81 'extractvalue' 'layer22_out_10' <Predicate = true> <Delay = 0.00>
ST_2 : Operation 82 [1/1] (0.00ns)   --->   "%layer22_out_11 = extractvalue i272 %call_ret3" [firmware/myproject.cpp:66]   --->   Operation 82 'extractvalue' 'layer22_out_11' <Predicate = true> <Delay = 0.00>
ST_2 : Operation 83 [1/1] (0.00ns)   --->   "%layer22_out_12 = extractvalue i272 %call_ret3" [firmware/myproject.cpp:66]   --->   Operation 83 'extractvalue' 'layer22_out_12' <Predicate = true> <Delay = 0.00>
ST_2 : Operation 84 [1/1] (0.00ns)   --->   "%layer22_out_13 = extractvalue i272 %call_ret3" [firmware/myproject.cpp:66]   --->   Operation 84 'extractvalue' 'layer22_out_13' <Predicate = true> <Delay = 0.00>
ST_2 : Operation 85 [1/1] (0.00ns)   --->   "%layer22_out_14 = extractvalue i272 %call_ret3" [firmware/myproject.cpp:66]   --->   Operation 85 'extractvalue' 'layer22_out_14' <Predicate = true> <Delay = 0.00>
ST_2 : Operation 86 [1/1] (0.00ns)   --->   "%layer22_out_15 = extractvalue i272 %call_ret3" [firmware/myproject.cpp:66]   --->   Operation 86 'extractvalue' 'layer22_out_15' <Predicate = true> <Delay = 0.00>
ST_2 : Operation 87 [1/1] (0.00ns)   --->   "%layer22_out_16 = extractvalue i272 %call_ret3" [firmware/myproject.cpp:66]   --->   Operation 87 'extractvalue' 'layer22_out_16' <Predicate = true> <Delay = 0.00>
ST_2 : Operation 88 [2/2] (3.43ns)   --->   "%call_ret4 = call i34 @relu<ap_fixed<16, 6, 5, 3, 0>, ap_ufixed<2, 0, 4, 0, 0>, relu_config6>, i16 %layer22_out, i16 %layer22_out_1, i16 %layer22_out_2, i16 %layer22_out_3, i16 %layer22_out_4, i16 %layer22_out_5, i16 %layer22_out_6, i16 %layer22_out_7, i16 %layer22_out_8, i16 %layer22_out_9, i16 %layer22_out_10, i16 %layer22_out_11, i16 %layer22_out_12, i16 %layer22_out_13, i16 %layer22_out_14, i16 %layer22_out_15, i16 %layer22_out_16" [firmware/myproject.cpp:70]   --->   Operation 88 'call' 'call_ret4' <Predicate = true> <Delay = 3.43> <CoreType = "Generic">   --->   Core 0 '' <Latency = 0> <II = 1> <Delay = 1.00> <Generic> <Opcode : >

State 3 <SV = 2> <Delay = 3.07>
ST_3 : Operation 89 [1/2] (3.07ns)   --->   "%call_ret4 = call i34 @relu<ap_fixed<16, 6, 5, 3, 0>, ap_ufixed<2, 0, 4, 0, 0>, relu_config6>, i16 %layer22_out, i16 %layer22_out_1, i16 %layer22_out_2, i16 %layer22_out_3, i16 %layer22_out_4, i16 %layer22_out_5, i16 %layer22_out_6, i16 %layer22_out_7, i16 %layer22_out_8, i16 %layer22_out_9, i16 %layer22_out_10, i16 %layer22_out_11, i16 %layer22_out_12, i16 %layer22_out_13, i16 %layer22_out_14, i16 %layer22_out_15, i16 %layer22_out_16" [firmware/myproject.cpp:70]   --->   Operation 89 'call' 'call_ret4' <Predicate = true> <Delay = 3.07> <CoreType = "Generic">   --->   Core 0 '' <Latency = 0> <II = 1> <Delay = 1.00> <Generic> <Opcode : >
ST_3 : Operation 90 [1/1] (0.00ns)   --->   "%layer6_out = extractvalue i34 %call_ret4" [firmware/myproject.cpp:70]   --->   Operation 90 'extractvalue' 'layer6_out' <Predicate = true> <Delay = 0.00>
ST_3 : Operation 91 [1/1] (0.00ns)   --->   "%layer6_out_1 = extractvalue i34 %call_ret4" [firmware/myproject.cpp:70]   --->   Operation 91 'extractvalue' 'layer6_out_1' <Predicate = true> <Delay = 0.00>
ST_3 : Operation 92 [1/1] (0.00ns)   --->   "%layer6_out_2 = extractvalue i34 %call_ret4" [firmware/myproject.cpp:70]   --->   Operation 92 'extractvalue' 'layer6_out_2' <Predicate = true> <Delay = 0.00>
ST_3 : Operation 93 [1/1] (0.00ns)   --->   "%layer6_out_3 = extractvalue i34 %call_ret4" [firmware/myproject.cpp:70]   --->   Operation 93 'extractvalue' 'layer6_out_3' <Predicate = true> <Delay = 0.00>
ST_3 : Operation 94 [1/1] (0.00ns)   --->   "%layer6_out_4 = extractvalue i34 %call_ret4" [firmware/myproject.cpp:70]   --->   Operation 94 'extractvalue' 'layer6_out_4' <Predicate = true> <Delay = 0.00>
ST_3 : Operation 95 [1/1] (0.00ns)   --->   "%layer6_out_5 = extractvalue i34 %call_ret4" [firmware/myproject.cpp:70]   --->   Operation 95 'extractvalue' 'layer6_out_5' <Predicate = true> <Delay = 0.00>
ST_3 : Operation 96 [1/1] (0.00ns)   --->   "%layer6_out_6 = extractvalue i34 %call_ret4" [firmware/myproject.cpp:70]   --->   Operation 96 'extractvalue' 'layer6_out_6' <Predicate = true> <Delay = 0.00>
ST_3 : Operation 97 [1/1] (0.00ns)   --->   "%layer6_out_7 = extractvalue i34 %call_ret4" [firmware/myproject.cpp:70]   --->   Operation 97 'extractvalue' 'layer6_out_7' <Predicate = true> <Delay = 0.00>
ST_3 : Operation 98 [1/1] (0.00ns)   --->   "%layer6_out_8 = extractvalue i34 %call_ret4" [firmware/myproject.cpp:70]   --->   Operation 98 'extractvalue' 'layer6_out_8' <Predicate = true> <Delay = 0.00>
ST_3 : Operation 99 [1/1] (0.00ns)   --->   "%layer6_out_9 = extractvalue i34 %call_ret4" [firmware/myproject.cpp:70]   --->   Operation 99 'extractvalue' 'layer6_out_9' <Predicate = true> <Delay = 0.00>
ST_3 : Operation 100 [1/1] (0.00ns)   --->   "%layer6_out_10 = extractvalue i34 %call_ret4" [firmware/myproject.cpp:70]   --->   Operation 100 'extractvalue' 'layer6_out_10' <Predicate = true> <Delay = 0.00>
ST_3 : Operation 101 [1/1] (0.00ns)   --->   "%layer6_out_11 = extractvalue i34 %call_ret4" [firmware/myproject.cpp:70]   --->   Operation 101 'extractvalue' 'layer6_out_11' <Predicate = true> <Delay = 0.00>
ST_3 : Operation 102 [1/1] (0.00ns)   --->   "%layer6_out_12 = extractvalue i34 %call_ret4" [firmware/myproject.cpp:70]   --->   Operation 102 'extractvalue' 'layer6_out_12' <Predicate = true> <Delay = 0.00>
ST_3 : Operation 103 [1/1] (0.00ns)   --->   "%layer6_out_13 = extractvalue i34 %call_ret4" [firmware/myproject.cpp:70]   --->   Operation 103 'extractvalue' 'layer6_out_13' <Predicate = true> <Delay = 0.00>
ST_3 : Operation 104 [1/1] (0.00ns)   --->   "%layer6_out_14 = extractvalue i34 %call_ret4" [firmware/myproject.cpp:70]   --->   Operation 104 'extractvalue' 'layer6_out_14' <Predicate = true> <Delay = 0.00>
ST_3 : Operation 105 [1/1] (0.00ns)   --->   "%layer6_out_15 = extractvalue i34 %call_ret4" [firmware/myproject.cpp:70]   --->   Operation 105 'extractvalue' 'layer6_out_15' <Predicate = true> <Delay = 0.00>
ST_3 : Operation 106 [1/1] (0.00ns)   --->   "%layer6_out_16 = extractvalue i34 %call_ret4" [firmware/myproject.cpp:70]   --->   Operation 106 'extractvalue' 'layer6_out_16' <Predicate = true> <Delay = 0.00>

State 4 <SV = 3> <Delay = 1.56>
ST_4 : Operation 107 [5/5] (1.56ns)   --->   "%call_ret5 = call i320 @dense_latency<ap_ufixed<2, 0, 4, 0, 0>, ap_fixed<16, 6, 5, 3, 0>, config7>, i2 %layer6_out, i2 %layer6_out_1, i2 %layer6_out_2, i2 %layer6_out_3, i2 %layer6_out_4, i2 %layer6_out_5, i2 %layer6_out_6, i2 %layer6_out_7, i2 %layer6_out_8, i2 %layer6_out_9, i2 %layer6_out_10, i2 %layer6_out_11, i2 %layer6_out_12, i2 %layer6_out_13, i2 %layer6_out_14, i2 %layer6_out_15, i2 %layer6_out_16" [firmware/nnet_utils/nnet_dense.h:41->firmware/myproject.cpp:74]   --->   Operation 107 'call' 'call_ret5' <Predicate = true> <Delay = 1.56> <CoreType = "Generic">   --->   Core 0 '' <Latency = 0> <II = 1> <Delay = 1.00> <Generic> <Opcode : >

State 5 <SV = 4> <Delay = 3.78>
ST_5 : Operation 108 [4/5] (3.78ns)   --->   "%call_ret5 = call i320 @dense_latency<ap_ufixed<2, 0, 4, 0, 0>, ap_fixed<16, 6, 5, 3, 0>, config7>, i2 %layer6_out, i2 %layer6_out_1, i2 %layer6_out_2, i2 %layer6_out_3, i2 %layer6_out_4, i2 %layer6_out_5, i2 %layer6_out_6, i2 %layer6_out_7, i2 %layer6_out_8, i2 %layer6_out_9, i2 %layer6_out_10, i2 %layer6_out_11, i2 %layer6_out_12, i2 %layer6_out_13, i2 %layer6_out_14, i2 %layer6_out_15, i2 %layer6_out_16" [firmware/nnet_utils/nnet_dense.h:41->firmware/myproject.cpp:74]   --->   Operation 108 'call' 'call_ret5' <Predicate = true> <Delay = 3.78> <CoreType = "Generic">   --->   Core 0 '' <Latency = 0> <II = 1> <Delay = 1.00> <Generic> <Opcode : >

State 6 <SV = 5> <Delay = 3.78>
ST_6 : Operation 109 [3/5] (3.78ns)   --->   "%call_ret5 = call i320 @dense_latency<ap_ufixed<2, 0, 4, 0, 0>, ap_fixed<16, 6, 5, 3, 0>, config7>, i2 %layer6_out, i2 %layer6_out_1, i2 %layer6_out_2, i2 %layer6_out_3, i2 %layer6_out_4, i2 %layer6_out_5, i2 %layer6_out_6, i2 %layer6_out_7, i2 %layer6_out_8, i2 %layer6_out_9, i2 %layer6_out_10, i2 %layer6_out_11, i2 %layer6_out_12, i2 %layer6_out_13, i2 %layer6_out_14, i2 %layer6_out_15, i2 %layer6_out_16" [firmware/nnet_utils/nnet_dense.h:41->firmware/myproject.cpp:74]   --->   Operation 109 'call' 'call_ret5' <Predicate = true> <Delay = 3.78> <CoreType = "Generic">   --->   Core 0 '' <Latency = 0> <II = 1> <Delay = 1.00> <Generic> <Opcode : >

State 7 <SV = 6> <Delay = 3.78>
ST_7 : Operation 110 [2/5] (3.78ns)   --->   "%call_ret5 = call i320 @dense_latency<ap_ufixed<2, 0, 4, 0, 0>, ap_fixed<16, 6, 5, 3, 0>, config7>, i2 %layer6_out, i2 %layer6_out_1, i2 %layer6_out_2, i2 %layer6_out_3, i2 %layer6_out_4, i2 %layer6_out_5, i2 %layer6_out_6, i2 %layer6_out_7, i2 %layer6_out_8, i2 %layer6_out_9, i2 %layer6_out_10, i2 %layer6_out_11, i2 %layer6_out_12, i2 %layer6_out_13, i2 %layer6_out_14, i2 %layer6_out_15, i2 %layer6_out_16" [firmware/nnet_utils/nnet_dense.h:41->firmware/myproject.cpp:74]   --->   Operation 110 'call' 'call_ret5' <Predicate = true> <Delay = 3.78> <CoreType = "Generic">   --->   Core 0 '' <Latency = 0> <II = 1> <Delay = 1.00> <Generic> <Opcode : >

State 8 <SV = 7> <Delay = 3.78>
ST_8 : Operation 111 [1/5] (3.78ns)   --->   "%call_ret5 = call i320 @dense_latency<ap_ufixed<2, 0, 4, 0, 0>, ap_fixed<16, 6, 5, 3, 0>, config7>, i2 %layer6_out, i2 %layer6_out_1, i2 %layer6_out_2, i2 %layer6_out_3, i2 %layer6_out_4, i2 %layer6_out_5, i2 %layer6_out_6, i2 %layer6_out_7, i2 %layer6_out_8, i2 %layer6_out_9, i2 %layer6_out_10, i2 %layer6_out_11, i2 %layer6_out_12, i2 %layer6_out_13, i2 %layer6_out_14, i2 %layer6_out_15, i2 %layer6_out_16" [firmware/nnet_utils/nnet_dense.h:41->firmware/myproject.cpp:74]   --->   Operation 111 'call' 'call_ret5' <Predicate = true> <Delay = 3.78> <CoreType = "Generic">   --->   Core 0 '' <Latency = 0> <II = 1> <Delay = 1.00> <Generic> <Opcode : >
ST_8 : Operation 112 [1/1] (0.00ns)   --->   "%layer7_out = extractvalue i320 %call_ret5" [firmware/nnet_utils/nnet_dense.h:41->firmware/myproject.cpp:74]   --->   Operation 112 'extractvalue' 'layer7_out' <Predicate = true> <Delay = 0.00>
ST_8 : Operation 113 [1/1] (0.00ns)   --->   "%layer7_out_1 = extractvalue i320 %call_ret5" [firmware/nnet_utils/nnet_dense.h:41->firmware/myproject.cpp:74]   --->   Operation 113 'extractvalue' 'layer7_out_1' <Predicate = true> <Delay = 0.00>
ST_8 : Operation 114 [1/1] (0.00ns)   --->   "%layer7_out_2 = extractvalue i320 %call_ret5" [firmware/nnet_utils/nnet_dense.h:41->firmware/myproject.cpp:74]   --->   Operation 114 'extractvalue' 'layer7_out_2' <Predicate = true> <Delay = 0.00>
ST_8 : Operation 115 [1/1] (0.00ns)   --->   "%layer7_out_3 = extractvalue i320 %call_ret5" [firmware/nnet_utils/nnet_dense.h:41->firmware/myproject.cpp:74]   --->   Operation 115 'extractvalue' 'layer7_out_3' <Predicate = true> <Delay = 0.00>
ST_8 : Operation 116 [1/1] (0.00ns)   --->   "%layer7_out_4 = extractvalue i320 %call_ret5" [firmware/nnet_utils/nnet_dense.h:41->firmware/myproject.cpp:74]   --->   Operation 116 'extractvalue' 'layer7_out_4' <Predicate = true> <Delay = 0.00>
ST_8 : Operation 117 [1/1] (0.00ns)   --->   "%layer7_out_5 = extractvalue i320 %call_ret5" [firmware/nnet_utils/nnet_dense.h:41->firmware/myproject.cpp:74]   --->   Operation 117 'extractvalue' 'layer7_out_5' <Predicate = true> <Delay = 0.00>
ST_8 : Operation 118 [1/1] (0.00ns)   --->   "%layer7_out_6 = extractvalue i320 %call_ret5" [firmware/nnet_utils/nnet_dense.h:41->firmware/myproject.cpp:74]   --->   Operation 118 'extractvalue' 'layer7_out_6' <Predicate = true> <Delay = 0.00>
ST_8 : Operation 119 [1/1] (0.00ns)   --->   "%layer7_out_7 = extractvalue i320 %call_ret5" [firmware/nnet_utils/nnet_dense.h:41->firmware/myproject.cpp:74]   --->   Operation 119 'extractvalue' 'layer7_out_7' <Predicate = true> <Delay = 0.00>
ST_8 : Operation 120 [1/1] (0.00ns)   --->   "%layer7_out_8 = extractvalue i320 %call_ret5" [firmware/nnet_utils/nnet_dense.h:41->firmware/myproject.cpp:74]   --->   Operation 120 'extractvalue' 'layer7_out_8' <Predicate = true> <Delay = 0.00>
ST_8 : Operation 121 [1/1] (0.00ns)   --->   "%layer7_out_9 = extractvalue i320 %call_ret5" [firmware/nnet_utils/nnet_dense.h:41->firmware/myproject.cpp:74]   --->   Operation 121 'extractvalue' 'layer7_out_9' <Predicate = true> <Delay = 0.00>
ST_8 : Operation 122 [1/1] (0.00ns)   --->   "%layer7_out_10 = extractvalue i320 %call_ret5" [firmware/nnet_utils/nnet_dense.h:41->firmware/myproject.cpp:74]   --->   Operation 122 'extractvalue' 'layer7_out_10' <Predicate = true> <Delay = 0.00>
ST_8 : Operation 123 [1/1] (0.00ns)   --->   "%layer7_out_11 = extractvalue i320 %call_ret5" [firmware/nnet_utils/nnet_dense.h:41->firmware/myproject.cpp:74]   --->   Operation 123 'extractvalue' 'layer7_out_11' <Predicate = true> <Delay = 0.00>
ST_8 : Operation 124 [1/1] (0.00ns)   --->   "%layer7_out_12 = extractvalue i320 %call_ret5" [firmware/nnet_utils/nnet_dense.h:41->firmware/myproject.cpp:74]   --->   Operation 124 'extractvalue' 'layer7_out_12' <Predicate = true> <Delay = 0.00>
ST_8 : Operation 125 [1/1] (0.00ns)   --->   "%layer7_out_13 = extractvalue i320 %call_ret5" [firmware/nnet_utils/nnet_dense.h:41->firmware/myproject.cpp:74]   --->   Operation 125 'extractvalue' 'layer7_out_13' <Predicate = true> <Delay = 0.00>
ST_8 : Operation 126 [1/1] (0.00ns)   --->   "%layer7_out_14 = extractvalue i320 %call_ret5" [firmware/nnet_utils/nnet_dense.h:41->firmware/myproject.cpp:74]   --->   Operation 126 'extractvalue' 'layer7_out_14' <Predicate = true> <Delay = 0.00>
ST_8 : Operation 127 [1/1] (0.00ns)   --->   "%layer7_out_15 = extractvalue i320 %call_ret5" [firmware/nnet_utils/nnet_dense.h:41->firmware/myproject.cpp:74]   --->   Operation 127 'extractvalue' 'layer7_out_15' <Predicate = true> <Delay = 0.00>
ST_8 : Operation 128 [1/1] (0.00ns)   --->   "%layer7_out_16 = extractvalue i320 %call_ret5" [firmware/nnet_utils/nnet_dense.h:41->firmware/myproject.cpp:74]   --->   Operation 128 'extractvalue' 'layer7_out_16' <Predicate = true> <Delay = 0.00>
ST_8 : Operation 129 [1/1] (0.00ns)   --->   "%layer7_out_17 = extractvalue i320 %call_ret5" [firmware/nnet_utils/nnet_dense.h:41->firmware/myproject.cpp:74]   --->   Operation 129 'extractvalue' 'layer7_out_17' <Predicate = true> <Delay = 0.00>
ST_8 : Operation 130 [1/1] (0.00ns)   --->   "%layer7_out_18 = extractvalue i320 %call_ret5" [firmware/nnet_utils/nnet_dense.h:41->firmware/myproject.cpp:74]   --->   Operation 130 'extractvalue' 'layer7_out_18' <Predicate = true> <Delay = 0.00>
ST_8 : Operation 131 [1/1] (0.00ns)   --->   "%layer7_out_19 = extractvalue i320 %call_ret5" [firmware/nnet_utils/nnet_dense.h:41->firmware/myproject.cpp:74]   --->   Operation 131 'extractvalue' 'layer7_out_19' <Predicate = true> <Delay = 0.00>

State 9 <SV = 8> <Delay = 3.43>
ST_9 : Operation 132 [1/1] (0.00ns)   --->   "%call_ret6 = call i320 @normalize<ap_fixed<16, 6, 5, 3, 0>, ap_fixed<16, 6, 5, 3, 0>, config23>, i16 %layer7_out, i16 %layer7_out_1, i16 %layer7_out_2, i16 %layer7_out_3, i16 %layer7_out_4, i16 %layer7_out_5, i16 %layer7_out_6, i16 %layer7_out_7, i16 %layer7_out_8, i16 %layer7_out_9, i16 %layer7_out_10, i16 %layer7_out_11, i16 %layer7_out_12, i16 %layer7_out_13, i16 %layer7_out_14, i16 %layer7_out_15, i16 %layer7_out_16, i16 %layer7_out_17, i16 %layer7_out_18, i16 %layer7_out_19" [firmware/myproject.cpp:78]   --->   Operation 132 'call' 'call_ret6' <Predicate = true> <Delay = 0.00> <CoreType = "Generic">   --->   Core 0 '' <Latency = 0> <II = 1> <Delay = 1.00> <Generic> <Opcode : >
ST_9 : Operation 133 [1/1] (0.00ns)   --->   "%layer23_out = extractvalue i320 %call_ret6" [firmware/myproject.cpp:78]   --->   Operation 133 'extractvalue' 'layer23_out' <Predicate = true> <Delay = 0.00>
ST_9 : Operation 134 [1/1] (0.00ns)   --->   "%layer23_out_1 = extractvalue i320 %call_ret6" [firmware/myproject.cpp:78]   --->   Operation 134 'extractvalue' 'layer23_out_1' <Predicate = true> <Delay = 0.00>
ST_9 : Operation 135 [1/1] (0.00ns)   --->   "%layer23_out_2 = extractvalue i320 %call_ret6" [firmware/myproject.cpp:78]   --->   Operation 135 'extractvalue' 'layer23_out_2' <Predicate = true> <Delay = 0.00>
ST_9 : Operation 136 [1/1] (0.00ns)   --->   "%layer23_out_3 = extractvalue i320 %call_ret6" [firmware/myproject.cpp:78]   --->   Operation 136 'extractvalue' 'layer23_out_3' <Predicate = true> <Delay = 0.00>
ST_9 : Operation 137 [1/1] (0.00ns)   --->   "%layer23_out_4 = extractvalue i320 %call_ret6" [firmware/myproject.cpp:78]   --->   Operation 137 'extractvalue' 'layer23_out_4' <Predicate = true> <Delay = 0.00>
ST_9 : Operation 138 [1/1] (0.00ns)   --->   "%layer23_out_5 = extractvalue i320 %call_ret6" [firmware/myproject.cpp:78]   --->   Operation 138 'extractvalue' 'layer23_out_5' <Predicate = true> <Delay = 0.00>
ST_9 : Operation 139 [1/1] (0.00ns)   --->   "%layer23_out_6 = extractvalue i320 %call_ret6" [firmware/myproject.cpp:78]   --->   Operation 139 'extractvalue' 'layer23_out_6' <Predicate = true> <Delay = 0.00>
ST_9 : Operation 140 [1/1] (0.00ns)   --->   "%layer23_out_7 = extractvalue i320 %call_ret6" [firmware/myproject.cpp:78]   --->   Operation 140 'extractvalue' 'layer23_out_7' <Predicate = true> <Delay = 0.00>
ST_9 : Operation 141 [1/1] (0.00ns)   --->   "%layer23_out_8 = extractvalue i320 %call_ret6" [firmware/myproject.cpp:78]   --->   Operation 141 'extractvalue' 'layer23_out_8' <Predicate = true> <Delay = 0.00>
ST_9 : Operation 142 [1/1] (0.00ns)   --->   "%layer23_out_9 = extractvalue i320 %call_ret6" [firmware/myproject.cpp:78]   --->   Operation 142 'extractvalue' 'layer23_out_9' <Predicate = true> <Delay = 0.00>
ST_9 : Operation 143 [1/1] (0.00ns)   --->   "%layer23_out_10 = extractvalue i320 %call_ret6" [firmware/myproject.cpp:78]   --->   Operation 143 'extractvalue' 'layer23_out_10' <Predicate = true> <Delay = 0.00>
ST_9 : Operation 144 [1/1] (0.00ns)   --->   "%layer23_out_11 = extractvalue i320 %call_ret6" [firmware/myproject.cpp:78]   --->   Operation 144 'extractvalue' 'layer23_out_11' <Predicate = true> <Delay = 0.00>
ST_9 : Operation 145 [1/1] (0.00ns)   --->   "%layer23_out_12 = extractvalue i320 %call_ret6" [firmware/myproject.cpp:78]   --->   Operation 145 'extractvalue' 'layer23_out_12' <Predicate = true> <Delay = 0.00>
ST_9 : Operation 146 [1/1] (0.00ns)   --->   "%layer23_out_13 = extractvalue i320 %call_ret6" [firmware/myproject.cpp:78]   --->   Operation 146 'extractvalue' 'layer23_out_13' <Predicate = true> <Delay = 0.00>
ST_9 : Operation 147 [1/1] (0.00ns)   --->   "%layer23_out_14 = extractvalue i320 %call_ret6" [firmware/myproject.cpp:78]   --->   Operation 147 'extractvalue' 'layer23_out_14' <Predicate = true> <Delay = 0.00>
ST_9 : Operation 148 [1/1] (0.00ns)   --->   "%layer23_out_15 = extractvalue i320 %call_ret6" [firmware/myproject.cpp:78]   --->   Operation 148 'extractvalue' 'layer23_out_15' <Predicate = true> <Delay = 0.00>
ST_9 : Operation 149 [1/1] (0.00ns)   --->   "%layer23_out_16 = extractvalue i320 %call_ret6" [firmware/myproject.cpp:78]   --->   Operation 149 'extractvalue' 'layer23_out_16' <Predicate = true> <Delay = 0.00>
ST_9 : Operation 150 [1/1] (0.00ns)   --->   "%layer23_out_17 = extractvalue i320 %call_ret6" [firmware/myproject.cpp:78]   --->   Operation 150 'extractvalue' 'layer23_out_17' <Predicate = true> <Delay = 0.00>
ST_9 : Operation 151 [1/1] (0.00ns)   --->   "%layer23_out_18 = extractvalue i320 %call_ret6" [firmware/myproject.cpp:78]   --->   Operation 151 'extractvalue' 'layer23_out_18' <Predicate = true> <Delay = 0.00>
ST_9 : Operation 152 [1/1] (0.00ns)   --->   "%layer23_out_19 = extractvalue i320 %call_ret6" [firmware/myproject.cpp:78]   --->   Operation 152 'extractvalue' 'layer23_out_19' <Predicate = true> <Delay = 0.00>
ST_9 : Operation 153 [2/2] (3.43ns)   --->   "%call_ret = call i40 @relu<ap_fixed<16, 6, 5, 3, 0>, ap_ufixed<2, 0, 4, 0, 0>, relu_config9>, i16 %layer23_out, i16 %layer23_out_1, i16 %layer23_out_2, i16 %layer23_out_3, i16 %layer23_out_4, i16 %layer23_out_5, i16 %layer23_out_6, i16 %layer23_out_7, i16 %layer23_out_8, i16 %layer23_out_9, i16 %layer23_out_10, i16 %layer23_out_11, i16 %layer23_out_12, i16 %layer23_out_13, i16 %layer23_out_14, i16 %layer23_out_15, i16 %layer23_out_16, i16 %layer23_out_17, i16 %layer23_out_18, i16 %layer23_out_19" [firmware/myproject.cpp:82]   --->   Operation 153 'call' 'call_ret' <Predicate = true> <Delay = 3.43> <CoreType = "Generic">   --->   Core 0 '' <Latency = 0> <II = 1> <Delay = 1.00> <Generic> <Opcode : >

State 10 <SV = 9> <Delay = 3.07>
ST_10 : Operation 154 [1/2] (3.07ns)   --->   "%call_ret = call i40 @relu<ap_fixed<16, 6, 5, 3, 0>, ap_ufixed<2, 0, 4, 0, 0>, relu_config9>, i16 %layer23_out, i16 %layer23_out_1, i16 %layer23_out_2, i16 %layer23_out_3, i16 %layer23_out_4, i16 %layer23_out_5, i16 %layer23_out_6, i16 %layer23_out_7, i16 %layer23_out_8, i16 %layer23_out_9, i16 %layer23_out_10, i16 %layer23_out_11, i16 %layer23_out_12, i16 %layer23_out_13, i16 %layer23_out_14, i16 %layer23_out_15, i16 %layer23_out_16, i16 %layer23_out_17, i16 %layer23_out_18, i16 %layer23_out_19" [firmware/myproject.cpp:82]   --->   Operation 154 'call' 'call_ret' <Predicate = true> <Delay = 3.07> <CoreType = "Generic">   --->   Core 0 '' <Latency = 0> <II = 1> <Delay = 1.00> <Generic> <Opcode : >
ST_10 : Operation 155 [1/1] (0.00ns)   --->   "%layer9_out = extractvalue i40 %call_ret" [firmware/myproject.cpp:82]   --->   Operation 155 'extractvalue' 'layer9_out' <Predicate = true> <Delay = 0.00>
ST_10 : Operation 156 [1/1] (0.00ns)   --->   "%layer9_out_1 = extractvalue i40 %call_ret" [firmware/myproject.cpp:82]   --->   Operation 156 'extractvalue' 'layer9_out_1' <Predicate = true> <Delay = 0.00>
ST_10 : Operation 157 [1/1] (0.00ns)   --->   "%layer9_out_2 = extractvalue i40 %call_ret" [firmware/myproject.cpp:82]   --->   Operation 157 'extractvalue' 'layer9_out_2' <Predicate = true> <Delay = 0.00>
ST_10 : Operation 158 [1/1] (0.00ns)   --->   "%layer9_out_3 = extractvalue i40 %call_ret" [firmware/myproject.cpp:82]   --->   Operation 158 'extractvalue' 'layer9_out_3' <Predicate = true> <Delay = 0.00>
ST_10 : Operation 159 [1/1] (0.00ns)   --->   "%layer9_out_4 = extractvalue i40 %call_ret" [firmware/myproject.cpp:82]   --->   Operation 159 'extractvalue' 'layer9_out_4' <Predicate = true> <Delay = 0.00>
ST_10 : Operation 160 [1/1] (0.00ns)   --->   "%layer9_out_5 = extractvalue i40 %call_ret" [firmware/myproject.cpp:82]   --->   Operation 160 'extractvalue' 'layer9_out_5' <Predicate = true> <Delay = 0.00>
ST_10 : Operation 161 [1/1] (0.00ns)   --->   "%layer9_out_6 = extractvalue i40 %call_ret" [firmware/myproject.cpp:82]   --->   Operation 161 'extractvalue' 'layer9_out_6' <Predicate = true> <Delay = 0.00>
ST_10 : Operation 162 [1/1] (0.00ns)   --->   "%layer9_out_7 = extractvalue i40 %call_ret" [firmware/myproject.cpp:82]   --->   Operation 162 'extractvalue' 'layer9_out_7' <Predicate = true> <Delay = 0.00>
ST_10 : Operation 163 [1/1] (0.00ns)   --->   "%layer9_out_8 = extractvalue i40 %call_ret" [firmware/myproject.cpp:82]   --->   Operation 163 'extractvalue' 'layer9_out_8' <Predicate = true> <Delay = 0.00>
ST_10 : Operation 164 [1/1] (0.00ns)   --->   "%layer9_out_9 = extractvalue i40 %call_ret" [firmware/myproject.cpp:82]   --->   Operation 164 'extractvalue' 'layer9_out_9' <Predicate = true> <Delay = 0.00>
ST_10 : Operation 165 [1/1] (0.00ns)   --->   "%layer9_out_10 = extractvalue i40 %call_ret" [firmware/myproject.cpp:82]   --->   Operation 165 'extractvalue' 'layer9_out_10' <Predicate = true> <Delay = 0.00>
ST_10 : Operation 166 [1/1] (0.00ns)   --->   "%layer9_out_11 = extractvalue i40 %call_ret" [firmware/myproject.cpp:82]   --->   Operation 166 'extractvalue' 'layer9_out_11' <Predicate = true> <Delay = 0.00>
ST_10 : Operation 167 [1/1] (0.00ns)   --->   "%layer9_out_12 = extractvalue i40 %call_ret" [firmware/myproject.cpp:82]   --->   Operation 167 'extractvalue' 'layer9_out_12' <Predicate = true> <Delay = 0.00>
ST_10 : Operation 168 [1/1] (0.00ns)   --->   "%layer9_out_13 = extractvalue i40 %call_ret" [firmware/myproject.cpp:82]   --->   Operation 168 'extractvalue' 'layer9_out_13' <Predicate = true> <Delay = 0.00>
ST_10 : Operation 169 [1/1] (0.00ns)   --->   "%layer9_out_14 = extractvalue i40 %call_ret" [firmware/myproject.cpp:82]   --->   Operation 169 'extractvalue' 'layer9_out_14' <Predicate = true> <Delay = 0.00>
ST_10 : Operation 170 [1/1] (0.00ns)   --->   "%layer9_out_15 = extractvalue i40 %call_ret" [firmware/myproject.cpp:82]   --->   Operation 170 'extractvalue' 'layer9_out_15' <Predicate = true> <Delay = 0.00>
ST_10 : Operation 171 [1/1] (0.00ns)   --->   "%layer9_out_16 = extractvalue i40 %call_ret" [firmware/myproject.cpp:82]   --->   Operation 171 'extractvalue' 'layer9_out_16' <Predicate = true> <Delay = 0.00>
ST_10 : Operation 172 [1/1] (0.00ns)   --->   "%layer9_out_17 = extractvalue i40 %call_ret" [firmware/myproject.cpp:82]   --->   Operation 172 'extractvalue' 'layer9_out_17' <Predicate = true> <Delay = 0.00>
ST_10 : Operation 173 [1/1] (0.00ns)   --->   "%layer9_out_18 = extractvalue i40 %call_ret" [firmware/myproject.cpp:82]   --->   Operation 173 'extractvalue' 'layer9_out_18' <Predicate = true> <Delay = 0.00>
ST_10 : Operation 174 [1/1] (0.00ns)   --->   "%layer9_out_19 = extractvalue i40 %call_ret" [firmware/myproject.cpp:82]   --->   Operation 174 'extractvalue' 'layer9_out_19' <Predicate = true> <Delay = 0.00>

State 11 <SV = 10> <Delay = 3.21>
ST_11 : Operation 175 [5/5] (3.21ns)   --->   "%call_ret7 = call i144 @dense_latency<ap_ufixed<2, 0, 4, 0, 0>, ap_fixed<16, 6, 5, 3, 0>, config10>, i2 %layer9_out, i2 %layer9_out_1, i2 %layer9_out_2, i2 %layer9_out_3, i2 %layer9_out_4, i2 %layer9_out_5, i2 %layer9_out_6, i2 %layer9_out_7, i2 %layer9_out_8, i2 %layer9_out_9, i2 %layer9_out_10, i2 %layer9_out_11, i2 %layer9_out_12, i2 %layer9_out_13, i2 %layer9_out_14, i2 %layer9_out_15, i2 %layer9_out_16, i2 %layer9_out_17, i2 %layer9_out_18, i2 %layer9_out_19" [firmware/nnet_utils/nnet_dense.h:41->firmware/myproject.cpp:86]   --->   Operation 175 'call' 'call_ret7' <Predicate = true> <Delay = 3.21> <CoreType = "Generic">   --->   Core 0 '' <Latency = 0> <II = 1> <Delay = 1.00> <Generic> <Opcode : >

State 12 <SV = 11> <Delay = 3.78>
ST_12 : Operation 176 [4/5] (3.78ns)   --->   "%call_ret7 = call i144 @dense_latency<ap_ufixed<2, 0, 4, 0, 0>, ap_fixed<16, 6, 5, 3, 0>, config10>, i2 %layer9_out, i2 %layer9_out_1, i2 %layer9_out_2, i2 %layer9_out_3, i2 %layer9_out_4, i2 %layer9_out_5, i2 %layer9_out_6, i2 %layer9_out_7, i2 %layer9_out_8, i2 %layer9_out_9, i2 %layer9_out_10, i2 %layer9_out_11, i2 %layer9_out_12, i2 %layer9_out_13, i2 %layer9_out_14, i2 %layer9_out_15, i2 %layer9_out_16, i2 %layer9_out_17, i2 %layer9_out_18, i2 %layer9_out_19" [firmware/nnet_utils/nnet_dense.h:41->firmware/myproject.cpp:86]   --->   Operation 176 'call' 'call_ret7' <Predicate = true> <Delay = 3.78> <CoreType = "Generic">   --->   Core 0 '' <Latency = 0> <II = 1> <Delay = 1.00> <Generic> <Opcode : >

State 13 <SV = 12> <Delay = 3.78>
ST_13 : Operation 177 [3/5] (3.78ns)   --->   "%call_ret7 = call i144 @dense_latency<ap_ufixed<2, 0, 4, 0, 0>, ap_fixed<16, 6, 5, 3, 0>, config10>, i2 %layer9_out, i2 %layer9_out_1, i2 %layer9_out_2, i2 %layer9_out_3, i2 %layer9_out_4, i2 %layer9_out_5, i2 %layer9_out_6, i2 %layer9_out_7, i2 %layer9_out_8, i2 %layer9_out_9, i2 %layer9_out_10, i2 %layer9_out_11, i2 %layer9_out_12, i2 %layer9_out_13, i2 %layer9_out_14, i2 %layer9_out_15, i2 %layer9_out_16, i2 %layer9_out_17, i2 %layer9_out_18, i2 %layer9_out_19" [firmware/nnet_utils/nnet_dense.h:41->firmware/myproject.cpp:86]   --->   Operation 177 'call' 'call_ret7' <Predicate = true> <Delay = 3.78> <CoreType = "Generic">   --->   Core 0 '' <Latency = 0> <II = 1> <Delay = 1.00> <Generic> <Opcode : >

State 14 <SV = 13> <Delay = 3.78>
ST_14 : Operation 178 [2/5] (3.78ns)   --->   "%call_ret7 = call i144 @dense_latency<ap_ufixed<2, 0, 4, 0, 0>, ap_fixed<16, 6, 5, 3, 0>, config10>, i2 %layer9_out, i2 %layer9_out_1, i2 %layer9_out_2, i2 %layer9_out_3, i2 %layer9_out_4, i2 %layer9_out_5, i2 %layer9_out_6, i2 %layer9_out_7, i2 %layer9_out_8, i2 %layer9_out_9, i2 %layer9_out_10, i2 %layer9_out_11, i2 %layer9_out_12, i2 %layer9_out_13, i2 %layer9_out_14, i2 %layer9_out_15, i2 %layer9_out_16, i2 %layer9_out_17, i2 %layer9_out_18, i2 %layer9_out_19" [firmware/nnet_utils/nnet_dense.h:41->firmware/myproject.cpp:86]   --->   Operation 178 'call' 'call_ret7' <Predicate = true> <Delay = 3.78> <CoreType = "Generic">   --->   Core 0 '' <Latency = 0> <II = 1> <Delay = 1.00> <Generic> <Opcode : >

State 15 <SV = 14> <Delay = 3.78>
ST_15 : Operation 179 [1/5] (3.78ns)   --->   "%call_ret7 = call i144 @dense_latency<ap_ufixed<2, 0, 4, 0, 0>, ap_fixed<16, 6, 5, 3, 0>, config10>, i2 %layer9_out, i2 %layer9_out_1, i2 %layer9_out_2, i2 %layer9_out_3, i2 %layer9_out_4, i2 %layer9_out_5, i2 %layer9_out_6, i2 %layer9_out_7, i2 %layer9_out_8, i2 %layer9_out_9, i2 %layer9_out_10, i2 %layer9_out_11, i2 %layer9_out_12, i2 %layer9_out_13, i2 %layer9_out_14, i2 %layer9_out_15, i2 %layer9_out_16, i2 %layer9_out_17, i2 %layer9_out_18, i2 %layer9_out_19" [firmware/nnet_utils/nnet_dense.h:41->firmware/myproject.cpp:86]   --->   Operation 179 'call' 'call_ret7' <Predicate = true> <Delay = 3.78> <CoreType = "Generic">   --->   Core 0 '' <Latency = 0> <II = 1> <Delay = 1.00> <Generic> <Opcode : >
ST_15 : Operation 180 [1/1] (0.00ns)   --->   "%layer10_out = extractvalue i144 %call_ret7" [firmware/nnet_utils/nnet_dense.h:41->firmware/myproject.cpp:86]   --->   Operation 180 'extractvalue' 'layer10_out' <Predicate = true> <Delay = 0.00>
ST_15 : Operation 181 [1/1] (0.00ns)   --->   "%layer10_out_1 = extractvalue i144 %call_ret7" [firmware/nnet_utils/nnet_dense.h:41->firmware/myproject.cpp:86]   --->   Operation 181 'extractvalue' 'layer10_out_1' <Predicate = true> <Delay = 0.00>
ST_15 : Operation 182 [1/1] (0.00ns)   --->   "%layer10_out_2 = extractvalue i144 %call_ret7" [firmware/nnet_utils/nnet_dense.h:41->firmware/myproject.cpp:86]   --->   Operation 182 'extractvalue' 'layer10_out_2' <Predicate = true> <Delay = 0.00>
ST_15 : Operation 183 [1/1] (0.00ns)   --->   "%layer10_out_3 = extractvalue i144 %call_ret7" [firmware/nnet_utils/nnet_dense.h:41->firmware/myproject.cpp:86]   --->   Operation 183 'extractvalue' 'layer10_out_3' <Predicate = true> <Delay = 0.00>
ST_15 : Operation 184 [1/1] (0.00ns)   --->   "%layer10_out_4 = extractvalue i144 %call_ret7" [firmware/nnet_utils/nnet_dense.h:41->firmware/myproject.cpp:86]   --->   Operation 184 'extractvalue' 'layer10_out_4' <Predicate = true> <Delay = 0.00>
ST_15 : Operation 185 [1/1] (0.00ns)   --->   "%layer10_out_5 = extractvalue i144 %call_ret7" [firmware/nnet_utils/nnet_dense.h:41->firmware/myproject.cpp:86]   --->   Operation 185 'extractvalue' 'layer10_out_5' <Predicate = true> <Delay = 0.00>
ST_15 : Operation 186 [1/1] (0.00ns)   --->   "%layer10_out_6 = extractvalue i144 %call_ret7" [firmware/nnet_utils/nnet_dense.h:41->firmware/myproject.cpp:86]   --->   Operation 186 'extractvalue' 'layer10_out_6' <Predicate = true> <Delay = 0.00>
ST_15 : Operation 187 [1/1] (0.00ns)   --->   "%layer10_out_7 = extractvalue i144 %call_ret7" [firmware/nnet_utils/nnet_dense.h:41->firmware/myproject.cpp:86]   --->   Operation 187 'extractvalue' 'layer10_out_7' <Predicate = true> <Delay = 0.00>
ST_15 : Operation 188 [1/1] (0.00ns)   --->   "%layer10_out_8 = extractvalue i144 %call_ret7" [firmware/nnet_utils/nnet_dense.h:41->firmware/myproject.cpp:86]   --->   Operation 188 'extractvalue' 'layer10_out_8' <Predicate = true> <Delay = 0.00>

State 16 <SV = 15> <Delay = 3.43>
ST_16 : Operation 189 [1/1] (0.00ns)   --->   "%call_ret8 = call i144 @normalize<ap_fixed<16, 6, 5, 3, 0>, ap_fixed<16, 6, 5, 3, 0>, config24>, i16 %layer10_out, i16 %layer10_out_1, i16 %layer10_out_2, i16 %layer10_out_3, i16 %layer10_out_4, i16 %layer10_out_5, i16 %layer10_out_6, i16 %layer10_out_7, i16 %layer10_out_8" [firmware/myproject.cpp:90]   --->   Operation 189 'call' 'call_ret8' <Predicate = true> <Delay = 0.00> <CoreType = "Generic">   --->   Core 0 '' <Latency = 0> <II = 1> <Delay = 1.00> <Generic> <Opcode : >
ST_16 : Operation 190 [1/1] (0.00ns)   --->   "%layer24_out = extractvalue i144 %call_ret8" [firmware/myproject.cpp:90]   --->   Operation 190 'extractvalue' 'layer24_out' <Predicate = true> <Delay = 0.00>
ST_16 : Operation 191 [1/1] (0.00ns)   --->   "%layer24_out_1 = extractvalue i144 %call_ret8" [firmware/myproject.cpp:90]   --->   Operation 191 'extractvalue' 'layer24_out_1' <Predicate = true> <Delay = 0.00>
ST_16 : Operation 192 [1/1] (0.00ns)   --->   "%layer24_out_2 = extractvalue i144 %call_ret8" [firmware/myproject.cpp:90]   --->   Operation 192 'extractvalue' 'layer24_out_2' <Predicate = true> <Delay = 0.00>
ST_16 : Operation 193 [1/1] (0.00ns)   --->   "%layer24_out_3 = extractvalue i144 %call_ret8" [firmware/myproject.cpp:90]   --->   Operation 193 'extractvalue' 'layer24_out_3' <Predicate = true> <Delay = 0.00>
ST_16 : Operation 194 [1/1] (0.00ns)   --->   "%layer24_out_4 = extractvalue i144 %call_ret8" [firmware/myproject.cpp:90]   --->   Operation 194 'extractvalue' 'layer24_out_4' <Predicate = true> <Delay = 0.00>
ST_16 : Operation 195 [1/1] (0.00ns)   --->   "%layer24_out_5 = extractvalue i144 %call_ret8" [firmware/myproject.cpp:90]   --->   Operation 195 'extractvalue' 'layer24_out_5' <Predicate = true> <Delay = 0.00>
ST_16 : Operation 196 [1/1] (0.00ns)   --->   "%layer24_out_6 = extractvalue i144 %call_ret8" [firmware/myproject.cpp:90]   --->   Operation 196 'extractvalue' 'layer24_out_6' <Predicate = true> <Delay = 0.00>
ST_16 : Operation 197 [1/1] (0.00ns)   --->   "%layer24_out_7 = extractvalue i144 %call_ret8" [firmware/myproject.cpp:90]   --->   Operation 197 'extractvalue' 'layer24_out_7' <Predicate = true> <Delay = 0.00>
ST_16 : Operation 198 [1/1] (0.00ns)   --->   "%layer24_out_8 = extractvalue i144 %call_ret8" [firmware/myproject.cpp:90]   --->   Operation 198 'extractvalue' 'layer24_out_8' <Predicate = true> <Delay = 0.00>
ST_16 : Operation 199 [2/2] (3.43ns)   --->   "%call_ret9 = call i18 @relu<ap_fixed<16, 6, 5, 3, 0>, ap_ufixed<2, 0, 4, 0, 0>, relu_config12>, i16 %layer24_out, i16 %layer24_out_1, i16 %layer24_out_2, i16 %layer24_out_3, i16 %layer24_out_4, i16 %layer24_out_5, i16 %layer24_out_6, i16 %layer24_out_7, i16 %layer24_out_8" [firmware/myproject.cpp:94]   --->   Operation 199 'call' 'call_ret9' <Predicate = true> <Delay = 3.43> <CoreType = "Generic">   --->   Core 0 '' <Latency = 0> <II = 1> <Delay = 1.00> <Generic> <Opcode : >

State 17 <SV = 16> <Delay = 3.07>
ST_17 : Operation 200 [1/2] (3.07ns)   --->   "%call_ret9 = call i18 @relu<ap_fixed<16, 6, 5, 3, 0>, ap_ufixed<2, 0, 4, 0, 0>, relu_config12>, i16 %layer24_out, i16 %layer24_out_1, i16 %layer24_out_2, i16 %layer24_out_3, i16 %layer24_out_4, i16 %layer24_out_5, i16 %layer24_out_6, i16 %layer24_out_7, i16 %layer24_out_8" [firmware/myproject.cpp:94]   --->   Operation 200 'call' 'call_ret9' <Predicate = true> <Delay = 3.07> <CoreType = "Generic">   --->   Core 0 '' <Latency = 0> <II = 1> <Delay = 1.00> <Generic> <Opcode : >
ST_17 : Operation 201 [1/1] (0.00ns)   --->   "%layer12_out = extractvalue i18 %call_ret9" [firmware/myproject.cpp:94]   --->   Operation 201 'extractvalue' 'layer12_out' <Predicate = true> <Delay = 0.00>
ST_17 : Operation 202 [1/1] (0.00ns)   --->   "%layer12_out_1 = extractvalue i18 %call_ret9" [firmware/myproject.cpp:94]   --->   Operation 202 'extractvalue' 'layer12_out_1' <Predicate = true> <Delay = 0.00>
ST_17 : Operation 203 [1/1] (0.00ns)   --->   "%layer12_out_2 = extractvalue i18 %call_ret9" [firmware/myproject.cpp:94]   --->   Operation 203 'extractvalue' 'layer12_out_2' <Predicate = true> <Delay = 0.00>
ST_17 : Operation 204 [1/1] (0.00ns)   --->   "%layer12_out_3 = extractvalue i18 %call_ret9" [firmware/myproject.cpp:94]   --->   Operation 204 'extractvalue' 'layer12_out_3' <Predicate = true> <Delay = 0.00>
ST_17 : Operation 205 [1/1] (0.00ns)   --->   "%layer12_out_4 = extractvalue i18 %call_ret9" [firmware/myproject.cpp:94]   --->   Operation 205 'extractvalue' 'layer12_out_4' <Predicate = true> <Delay = 0.00>
ST_17 : Operation 206 [1/1] (0.00ns)   --->   "%layer12_out_5 = extractvalue i18 %call_ret9" [firmware/myproject.cpp:94]   --->   Operation 206 'extractvalue' 'layer12_out_5' <Predicate = true> <Delay = 0.00>
ST_17 : Operation 207 [1/1] (0.00ns)   --->   "%layer12_out_6 = extractvalue i18 %call_ret9" [firmware/myproject.cpp:94]   --->   Operation 207 'extractvalue' 'layer12_out_6' <Predicate = true> <Delay = 0.00>
ST_17 : Operation 208 [1/1] (0.00ns)   --->   "%layer12_out_7 = extractvalue i18 %call_ret9" [firmware/myproject.cpp:94]   --->   Operation 208 'extractvalue' 'layer12_out_7' <Predicate = true> <Delay = 0.00>
ST_17 : Operation 209 [1/1] (0.00ns)   --->   "%layer12_out_8 = extractvalue i18 %call_ret9" [firmware/myproject.cpp:94]   --->   Operation 209 'extractvalue' 'layer12_out_8' <Predicate = true> <Delay = 0.00>

State 18 <SV = 17> <Delay = 3.29>
ST_18 : Operation 210 [2/2] (3.29ns)   --->   "%call_ret10 = call i256 @dense_latency<ap_ufixed<2, 0, 4, 0, 0>, ap_fixed<16, 6, 5, 3, 0>, config13>, i2 %layer12_out, i2 %layer12_out_1, i2 %layer12_out_2, i2 %layer12_out_3, i2 %layer12_out_4, i2 %layer12_out_5, i2 %layer12_out_6, i2 %layer12_out_7, i2 %layer12_out_8" [firmware/nnet_utils/nnet_dense.h:41->firmware/myproject.cpp:98]   --->   Operation 210 'call' 'call_ret10' <Predicate = true> <Delay = 3.29> <CoreType = "Generic">   --->   Core 0 '' <Latency = 0> <II = 1> <Delay = 1.00> <Generic> <Opcode : >

State 19 <SV = 18> <Delay = 3.78>
ST_19 : Operation 211 [1/2] (3.78ns)   --->   "%call_ret10 = call i256 @dense_latency<ap_ufixed<2, 0, 4, 0, 0>, ap_fixed<16, 6, 5, 3, 0>, config13>, i2 %layer12_out, i2 %layer12_out_1, i2 %layer12_out_2, i2 %layer12_out_3, i2 %layer12_out_4, i2 %layer12_out_5, i2 %layer12_out_6, i2 %layer12_out_7, i2 %layer12_out_8" [firmware/nnet_utils/nnet_dense.h:41->firmware/myproject.cpp:98]   --->   Operation 211 'call' 'call_ret10' <Predicate = true> <Delay = 3.78> <CoreType = "Generic">   --->   Core 0 '' <Latency = 0> <II = 1> <Delay = 1.00> <Generic> <Opcode : >
ST_19 : Operation 212 [1/1] (0.00ns)   --->   "%layer13_out = extractvalue i256 %call_ret10" [firmware/nnet_utils/nnet_dense.h:41->firmware/myproject.cpp:98]   --->   Operation 212 'extractvalue' 'layer13_out' <Predicate = true> <Delay = 0.00>
ST_19 : Operation 213 [1/1] (0.00ns)   --->   "%layer13_out_1 = extractvalue i256 %call_ret10" [firmware/nnet_utils/nnet_dense.h:41->firmware/myproject.cpp:98]   --->   Operation 213 'extractvalue' 'layer13_out_1' <Predicate = true> <Delay = 0.00>
ST_19 : Operation 214 [1/1] (0.00ns)   --->   "%layer13_out_2 = extractvalue i256 %call_ret10" [firmware/nnet_utils/nnet_dense.h:41->firmware/myproject.cpp:98]   --->   Operation 214 'extractvalue' 'layer13_out_2' <Predicate = true> <Delay = 0.00>
ST_19 : Operation 215 [1/1] (0.00ns)   --->   "%layer13_out_3 = extractvalue i256 %call_ret10" [firmware/nnet_utils/nnet_dense.h:41->firmware/myproject.cpp:98]   --->   Operation 215 'extractvalue' 'layer13_out_3' <Predicate = true> <Delay = 0.00>
ST_19 : Operation 216 [1/1] (0.00ns)   --->   "%layer13_out_4 = extractvalue i256 %call_ret10" [firmware/nnet_utils/nnet_dense.h:41->firmware/myproject.cpp:98]   --->   Operation 216 'extractvalue' 'layer13_out_4' <Predicate = true> <Delay = 0.00>
ST_19 : Operation 217 [1/1] (0.00ns)   --->   "%layer13_out_5 = extractvalue i256 %call_ret10" [firmware/nnet_utils/nnet_dense.h:41->firmware/myproject.cpp:98]   --->   Operation 217 'extractvalue' 'layer13_out_5' <Predicate = true> <Delay = 0.00>
ST_19 : Operation 218 [1/1] (0.00ns)   --->   "%layer13_out_6 = extractvalue i256 %call_ret10" [firmware/nnet_utils/nnet_dense.h:41->firmware/myproject.cpp:98]   --->   Operation 218 'extractvalue' 'layer13_out_6' <Predicate = true> <Delay = 0.00>
ST_19 : Operation 219 [1/1] (0.00ns)   --->   "%layer13_out_7 = extractvalue i256 %call_ret10" [firmware/nnet_utils/nnet_dense.h:41->firmware/myproject.cpp:98]   --->   Operation 219 'extractvalue' 'layer13_out_7' <Predicate = true> <Delay = 0.00>
ST_19 : Operation 220 [1/1] (0.00ns)   --->   "%layer13_out_8 = extractvalue i256 %call_ret10" [firmware/nnet_utils/nnet_dense.h:41->firmware/myproject.cpp:98]   --->   Operation 220 'extractvalue' 'layer13_out_8' <Predicate = true> <Delay = 0.00>
ST_19 : Operation 221 [1/1] (0.00ns)   --->   "%layer13_out_9 = extractvalue i256 %call_ret10" [firmware/nnet_utils/nnet_dense.h:41->firmware/myproject.cpp:98]   --->   Operation 221 'extractvalue' 'layer13_out_9' <Predicate = true> <Delay = 0.00>
ST_19 : Operation 222 [1/1] (0.00ns)   --->   "%layer13_out_10 = extractvalue i256 %call_ret10" [firmware/nnet_utils/nnet_dense.h:41->firmware/myproject.cpp:98]   --->   Operation 222 'extractvalue' 'layer13_out_10' <Predicate = true> <Delay = 0.00>
ST_19 : Operation 223 [1/1] (0.00ns)   --->   "%layer13_out_11 = extractvalue i256 %call_ret10" [firmware/nnet_utils/nnet_dense.h:41->firmware/myproject.cpp:98]   --->   Operation 223 'extractvalue' 'layer13_out_11' <Predicate = true> <Delay = 0.00>
ST_19 : Operation 224 [1/1] (0.00ns)   --->   "%layer13_out_12 = extractvalue i256 %call_ret10" [firmware/nnet_utils/nnet_dense.h:41->firmware/myproject.cpp:98]   --->   Operation 224 'extractvalue' 'layer13_out_12' <Predicate = true> <Delay = 0.00>
ST_19 : Operation 225 [1/1] (0.00ns)   --->   "%layer13_out_13 = extractvalue i256 %call_ret10" [firmware/nnet_utils/nnet_dense.h:41->firmware/myproject.cpp:98]   --->   Operation 225 'extractvalue' 'layer13_out_13' <Predicate = true> <Delay = 0.00>
ST_19 : Operation 226 [1/1] (0.00ns)   --->   "%layer13_out_14 = extractvalue i256 %call_ret10" [firmware/nnet_utils/nnet_dense.h:41->firmware/myproject.cpp:98]   --->   Operation 226 'extractvalue' 'layer13_out_14' <Predicate = true> <Delay = 0.00>
ST_19 : Operation 227 [1/1] (0.00ns)   --->   "%layer13_out_15 = extractvalue i256 %call_ret10" [firmware/nnet_utils/nnet_dense.h:41->firmware/myproject.cpp:98]   --->   Operation 227 'extractvalue' 'layer13_out_15' <Predicate = true> <Delay = 0.00>

State 20 <SV = 19> <Delay = 3.43>
ST_20 : Operation 228 [1/1] (0.00ns)   --->   "%call_ret11 = call i256 @normalize<ap_fixed<16, 6, 5, 3, 0>, ap_fixed<16, 6, 5, 3, 0>, config25>, i16 %layer13_out, i16 %layer13_out_1, i16 %layer13_out_2, i16 %layer13_out_3, i16 %layer13_out_4, i16 %layer13_out_5, i16 %layer13_out_6, i16 %layer13_out_7, i16 %layer13_out_8, i16 %layer13_out_9, i16 %layer13_out_10, i16 %layer13_out_11, i16 %layer13_out_12, i16 %layer13_out_13, i16 %layer13_out_14, i16 %layer13_out_15" [firmware/myproject.cpp:102]   --->   Operation 228 'call' 'call_ret11' <Predicate = true> <Delay = 0.00> <CoreType = "Generic">   --->   Core 0 '' <Latency = 0> <II = 1> <Delay = 1.00> <Generic> <Opcode : >
ST_20 : Operation 229 [1/1] (0.00ns)   --->   "%layer25_out = extractvalue i256 %call_ret11" [firmware/myproject.cpp:102]   --->   Operation 229 'extractvalue' 'layer25_out' <Predicate = true> <Delay = 0.00>
ST_20 : Operation 230 [1/1] (0.00ns)   --->   "%layer25_out_1 = extractvalue i256 %call_ret11" [firmware/myproject.cpp:102]   --->   Operation 230 'extractvalue' 'layer25_out_1' <Predicate = true> <Delay = 0.00>
ST_20 : Operation 231 [1/1] (0.00ns)   --->   "%layer25_out_2 = extractvalue i256 %call_ret11" [firmware/myproject.cpp:102]   --->   Operation 231 'extractvalue' 'layer25_out_2' <Predicate = true> <Delay = 0.00>
ST_20 : Operation 232 [1/1] (0.00ns)   --->   "%layer25_out_3 = extractvalue i256 %call_ret11" [firmware/myproject.cpp:102]   --->   Operation 232 'extractvalue' 'layer25_out_3' <Predicate = true> <Delay = 0.00>
ST_20 : Operation 233 [1/1] (0.00ns)   --->   "%layer25_out_4 = extractvalue i256 %call_ret11" [firmware/myproject.cpp:102]   --->   Operation 233 'extractvalue' 'layer25_out_4' <Predicate = true> <Delay = 0.00>
ST_20 : Operation 234 [1/1] (0.00ns)   --->   "%layer25_out_5 = extractvalue i256 %call_ret11" [firmware/myproject.cpp:102]   --->   Operation 234 'extractvalue' 'layer25_out_5' <Predicate = true> <Delay = 0.00>
ST_20 : Operation 235 [1/1] (0.00ns)   --->   "%layer25_out_6 = extractvalue i256 %call_ret11" [firmware/myproject.cpp:102]   --->   Operation 235 'extractvalue' 'layer25_out_6' <Predicate = true> <Delay = 0.00>
ST_20 : Operation 236 [1/1] (0.00ns)   --->   "%layer25_out_7 = extractvalue i256 %call_ret11" [firmware/myproject.cpp:102]   --->   Operation 236 'extractvalue' 'layer25_out_7' <Predicate = true> <Delay = 0.00>
ST_20 : Operation 237 [1/1] (0.00ns)   --->   "%layer25_out_8 = extractvalue i256 %call_ret11" [firmware/myproject.cpp:102]   --->   Operation 237 'extractvalue' 'layer25_out_8' <Predicate = true> <Delay = 0.00>
ST_20 : Operation 238 [1/1] (0.00ns)   --->   "%layer25_out_9 = extractvalue i256 %call_ret11" [firmware/myproject.cpp:102]   --->   Operation 238 'extractvalue' 'layer25_out_9' <Predicate = true> <Delay = 0.00>
ST_20 : Operation 239 [1/1] (0.00ns)   --->   "%layer25_out_10 = extractvalue i256 %call_ret11" [firmware/myproject.cpp:102]   --->   Operation 239 'extractvalue' 'layer25_out_10' <Predicate = true> <Delay = 0.00>
ST_20 : Operation 240 [1/1] (0.00ns)   --->   "%layer25_out_11 = extractvalue i256 %call_ret11" [firmware/myproject.cpp:102]   --->   Operation 240 'extractvalue' 'layer25_out_11' <Predicate = true> <Delay = 0.00>
ST_20 : Operation 241 [1/1] (0.00ns)   --->   "%layer25_out_12 = extractvalue i256 %call_ret11" [firmware/myproject.cpp:102]   --->   Operation 241 'extractvalue' 'layer25_out_12' <Predicate = true> <Delay = 0.00>
ST_20 : Operation 242 [1/1] (0.00ns)   --->   "%layer25_out_13 = extractvalue i256 %call_ret11" [firmware/myproject.cpp:102]   --->   Operation 242 'extractvalue' 'layer25_out_13' <Predicate = true> <Delay = 0.00>
ST_20 : Operation 243 [1/1] (0.00ns)   --->   "%layer25_out_14 = extractvalue i256 %call_ret11" [firmware/myproject.cpp:102]   --->   Operation 243 'extractvalue' 'layer25_out_14' <Predicate = true> <Delay = 0.00>
ST_20 : Operation 244 [1/1] (0.00ns)   --->   "%layer25_out_15 = extractvalue i256 %call_ret11" [firmware/myproject.cpp:102]   --->   Operation 244 'extractvalue' 'layer25_out_15' <Predicate = true> <Delay = 0.00>
ST_20 : Operation 245 [2/2] (3.43ns)   --->   "%call_ret12 = call i32 @relu<ap_fixed<16, 6, 5, 3, 0>, ap_ufixed<2, 0, 4, 0, 0>, relu_config15>, i16 %layer25_out, i16 %layer25_out_1, i16 %layer25_out_2, i16 %layer25_out_3, i16 %layer25_out_4, i16 %layer25_out_5, i16 %layer25_out_6, i16 %layer25_out_7, i16 %layer25_out_8, i16 %layer25_out_9, i16 %layer25_out_10, i16 %layer25_out_11, i16 %layer25_out_12, i16 %layer25_out_13, i16 %layer25_out_14, i16 %layer25_out_15" [firmware/myproject.cpp:106]   --->   Operation 245 'call' 'call_ret12' <Predicate = true> <Delay = 3.43> <CoreType = "Generic">   --->   Core 0 '' <Latency = 0> <II = 1> <Delay = 1.00> <Generic> <Opcode : >

State 21 <SV = 20> <Delay = 3.07>
ST_21 : Operation 246 [1/2] (3.07ns)   --->   "%call_ret12 = call i32 @relu<ap_fixed<16, 6, 5, 3, 0>, ap_ufixed<2, 0, 4, 0, 0>, relu_config15>, i16 %layer25_out, i16 %layer25_out_1, i16 %layer25_out_2, i16 %layer25_out_3, i16 %layer25_out_4, i16 %layer25_out_5, i16 %layer25_out_6, i16 %layer25_out_7, i16 %layer25_out_8, i16 %layer25_out_9, i16 %layer25_out_10, i16 %layer25_out_11, i16 %layer25_out_12, i16 %layer25_out_13, i16 %layer25_out_14, i16 %layer25_out_15" [firmware/myproject.cpp:106]   --->   Operation 246 'call' 'call_ret12' <Predicate = true> <Delay = 3.07> <CoreType = "Generic">   --->   Core 0 '' <Latency = 0> <II = 1> <Delay = 1.00> <Generic> <Opcode : >
ST_21 : Operation 247 [1/1] (0.00ns)   --->   "%layer15_out = extractvalue i32 %call_ret12" [firmware/myproject.cpp:106]   --->   Operation 247 'extractvalue' 'layer15_out' <Predicate = true> <Delay = 0.00>
ST_21 : Operation 248 [1/1] (0.00ns)   --->   "%layer15_out_1 = extractvalue i32 %call_ret12" [firmware/myproject.cpp:106]   --->   Operation 248 'extractvalue' 'layer15_out_1' <Predicate = true> <Delay = 0.00>
ST_21 : Operation 249 [1/1] (0.00ns)   --->   "%layer15_out_2 = extractvalue i32 %call_ret12" [firmware/myproject.cpp:106]   --->   Operation 249 'extractvalue' 'layer15_out_2' <Predicate = true> <Delay = 0.00>
ST_21 : Operation 250 [1/1] (0.00ns)   --->   "%layer15_out_3 = extractvalue i32 %call_ret12" [firmware/myproject.cpp:106]   --->   Operation 250 'extractvalue' 'layer15_out_3' <Predicate = true> <Delay = 0.00>
ST_21 : Operation 251 [1/1] (0.00ns)   --->   "%layer15_out_4 = extractvalue i32 %call_ret12" [firmware/myproject.cpp:106]   --->   Operation 251 'extractvalue' 'layer15_out_4' <Predicate = true> <Delay = 0.00>
ST_21 : Operation 252 [1/1] (0.00ns)   --->   "%layer15_out_5 = extractvalue i32 %call_ret12" [firmware/myproject.cpp:106]   --->   Operation 252 'extractvalue' 'layer15_out_5' <Predicate = true> <Delay = 0.00>
ST_21 : Operation 253 [1/1] (0.00ns)   --->   "%layer15_out_6 = extractvalue i32 %call_ret12" [firmware/myproject.cpp:106]   --->   Operation 253 'extractvalue' 'layer15_out_6' <Predicate = true> <Delay = 0.00>
ST_21 : Operation 254 [1/1] (0.00ns)   --->   "%layer15_out_7 = extractvalue i32 %call_ret12" [firmware/myproject.cpp:106]   --->   Operation 254 'extractvalue' 'layer15_out_7' <Predicate = true> <Delay = 0.00>
ST_21 : Operation 255 [1/1] (0.00ns)   --->   "%layer15_out_8 = extractvalue i32 %call_ret12" [firmware/myproject.cpp:106]   --->   Operation 255 'extractvalue' 'layer15_out_8' <Predicate = true> <Delay = 0.00>
ST_21 : Operation 256 [1/1] (0.00ns)   --->   "%layer15_out_9 = extractvalue i32 %call_ret12" [firmware/myproject.cpp:106]   --->   Operation 256 'extractvalue' 'layer15_out_9' <Predicate = true> <Delay = 0.00>
ST_21 : Operation 257 [1/1] (0.00ns)   --->   "%layer15_out_10 = extractvalue i32 %call_ret12" [firmware/myproject.cpp:106]   --->   Operation 257 'extractvalue' 'layer15_out_10' <Predicate = true> <Delay = 0.00>
ST_21 : Operation 258 [1/1] (0.00ns)   --->   "%layer15_out_11 = extractvalue i32 %call_ret12" [firmware/myproject.cpp:106]   --->   Operation 258 'extractvalue' 'layer15_out_11' <Predicate = true> <Delay = 0.00>
ST_21 : Operation 259 [1/1] (0.00ns)   --->   "%layer15_out_12 = extractvalue i32 %call_ret12" [firmware/myproject.cpp:106]   --->   Operation 259 'extractvalue' 'layer15_out_12' <Predicate = true> <Delay = 0.00>
ST_21 : Operation 260 [1/1] (0.00ns)   --->   "%layer15_out_13 = extractvalue i32 %call_ret12" [firmware/myproject.cpp:106]   --->   Operation 260 'extractvalue' 'layer15_out_13' <Predicate = true> <Delay = 0.00>
ST_21 : Operation 261 [1/1] (0.00ns)   --->   "%layer15_out_14 = extractvalue i32 %call_ret12" [firmware/myproject.cpp:106]   --->   Operation 261 'extractvalue' 'layer15_out_14' <Predicate = true> <Delay = 0.00>
ST_21 : Operation 262 [1/1] (0.00ns)   --->   "%layer15_out_15 = extractvalue i32 %call_ret12" [firmware/myproject.cpp:106]   --->   Operation 262 'extractvalue' 'layer15_out_15' <Predicate = true> <Delay = 0.00>

State 22 <SV = 21> <Delay = 3.21>
ST_22 : Operation 263 [3/3] (3.21ns)   --->   "%call_ret13 = call i80 @dense_latency<ap_ufixed<2, 0, 4, 0, 0>, ap_fixed<16, 6, 5, 3, 0>, config16>, i2 %layer15_out, i2 %layer15_out_1, i2 %layer15_out_2, i2 %layer15_out_3, i2 %layer15_out_4, i2 %layer15_out_5, i2 %layer15_out_6, i2 %layer15_out_7, i2 %layer15_out_8, i2 %layer15_out_9, i2 %layer15_out_10, i2 %layer15_out_11, i2 %layer15_out_12, i2 %layer15_out_13, i2 %layer15_out_14, i2 %layer15_out_15" [firmware/nnet_utils/nnet_dense.h:41->firmware/myproject.cpp:110]   --->   Operation 263 'call' 'call_ret13' <Predicate = true> <Delay = 3.21> <CoreType = "Generic">   --->   Core 0 '' <Latency = 0> <II = 1> <Delay = 1.00> <Generic> <Opcode : >

State 23 <SV = 22> <Delay = 3.75>
ST_23 : Operation 264 [2/3] (3.75ns)   --->   "%call_ret13 = call i80 @dense_latency<ap_ufixed<2, 0, 4, 0, 0>, ap_fixed<16, 6, 5, 3, 0>, config16>, i2 %layer15_out, i2 %layer15_out_1, i2 %layer15_out_2, i2 %layer15_out_3, i2 %layer15_out_4, i2 %layer15_out_5, i2 %layer15_out_6, i2 %layer15_out_7, i2 %layer15_out_8, i2 %layer15_out_9, i2 %layer15_out_10, i2 %layer15_out_11, i2 %layer15_out_12, i2 %layer15_out_13, i2 %layer15_out_14, i2 %layer15_out_15" [firmware/nnet_utils/nnet_dense.h:41->firmware/myproject.cpp:110]   --->   Operation 264 'call' 'call_ret13' <Predicate = true> <Delay = 3.75> <CoreType = "Generic">   --->   Core 0 '' <Latency = 0> <II = 1> <Delay = 1.00> <Generic> <Opcode : >

State 24 <SV = 23> <Delay = 1.54>
ST_24 : Operation 265 [1/3] (1.54ns)   --->   "%call_ret13 = call i80 @dense_latency<ap_ufixed<2, 0, 4, 0, 0>, ap_fixed<16, 6, 5, 3, 0>, config16>, i2 %layer15_out, i2 %layer15_out_1, i2 %layer15_out_2, i2 %layer15_out_3, i2 %layer15_out_4, i2 %layer15_out_5, i2 %layer15_out_6, i2 %layer15_out_7, i2 %layer15_out_8, i2 %layer15_out_9, i2 %layer15_out_10, i2 %layer15_out_11, i2 %layer15_out_12, i2 %layer15_out_13, i2 %layer15_out_14, i2 %layer15_out_15" [firmware/nnet_utils/nnet_dense.h:41->firmware/myproject.cpp:110]   --->   Operation 265 'call' 'call_ret13' <Predicate = true> <Delay = 1.54> <CoreType = "Generic">   --->   Core 0 '' <Latency = 0> <II = 1> <Delay = 1.00> <Generic> <Opcode : >
ST_24 : Operation 266 [1/1] (0.00ns)   --->   "%layer16_out = extractvalue i80 %call_ret13" [firmware/nnet_utils/nnet_dense.h:41->firmware/myproject.cpp:110]   --->   Operation 266 'extractvalue' 'layer16_out' <Predicate = true> <Delay = 0.00>
ST_24 : Operation 267 [1/1] (0.00ns)   --->   "%layer16_out_1 = extractvalue i80 %call_ret13" [firmware/nnet_utils/nnet_dense.h:41->firmware/myproject.cpp:110]   --->   Operation 267 'extractvalue' 'layer16_out_1' <Predicate = true> <Delay = 0.00>
ST_24 : Operation 268 [1/1] (0.00ns)   --->   "%layer16_out_2 = extractvalue i80 %call_ret13" [firmware/nnet_utils/nnet_dense.h:41->firmware/myproject.cpp:110]   --->   Operation 268 'extractvalue' 'layer16_out_2' <Predicate = true> <Delay = 0.00>
ST_24 : Operation 269 [1/1] (0.00ns)   --->   "%layer16_out_3 = extractvalue i80 %call_ret13" [firmware/nnet_utils/nnet_dense.h:41->firmware/myproject.cpp:110]   --->   Operation 269 'extractvalue' 'layer16_out_3' <Predicate = true> <Delay = 0.00>
ST_24 : Operation 270 [1/1] (0.00ns)   --->   "%layer16_out_4 = extractvalue i80 %call_ret13" [firmware/nnet_utils/nnet_dense.h:41->firmware/myproject.cpp:110]   --->   Operation 270 'extractvalue' 'layer16_out_4' <Predicate = true> <Delay = 0.00>

State 25 <SV = 24> <Delay = 3.43>
ST_25 : Operation 271 [1/1] (0.00ns)   --->   "%call_ret14 = call i80 @normalize<ap_fixed<16, 6, 5, 3, 0>, ap_fixed<16, 6, 5, 3, 0>, config26>, i16 %layer16_out, i16 %layer16_out_1, i16 %layer16_out_2, i16 %layer16_out_3, i16 %layer16_out_4" [firmware/myproject.cpp:114]   --->   Operation 271 'call' 'call_ret14' <Predicate = true> <Delay = 0.00> <CoreType = "Generic">   --->   Core 0 '' <Latency = 0> <II = 1> <Delay = 1.00> <Generic> <Opcode : >
ST_25 : Operation 272 [1/1] (0.00ns)   --->   "%layer26_out = extractvalue i80 %call_ret14" [firmware/myproject.cpp:114]   --->   Operation 272 'extractvalue' 'layer26_out' <Predicate = true> <Delay = 0.00>
ST_25 : Operation 273 [1/1] (0.00ns)   --->   "%layer26_out_1 = extractvalue i80 %call_ret14" [firmware/myproject.cpp:114]   --->   Operation 273 'extractvalue' 'layer26_out_1' <Predicate = true> <Delay = 0.00>
ST_25 : Operation 274 [1/1] (0.00ns)   --->   "%layer26_out_2 = extractvalue i80 %call_ret14" [firmware/myproject.cpp:114]   --->   Operation 274 'extractvalue' 'layer26_out_2' <Predicate = true> <Delay = 0.00>
ST_25 : Operation 275 [1/1] (0.00ns)   --->   "%layer26_out_3 = extractvalue i80 %call_ret14" [firmware/myproject.cpp:114]   --->   Operation 275 'extractvalue' 'layer26_out_3' <Predicate = true> <Delay = 0.00>
ST_25 : Operation 276 [1/1] (0.00ns)   --->   "%layer26_out_4 = extractvalue i80 %call_ret14" [firmware/myproject.cpp:114]   --->   Operation 276 'extractvalue' 'layer26_out_4' <Predicate = true> <Delay = 0.00>
ST_25 : Operation 277 [2/2] (3.43ns)   --->   "%call_ret15 = call i10 @relu<ap_fixed<16, 6, 5, 3, 0>, ap_ufixed<2, 0, 4, 0, 0>, relu_config18>, i16 %layer26_out, i16 %layer26_out_1, i16 %layer26_out_2, i16 %layer26_out_3, i16 %layer26_out_4" [firmware/myproject.cpp:118]   --->   Operation 277 'call' 'call_ret15' <Predicate = true> <Delay = 3.43> <CoreType = "Generic">   --->   Core 0 '' <Latency = 0> <II = 1> <Delay = 1.00> <Generic> <Opcode : >

State 26 <SV = 25> <Delay = 3.07>
ST_26 : Operation 278 [1/2] (3.07ns)   --->   "%call_ret15 = call i10 @relu<ap_fixed<16, 6, 5, 3, 0>, ap_ufixed<2, 0, 4, 0, 0>, relu_config18>, i16 %layer26_out, i16 %layer26_out_1, i16 %layer26_out_2, i16 %layer26_out_3, i16 %layer26_out_4" [firmware/myproject.cpp:118]   --->   Operation 278 'call' 'call_ret15' <Predicate = true> <Delay = 3.07> <CoreType = "Generic">   --->   Core 0 '' <Latency = 0> <II = 1> <Delay = 1.00> <Generic> <Opcode : >
ST_26 : Operation 279 [1/1] (0.00ns)   --->   "%layer18_out = extractvalue i10 %call_ret15" [firmware/myproject.cpp:118]   --->   Operation 279 'extractvalue' 'layer18_out' <Predicate = true> <Delay = 0.00>
ST_26 : Operation 280 [1/1] (0.00ns)   --->   "%layer18_out_1 = extractvalue i10 %call_ret15" [firmware/myproject.cpp:118]   --->   Operation 280 'extractvalue' 'layer18_out_1' <Predicate = true> <Delay = 0.00>
ST_26 : Operation 281 [1/1] (0.00ns)   --->   "%layer18_out_2 = extractvalue i10 %call_ret15" [firmware/myproject.cpp:118]   --->   Operation 281 'extractvalue' 'layer18_out_2' <Predicate = true> <Delay = 0.00>
ST_26 : Operation 282 [1/1] (0.00ns)   --->   "%layer18_out_3 = extractvalue i10 %call_ret15" [firmware/myproject.cpp:118]   --->   Operation 282 'extractvalue' 'layer18_out_3' <Predicate = true> <Delay = 0.00>
ST_26 : Operation 283 [1/1] (0.00ns)   --->   "%layer18_out_4 = extractvalue i10 %call_ret15" [firmware/myproject.cpp:118]   --->   Operation 283 'extractvalue' 'layer18_out_4' <Predicate = true> <Delay = 0.00>

State 27 <SV = 26> <Delay = 3.21>
ST_27 : Operation 284 [2/2] (3.21ns)   --->   "%layer19_out = call i12 @dense_latency<ap_ufixed<2, 0, 4, 0, 0>, ap_fixed<16, 6, 5, 3, 0>, config19>, i2 %layer18_out, i2 %layer18_out_1, i2 %layer18_out_2, i2 %layer18_out_3, i2 %layer18_out_4" [firmware/nnet_utils/nnet_dense.h:41->firmware/myproject.cpp:122]   --->   Operation 284 'call' 'layer19_out' <Predicate = true> <Delay = 3.21> <CoreType = "Generic">   --->   Core 0 '' <Latency = 0> <II = 1> <Delay = 1.00> <Generic> <Opcode : >

State 28 <SV = 27> <Delay = 3.38>
ST_28 : Operation 285 [1/2] (3.38ns)   --->   "%layer19_out = call i12 @dense_latency<ap_ufixed<2, 0, 4, 0, 0>, ap_fixed<16, 6, 5, 3, 0>, config19>, i2 %layer18_out, i2 %layer18_out_1, i2 %layer18_out_2, i2 %layer18_out_3, i2 %layer18_out_4" [firmware/nnet_utils/nnet_dense.h:41->firmware/myproject.cpp:122]   --->   Operation 285 'call' 'layer19_out' <Predicate = true> <Delay = 3.38> <CoreType = "Generic">   --->   Core 0 '' <Latency = 0> <II = 1> <Delay = 1.00> <Generic> <Opcode : >

State 29 <SV = 28> <Delay = 3.49>
ST_29 : Operation 286 [1/1] (0.00ns)   --->   "%layer27_out = call i12 @normalize<ap_fixed<16, 6, 5, 3, 0>, ap_fixed<16, 6, 5, 3, 0>, config27>, i12 %layer19_out" [firmware/myproject.cpp:126]   --->   Operation 286 'call' 'layer27_out' <Predicate = true> <Delay = 0.00> <CoreType = "Generic">   --->   Core 0 '' <Latency = 0> <II = 1> <Delay = 1.00> <Generic> <Opcode : >
ST_29 : Operation 287 [1/1] (0.00ns)   --->   "%shl_ln = bitconcatenate i13 @_ssdm_op_BitConcatenate.i13.i12.i1, i12 %layer27_out, i1 0" [firmware/nnet_utils/nnet_activation.h:468->firmware/myproject.cpp:128]   --->   Operation 287 'bitconcatenate' 'shl_ln' <Predicate = true> <Delay = 0.00>
ST_29 : Operation 288 [1/1] (0.00ns)   --->   "%sext_ln468 = sext i13 %shl_ln" [firmware/nnet_utils/nnet_activation.h:468->firmware/myproject.cpp:128]   --->   Operation 288 'sext' 'sext_ln468' <Predicate = true> <Delay = 0.00>
ST_29 : Operation 289 [1/1] (1.67ns)   --->   "%sigmoid = add i14 %sext_ln468, i14 2048" [firmware/nnet_utils/nnet_activation.h:468->firmware/myproject.cpp:128]   --->   Operation 289 'add' 'sigmoid' <Predicate = true> <Delay = 1.67> <CoreInst = "Adder">   --->   Core 1 'Adder' <Latency = 0> <II = 1> <Delay = 1.67> <FuncUnit> <Opcode : 'add' 'sub'> <InPorts = 2> <OutPorts = 1>
ST_29 : Operation 290 [1/1] (1.81ns)   --->   "%icmp_ln469 = icmp_sgt  i14 %sigmoid, i14 4096" [firmware/nnet_utils/nnet_activation.h:469->firmware/myproject.cpp:128]   --->   Operation 290 'icmp' 'icmp_ln469' <Predicate = true> <Delay = 1.81> <CoreInst = "Cmp">   --->   Core 9 'Cmp' <Latency = 0> <II = 1> <Delay = 1.81> <FuncUnit> <Opcode : 'seteq' 'setne' 'setle' 'setge' 'setlt' 'setgt'> <InPorts = 2> <OutPorts = 1>

State 30 <SV = 29> <Delay = 3.54>
ST_30 : Operation 291 [1/1] (0.00ns) (grouped into LUT with out node add_ln473)   --->   "%sext_ln468_1 = sext i14 %sigmoid" [firmware/nnet_utils/nnet_activation.h:468->firmware/myproject.cpp:128]   --->   Operation 291 'sext' 'sext_ln468_1' <Predicate = true> <Delay = 0.00>
ST_30 : Operation 292 [1/1] (0.00ns) (grouped into LUT with out node add_ln473)   --->   "%tmp = bitselect i1 @_ssdm_op_BitSelect.i1.i18.i32, i18 %sext_ln468_1, i32 17" [firmware/nnet_utils/nnet_activation.h:471->firmware/myproject.cpp:128]   --->   Operation 292 'bitselect' 'tmp' <Predicate = true> <Delay = 0.00>
ST_30 : Operation 293 [1/1] (0.00ns) (grouped into LUT with out node add_ln473)   --->   "%or_ln469 = or i1 %icmp_ln469, i1 %tmp" [firmware/nnet_utils/nnet_activation.h:469->firmware/myproject.cpp:128]   --->   Operation 293 'or' 'or_ln469' <Predicate = true> <Delay = 0.00> <CoreInst = "LogicGate">   --->   Core 74 'LogicGate' <Latency = 0> <II = 1> <Delay = 0.97> <FuncUnit> <Opcode : 'and' 'or' 'xor'> <InPorts = 2> <OutPorts = 1>
ST_30 : Operation 294 [1/1] (0.00ns) (grouped into LUT with out node add_ln473)   --->   "%select_ln469 = select i1 %icmp_ln469, i13 4096, i13 0" [firmware/nnet_utils/nnet_activation.h:469->firmware/myproject.cpp:128]   --->   Operation 294 'select' 'select_ln469' <Predicate = true> <Delay = 0.00> <CoreInst = "Sel">   --->   Core 73 'Sel' <Latency = 0> <II = 1> <Delay = 0.69> <FuncUnit> <Opcode : 'select'> <InPorts = 3> <OutPorts = 1>
ST_30 : Operation 295 [1/1] (0.00ns) (grouped into LUT with out node add_ln473)   --->   "%trunc_ln473 = trunc i14 %sigmoid" [firmware/nnet_utils/nnet_activation.h:473->firmware/myproject.cpp:128]   --->   Operation 295 'trunc' 'trunc_ln473' <Predicate = true> <Delay = 0.00>
ST_30 : Operation 296 [1/1] (0.00ns) (grouped into LUT with out node add_ln473)   --->   "%select_ln469_1 = select i1 %or_ln469, i13 %select_ln469, i13 %trunc_ln473" [firmware/nnet_utils/nnet_activation.h:469->firmware/myproject.cpp:128]   --->   Operation 296 'select' 'select_ln469_1' <Predicate = true> <Delay = 0.00> <CoreInst = "Sel">   --->   Core 73 'Sel' <Latency = 0> <II = 1> <Delay = 0.69> <FuncUnit> <Opcode : 'select'> <InPorts = 3> <OutPorts = 1>
ST_30 : Operation 297 [1/1] (0.00ns) (grouped into LUT with out node add_ln473)   --->   "%shl_ln1 = bitconcatenate i14 @_ssdm_op_BitConcatenate.i14.i13.i1, i13 %select_ln469_1, i1 0" [firmware/nnet_utils/nnet_activation.h:473->firmware/myproject.cpp:128]   --->   Operation 297 'bitconcatenate' 'shl_ln1' <Predicate = true> <Delay = 0.00>
ST_30 : Operation 298 [1/1] (1.81ns) (out node of the LUT)   --->   "%add_ln473 = add i14 %shl_ln1, i14 12288" [firmware/nnet_utils/nnet_activation.h:473->firmware/myproject.cpp:128]   --->   Operation 298 'add' 'add_ln473' <Predicate = true> <Delay = 1.81> <CoreInst = "Adder">   --->   Core 1 'Adder' <Latency = 0> <II = 1> <Delay = 1.81> <FuncUnit> <Opcode : 'add' 'sub'> <InPorts = 2> <OutPorts = 1>
ST_30 : Operation 299 [1/1] (0.00ns)   --->   "%tmp_389 = bitselect i1 @_ssdm_op_BitSelect.i1.i14.i32, i14 %add_ln473, i32 13" [firmware/nnet_utils/nnet_activation.h:473->firmware/myproject.cpp:128]   --->   Operation 299 'bitselect' 'tmp_389' <Predicate = true> <Delay = 0.00>
ST_30 : Operation 300 [1/1] (0.00ns)   --->   "%trunc_ln473_1 = trunc i14 %add_ln473" [firmware/nnet_utils/nnet_activation.h:473->firmware/myproject.cpp:128]   --->   Operation 300 'trunc' 'trunc_ln473_1' <Predicate = true> <Delay = 0.00>
ST_30 : Operation 301 [1/1] (1.73ns)   --->   "%icmp_ln473 = icmp_ne  i4 %trunc_ln473_1, i4 0" [firmware/nnet_utils/nnet_activation.h:473->firmware/myproject.cpp:128]   --->   Operation 301 'icmp' 'icmp_ln473' <Predicate = true> <Delay = 1.73> <CoreInst = "Cmp">   --->   Core 9 'Cmp' <Latency = 0> <II = 1> <Delay = 1.73> <FuncUnit> <Opcode : 'seteq' 'setne' 'setle' 'setge' 'setlt' 'setgt'> <InPorts = 2> <OutPorts = 1>
ST_30 : Operation 302 [1/1] (0.00ns)   --->   "%tmp_391 = bitselect i1 @_ssdm_op_BitSelect.i1.i14.i32, i14 %add_ln473, i32 12" [firmware/nnet_utils/nnet_activation.h:473->firmware/myproject.cpp:128]   --->   Operation 302 'bitselect' 'tmp_391' <Predicate = true> <Delay = 0.00>

State 31 <SV = 30> <Delay = 4.14>
ST_31 : Operation 303 [1/1] (0.00ns)   --->   "%specpipeline_ln0 = specpipeline void @_ssdm_op_SpecPipeline, i32 4294967295, i32 0, i32 0, i32 0, void @empty_0"   --->   Operation 303 'specpipeline' 'specpipeline_ln0' <Predicate = true> <Delay = 0.00>
ST_31 : Operation 304 [1/1] (0.00ns)   --->   "%spectopmodule_ln0 = spectopmodule void @_ssdm_op_SpecTopModule, void @empty_2"   --->   Operation 304 'spectopmodule' 'spectopmodule_ln0' <Predicate = true> <Delay = 0.00>
ST_31 : Operation 305 [1/1] (0.00ns)   --->   "%specbitsmap_ln0 = specbitsmap void @_ssdm_op_SpecBitsMap, i16 %y_size"   --->   Operation 305 'specbitsmap' 'specbitsmap_ln0' <Predicate = true> <Delay = 0.00>
ST_31 : Operation 306 [1/1] (0.00ns)   --->   "%specinterface_ln0 = specinterface void @_ssdm_op_SpecInterface, i16 %y_size, void @empty, i32 4294967295, i32 4294967295, void @empty_0, i32 0, i32 0, void @empty_0, void @empty_0, void @empty_0, i32 0, i32 0, i32 0, i32 0, void @empty_0, void @empty_0, i32 4294967295, i32 0, i32 0"   --->   Operation 306 'specinterface' 'specinterface_ln0' <Predicate = true> <Delay = 0.00>
ST_31 : Operation 307 [1/1] (0.00ns)   --->   "%specbitsmap_ln0 = specbitsmap void @_ssdm_op_SpecBitsMap, i16 %y_local"   --->   Operation 307 'specbitsmap' 'specbitsmap_ln0' <Predicate = true> <Delay = 0.00>
ST_31 : Operation 308 [1/1] (0.00ns)   --->   "%specinterface_ln0 = specinterface void @_ssdm_op_SpecInterface, i16 %y_local, void @empty, i32 4294967295, i32 4294967295, void @empty_0, i32 0, i32 0, void @empty_0, void @empty_0, void @empty_0, i32 0, i32 0, i32 0, i32 0, void @empty_0, void @empty_0, i32 4294967295, i32 0, i32 0"   --->   Operation 308 'specinterface' 'specinterface_ln0' <Predicate = true> <Delay = 0.00>
ST_31 : Operation 309 [1/1] (0.00ns)   --->   "%specbitsmap_ln0 = specbitsmap void @_ssdm_op_SpecBitsMap, i8 %layer21_out"   --->   Operation 309 'specbitsmap' 'specbitsmap_ln0' <Predicate = true> <Delay = 0.00>
ST_31 : Operation 310 [1/1] (0.00ns)   --->   "%specinterface_ln0 = specinterface void @_ssdm_op_SpecInterface, i8 %layer21_out, void @empty, i32 4294967295, i32 4294967295, void @empty_0, i32 0, i32 0, void @empty_0, void @empty_0, void @empty_0, i32 0, i32 0, i32 0, i32 0, void @empty_0, void @empty_0, i32 4294967295, i32 0, i32 0"   --->   Operation 310 'specinterface' 'specinterface_ln0' <Predicate = true> <Delay = 0.00>
ST_31 : Operation 311 [1/1] (0.00ns) (grouped into LUT with out node add_ln473_1)   --->   "%trunc_ln1 = partselect i8 @_ssdm_op_PartSelect.i8.i14.i32.i32, i14 %add_ln473, i32 5, i32 12" [firmware/nnet_utils/nnet_activation.h:473->firmware/myproject.cpp:128]   --->   Operation 311 'partselect' 'trunc_ln1' <Predicate = true> <Delay = 0.00>
ST_31 : Operation 312 [1/1] (0.00ns) (grouped into LUT with out node add_ln473_1)   --->   "%tmp_390 = bitselect i1 @_ssdm_op_BitSelect.i1.i14.i32, i14 %add_ln473, i32 4" [firmware/nnet_utils/nnet_activation.h:473->firmware/myproject.cpp:128]   --->   Operation 312 'bitselect' 'tmp_390' <Predicate = true> <Delay = 0.00>
ST_31 : Operation 313 [1/1] (0.00ns) (grouped into LUT with out node add_ln473_1)   --->   "%tmp_392 = bitselect i1 @_ssdm_op_BitSelect.i1.i14.i32, i14 %add_ln473, i32 5" [firmware/nnet_utils/nnet_activation.h:473->firmware/myproject.cpp:128]   --->   Operation 313 'bitselect' 'tmp_392' <Predicate = true> <Delay = 0.00>
ST_31 : Operation 314 [1/1] (0.00ns) (grouped into LUT with out node add_ln473_1)   --->   "%or_ln473 = or i1 %tmp_392, i1 %icmp_ln473" [firmware/nnet_utils/nnet_activation.h:473->firmware/myproject.cpp:128]   --->   Operation 314 'or' 'or_ln473' <Predicate = true> <Delay = 0.00> <CoreInst = "LogicGate">   --->   Core 74 'LogicGate' <Latency = 0> <II = 1> <Delay = 0.97> <FuncUnit> <Opcode : 'and' 'or' 'xor'> <InPorts = 2> <OutPorts = 1>
ST_31 : Operation 315 [1/1] (0.00ns) (grouped into LUT with out node add_ln473_1)   --->   "%and_ln473 = and i1 %or_ln473, i1 %tmp_390" [firmware/nnet_utils/nnet_activation.h:473->firmware/myproject.cpp:128]   --->   Operation 315 'and' 'and_ln473' <Predicate = true> <Delay = 0.00> <CoreInst = "LogicGate">   --->   Core 74 'LogicGate' <Latency = 0> <II = 1> <Delay = 0.97> <FuncUnit> <Opcode : 'and' 'or' 'xor'> <InPorts = 2> <OutPorts = 1>
ST_31 : Operation 316 [1/1] (0.00ns) (grouped into LUT with out node add_ln473_1)   --->   "%zext_ln473 = zext i1 %and_ln473" [firmware/nnet_utils/nnet_activation.h:473->firmware/myproject.cpp:128]   --->   Operation 316 'zext' 'zext_ln473' <Predicate = true> <Delay = 0.00>
ST_31 : Operation 317 [1/1] (1.91ns) (out node of the LUT)   --->   "%add_ln473_1 = add i8 %trunc_ln1, i8 %zext_ln473" [firmware/nnet_utils/nnet_activation.h:473->firmware/myproject.cpp:128]   --->   Operation 317 'add' 'add_ln473_1' <Predicate = true> <Delay = 1.91> <CoreInst = "Adder">   --->   Core 1 'Adder' <Latency = 0> <II = 1> <Delay = 1.91> <FuncUnit> <Opcode : 'add' 'sub'> <InPorts = 2> <OutPorts = 1>
ST_31 : Operation 318 [1/1] (0.00ns)   --->   "%tmp_393 = bitselect i1 @_ssdm_op_BitSelect.i1.i8.i32, i8 %add_ln473_1, i32 7" [firmware/nnet_utils/nnet_activation.h:473->firmware/myproject.cpp:128]   --->   Operation 318 'bitselect' 'tmp_393' <Predicate = true> <Delay = 0.00>
ST_31 : Operation 319 [1/1] (0.00ns) (grouped into LUT with out node and_ln473_1)   --->   "%xor_ln473 = xor i1 %tmp_391, i1 1" [firmware/nnet_utils/nnet_activation.h:473->firmware/myproject.cpp:128]   --->   Operation 319 'xor' 'xor_ln473' <Predicate = true> <Delay = 0.00> <CoreInst = "LogicGate">   --->   Core 74 'LogicGate' <Latency = 0> <II = 1> <Delay = 0.97> <FuncUnit> <Opcode : 'and' 'or' 'xor'> <InPorts = 2> <OutPorts = 1>
ST_31 : Operation 320 [1/1] (0.00ns) (grouped into LUT with out node and_ln473_1)   --->   "%or_ln473_3 = or i1 %tmp_393, i1 %xor_ln473" [firmware/nnet_utils/nnet_activation.h:473->firmware/myproject.cpp:128]   --->   Operation 320 'or' 'or_ln473_3' <Predicate = true> <Delay = 0.00> <CoreInst = "LogicGate">   --->   Core 74 'LogicGate' <Latency = 0> <II = 1> <Delay = 0.97> <FuncUnit> <Opcode : 'and' 'or' 'xor'> <InPorts = 2> <OutPorts = 1>
ST_31 : Operation 321 [1/1] (0.00ns) (grouped into LUT with out node and_ln473_1)   --->   "%xor_ln473_2 = xor i1 %tmp_389, i1 %or_ln473_3" [firmware/nnet_utils/nnet_activation.h:473->firmware/myproject.cpp:128]   --->   Operation 321 'xor' 'xor_ln473_2' <Predicate = true> <Delay = 0.00> <CoreInst = "LogicGate">   --->   Core 74 'LogicGate' <Latency = 0> <II = 1> <Delay = 0.97> <FuncUnit> <Opcode : 'and' 'or' 'xor'> <InPorts = 2> <OutPorts = 1>
ST_31 : Operation 322 [1/1] (0.00ns) (grouped into LUT with out node and_ln473_1)   --->   "%xor_ln473_1 = xor i1 %tmp_389, i1 1" [firmware/nnet_utils/nnet_activation.h:473->firmware/myproject.cpp:128]   --->   Operation 322 'xor' 'xor_ln473_1' <Predicate = true> <Delay = 0.00> <CoreInst = "LogicGate">   --->   Core 74 'LogicGate' <Latency = 0> <II = 1> <Delay = 0.97> <FuncUnit> <Opcode : 'and' 'or' 'xor'> <InPorts = 2> <OutPorts = 1>
ST_31 : Operation 323 [1/1] (0.00ns) (grouped into LUT with out node and_ln473_1)   --->   "%xor_ln473_3 = xor i1 %xor_ln473_2, i1 1" [firmware/nnet_utils/nnet_activation.h:473->firmware/myproject.cpp:128]   --->   Operation 323 'xor' 'xor_ln473_3' <Predicate = true> <Delay = 0.00> <CoreInst = "LogicGate">   --->   Core 74 'LogicGate' <Latency = 0> <II = 1> <Delay = 0.97> <FuncUnit> <Opcode : 'and' 'or' 'xor'> <InPorts = 2> <OutPorts = 1>
ST_31 : Operation 324 [1/1] (0.00ns) (grouped into LUT with out node and_ln473_1)   --->   "%or_ln473_1 = or i1 %tmp_393, i1 %xor_ln473_3" [firmware/nnet_utils/nnet_activation.h:473->firmware/myproject.cpp:128]   --->   Operation 324 'or' 'or_ln473_1' <Predicate = true> <Delay = 0.00> <CoreInst = "LogicGate">   --->   Core 74 'LogicGate' <Latency = 0> <II = 1> <Delay = 0.97> <FuncUnit> <Opcode : 'and' 'or' 'xor'> <InPorts = 2> <OutPorts = 1>
ST_31 : Operation 325 [1/1] (0.97ns) (out node of the LUT)   --->   "%and_ln473_1 = and i1 %or_ln473_1, i1 %xor_ln473_1" [firmware/nnet_utils/nnet_activation.h:473->firmware/myproject.cpp:128]   --->   Operation 325 'and' 'and_ln473_1' <Predicate = true> <Delay = 0.97> <CoreInst = "LogicGate">   --->   Core 74 'LogicGate' <Latency = 0> <II = 1> <Delay = 0.97> <FuncUnit> <Opcode : 'and' 'or' 'xor'> <InPorts = 2> <OutPorts = 1>
ST_31 : Operation 326 [1/1] (0.00ns) (grouped into LUT with out node select_ln473_1)   --->   "%or_ln473_4 = or i1 %tmp_391, i1 %tmp_393" [firmware/nnet_utils/nnet_activation.h:473->firmware/myproject.cpp:128]   --->   Operation 326 'or' 'or_ln473_4' <Predicate = true> <Delay = 0.00> <CoreInst = "LogicGate">   --->   Core 74 'LogicGate' <Latency = 0> <II = 1> <Delay = 0.97> <FuncUnit> <Opcode : 'and' 'or' 'xor'> <InPorts = 2> <OutPorts = 1>
ST_31 : Operation 327 [1/1] (0.00ns) (grouped into LUT with out node select_ln473_1)   --->   "%xor_ln473_4 = xor i1 %or_ln473_4, i1 1" [firmware/nnet_utils/nnet_activation.h:473->firmware/myproject.cpp:128]   --->   Operation 327 'xor' 'xor_ln473_4' <Predicate = true> <Delay = 0.00> <CoreInst = "LogicGate">   --->   Core 74 'LogicGate' <Latency = 0> <II = 1> <Delay = 0.97> <FuncUnit> <Opcode : 'and' 'or' 'xor'> <InPorts = 2> <OutPorts = 1>
ST_31 : Operation 328 [1/1] (0.00ns) (grouped into LUT with out node select_ln473_1)   --->   "%and_ln473_2 = and i1 %tmp_389, i1 %xor_ln473_4" [firmware/nnet_utils/nnet_activation.h:473->firmware/myproject.cpp:128]   --->   Operation 328 'and' 'and_ln473_2' <Predicate = true> <Delay = 0.00> <CoreInst = "LogicGate">   --->   Core 74 'LogicGate' <Latency = 0> <II = 1> <Delay = 0.97> <FuncUnit> <Opcode : 'and' 'or' 'xor'> <InPorts = 2> <OutPorts = 1>
ST_31 : Operation 329 [1/1] (0.00ns) (grouped into LUT with out node select_ln473_1)   --->   "%select_ln473 = select i1 %and_ln473_1, i8 127, i8 128" [firmware/nnet_utils/nnet_activation.h:473->firmware/myproject.cpp:128]   --->   Operation 329 'select' 'select_ln473' <Predicate = true> <Delay = 0.00> <CoreInst = "Sel">   --->   Core 73 'Sel' <Latency = 0> <II = 1> <Delay = 1.24> <FuncUnit> <Opcode : 'select'> <InPorts = 3> <OutPorts = 1>
ST_31 : Operation 330 [1/1] (0.00ns) (grouped into LUT with out node select_ln473_1)   --->   "%or_ln473_2 = or i1 %and_ln473_1, i1 %and_ln473_2" [firmware/nnet_utils/nnet_activation.h:473->firmware/myproject.cpp:128]   --->   Operation 330 'or' 'or_ln473_2' <Predicate = true> <Delay = 0.00> <CoreInst = "LogicGate">   --->   Core 74 'LogicGate' <Latency = 0> <II = 1> <Delay = 0.97> <FuncUnit> <Opcode : 'and' 'or' 'xor'> <InPorts = 2> <OutPorts = 1>
ST_31 : Operation 331 [1/1] (1.24ns) (out node of the LUT)   --->   "%select_ln473_1 = select i1 %or_ln473_2, i8 %select_ln473, i8 %add_ln473_1" [firmware/nnet_utils/nnet_activation.h:473->firmware/myproject.cpp:128]   --->   Operation 331 'select' 'select_ln473_1' <Predicate = true> <Delay = 1.24> <CoreInst = "Sel">   --->   Core 73 'Sel' <Latency = 0> <II = 1> <Delay = 1.24> <FuncUnit> <Opcode : 'select'> <InPorts = 3> <OutPorts = 1>
ST_31 : Operation 332 [1/1] (0.00ns)   --->   "%write_ln473 = write void @_ssdm_op_Write.ap_vld.i8P0A, i8 %layer21_out, i8 %select_ln473_1" [firmware/nnet_utils/nnet_activation.h:473->firmware/myproject.cpp:128]   --->   Operation 332 'write' 'write_ln473' <Predicate = true> <Delay = 0.00>
ST_31 : Operation 333 [1/1] (0.00ns)   --->   "%ret_ln130 = ret" [firmware/myproject.cpp:130]   --->   Operation 333 'ret' 'ret_ln130' <Predicate = true> <Delay = 0.00>


============================================================
+ Verbose Summary: Timing violations
============================================================
Target clock period: 5.000ns, clock uncertainty: 0.625ns.

 <State 1>: 4.154ns
The critical path consists of the following:
	wire read operation ('y_size_read') on port 'y_size' [12]  (0.000 ns)
	'call' operation 32 bit ('call_ret1', firmware/myproject.cpp:58) to 'concatenate1d<ap_fixed,ap_fixed,ap_fixed<16,6,5,3,0>,config3>' [14]  (0.000 ns)
	'call' operation 272 bit ('call_ret2', firmware/nnet_utils/nnet_dense.h:41->firmware/myproject.cpp:62) to 'dense_latency<ap_fixed<16, 6, 5, 3, 0>, ap_fixed<16, 6, 5, 3, 0>, config4>' [17]  (4.154 ns)

 <State 2>: 3.435ns
The critical path consists of the following:
	'call' operation 272 bit ('call_ret3', firmware/myproject.cpp:66) to 'normalize<ap_fixed<16, 6, 5, 3, 0>, ap_fixed<16, 6, 5, 3, 0>, config22>' [50]  (0.000 ns)
	'call' operation 34 bit ('call_ret4', firmware/myproject.cpp:70) to 'relu<ap_fixed<16, 6, 5, 3, 0>, ap_ufixed<2, 0, 4, 0, 0>, relu_config6>' [68]  (3.435 ns)

 <State 3>: 3.070ns
The critical path consists of the following:
	'call' operation 34 bit ('call_ret4', firmware/myproject.cpp:70) to 'relu<ap_fixed<16, 6, 5, 3, 0>, ap_ufixed<2, 0, 4, 0, 0>, relu_config6>' [68]  (3.070 ns)

 <State 4>: 1.565ns
The critical path consists of the following:
	'call' operation 320 bit ('call_ret5', firmware/nnet_utils/nnet_dense.h:41->firmware/myproject.cpp:74) to 'dense_latency<ap_ufixed<2, 0, 4, 0, 0>, ap_fixed<16, 6, 5, 3, 0>, config7>' [86]  (1.565 ns)

 <State 5>: 3.786ns
The critical path consists of the following:
	'call' operation 320 bit ('call_ret5', firmware/nnet_utils/nnet_dense.h:41->firmware/myproject.cpp:74) to 'dense_latency<ap_ufixed<2, 0, 4, 0, 0>, ap_fixed<16, 6, 5, 3, 0>, config7>' [86]  (3.786 ns)

 <State 6>: 3.786ns
The critical path consists of the following:
	'call' operation 320 bit ('call_ret5', firmware/nnet_utils/nnet_dense.h:41->firmware/myproject.cpp:74) to 'dense_latency<ap_ufixed<2, 0, 4, 0, 0>, ap_fixed<16, 6, 5, 3, 0>, config7>' [86]  (3.786 ns)

 <State 7>: 3.786ns
The critical path consists of the following:
	'call' operation 320 bit ('call_ret5', firmware/nnet_utils/nnet_dense.h:41->firmware/myproject.cpp:74) to 'dense_latency<ap_ufixed<2, 0, 4, 0, 0>, ap_fixed<16, 6, 5, 3, 0>, config7>' [86]  (3.786 ns)

 <State 8>: 3.786ns
The critical path consists of the following:
	'call' operation 320 bit ('call_ret5', firmware/nnet_utils/nnet_dense.h:41->firmware/myproject.cpp:74) to 'dense_latency<ap_ufixed<2, 0, 4, 0, 0>, ap_fixed<16, 6, 5, 3, 0>, config7>' [86]  (3.786 ns)

 <State 9>: 3.435ns
The critical path consists of the following:
	'call' operation 320 bit ('call_ret6', firmware/myproject.cpp:78) to 'normalize<ap_fixed<16, 6, 5, 3, 0>, ap_fixed<16, 6, 5, 3, 0>, config23>' [107]  (0.000 ns)
	'call' operation 40 bit ('call_ret', firmware/myproject.cpp:82) to 'relu<ap_fixed<16, 6, 5, 3, 0>, ap_ufixed<2, 0, 4, 0, 0>, relu_config9>' [128]  (3.435 ns)

 <State 10>: 3.070ns
The critical path consists of the following:
	'call' operation 40 bit ('call_ret', firmware/myproject.cpp:82) to 'relu<ap_fixed<16, 6, 5, 3, 0>, ap_ufixed<2, 0, 4, 0, 0>, relu_config9>' [128]  (3.070 ns)

 <State 11>: 3.215ns
The critical path consists of the following:
	'call' operation 144 bit ('call_ret7', firmware/nnet_utils/nnet_dense.h:41->firmware/myproject.cpp:86) to 'dense_latency<ap_ufixed<2, 0, 4, 0, 0>, ap_fixed<16, 6, 5, 3, 0>, config10>' [149]  (3.215 ns)

 <State 12>: 3.786ns
The critical path consists of the following:
	'call' operation 144 bit ('call_ret7', firmware/nnet_utils/nnet_dense.h:41->firmware/myproject.cpp:86) to 'dense_latency<ap_ufixed<2, 0, 4, 0, 0>, ap_fixed<16, 6, 5, 3, 0>, config10>' [149]  (3.786 ns)

 <State 13>: 3.786ns
The critical path consists of the following:
	'call' operation 144 bit ('call_ret7', firmware/nnet_utils/nnet_dense.h:41->firmware/myproject.cpp:86) to 'dense_latency<ap_ufixed<2, 0, 4, 0, 0>, ap_fixed<16, 6, 5, 3, 0>, config10>' [149]  (3.786 ns)

 <State 14>: 3.786ns
The critical path consists of the following:
	'call' operation 144 bit ('call_ret7', firmware/nnet_utils/nnet_dense.h:41->firmware/myproject.cpp:86) to 'dense_latency<ap_ufixed<2, 0, 4, 0, 0>, ap_fixed<16, 6, 5, 3, 0>, config10>' [149]  (3.786 ns)

 <State 15>: 3.786ns
The critical path consists of the following:
	'call' operation 144 bit ('call_ret7', firmware/nnet_utils/nnet_dense.h:41->firmware/myproject.cpp:86) to 'dense_latency<ap_ufixed<2, 0, 4, 0, 0>, ap_fixed<16, 6, 5, 3, 0>, config10>' [149]  (3.786 ns)

 <State 16>: 3.435ns
The critical path consists of the following:
	'call' operation 144 bit ('call_ret8', firmware/myproject.cpp:90) to 'normalize<ap_fixed<16, 6, 5, 3, 0>, ap_fixed<16, 6, 5, 3, 0>, config24>' [159]  (0.000 ns)
	'call' operation 18 bit ('call_ret9', firmware/myproject.cpp:94) to 'relu<ap_fixed<16, 6, 5, 3, 0>, ap_ufixed<2, 0, 4, 0, 0>, relu_config12>' [169]  (3.435 ns)

 <State 17>: 3.070ns
The critical path consists of the following:
	'call' operation 18 bit ('call_ret9', firmware/myproject.cpp:94) to 'relu<ap_fixed<16, 6, 5, 3, 0>, ap_ufixed<2, 0, 4, 0, 0>, relu_config12>' [169]  (3.070 ns)

 <State 18>: 3.296ns
The critical path consists of the following:
	'call' operation 256 bit ('call_ret10', firmware/nnet_utils/nnet_dense.h:41->firmware/myproject.cpp:98) to 'dense_latency<ap_ufixed<2, 0, 4, 0, 0>, ap_fixed<16, 6, 5, 3, 0>, config13>' [179]  (3.296 ns)

 <State 19>: 3.786ns
The critical path consists of the following:
	'call' operation 256 bit ('call_ret10', firmware/nnet_utils/nnet_dense.h:41->firmware/myproject.cpp:98) to 'dense_latency<ap_ufixed<2, 0, 4, 0, 0>, ap_fixed<16, 6, 5, 3, 0>, config13>' [179]  (3.786 ns)

 <State 20>: 3.435ns
The critical path consists of the following:
	'call' operation 256 bit ('call_ret11', firmware/myproject.cpp:102) to 'normalize<ap_fixed<16, 6, 5, 3, 0>, ap_fixed<16, 6, 5, 3, 0>, config25>' [196]  (0.000 ns)
	'call' operation 32 bit ('call_ret12', firmware/myproject.cpp:106) to 'relu<ap_fixed<16, 6, 5, 3, 0>, ap_ufixed<2, 0, 4, 0, 0>, relu_config15>' [213]  (3.435 ns)

 <State 21>: 3.070ns
The critical path consists of the following:
	'call' operation 32 bit ('call_ret12', firmware/myproject.cpp:106) to 'relu<ap_fixed<16, 6, 5, 3, 0>, ap_ufixed<2, 0, 4, 0, 0>, relu_config15>' [213]  (3.070 ns)

 <State 22>: 3.215ns
The critical path consists of the following:
	'call' operation 80 bit ('call_ret13', firmware/nnet_utils/nnet_dense.h:41->firmware/myproject.cpp:110) to 'dense_latency<ap_ufixed<2, 0, 4, 0, 0>, ap_fixed<16, 6, 5, 3, 0>, config16>' [230]  (3.215 ns)

 <State 23>: 3.757ns
The critical path consists of the following:
	'call' operation 80 bit ('call_ret13', firmware/nnet_utils/nnet_dense.h:41->firmware/myproject.cpp:110) to 'dense_latency<ap_ufixed<2, 0, 4, 0, 0>, ap_fixed<16, 6, 5, 3, 0>, config16>' [230]  (3.757 ns)

 <State 24>: 1.547ns
The critical path consists of the following:
	'call' operation 80 bit ('call_ret13', firmware/nnet_utils/nnet_dense.h:41->firmware/myproject.cpp:110) to 'dense_latency<ap_ufixed<2, 0, 4, 0, 0>, ap_fixed<16, 6, 5, 3, 0>, config16>' [230]  (1.547 ns)

 <State 25>: 3.435ns
The critical path consists of the following:
	'call' operation 80 bit ('call_ret14', firmware/myproject.cpp:114) to 'normalize<ap_fixed<16, 6, 5, 3, 0>, ap_fixed<16, 6, 5, 3, 0>, config26>' [236]  (0.000 ns)
	'call' operation 10 bit ('call_ret15', firmware/myproject.cpp:118) to 'relu<ap_fixed<16, 6, 5, 3, 0>, ap_ufixed<2, 0, 4, 0, 0>, relu_config18>' [242]  (3.435 ns)

 <State 26>: 3.070ns
The critical path consists of the following:
	'call' operation 10 bit ('call_ret15', firmware/myproject.cpp:118) to 'relu<ap_fixed<16, 6, 5, 3, 0>, ap_ufixed<2, 0, 4, 0, 0>, relu_config18>' [242]  (3.070 ns)

 <State 27>: 3.215ns
The critical path consists of the following:
	'call' operation 12 bit ('layer19_out', firmware/nnet_utils/nnet_dense.h:41->firmware/myproject.cpp:122) to 'dense_latency<ap_ufixed<2, 0, 4, 0, 0>, ap_fixed<16, 6, 5, 3, 0>, config19>' [248]  (3.215 ns)

 <State 28>: 3.385ns
The critical path consists of the following:
	'call' operation 12 bit ('layer19_out', firmware/nnet_utils/nnet_dense.h:41->firmware/myproject.cpp:122) to 'dense_latency<ap_ufixed<2, 0, 4, 0, 0>, ap_fixed<16, 6, 5, 3, 0>, config19>' [248]  (3.385 ns)

 <State 29>: 3.491ns
The critical path consists of the following:
	'call' operation 12 bit ('layer27_out', firmware/myproject.cpp:126) to 'normalize<ap_fixed<16, 6, 5, 3, 0>, ap_fixed<16, 6, 5, 3, 0>, config27>' [249]  (0.000 ns)
	'add' operation 14 bit ('sigmoid', firmware/nnet_utils/nnet_activation.h:468->firmware/myproject.cpp:128) [252]  (1.679 ns)
	'icmp' operation 1 bit ('icmp_ln469', firmware/nnet_utils/nnet_activation.h:469->firmware/myproject.cpp:128) [254]  (1.812 ns)

 <State 30>: 3.547ns
The critical path consists of the following:
	'or' operation 1 bit ('or_ln469', firmware/nnet_utils/nnet_activation.h:469->firmware/myproject.cpp:128) [256]  (0.000 ns)
	'select' operation 13 bit ('select_ln469_1', firmware/nnet_utils/nnet_activation.h:469->firmware/myproject.cpp:128) [259]  (0.000 ns)
	'add' operation 14 bit ('add_ln473', firmware/nnet_utils/nnet_activation.h:473->firmware/myproject.cpp:128) [261]  (1.812 ns)
	'icmp' operation 1 bit ('icmp_ln473', firmware/nnet_utils/nnet_activation.h:473->firmware/myproject.cpp:128) [266]  (1.735 ns)

 <State 31>: 4.141ns
The critical path consists of the following:
	'add' operation 8 bit ('add_ln473_1', firmware/nnet_utils/nnet_activation.h:473->firmware/myproject.cpp:128) [272]  (1.915 ns)
	'or' operation 1 bit ('or_ln473_1', firmware/nnet_utils/nnet_activation.h:473->firmware/myproject.cpp:128) [279]  (0.000 ns)
	'and' operation 1 bit ('and_ln473_1', firmware/nnet_utils/nnet_activation.h:473->firmware/myproject.cpp:128) [280]  (0.978 ns)
	'select' operation 8 bit ('select_ln473', firmware/nnet_utils/nnet_activation.h:473->firmware/myproject.cpp:128) [284]  (0.000 ns)
	'select' operation 8 bit ('select_ln473_1', firmware/nnet_utils/nnet_activation.h:473->firmware/myproject.cpp:128) [286]  (1.248 ns)


============================================================
+ Verbose Summary: Binding
============================================================
N/A
* FSMD analyzer results:
  - Output states:
 - Input state : 
  - Chain level:
	State 1
	State 2
	State 3
	State 4
	State 5
	State 6
	State 7
	State 8
	State 9
	State 10
	State 11
	State 12
	State 13
	State 14
	State 15
	State 16
	State 17
	State 18
	State 19
	State 20
	State 21
	State 22
	State 23
	State 24
	State 25
	State 26
	State 27
	State 28
	State 29
	State 30
	State 31


============================================================
+ Verbose Summary: Datapath Resource usage 
============================================================
N/A
