

================================================================
== Vitis HLS Report for 'myproject'
================================================================
* Date:           Fri Oct 17 13:15:32 2025

* Version:        2024.1 (Build 5069499 on May 21 2024)
* Project:        myproject_prj
* Solution:       solution1 (Vivado IP Flow Target)
* Product family: virtexuplus
* Target device:  xcvu13p-flga2577-2-e


================================================================
== Performance Estimates
================================================================
+ Timing: 
    * Summary: 
    +--------+---------+----------+------------+
    |  Clock |  Target | Estimated| Uncertainty|
    +--------+---------+----------+------------+
    |ap_clk  |  5.00 ns|  4.360 ns|     0.62 ns|
    +--------+---------+----------+------------+

+ Latency: 
    * Summary: 
    +---------+---------+-----------+-----------+-----+-----+---------+
    |  Latency (cycles) |   Latency (absolute)  |  Interval | Pipeline|
    |   min   |   max   |    min    |    max    | min | max |   Type  |
    +---------+---------+-----------+-----------+-----+-----+---------+
    |        3|        3|  15.000 ns|  15.000 ns|    1|    1|      yes|
    +---------+---------+-----------+-----------+-----+-----+---------+

    + Detail: 
        * Instance: 
        +---------------------------------------------------------------------------------+-----------------------------------------------------------------+---------+---------+----------+----------+-----+-----+---------+
        |                                                                                 |                                                                 |  Latency (cycles) |  Latency (absolute) |  Interval | Pipeline|
        |                                     Instance                                    |                              Module                             |   min   |   max   |    min   |    max   | min | max |   Type  |
        +---------------------------------------------------------------------------------+-----------------------------------------------------------------+---------+---------+----------+----------+-----+-----+---------+
        |call_ret1_dense_latency_ap_fixed_16_6_5_3_0_ap_fixed_16_6_5_3_0_config2_s_fu_63  |dense_latency_ap_fixed_16_6_5_3_0_ap_fixed_16_6_5_3_0_config2_s  |        0|        0|      0 ns|      0 ns|    1|    1|      yes|
        |call_ret_relu_ap_fixed_16_6_5_3_0_ap_ufixed_8_0_4_0_0_relu_config4_s_fu_69       |relu_ap_fixed_16_6_5_3_0_ap_ufixed_8_0_4_0_0_relu_config4_s      |        0|        0|      0 ns|      0 ns|    1|    1|      yes|
        |grp_dense_latency_ap_ufixed_8_0_4_0_0_ap_fixed_16_6_5_3_0_config5_s_fu_131       |dense_latency_ap_ufixed_8_0_4_0_0_ap_fixed_16_6_5_3_0_config5_s  |        1|        1|  5.000 ns|  5.000 ns|    1|    1|      yes|
        +---------------------------------------------------------------------------------+-----------------------------------------------------------------+---------+---------+----------+----------+-----+-----+---------+

        * Loop: 
        N/A



================================================================
== Utilization Estimates
================================================================
* Summary: 
+---------------------+---------+-------+---------+---------+------+
|         Name        | BRAM_18K|  DSP  |    FF   |   LUT   | URAM |
+---------------------+---------+-------+---------+---------+------+
|DSP                  |        -|      -|        -|        -|     -|
|Expression           |        -|      -|        0|        6|     -|
|FIFO                 |        -|      -|        -|        -|     -|
|Instance             |        -|      -|      140|    22498|     -|
|Memory               |        -|      -|        -|        -|     -|
|Multiplexer          |        -|      -|        0|       36|     -|
|Register             |        -|      -|     1654|        -|     -|
+---------------------+---------+-------+---------+---------+------+
|Total                |        0|      0|     1794|    22540|     0|
+---------------------+---------+-------+---------+---------+------+
|Available SLR        |     1344|   3072|   864000|   432000|   320|
+---------------------+---------+-------+---------+---------+------+
|Utilization SLR (%)  |        0|      0|       ~0|        5|     0|
+---------------------+---------+-------+---------+---------+------+
|Available            |     5376|  12288|  3456000|  1728000|  1280|
+---------------------+---------+-------+---------+---------+------+
|Utilization (%)      |        0|      0|       ~0|        1|     0|
+---------------------+---------+-------+---------+---------+------+

+ Detail: 
    * Instance: 
    +---------------------------------------------------------------------------------+-----------------------------------------------------------------+---------+----+-----+-------+-----+
    |                                     Instance                                    |                              Module                             | BRAM_18K| DSP|  FF |  LUT  | URAM|
    +---------------------------------------------------------------------------------+-----------------------------------------------------------------+---------+----+-----+-------+-----+
    |call_ret1_dense_latency_ap_fixed_16_6_5_3_0_ap_fixed_16_6_5_3_0_config2_s_fu_63  |dense_latency_ap_fixed_16_6_5_3_0_ap_fixed_16_6_5_3_0_config2_s  |        0|   0|    0|  12001|    0|
    |grp_dense_latency_ap_ufixed_8_0_4_0_0_ap_fixed_16_6_5_3_0_config5_s_fu_131       |dense_latency_ap_ufixed_8_0_4_0_0_ap_fixed_16_6_5_3_0_config5_s  |        0|   0|  140|   4755|    0|
    |call_ret_relu_ap_fixed_16_6_5_3_0_ap_ufixed_8_0_4_0_0_relu_config4_s_fu_69       |relu_ap_fixed_16_6_5_3_0_ap_ufixed_8_0_4_0_0_relu_config4_s      |        0|   0|    0|   5742|    0|
    +---------------------------------------------------------------------------------+-----------------------------------------------------------------+---------+----+-----+-------+-----+
    |Total                                                                            |                                                                 |        0|   0|  140|  22498|    0|
    +---------------------------------------------------------------------------------+-----------------------------------------------------------------+---------+----+-----+-------+-----+

    * DSP: 
    N/A

    * Memory: 
    N/A

    * FIFO: 
    N/A

    * Expression: 
    +-------------------------------------------+----------+----+---+----+------------+------------+
    |               Variable Name               | Operation| DSP| FF| LUT| Bitwidth P0| Bitwidth P1|
    +-------------------------------------------+----------+----+---+----+------------+------------+
    |ap_block_pp0_stage0_01001                  |       and|   0|  0|   2|           1|           1|
    |ap_block_pp0_stage0_11001_ignoreCallOp124  |       and|   0|  0|   2|           1|           1|
    |ap_enable_pp0                              |       xor|   0|  0|   2|           1|           2|
    +-------------------------------------------+----------+----+---+----+------------+------------+
    |Total                                      |          |   0|  0|   6|           3|           4|
    +-------------------------------------------+----------+----+---+----+------------+------------+

    * Multiplexer: 
    +----------------------+----+-----------+-----+-----------+
    |         Name         | LUT| Input Size| Bits| Total Bits|
    +----------------------+----+-----------+-----+-----------+
    |input1_ap_vld_in_sig  |   9|          2|    1|          2|
    |input1_ap_vld_preg    |   9|          2|    1|          2|
    |input1_blk_n          |   9|          2|    1|          2|
    |input1_in_sig         |   9|          2|  256|        512|
    +----------------------+----+-----------+-----+-----------+
    |Total                 |  36|          8|  259|        518|
    +----------------------+----+-----------+-----+-----------+

    * Register: 
    +-----------------------------------------------------------------------------------------+-----+----+-----+-----------+
    |                                           Name                                          |  FF | LUT| Bits| Const Bits|
    +-----------------------------------------------------------------------------------------+-----+----+-----+-----------+
    |ap_CS_fsm                                                                                |    1|   0|    1|          0|
    |ap_enable_reg_pp0_iter1                                                                  |    1|   0|    1|          0|
    |ap_enable_reg_pp0_iter2                                                                  |    1|   0|    1|          0|
    |ap_enable_reg_pp0_iter3                                                                  |    1|   0|    1|          0|
    |grp_dense_latency_ap_ufixed_8_0_4_0_0_ap_fixed_16_6_5_3_0_config5_s_fu_131_ap_start_reg  |    1|   0|    1|          0|
    |input1_ap_vld_preg                                                                       |    1|   0|    1|          0|
    |input1_preg                                                                              |  256|   0|  256|          0|
    |layer2_out_10_reg_722                                                                    |   16|   0|   16|          0|
    |layer2_out_11_reg_727                                                                    |   16|   0|   16|          0|
    |layer2_out_12_reg_732                                                                    |   16|   0|   16|          0|
    |layer2_out_13_reg_737                                                                    |   16|   0|   16|          0|
    |layer2_out_14_reg_742                                                                    |   16|   0|   16|          0|
    |layer2_out_15_reg_747                                                                    |   16|   0|   16|          0|
    |layer2_out_16_reg_752                                                                    |   16|   0|   16|          0|
    |layer2_out_17_reg_757                                                                    |   16|   0|   16|          0|
    |layer2_out_18_reg_762                                                                    |   16|   0|   16|          0|
    |layer2_out_19_reg_767                                                                    |   16|   0|   16|          0|
    |layer2_out_1_reg_677                                                                     |   16|   0|   16|          0|
    |layer2_out_20_reg_772                                                                    |   16|   0|   16|          0|
    |layer2_out_21_reg_777                                                                    |   16|   0|   16|          0|
    |layer2_out_22_reg_782                                                                    |   16|   0|   16|          0|
    |layer2_out_23_reg_787                                                                    |   16|   0|   16|          0|
    |layer2_out_24_reg_792                                                                    |   16|   0|   16|          0|
    |layer2_out_25_reg_797                                                                    |   16|   0|   16|          0|
    |layer2_out_26_reg_802                                                                    |   16|   0|   16|          0|
    |layer2_out_27_reg_807                                                                    |   16|   0|   16|          0|
    |layer2_out_28_reg_812                                                                    |   16|   0|   16|          0|
    |layer2_out_29_reg_817                                                                    |   16|   0|   16|          0|
    |layer2_out_2_reg_682                                                                     |   16|   0|   16|          0|
    |layer2_out_30_reg_822                                                                    |   16|   0|   16|          0|
    |layer2_out_31_reg_827                                                                    |   16|   0|   16|          0|
    |layer2_out_32_reg_832                                                                    |   16|   0|   16|          0|
    |layer2_out_33_reg_837                                                                    |   16|   0|   16|          0|
    |layer2_out_34_reg_842                                                                    |   16|   0|   16|          0|
    |layer2_out_35_reg_847                                                                    |   16|   0|   16|          0|
    |layer2_out_36_reg_852                                                                    |   16|   0|   16|          0|
    |layer2_out_37_reg_857                                                                    |   16|   0|   16|          0|
    |layer2_out_38_reg_862                                                                    |   16|   0|   16|          0|
    |layer2_out_39_reg_867                                                                    |   16|   0|   16|          0|
    |layer2_out_3_reg_687                                                                     |   16|   0|   16|          0|
    |layer2_out_40_reg_872                                                                    |   16|   0|   16|          0|
    |layer2_out_41_reg_877                                                                    |   16|   0|   16|          0|
    |layer2_out_42_reg_882                                                                    |   16|   0|   16|          0|
    |layer2_out_43_reg_887                                                                    |   16|   0|   16|          0|
    |layer2_out_44_reg_892                                                                    |   16|   0|   16|          0|
    |layer2_out_45_reg_897                                                                    |   16|   0|   16|          0|
    |layer2_out_46_reg_902                                                                    |   16|   0|   16|          0|
    |layer2_out_47_reg_907                                                                    |   16|   0|   16|          0|
    |layer2_out_48_reg_912                                                                    |   16|   0|   16|          0|
    |layer2_out_49_reg_917                                                                    |   16|   0|   16|          0|
    |layer2_out_4_reg_692                                                                     |   16|   0|   16|          0|
    |layer2_out_50_reg_922                                                                    |   16|   0|   16|          0|
    |layer2_out_51_reg_927                                                                    |   16|   0|   16|          0|
    |layer2_out_52_reg_932                                                                    |   16|   0|   16|          0|
    |layer2_out_53_reg_937                                                                    |   16|   0|   16|          0|
    |layer2_out_54_reg_942                                                                    |   16|   0|   16|          0|
    |layer2_out_55_reg_947                                                                    |   16|   0|   16|          0|
    |layer2_out_56_reg_952                                                                    |   16|   0|   16|          0|
    |layer2_out_57_reg_957                                                                    |   16|   0|   16|          0|
    |layer2_out_5_reg_697                                                                     |   16|   0|   16|          0|
    |layer2_out_6_reg_702                                                                     |   16|   0|   16|          0|
    |layer2_out_7_reg_707                                                                     |   16|   0|   16|          0|
    |layer2_out_8_reg_712                                                                     |   16|   0|   16|          0|
    |layer2_out_9_reg_717                                                                     |   16|   0|   16|          0|
    |layer2_out_reg_672                                                                       |   16|   0|   16|          0|
    |layer4_out_10_reg_1012                                                                   |    8|   0|    8|          0|
    |layer4_out_11_reg_1017                                                                   |    8|   0|    8|          0|
    |layer4_out_12_reg_1022                                                                   |    8|   0|    8|          0|
    |layer4_out_13_reg_1027                                                                   |    8|   0|    8|          0|
    |layer4_out_14_reg_1032                                                                   |    8|   0|    8|          0|
    |layer4_out_15_reg_1037                                                                   |    8|   0|    8|          0|
    |layer4_out_16_reg_1042                                                                   |    8|   0|    8|          0|
    |layer4_out_17_reg_1047                                                                   |    8|   0|    8|          0|
    |layer4_out_18_reg_1052                                                                   |    8|   0|    8|          0|
    |layer4_out_19_reg_1057                                                                   |    8|   0|    8|          0|
    |layer4_out_1_reg_967                                                                     |    8|   0|    8|          0|
    |layer4_out_20_reg_1062                                                                   |    8|   0|    8|          0|
    |layer4_out_21_reg_1067                                                                   |    8|   0|    8|          0|
    |layer4_out_22_reg_1072                                                                   |    8|   0|    8|          0|
    |layer4_out_23_reg_1077                                                                   |    8|   0|    8|          0|
    |layer4_out_24_reg_1082                                                                   |    8|   0|    8|          0|
    |layer4_out_25_reg_1087                                                                   |    8|   0|    8|          0|
    |layer4_out_26_reg_1092                                                                   |    8|   0|    8|          0|
    |layer4_out_27_reg_1097                                                                   |    8|   0|    8|          0|
    |layer4_out_28_reg_1102                                                                   |    8|   0|    8|          0|
    |layer4_out_29_reg_1107                                                                   |    8|   0|    8|          0|
    |layer4_out_2_reg_972                                                                     |    8|   0|    8|          0|
    |layer4_out_30_reg_1112                                                                   |    8|   0|    8|          0|
    |layer4_out_31_reg_1117                                                                   |    8|   0|    8|          0|
    |layer4_out_32_reg_1122                                                                   |    8|   0|    8|          0|
    |layer4_out_33_reg_1127                                                                   |    8|   0|    8|          0|
    |layer4_out_34_reg_1132                                                                   |    8|   0|    8|          0|
    |layer4_out_35_reg_1137                                                                   |    8|   0|    8|          0|
    |layer4_out_36_reg_1142                                                                   |    8|   0|    8|          0|
    |layer4_out_37_reg_1147                                                                   |    8|   0|    8|          0|
    |layer4_out_38_reg_1152                                                                   |    8|   0|    8|          0|
    |layer4_out_39_reg_1157                                                                   |    8|   0|    8|          0|
    |layer4_out_3_reg_977                                                                     |    8|   0|    8|          0|
    |layer4_out_40_reg_1162                                                                   |    8|   0|    8|          0|
    |layer4_out_41_reg_1167                                                                   |    8|   0|    8|          0|
    |layer4_out_42_reg_1172                                                                   |    8|   0|    8|          0|
    |layer4_out_43_reg_1177                                                                   |    8|   0|    8|          0|
    |layer4_out_44_reg_1182                                                                   |    8|   0|    8|          0|
    |layer4_out_45_reg_1187                                                                   |    8|   0|    8|          0|
    |layer4_out_46_reg_1192                                                                   |    8|   0|    8|          0|
    |layer4_out_47_reg_1197                                                                   |    8|   0|    8|          0|
    |layer4_out_48_reg_1202                                                                   |    8|   0|    8|          0|
    |layer4_out_49_reg_1207                                                                   |    8|   0|    8|          0|
    |layer4_out_4_reg_982                                                                     |    8|   0|    8|          0|
    |layer4_out_50_reg_1212                                                                   |    8|   0|    8|          0|
    |layer4_out_51_reg_1217                                                                   |    8|   0|    8|          0|
    |layer4_out_52_reg_1222                                                                   |    8|   0|    8|          0|
    |layer4_out_53_reg_1227                                                                   |    8|   0|    8|          0|
    |layer4_out_54_reg_1232                                                                   |    8|   0|    8|          0|
    |layer4_out_55_reg_1237                                                                   |    8|   0|    8|          0|
    |layer4_out_56_reg_1242                                                                   |    8|   0|    8|          0|
    |layer4_out_57_reg_1247                                                                   |    8|   0|    8|          0|
    |layer4_out_5_reg_987                                                                     |    8|   0|    8|          0|
    |layer4_out_6_reg_992                                                                     |    8|   0|    8|          0|
    |layer4_out_7_reg_997                                                                     |    8|   0|    8|          0|
    |layer4_out_8_reg_1002                                                                    |    8|   0|    8|          0|
    |layer4_out_9_reg_1007                                                                    |    8|   0|    8|          0|
    |layer4_out_reg_962                                                                       |    8|   0|    8|          0|
    +-----------------------------------------------------------------------------------------+-----+----+-----+-----------+
    |Total                                                                                    | 1654|   0| 1654|          0|
    +-----------------------------------------------------------------------------------------+-----+----+-----+-----------+



================================================================
== Interface
================================================================
* Summary: 
+---------------------+-----+-----+------------+--------------+--------------+
|      RTL Ports      | Dir | Bits|  Protocol  | Source Object|    C Type    |
+---------------------+-----+-----+------------+--------------+--------------+
|ap_clk               |   in|    1|  ap_ctrl_hs|     myproject|  return value|
|ap_rst               |   in|    1|  ap_ctrl_hs|     myproject|  return value|
|ap_start             |   in|    1|  ap_ctrl_hs|     myproject|  return value|
|ap_done              |  out|    1|  ap_ctrl_hs|     myproject|  return value|
|ap_idle              |  out|    1|  ap_ctrl_hs|     myproject|  return value|
|ap_ready             |  out|    1|  ap_ctrl_hs|     myproject|  return value|
|input1_ap_vld        |   in|    1|      ap_vld|        input1|       pointer|
|input1               |   in|  256|      ap_vld|        input1|       pointer|
|layer5_out_0         |  out|   16|      ap_vld|  layer5_out_0|       pointer|
|layer5_out_0_ap_vld  |  out|    1|      ap_vld|  layer5_out_0|       pointer|
|layer5_out_1         |  out|   16|      ap_vld|  layer5_out_1|       pointer|
|layer5_out_1_ap_vld  |  out|    1|      ap_vld|  layer5_out_1|       pointer|
|layer5_out_2         |  out|   16|      ap_vld|  layer5_out_2|       pointer|
|layer5_out_2_ap_vld  |  out|    1|      ap_vld|  layer5_out_2|       pointer|
+---------------------+-----+-----+------------+--------------+--------------+

============================================================
+ Verbose Summary: Synthesis Manager
============================================================
InlineROM: 1
ExposeGlobal: 0
============================================================
+ Verbose Summary: CDFG Model
============================================================
IsTopModel: 1
ResetActiveHigh: 1
IsCombinational: 2
IsDatapathOnly: 2
HasWiredReturn: 1
HasMFsm: 2
HasVarLatency: 0
IsPipeline: 1
IsRtlPipelined: 1
IsInstanceOverlapped: 0
IsDontTouch: 0
HasImplIP: 0
IsGatedGlobalClock: 0

+ Individual pipeline summary: 
  * Pipeline-0: initiation interval (II) = 1, depth = 4


============================================================
+ Verbose Summary: Schedule
============================================================
* Number of FSM states : 4
* Pipeline : 1
  Pipeline-0 : II = 1, D = 4, States = { 1 2 3 4 }
* Dataflow Pipeline: 0

* FSM state transitions: 
1 --> 2 
2 --> 3 
3 --> 4 
4 --> 

* FSM state operations: 

State 1 <SV = 0> <Delay = 3.73>
ST_1 : Operation 5 [1/1] (0.00ns)   --->   "%input1_read = read i256 @_ssdm_op_Read.ap_vld.i256P0A, i256 %input1"   --->   Operation 5 'read' 'input1_read' <Predicate = true> <Delay = 0.00>
ST_1 : Operation 6 [1/1] (3.73ns)   --->   "%call_ret1 = call i928 @dense_latency<ap_fixed<16, 6, 5, 3, 0>, ap_fixed<16, 6, 5, 3, 0>, config2>, i256 %input1_read" [firmware/nnet_utils/nnet_dense.h:41->firmware/myproject.cpp:37]   --->   Operation 6 'call' 'call_ret1' <Predicate = true> <Delay = 3.73> <CoreType = "Generic">   --->   Core 0 '' <Latency = 0> <II = 1> <Delay = 1.00> <Generic> <Opcode : >
ST_1 : Operation 7 [1/1] (0.00ns)   --->   "%layer2_out = extractvalue i928 %call_ret1" [firmware/nnet_utils/nnet_dense.h:41->firmware/myproject.cpp:37]   --->   Operation 7 'extractvalue' 'layer2_out' <Predicate = true> <Delay = 0.00>
ST_1 : Operation 8 [1/1] (0.00ns)   --->   "%layer2_out_1 = extractvalue i928 %call_ret1" [firmware/nnet_utils/nnet_dense.h:41->firmware/myproject.cpp:37]   --->   Operation 8 'extractvalue' 'layer2_out_1' <Predicate = true> <Delay = 0.00>
ST_1 : Operation 9 [1/1] (0.00ns)   --->   "%layer2_out_2 = extractvalue i928 %call_ret1" [firmware/nnet_utils/nnet_dense.h:41->firmware/myproject.cpp:37]   --->   Operation 9 'extractvalue' 'layer2_out_2' <Predicate = true> <Delay = 0.00>
ST_1 : Operation 10 [1/1] (0.00ns)   --->   "%layer2_out_3 = extractvalue i928 %call_ret1" [firmware/nnet_utils/nnet_dense.h:41->firmware/myproject.cpp:37]   --->   Operation 10 'extractvalue' 'layer2_out_3' <Predicate = true> <Delay = 0.00>
ST_1 : Operation 11 [1/1] (0.00ns)   --->   "%layer2_out_4 = extractvalue i928 %call_ret1" [firmware/nnet_utils/nnet_dense.h:41->firmware/myproject.cpp:37]   --->   Operation 11 'extractvalue' 'layer2_out_4' <Predicate = true> <Delay = 0.00>
ST_1 : Operation 12 [1/1] (0.00ns)   --->   "%layer2_out_5 = extractvalue i928 %call_ret1" [firmware/nnet_utils/nnet_dense.h:41->firmware/myproject.cpp:37]   --->   Operation 12 'extractvalue' 'layer2_out_5' <Predicate = true> <Delay = 0.00>
ST_1 : Operation 13 [1/1] (0.00ns)   --->   "%layer2_out_6 = extractvalue i928 %call_ret1" [firmware/nnet_utils/nnet_dense.h:41->firmware/myproject.cpp:37]   --->   Operation 13 'extractvalue' 'layer2_out_6' <Predicate = true> <Delay = 0.00>
ST_1 : Operation 14 [1/1] (0.00ns)   --->   "%layer2_out_7 = extractvalue i928 %call_ret1" [firmware/nnet_utils/nnet_dense.h:41->firmware/myproject.cpp:37]   --->   Operation 14 'extractvalue' 'layer2_out_7' <Predicate = true> <Delay = 0.00>
ST_1 : Operation 15 [1/1] (0.00ns)   --->   "%layer2_out_8 = extractvalue i928 %call_ret1" [firmware/nnet_utils/nnet_dense.h:41->firmware/myproject.cpp:37]   --->   Operation 15 'extractvalue' 'layer2_out_8' <Predicate = true> <Delay = 0.00>
ST_1 : Operation 16 [1/1] (0.00ns)   --->   "%layer2_out_9 = extractvalue i928 %call_ret1" [firmware/nnet_utils/nnet_dense.h:41->firmware/myproject.cpp:37]   --->   Operation 16 'extractvalue' 'layer2_out_9' <Predicate = true> <Delay = 0.00>
ST_1 : Operation 17 [1/1] (0.00ns)   --->   "%layer2_out_10 = extractvalue i928 %call_ret1" [firmware/nnet_utils/nnet_dense.h:41->firmware/myproject.cpp:37]   --->   Operation 17 'extractvalue' 'layer2_out_10' <Predicate = true> <Delay = 0.00>
ST_1 : Operation 18 [1/1] (0.00ns)   --->   "%layer2_out_11 = extractvalue i928 %call_ret1" [firmware/nnet_utils/nnet_dense.h:41->firmware/myproject.cpp:37]   --->   Operation 18 'extractvalue' 'layer2_out_11' <Predicate = true> <Delay = 0.00>
ST_1 : Operation 19 [1/1] (0.00ns)   --->   "%layer2_out_12 = extractvalue i928 %call_ret1" [firmware/nnet_utils/nnet_dense.h:41->firmware/myproject.cpp:37]   --->   Operation 19 'extractvalue' 'layer2_out_12' <Predicate = true> <Delay = 0.00>
ST_1 : Operation 20 [1/1] (0.00ns)   --->   "%layer2_out_13 = extractvalue i928 %call_ret1" [firmware/nnet_utils/nnet_dense.h:41->firmware/myproject.cpp:37]   --->   Operation 20 'extractvalue' 'layer2_out_13' <Predicate = true> <Delay = 0.00>
ST_1 : Operation 21 [1/1] (0.00ns)   --->   "%layer2_out_14 = extractvalue i928 %call_ret1" [firmware/nnet_utils/nnet_dense.h:41->firmware/myproject.cpp:37]   --->   Operation 21 'extractvalue' 'layer2_out_14' <Predicate = true> <Delay = 0.00>
ST_1 : Operation 22 [1/1] (0.00ns)   --->   "%layer2_out_15 = extractvalue i928 %call_ret1" [firmware/nnet_utils/nnet_dense.h:41->firmware/myproject.cpp:37]   --->   Operation 22 'extractvalue' 'layer2_out_15' <Predicate = true> <Delay = 0.00>
ST_1 : Operation 23 [1/1] (0.00ns)   --->   "%layer2_out_16 = extractvalue i928 %call_ret1" [firmware/nnet_utils/nnet_dense.h:41->firmware/myproject.cpp:37]   --->   Operation 23 'extractvalue' 'layer2_out_16' <Predicate = true> <Delay = 0.00>
ST_1 : Operation 24 [1/1] (0.00ns)   --->   "%layer2_out_17 = extractvalue i928 %call_ret1" [firmware/nnet_utils/nnet_dense.h:41->firmware/myproject.cpp:37]   --->   Operation 24 'extractvalue' 'layer2_out_17' <Predicate = true> <Delay = 0.00>
ST_1 : Operation 25 [1/1] (0.00ns)   --->   "%layer2_out_18 = extractvalue i928 %call_ret1" [firmware/nnet_utils/nnet_dense.h:41->firmware/myproject.cpp:37]   --->   Operation 25 'extractvalue' 'layer2_out_18' <Predicate = true> <Delay = 0.00>
ST_1 : Operation 26 [1/1] (0.00ns)   --->   "%layer2_out_19 = extractvalue i928 %call_ret1" [firmware/nnet_utils/nnet_dense.h:41->firmware/myproject.cpp:37]   --->   Operation 26 'extractvalue' 'layer2_out_19' <Predicate = true> <Delay = 0.00>
ST_1 : Operation 27 [1/1] (0.00ns)   --->   "%layer2_out_20 = extractvalue i928 %call_ret1" [firmware/nnet_utils/nnet_dense.h:41->firmware/myproject.cpp:37]   --->   Operation 27 'extractvalue' 'layer2_out_20' <Predicate = true> <Delay = 0.00>
ST_1 : Operation 28 [1/1] (0.00ns)   --->   "%layer2_out_21 = extractvalue i928 %call_ret1" [firmware/nnet_utils/nnet_dense.h:41->firmware/myproject.cpp:37]   --->   Operation 28 'extractvalue' 'layer2_out_21' <Predicate = true> <Delay = 0.00>
ST_1 : Operation 29 [1/1] (0.00ns)   --->   "%layer2_out_22 = extractvalue i928 %call_ret1" [firmware/nnet_utils/nnet_dense.h:41->firmware/myproject.cpp:37]   --->   Operation 29 'extractvalue' 'layer2_out_22' <Predicate = true> <Delay = 0.00>
ST_1 : Operation 30 [1/1] (0.00ns)   --->   "%layer2_out_23 = extractvalue i928 %call_ret1" [firmware/nnet_utils/nnet_dense.h:41->firmware/myproject.cpp:37]   --->   Operation 30 'extractvalue' 'layer2_out_23' <Predicate = true> <Delay = 0.00>
ST_1 : Operation 31 [1/1] (0.00ns)   --->   "%layer2_out_24 = extractvalue i928 %call_ret1" [firmware/nnet_utils/nnet_dense.h:41->firmware/myproject.cpp:37]   --->   Operation 31 'extractvalue' 'layer2_out_24' <Predicate = true> <Delay = 0.00>
ST_1 : Operation 32 [1/1] (0.00ns)   --->   "%layer2_out_25 = extractvalue i928 %call_ret1" [firmware/nnet_utils/nnet_dense.h:41->firmware/myproject.cpp:37]   --->   Operation 32 'extractvalue' 'layer2_out_25' <Predicate = true> <Delay = 0.00>
ST_1 : Operation 33 [1/1] (0.00ns)   --->   "%layer2_out_26 = extractvalue i928 %call_ret1" [firmware/nnet_utils/nnet_dense.h:41->firmware/myproject.cpp:37]   --->   Operation 33 'extractvalue' 'layer2_out_26' <Predicate = true> <Delay = 0.00>
ST_1 : Operation 34 [1/1] (0.00ns)   --->   "%layer2_out_27 = extractvalue i928 %call_ret1" [firmware/nnet_utils/nnet_dense.h:41->firmware/myproject.cpp:37]   --->   Operation 34 'extractvalue' 'layer2_out_27' <Predicate = true> <Delay = 0.00>
ST_1 : Operation 35 [1/1] (0.00ns)   --->   "%layer2_out_28 = extractvalue i928 %call_ret1" [firmware/nnet_utils/nnet_dense.h:41->firmware/myproject.cpp:37]   --->   Operation 35 'extractvalue' 'layer2_out_28' <Predicate = true> <Delay = 0.00>
ST_1 : Operation 36 [1/1] (0.00ns)   --->   "%layer2_out_29 = extractvalue i928 %call_ret1" [firmware/nnet_utils/nnet_dense.h:41->firmware/myproject.cpp:37]   --->   Operation 36 'extractvalue' 'layer2_out_29' <Predicate = true> <Delay = 0.00>
ST_1 : Operation 37 [1/1] (0.00ns)   --->   "%layer2_out_30 = extractvalue i928 %call_ret1" [firmware/nnet_utils/nnet_dense.h:41->firmware/myproject.cpp:37]   --->   Operation 37 'extractvalue' 'layer2_out_30' <Predicate = true> <Delay = 0.00>
ST_1 : Operation 38 [1/1] (0.00ns)   --->   "%layer2_out_31 = extractvalue i928 %call_ret1" [firmware/nnet_utils/nnet_dense.h:41->firmware/myproject.cpp:37]   --->   Operation 38 'extractvalue' 'layer2_out_31' <Predicate = true> <Delay = 0.00>
ST_1 : Operation 39 [1/1] (0.00ns)   --->   "%layer2_out_32 = extractvalue i928 %call_ret1" [firmware/nnet_utils/nnet_dense.h:41->firmware/myproject.cpp:37]   --->   Operation 39 'extractvalue' 'layer2_out_32' <Predicate = true> <Delay = 0.00>
ST_1 : Operation 40 [1/1] (0.00ns)   --->   "%layer2_out_33 = extractvalue i928 %call_ret1" [firmware/nnet_utils/nnet_dense.h:41->firmware/myproject.cpp:37]   --->   Operation 40 'extractvalue' 'layer2_out_33' <Predicate = true> <Delay = 0.00>
ST_1 : Operation 41 [1/1] (0.00ns)   --->   "%layer2_out_34 = extractvalue i928 %call_ret1" [firmware/nnet_utils/nnet_dense.h:41->firmware/myproject.cpp:37]   --->   Operation 41 'extractvalue' 'layer2_out_34' <Predicate = true> <Delay = 0.00>
ST_1 : Operation 42 [1/1] (0.00ns)   --->   "%layer2_out_35 = extractvalue i928 %call_ret1" [firmware/nnet_utils/nnet_dense.h:41->firmware/myproject.cpp:37]   --->   Operation 42 'extractvalue' 'layer2_out_35' <Predicate = true> <Delay = 0.00>
ST_1 : Operation 43 [1/1] (0.00ns)   --->   "%layer2_out_36 = extractvalue i928 %call_ret1" [firmware/nnet_utils/nnet_dense.h:41->firmware/myproject.cpp:37]   --->   Operation 43 'extractvalue' 'layer2_out_36' <Predicate = true> <Delay = 0.00>
ST_1 : Operation 44 [1/1] (0.00ns)   --->   "%layer2_out_37 = extractvalue i928 %call_ret1" [firmware/nnet_utils/nnet_dense.h:41->firmware/myproject.cpp:37]   --->   Operation 44 'extractvalue' 'layer2_out_37' <Predicate = true> <Delay = 0.00>
ST_1 : Operation 45 [1/1] (0.00ns)   --->   "%layer2_out_38 = extractvalue i928 %call_ret1" [firmware/nnet_utils/nnet_dense.h:41->firmware/myproject.cpp:37]   --->   Operation 45 'extractvalue' 'layer2_out_38' <Predicate = true> <Delay = 0.00>
ST_1 : Operation 46 [1/1] (0.00ns)   --->   "%layer2_out_39 = extractvalue i928 %call_ret1" [firmware/nnet_utils/nnet_dense.h:41->firmware/myproject.cpp:37]   --->   Operation 46 'extractvalue' 'layer2_out_39' <Predicate = true> <Delay = 0.00>
ST_1 : Operation 47 [1/1] (0.00ns)   --->   "%layer2_out_40 = extractvalue i928 %call_ret1" [firmware/nnet_utils/nnet_dense.h:41->firmware/myproject.cpp:37]   --->   Operation 47 'extractvalue' 'layer2_out_40' <Predicate = true> <Delay = 0.00>
ST_1 : Operation 48 [1/1] (0.00ns)   --->   "%layer2_out_41 = extractvalue i928 %call_ret1" [firmware/nnet_utils/nnet_dense.h:41->firmware/myproject.cpp:37]   --->   Operation 48 'extractvalue' 'layer2_out_41' <Predicate = true> <Delay = 0.00>
ST_1 : Operation 49 [1/1] (0.00ns)   --->   "%layer2_out_42 = extractvalue i928 %call_ret1" [firmware/nnet_utils/nnet_dense.h:41->firmware/myproject.cpp:37]   --->   Operation 49 'extractvalue' 'layer2_out_42' <Predicate = true> <Delay = 0.00>
ST_1 : Operation 50 [1/1] (0.00ns)   --->   "%layer2_out_43 = extractvalue i928 %call_ret1" [firmware/nnet_utils/nnet_dense.h:41->firmware/myproject.cpp:37]   --->   Operation 50 'extractvalue' 'layer2_out_43' <Predicate = true> <Delay = 0.00>
ST_1 : Operation 51 [1/1] (0.00ns)   --->   "%layer2_out_44 = extractvalue i928 %call_ret1" [firmware/nnet_utils/nnet_dense.h:41->firmware/myproject.cpp:37]   --->   Operation 51 'extractvalue' 'layer2_out_44' <Predicate = true> <Delay = 0.00>
ST_1 : Operation 52 [1/1] (0.00ns)   --->   "%layer2_out_45 = extractvalue i928 %call_ret1" [firmware/nnet_utils/nnet_dense.h:41->firmware/myproject.cpp:37]   --->   Operation 52 'extractvalue' 'layer2_out_45' <Predicate = true> <Delay = 0.00>
ST_1 : Operation 53 [1/1] (0.00ns)   --->   "%layer2_out_46 = extractvalue i928 %call_ret1" [firmware/nnet_utils/nnet_dense.h:41->firmware/myproject.cpp:37]   --->   Operation 53 'extractvalue' 'layer2_out_46' <Predicate = true> <Delay = 0.00>
ST_1 : Operation 54 [1/1] (0.00ns)   --->   "%layer2_out_47 = extractvalue i928 %call_ret1" [firmware/nnet_utils/nnet_dense.h:41->firmware/myproject.cpp:37]   --->   Operation 54 'extractvalue' 'layer2_out_47' <Predicate = true> <Delay = 0.00>
ST_1 : Operation 55 [1/1] (0.00ns)   --->   "%layer2_out_48 = extractvalue i928 %call_ret1" [firmware/nnet_utils/nnet_dense.h:41->firmware/myproject.cpp:37]   --->   Operation 55 'extractvalue' 'layer2_out_48' <Predicate = true> <Delay = 0.00>
ST_1 : Operation 56 [1/1] (0.00ns)   --->   "%layer2_out_49 = extractvalue i928 %call_ret1" [firmware/nnet_utils/nnet_dense.h:41->firmware/myproject.cpp:37]   --->   Operation 56 'extractvalue' 'layer2_out_49' <Predicate = true> <Delay = 0.00>
ST_1 : Operation 57 [1/1] (0.00ns)   --->   "%layer2_out_50 = extractvalue i928 %call_ret1" [firmware/nnet_utils/nnet_dense.h:41->firmware/myproject.cpp:37]   --->   Operation 57 'extractvalue' 'layer2_out_50' <Predicate = true> <Delay = 0.00>
ST_1 : Operation 58 [1/1] (0.00ns)   --->   "%layer2_out_51 = extractvalue i928 %call_ret1" [firmware/nnet_utils/nnet_dense.h:41->firmware/myproject.cpp:37]   --->   Operation 58 'extractvalue' 'layer2_out_51' <Predicate = true> <Delay = 0.00>
ST_1 : Operation 59 [1/1] (0.00ns)   --->   "%layer2_out_52 = extractvalue i928 %call_ret1" [firmware/nnet_utils/nnet_dense.h:41->firmware/myproject.cpp:37]   --->   Operation 59 'extractvalue' 'layer2_out_52' <Predicate = true> <Delay = 0.00>
ST_1 : Operation 60 [1/1] (0.00ns)   --->   "%layer2_out_53 = extractvalue i928 %call_ret1" [firmware/nnet_utils/nnet_dense.h:41->firmware/myproject.cpp:37]   --->   Operation 60 'extractvalue' 'layer2_out_53' <Predicate = true> <Delay = 0.00>
ST_1 : Operation 61 [1/1] (0.00ns)   --->   "%layer2_out_54 = extractvalue i928 %call_ret1" [firmware/nnet_utils/nnet_dense.h:41->firmware/myproject.cpp:37]   --->   Operation 61 'extractvalue' 'layer2_out_54' <Predicate = true> <Delay = 0.00>
ST_1 : Operation 62 [1/1] (0.00ns)   --->   "%layer2_out_55 = extractvalue i928 %call_ret1" [firmware/nnet_utils/nnet_dense.h:41->firmware/myproject.cpp:37]   --->   Operation 62 'extractvalue' 'layer2_out_55' <Predicate = true> <Delay = 0.00>
ST_1 : Operation 63 [1/1] (0.00ns)   --->   "%layer2_out_56 = extractvalue i928 %call_ret1" [firmware/nnet_utils/nnet_dense.h:41->firmware/myproject.cpp:37]   --->   Operation 63 'extractvalue' 'layer2_out_56' <Predicate = true> <Delay = 0.00>
ST_1 : Operation 64 [1/1] (0.00ns)   --->   "%layer2_out_57 = extractvalue i928 %call_ret1" [firmware/nnet_utils/nnet_dense.h:41->firmware/myproject.cpp:37]   --->   Operation 64 'extractvalue' 'layer2_out_57' <Predicate = true> <Delay = 0.00>

State 2 <SV = 1> <Delay = 1.43>
ST_2 : Operation 65 [1/1] (1.43ns)   --->   "%call_ret = call i464 @relu<ap_fixed<16, 6, 5, 3, 0>, ap_ufixed<8, 0, 4, 0, 0>, relu_config4>, i16 %layer2_out, i16 %layer2_out_1, i16 %layer2_out_2, i16 %layer2_out_3, i16 %layer2_out_4, i16 %layer2_out_5, i16 %layer2_out_6, i16 %layer2_out_7, i16 %layer2_out_8, i16 %layer2_out_9, i16 %layer2_out_10, i16 %layer2_out_11, i16 %layer2_out_12, i16 %layer2_out_13, i16 %layer2_out_14, i16 %layer2_out_15, i16 %layer2_out_16, i16 %layer2_out_17, i16 %layer2_out_18, i16 %layer2_out_19, i16 %layer2_out_20, i16 %layer2_out_21, i16 %layer2_out_22, i16 %layer2_out_23, i16 %layer2_out_24, i16 %layer2_out_25, i16 %layer2_out_26, i16 %layer2_out_27, i16 %layer2_out_28, i16 %layer2_out_29, i16 %layer2_out_30, i16 %layer2_out_31, i16 %layer2_out_32, i16 %layer2_out_33, i16 %layer2_out_34, i16 %layer2_out_35, i16 %layer2_out_36, i16 %layer2_out_37, i16 %layer2_out_38, i16 %layer2_out_39, i16 %layer2_out_40, i16 %layer2_out_41, i16 %layer2_out_42, i16 %layer2_out_43, i16 %layer2_out_44, i16 %layer2_out_45, i16 %layer2_out_46, i16 %layer2_out_47, i16 %layer2_out_48, i16 %layer2_out_49, i16 %layer2_out_50, i16 %layer2_out_51, i16 %layer2_out_52, i16 %layer2_out_53, i16 %layer2_out_54, i16 %layer2_out_55, i16 %layer2_out_56, i16 %layer2_out_57" [firmware/myproject.cpp:41]   --->   Operation 65 'call' 'call_ret' <Predicate = true> <Delay = 1.43> <CoreType = "Generic">   --->   Core 0 '' <Latency = 0> <II = 1> <Delay = 1.00> <Generic> <Opcode : >
ST_2 : Operation 66 [1/1] (0.00ns)   --->   "%layer4_out = extractvalue i464 %call_ret" [firmware/myproject.cpp:41]   --->   Operation 66 'extractvalue' 'layer4_out' <Predicate = true> <Delay = 0.00>
ST_2 : Operation 67 [1/1] (0.00ns)   --->   "%layer4_out_1 = extractvalue i464 %call_ret" [firmware/myproject.cpp:41]   --->   Operation 67 'extractvalue' 'layer4_out_1' <Predicate = true> <Delay = 0.00>
ST_2 : Operation 68 [1/1] (0.00ns)   --->   "%layer4_out_2 = extractvalue i464 %call_ret" [firmware/myproject.cpp:41]   --->   Operation 68 'extractvalue' 'layer4_out_2' <Predicate = true> <Delay = 0.00>
ST_2 : Operation 69 [1/1] (0.00ns)   --->   "%layer4_out_3 = extractvalue i464 %call_ret" [firmware/myproject.cpp:41]   --->   Operation 69 'extractvalue' 'layer4_out_3' <Predicate = true> <Delay = 0.00>
ST_2 : Operation 70 [1/1] (0.00ns)   --->   "%layer4_out_4 = extractvalue i464 %call_ret" [firmware/myproject.cpp:41]   --->   Operation 70 'extractvalue' 'layer4_out_4' <Predicate = true> <Delay = 0.00>
ST_2 : Operation 71 [1/1] (0.00ns)   --->   "%layer4_out_5 = extractvalue i464 %call_ret" [firmware/myproject.cpp:41]   --->   Operation 71 'extractvalue' 'layer4_out_5' <Predicate = true> <Delay = 0.00>
ST_2 : Operation 72 [1/1] (0.00ns)   --->   "%layer4_out_6 = extractvalue i464 %call_ret" [firmware/myproject.cpp:41]   --->   Operation 72 'extractvalue' 'layer4_out_6' <Predicate = true> <Delay = 0.00>
ST_2 : Operation 73 [1/1] (0.00ns)   --->   "%layer4_out_7 = extractvalue i464 %call_ret" [firmware/myproject.cpp:41]   --->   Operation 73 'extractvalue' 'layer4_out_7' <Predicate = true> <Delay = 0.00>
ST_2 : Operation 74 [1/1] (0.00ns)   --->   "%layer4_out_8 = extractvalue i464 %call_ret" [firmware/myproject.cpp:41]   --->   Operation 74 'extractvalue' 'layer4_out_8' <Predicate = true> <Delay = 0.00>
ST_2 : Operation 75 [1/1] (0.00ns)   --->   "%layer4_out_9 = extractvalue i464 %call_ret" [firmware/myproject.cpp:41]   --->   Operation 75 'extractvalue' 'layer4_out_9' <Predicate = true> <Delay = 0.00>
ST_2 : Operation 76 [1/1] (0.00ns)   --->   "%layer4_out_10 = extractvalue i464 %call_ret" [firmware/myproject.cpp:41]   --->   Operation 76 'extractvalue' 'layer4_out_10' <Predicate = true> <Delay = 0.00>
ST_2 : Operation 77 [1/1] (0.00ns)   --->   "%layer4_out_11 = extractvalue i464 %call_ret" [firmware/myproject.cpp:41]   --->   Operation 77 'extractvalue' 'layer4_out_11' <Predicate = true> <Delay = 0.00>
ST_2 : Operation 78 [1/1] (0.00ns)   --->   "%layer4_out_12 = extractvalue i464 %call_ret" [firmware/myproject.cpp:41]   --->   Operation 78 'extractvalue' 'layer4_out_12' <Predicate = true> <Delay = 0.00>
ST_2 : Operation 79 [1/1] (0.00ns)   --->   "%layer4_out_13 = extractvalue i464 %call_ret" [firmware/myproject.cpp:41]   --->   Operation 79 'extractvalue' 'layer4_out_13' <Predicate = true> <Delay = 0.00>
ST_2 : Operation 80 [1/1] (0.00ns)   --->   "%layer4_out_14 = extractvalue i464 %call_ret" [firmware/myproject.cpp:41]   --->   Operation 80 'extractvalue' 'layer4_out_14' <Predicate = true> <Delay = 0.00>
ST_2 : Operation 81 [1/1] (0.00ns)   --->   "%layer4_out_15 = extractvalue i464 %call_ret" [firmware/myproject.cpp:41]   --->   Operation 81 'extractvalue' 'layer4_out_15' <Predicate = true> <Delay = 0.00>
ST_2 : Operation 82 [1/1] (0.00ns)   --->   "%layer4_out_16 = extractvalue i464 %call_ret" [firmware/myproject.cpp:41]   --->   Operation 82 'extractvalue' 'layer4_out_16' <Predicate = true> <Delay = 0.00>
ST_2 : Operation 83 [1/1] (0.00ns)   --->   "%layer4_out_17 = extractvalue i464 %call_ret" [firmware/myproject.cpp:41]   --->   Operation 83 'extractvalue' 'layer4_out_17' <Predicate = true> <Delay = 0.00>
ST_2 : Operation 84 [1/1] (0.00ns)   --->   "%layer4_out_18 = extractvalue i464 %call_ret" [firmware/myproject.cpp:41]   --->   Operation 84 'extractvalue' 'layer4_out_18' <Predicate = true> <Delay = 0.00>
ST_2 : Operation 85 [1/1] (0.00ns)   --->   "%layer4_out_19 = extractvalue i464 %call_ret" [firmware/myproject.cpp:41]   --->   Operation 85 'extractvalue' 'layer4_out_19' <Predicate = true> <Delay = 0.00>
ST_2 : Operation 86 [1/1] (0.00ns)   --->   "%layer4_out_20 = extractvalue i464 %call_ret" [firmware/myproject.cpp:41]   --->   Operation 86 'extractvalue' 'layer4_out_20' <Predicate = true> <Delay = 0.00>
ST_2 : Operation 87 [1/1] (0.00ns)   --->   "%layer4_out_21 = extractvalue i464 %call_ret" [firmware/myproject.cpp:41]   --->   Operation 87 'extractvalue' 'layer4_out_21' <Predicate = true> <Delay = 0.00>
ST_2 : Operation 88 [1/1] (0.00ns)   --->   "%layer4_out_22 = extractvalue i464 %call_ret" [firmware/myproject.cpp:41]   --->   Operation 88 'extractvalue' 'layer4_out_22' <Predicate = true> <Delay = 0.00>
ST_2 : Operation 89 [1/1] (0.00ns)   --->   "%layer4_out_23 = extractvalue i464 %call_ret" [firmware/myproject.cpp:41]   --->   Operation 89 'extractvalue' 'layer4_out_23' <Predicate = true> <Delay = 0.00>
ST_2 : Operation 90 [1/1] (0.00ns)   --->   "%layer4_out_24 = extractvalue i464 %call_ret" [firmware/myproject.cpp:41]   --->   Operation 90 'extractvalue' 'layer4_out_24' <Predicate = true> <Delay = 0.00>
ST_2 : Operation 91 [1/1] (0.00ns)   --->   "%layer4_out_25 = extractvalue i464 %call_ret" [firmware/myproject.cpp:41]   --->   Operation 91 'extractvalue' 'layer4_out_25' <Predicate = true> <Delay = 0.00>
ST_2 : Operation 92 [1/1] (0.00ns)   --->   "%layer4_out_26 = extractvalue i464 %call_ret" [firmware/myproject.cpp:41]   --->   Operation 92 'extractvalue' 'layer4_out_26' <Predicate = true> <Delay = 0.00>
ST_2 : Operation 93 [1/1] (0.00ns)   --->   "%layer4_out_27 = extractvalue i464 %call_ret" [firmware/myproject.cpp:41]   --->   Operation 93 'extractvalue' 'layer4_out_27' <Predicate = true> <Delay = 0.00>
ST_2 : Operation 94 [1/1] (0.00ns)   --->   "%layer4_out_28 = extractvalue i464 %call_ret" [firmware/myproject.cpp:41]   --->   Operation 94 'extractvalue' 'layer4_out_28' <Predicate = true> <Delay = 0.00>
ST_2 : Operation 95 [1/1] (0.00ns)   --->   "%layer4_out_29 = extractvalue i464 %call_ret" [firmware/myproject.cpp:41]   --->   Operation 95 'extractvalue' 'layer4_out_29' <Predicate = true> <Delay = 0.00>
ST_2 : Operation 96 [1/1] (0.00ns)   --->   "%layer4_out_30 = extractvalue i464 %call_ret" [firmware/myproject.cpp:41]   --->   Operation 96 'extractvalue' 'layer4_out_30' <Predicate = true> <Delay = 0.00>
ST_2 : Operation 97 [1/1] (0.00ns)   --->   "%layer4_out_31 = extractvalue i464 %call_ret" [firmware/myproject.cpp:41]   --->   Operation 97 'extractvalue' 'layer4_out_31' <Predicate = true> <Delay = 0.00>
ST_2 : Operation 98 [1/1] (0.00ns)   --->   "%layer4_out_32 = extractvalue i464 %call_ret" [firmware/myproject.cpp:41]   --->   Operation 98 'extractvalue' 'layer4_out_32' <Predicate = true> <Delay = 0.00>
ST_2 : Operation 99 [1/1] (0.00ns)   --->   "%layer4_out_33 = extractvalue i464 %call_ret" [firmware/myproject.cpp:41]   --->   Operation 99 'extractvalue' 'layer4_out_33' <Predicate = true> <Delay = 0.00>
ST_2 : Operation 100 [1/1] (0.00ns)   --->   "%layer4_out_34 = extractvalue i464 %call_ret" [firmware/myproject.cpp:41]   --->   Operation 100 'extractvalue' 'layer4_out_34' <Predicate = true> <Delay = 0.00>
ST_2 : Operation 101 [1/1] (0.00ns)   --->   "%layer4_out_35 = extractvalue i464 %call_ret" [firmware/myproject.cpp:41]   --->   Operation 101 'extractvalue' 'layer4_out_35' <Predicate = true> <Delay = 0.00>
ST_2 : Operation 102 [1/1] (0.00ns)   --->   "%layer4_out_36 = extractvalue i464 %call_ret" [firmware/myproject.cpp:41]   --->   Operation 102 'extractvalue' 'layer4_out_36' <Predicate = true> <Delay = 0.00>
ST_2 : Operation 103 [1/1] (0.00ns)   --->   "%layer4_out_37 = extractvalue i464 %call_ret" [firmware/myproject.cpp:41]   --->   Operation 103 'extractvalue' 'layer4_out_37' <Predicate = true> <Delay = 0.00>
ST_2 : Operation 104 [1/1] (0.00ns)   --->   "%layer4_out_38 = extractvalue i464 %call_ret" [firmware/myproject.cpp:41]   --->   Operation 104 'extractvalue' 'layer4_out_38' <Predicate = true> <Delay = 0.00>
ST_2 : Operation 105 [1/1] (0.00ns)   --->   "%layer4_out_39 = extractvalue i464 %call_ret" [firmware/myproject.cpp:41]   --->   Operation 105 'extractvalue' 'layer4_out_39' <Predicate = true> <Delay = 0.00>
ST_2 : Operation 106 [1/1] (0.00ns)   --->   "%layer4_out_40 = extractvalue i464 %call_ret" [firmware/myproject.cpp:41]   --->   Operation 106 'extractvalue' 'layer4_out_40' <Predicate = true> <Delay = 0.00>
ST_2 : Operation 107 [1/1] (0.00ns)   --->   "%layer4_out_41 = extractvalue i464 %call_ret" [firmware/myproject.cpp:41]   --->   Operation 107 'extractvalue' 'layer4_out_41' <Predicate = true> <Delay = 0.00>
ST_2 : Operation 108 [1/1] (0.00ns)   --->   "%layer4_out_42 = extractvalue i464 %call_ret" [firmware/myproject.cpp:41]   --->   Operation 108 'extractvalue' 'layer4_out_42' <Predicate = true> <Delay = 0.00>
ST_2 : Operation 109 [1/1] (0.00ns)   --->   "%layer4_out_43 = extractvalue i464 %call_ret" [firmware/myproject.cpp:41]   --->   Operation 109 'extractvalue' 'layer4_out_43' <Predicate = true> <Delay = 0.00>
ST_2 : Operation 110 [1/1] (0.00ns)   --->   "%layer4_out_44 = extractvalue i464 %call_ret" [firmware/myproject.cpp:41]   --->   Operation 110 'extractvalue' 'layer4_out_44' <Predicate = true> <Delay = 0.00>
ST_2 : Operation 111 [1/1] (0.00ns)   --->   "%layer4_out_45 = extractvalue i464 %call_ret" [firmware/myproject.cpp:41]   --->   Operation 111 'extractvalue' 'layer4_out_45' <Predicate = true> <Delay = 0.00>
ST_2 : Operation 112 [1/1] (0.00ns)   --->   "%layer4_out_46 = extractvalue i464 %call_ret" [firmware/myproject.cpp:41]   --->   Operation 112 'extractvalue' 'layer4_out_46' <Predicate = true> <Delay = 0.00>
ST_2 : Operation 113 [1/1] (0.00ns)   --->   "%layer4_out_47 = extractvalue i464 %call_ret" [firmware/myproject.cpp:41]   --->   Operation 113 'extractvalue' 'layer4_out_47' <Predicate = true> <Delay = 0.00>
ST_2 : Operation 114 [1/1] (0.00ns)   --->   "%layer4_out_48 = extractvalue i464 %call_ret" [firmware/myproject.cpp:41]   --->   Operation 114 'extractvalue' 'layer4_out_48' <Predicate = true> <Delay = 0.00>
ST_2 : Operation 115 [1/1] (0.00ns)   --->   "%layer4_out_49 = extractvalue i464 %call_ret" [firmware/myproject.cpp:41]   --->   Operation 115 'extractvalue' 'layer4_out_49' <Predicate = true> <Delay = 0.00>
ST_2 : Operation 116 [1/1] (0.00ns)   --->   "%layer4_out_50 = extractvalue i464 %call_ret" [firmware/myproject.cpp:41]   --->   Operation 116 'extractvalue' 'layer4_out_50' <Predicate = true> <Delay = 0.00>
ST_2 : Operation 117 [1/1] (0.00ns)   --->   "%layer4_out_51 = extractvalue i464 %call_ret" [firmware/myproject.cpp:41]   --->   Operation 117 'extractvalue' 'layer4_out_51' <Predicate = true> <Delay = 0.00>
ST_2 : Operation 118 [1/1] (0.00ns)   --->   "%layer4_out_52 = extractvalue i464 %call_ret" [firmware/myproject.cpp:41]   --->   Operation 118 'extractvalue' 'layer4_out_52' <Predicate = true> <Delay = 0.00>
ST_2 : Operation 119 [1/1] (0.00ns)   --->   "%layer4_out_53 = extractvalue i464 %call_ret" [firmware/myproject.cpp:41]   --->   Operation 119 'extractvalue' 'layer4_out_53' <Predicate = true> <Delay = 0.00>
ST_2 : Operation 120 [1/1] (0.00ns)   --->   "%layer4_out_54 = extractvalue i464 %call_ret" [firmware/myproject.cpp:41]   --->   Operation 120 'extractvalue' 'layer4_out_54' <Predicate = true> <Delay = 0.00>
ST_2 : Operation 121 [1/1] (0.00ns)   --->   "%layer4_out_55 = extractvalue i464 %call_ret" [firmware/myproject.cpp:41]   --->   Operation 121 'extractvalue' 'layer4_out_55' <Predicate = true> <Delay = 0.00>
ST_2 : Operation 122 [1/1] (0.00ns)   --->   "%layer4_out_56 = extractvalue i464 %call_ret" [firmware/myproject.cpp:41]   --->   Operation 122 'extractvalue' 'layer4_out_56' <Predicate = true> <Delay = 0.00>
ST_2 : Operation 123 [1/1] (0.00ns)   --->   "%layer4_out_57 = extractvalue i464 %call_ret" [firmware/myproject.cpp:41]   --->   Operation 123 'extractvalue' 'layer4_out_57' <Predicate = true> <Delay = 0.00>

State 3 <SV = 2> <Delay = 4.36>
ST_3 : Operation 124 [2/2] (4.36ns)   --->   "%call_ret2 = call i48 @dense_latency<ap_ufixed<8, 0, 4, 0, 0>, ap_fixed<16, 6, 5, 3, 0>, config5>, i8 %layer4_out, i8 %layer4_out_1, i8 %layer4_out_2, i8 %layer4_out_3, i8 %layer4_out_4, i8 %layer4_out_5, i8 %layer4_out_6, i8 %layer4_out_7, i8 %layer4_out_8, i8 %layer4_out_9, i8 %layer4_out_10, i8 %layer4_out_11, i8 %layer4_out_12, i8 %layer4_out_13, i8 %layer4_out_14, i8 %layer4_out_15, i8 %layer4_out_16, i8 %layer4_out_17, i8 %layer4_out_18, i8 %layer4_out_19, i8 %layer4_out_20, i8 %layer4_out_21, i8 %layer4_out_22, i8 %layer4_out_23, i8 %layer4_out_24, i8 %layer4_out_25, i8 %layer4_out_26, i8 %layer4_out_27, i8 %layer4_out_28, i8 %layer4_out_29, i8 %layer4_out_30, i8 %layer4_out_31, i8 %layer4_out_32, i8 %layer4_out_33, i8 %layer4_out_34, i8 %layer4_out_35, i8 %layer4_out_36, i8 %layer4_out_37, i8 %layer4_out_38, i8 %layer4_out_39, i8 %layer4_out_40, i8 %layer4_out_41, i8 %layer4_out_42, i8 %layer4_out_43, i8 %layer4_out_44, i8 %layer4_out_45, i8 %layer4_out_46, i8 %layer4_out_47, i8 %layer4_out_48, i8 %layer4_out_49, i8 %layer4_out_50, i8 %layer4_out_51, i8 %layer4_out_52, i8 %layer4_out_53, i8 %layer4_out_54, i8 %layer4_out_55, i8 %layer4_out_56, i8 %layer4_out_57" [firmware/nnet_utils/nnet_dense.h:41->firmware/myproject.cpp:43]   --->   Operation 124 'call' 'call_ret2' <Predicate = true> <Delay = 4.36> <CoreType = "Generic">   --->   Core 0 '' <Latency = 0> <II = 1> <Delay = 1.00> <Generic> <Opcode : >

State 4 <SV = 3> <Delay = 1.54>
ST_4 : Operation 125 [1/1] (0.00ns)   --->   "%specpipeline_ln0 = specpipeline void @_ssdm_op_SpecPipeline, i32 4294967295, i32 0, i32 0, i32 0, void @empty_0"   --->   Operation 125 'specpipeline' 'specpipeline_ln0' <Predicate = true> <Delay = 0.00>
ST_4 : Operation 126 [1/1] (0.00ns)   --->   "%spectopmodule_ln0 = spectopmodule void @_ssdm_op_SpecTopModule, void @empty_2"   --->   Operation 126 'spectopmodule' 'spectopmodule_ln0' <Predicate = true> <Delay = 0.00>
ST_4 : Operation 127 [1/1] (0.00ns)   --->   "%specbitsmap_ln0 = specbitsmap void @_ssdm_op_SpecBitsMap, i256 %input1"   --->   Operation 127 'specbitsmap' 'specbitsmap_ln0' <Predicate = true> <Delay = 0.00>
ST_4 : Operation 128 [1/1] (0.00ns)   --->   "%specinterface_ln0 = specinterface void @_ssdm_op_SpecInterface, i256 %input1, void @empty, i32 4294967295, i32 4294967295, void @empty_0, i32 0, i32 0, void @empty_0, void @empty_0, void @empty_0, i32 0, i32 0, i32 0, i32 0, void @empty_0, void @empty_0, i32 4294967295, i32 0, i32 0"   --->   Operation 128 'specinterface' 'specinterface_ln0' <Predicate = true> <Delay = 0.00>
ST_4 : Operation 129 [1/1] (0.00ns)   --->   "%specbitsmap_ln0 = specbitsmap void @_ssdm_op_SpecBitsMap, i16 %layer5_out_0"   --->   Operation 129 'specbitsmap' 'specbitsmap_ln0' <Predicate = true> <Delay = 0.00>
ST_4 : Operation 130 [1/1] (0.00ns)   --->   "%specinterface_ln0 = specinterface void @_ssdm_op_SpecInterface, i16 %layer5_out_0, void @empty, i32 4294967295, i32 4294967295, void @empty_0, i32 0, i32 0, void @empty_0, void @empty_0, void @empty_0, i32 0, i32 0, i32 0, i32 0, void @empty_0, void @empty_0, i32 4294967295, i32 0, i32 0"   --->   Operation 130 'specinterface' 'specinterface_ln0' <Predicate = true> <Delay = 0.00>
ST_4 : Operation 131 [1/1] (0.00ns)   --->   "%specbitsmap_ln0 = specbitsmap void @_ssdm_op_SpecBitsMap, i16 %layer5_out_1"   --->   Operation 131 'specbitsmap' 'specbitsmap_ln0' <Predicate = true> <Delay = 0.00>
ST_4 : Operation 132 [1/1] (0.00ns)   --->   "%specinterface_ln0 = specinterface void @_ssdm_op_SpecInterface, i16 %layer5_out_1, void @empty, i32 4294967295, i32 4294967295, void @empty_0, i32 0, i32 0, void @empty_0, void @empty_0, void @empty_0, i32 0, i32 0, i32 0, i32 0, void @empty_0, void @empty_0, i32 4294967295, i32 0, i32 0"   --->   Operation 132 'specinterface' 'specinterface_ln0' <Predicate = true> <Delay = 0.00>
ST_4 : Operation 133 [1/1] (0.00ns)   --->   "%specbitsmap_ln0 = specbitsmap void @_ssdm_op_SpecBitsMap, i16 %layer5_out_2"   --->   Operation 133 'specbitsmap' 'specbitsmap_ln0' <Predicate = true> <Delay = 0.00>
ST_4 : Operation 134 [1/1] (0.00ns)   --->   "%specinterface_ln0 = specinterface void @_ssdm_op_SpecInterface, i16 %layer5_out_2, void @empty, i32 4294967295, i32 4294967295, void @empty_0, i32 0, i32 0, void @empty_0, void @empty_0, void @empty_0, i32 0, i32 0, i32 0, i32 0, void @empty_0, void @empty_0, i32 4294967295, i32 0, i32 0"   --->   Operation 134 'specinterface' 'specinterface_ln0' <Predicate = true> <Delay = 0.00>
ST_4 : Operation 135 [1/2] (1.54ns)   --->   "%call_ret2 = call i48 @dense_latency<ap_ufixed<8, 0, 4, 0, 0>, ap_fixed<16, 6, 5, 3, 0>, config5>, i8 %layer4_out, i8 %layer4_out_1, i8 %layer4_out_2, i8 %layer4_out_3, i8 %layer4_out_4, i8 %layer4_out_5, i8 %layer4_out_6, i8 %layer4_out_7, i8 %layer4_out_8, i8 %layer4_out_9, i8 %layer4_out_10, i8 %layer4_out_11, i8 %layer4_out_12, i8 %layer4_out_13, i8 %layer4_out_14, i8 %layer4_out_15, i8 %layer4_out_16, i8 %layer4_out_17, i8 %layer4_out_18, i8 %layer4_out_19, i8 %layer4_out_20, i8 %layer4_out_21, i8 %layer4_out_22, i8 %layer4_out_23, i8 %layer4_out_24, i8 %layer4_out_25, i8 %layer4_out_26, i8 %layer4_out_27, i8 %layer4_out_28, i8 %layer4_out_29, i8 %layer4_out_30, i8 %layer4_out_31, i8 %layer4_out_32, i8 %layer4_out_33, i8 %layer4_out_34, i8 %layer4_out_35, i8 %layer4_out_36, i8 %layer4_out_37, i8 %layer4_out_38, i8 %layer4_out_39, i8 %layer4_out_40, i8 %layer4_out_41, i8 %layer4_out_42, i8 %layer4_out_43, i8 %layer4_out_44, i8 %layer4_out_45, i8 %layer4_out_46, i8 %layer4_out_47, i8 %layer4_out_48, i8 %layer4_out_49, i8 %layer4_out_50, i8 %layer4_out_51, i8 %layer4_out_52, i8 %layer4_out_53, i8 %layer4_out_54, i8 %layer4_out_55, i8 %layer4_out_56, i8 %layer4_out_57" [firmware/nnet_utils/nnet_dense.h:41->firmware/myproject.cpp:43]   --->   Operation 135 'call' 'call_ret2' <Predicate = true> <Delay = 1.54> <CoreType = "Generic">   --->   Core 0 '' <Latency = 0> <II = 1> <Delay = 1.00> <Generic> <Opcode : >
ST_4 : Operation 136 [1/1] (0.00ns)   --->   "%layer5_out_0_ret = extractvalue i48 %call_ret2" [firmware/nnet_utils/nnet_dense.h:41->firmware/myproject.cpp:43]   --->   Operation 136 'extractvalue' 'layer5_out_0_ret' <Predicate = true> <Delay = 0.00>
ST_4 : Operation 137 [1/1] (0.00ns)   --->   "%write_ln41 = write void @_ssdm_op_Write.ap_vld.i16P0A, i16 %layer5_out_0, i16 %layer5_out_0_ret" [firmware/nnet_utils/nnet_dense.h:41->firmware/myproject.cpp:43]   --->   Operation 137 'write' 'write_ln41' <Predicate = true> <Delay = 0.00>
ST_4 : Operation 138 [1/1] (0.00ns)   --->   "%layer5_out_1_ret = extractvalue i48 %call_ret2" [firmware/nnet_utils/nnet_dense.h:41->firmware/myproject.cpp:43]   --->   Operation 138 'extractvalue' 'layer5_out_1_ret' <Predicate = true> <Delay = 0.00>
ST_4 : Operation 139 [1/1] (0.00ns)   --->   "%write_ln41 = write void @_ssdm_op_Write.ap_vld.i16P0A, i16 %layer5_out_1, i16 %layer5_out_1_ret" [firmware/nnet_utils/nnet_dense.h:41->firmware/myproject.cpp:43]   --->   Operation 139 'write' 'write_ln41' <Predicate = true> <Delay = 0.00>
ST_4 : Operation 140 [1/1] (0.00ns)   --->   "%layer5_out_2_ret = extractvalue i48 %call_ret2" [firmware/nnet_utils/nnet_dense.h:41->firmware/myproject.cpp:43]   --->   Operation 140 'extractvalue' 'layer5_out_2_ret' <Predicate = true> <Delay = 0.00>
ST_4 : Operation 141 [1/1] (0.00ns)   --->   "%write_ln41 = write void @_ssdm_op_Write.ap_vld.i16P0A, i16 %layer5_out_2, i16 %layer5_out_2_ret" [firmware/nnet_utils/nnet_dense.h:41->firmware/myproject.cpp:43]   --->   Operation 141 'write' 'write_ln41' <Predicate = true> <Delay = 0.00>
ST_4 : Operation 142 [1/1] (0.00ns)   --->   "%ret_ln45 = ret" [firmware/myproject.cpp:45]   --->   Operation 142 'ret' 'ret_ln45' <Predicate = true> <Delay = 0.00>


============================================================
+ Verbose Summary: Binding
============================================================
STG Binding: 
---------------- STG Properties BEGIN ----------------
- Is combinational: 0
- Is one-state seq: 0
- Is datapath-only: 0
- Is pipelined: 1
- Is top level: 1
Port [ Return ] is wired: 1; IO mode=ap_ctrl_hs:ce=0
Port [ input1]:  wired=1; compound=0; hidden=0; nouse=0; global=0; static=0; extern=0; dir=0; type=0; pingpong=0; private_global=0; IO mode=ap_vld:ce=0
Port [ layer5_out_0]:  wired=1; compound=0; hidden=0; nouse=0; global=0; static=0; extern=0; dir=1; type=0; pingpong=0; private_global=0; IO mode=ap_vld:ce=0
Port [ layer5_out_1]:  wired=1; compound=0; hidden=0; nouse=0; global=0; static=0; extern=0; dir=1; type=0; pingpong=0; private_global=0; IO mode=ap_vld:ce=0
Port [ layer5_out_2]:  wired=1; compound=0; hidden=0; nouse=0; global=0; static=0; extern=0; dir=1; type=0; pingpong=0; private_global=0; IO mode=ap_vld:ce=0
---------------- STG Properties END ------------------

---------------- Datapath Model BEGIN ----------------

<LifeTime>
<method=bitvector/>
input1_read       (read         ) [ 00000]
call_ret1         (call         ) [ 00000]
layer2_out        (extractvalue ) [ 01100]
layer2_out_1      (extractvalue ) [ 01100]
layer2_out_2      (extractvalue ) [ 01100]
layer2_out_3      (extractvalue ) [ 01100]
layer2_out_4      (extractvalue ) [ 01100]
layer2_out_5      (extractvalue ) [ 01100]
layer2_out_6      (extractvalue ) [ 01100]
layer2_out_7      (extractvalue ) [ 01100]
layer2_out_8      (extractvalue ) [ 01100]
layer2_out_9      (extractvalue ) [ 01100]
layer2_out_10     (extractvalue ) [ 01100]
layer2_out_11     (extractvalue ) [ 01100]
layer2_out_12     (extractvalue ) [ 01100]
layer2_out_13     (extractvalue ) [ 01100]
layer2_out_14     (extractvalue ) [ 01100]
layer2_out_15     (extractvalue ) [ 01100]
layer2_out_16     (extractvalue ) [ 01100]
layer2_out_17     (extractvalue ) [ 01100]
layer2_out_18     (extractvalue ) [ 01100]
layer2_out_19     (extractvalue ) [ 01100]
layer2_out_20     (extractvalue ) [ 01100]
layer2_out_21     (extractvalue ) [ 01100]
layer2_out_22     (extractvalue ) [ 01100]
layer2_out_23     (extractvalue ) [ 01100]
layer2_out_24     (extractvalue ) [ 01100]
layer2_out_25     (extractvalue ) [ 01100]
layer2_out_26     (extractvalue ) [ 01100]
layer2_out_27     (extractvalue ) [ 01100]
layer2_out_28     (extractvalue ) [ 01100]
layer2_out_29     (extractvalue ) [ 01100]
layer2_out_30     (extractvalue ) [ 01100]
layer2_out_31     (extractvalue ) [ 01100]
layer2_out_32     (extractvalue ) [ 01100]
layer2_out_33     (extractvalue ) [ 01100]
layer2_out_34     (extractvalue ) [ 01100]
layer2_out_35     (extractvalue ) [ 01100]
layer2_out_36     (extractvalue ) [ 01100]
layer2_out_37     (extractvalue ) [ 01100]
layer2_out_38     (extractvalue ) [ 01100]
layer2_out_39     (extractvalue ) [ 01100]
layer2_out_40     (extractvalue ) [ 01100]
layer2_out_41     (extractvalue ) [ 01100]
layer2_out_42     (extractvalue ) [ 01100]
layer2_out_43     (extractvalue ) [ 01100]
layer2_out_44     (extractvalue ) [ 01100]
layer2_out_45     (extractvalue ) [ 01100]
layer2_out_46     (extractvalue ) [ 01100]
layer2_out_47     (extractvalue ) [ 01100]
layer2_out_48     (extractvalue ) [ 01100]
layer2_out_49     (extractvalue ) [ 01100]
layer2_out_50     (extractvalue ) [ 01100]
layer2_out_51     (extractvalue ) [ 01100]
layer2_out_52     (extractvalue ) [ 01100]
layer2_out_53     (extractvalue ) [ 01100]
layer2_out_54     (extractvalue ) [ 01100]
layer2_out_55     (extractvalue ) [ 01100]
layer2_out_56     (extractvalue ) [ 01100]
layer2_out_57     (extractvalue ) [ 01100]
call_ret          (call         ) [ 00000]
layer4_out        (extractvalue ) [ 01010]
layer4_out_1      (extractvalue ) [ 01010]
layer4_out_2      (extractvalue ) [ 01010]
layer4_out_3      (extractvalue ) [ 01010]
layer4_out_4      (extractvalue ) [ 01010]
layer4_out_5      (extractvalue ) [ 01010]
layer4_out_6      (extractvalue ) [ 01010]
layer4_out_7      (extractvalue ) [ 01010]
layer4_out_8      (extractvalue ) [ 01010]
layer4_out_9      (extractvalue ) [ 01010]
layer4_out_10     (extractvalue ) [ 01010]
layer4_out_11     (extractvalue ) [ 01010]
layer4_out_12     (extractvalue ) [ 01010]
layer4_out_13     (extractvalue ) [ 01010]
layer4_out_14     (extractvalue ) [ 01010]
layer4_out_15     (extractvalue ) [ 01010]
layer4_out_16     (extractvalue ) [ 01010]
layer4_out_17     (extractvalue ) [ 01010]
layer4_out_18     (extractvalue ) [ 01010]
layer4_out_19     (extractvalue ) [ 01010]
layer4_out_20     (extractvalue ) [ 01010]
layer4_out_21     (extractvalue ) [ 01010]
layer4_out_22     (extractvalue ) [ 01010]
layer4_out_23     (extractvalue ) [ 01010]
layer4_out_24     (extractvalue ) [ 01010]
layer4_out_25     (extractvalue ) [ 01010]
layer4_out_26     (extractvalue ) [ 01010]
layer4_out_27     (extractvalue ) [ 01010]
layer4_out_28     (extractvalue ) [ 01010]
layer4_out_29     (extractvalue ) [ 01010]
layer4_out_30     (extractvalue ) [ 01010]
layer4_out_31     (extractvalue ) [ 01010]
layer4_out_32     (extractvalue ) [ 01010]
layer4_out_33     (extractvalue ) [ 01010]
layer4_out_34     (extractvalue ) [ 01010]
layer4_out_35     (extractvalue ) [ 01010]
layer4_out_36     (extractvalue ) [ 01010]
layer4_out_37     (extractvalue ) [ 01010]
layer4_out_38     (extractvalue ) [ 01010]
layer4_out_39     (extractvalue ) [ 01010]
layer4_out_40     (extractvalue ) [ 01010]
layer4_out_41     (extractvalue ) [ 01010]
layer4_out_42     (extractvalue ) [ 01010]
layer4_out_43     (extractvalue ) [ 01010]
layer4_out_44     (extractvalue ) [ 01010]
layer4_out_45     (extractvalue ) [ 01010]
layer4_out_46     (extractvalue ) [ 01010]
layer4_out_47     (extractvalue ) [ 01010]
layer4_out_48     (extractvalue ) [ 01010]
layer4_out_49     (extractvalue ) [ 01010]
layer4_out_50     (extractvalue ) [ 01010]
layer4_out_51     (extractvalue ) [ 01010]
layer4_out_52     (extractvalue ) [ 01010]
layer4_out_53     (extractvalue ) [ 01010]
layer4_out_54     (extractvalue ) [ 01010]
layer4_out_55     (extractvalue ) [ 01010]
layer4_out_56     (extractvalue ) [ 01010]
layer4_out_57     (extractvalue ) [ 01010]
specpipeline_ln0  (specpipeline ) [ 00000]
spectopmodule_ln0 (spectopmodule) [ 00000]
specbitsmap_ln0   (specbitsmap  ) [ 00000]
specinterface_ln0 (specinterface) [ 00000]
specbitsmap_ln0   (specbitsmap  ) [ 00000]
specinterface_ln0 (specinterface) [ 00000]
specbitsmap_ln0   (specbitsmap  ) [ 00000]
specinterface_ln0 (specinterface) [ 00000]
specbitsmap_ln0   (specbitsmap  ) [ 00000]
specinterface_ln0 (specinterface) [ 00000]
call_ret2         (call         ) [ 00000]
layer5_out_0_ret  (extractvalue ) [ 00000]
write_ln41        (write        ) [ 00000]
layer5_out_1_ret  (extractvalue ) [ 00000]
write_ln41        (write        ) [ 00000]
layer5_out_2_ret  (extractvalue ) [ 00000]
write_ln41        (write        ) [ 00000]
ret_ln45          (ret          ) [ 00000]
</LifeTime>

<model>

<comp_list>
<comp id="0" class="1000" name="input1">
<pin_list>
<pin id="1" dir="1" index="0" bw="1" slack="0"/>
</pin_list>
<bind>
<StgValue><ssdm name="input1"/></StgValue>
</bind>
</comp>

<comp id="2" class="1000" name="layer5_out_0">
<pin_list>
<pin id="3" dir="1" index="0" bw="1" slack="0"/>
</pin_list>
<bind>
<StgValue><ssdm name="layer5_out_0"/></StgValue>
</bind>
</comp>

<comp id="4" class="1000" name="layer5_out_1">
<pin_list>
<pin id="5" dir="1" index="0" bw="1" slack="0"/>
</pin_list>
<bind>
<StgValue><ssdm name="layer5_out_1"/></StgValue>
</bind>
</comp>

<comp id="6" class="1000" name="layer5_out_2">
<pin_list>
<pin id="7" dir="1" index="0" bw="1" slack="0"/>
</pin_list>
<bind>
<StgValue><ssdm name="layer5_out_2"/></StgValue>
</bind>
</comp>

<comp id="8" class="1001" name="const_8">
<pin_list>
<pin id="9" dir="1" index="0" bw="1" slack="0"/>
</pin_list>
<bind>
<StgValue><ssdm name="_ssdm_op_Read.ap_vld.i256P0A"/></StgValue>
</bind>
</comp>

<comp id="10" class="1001" name="const_10">
<pin_list>
<pin id="11" dir="1" index="0" bw="1" slack="0"/>
</pin_list>
<bind>
<StgValue><ssdm name="dense_latency<ap_fixed<16, 6, 5, 3, 0>, ap_fixed<16, 6, 5, 3, 0>, config2>"/></StgValue>
</bind>
</comp>

<comp id="12" class="1001" name="const_12">
<pin_list>
<pin id="13" dir="1" index="0" bw="1" slack="0"/>
</pin_list>
<bind>
<StgValue><ssdm name="relu<ap_fixed<16, 6, 5, 3, 0>, ap_ufixed<8, 0, 4, 0, 0>, relu_config4>"/></StgValue>
</bind>
</comp>

<comp id="14" class="1001" name="const_14">
<pin_list>
<pin id="15" dir="1" index="0" bw="1" slack="0"/>
</pin_list>
<bind>
<StgValue><ssdm name="dense_latency<ap_ufixed<8, 0, 4, 0, 0>, ap_fixed<16, 6, 5, 3, 0>, config5>"/></StgValue>
</bind>
</comp>

<comp id="16" class="1001" name="const_16">
<pin_list>
<pin id="17" dir="1" index="0" bw="1" slack="2147483647"/>
</pin_list>
<bind>
<StgValue><ssdm name="_ssdm_op_SpecPipeline"/></StgValue>
</bind>
</comp>

<comp id="18" class="1001" name="const_18">
<pin_list>
<pin id="19" dir="1" index="0" bw="1" slack="2147483647"/>
</pin_list>
<bind>
<StgValue><ssdm name=""/></StgValue>
</bind>
</comp>

<comp id="20" class="1001" name="const_20">
<pin_list>
<pin id="21" dir="1" index="0" bw="1" slack="2147483647"/>
</pin_list>
<bind>
<StgValue><ssdm name=""/></StgValue>
</bind>
</comp>

<comp id="22" class="1001" name="const_22">
<pin_list>
<pin id="23" dir="1" index="0" bw="1" slack="2147483647"/>
</pin_list>
<bind>
<StgValue><ssdm name="empty_0"/></StgValue>
</bind>
</comp>

<comp id="24" class="1001" name="const_24">
<pin_list>
<pin id="25" dir="1" index="0" bw="1" slack="2147483647"/>
</pin_list>
<bind>
<StgValue><ssdm name="_ssdm_op_SpecTopModule"/></StgValue>
</bind>
</comp>

<comp id="26" class="1001" name="const_26">
<pin_list>
<pin id="27" dir="1" index="0" bw="1" slack="2147483647"/>
</pin_list>
<bind>
<StgValue><ssdm name="empty_2"/></StgValue>
</bind>
</comp>

<comp id="28" class="1001" name="const_28">
<pin_list>
<pin id="29" dir="1" index="0" bw="1" slack="2147483647"/>
</pin_list>
<bind>
<StgValue><ssdm name="_ssdm_op_SpecBitsMap"/></StgValue>
</bind>
</comp>

<comp id="30" class="1001" name="const_30">
<pin_list>
<pin id="31" dir="1" index="0" bw="1" slack="2147483647"/>
</pin_list>
<bind>
<StgValue><ssdm name="_ssdm_op_SpecInterface"/></StgValue>
</bind>
</comp>

<comp id="32" class="1001" name="const_32">
<pin_list>
<pin id="33" dir="1" index="0" bw="1" slack="2147483647"/>
</pin_list>
<bind>
<StgValue><ssdm name="empty"/></StgValue>
</bind>
</comp>

<comp id="34" class="1001" name="const_34">
<pin_list>
<pin id="35" dir="1" index="0" bw="1" slack="0"/>
</pin_list>
<bind>
<StgValue><ssdm name="_ssdm_op_Write.ap_vld.i16P0A"/></StgValue>
</bind>
</comp>

<comp id="36" class="1004" name="input1_read_read_fu_36">
<pin_list>
<pin id="37" dir="0" index="0" bw="256" slack="0"/>
<pin id="38" dir="0" index="1" bw="256" slack="0"/>
<pin id="39" dir="1" index="2" bw="256" slack="0"/>
</pin_list>
<bind>
<opcode="read(1150) " fcode="read"/>
<opset="input1_read/1 "/>
</bind>
</comp>

<comp id="42" class="1004" name="write_ln41_write_fu_42">
<pin_list>
<pin id="43" dir="0" index="0" bw="0" slack="0"/>
<pin id="44" dir="0" index="1" bw="16" slack="0"/>
<pin id="45" dir="0" index="2" bw="16" slack="0"/>
<pin id="46" dir="1" index="3" bw="0" slack="2147483647"/>
</pin_list>
<bind>
<opcode="write(1151) " fcode="write"/>
<opset="write_ln41/4 "/>
</bind>
</comp>

<comp id="49" class="1004" name="write_ln41_write_fu_49">
<pin_list>
<pin id="50" dir="0" index="0" bw="0" slack="0"/>
<pin id="51" dir="0" index="1" bw="16" slack="0"/>
<pin id="52" dir="0" index="2" bw="16" slack="0"/>
<pin id="53" dir="1" index="3" bw="0" slack="2147483647"/>
</pin_list>
<bind>
<opcode="write(1151) " fcode="write"/>
<opset="write_ln41/4 "/>
</bind>
</comp>

<comp id="56" class="1004" name="write_ln41_write_fu_56">
<pin_list>
<pin id="57" dir="0" index="0" bw="0" slack="0"/>
<pin id="58" dir="0" index="1" bw="16" slack="0"/>
<pin id="59" dir="0" index="2" bw="16" slack="0"/>
<pin id="60" dir="1" index="3" bw="0" slack="2147483647"/>
</pin_list>
<bind>
<opcode="write(1151) " fcode="write"/>
<opset="write_ln41/4 "/>
</bind>
</comp>

<comp id="63" class="1004" name="call_ret1_dense_latency_ap_fixed_16_6_5_3_0_ap_fixed_16_6_5_3_0_config2_s_fu_63">
<pin_list>
<pin id="64" dir="0" index="0" bw="928" slack="0"/>
<pin id="65" dir="0" index="1" bw="256" slack="0"/>
<pin id="66" dir="1" index="2" bw="928" slack="0"/>
</pin_list>
<bind>
<opcode="call(48) " fcode="call"/>
<opset="call_ret1/1 "/>
</bind>
</comp>

<comp id="69" class="1004" name="call_ret_relu_ap_fixed_16_6_5_3_0_ap_ufixed_8_0_4_0_0_relu_config4_s_fu_69">
<pin_list>
<pin id="70" dir="0" index="0" bw="464" slack="0"/>
<pin id="71" dir="0" index="1" bw="16" slack="1"/>
<pin id="72" dir="0" index="2" bw="16" slack="1"/>
<pin id="73" dir="0" index="3" bw="16" slack="1"/>
<pin id="74" dir="0" index="4" bw="16" slack="1"/>
<pin id="75" dir="0" index="5" bw="16" slack="1"/>
<pin id="76" dir="0" index="6" bw="16" slack="1"/>
<pin id="77" dir="0" index="7" bw="16" slack="1"/>
<pin id="78" dir="0" index="8" bw="16" slack="1"/>
<pin id="79" dir="0" index="9" bw="16" slack="1"/>
<pin id="80" dir="0" index="10" bw="16" slack="1"/>
<pin id="81" dir="0" index="11" bw="16" slack="1"/>
<pin id="82" dir="0" index="12" bw="16" slack="1"/>
<pin id="83" dir="0" index="13" bw="16" slack="1"/>
<pin id="84" dir="0" index="14" bw="16" slack="1"/>
<pin id="85" dir="0" index="15" bw="16" slack="1"/>
<pin id="86" dir="0" index="16" bw="16" slack="1"/>
<pin id="87" dir="0" index="17" bw="16" slack="1"/>
<pin id="88" dir="0" index="18" bw="16" slack="1"/>
<pin id="89" dir="0" index="19" bw="16" slack="1"/>
<pin id="90" dir="0" index="20" bw="16" slack="1"/>
<pin id="91" dir="0" index="21" bw="16" slack="1"/>
<pin id="92" dir="0" index="22" bw="16" slack="1"/>
<pin id="93" dir="0" index="23" bw="16" slack="1"/>
<pin id="94" dir="0" index="24" bw="16" slack="1"/>
<pin id="95" dir="0" index="25" bw="16" slack="1"/>
<pin id="96" dir="0" index="26" bw="16" slack="1"/>
<pin id="97" dir="0" index="27" bw="16" slack="1"/>
<pin id="98" dir="0" index="28" bw="16" slack="1"/>
<pin id="99" dir="0" index="29" bw="16" slack="1"/>
<pin id="100" dir="0" index="30" bw="16" slack="1"/>
<pin id="101" dir="0" index="31" bw="16" slack="1"/>
<pin id="102" dir="0" index="32" bw="16" slack="1"/>
<pin id="103" dir="0" index="33" bw="16" slack="1"/>
<pin id="104" dir="0" index="34" bw="16" slack="1"/>
<pin id="105" dir="0" index="35" bw="16" slack="1"/>
<pin id="106" dir="0" index="36" bw="16" slack="1"/>
<pin id="107" dir="0" index="37" bw="16" slack="1"/>
<pin id="108" dir="0" index="38" bw="16" slack="1"/>
<pin id="109" dir="0" index="39" bw="16" slack="1"/>
<pin id="110" dir="0" index="40" bw="16" slack="1"/>
<pin id="111" dir="0" index="41" bw="16" slack="1"/>
<pin id="112" dir="0" index="42" bw="16" slack="1"/>
<pin id="113" dir="0" index="43" bw="16" slack="1"/>
<pin id="114" dir="0" index="44" bw="16" slack="1"/>
<pin id="115" dir="0" index="45" bw="16" slack="1"/>
<pin id="116" dir="0" index="46" bw="16" slack="1"/>
<pin id="117" dir="0" index="47" bw="16" slack="1"/>
<pin id="118" dir="0" index="48" bw="16" slack="1"/>
<pin id="119" dir="0" index="49" bw="16" slack="1"/>
<pin id="120" dir="0" index="50" bw="16" slack="1"/>
<pin id="121" dir="0" index="51" bw="16" slack="1"/>
<pin id="122" dir="0" index="52" bw="16" slack="1"/>
<pin id="123" dir="0" index="53" bw="16" slack="1"/>
<pin id="124" dir="0" index="54" bw="16" slack="1"/>
<pin id="125" dir="0" index="55" bw="16" slack="1"/>
<pin id="126" dir="0" index="56" bw="16" slack="1"/>
<pin id="127" dir="0" index="57" bw="16" slack="1"/>
<pin id="128" dir="0" index="58" bw="16" slack="1"/>
<pin id="129" dir="1" index="59" bw="464" slack="0"/>
</pin_list>
<bind>
<opcode="call(48) " fcode="call"/>
<opset="call_ret/2 "/>
</bind>
</comp>

<comp id="131" class="1004" name="grp_dense_latency_ap_ufixed_8_0_4_0_0_ap_fixed_16_6_5_3_0_config5_s_fu_131">
<pin_list>
<pin id="132" dir="0" index="0" bw="48" slack="0"/>
<pin id="133" dir="0" index="1" bw="8" slack="1"/>
<pin id="134" dir="0" index="2" bw="8" slack="1"/>
<pin id="135" dir="0" index="3" bw="8" slack="1"/>
<pin id="136" dir="0" index="4" bw="8" slack="1"/>
<pin id="137" dir="0" index="5" bw="8" slack="1"/>
<pin id="138" dir="0" index="6" bw="8" slack="1"/>
<pin id="139" dir="0" index="7" bw="8" slack="1"/>
<pin id="140" dir="0" index="8" bw="8" slack="1"/>
<pin id="141" dir="0" index="9" bw="8" slack="1"/>
<pin id="142" dir="0" index="10" bw="8" slack="1"/>
<pin id="143" dir="0" index="11" bw="8" slack="1"/>
<pin id="144" dir="0" index="12" bw="8" slack="1"/>
<pin id="145" dir="0" index="13" bw="8" slack="1"/>
<pin id="146" dir="0" index="14" bw="8" slack="1"/>
<pin id="147" dir="0" index="15" bw="8" slack="1"/>
<pin id="148" dir="0" index="16" bw="8" slack="1"/>
<pin id="149" dir="0" index="17" bw="8" slack="1"/>
<pin id="150" dir="0" index="18" bw="8" slack="1"/>
<pin id="151" dir="0" index="19" bw="8" slack="1"/>
<pin id="152" dir="0" index="20" bw="8" slack="1"/>
<pin id="153" dir="0" index="21" bw="8" slack="1"/>
<pin id="154" dir="0" index="22" bw="8" slack="1"/>
<pin id="155" dir="0" index="23" bw="8" slack="1"/>
<pin id="156" dir="0" index="24" bw="8" slack="1"/>
<pin id="157" dir="0" index="25" bw="8" slack="1"/>
<pin id="158" dir="0" index="26" bw="8" slack="1"/>
<pin id="159" dir="0" index="27" bw="8" slack="1"/>
<pin id="160" dir="0" index="28" bw="8" slack="1"/>
<pin id="161" dir="0" index="29" bw="8" slack="1"/>
<pin id="162" dir="0" index="30" bw="8" slack="1"/>
<pin id="163" dir="0" index="31" bw="8" slack="1"/>
<pin id="164" dir="0" index="32" bw="8" slack="1"/>
<pin id="165" dir="0" index="33" bw="8" slack="1"/>
<pin id="166" dir="0" index="34" bw="8" slack="1"/>
<pin id="167" dir="0" index="35" bw="8" slack="1"/>
<pin id="168" dir="0" index="36" bw="8" slack="1"/>
<pin id="169" dir="0" index="37" bw="8" slack="1"/>
<pin id="170" dir="0" index="38" bw="8" slack="1"/>
<pin id="171" dir="0" index="39" bw="8" slack="1"/>
<pin id="172" dir="0" index="40" bw="8" slack="1"/>
<pin id="173" dir="0" index="41" bw="8" slack="1"/>
<pin id="174" dir="0" index="42" bw="8" slack="1"/>
<pin id="175" dir="0" index="43" bw="8" slack="1"/>
<pin id="176" dir="0" index="44" bw="8" slack="1"/>
<pin id="177" dir="0" index="45" bw="8" slack="1"/>
<pin id="178" dir="0" index="46" bw="8" slack="1"/>
<pin id="179" dir="0" index="47" bw="8" slack="1"/>
<pin id="180" dir="0" index="48" bw="8" slack="1"/>
<pin id="181" dir="0" index="49" bw="8" slack="1"/>
<pin id="182" dir="0" index="50" bw="8" slack="1"/>
<pin id="183" dir="0" index="51" bw="8" slack="1"/>
<pin id="184" dir="0" index="52" bw="8" slack="1"/>
<pin id="185" dir="0" index="53" bw="8" slack="1"/>
<pin id="186" dir="0" index="54" bw="8" slack="1"/>
<pin id="187" dir="0" index="55" bw="8" slack="1"/>
<pin id="188" dir="0" index="56" bw="8" slack="1"/>
<pin id="189" dir="0" index="57" bw="8" slack="1"/>
<pin id="190" dir="0" index="58" bw="8" slack="1"/>
<pin id="191" dir="1" index="59" bw="48" slack="0"/>
</pin_list>
<bind>
<opcode="call(48) " fcode="call"/>
<opset="call_ret2/3 "/>
</bind>
</comp>

<comp id="193" class="1004" name="layer2_out_fu_193">
<pin_list>
<pin id="194" dir="0" index="0" bw="928" slack="0"/>
<pin id="195" dir="1" index="1" bw="16" slack="1"/>
</pin_list>
<bind>
<opcode="extractvalue(56) " fcode="extractvalue"/>
<opset="layer2_out/1 "/>
</bind>
</comp>

<comp id="197" class="1004" name="layer2_out_1_fu_197">
<pin_list>
<pin id="198" dir="0" index="0" bw="928" slack="0"/>
<pin id="199" dir="1" index="1" bw="16" slack="1"/>
</pin_list>
<bind>
<opcode="extractvalue(56) " fcode="extractvalue"/>
<opset="layer2_out_1/1 "/>
</bind>
</comp>

<comp id="201" class="1004" name="layer2_out_2_fu_201">
<pin_list>
<pin id="202" dir="0" index="0" bw="928" slack="0"/>
<pin id="203" dir="1" index="1" bw="16" slack="1"/>
</pin_list>
<bind>
<opcode="extractvalue(56) " fcode="extractvalue"/>
<opset="layer2_out_2/1 "/>
</bind>
</comp>

<comp id="205" class="1004" name="layer2_out_3_fu_205">
<pin_list>
<pin id="206" dir="0" index="0" bw="928" slack="0"/>
<pin id="207" dir="1" index="1" bw="16" slack="1"/>
</pin_list>
<bind>
<opcode="extractvalue(56) " fcode="extractvalue"/>
<opset="layer2_out_3/1 "/>
</bind>
</comp>

<comp id="209" class="1004" name="layer2_out_4_fu_209">
<pin_list>
<pin id="210" dir="0" index="0" bw="928" slack="0"/>
<pin id="211" dir="1" index="1" bw="16" slack="1"/>
</pin_list>
<bind>
<opcode="extractvalue(56) " fcode="extractvalue"/>
<opset="layer2_out_4/1 "/>
</bind>
</comp>

<comp id="213" class="1004" name="layer2_out_5_fu_213">
<pin_list>
<pin id="214" dir="0" index="0" bw="928" slack="0"/>
<pin id="215" dir="1" index="1" bw="16" slack="1"/>
</pin_list>
<bind>
<opcode="extractvalue(56) " fcode="extractvalue"/>
<opset="layer2_out_5/1 "/>
</bind>
</comp>

<comp id="217" class="1004" name="layer2_out_6_fu_217">
<pin_list>
<pin id="218" dir="0" index="0" bw="928" slack="0"/>
<pin id="219" dir="1" index="1" bw="16" slack="1"/>
</pin_list>
<bind>
<opcode="extractvalue(56) " fcode="extractvalue"/>
<opset="layer2_out_6/1 "/>
</bind>
</comp>

<comp id="221" class="1004" name="layer2_out_7_fu_221">
<pin_list>
<pin id="222" dir="0" index="0" bw="928" slack="0"/>
<pin id="223" dir="1" index="1" bw="16" slack="1"/>
</pin_list>
<bind>
<opcode="extractvalue(56) " fcode="extractvalue"/>
<opset="layer2_out_7/1 "/>
</bind>
</comp>

<comp id="225" class="1004" name="layer2_out_8_fu_225">
<pin_list>
<pin id="226" dir="0" index="0" bw="928" slack="0"/>
<pin id="227" dir="1" index="1" bw="16" slack="1"/>
</pin_list>
<bind>
<opcode="extractvalue(56) " fcode="extractvalue"/>
<opset="layer2_out_8/1 "/>
</bind>
</comp>

<comp id="229" class="1004" name="layer2_out_9_fu_229">
<pin_list>
<pin id="230" dir="0" index="0" bw="928" slack="0"/>
<pin id="231" dir="1" index="1" bw="16" slack="1"/>
</pin_list>
<bind>
<opcode="extractvalue(56) " fcode="extractvalue"/>
<opset="layer2_out_9/1 "/>
</bind>
</comp>

<comp id="233" class="1004" name="layer2_out_10_fu_233">
<pin_list>
<pin id="234" dir="0" index="0" bw="928" slack="0"/>
<pin id="235" dir="1" index="1" bw="16" slack="1"/>
</pin_list>
<bind>
<opcode="extractvalue(56) " fcode="extractvalue"/>
<opset="layer2_out_10/1 "/>
</bind>
</comp>

<comp id="237" class="1004" name="layer2_out_11_fu_237">
<pin_list>
<pin id="238" dir="0" index="0" bw="928" slack="0"/>
<pin id="239" dir="1" index="1" bw="16" slack="1"/>
</pin_list>
<bind>
<opcode="extractvalue(56) " fcode="extractvalue"/>
<opset="layer2_out_11/1 "/>
</bind>
</comp>

<comp id="241" class="1004" name="layer2_out_12_fu_241">
<pin_list>
<pin id="242" dir="0" index="0" bw="928" slack="0"/>
<pin id="243" dir="1" index="1" bw="16" slack="1"/>
</pin_list>
<bind>
<opcode="extractvalue(56) " fcode="extractvalue"/>
<opset="layer2_out_12/1 "/>
</bind>
</comp>

<comp id="245" class="1004" name="layer2_out_13_fu_245">
<pin_list>
<pin id="246" dir="0" index="0" bw="928" slack="0"/>
<pin id="247" dir="1" index="1" bw="16" slack="1"/>
</pin_list>
<bind>
<opcode="extractvalue(56) " fcode="extractvalue"/>
<opset="layer2_out_13/1 "/>
</bind>
</comp>

<comp id="249" class="1004" name="layer2_out_14_fu_249">
<pin_list>
<pin id="250" dir="0" index="0" bw="928" slack="0"/>
<pin id="251" dir="1" index="1" bw="16" slack="1"/>
</pin_list>
<bind>
<opcode="extractvalue(56) " fcode="extractvalue"/>
<opset="layer2_out_14/1 "/>
</bind>
</comp>

<comp id="253" class="1004" name="layer2_out_15_fu_253">
<pin_list>
<pin id="254" dir="0" index="0" bw="928" slack="0"/>
<pin id="255" dir="1" index="1" bw="16" slack="1"/>
</pin_list>
<bind>
<opcode="extractvalue(56) " fcode="extractvalue"/>
<opset="layer2_out_15/1 "/>
</bind>
</comp>

<comp id="257" class="1004" name="layer2_out_16_fu_257">
<pin_list>
<pin id="258" dir="0" index="0" bw="928" slack="0"/>
<pin id="259" dir="1" index="1" bw="16" slack="1"/>
</pin_list>
<bind>
<opcode="extractvalue(56) " fcode="extractvalue"/>
<opset="layer2_out_16/1 "/>
</bind>
</comp>

<comp id="261" class="1004" name="layer2_out_17_fu_261">
<pin_list>
<pin id="262" dir="0" index="0" bw="928" slack="0"/>
<pin id="263" dir="1" index="1" bw="16" slack="1"/>
</pin_list>
<bind>
<opcode="extractvalue(56) " fcode="extractvalue"/>
<opset="layer2_out_17/1 "/>
</bind>
</comp>

<comp id="265" class="1004" name="layer2_out_18_fu_265">
<pin_list>
<pin id="266" dir="0" index="0" bw="928" slack="0"/>
<pin id="267" dir="1" index="1" bw="16" slack="1"/>
</pin_list>
<bind>
<opcode="extractvalue(56) " fcode="extractvalue"/>
<opset="layer2_out_18/1 "/>
</bind>
</comp>

<comp id="269" class="1004" name="layer2_out_19_fu_269">
<pin_list>
<pin id="270" dir="0" index="0" bw="928" slack="0"/>
<pin id="271" dir="1" index="1" bw="16" slack="1"/>
</pin_list>
<bind>
<opcode="extractvalue(56) " fcode="extractvalue"/>
<opset="layer2_out_19/1 "/>
</bind>
</comp>

<comp id="273" class="1004" name="layer2_out_20_fu_273">
<pin_list>
<pin id="274" dir="0" index="0" bw="928" slack="0"/>
<pin id="275" dir="1" index="1" bw="16" slack="1"/>
</pin_list>
<bind>
<opcode="extractvalue(56) " fcode="extractvalue"/>
<opset="layer2_out_20/1 "/>
</bind>
</comp>

<comp id="277" class="1004" name="layer2_out_21_fu_277">
<pin_list>
<pin id="278" dir="0" index="0" bw="928" slack="0"/>
<pin id="279" dir="1" index="1" bw="16" slack="1"/>
</pin_list>
<bind>
<opcode="extractvalue(56) " fcode="extractvalue"/>
<opset="layer2_out_21/1 "/>
</bind>
</comp>

<comp id="281" class="1004" name="layer2_out_22_fu_281">
<pin_list>
<pin id="282" dir="0" index="0" bw="928" slack="0"/>
<pin id="283" dir="1" index="1" bw="16" slack="1"/>
</pin_list>
<bind>
<opcode="extractvalue(56) " fcode="extractvalue"/>
<opset="layer2_out_22/1 "/>
</bind>
</comp>

<comp id="285" class="1004" name="layer2_out_23_fu_285">
<pin_list>
<pin id="286" dir="0" index="0" bw="928" slack="0"/>
<pin id="287" dir="1" index="1" bw="16" slack="1"/>
</pin_list>
<bind>
<opcode="extractvalue(56) " fcode="extractvalue"/>
<opset="layer2_out_23/1 "/>
</bind>
</comp>

<comp id="289" class="1004" name="layer2_out_24_fu_289">
<pin_list>
<pin id="290" dir="0" index="0" bw="928" slack="0"/>
<pin id="291" dir="1" index="1" bw="16" slack="1"/>
</pin_list>
<bind>
<opcode="extractvalue(56) " fcode="extractvalue"/>
<opset="layer2_out_24/1 "/>
</bind>
</comp>

<comp id="293" class="1004" name="layer2_out_25_fu_293">
<pin_list>
<pin id="294" dir="0" index="0" bw="928" slack="0"/>
<pin id="295" dir="1" index="1" bw="16" slack="1"/>
</pin_list>
<bind>
<opcode="extractvalue(56) " fcode="extractvalue"/>
<opset="layer2_out_25/1 "/>
</bind>
</comp>

<comp id="297" class="1004" name="layer2_out_26_fu_297">
<pin_list>
<pin id="298" dir="0" index="0" bw="928" slack="0"/>
<pin id="299" dir="1" index="1" bw="16" slack="1"/>
</pin_list>
<bind>
<opcode="extractvalue(56) " fcode="extractvalue"/>
<opset="layer2_out_26/1 "/>
</bind>
</comp>

<comp id="301" class="1004" name="layer2_out_27_fu_301">
<pin_list>
<pin id="302" dir="0" index="0" bw="928" slack="0"/>
<pin id="303" dir="1" index="1" bw="16" slack="1"/>
</pin_list>
<bind>
<opcode="extractvalue(56) " fcode="extractvalue"/>
<opset="layer2_out_27/1 "/>
</bind>
</comp>

<comp id="305" class="1004" name="layer2_out_28_fu_305">
<pin_list>
<pin id="306" dir="0" index="0" bw="928" slack="0"/>
<pin id="307" dir="1" index="1" bw="16" slack="1"/>
</pin_list>
<bind>
<opcode="extractvalue(56) " fcode="extractvalue"/>
<opset="layer2_out_28/1 "/>
</bind>
</comp>

<comp id="309" class="1004" name="layer2_out_29_fu_309">
<pin_list>
<pin id="310" dir="0" index="0" bw="928" slack="0"/>
<pin id="311" dir="1" index="1" bw="16" slack="1"/>
</pin_list>
<bind>
<opcode="extractvalue(56) " fcode="extractvalue"/>
<opset="layer2_out_29/1 "/>
</bind>
</comp>

<comp id="313" class="1004" name="layer2_out_30_fu_313">
<pin_list>
<pin id="314" dir="0" index="0" bw="928" slack="0"/>
<pin id="315" dir="1" index="1" bw="16" slack="1"/>
</pin_list>
<bind>
<opcode="extractvalue(56) " fcode="extractvalue"/>
<opset="layer2_out_30/1 "/>
</bind>
</comp>

<comp id="317" class="1004" name="layer2_out_31_fu_317">
<pin_list>
<pin id="318" dir="0" index="0" bw="928" slack="0"/>
<pin id="319" dir="1" index="1" bw="16" slack="1"/>
</pin_list>
<bind>
<opcode="extractvalue(56) " fcode="extractvalue"/>
<opset="layer2_out_31/1 "/>
</bind>
</comp>

<comp id="321" class="1004" name="layer2_out_32_fu_321">
<pin_list>
<pin id="322" dir="0" index="0" bw="928" slack="0"/>
<pin id="323" dir="1" index="1" bw="16" slack="1"/>
</pin_list>
<bind>
<opcode="extractvalue(56) " fcode="extractvalue"/>
<opset="layer2_out_32/1 "/>
</bind>
</comp>

<comp id="325" class="1004" name="layer2_out_33_fu_325">
<pin_list>
<pin id="326" dir="0" index="0" bw="928" slack="0"/>
<pin id="327" dir="1" index="1" bw="16" slack="1"/>
</pin_list>
<bind>
<opcode="extractvalue(56) " fcode="extractvalue"/>
<opset="layer2_out_33/1 "/>
</bind>
</comp>

<comp id="329" class="1004" name="layer2_out_34_fu_329">
<pin_list>
<pin id="330" dir="0" index="0" bw="928" slack="0"/>
<pin id="331" dir="1" index="1" bw="16" slack="1"/>
</pin_list>
<bind>
<opcode="extractvalue(56) " fcode="extractvalue"/>
<opset="layer2_out_34/1 "/>
</bind>
</comp>

<comp id="333" class="1004" name="layer2_out_35_fu_333">
<pin_list>
<pin id="334" dir="0" index="0" bw="928" slack="0"/>
<pin id="335" dir="1" index="1" bw="16" slack="1"/>
</pin_list>
<bind>
<opcode="extractvalue(56) " fcode="extractvalue"/>
<opset="layer2_out_35/1 "/>
</bind>
</comp>

<comp id="337" class="1004" name="layer2_out_36_fu_337">
<pin_list>
<pin id="338" dir="0" index="0" bw="928" slack="0"/>
<pin id="339" dir="1" index="1" bw="16" slack="1"/>
</pin_list>
<bind>
<opcode="extractvalue(56) " fcode="extractvalue"/>
<opset="layer2_out_36/1 "/>
</bind>
</comp>

<comp id="341" class="1004" name="layer2_out_37_fu_341">
<pin_list>
<pin id="342" dir="0" index="0" bw="928" slack="0"/>
<pin id="343" dir="1" index="1" bw="16" slack="1"/>
</pin_list>
<bind>
<opcode="extractvalue(56) " fcode="extractvalue"/>
<opset="layer2_out_37/1 "/>
</bind>
</comp>

<comp id="345" class="1004" name="layer2_out_38_fu_345">
<pin_list>
<pin id="346" dir="0" index="0" bw="928" slack="0"/>
<pin id="347" dir="1" index="1" bw="16" slack="1"/>
</pin_list>
<bind>
<opcode="extractvalue(56) " fcode="extractvalue"/>
<opset="layer2_out_38/1 "/>
</bind>
</comp>

<comp id="349" class="1004" name="layer2_out_39_fu_349">
<pin_list>
<pin id="350" dir="0" index="0" bw="928" slack="0"/>
<pin id="351" dir="1" index="1" bw="16" slack="1"/>
</pin_list>
<bind>
<opcode="extractvalue(56) " fcode="extractvalue"/>
<opset="layer2_out_39/1 "/>
</bind>
</comp>

<comp id="353" class="1004" name="layer2_out_40_fu_353">
<pin_list>
<pin id="354" dir="0" index="0" bw="928" slack="0"/>
<pin id="355" dir="1" index="1" bw="16" slack="1"/>
</pin_list>
<bind>
<opcode="extractvalue(56) " fcode="extractvalue"/>
<opset="layer2_out_40/1 "/>
</bind>
</comp>

<comp id="357" class="1004" name="layer2_out_41_fu_357">
<pin_list>
<pin id="358" dir="0" index="0" bw="928" slack="0"/>
<pin id="359" dir="1" index="1" bw="16" slack="1"/>
</pin_list>
<bind>
<opcode="extractvalue(56) " fcode="extractvalue"/>
<opset="layer2_out_41/1 "/>
</bind>
</comp>

<comp id="361" class="1004" name="layer2_out_42_fu_361">
<pin_list>
<pin id="362" dir="0" index="0" bw="928" slack="0"/>
<pin id="363" dir="1" index="1" bw="16" slack="1"/>
</pin_list>
<bind>
<opcode="extractvalue(56) " fcode="extractvalue"/>
<opset="layer2_out_42/1 "/>
</bind>
</comp>

<comp id="365" class="1004" name="layer2_out_43_fu_365">
<pin_list>
<pin id="366" dir="0" index="0" bw="928" slack="0"/>
<pin id="367" dir="1" index="1" bw="16" slack="1"/>
</pin_list>
<bind>
<opcode="extractvalue(56) " fcode="extractvalue"/>
<opset="layer2_out_43/1 "/>
</bind>
</comp>

<comp id="369" class="1004" name="layer2_out_44_fu_369">
<pin_list>
<pin id="370" dir="0" index="0" bw="928" slack="0"/>
<pin id="371" dir="1" index="1" bw="16" slack="1"/>
</pin_list>
<bind>
<opcode="extractvalue(56) " fcode="extractvalue"/>
<opset="layer2_out_44/1 "/>
</bind>
</comp>

<comp id="373" class="1004" name="layer2_out_45_fu_373">
<pin_list>
<pin id="374" dir="0" index="0" bw="928" slack="0"/>
<pin id="375" dir="1" index="1" bw="16" slack="1"/>
</pin_list>
<bind>
<opcode="extractvalue(56) " fcode="extractvalue"/>
<opset="layer2_out_45/1 "/>
</bind>
</comp>

<comp id="377" class="1004" name="layer2_out_46_fu_377">
<pin_list>
<pin id="378" dir="0" index="0" bw="928" slack="0"/>
<pin id="379" dir="1" index="1" bw="16" slack="1"/>
</pin_list>
<bind>
<opcode="extractvalue(56) " fcode="extractvalue"/>
<opset="layer2_out_46/1 "/>
</bind>
</comp>

<comp id="381" class="1004" name="layer2_out_47_fu_381">
<pin_list>
<pin id="382" dir="0" index="0" bw="928" slack="0"/>
<pin id="383" dir="1" index="1" bw="16" slack="1"/>
</pin_list>
<bind>
<opcode="extractvalue(56) " fcode="extractvalue"/>
<opset="layer2_out_47/1 "/>
</bind>
</comp>

<comp id="385" class="1004" name="layer2_out_48_fu_385">
<pin_list>
<pin id="386" dir="0" index="0" bw="928" slack="0"/>
<pin id="387" dir="1" index="1" bw="16" slack="1"/>
</pin_list>
<bind>
<opcode="extractvalue(56) " fcode="extractvalue"/>
<opset="layer2_out_48/1 "/>
</bind>
</comp>

<comp id="389" class="1004" name="layer2_out_49_fu_389">
<pin_list>
<pin id="390" dir="0" index="0" bw="928" slack="0"/>
<pin id="391" dir="1" index="1" bw="16" slack="1"/>
</pin_list>
<bind>
<opcode="extractvalue(56) " fcode="extractvalue"/>
<opset="layer2_out_49/1 "/>
</bind>
</comp>

<comp id="393" class="1004" name="layer2_out_50_fu_393">
<pin_list>
<pin id="394" dir="0" index="0" bw="928" slack="0"/>
<pin id="395" dir="1" index="1" bw="16" slack="1"/>
</pin_list>
<bind>
<opcode="extractvalue(56) " fcode="extractvalue"/>
<opset="layer2_out_50/1 "/>
</bind>
</comp>

<comp id="397" class="1004" name="layer2_out_51_fu_397">
<pin_list>
<pin id="398" dir="0" index="0" bw="928" slack="0"/>
<pin id="399" dir="1" index="1" bw="16" slack="1"/>
</pin_list>
<bind>
<opcode="extractvalue(56) " fcode="extractvalue"/>
<opset="layer2_out_51/1 "/>
</bind>
</comp>

<comp id="401" class="1004" name="layer2_out_52_fu_401">
<pin_list>
<pin id="402" dir="0" index="0" bw="928" slack="0"/>
<pin id="403" dir="1" index="1" bw="16" slack="1"/>
</pin_list>
<bind>
<opcode="extractvalue(56) " fcode="extractvalue"/>
<opset="layer2_out_52/1 "/>
</bind>
</comp>

<comp id="405" class="1004" name="layer2_out_53_fu_405">
<pin_list>
<pin id="406" dir="0" index="0" bw="928" slack="0"/>
<pin id="407" dir="1" index="1" bw="16" slack="1"/>
</pin_list>
<bind>
<opcode="extractvalue(56) " fcode="extractvalue"/>
<opset="layer2_out_53/1 "/>
</bind>
</comp>

<comp id="409" class="1004" name="layer2_out_54_fu_409">
<pin_list>
<pin id="410" dir="0" index="0" bw="928" slack="0"/>
<pin id="411" dir="1" index="1" bw="16" slack="1"/>
</pin_list>
<bind>
<opcode="extractvalue(56) " fcode="extractvalue"/>
<opset="layer2_out_54/1 "/>
</bind>
</comp>

<comp id="413" class="1004" name="layer2_out_55_fu_413">
<pin_list>
<pin id="414" dir="0" index="0" bw="928" slack="0"/>
<pin id="415" dir="1" index="1" bw="16" slack="1"/>
</pin_list>
<bind>
<opcode="extractvalue(56) " fcode="extractvalue"/>
<opset="layer2_out_55/1 "/>
</bind>
</comp>

<comp id="417" class="1004" name="layer2_out_56_fu_417">
<pin_list>
<pin id="418" dir="0" index="0" bw="928" slack="0"/>
<pin id="419" dir="1" index="1" bw="16" slack="1"/>
</pin_list>
<bind>
<opcode="extractvalue(56) " fcode="extractvalue"/>
<opset="layer2_out_56/1 "/>
</bind>
</comp>

<comp id="421" class="1004" name="layer2_out_57_fu_421">
<pin_list>
<pin id="422" dir="0" index="0" bw="928" slack="0"/>
<pin id="423" dir="1" index="1" bw="16" slack="1"/>
</pin_list>
<bind>
<opcode="extractvalue(56) " fcode="extractvalue"/>
<opset="layer2_out_57/1 "/>
</bind>
</comp>

<comp id="425" class="1004" name="layer4_out_fu_425">
<pin_list>
<pin id="426" dir="0" index="0" bw="464" slack="0"/>
<pin id="427" dir="1" index="1" bw="8" slack="1"/>
</pin_list>
<bind>
<opcode="extractvalue(56) " fcode="extractvalue"/>
<opset="layer4_out/2 "/>
</bind>
</comp>

<comp id="429" class="1004" name="layer4_out_1_fu_429">
<pin_list>
<pin id="430" dir="0" index="0" bw="464" slack="0"/>
<pin id="431" dir="1" index="1" bw="8" slack="1"/>
</pin_list>
<bind>
<opcode="extractvalue(56) " fcode="extractvalue"/>
<opset="layer4_out_1/2 "/>
</bind>
</comp>

<comp id="433" class="1004" name="layer4_out_2_fu_433">
<pin_list>
<pin id="434" dir="0" index="0" bw="464" slack="0"/>
<pin id="435" dir="1" index="1" bw="8" slack="1"/>
</pin_list>
<bind>
<opcode="extractvalue(56) " fcode="extractvalue"/>
<opset="layer4_out_2/2 "/>
</bind>
</comp>

<comp id="437" class="1004" name="layer4_out_3_fu_437">
<pin_list>
<pin id="438" dir="0" index="0" bw="464" slack="0"/>
<pin id="439" dir="1" index="1" bw="8" slack="1"/>
</pin_list>
<bind>
<opcode="extractvalue(56) " fcode="extractvalue"/>
<opset="layer4_out_3/2 "/>
</bind>
</comp>

<comp id="441" class="1004" name="layer4_out_4_fu_441">
<pin_list>
<pin id="442" dir="0" index="0" bw="464" slack="0"/>
<pin id="443" dir="1" index="1" bw="8" slack="1"/>
</pin_list>
<bind>
<opcode="extractvalue(56) " fcode="extractvalue"/>
<opset="layer4_out_4/2 "/>
</bind>
</comp>

<comp id="445" class="1004" name="layer4_out_5_fu_445">
<pin_list>
<pin id="446" dir="0" index="0" bw="464" slack="0"/>
<pin id="447" dir="1" index="1" bw="8" slack="1"/>
</pin_list>
<bind>
<opcode="extractvalue(56) " fcode="extractvalue"/>
<opset="layer4_out_5/2 "/>
</bind>
</comp>

<comp id="449" class="1004" name="layer4_out_6_fu_449">
<pin_list>
<pin id="450" dir="0" index="0" bw="464" slack="0"/>
<pin id="451" dir="1" index="1" bw="8" slack="1"/>
</pin_list>
<bind>
<opcode="extractvalue(56) " fcode="extractvalue"/>
<opset="layer4_out_6/2 "/>
</bind>
</comp>

<comp id="453" class="1004" name="layer4_out_7_fu_453">
<pin_list>
<pin id="454" dir="0" index="0" bw="464" slack="0"/>
<pin id="455" dir="1" index="1" bw="8" slack="1"/>
</pin_list>
<bind>
<opcode="extractvalue(56) " fcode="extractvalue"/>
<opset="layer4_out_7/2 "/>
</bind>
</comp>

<comp id="457" class="1004" name="layer4_out_8_fu_457">
<pin_list>
<pin id="458" dir="0" index="0" bw="464" slack="0"/>
<pin id="459" dir="1" index="1" bw="8" slack="1"/>
</pin_list>
<bind>
<opcode="extractvalue(56) " fcode="extractvalue"/>
<opset="layer4_out_8/2 "/>
</bind>
</comp>

<comp id="461" class="1004" name="layer4_out_9_fu_461">
<pin_list>
<pin id="462" dir="0" index="0" bw="464" slack="0"/>
<pin id="463" dir="1" index="1" bw="8" slack="1"/>
</pin_list>
<bind>
<opcode="extractvalue(56) " fcode="extractvalue"/>
<opset="layer4_out_9/2 "/>
</bind>
</comp>

<comp id="465" class="1004" name="layer4_out_10_fu_465">
<pin_list>
<pin id="466" dir="0" index="0" bw="464" slack="0"/>
<pin id="467" dir="1" index="1" bw="8" slack="1"/>
</pin_list>
<bind>
<opcode="extractvalue(56) " fcode="extractvalue"/>
<opset="layer4_out_10/2 "/>
</bind>
</comp>

<comp id="469" class="1004" name="layer4_out_11_fu_469">
<pin_list>
<pin id="470" dir="0" index="0" bw="464" slack="0"/>
<pin id="471" dir="1" index="1" bw="8" slack="1"/>
</pin_list>
<bind>
<opcode="extractvalue(56) " fcode="extractvalue"/>
<opset="layer4_out_11/2 "/>
</bind>
</comp>

<comp id="473" class="1004" name="layer4_out_12_fu_473">
<pin_list>
<pin id="474" dir="0" index="0" bw="464" slack="0"/>
<pin id="475" dir="1" index="1" bw="8" slack="1"/>
</pin_list>
<bind>
<opcode="extractvalue(56) " fcode="extractvalue"/>
<opset="layer4_out_12/2 "/>
</bind>
</comp>

<comp id="477" class="1004" name="layer4_out_13_fu_477">
<pin_list>
<pin id="478" dir="0" index="0" bw="464" slack="0"/>
<pin id="479" dir="1" index="1" bw="8" slack="1"/>
</pin_list>
<bind>
<opcode="extractvalue(56) " fcode="extractvalue"/>
<opset="layer4_out_13/2 "/>
</bind>
</comp>

<comp id="481" class="1004" name="layer4_out_14_fu_481">
<pin_list>
<pin id="482" dir="0" index="0" bw="464" slack="0"/>
<pin id="483" dir="1" index="1" bw="8" slack="1"/>
</pin_list>
<bind>
<opcode="extractvalue(56) " fcode="extractvalue"/>
<opset="layer4_out_14/2 "/>
</bind>
</comp>

<comp id="485" class="1004" name="layer4_out_15_fu_485">
<pin_list>
<pin id="486" dir="0" index="0" bw="464" slack="0"/>
<pin id="487" dir="1" index="1" bw="8" slack="1"/>
</pin_list>
<bind>
<opcode="extractvalue(56) " fcode="extractvalue"/>
<opset="layer4_out_15/2 "/>
</bind>
</comp>

<comp id="489" class="1004" name="layer4_out_16_fu_489">
<pin_list>
<pin id="490" dir="0" index="0" bw="464" slack="0"/>
<pin id="491" dir="1" index="1" bw="8" slack="1"/>
</pin_list>
<bind>
<opcode="extractvalue(56) " fcode="extractvalue"/>
<opset="layer4_out_16/2 "/>
</bind>
</comp>

<comp id="493" class="1004" name="layer4_out_17_fu_493">
<pin_list>
<pin id="494" dir="0" index="0" bw="464" slack="0"/>
<pin id="495" dir="1" index="1" bw="8" slack="1"/>
</pin_list>
<bind>
<opcode="extractvalue(56) " fcode="extractvalue"/>
<opset="layer4_out_17/2 "/>
</bind>
</comp>

<comp id="497" class="1004" name="layer4_out_18_fu_497">
<pin_list>
<pin id="498" dir="0" index="0" bw="464" slack="0"/>
<pin id="499" dir="1" index="1" bw="8" slack="1"/>
</pin_list>
<bind>
<opcode="extractvalue(56) " fcode="extractvalue"/>
<opset="layer4_out_18/2 "/>
</bind>
</comp>

<comp id="501" class="1004" name="layer4_out_19_fu_501">
<pin_list>
<pin id="502" dir="0" index="0" bw="464" slack="0"/>
<pin id="503" dir="1" index="1" bw="8" slack="1"/>
</pin_list>
<bind>
<opcode="extractvalue(56) " fcode="extractvalue"/>
<opset="layer4_out_19/2 "/>
</bind>
</comp>

<comp id="505" class="1004" name="layer4_out_20_fu_505">
<pin_list>
<pin id="506" dir="0" index="0" bw="464" slack="0"/>
<pin id="507" dir="1" index="1" bw="8" slack="1"/>
</pin_list>
<bind>
<opcode="extractvalue(56) " fcode="extractvalue"/>
<opset="layer4_out_20/2 "/>
</bind>
</comp>

<comp id="509" class="1004" name="layer4_out_21_fu_509">
<pin_list>
<pin id="510" dir="0" index="0" bw="464" slack="0"/>
<pin id="511" dir="1" index="1" bw="8" slack="1"/>
</pin_list>
<bind>
<opcode="extractvalue(56) " fcode="extractvalue"/>
<opset="layer4_out_21/2 "/>
</bind>
</comp>

<comp id="513" class="1004" name="layer4_out_22_fu_513">
<pin_list>
<pin id="514" dir="0" index="0" bw="464" slack="0"/>
<pin id="515" dir="1" index="1" bw="8" slack="1"/>
</pin_list>
<bind>
<opcode="extractvalue(56) " fcode="extractvalue"/>
<opset="layer4_out_22/2 "/>
</bind>
</comp>

<comp id="517" class="1004" name="layer4_out_23_fu_517">
<pin_list>
<pin id="518" dir="0" index="0" bw="464" slack="0"/>
<pin id="519" dir="1" index="1" bw="8" slack="1"/>
</pin_list>
<bind>
<opcode="extractvalue(56) " fcode="extractvalue"/>
<opset="layer4_out_23/2 "/>
</bind>
</comp>

<comp id="521" class="1004" name="layer4_out_24_fu_521">
<pin_list>
<pin id="522" dir="0" index="0" bw="464" slack="0"/>
<pin id="523" dir="1" index="1" bw="8" slack="1"/>
</pin_list>
<bind>
<opcode="extractvalue(56) " fcode="extractvalue"/>
<opset="layer4_out_24/2 "/>
</bind>
</comp>

<comp id="525" class="1004" name="layer4_out_25_fu_525">
<pin_list>
<pin id="526" dir="0" index="0" bw="464" slack="0"/>
<pin id="527" dir="1" index="1" bw="8" slack="1"/>
</pin_list>
<bind>
<opcode="extractvalue(56) " fcode="extractvalue"/>
<opset="layer4_out_25/2 "/>
</bind>
</comp>

<comp id="529" class="1004" name="layer4_out_26_fu_529">
<pin_list>
<pin id="530" dir="0" index="0" bw="464" slack="0"/>
<pin id="531" dir="1" index="1" bw="8" slack="1"/>
</pin_list>
<bind>
<opcode="extractvalue(56) " fcode="extractvalue"/>
<opset="layer4_out_26/2 "/>
</bind>
</comp>

<comp id="533" class="1004" name="layer4_out_27_fu_533">
<pin_list>
<pin id="534" dir="0" index="0" bw="464" slack="0"/>
<pin id="535" dir="1" index="1" bw="8" slack="1"/>
</pin_list>
<bind>
<opcode="extractvalue(56) " fcode="extractvalue"/>
<opset="layer4_out_27/2 "/>
</bind>
</comp>

<comp id="537" class="1004" name="layer4_out_28_fu_537">
<pin_list>
<pin id="538" dir="0" index="0" bw="464" slack="0"/>
<pin id="539" dir="1" index="1" bw="8" slack="1"/>
</pin_list>
<bind>
<opcode="extractvalue(56) " fcode="extractvalue"/>
<opset="layer4_out_28/2 "/>
</bind>
</comp>

<comp id="541" class="1004" name="layer4_out_29_fu_541">
<pin_list>
<pin id="542" dir="0" index="0" bw="464" slack="0"/>
<pin id="543" dir="1" index="1" bw="8" slack="1"/>
</pin_list>
<bind>
<opcode="extractvalue(56) " fcode="extractvalue"/>
<opset="layer4_out_29/2 "/>
</bind>
</comp>

<comp id="545" class="1004" name="layer4_out_30_fu_545">
<pin_list>
<pin id="546" dir="0" index="0" bw="464" slack="0"/>
<pin id="547" dir="1" index="1" bw="8" slack="1"/>
</pin_list>
<bind>
<opcode="extractvalue(56) " fcode="extractvalue"/>
<opset="layer4_out_30/2 "/>
</bind>
</comp>

<comp id="549" class="1004" name="layer4_out_31_fu_549">
<pin_list>
<pin id="550" dir="0" index="0" bw="464" slack="0"/>
<pin id="551" dir="1" index="1" bw="8" slack="1"/>
</pin_list>
<bind>
<opcode="extractvalue(56) " fcode="extractvalue"/>
<opset="layer4_out_31/2 "/>
</bind>
</comp>

<comp id="553" class="1004" name="layer4_out_32_fu_553">
<pin_list>
<pin id="554" dir="0" index="0" bw="464" slack="0"/>
<pin id="555" dir="1" index="1" bw="8" slack="1"/>
</pin_list>
<bind>
<opcode="extractvalue(56) " fcode="extractvalue"/>
<opset="layer4_out_32/2 "/>
</bind>
</comp>

<comp id="557" class="1004" name="layer4_out_33_fu_557">
<pin_list>
<pin id="558" dir="0" index="0" bw="464" slack="0"/>
<pin id="559" dir="1" index="1" bw="8" slack="1"/>
</pin_list>
<bind>
<opcode="extractvalue(56) " fcode="extractvalue"/>
<opset="layer4_out_33/2 "/>
</bind>
</comp>

<comp id="561" class="1004" name="layer4_out_34_fu_561">
<pin_list>
<pin id="562" dir="0" index="0" bw="464" slack="0"/>
<pin id="563" dir="1" index="1" bw="8" slack="1"/>
</pin_list>
<bind>
<opcode="extractvalue(56) " fcode="extractvalue"/>
<opset="layer4_out_34/2 "/>
</bind>
</comp>

<comp id="565" class="1004" name="layer4_out_35_fu_565">
<pin_list>
<pin id="566" dir="0" index="0" bw="464" slack="0"/>
<pin id="567" dir="1" index="1" bw="8" slack="1"/>
</pin_list>
<bind>
<opcode="extractvalue(56) " fcode="extractvalue"/>
<opset="layer4_out_35/2 "/>
</bind>
</comp>

<comp id="569" class="1004" name="layer4_out_36_fu_569">
<pin_list>
<pin id="570" dir="0" index="0" bw="464" slack="0"/>
<pin id="571" dir="1" index="1" bw="8" slack="1"/>
</pin_list>
<bind>
<opcode="extractvalue(56) " fcode="extractvalue"/>
<opset="layer4_out_36/2 "/>
</bind>
</comp>

<comp id="573" class="1004" name="layer4_out_37_fu_573">
<pin_list>
<pin id="574" dir="0" index="0" bw="464" slack="0"/>
<pin id="575" dir="1" index="1" bw="8" slack="1"/>
</pin_list>
<bind>
<opcode="extractvalue(56) " fcode="extractvalue"/>
<opset="layer4_out_37/2 "/>
</bind>
</comp>

<comp id="577" class="1004" name="layer4_out_38_fu_577">
<pin_list>
<pin id="578" dir="0" index="0" bw="464" slack="0"/>
<pin id="579" dir="1" index="1" bw="8" slack="1"/>
</pin_list>
<bind>
<opcode="extractvalue(56) " fcode="extractvalue"/>
<opset="layer4_out_38/2 "/>
</bind>
</comp>

<comp id="581" class="1004" name="layer4_out_39_fu_581">
<pin_list>
<pin id="582" dir="0" index="0" bw="464" slack="0"/>
<pin id="583" dir="1" index="1" bw="8" slack="1"/>
</pin_list>
<bind>
<opcode="extractvalue(56) " fcode="extractvalue"/>
<opset="layer4_out_39/2 "/>
</bind>
</comp>

<comp id="585" class="1004" name="layer4_out_40_fu_585">
<pin_list>
<pin id="586" dir="0" index="0" bw="464" slack="0"/>
<pin id="587" dir="1" index="1" bw="8" slack="1"/>
</pin_list>
<bind>
<opcode="extractvalue(56) " fcode="extractvalue"/>
<opset="layer4_out_40/2 "/>
</bind>
</comp>

<comp id="589" class="1004" name="layer4_out_41_fu_589">
<pin_list>
<pin id="590" dir="0" index="0" bw="464" slack="0"/>
<pin id="591" dir="1" index="1" bw="8" slack="1"/>
</pin_list>
<bind>
<opcode="extractvalue(56) " fcode="extractvalue"/>
<opset="layer4_out_41/2 "/>
</bind>
</comp>

<comp id="593" class="1004" name="layer4_out_42_fu_593">
<pin_list>
<pin id="594" dir="0" index="0" bw="464" slack="0"/>
<pin id="595" dir="1" index="1" bw="8" slack="1"/>
</pin_list>
<bind>
<opcode="extractvalue(56) " fcode="extractvalue"/>
<opset="layer4_out_42/2 "/>
</bind>
</comp>

<comp id="597" class="1004" name="layer4_out_43_fu_597">
<pin_list>
<pin id="598" dir="0" index="0" bw="464" slack="0"/>
<pin id="599" dir="1" index="1" bw="8" slack="1"/>
</pin_list>
<bind>
<opcode="extractvalue(56) " fcode="extractvalue"/>
<opset="layer4_out_43/2 "/>
</bind>
</comp>

<comp id="601" class="1004" name="layer4_out_44_fu_601">
<pin_list>
<pin id="602" dir="0" index="0" bw="464" slack="0"/>
<pin id="603" dir="1" index="1" bw="8" slack="1"/>
</pin_list>
<bind>
<opcode="extractvalue(56) " fcode="extractvalue"/>
<opset="layer4_out_44/2 "/>
</bind>
</comp>

<comp id="605" class="1004" name="layer4_out_45_fu_605">
<pin_list>
<pin id="606" dir="0" index="0" bw="464" slack="0"/>
<pin id="607" dir="1" index="1" bw="8" slack="1"/>
</pin_list>
<bind>
<opcode="extractvalue(56) " fcode="extractvalue"/>
<opset="layer4_out_45/2 "/>
</bind>
</comp>

<comp id="609" class="1004" name="layer4_out_46_fu_609">
<pin_list>
<pin id="610" dir="0" index="0" bw="464" slack="0"/>
<pin id="611" dir="1" index="1" bw="8" slack="1"/>
</pin_list>
<bind>
<opcode="extractvalue(56) " fcode="extractvalue"/>
<opset="layer4_out_46/2 "/>
</bind>
</comp>

<comp id="613" class="1004" name="layer4_out_47_fu_613">
<pin_list>
<pin id="614" dir="0" index="0" bw="464" slack="0"/>
<pin id="615" dir="1" index="1" bw="8" slack="1"/>
</pin_list>
<bind>
<opcode="extractvalue(56) " fcode="extractvalue"/>
<opset="layer4_out_47/2 "/>
</bind>
</comp>

<comp id="617" class="1004" name="layer4_out_48_fu_617">
<pin_list>
<pin id="618" dir="0" index="0" bw="464" slack="0"/>
<pin id="619" dir="1" index="1" bw="8" slack="1"/>
</pin_list>
<bind>
<opcode="extractvalue(56) " fcode="extractvalue"/>
<opset="layer4_out_48/2 "/>
</bind>
</comp>

<comp id="621" class="1004" name="layer4_out_49_fu_621">
<pin_list>
<pin id="622" dir="0" index="0" bw="464" slack="0"/>
<pin id="623" dir="1" index="1" bw="8" slack="1"/>
</pin_list>
<bind>
<opcode="extractvalue(56) " fcode="extractvalue"/>
<opset="layer4_out_49/2 "/>
</bind>
</comp>

<comp id="625" class="1004" name="layer4_out_50_fu_625">
<pin_list>
<pin id="626" dir="0" index="0" bw="464" slack="0"/>
<pin id="627" dir="1" index="1" bw="8" slack="1"/>
</pin_list>
<bind>
<opcode="extractvalue(56) " fcode="extractvalue"/>
<opset="layer4_out_50/2 "/>
</bind>
</comp>

<comp id="629" class="1004" name="layer4_out_51_fu_629">
<pin_list>
<pin id="630" dir="0" index="0" bw="464" slack="0"/>
<pin id="631" dir="1" index="1" bw="8" slack="1"/>
</pin_list>
<bind>
<opcode="extractvalue(56) " fcode="extractvalue"/>
<opset="layer4_out_51/2 "/>
</bind>
</comp>

<comp id="633" class="1004" name="layer4_out_52_fu_633">
<pin_list>
<pin id="634" dir="0" index="0" bw="464" slack="0"/>
<pin id="635" dir="1" index="1" bw="8" slack="1"/>
</pin_list>
<bind>
<opcode="extractvalue(56) " fcode="extractvalue"/>
<opset="layer4_out_52/2 "/>
</bind>
</comp>

<comp id="637" class="1004" name="layer4_out_53_fu_637">
<pin_list>
<pin id="638" dir="0" index="0" bw="464" slack="0"/>
<pin id="639" dir="1" index="1" bw="8" slack="1"/>
</pin_list>
<bind>
<opcode="extractvalue(56) " fcode="extractvalue"/>
<opset="layer4_out_53/2 "/>
</bind>
</comp>

<comp id="641" class="1004" name="layer4_out_54_fu_641">
<pin_list>
<pin id="642" dir="0" index="0" bw="464" slack="0"/>
<pin id="643" dir="1" index="1" bw="8" slack="1"/>
</pin_list>
<bind>
<opcode="extractvalue(56) " fcode="extractvalue"/>
<opset="layer4_out_54/2 "/>
</bind>
</comp>

<comp id="645" class="1004" name="layer4_out_55_fu_645">
<pin_list>
<pin id="646" dir="0" index="0" bw="464" slack="0"/>
<pin id="647" dir="1" index="1" bw="8" slack="1"/>
</pin_list>
<bind>
<opcode="extractvalue(56) " fcode="extractvalue"/>
<opset="layer4_out_55/2 "/>
</bind>
</comp>

<comp id="649" class="1004" name="layer4_out_56_fu_649">
<pin_list>
<pin id="650" dir="0" index="0" bw="464" slack="0"/>
<pin id="651" dir="1" index="1" bw="8" slack="1"/>
</pin_list>
<bind>
<opcode="extractvalue(56) " fcode="extractvalue"/>
<opset="layer4_out_56/2 "/>
</bind>
</comp>

<comp id="653" class="1004" name="layer4_out_57_fu_653">
<pin_list>
<pin id="654" dir="0" index="0" bw="464" slack="0"/>
<pin id="655" dir="1" index="1" bw="8" slack="1"/>
</pin_list>
<bind>
<opcode="extractvalue(56) " fcode="extractvalue"/>
<opset="layer4_out_57/2 "/>
</bind>
</comp>

<comp id="657" class="1004" name="layer5_out_0_ret_fu_657">
<pin_list>
<pin id="658" dir="0" index="0" bw="48" slack="0"/>
<pin id="659" dir="1" index="1" bw="16" slack="0"/>
</pin_list>
<bind>
<opcode="extractvalue(56) " fcode="extractvalue"/>
<opset="layer5_out_0_ret/4 "/>
</bind>
</comp>

<comp id="662" class="1004" name="layer5_out_1_ret_fu_662">
<pin_list>
<pin id="663" dir="0" index="0" bw="48" slack="0"/>
<pin id="664" dir="1" index="1" bw="16" slack="0"/>
</pin_list>
<bind>
<opcode="extractvalue(56) " fcode="extractvalue"/>
<opset="layer5_out_1_ret/4 "/>
</bind>
</comp>

<comp id="667" class="1004" name="layer5_out_2_ret_fu_667">
<pin_list>
<pin id="668" dir="0" index="0" bw="48" slack="0"/>
<pin id="669" dir="1" index="1" bw="16" slack="0"/>
</pin_list>
<bind>
<opcode="extractvalue(56) " fcode="extractvalue"/>
<opset="layer5_out_2_ret/4 "/>
</bind>
</comp>

<comp id="672" class="1005" name="layer2_out_reg_672">
<pin_list>
<pin id="673" dir="0" index="0" bw="16" slack="1"/>
<pin id="674" dir="1" index="1" bw="16" slack="1"/>
</pin_list>
<bind>
<opset="layer2_out "/>
</bind>
</comp>

<comp id="677" class="1005" name="layer2_out_1_reg_677">
<pin_list>
<pin id="678" dir="0" index="0" bw="16" slack="1"/>
<pin id="679" dir="1" index="1" bw="16" slack="1"/>
</pin_list>
<bind>
<opset="layer2_out_1 "/>
</bind>
</comp>

<comp id="682" class="1005" name="layer2_out_2_reg_682">
<pin_list>
<pin id="683" dir="0" index="0" bw="16" slack="1"/>
<pin id="684" dir="1" index="1" bw="16" slack="1"/>
</pin_list>
<bind>
<opset="layer2_out_2 "/>
</bind>
</comp>

<comp id="687" class="1005" name="layer2_out_3_reg_687">
<pin_list>
<pin id="688" dir="0" index="0" bw="16" slack="1"/>
<pin id="689" dir="1" index="1" bw="16" slack="1"/>
</pin_list>
<bind>
<opset="layer2_out_3 "/>
</bind>
</comp>

<comp id="692" class="1005" name="layer2_out_4_reg_692">
<pin_list>
<pin id="693" dir="0" index="0" bw="16" slack="1"/>
<pin id="694" dir="1" index="1" bw="16" slack="1"/>
</pin_list>
<bind>
<opset="layer2_out_4 "/>
</bind>
</comp>

<comp id="697" class="1005" name="layer2_out_5_reg_697">
<pin_list>
<pin id="698" dir="0" index="0" bw="16" slack="1"/>
<pin id="699" dir="1" index="1" bw="16" slack="1"/>
</pin_list>
<bind>
<opset="layer2_out_5 "/>
</bind>
</comp>

<comp id="702" class="1005" name="layer2_out_6_reg_702">
<pin_list>
<pin id="703" dir="0" index="0" bw="16" slack="1"/>
<pin id="704" dir="1" index="1" bw="16" slack="1"/>
</pin_list>
<bind>
<opset="layer2_out_6 "/>
</bind>
</comp>

<comp id="707" class="1005" name="layer2_out_7_reg_707">
<pin_list>
<pin id="708" dir="0" index="0" bw="16" slack="1"/>
<pin id="709" dir="1" index="1" bw="16" slack="1"/>
</pin_list>
<bind>
<opset="layer2_out_7 "/>
</bind>
</comp>

<comp id="712" class="1005" name="layer2_out_8_reg_712">
<pin_list>
<pin id="713" dir="0" index="0" bw="16" slack="1"/>
<pin id="714" dir="1" index="1" bw="16" slack="1"/>
</pin_list>
<bind>
<opset="layer2_out_8 "/>
</bind>
</comp>

<comp id="717" class="1005" name="layer2_out_9_reg_717">
<pin_list>
<pin id="718" dir="0" index="0" bw="16" slack="1"/>
<pin id="719" dir="1" index="1" bw="16" slack="1"/>
</pin_list>
<bind>
<opset="layer2_out_9 "/>
</bind>
</comp>

<comp id="722" class="1005" name="layer2_out_10_reg_722">
<pin_list>
<pin id="723" dir="0" index="0" bw="16" slack="1"/>
<pin id="724" dir="1" index="1" bw="16" slack="1"/>
</pin_list>
<bind>
<opset="layer2_out_10 "/>
</bind>
</comp>

<comp id="727" class="1005" name="layer2_out_11_reg_727">
<pin_list>
<pin id="728" dir="0" index="0" bw="16" slack="1"/>
<pin id="729" dir="1" index="1" bw="16" slack="1"/>
</pin_list>
<bind>
<opset="layer2_out_11 "/>
</bind>
</comp>

<comp id="732" class="1005" name="layer2_out_12_reg_732">
<pin_list>
<pin id="733" dir="0" index="0" bw="16" slack="1"/>
<pin id="734" dir="1" index="1" bw="16" slack="1"/>
</pin_list>
<bind>
<opset="layer2_out_12 "/>
</bind>
</comp>

<comp id="737" class="1005" name="layer2_out_13_reg_737">
<pin_list>
<pin id="738" dir="0" index="0" bw="16" slack="1"/>
<pin id="739" dir="1" index="1" bw="16" slack="1"/>
</pin_list>
<bind>
<opset="layer2_out_13 "/>
</bind>
</comp>

<comp id="742" class="1005" name="layer2_out_14_reg_742">
<pin_list>
<pin id="743" dir="0" index="0" bw="16" slack="1"/>
<pin id="744" dir="1" index="1" bw="16" slack="1"/>
</pin_list>
<bind>
<opset="layer2_out_14 "/>
</bind>
</comp>

<comp id="747" class="1005" name="layer2_out_15_reg_747">
<pin_list>
<pin id="748" dir="0" index="0" bw="16" slack="1"/>
<pin id="749" dir="1" index="1" bw="16" slack="1"/>
</pin_list>
<bind>
<opset="layer2_out_15 "/>
</bind>
</comp>

<comp id="752" class="1005" name="layer2_out_16_reg_752">
<pin_list>
<pin id="753" dir="0" index="0" bw="16" slack="1"/>
<pin id="754" dir="1" index="1" bw="16" slack="1"/>
</pin_list>
<bind>
<opset="layer2_out_16 "/>
</bind>
</comp>

<comp id="757" class="1005" name="layer2_out_17_reg_757">
<pin_list>
<pin id="758" dir="0" index="0" bw="16" slack="1"/>
<pin id="759" dir="1" index="1" bw="16" slack="1"/>
</pin_list>
<bind>
<opset="layer2_out_17 "/>
</bind>
</comp>

<comp id="762" class="1005" name="layer2_out_18_reg_762">
<pin_list>
<pin id="763" dir="0" index="0" bw="16" slack="1"/>
<pin id="764" dir="1" index="1" bw="16" slack="1"/>
</pin_list>
<bind>
<opset="layer2_out_18 "/>
</bind>
</comp>

<comp id="767" class="1005" name="layer2_out_19_reg_767">
<pin_list>
<pin id="768" dir="0" index="0" bw="16" slack="1"/>
<pin id="769" dir="1" index="1" bw="16" slack="1"/>
</pin_list>
<bind>
<opset="layer2_out_19 "/>
</bind>
</comp>

<comp id="772" class="1005" name="layer2_out_20_reg_772">
<pin_list>
<pin id="773" dir="0" index="0" bw="16" slack="1"/>
<pin id="774" dir="1" index="1" bw="16" slack="1"/>
</pin_list>
<bind>
<opset="layer2_out_20 "/>
</bind>
</comp>

<comp id="777" class="1005" name="layer2_out_21_reg_777">
<pin_list>
<pin id="778" dir="0" index="0" bw="16" slack="1"/>
<pin id="779" dir="1" index="1" bw="16" slack="1"/>
</pin_list>
<bind>
<opset="layer2_out_21 "/>
</bind>
</comp>

<comp id="782" class="1005" name="layer2_out_22_reg_782">
<pin_list>
<pin id="783" dir="0" index="0" bw="16" slack="1"/>
<pin id="784" dir="1" index="1" bw="16" slack="1"/>
</pin_list>
<bind>
<opset="layer2_out_22 "/>
</bind>
</comp>

<comp id="787" class="1005" name="layer2_out_23_reg_787">
<pin_list>
<pin id="788" dir="0" index="0" bw="16" slack="1"/>
<pin id="789" dir="1" index="1" bw="16" slack="1"/>
</pin_list>
<bind>
<opset="layer2_out_23 "/>
</bind>
</comp>

<comp id="792" class="1005" name="layer2_out_24_reg_792">
<pin_list>
<pin id="793" dir="0" index="0" bw="16" slack="1"/>
<pin id="794" dir="1" index="1" bw="16" slack="1"/>
</pin_list>
<bind>
<opset="layer2_out_24 "/>
</bind>
</comp>

<comp id="797" class="1005" name="layer2_out_25_reg_797">
<pin_list>
<pin id="798" dir="0" index="0" bw="16" slack="1"/>
<pin id="799" dir="1" index="1" bw="16" slack="1"/>
</pin_list>
<bind>
<opset="layer2_out_25 "/>
</bind>
</comp>

<comp id="802" class="1005" name="layer2_out_26_reg_802">
<pin_list>
<pin id="803" dir="0" index="0" bw="16" slack="1"/>
<pin id="804" dir="1" index="1" bw="16" slack="1"/>
</pin_list>
<bind>
<opset="layer2_out_26 "/>
</bind>
</comp>

<comp id="807" class="1005" name="layer2_out_27_reg_807">
<pin_list>
<pin id="808" dir="0" index="0" bw="16" slack="1"/>
<pin id="809" dir="1" index="1" bw="16" slack="1"/>
</pin_list>
<bind>
<opset="layer2_out_27 "/>
</bind>
</comp>

<comp id="812" class="1005" name="layer2_out_28_reg_812">
<pin_list>
<pin id="813" dir="0" index="0" bw="16" slack="1"/>
<pin id="814" dir="1" index="1" bw="16" slack="1"/>
</pin_list>
<bind>
<opset="layer2_out_28 "/>
</bind>
</comp>

<comp id="817" class="1005" name="layer2_out_29_reg_817">
<pin_list>
<pin id="818" dir="0" index="0" bw="16" slack="1"/>
<pin id="819" dir="1" index="1" bw="16" slack="1"/>
</pin_list>
<bind>
<opset="layer2_out_29 "/>
</bind>
</comp>

<comp id="822" class="1005" name="layer2_out_30_reg_822">
<pin_list>
<pin id="823" dir="0" index="0" bw="16" slack="1"/>
<pin id="824" dir="1" index="1" bw="16" slack="1"/>
</pin_list>
<bind>
<opset="layer2_out_30 "/>
</bind>
</comp>

<comp id="827" class="1005" name="layer2_out_31_reg_827">
<pin_list>
<pin id="828" dir="0" index="0" bw="16" slack="1"/>
<pin id="829" dir="1" index="1" bw="16" slack="1"/>
</pin_list>
<bind>
<opset="layer2_out_31 "/>
</bind>
</comp>

<comp id="832" class="1005" name="layer2_out_32_reg_832">
<pin_list>
<pin id="833" dir="0" index="0" bw="16" slack="1"/>
<pin id="834" dir="1" index="1" bw="16" slack="1"/>
</pin_list>
<bind>
<opset="layer2_out_32 "/>
</bind>
</comp>

<comp id="837" class="1005" name="layer2_out_33_reg_837">
<pin_list>
<pin id="838" dir="0" index="0" bw="16" slack="1"/>
<pin id="839" dir="1" index="1" bw="16" slack="1"/>
</pin_list>
<bind>
<opset="layer2_out_33 "/>
</bind>
</comp>

<comp id="842" class="1005" name="layer2_out_34_reg_842">
<pin_list>
<pin id="843" dir="0" index="0" bw="16" slack="1"/>
<pin id="844" dir="1" index="1" bw="16" slack="1"/>
</pin_list>
<bind>
<opset="layer2_out_34 "/>
</bind>
</comp>

<comp id="847" class="1005" name="layer2_out_35_reg_847">
<pin_list>
<pin id="848" dir="0" index="0" bw="16" slack="1"/>
<pin id="849" dir="1" index="1" bw="16" slack="1"/>
</pin_list>
<bind>
<opset="layer2_out_35 "/>
</bind>
</comp>

<comp id="852" class="1005" name="layer2_out_36_reg_852">
<pin_list>
<pin id="853" dir="0" index="0" bw="16" slack="1"/>
<pin id="854" dir="1" index="1" bw="16" slack="1"/>
</pin_list>
<bind>
<opset="layer2_out_36 "/>
</bind>
</comp>

<comp id="857" class="1005" name="layer2_out_37_reg_857">
<pin_list>
<pin id="858" dir="0" index="0" bw="16" slack="1"/>
<pin id="859" dir="1" index="1" bw="16" slack="1"/>
</pin_list>
<bind>
<opset="layer2_out_37 "/>
</bind>
</comp>

<comp id="862" class="1005" name="layer2_out_38_reg_862">
<pin_list>
<pin id="863" dir="0" index="0" bw="16" slack="1"/>
<pin id="864" dir="1" index="1" bw="16" slack="1"/>
</pin_list>
<bind>
<opset="layer2_out_38 "/>
</bind>
</comp>

<comp id="867" class="1005" name="layer2_out_39_reg_867">
<pin_list>
<pin id="868" dir="0" index="0" bw="16" slack="1"/>
<pin id="869" dir="1" index="1" bw="16" slack="1"/>
</pin_list>
<bind>
<opset="layer2_out_39 "/>
</bind>
</comp>

<comp id="872" class="1005" name="layer2_out_40_reg_872">
<pin_list>
<pin id="873" dir="0" index="0" bw="16" slack="1"/>
<pin id="874" dir="1" index="1" bw="16" slack="1"/>
</pin_list>
<bind>
<opset="layer2_out_40 "/>
</bind>
</comp>

<comp id="877" class="1005" name="layer2_out_41_reg_877">
<pin_list>
<pin id="878" dir="0" index="0" bw="16" slack="1"/>
<pin id="879" dir="1" index="1" bw="16" slack="1"/>
</pin_list>
<bind>
<opset="layer2_out_41 "/>
</bind>
</comp>

<comp id="882" class="1005" name="layer2_out_42_reg_882">
<pin_list>
<pin id="883" dir="0" index="0" bw="16" slack="1"/>
<pin id="884" dir="1" index="1" bw="16" slack="1"/>
</pin_list>
<bind>
<opset="layer2_out_42 "/>
</bind>
</comp>

<comp id="887" class="1005" name="layer2_out_43_reg_887">
<pin_list>
<pin id="888" dir="0" index="0" bw="16" slack="1"/>
<pin id="889" dir="1" index="1" bw="16" slack="1"/>
</pin_list>
<bind>
<opset="layer2_out_43 "/>
</bind>
</comp>

<comp id="892" class="1005" name="layer2_out_44_reg_892">
<pin_list>
<pin id="893" dir="0" index="0" bw="16" slack="1"/>
<pin id="894" dir="1" index="1" bw="16" slack="1"/>
</pin_list>
<bind>
<opset="layer2_out_44 "/>
</bind>
</comp>

<comp id="897" class="1005" name="layer2_out_45_reg_897">
<pin_list>
<pin id="898" dir="0" index="0" bw="16" slack="1"/>
<pin id="899" dir="1" index="1" bw="16" slack="1"/>
</pin_list>
<bind>
<opset="layer2_out_45 "/>
</bind>
</comp>

<comp id="902" class="1005" name="layer2_out_46_reg_902">
<pin_list>
<pin id="903" dir="0" index="0" bw="16" slack="1"/>
<pin id="904" dir="1" index="1" bw="16" slack="1"/>
</pin_list>
<bind>
<opset="layer2_out_46 "/>
</bind>
</comp>

<comp id="907" class="1005" name="layer2_out_47_reg_907">
<pin_list>
<pin id="908" dir="0" index="0" bw="16" slack="1"/>
<pin id="909" dir="1" index="1" bw="16" slack="1"/>
</pin_list>
<bind>
<opset="layer2_out_47 "/>
</bind>
</comp>

<comp id="912" class="1005" name="layer2_out_48_reg_912">
<pin_list>
<pin id="913" dir="0" index="0" bw="16" slack="1"/>
<pin id="914" dir="1" index="1" bw="16" slack="1"/>
</pin_list>
<bind>
<opset="layer2_out_48 "/>
</bind>
</comp>

<comp id="917" class="1005" name="layer2_out_49_reg_917">
<pin_list>
<pin id="918" dir="0" index="0" bw="16" slack="1"/>
<pin id="919" dir="1" index="1" bw="16" slack="1"/>
</pin_list>
<bind>
<opset="layer2_out_49 "/>
</bind>
</comp>

<comp id="922" class="1005" name="layer2_out_50_reg_922">
<pin_list>
<pin id="923" dir="0" index="0" bw="16" slack="1"/>
<pin id="924" dir="1" index="1" bw="16" slack="1"/>
</pin_list>
<bind>
<opset="layer2_out_50 "/>
</bind>
</comp>

<comp id="927" class="1005" name="layer2_out_51_reg_927">
<pin_list>
<pin id="928" dir="0" index="0" bw="16" slack="1"/>
<pin id="929" dir="1" index="1" bw="16" slack="1"/>
</pin_list>
<bind>
<opset="layer2_out_51 "/>
</bind>
</comp>

<comp id="932" class="1005" name="layer2_out_52_reg_932">
<pin_list>
<pin id="933" dir="0" index="0" bw="16" slack="1"/>
<pin id="934" dir="1" index="1" bw="16" slack="1"/>
</pin_list>
<bind>
<opset="layer2_out_52 "/>
</bind>
</comp>

<comp id="937" class="1005" name="layer2_out_53_reg_937">
<pin_list>
<pin id="938" dir="0" index="0" bw="16" slack="1"/>
<pin id="939" dir="1" index="1" bw="16" slack="1"/>
</pin_list>
<bind>
<opset="layer2_out_53 "/>
</bind>
</comp>

<comp id="942" class="1005" name="layer2_out_54_reg_942">
<pin_list>
<pin id="943" dir="0" index="0" bw="16" slack="1"/>
<pin id="944" dir="1" index="1" bw="16" slack="1"/>
</pin_list>
<bind>
<opset="layer2_out_54 "/>
</bind>
</comp>

<comp id="947" class="1005" name="layer2_out_55_reg_947">
<pin_list>
<pin id="948" dir="0" index="0" bw="16" slack="1"/>
<pin id="949" dir="1" index="1" bw="16" slack="1"/>
</pin_list>
<bind>
<opset="layer2_out_55 "/>
</bind>
</comp>

<comp id="952" class="1005" name="layer2_out_56_reg_952">
<pin_list>
<pin id="953" dir="0" index="0" bw="16" slack="1"/>
<pin id="954" dir="1" index="1" bw="16" slack="1"/>
</pin_list>
<bind>
<opset="layer2_out_56 "/>
</bind>
</comp>

<comp id="957" class="1005" name="layer2_out_57_reg_957">
<pin_list>
<pin id="958" dir="0" index="0" bw="16" slack="1"/>
<pin id="959" dir="1" index="1" bw="16" slack="1"/>
</pin_list>
<bind>
<opset="layer2_out_57 "/>
</bind>
</comp>

<comp id="962" class="1005" name="layer4_out_reg_962">
<pin_list>
<pin id="963" dir="0" index="0" bw="8" slack="1"/>
<pin id="964" dir="1" index="1" bw="8" slack="1"/>
</pin_list>
<bind>
<opset="layer4_out "/>
</bind>
</comp>

<comp id="967" class="1005" name="layer4_out_1_reg_967">
<pin_list>
<pin id="968" dir="0" index="0" bw="8" slack="1"/>
<pin id="969" dir="1" index="1" bw="8" slack="1"/>
</pin_list>
<bind>
<opset="layer4_out_1 "/>
</bind>
</comp>

<comp id="972" class="1005" name="layer4_out_2_reg_972">
<pin_list>
<pin id="973" dir="0" index="0" bw="8" slack="1"/>
<pin id="974" dir="1" index="1" bw="8" slack="1"/>
</pin_list>
<bind>
<opset="layer4_out_2 "/>
</bind>
</comp>

<comp id="977" class="1005" name="layer4_out_3_reg_977">
<pin_list>
<pin id="978" dir="0" index="0" bw="8" slack="1"/>
<pin id="979" dir="1" index="1" bw="8" slack="1"/>
</pin_list>
<bind>
<opset="layer4_out_3 "/>
</bind>
</comp>

<comp id="982" class="1005" name="layer4_out_4_reg_982">
<pin_list>
<pin id="983" dir="0" index="0" bw="8" slack="1"/>
<pin id="984" dir="1" index="1" bw="8" slack="1"/>
</pin_list>
<bind>
<opset="layer4_out_4 "/>
</bind>
</comp>

<comp id="987" class="1005" name="layer4_out_5_reg_987">
<pin_list>
<pin id="988" dir="0" index="0" bw="8" slack="1"/>
<pin id="989" dir="1" index="1" bw="8" slack="1"/>
</pin_list>
<bind>
<opset="layer4_out_5 "/>
</bind>
</comp>

<comp id="992" class="1005" name="layer4_out_6_reg_992">
<pin_list>
<pin id="993" dir="0" index="0" bw="8" slack="1"/>
<pin id="994" dir="1" index="1" bw="8" slack="1"/>
</pin_list>
<bind>
<opset="layer4_out_6 "/>
</bind>
</comp>

<comp id="997" class="1005" name="layer4_out_7_reg_997">
<pin_list>
<pin id="998" dir="0" index="0" bw="8" slack="1"/>
<pin id="999" dir="1" index="1" bw="8" slack="1"/>
</pin_list>
<bind>
<opset="layer4_out_7 "/>
</bind>
</comp>

<comp id="1002" class="1005" name="layer4_out_8_reg_1002">
<pin_list>
<pin id="1003" dir="0" index="0" bw="8" slack="1"/>
<pin id="1004" dir="1" index="1" bw="8" slack="1"/>
</pin_list>
<bind>
<opset="layer4_out_8 "/>
</bind>
</comp>

<comp id="1007" class="1005" name="layer4_out_9_reg_1007">
<pin_list>
<pin id="1008" dir="0" index="0" bw="8" slack="1"/>
<pin id="1009" dir="1" index="1" bw="8" slack="1"/>
</pin_list>
<bind>
<opset="layer4_out_9 "/>
</bind>
</comp>

<comp id="1012" class="1005" name="layer4_out_10_reg_1012">
<pin_list>
<pin id="1013" dir="0" index="0" bw="8" slack="1"/>
<pin id="1014" dir="1" index="1" bw="8" slack="1"/>
</pin_list>
<bind>
<opset="layer4_out_10 "/>
</bind>
</comp>

<comp id="1017" class="1005" name="layer4_out_11_reg_1017">
<pin_list>
<pin id="1018" dir="0" index="0" bw="8" slack="1"/>
<pin id="1019" dir="1" index="1" bw="8" slack="1"/>
</pin_list>
<bind>
<opset="layer4_out_11 "/>
</bind>
</comp>

<comp id="1022" class="1005" name="layer4_out_12_reg_1022">
<pin_list>
<pin id="1023" dir="0" index="0" bw="8" slack="1"/>
<pin id="1024" dir="1" index="1" bw="8" slack="1"/>
</pin_list>
<bind>
<opset="layer4_out_12 "/>
</bind>
</comp>

<comp id="1027" class="1005" name="layer4_out_13_reg_1027">
<pin_list>
<pin id="1028" dir="0" index="0" bw="8" slack="1"/>
<pin id="1029" dir="1" index="1" bw="8" slack="1"/>
</pin_list>
<bind>
<opset="layer4_out_13 "/>
</bind>
</comp>

<comp id="1032" class="1005" name="layer4_out_14_reg_1032">
<pin_list>
<pin id="1033" dir="0" index="0" bw="8" slack="1"/>
<pin id="1034" dir="1" index="1" bw="8" slack="1"/>
</pin_list>
<bind>
<opset="layer4_out_14 "/>
</bind>
</comp>

<comp id="1037" class="1005" name="layer4_out_15_reg_1037">
<pin_list>
<pin id="1038" dir="0" index="0" bw="8" slack="1"/>
<pin id="1039" dir="1" index="1" bw="8" slack="1"/>
</pin_list>
<bind>
<opset="layer4_out_15 "/>
</bind>
</comp>

<comp id="1042" class="1005" name="layer4_out_16_reg_1042">
<pin_list>
<pin id="1043" dir="0" index="0" bw="8" slack="1"/>
<pin id="1044" dir="1" index="1" bw="8" slack="1"/>
</pin_list>
<bind>
<opset="layer4_out_16 "/>
</bind>
</comp>

<comp id="1047" class="1005" name="layer4_out_17_reg_1047">
<pin_list>
<pin id="1048" dir="0" index="0" bw="8" slack="1"/>
<pin id="1049" dir="1" index="1" bw="8" slack="1"/>
</pin_list>
<bind>
<opset="layer4_out_17 "/>
</bind>
</comp>

<comp id="1052" class="1005" name="layer4_out_18_reg_1052">
<pin_list>
<pin id="1053" dir="0" index="0" bw="8" slack="1"/>
<pin id="1054" dir="1" index="1" bw="8" slack="1"/>
</pin_list>
<bind>
<opset="layer4_out_18 "/>
</bind>
</comp>

<comp id="1057" class="1005" name="layer4_out_19_reg_1057">
<pin_list>
<pin id="1058" dir="0" index="0" bw="8" slack="1"/>
<pin id="1059" dir="1" index="1" bw="8" slack="1"/>
</pin_list>
<bind>
<opset="layer4_out_19 "/>
</bind>
</comp>

<comp id="1062" class="1005" name="layer4_out_20_reg_1062">
<pin_list>
<pin id="1063" dir="0" index="0" bw="8" slack="1"/>
<pin id="1064" dir="1" index="1" bw="8" slack="1"/>
</pin_list>
<bind>
<opset="layer4_out_20 "/>
</bind>
</comp>

<comp id="1067" class="1005" name="layer4_out_21_reg_1067">
<pin_list>
<pin id="1068" dir="0" index="0" bw="8" slack="1"/>
<pin id="1069" dir="1" index="1" bw="8" slack="1"/>
</pin_list>
<bind>
<opset="layer4_out_21 "/>
</bind>
</comp>

<comp id="1072" class="1005" name="layer4_out_22_reg_1072">
<pin_list>
<pin id="1073" dir="0" index="0" bw="8" slack="1"/>
<pin id="1074" dir="1" index="1" bw="8" slack="1"/>
</pin_list>
<bind>
<opset="layer4_out_22 "/>
</bind>
</comp>

<comp id="1077" class="1005" name="layer4_out_23_reg_1077">
<pin_list>
<pin id="1078" dir="0" index="0" bw="8" slack="1"/>
<pin id="1079" dir="1" index="1" bw="8" slack="1"/>
</pin_list>
<bind>
<opset="layer4_out_23 "/>
</bind>
</comp>

<comp id="1082" class="1005" name="layer4_out_24_reg_1082">
<pin_list>
<pin id="1083" dir="0" index="0" bw="8" slack="1"/>
<pin id="1084" dir="1" index="1" bw="8" slack="1"/>
</pin_list>
<bind>
<opset="layer4_out_24 "/>
</bind>
</comp>

<comp id="1087" class="1005" name="layer4_out_25_reg_1087">
<pin_list>
<pin id="1088" dir="0" index="0" bw="8" slack="1"/>
<pin id="1089" dir="1" index="1" bw="8" slack="1"/>
</pin_list>
<bind>
<opset="layer4_out_25 "/>
</bind>
</comp>

<comp id="1092" class="1005" name="layer4_out_26_reg_1092">
<pin_list>
<pin id="1093" dir="0" index="0" bw="8" slack="1"/>
<pin id="1094" dir="1" index="1" bw="8" slack="1"/>
</pin_list>
<bind>
<opset="layer4_out_26 "/>
</bind>
</comp>

<comp id="1097" class="1005" name="layer4_out_27_reg_1097">
<pin_list>
<pin id="1098" dir="0" index="0" bw="8" slack="1"/>
<pin id="1099" dir="1" index="1" bw="8" slack="1"/>
</pin_list>
<bind>
<opset="layer4_out_27 "/>
</bind>
</comp>

<comp id="1102" class="1005" name="layer4_out_28_reg_1102">
<pin_list>
<pin id="1103" dir="0" index="0" bw="8" slack="1"/>
<pin id="1104" dir="1" index="1" bw="8" slack="1"/>
</pin_list>
<bind>
<opset="layer4_out_28 "/>
</bind>
</comp>

<comp id="1107" class="1005" name="layer4_out_29_reg_1107">
<pin_list>
<pin id="1108" dir="0" index="0" bw="8" slack="1"/>
<pin id="1109" dir="1" index="1" bw="8" slack="1"/>
</pin_list>
<bind>
<opset="layer4_out_29 "/>
</bind>
</comp>

<comp id="1112" class="1005" name="layer4_out_30_reg_1112">
<pin_list>
<pin id="1113" dir="0" index="0" bw="8" slack="1"/>
<pin id="1114" dir="1" index="1" bw="8" slack="1"/>
</pin_list>
<bind>
<opset="layer4_out_30 "/>
</bind>
</comp>

<comp id="1117" class="1005" name="layer4_out_31_reg_1117">
<pin_list>
<pin id="1118" dir="0" index="0" bw="8" slack="1"/>
<pin id="1119" dir="1" index="1" bw="8" slack="1"/>
</pin_list>
<bind>
<opset="layer4_out_31 "/>
</bind>
</comp>

<comp id="1122" class="1005" name="layer4_out_32_reg_1122">
<pin_list>
<pin id="1123" dir="0" index="0" bw="8" slack="1"/>
<pin id="1124" dir="1" index="1" bw="8" slack="1"/>
</pin_list>
<bind>
<opset="layer4_out_32 "/>
</bind>
</comp>

<comp id="1127" class="1005" name="layer4_out_33_reg_1127">
<pin_list>
<pin id="1128" dir="0" index="0" bw="8" slack="1"/>
<pin id="1129" dir="1" index="1" bw="8" slack="1"/>
</pin_list>
<bind>
<opset="layer4_out_33 "/>
</bind>
</comp>

<comp id="1132" class="1005" name="layer4_out_34_reg_1132">
<pin_list>
<pin id="1133" dir="0" index="0" bw="8" slack="1"/>
<pin id="1134" dir="1" index="1" bw="8" slack="1"/>
</pin_list>
<bind>
<opset="layer4_out_34 "/>
</bind>
</comp>

<comp id="1137" class="1005" name="layer4_out_35_reg_1137">
<pin_list>
<pin id="1138" dir="0" index="0" bw="8" slack="1"/>
<pin id="1139" dir="1" index="1" bw="8" slack="1"/>
</pin_list>
<bind>
<opset="layer4_out_35 "/>
</bind>
</comp>

<comp id="1142" class="1005" name="layer4_out_36_reg_1142">
<pin_list>
<pin id="1143" dir="0" index="0" bw="8" slack="1"/>
<pin id="1144" dir="1" index="1" bw="8" slack="1"/>
</pin_list>
<bind>
<opset="layer4_out_36 "/>
</bind>
</comp>

<comp id="1147" class="1005" name="layer4_out_37_reg_1147">
<pin_list>
<pin id="1148" dir="0" index="0" bw="8" slack="1"/>
<pin id="1149" dir="1" index="1" bw="8" slack="1"/>
</pin_list>
<bind>
<opset="layer4_out_37 "/>
</bind>
</comp>

<comp id="1152" class="1005" name="layer4_out_38_reg_1152">
<pin_list>
<pin id="1153" dir="0" index="0" bw="8" slack="1"/>
<pin id="1154" dir="1" index="1" bw="8" slack="1"/>
</pin_list>
<bind>
<opset="layer4_out_38 "/>
</bind>
</comp>

<comp id="1157" class="1005" name="layer4_out_39_reg_1157">
<pin_list>
<pin id="1158" dir="0" index="0" bw="8" slack="1"/>
<pin id="1159" dir="1" index="1" bw="8" slack="1"/>
</pin_list>
<bind>
<opset="layer4_out_39 "/>
</bind>
</comp>

<comp id="1162" class="1005" name="layer4_out_40_reg_1162">
<pin_list>
<pin id="1163" dir="0" index="0" bw="8" slack="1"/>
<pin id="1164" dir="1" index="1" bw="8" slack="1"/>
</pin_list>
<bind>
<opset="layer4_out_40 "/>
</bind>
</comp>

<comp id="1167" class="1005" name="layer4_out_41_reg_1167">
<pin_list>
<pin id="1168" dir="0" index="0" bw="8" slack="1"/>
<pin id="1169" dir="1" index="1" bw="8" slack="1"/>
</pin_list>
<bind>
<opset="layer4_out_41 "/>
</bind>
</comp>

<comp id="1172" class="1005" name="layer4_out_42_reg_1172">
<pin_list>
<pin id="1173" dir="0" index="0" bw="8" slack="1"/>
<pin id="1174" dir="1" index="1" bw="8" slack="1"/>
</pin_list>
<bind>
<opset="layer4_out_42 "/>
</bind>
</comp>

<comp id="1177" class="1005" name="layer4_out_43_reg_1177">
<pin_list>
<pin id="1178" dir="0" index="0" bw="8" slack="1"/>
<pin id="1179" dir="1" index="1" bw="8" slack="1"/>
</pin_list>
<bind>
<opset="layer4_out_43 "/>
</bind>
</comp>

<comp id="1182" class="1005" name="layer4_out_44_reg_1182">
<pin_list>
<pin id="1183" dir="0" index="0" bw="8" slack="1"/>
<pin id="1184" dir="1" index="1" bw="8" slack="1"/>
</pin_list>
<bind>
<opset="layer4_out_44 "/>
</bind>
</comp>

<comp id="1187" class="1005" name="layer4_out_45_reg_1187">
<pin_list>
<pin id="1188" dir="0" index="0" bw="8" slack="1"/>
<pin id="1189" dir="1" index="1" bw="8" slack="1"/>
</pin_list>
<bind>
<opset="layer4_out_45 "/>
</bind>
</comp>

<comp id="1192" class="1005" name="layer4_out_46_reg_1192">
<pin_list>
<pin id="1193" dir="0" index="0" bw="8" slack="1"/>
<pin id="1194" dir="1" index="1" bw="8" slack="1"/>
</pin_list>
<bind>
<opset="layer4_out_46 "/>
</bind>
</comp>

<comp id="1197" class="1005" name="layer4_out_47_reg_1197">
<pin_list>
<pin id="1198" dir="0" index="0" bw="8" slack="1"/>
<pin id="1199" dir="1" index="1" bw="8" slack="1"/>
</pin_list>
<bind>
<opset="layer4_out_47 "/>
</bind>
</comp>

<comp id="1202" class="1005" name="layer4_out_48_reg_1202">
<pin_list>
<pin id="1203" dir="0" index="0" bw="8" slack="1"/>
<pin id="1204" dir="1" index="1" bw="8" slack="1"/>
</pin_list>
<bind>
<opset="layer4_out_48 "/>
</bind>
</comp>

<comp id="1207" class="1005" name="layer4_out_49_reg_1207">
<pin_list>
<pin id="1208" dir="0" index="0" bw="8" slack="1"/>
<pin id="1209" dir="1" index="1" bw="8" slack="1"/>
</pin_list>
<bind>
<opset="layer4_out_49 "/>
</bind>
</comp>

<comp id="1212" class="1005" name="layer4_out_50_reg_1212">
<pin_list>
<pin id="1213" dir="0" index="0" bw="8" slack="1"/>
<pin id="1214" dir="1" index="1" bw="8" slack="1"/>
</pin_list>
<bind>
<opset="layer4_out_50 "/>
</bind>
</comp>

<comp id="1217" class="1005" name="layer4_out_51_reg_1217">
<pin_list>
<pin id="1218" dir="0" index="0" bw="8" slack="1"/>
<pin id="1219" dir="1" index="1" bw="8" slack="1"/>
</pin_list>
<bind>
<opset="layer4_out_51 "/>
</bind>
</comp>

<comp id="1222" class="1005" name="layer4_out_52_reg_1222">
<pin_list>
<pin id="1223" dir="0" index="0" bw="8" slack="1"/>
<pin id="1224" dir="1" index="1" bw="8" slack="1"/>
</pin_list>
<bind>
<opset="layer4_out_52 "/>
</bind>
</comp>

<comp id="1227" class="1005" name="layer4_out_53_reg_1227">
<pin_list>
<pin id="1228" dir="0" index="0" bw="8" slack="1"/>
<pin id="1229" dir="1" index="1" bw="8" slack="1"/>
</pin_list>
<bind>
<opset="layer4_out_53 "/>
</bind>
</comp>

<comp id="1232" class="1005" name="layer4_out_54_reg_1232">
<pin_list>
<pin id="1233" dir="0" index="0" bw="8" slack="1"/>
<pin id="1234" dir="1" index="1" bw="8" slack="1"/>
</pin_list>
<bind>
<opset="layer4_out_54 "/>
</bind>
</comp>

<comp id="1237" class="1005" name="layer4_out_55_reg_1237">
<pin_list>
<pin id="1238" dir="0" index="0" bw="8" slack="1"/>
<pin id="1239" dir="1" index="1" bw="8" slack="1"/>
</pin_list>
<bind>
<opset="layer4_out_55 "/>
</bind>
</comp>

<comp id="1242" class="1005" name="layer4_out_56_reg_1242">
<pin_list>
<pin id="1243" dir="0" index="0" bw="8" slack="1"/>
<pin id="1244" dir="1" index="1" bw="8" slack="1"/>
</pin_list>
<bind>
<opset="layer4_out_56 "/>
</bind>
</comp>

<comp id="1247" class="1005" name="layer4_out_57_reg_1247">
<pin_list>
<pin id="1248" dir="0" index="0" bw="8" slack="1"/>
<pin id="1249" dir="1" index="1" bw="8" slack="1"/>
</pin_list>
<bind>
<opset="layer4_out_57 "/>
</bind>
</comp>

</comp_list>

<net_list>
<net id="40"><net_src comp="8" pin="0"/><net_sink comp="36" pin=0"/></net>

<net id="41"><net_src comp="0" pin="0"/><net_sink comp="36" pin=1"/></net>

<net id="47"><net_src comp="34" pin="0"/><net_sink comp="42" pin=0"/></net>

<net id="48"><net_src comp="2" pin="0"/><net_sink comp="42" pin=1"/></net>

<net id="54"><net_src comp="34" pin="0"/><net_sink comp="49" pin=0"/></net>

<net id="55"><net_src comp="4" pin="0"/><net_sink comp="49" pin=1"/></net>

<net id="61"><net_src comp="34" pin="0"/><net_sink comp="56" pin=0"/></net>

<net id="62"><net_src comp="6" pin="0"/><net_sink comp="56" pin=1"/></net>

<net id="67"><net_src comp="10" pin="0"/><net_sink comp="63" pin=0"/></net>

<net id="68"><net_src comp="36" pin="2"/><net_sink comp="63" pin=1"/></net>

<net id="130"><net_src comp="12" pin="0"/><net_sink comp="69" pin=0"/></net>

<net id="192"><net_src comp="14" pin="0"/><net_sink comp="131" pin=0"/></net>

<net id="196"><net_src comp="63" pin="2"/><net_sink comp="193" pin=0"/></net>

<net id="200"><net_src comp="63" pin="2"/><net_sink comp="197" pin=0"/></net>

<net id="204"><net_src comp="63" pin="2"/><net_sink comp="201" pin=0"/></net>

<net id="208"><net_src comp="63" pin="2"/><net_sink comp="205" pin=0"/></net>

<net id="212"><net_src comp="63" pin="2"/><net_sink comp="209" pin=0"/></net>

<net id="216"><net_src comp="63" pin="2"/><net_sink comp="213" pin=0"/></net>

<net id="220"><net_src comp="63" pin="2"/><net_sink comp="217" pin=0"/></net>

<net id="224"><net_src comp="63" pin="2"/><net_sink comp="221" pin=0"/></net>

<net id="228"><net_src comp="63" pin="2"/><net_sink comp="225" pin=0"/></net>

<net id="232"><net_src comp="63" pin="2"/><net_sink comp="229" pin=0"/></net>

<net id="236"><net_src comp="63" pin="2"/><net_sink comp="233" pin=0"/></net>

<net id="240"><net_src comp="63" pin="2"/><net_sink comp="237" pin=0"/></net>

<net id="244"><net_src comp="63" pin="2"/><net_sink comp="241" pin=0"/></net>

<net id="248"><net_src comp="63" pin="2"/><net_sink comp="245" pin=0"/></net>

<net id="252"><net_src comp="63" pin="2"/><net_sink comp="249" pin=0"/></net>

<net id="256"><net_src comp="63" pin="2"/><net_sink comp="253" pin=0"/></net>

<net id="260"><net_src comp="63" pin="2"/><net_sink comp="257" pin=0"/></net>

<net id="264"><net_src comp="63" pin="2"/><net_sink comp="261" pin=0"/></net>

<net id="268"><net_src comp="63" pin="2"/><net_sink comp="265" pin=0"/></net>

<net id="272"><net_src comp="63" pin="2"/><net_sink comp="269" pin=0"/></net>

<net id="276"><net_src comp="63" pin="2"/><net_sink comp="273" pin=0"/></net>

<net id="280"><net_src comp="63" pin="2"/><net_sink comp="277" pin=0"/></net>

<net id="284"><net_src comp="63" pin="2"/><net_sink comp="281" pin=0"/></net>

<net id="288"><net_src comp="63" pin="2"/><net_sink comp="285" pin=0"/></net>

<net id="292"><net_src comp="63" pin="2"/><net_sink comp="289" pin=0"/></net>

<net id="296"><net_src comp="63" pin="2"/><net_sink comp="293" pin=0"/></net>

<net id="300"><net_src comp="63" pin="2"/><net_sink comp="297" pin=0"/></net>

<net id="304"><net_src comp="63" pin="2"/><net_sink comp="301" pin=0"/></net>

<net id="308"><net_src comp="63" pin="2"/><net_sink comp="305" pin=0"/></net>

<net id="312"><net_src comp="63" pin="2"/><net_sink comp="309" pin=0"/></net>

<net id="316"><net_src comp="63" pin="2"/><net_sink comp="313" pin=0"/></net>

<net id="320"><net_src comp="63" pin="2"/><net_sink comp="317" pin=0"/></net>

<net id="324"><net_src comp="63" pin="2"/><net_sink comp="321" pin=0"/></net>

<net id="328"><net_src comp="63" pin="2"/><net_sink comp="325" pin=0"/></net>

<net id="332"><net_src comp="63" pin="2"/><net_sink comp="329" pin=0"/></net>

<net id="336"><net_src comp="63" pin="2"/><net_sink comp="333" pin=0"/></net>

<net id="340"><net_src comp="63" pin="2"/><net_sink comp="337" pin=0"/></net>

<net id="344"><net_src comp="63" pin="2"/><net_sink comp="341" pin=0"/></net>

<net id="348"><net_src comp="63" pin="2"/><net_sink comp="345" pin=0"/></net>

<net id="352"><net_src comp="63" pin="2"/><net_sink comp="349" pin=0"/></net>

<net id="356"><net_src comp="63" pin="2"/><net_sink comp="353" pin=0"/></net>

<net id="360"><net_src comp="63" pin="2"/><net_sink comp="357" pin=0"/></net>

<net id="364"><net_src comp="63" pin="2"/><net_sink comp="361" pin=0"/></net>

<net id="368"><net_src comp="63" pin="2"/><net_sink comp="365" pin=0"/></net>

<net id="372"><net_src comp="63" pin="2"/><net_sink comp="369" pin=0"/></net>

<net id="376"><net_src comp="63" pin="2"/><net_sink comp="373" pin=0"/></net>

<net id="380"><net_src comp="63" pin="2"/><net_sink comp="377" pin=0"/></net>

<net id="384"><net_src comp="63" pin="2"/><net_sink comp="381" pin=0"/></net>

<net id="388"><net_src comp="63" pin="2"/><net_sink comp="385" pin=0"/></net>

<net id="392"><net_src comp="63" pin="2"/><net_sink comp="389" pin=0"/></net>

<net id="396"><net_src comp="63" pin="2"/><net_sink comp="393" pin=0"/></net>

<net id="400"><net_src comp="63" pin="2"/><net_sink comp="397" pin=0"/></net>

<net id="404"><net_src comp="63" pin="2"/><net_sink comp="401" pin=0"/></net>

<net id="408"><net_src comp="63" pin="2"/><net_sink comp="405" pin=0"/></net>

<net id="412"><net_src comp="63" pin="2"/><net_sink comp="409" pin=0"/></net>

<net id="416"><net_src comp="63" pin="2"/><net_sink comp="413" pin=0"/></net>

<net id="420"><net_src comp="63" pin="2"/><net_sink comp="417" pin=0"/></net>

<net id="424"><net_src comp="63" pin="2"/><net_sink comp="421" pin=0"/></net>

<net id="428"><net_src comp="69" pin="59"/><net_sink comp="425" pin=0"/></net>

<net id="432"><net_src comp="69" pin="59"/><net_sink comp="429" pin=0"/></net>

<net id="436"><net_src comp="69" pin="59"/><net_sink comp="433" pin=0"/></net>

<net id="440"><net_src comp="69" pin="59"/><net_sink comp="437" pin=0"/></net>

<net id="444"><net_src comp="69" pin="59"/><net_sink comp="441" pin=0"/></net>

<net id="448"><net_src comp="69" pin="59"/><net_sink comp="445" pin=0"/></net>

<net id="452"><net_src comp="69" pin="59"/><net_sink comp="449" pin=0"/></net>

<net id="456"><net_src comp="69" pin="59"/><net_sink comp="453" pin=0"/></net>

<net id="460"><net_src comp="69" pin="59"/><net_sink comp="457" pin=0"/></net>

<net id="464"><net_src comp="69" pin="59"/><net_sink comp="461" pin=0"/></net>

<net id="468"><net_src comp="69" pin="59"/><net_sink comp="465" pin=0"/></net>

<net id="472"><net_src comp="69" pin="59"/><net_sink comp="469" pin=0"/></net>

<net id="476"><net_src comp="69" pin="59"/><net_sink comp="473" pin=0"/></net>

<net id="480"><net_src comp="69" pin="59"/><net_sink comp="477" pin=0"/></net>

<net id="484"><net_src comp="69" pin="59"/><net_sink comp="481" pin=0"/></net>

<net id="488"><net_src comp="69" pin="59"/><net_sink comp="485" pin=0"/></net>

<net id="492"><net_src comp="69" pin="59"/><net_sink comp="489" pin=0"/></net>

<net id="496"><net_src comp="69" pin="59"/><net_sink comp="493" pin=0"/></net>

<net id="500"><net_src comp="69" pin="59"/><net_sink comp="497" pin=0"/></net>

<net id="504"><net_src comp="69" pin="59"/><net_sink comp="501" pin=0"/></net>

<net id="508"><net_src comp="69" pin="59"/><net_sink comp="505" pin=0"/></net>

<net id="512"><net_src comp="69" pin="59"/><net_sink comp="509" pin=0"/></net>

<net id="516"><net_src comp="69" pin="59"/><net_sink comp="513" pin=0"/></net>

<net id="520"><net_src comp="69" pin="59"/><net_sink comp="517" pin=0"/></net>

<net id="524"><net_src comp="69" pin="59"/><net_sink comp="521" pin=0"/></net>

<net id="528"><net_src comp="69" pin="59"/><net_sink comp="525" pin=0"/></net>

<net id="532"><net_src comp="69" pin="59"/><net_sink comp="529" pin=0"/></net>

<net id="536"><net_src comp="69" pin="59"/><net_sink comp="533" pin=0"/></net>

<net id="540"><net_src comp="69" pin="59"/><net_sink comp="537" pin=0"/></net>

<net id="544"><net_src comp="69" pin="59"/><net_sink comp="541" pin=0"/></net>

<net id="548"><net_src comp="69" pin="59"/><net_sink comp="545" pin=0"/></net>

<net id="552"><net_src comp="69" pin="59"/><net_sink comp="549" pin=0"/></net>

<net id="556"><net_src comp="69" pin="59"/><net_sink comp="553" pin=0"/></net>

<net id="560"><net_src comp="69" pin="59"/><net_sink comp="557" pin=0"/></net>

<net id="564"><net_src comp="69" pin="59"/><net_sink comp="561" pin=0"/></net>

<net id="568"><net_src comp="69" pin="59"/><net_sink comp="565" pin=0"/></net>

<net id="572"><net_src comp="69" pin="59"/><net_sink comp="569" pin=0"/></net>

<net id="576"><net_src comp="69" pin="59"/><net_sink comp="573" pin=0"/></net>

<net id="580"><net_src comp="69" pin="59"/><net_sink comp="577" pin=0"/></net>

<net id="584"><net_src comp="69" pin="59"/><net_sink comp="581" pin=0"/></net>

<net id="588"><net_src comp="69" pin="59"/><net_sink comp="585" pin=0"/></net>

<net id="592"><net_src comp="69" pin="59"/><net_sink comp="589" pin=0"/></net>

<net id="596"><net_src comp="69" pin="59"/><net_sink comp="593" pin=0"/></net>

<net id="600"><net_src comp="69" pin="59"/><net_sink comp="597" pin=0"/></net>

<net id="604"><net_src comp="69" pin="59"/><net_sink comp="601" pin=0"/></net>

<net id="608"><net_src comp="69" pin="59"/><net_sink comp="605" pin=0"/></net>

<net id="612"><net_src comp="69" pin="59"/><net_sink comp="609" pin=0"/></net>

<net id="616"><net_src comp="69" pin="59"/><net_sink comp="613" pin=0"/></net>

<net id="620"><net_src comp="69" pin="59"/><net_sink comp="617" pin=0"/></net>

<net id="624"><net_src comp="69" pin="59"/><net_sink comp="621" pin=0"/></net>

<net id="628"><net_src comp="69" pin="59"/><net_sink comp="625" pin=0"/></net>

<net id="632"><net_src comp="69" pin="59"/><net_sink comp="629" pin=0"/></net>

<net id="636"><net_src comp="69" pin="59"/><net_sink comp="633" pin=0"/></net>

<net id="640"><net_src comp="69" pin="59"/><net_sink comp="637" pin=0"/></net>

<net id="644"><net_src comp="69" pin="59"/><net_sink comp="641" pin=0"/></net>

<net id="648"><net_src comp="69" pin="59"/><net_sink comp="645" pin=0"/></net>

<net id="652"><net_src comp="69" pin="59"/><net_sink comp="649" pin=0"/></net>

<net id="656"><net_src comp="69" pin="59"/><net_sink comp="653" pin=0"/></net>

<net id="660"><net_src comp="131" pin="59"/><net_sink comp="657" pin=0"/></net>

<net id="661"><net_src comp="657" pin="1"/><net_sink comp="42" pin=2"/></net>

<net id="665"><net_src comp="131" pin="59"/><net_sink comp="662" pin=0"/></net>

<net id="666"><net_src comp="662" pin="1"/><net_sink comp="49" pin=2"/></net>

<net id="670"><net_src comp="131" pin="59"/><net_sink comp="667" pin=0"/></net>

<net id="671"><net_src comp="667" pin="1"/><net_sink comp="56" pin=2"/></net>

<net id="675"><net_src comp="193" pin="1"/><net_sink comp="672" pin=0"/></net>

<net id="676"><net_src comp="672" pin="1"/><net_sink comp="69" pin=1"/></net>

<net id="680"><net_src comp="197" pin="1"/><net_sink comp="677" pin=0"/></net>

<net id="681"><net_src comp="677" pin="1"/><net_sink comp="69" pin=2"/></net>

<net id="685"><net_src comp="201" pin="1"/><net_sink comp="682" pin=0"/></net>

<net id="686"><net_src comp="682" pin="1"/><net_sink comp="69" pin=3"/></net>

<net id="690"><net_src comp="205" pin="1"/><net_sink comp="687" pin=0"/></net>

<net id="691"><net_src comp="687" pin="1"/><net_sink comp="69" pin=4"/></net>

<net id="695"><net_src comp="209" pin="1"/><net_sink comp="692" pin=0"/></net>

<net id="696"><net_src comp="692" pin="1"/><net_sink comp="69" pin=5"/></net>

<net id="700"><net_src comp="213" pin="1"/><net_sink comp="697" pin=0"/></net>

<net id="701"><net_src comp="697" pin="1"/><net_sink comp="69" pin=6"/></net>

<net id="705"><net_src comp="217" pin="1"/><net_sink comp="702" pin=0"/></net>

<net id="706"><net_src comp="702" pin="1"/><net_sink comp="69" pin=7"/></net>

<net id="710"><net_src comp="221" pin="1"/><net_sink comp="707" pin=0"/></net>

<net id="711"><net_src comp="707" pin="1"/><net_sink comp="69" pin=8"/></net>

<net id="715"><net_src comp="225" pin="1"/><net_sink comp="712" pin=0"/></net>

<net id="716"><net_src comp="712" pin="1"/><net_sink comp="69" pin=9"/></net>

<net id="720"><net_src comp="229" pin="1"/><net_sink comp="717" pin=0"/></net>

<net id="721"><net_src comp="717" pin="1"/><net_sink comp="69" pin=10"/></net>

<net id="725"><net_src comp="233" pin="1"/><net_sink comp="722" pin=0"/></net>

<net id="726"><net_src comp="722" pin="1"/><net_sink comp="69" pin=11"/></net>

<net id="730"><net_src comp="237" pin="1"/><net_sink comp="727" pin=0"/></net>

<net id="731"><net_src comp="727" pin="1"/><net_sink comp="69" pin=12"/></net>

<net id="735"><net_src comp="241" pin="1"/><net_sink comp="732" pin=0"/></net>

<net id="736"><net_src comp="732" pin="1"/><net_sink comp="69" pin=13"/></net>

<net id="740"><net_src comp="245" pin="1"/><net_sink comp="737" pin=0"/></net>

<net id="741"><net_src comp="737" pin="1"/><net_sink comp="69" pin=14"/></net>

<net id="745"><net_src comp="249" pin="1"/><net_sink comp="742" pin=0"/></net>

<net id="746"><net_src comp="742" pin="1"/><net_sink comp="69" pin=15"/></net>

<net id="750"><net_src comp="253" pin="1"/><net_sink comp="747" pin=0"/></net>

<net id="751"><net_src comp="747" pin="1"/><net_sink comp="69" pin=16"/></net>

<net id="755"><net_src comp="257" pin="1"/><net_sink comp="752" pin=0"/></net>

<net id="756"><net_src comp="752" pin="1"/><net_sink comp="69" pin=17"/></net>

<net id="760"><net_src comp="261" pin="1"/><net_sink comp="757" pin=0"/></net>

<net id="761"><net_src comp="757" pin="1"/><net_sink comp="69" pin=18"/></net>

<net id="765"><net_src comp="265" pin="1"/><net_sink comp="762" pin=0"/></net>

<net id="766"><net_src comp="762" pin="1"/><net_sink comp="69" pin=19"/></net>

<net id="770"><net_src comp="269" pin="1"/><net_sink comp="767" pin=0"/></net>

<net id="771"><net_src comp="767" pin="1"/><net_sink comp="69" pin=20"/></net>

<net id="775"><net_src comp="273" pin="1"/><net_sink comp="772" pin=0"/></net>

<net id="776"><net_src comp="772" pin="1"/><net_sink comp="69" pin=21"/></net>

<net id="780"><net_src comp="277" pin="1"/><net_sink comp="777" pin=0"/></net>

<net id="781"><net_src comp="777" pin="1"/><net_sink comp="69" pin=22"/></net>

<net id="785"><net_src comp="281" pin="1"/><net_sink comp="782" pin=0"/></net>

<net id="786"><net_src comp="782" pin="1"/><net_sink comp="69" pin=23"/></net>

<net id="790"><net_src comp="285" pin="1"/><net_sink comp="787" pin=0"/></net>

<net id="791"><net_src comp="787" pin="1"/><net_sink comp="69" pin=24"/></net>

<net id="795"><net_src comp="289" pin="1"/><net_sink comp="792" pin=0"/></net>

<net id="796"><net_src comp="792" pin="1"/><net_sink comp="69" pin=25"/></net>

<net id="800"><net_src comp="293" pin="1"/><net_sink comp="797" pin=0"/></net>

<net id="801"><net_src comp="797" pin="1"/><net_sink comp="69" pin=26"/></net>

<net id="805"><net_src comp="297" pin="1"/><net_sink comp="802" pin=0"/></net>

<net id="806"><net_src comp="802" pin="1"/><net_sink comp="69" pin=27"/></net>

<net id="810"><net_src comp="301" pin="1"/><net_sink comp="807" pin=0"/></net>

<net id="811"><net_src comp="807" pin="1"/><net_sink comp="69" pin=28"/></net>

<net id="815"><net_src comp="305" pin="1"/><net_sink comp="812" pin=0"/></net>

<net id="816"><net_src comp="812" pin="1"/><net_sink comp="69" pin=29"/></net>

<net id="820"><net_src comp="309" pin="1"/><net_sink comp="817" pin=0"/></net>

<net id="821"><net_src comp="817" pin="1"/><net_sink comp="69" pin=30"/></net>

<net id="825"><net_src comp="313" pin="1"/><net_sink comp="822" pin=0"/></net>

<net id="826"><net_src comp="822" pin="1"/><net_sink comp="69" pin=31"/></net>

<net id="830"><net_src comp="317" pin="1"/><net_sink comp="827" pin=0"/></net>

<net id="831"><net_src comp="827" pin="1"/><net_sink comp="69" pin=32"/></net>

<net id="835"><net_src comp="321" pin="1"/><net_sink comp="832" pin=0"/></net>

<net id="836"><net_src comp="832" pin="1"/><net_sink comp="69" pin=33"/></net>

<net id="840"><net_src comp="325" pin="1"/><net_sink comp="837" pin=0"/></net>

<net id="841"><net_src comp="837" pin="1"/><net_sink comp="69" pin=34"/></net>

<net id="845"><net_src comp="329" pin="1"/><net_sink comp="842" pin=0"/></net>

<net id="846"><net_src comp="842" pin="1"/><net_sink comp="69" pin=35"/></net>

<net id="850"><net_src comp="333" pin="1"/><net_sink comp="847" pin=0"/></net>

<net id="851"><net_src comp="847" pin="1"/><net_sink comp="69" pin=36"/></net>

<net id="855"><net_src comp="337" pin="1"/><net_sink comp="852" pin=0"/></net>

<net id="856"><net_src comp="852" pin="1"/><net_sink comp="69" pin=37"/></net>

<net id="860"><net_src comp="341" pin="1"/><net_sink comp="857" pin=0"/></net>

<net id="861"><net_src comp="857" pin="1"/><net_sink comp="69" pin=38"/></net>

<net id="865"><net_src comp="345" pin="1"/><net_sink comp="862" pin=0"/></net>

<net id="866"><net_src comp="862" pin="1"/><net_sink comp="69" pin=39"/></net>

<net id="870"><net_src comp="349" pin="1"/><net_sink comp="867" pin=0"/></net>

<net id="871"><net_src comp="867" pin="1"/><net_sink comp="69" pin=40"/></net>

<net id="875"><net_src comp="353" pin="1"/><net_sink comp="872" pin=0"/></net>

<net id="876"><net_src comp="872" pin="1"/><net_sink comp="69" pin=41"/></net>

<net id="880"><net_src comp="357" pin="1"/><net_sink comp="877" pin=0"/></net>

<net id="881"><net_src comp="877" pin="1"/><net_sink comp="69" pin=42"/></net>

<net id="885"><net_src comp="361" pin="1"/><net_sink comp="882" pin=0"/></net>

<net id="886"><net_src comp="882" pin="1"/><net_sink comp="69" pin=43"/></net>

<net id="890"><net_src comp="365" pin="1"/><net_sink comp="887" pin=0"/></net>

<net id="891"><net_src comp="887" pin="1"/><net_sink comp="69" pin=44"/></net>

<net id="895"><net_src comp="369" pin="1"/><net_sink comp="892" pin=0"/></net>

<net id="896"><net_src comp="892" pin="1"/><net_sink comp="69" pin=45"/></net>

<net id="900"><net_src comp="373" pin="1"/><net_sink comp="897" pin=0"/></net>

<net id="901"><net_src comp="897" pin="1"/><net_sink comp="69" pin=46"/></net>

<net id="905"><net_src comp="377" pin="1"/><net_sink comp="902" pin=0"/></net>

<net id="906"><net_src comp="902" pin="1"/><net_sink comp="69" pin=47"/></net>

<net id="910"><net_src comp="381" pin="1"/><net_sink comp="907" pin=0"/></net>

<net id="911"><net_src comp="907" pin="1"/><net_sink comp="69" pin=48"/></net>

<net id="915"><net_src comp="385" pin="1"/><net_sink comp="912" pin=0"/></net>

<net id="916"><net_src comp="912" pin="1"/><net_sink comp="69" pin=49"/></net>

<net id="920"><net_src comp="389" pin="1"/><net_sink comp="917" pin=0"/></net>

<net id="921"><net_src comp="917" pin="1"/><net_sink comp="69" pin=50"/></net>

<net id="925"><net_src comp="393" pin="1"/><net_sink comp="922" pin=0"/></net>

<net id="926"><net_src comp="922" pin="1"/><net_sink comp="69" pin=51"/></net>

<net id="930"><net_src comp="397" pin="1"/><net_sink comp="927" pin=0"/></net>

<net id="931"><net_src comp="927" pin="1"/><net_sink comp="69" pin=52"/></net>

<net id="935"><net_src comp="401" pin="1"/><net_sink comp="932" pin=0"/></net>

<net id="936"><net_src comp="932" pin="1"/><net_sink comp="69" pin=53"/></net>

<net id="940"><net_src comp="405" pin="1"/><net_sink comp="937" pin=0"/></net>

<net id="941"><net_src comp="937" pin="1"/><net_sink comp="69" pin=54"/></net>

<net id="945"><net_src comp="409" pin="1"/><net_sink comp="942" pin=0"/></net>

<net id="946"><net_src comp="942" pin="1"/><net_sink comp="69" pin=55"/></net>

<net id="950"><net_src comp="413" pin="1"/><net_sink comp="947" pin=0"/></net>

<net id="951"><net_src comp="947" pin="1"/><net_sink comp="69" pin=56"/></net>

<net id="955"><net_src comp="417" pin="1"/><net_sink comp="952" pin=0"/></net>

<net id="956"><net_src comp="952" pin="1"/><net_sink comp="69" pin=57"/></net>

<net id="960"><net_src comp="421" pin="1"/><net_sink comp="957" pin=0"/></net>

<net id="961"><net_src comp="957" pin="1"/><net_sink comp="69" pin=58"/></net>

<net id="965"><net_src comp="425" pin="1"/><net_sink comp="962" pin=0"/></net>

<net id="966"><net_src comp="962" pin="1"/><net_sink comp="131" pin=1"/></net>

<net id="970"><net_src comp="429" pin="1"/><net_sink comp="967" pin=0"/></net>

<net id="971"><net_src comp="967" pin="1"/><net_sink comp="131" pin=2"/></net>

<net id="975"><net_src comp="433" pin="1"/><net_sink comp="972" pin=0"/></net>

<net id="976"><net_src comp="972" pin="1"/><net_sink comp="131" pin=3"/></net>

<net id="980"><net_src comp="437" pin="1"/><net_sink comp="977" pin=0"/></net>

<net id="981"><net_src comp="977" pin="1"/><net_sink comp="131" pin=4"/></net>

<net id="985"><net_src comp="441" pin="1"/><net_sink comp="982" pin=0"/></net>

<net id="986"><net_src comp="982" pin="1"/><net_sink comp="131" pin=5"/></net>

<net id="990"><net_src comp="445" pin="1"/><net_sink comp="987" pin=0"/></net>

<net id="991"><net_src comp="987" pin="1"/><net_sink comp="131" pin=6"/></net>

<net id="995"><net_src comp="449" pin="1"/><net_sink comp="992" pin=0"/></net>

<net id="996"><net_src comp="992" pin="1"/><net_sink comp="131" pin=7"/></net>

<net id="1000"><net_src comp="453" pin="1"/><net_sink comp="997" pin=0"/></net>

<net id="1001"><net_src comp="997" pin="1"/><net_sink comp="131" pin=8"/></net>

<net id="1005"><net_src comp="457" pin="1"/><net_sink comp="1002" pin=0"/></net>

<net id="1006"><net_src comp="1002" pin="1"/><net_sink comp="131" pin=9"/></net>

<net id="1010"><net_src comp="461" pin="1"/><net_sink comp="1007" pin=0"/></net>

<net id="1011"><net_src comp="1007" pin="1"/><net_sink comp="131" pin=10"/></net>

<net id="1015"><net_src comp="465" pin="1"/><net_sink comp="1012" pin=0"/></net>

<net id="1016"><net_src comp="1012" pin="1"/><net_sink comp="131" pin=11"/></net>

<net id="1020"><net_src comp="469" pin="1"/><net_sink comp="1017" pin=0"/></net>

<net id="1021"><net_src comp="1017" pin="1"/><net_sink comp="131" pin=12"/></net>

<net id="1025"><net_src comp="473" pin="1"/><net_sink comp="1022" pin=0"/></net>

<net id="1026"><net_src comp="1022" pin="1"/><net_sink comp="131" pin=13"/></net>

<net id="1030"><net_src comp="477" pin="1"/><net_sink comp="1027" pin=0"/></net>

<net id="1031"><net_src comp="1027" pin="1"/><net_sink comp="131" pin=14"/></net>

<net id="1035"><net_src comp="481" pin="1"/><net_sink comp="1032" pin=0"/></net>

<net id="1036"><net_src comp="1032" pin="1"/><net_sink comp="131" pin=15"/></net>

<net id="1040"><net_src comp="485" pin="1"/><net_sink comp="1037" pin=0"/></net>

<net id="1041"><net_src comp="1037" pin="1"/><net_sink comp="131" pin=16"/></net>

<net id="1045"><net_src comp="489" pin="1"/><net_sink comp="1042" pin=0"/></net>

<net id="1046"><net_src comp="1042" pin="1"/><net_sink comp="131" pin=17"/></net>

<net id="1050"><net_src comp="493" pin="1"/><net_sink comp="1047" pin=0"/></net>

<net id="1051"><net_src comp="1047" pin="1"/><net_sink comp="131" pin=18"/></net>

<net id="1055"><net_src comp="497" pin="1"/><net_sink comp="1052" pin=0"/></net>

<net id="1056"><net_src comp="1052" pin="1"/><net_sink comp="131" pin=19"/></net>

<net id="1060"><net_src comp="501" pin="1"/><net_sink comp="1057" pin=0"/></net>

<net id="1061"><net_src comp="1057" pin="1"/><net_sink comp="131" pin=20"/></net>

<net id="1065"><net_src comp="505" pin="1"/><net_sink comp="1062" pin=0"/></net>

<net id="1066"><net_src comp="1062" pin="1"/><net_sink comp="131" pin=21"/></net>

<net id="1070"><net_src comp="509" pin="1"/><net_sink comp="1067" pin=0"/></net>

<net id="1071"><net_src comp="1067" pin="1"/><net_sink comp="131" pin=22"/></net>

<net id="1075"><net_src comp="513" pin="1"/><net_sink comp="1072" pin=0"/></net>

<net id="1076"><net_src comp="1072" pin="1"/><net_sink comp="131" pin=23"/></net>

<net id="1080"><net_src comp="517" pin="1"/><net_sink comp="1077" pin=0"/></net>

<net id="1081"><net_src comp="1077" pin="1"/><net_sink comp="131" pin=24"/></net>

<net id="1085"><net_src comp="521" pin="1"/><net_sink comp="1082" pin=0"/></net>

<net id="1086"><net_src comp="1082" pin="1"/><net_sink comp="131" pin=25"/></net>

<net id="1090"><net_src comp="525" pin="1"/><net_sink comp="1087" pin=0"/></net>

<net id="1091"><net_src comp="1087" pin="1"/><net_sink comp="131" pin=26"/></net>

<net id="1095"><net_src comp="529" pin="1"/><net_sink comp="1092" pin=0"/></net>

<net id="1096"><net_src comp="1092" pin="1"/><net_sink comp="131" pin=27"/></net>

<net id="1100"><net_src comp="533" pin="1"/><net_sink comp="1097" pin=0"/></net>

<net id="1101"><net_src comp="1097" pin="1"/><net_sink comp="131" pin=28"/></net>

<net id="1105"><net_src comp="537" pin="1"/><net_sink comp="1102" pin=0"/></net>

<net id="1106"><net_src comp="1102" pin="1"/><net_sink comp="131" pin=29"/></net>

<net id="1110"><net_src comp="541" pin="1"/><net_sink comp="1107" pin=0"/></net>

<net id="1111"><net_src comp="1107" pin="1"/><net_sink comp="131" pin=30"/></net>

<net id="1115"><net_src comp="545" pin="1"/><net_sink comp="1112" pin=0"/></net>

<net id="1116"><net_src comp="1112" pin="1"/><net_sink comp="131" pin=31"/></net>

<net id="1120"><net_src comp="549" pin="1"/><net_sink comp="1117" pin=0"/></net>

<net id="1121"><net_src comp="1117" pin="1"/><net_sink comp="131" pin=32"/></net>

<net id="1125"><net_src comp="553" pin="1"/><net_sink comp="1122" pin=0"/></net>

<net id="1126"><net_src comp="1122" pin="1"/><net_sink comp="131" pin=33"/></net>

<net id="1130"><net_src comp="557" pin="1"/><net_sink comp="1127" pin=0"/></net>

<net id="1131"><net_src comp="1127" pin="1"/><net_sink comp="131" pin=34"/></net>

<net id="1135"><net_src comp="561" pin="1"/><net_sink comp="1132" pin=0"/></net>

<net id="1136"><net_src comp="1132" pin="1"/><net_sink comp="131" pin=35"/></net>

<net id="1140"><net_src comp="565" pin="1"/><net_sink comp="1137" pin=0"/></net>

<net id="1141"><net_src comp="1137" pin="1"/><net_sink comp="131" pin=36"/></net>

<net id="1145"><net_src comp="569" pin="1"/><net_sink comp="1142" pin=0"/></net>

<net id="1146"><net_src comp="1142" pin="1"/><net_sink comp="131" pin=37"/></net>

<net id="1150"><net_src comp="573" pin="1"/><net_sink comp="1147" pin=0"/></net>

<net id="1151"><net_src comp="1147" pin="1"/><net_sink comp="131" pin=38"/></net>

<net id="1155"><net_src comp="577" pin="1"/><net_sink comp="1152" pin=0"/></net>

<net id="1156"><net_src comp="1152" pin="1"/><net_sink comp="131" pin=39"/></net>

<net id="1160"><net_src comp="581" pin="1"/><net_sink comp="1157" pin=0"/></net>

<net id="1161"><net_src comp="1157" pin="1"/><net_sink comp="131" pin=40"/></net>

<net id="1165"><net_src comp="585" pin="1"/><net_sink comp="1162" pin=0"/></net>

<net id="1166"><net_src comp="1162" pin="1"/><net_sink comp="131" pin=41"/></net>

<net id="1170"><net_src comp="589" pin="1"/><net_sink comp="1167" pin=0"/></net>

<net id="1171"><net_src comp="1167" pin="1"/><net_sink comp="131" pin=42"/></net>

<net id="1175"><net_src comp="593" pin="1"/><net_sink comp="1172" pin=0"/></net>

<net id="1176"><net_src comp="1172" pin="1"/><net_sink comp="131" pin=43"/></net>

<net id="1180"><net_src comp="597" pin="1"/><net_sink comp="1177" pin=0"/></net>

<net id="1181"><net_src comp="1177" pin="1"/><net_sink comp="131" pin=44"/></net>

<net id="1185"><net_src comp="601" pin="1"/><net_sink comp="1182" pin=0"/></net>

<net id="1186"><net_src comp="1182" pin="1"/><net_sink comp="131" pin=45"/></net>

<net id="1190"><net_src comp="605" pin="1"/><net_sink comp="1187" pin=0"/></net>

<net id="1191"><net_src comp="1187" pin="1"/><net_sink comp="131" pin=46"/></net>

<net id="1195"><net_src comp="609" pin="1"/><net_sink comp="1192" pin=0"/></net>

<net id="1196"><net_src comp="1192" pin="1"/><net_sink comp="131" pin=47"/></net>

<net id="1200"><net_src comp="613" pin="1"/><net_sink comp="1197" pin=0"/></net>

<net id="1201"><net_src comp="1197" pin="1"/><net_sink comp="131" pin=48"/></net>

<net id="1205"><net_src comp="617" pin="1"/><net_sink comp="1202" pin=0"/></net>

<net id="1206"><net_src comp="1202" pin="1"/><net_sink comp="131" pin=49"/></net>

<net id="1210"><net_src comp="621" pin="1"/><net_sink comp="1207" pin=0"/></net>

<net id="1211"><net_src comp="1207" pin="1"/><net_sink comp="131" pin=50"/></net>

<net id="1215"><net_src comp="625" pin="1"/><net_sink comp="1212" pin=0"/></net>

<net id="1216"><net_src comp="1212" pin="1"/><net_sink comp="131" pin=51"/></net>

<net id="1220"><net_src comp="629" pin="1"/><net_sink comp="1217" pin=0"/></net>

<net id="1221"><net_src comp="1217" pin="1"/><net_sink comp="131" pin=52"/></net>

<net id="1225"><net_src comp="633" pin="1"/><net_sink comp="1222" pin=0"/></net>

<net id="1226"><net_src comp="1222" pin="1"/><net_sink comp="131" pin=53"/></net>

<net id="1230"><net_src comp="637" pin="1"/><net_sink comp="1227" pin=0"/></net>

<net id="1231"><net_src comp="1227" pin="1"/><net_sink comp="131" pin=54"/></net>

<net id="1235"><net_src comp="641" pin="1"/><net_sink comp="1232" pin=0"/></net>

<net id="1236"><net_src comp="1232" pin="1"/><net_sink comp="131" pin=55"/></net>

<net id="1240"><net_src comp="645" pin="1"/><net_sink comp="1237" pin=0"/></net>

<net id="1241"><net_src comp="1237" pin="1"/><net_sink comp="131" pin=56"/></net>

<net id="1245"><net_src comp="649" pin="1"/><net_sink comp="1242" pin=0"/></net>

<net id="1246"><net_src comp="1242" pin="1"/><net_sink comp="131" pin=57"/></net>

<net id="1250"><net_src comp="653" pin="1"/><net_sink comp="1247" pin=0"/></net>

<net id="1251"><net_src comp="1247" pin="1"/><net_sink comp="131" pin=58"/></net>

</net_list>

</model> 
---------------- Datapath Model END ------------------

* FSMD analyzer results:
  - Output states:
	Port: layer5_out_0 | {4 }
	Port: layer5_out_1 | {4 }
	Port: layer5_out_2 | {4 }
 - Input state : 
	Port: myproject : input1 | {1 }
  - Chain level:
	State 1
		layer2_out : 1
		layer2_out_1 : 1
		layer2_out_2 : 1
		layer2_out_3 : 1
		layer2_out_4 : 1
		layer2_out_5 : 1
		layer2_out_6 : 1
		layer2_out_7 : 1
		layer2_out_8 : 1
		layer2_out_9 : 1
		layer2_out_10 : 1
		layer2_out_11 : 1
		layer2_out_12 : 1
		layer2_out_13 : 1
		layer2_out_14 : 1
		layer2_out_15 : 1
		layer2_out_16 : 1
		layer2_out_17 : 1
		layer2_out_18 : 1
		layer2_out_19 : 1
		layer2_out_20 : 1
		layer2_out_21 : 1
		layer2_out_22 : 1
		layer2_out_23 : 1
		layer2_out_24 : 1
		layer2_out_25 : 1
		layer2_out_26 : 1
		layer2_out_27 : 1
		layer2_out_28 : 1
		layer2_out_29 : 1
		layer2_out_30 : 1
		layer2_out_31 : 1
		layer2_out_32 : 1
		layer2_out_33 : 1
		layer2_out_34 : 1
		layer2_out_35 : 1
		layer2_out_36 : 1
		layer2_out_37 : 1
		layer2_out_38 : 1
		layer2_out_39 : 1
		layer2_out_40 : 1
		layer2_out_41 : 1
		layer2_out_42 : 1
		layer2_out_43 : 1
		layer2_out_44 : 1
		layer2_out_45 : 1
		layer2_out_46 : 1
		layer2_out_47 : 1
		layer2_out_48 : 1
		layer2_out_49 : 1
		layer2_out_50 : 1
		layer2_out_51 : 1
		layer2_out_52 : 1
		layer2_out_53 : 1
		layer2_out_54 : 1
		layer2_out_55 : 1
		layer2_out_56 : 1
		layer2_out_57 : 1
	State 2
		layer4_out : 1
		layer4_out_1 : 1
		layer4_out_2 : 1
		layer4_out_3 : 1
		layer4_out_4 : 1
		layer4_out_5 : 1
		layer4_out_6 : 1
		layer4_out_7 : 1
		layer4_out_8 : 1
		layer4_out_9 : 1
		layer4_out_10 : 1
		layer4_out_11 : 1
		layer4_out_12 : 1
		layer4_out_13 : 1
		layer4_out_14 : 1
		layer4_out_15 : 1
		layer4_out_16 : 1
		layer4_out_17 : 1
		layer4_out_18 : 1
		layer4_out_19 : 1
		layer4_out_20 : 1
		layer4_out_21 : 1
		layer4_out_22 : 1
		layer4_out_23 : 1
		layer4_out_24 : 1
		layer4_out_25 : 1
		layer4_out_26 : 1
		layer4_out_27 : 1
		layer4_out_28 : 1
		layer4_out_29 : 1
		layer4_out_30 : 1
		layer4_out_31 : 1
		layer4_out_32 : 1
		layer4_out_33 : 1
		layer4_out_34 : 1
		layer4_out_35 : 1
		layer4_out_36 : 1
		layer4_out_37 : 1
		layer4_out_38 : 1
		layer4_out_39 : 1
		layer4_out_40 : 1
		layer4_out_41 : 1
		layer4_out_42 : 1
		layer4_out_43 : 1
		layer4_out_44 : 1
		layer4_out_45 : 1
		layer4_out_46 : 1
		layer4_out_47 : 1
		layer4_out_48 : 1
		layer4_out_49 : 1
		layer4_out_50 : 1
		layer4_out_51 : 1
		layer4_out_52 : 1
		layer4_out_53 : 1
		layer4_out_54 : 1
		layer4_out_55 : 1
		layer4_out_56 : 1
		layer4_out_57 : 1
	State 3
	State 4
		layer5_out_0_ret : 1
		write_ln41 : 2
		layer5_out_1_ret : 1
		write_ln41 : 2
		layer5_out_2_ret : 1
		write_ln41 : 2


============================================================
+ Verbose Summary: Datapath Resource usage 
============================================================

* Functional unit list:
|----------|---------------------------------------------------------------------------------|---------|---------|
| Operation|                                 Functional Unit                                 |    FF   |   LUT   |
|----------|---------------------------------------------------------------------------------|---------|---------|
|          | call_ret1_dense_latency_ap_fixed_16_6_5_3_0_ap_fixed_16_6_5_3_0_config2_s_fu_63 |    0    |  11683  |
|   call   |    call_ret_relu_ap_fixed_16_6_5_3_0_ap_ufixed_8_0_4_0_0_relu_config4_s_fu_69   |    0    |   5742  |
|          |    grp_dense_latency_ap_ufixed_8_0_4_0_0_ap_fixed_16_6_5_3_0_config5_s_fu_131   |   138   |   4592  |
|----------|---------------------------------------------------------------------------------|---------|---------|
|   read   |                              input1_read_read_fu_36                             |    0    |    0    |
|----------|---------------------------------------------------------------------------------|---------|---------|
|          |                              write_ln41_write_fu_42                             |    0    |    0    |
|   write  |                              write_ln41_write_fu_49                             |    0    |    0    |
|          |                              write_ln41_write_fu_56                             |    0    |    0    |
|----------|---------------------------------------------------------------------------------|---------|---------|
|          |                                layer2_out_fu_193                                |    0    |    0    |
|          |                               layer2_out_1_fu_197                               |    0    |    0    |
|          |                               layer2_out_2_fu_201                               |    0    |    0    |
|          |                               layer2_out_3_fu_205                               |    0    |    0    |
|          |                               layer2_out_4_fu_209                               |    0    |    0    |
|          |                               layer2_out_5_fu_213                               |    0    |    0    |
|          |                               layer2_out_6_fu_217                               |    0    |    0    |
|          |                               layer2_out_7_fu_221                               |    0    |    0    |
|          |                               layer2_out_8_fu_225                               |    0    |    0    |
|          |                               layer2_out_9_fu_229                               |    0    |    0    |
|          |                               layer2_out_10_fu_233                              |    0    |    0    |
|          |                               layer2_out_11_fu_237                              |    0    |    0    |
|          |                               layer2_out_12_fu_241                              |    0    |    0    |
|          |                               layer2_out_13_fu_245                              |    0    |    0    |
|          |                               layer2_out_14_fu_249                              |    0    |    0    |
|          |                               layer2_out_15_fu_253                              |    0    |    0    |
|          |                               layer2_out_16_fu_257                              |    0    |    0    |
|          |                               layer2_out_17_fu_261                              |    0    |    0    |
|          |                               layer2_out_18_fu_265                              |    0    |    0    |
|          |                               layer2_out_19_fu_269                              |    0    |    0    |
|          |                               layer2_out_20_fu_273                              |    0    |    0    |
|          |                               layer2_out_21_fu_277                              |    0    |    0    |
|          |                               layer2_out_22_fu_281                              |    0    |    0    |
|          |                               layer2_out_23_fu_285                              |    0    |    0    |
|          |                               layer2_out_24_fu_289                              |    0    |    0    |
|          |                               layer2_out_25_fu_293                              |    0    |    0    |
|          |                               layer2_out_26_fu_297                              |    0    |    0    |
|          |                               layer2_out_27_fu_301                              |    0    |    0    |
|          |                               layer2_out_28_fu_305                              |    0    |    0    |
|          |                               layer2_out_29_fu_309                              |    0    |    0    |
|          |                               layer2_out_30_fu_313                              |    0    |    0    |
|          |                               layer2_out_31_fu_317                              |    0    |    0    |
|          |                               layer2_out_32_fu_321                              |    0    |    0    |
|          |                               layer2_out_33_fu_325                              |    0    |    0    |
|          |                               layer2_out_34_fu_329                              |    0    |    0    |
|          |                               layer2_out_35_fu_333                              |    0    |    0    |
|          |                               layer2_out_36_fu_337                              |    0    |    0    |
|          |                               layer2_out_37_fu_341                              |    0    |    0    |
|          |                               layer2_out_38_fu_345                              |    0    |    0    |
|          |                               layer2_out_39_fu_349                              |    0    |    0    |
|          |                               layer2_out_40_fu_353                              |    0    |    0    |
|          |                               layer2_out_41_fu_357                              |    0    |    0    |
|          |                               layer2_out_42_fu_361                              |    0    |    0    |
|          |                               layer2_out_43_fu_365                              |    0    |    0    |
|          |                               layer2_out_44_fu_369                              |    0    |    0    |
|          |                               layer2_out_45_fu_373                              |    0    |    0    |
|          |                               layer2_out_46_fu_377                              |    0    |    0    |
|          |                               layer2_out_47_fu_381                              |    0    |    0    |
|          |                               layer2_out_48_fu_385                              |    0    |    0    |
|          |                               layer2_out_49_fu_389                              |    0    |    0    |
|          |                               layer2_out_50_fu_393                              |    0    |    0    |
|          |                               layer2_out_51_fu_397                              |    0    |    0    |
|          |                               layer2_out_52_fu_401                              |    0    |    0    |
|          |                               layer2_out_53_fu_405                              |    0    |    0    |
|          |                               layer2_out_54_fu_409                              |    0    |    0    |
|          |                               layer2_out_55_fu_413                              |    0    |    0    |
|          |                               layer2_out_56_fu_417                              |    0    |    0    |
|          |                               layer2_out_57_fu_421                              |    0    |    0    |
|          |                                layer4_out_fu_425                                |    0    |    0    |
|extractvalue|                               layer4_out_1_fu_429                               |    0    |    0    |
|          |                               layer4_out_2_fu_433                               |    0    |    0    |
|          |                               layer4_out_3_fu_437                               |    0    |    0    |
|          |                               layer4_out_4_fu_441                               |    0    |    0    |
|          |                               layer4_out_5_fu_445                               |    0    |    0    |
|          |                               layer4_out_6_fu_449                               |    0    |    0    |
|          |                               layer4_out_7_fu_453                               |    0    |    0    |
|          |                               layer4_out_8_fu_457                               |    0    |    0    |
|          |                               layer4_out_9_fu_461                               |    0    |    0    |
|          |                               layer4_out_10_fu_465                              |    0    |    0    |
|          |                               layer4_out_11_fu_469                              |    0    |    0    |
|          |                               layer4_out_12_fu_473                              |    0    |    0    |
|          |                               layer4_out_13_fu_477                              |    0    |    0    |
|          |                               layer4_out_14_fu_481                              |    0    |    0    |
|          |                               layer4_out_15_fu_485                              |    0    |    0    |
|          |                               layer4_out_16_fu_489                              |    0    |    0    |
|          |                               layer4_out_17_fu_493                              |    0    |    0    |
|          |                               layer4_out_18_fu_497                              |    0    |    0    |
|          |                               layer4_out_19_fu_501                              |    0    |    0    |
|          |                               layer4_out_20_fu_505                              |    0    |    0    |
|          |                               layer4_out_21_fu_509                              |    0    |    0    |
|          |                               layer4_out_22_fu_513                              |    0    |    0    |
|          |                               layer4_out_23_fu_517                              |    0    |    0    |
|          |                               layer4_out_24_fu_521                              |    0    |    0    |
|          |                               layer4_out_25_fu_525                              |    0    |    0    |
|          |                               layer4_out_26_fu_529                              |    0    |    0    |
|          |                               layer4_out_27_fu_533                              |    0    |    0    |
|          |                               layer4_out_28_fu_537                              |    0    |    0    |
|          |                               layer4_out_29_fu_541                              |    0    |    0    |
|          |                               layer4_out_30_fu_545                              |    0    |    0    |
|          |                               layer4_out_31_fu_549                              |    0    |    0    |
|          |                               layer4_out_32_fu_553                              |    0    |    0    |
|          |                               layer4_out_33_fu_557                              |    0    |    0    |
|          |                               layer4_out_34_fu_561                              |    0    |    0    |
|          |                               layer4_out_35_fu_565                              |    0    |    0    |
|          |                               layer4_out_36_fu_569                              |    0    |    0    |
|          |                               layer4_out_37_fu_573                              |    0    |    0    |
|          |                               layer4_out_38_fu_577                              |    0    |    0    |
|          |                               layer4_out_39_fu_581                              |    0    |    0    |
|          |                               layer4_out_40_fu_585                              |    0    |    0    |
|          |                               layer4_out_41_fu_589                              |    0    |    0    |
|          |                               layer4_out_42_fu_593                              |    0    |    0    |
|          |                               layer4_out_43_fu_597                              |    0    |    0    |
|          |                               layer4_out_44_fu_601                              |    0    |    0    |
|          |                               layer4_out_45_fu_605                              |    0    |    0    |
|          |                               layer4_out_46_fu_609                              |    0    |    0    |
|          |                               layer4_out_47_fu_613                              |    0    |    0    |
|          |                               layer4_out_48_fu_617                              |    0    |    0    |
|          |                               layer4_out_49_fu_621                              |    0    |    0    |
|          |                               layer4_out_50_fu_625                              |    0    |    0    |
|          |                               layer4_out_51_fu_629                              |    0    |    0    |
|          |                               layer4_out_52_fu_633                              |    0    |    0    |
|          |                               layer4_out_53_fu_637                              |    0    |    0    |
|          |                               layer4_out_54_fu_641                              |    0    |    0    |
|          |                               layer4_out_55_fu_645                              |    0    |    0    |
|          |                               layer4_out_56_fu_649                              |    0    |    0    |
|          |                               layer4_out_57_fu_653                              |    0    |    0    |
|          |                             layer5_out_0_ret_fu_657                             |    0    |    0    |
|          |                             layer5_out_1_ret_fu_662                             |    0    |    0    |
|          |                             layer5_out_2_ret_fu_667                             |    0    |    0    |
|----------|---------------------------------------------------------------------------------|---------|---------|
|   Total  |                                                                                 |   138   |  22017  |
|----------|---------------------------------------------------------------------------------|---------|---------|

Memories:
N/A

* Register list:
+----------------------+--------+
|                      |   FF   |
+----------------------+--------+
| layer2_out_10_reg_722|   16   |
| layer2_out_11_reg_727|   16   |
| layer2_out_12_reg_732|   16   |
| layer2_out_13_reg_737|   16   |
| layer2_out_14_reg_742|   16   |
| layer2_out_15_reg_747|   16   |
| layer2_out_16_reg_752|   16   |
| layer2_out_17_reg_757|   16   |
| layer2_out_18_reg_762|   16   |
| layer2_out_19_reg_767|   16   |
| layer2_out_1_reg_677 |   16   |
| layer2_out_20_reg_772|   16   |
| layer2_out_21_reg_777|   16   |
| layer2_out_22_reg_782|   16   |
| layer2_out_23_reg_787|   16   |
| layer2_out_24_reg_792|   16   |
| layer2_out_25_reg_797|   16   |
| layer2_out_26_reg_802|   16   |
| layer2_out_27_reg_807|   16   |
| layer2_out_28_reg_812|   16   |
| layer2_out_29_reg_817|   16   |
| layer2_out_2_reg_682 |   16   |
| layer2_out_30_reg_822|   16   |
| layer2_out_31_reg_827|   16   |
| layer2_out_32_reg_832|   16   |
| layer2_out_33_reg_837|   16   |
| layer2_out_34_reg_842|   16   |
| layer2_out_35_reg_847|   16   |
| layer2_out_36_reg_852|   16   |
| layer2_out_37_reg_857|   16   |
| layer2_out_38_reg_862|   16   |
| layer2_out_39_reg_867|   16   |
| layer2_out_3_reg_687 |   16   |
| layer2_out_40_reg_872|   16   |
| layer2_out_41_reg_877|   16   |
| layer2_out_42_reg_882|   16   |
| layer2_out_43_reg_887|   16   |
| layer2_out_44_reg_892|   16   |
| layer2_out_45_reg_897|   16   |
| layer2_out_46_reg_902|   16   |
| layer2_out_47_reg_907|   16   |
| layer2_out_48_reg_912|   16   |
| layer2_out_49_reg_917|   16   |
| layer2_out_4_reg_692 |   16   |
| layer2_out_50_reg_922|   16   |
| layer2_out_51_reg_927|   16   |
| layer2_out_52_reg_932|   16   |
| layer2_out_53_reg_937|   16   |
| layer2_out_54_reg_942|   16   |
| layer2_out_55_reg_947|   16   |
| layer2_out_56_reg_952|   16   |
| layer2_out_57_reg_957|   16   |
| layer2_out_5_reg_697 |   16   |
| layer2_out_6_reg_702 |   16   |
| layer2_out_7_reg_707 |   16   |
| layer2_out_8_reg_712 |   16   |
| layer2_out_9_reg_717 |   16   |
|  layer2_out_reg_672  |   16   |
|layer4_out_10_reg_1012|    8   |
|layer4_out_11_reg_1017|    8   |
|layer4_out_12_reg_1022|    8   |
|layer4_out_13_reg_1027|    8   |
|layer4_out_14_reg_1032|    8   |
|layer4_out_15_reg_1037|    8   |
|layer4_out_16_reg_1042|    8   |
|layer4_out_17_reg_1047|    8   |
|layer4_out_18_reg_1052|    8   |
|layer4_out_19_reg_1057|    8   |
| layer4_out_1_reg_967 |    8   |
|layer4_out_20_reg_1062|    8   |
|layer4_out_21_reg_1067|    8   |
|layer4_out_22_reg_1072|    8   |
|layer4_out_23_reg_1077|    8   |
|layer4_out_24_reg_1082|    8   |
|layer4_out_25_reg_1087|    8   |
|layer4_out_26_reg_1092|    8   |
|layer4_out_27_reg_1097|    8   |
|layer4_out_28_reg_1102|    8   |
|layer4_out_29_reg_1107|    8   |
| layer4_out_2_reg_972 |    8   |
|layer4_out_30_reg_1112|    8   |
|layer4_out_31_reg_1117|    8   |
|layer4_out_32_reg_1122|    8   |
|layer4_out_33_reg_1127|    8   |
|layer4_out_34_reg_1132|    8   |
|layer4_out_35_reg_1137|    8   |
|layer4_out_36_reg_1142|    8   |
|layer4_out_37_reg_1147|    8   |
|layer4_out_38_reg_1152|    8   |
|layer4_out_39_reg_1157|    8   |
| layer4_out_3_reg_977 |    8   |
|layer4_out_40_reg_1162|    8   |
|layer4_out_41_reg_1167|    8   |
|layer4_out_42_reg_1172|    8   |
|layer4_out_43_reg_1177|    8   |
|layer4_out_44_reg_1182|    8   |
|layer4_out_45_reg_1187|    8   |
|layer4_out_46_reg_1192|    8   |
|layer4_out_47_reg_1197|    8   |
|layer4_out_48_reg_1202|    8   |
|layer4_out_49_reg_1207|    8   |
| layer4_out_4_reg_982 |    8   |
|layer4_out_50_reg_1212|    8   |
|layer4_out_51_reg_1217|    8   |
|layer4_out_52_reg_1222|    8   |
|layer4_out_53_reg_1227|    8   |
|layer4_out_54_reg_1232|    8   |
|layer4_out_55_reg_1237|    8   |
|layer4_out_56_reg_1242|    8   |
|layer4_out_57_reg_1247|    8   |
| layer4_out_5_reg_987 |    8   |
| layer4_out_6_reg_992 |    8   |
| layer4_out_7_reg_997 |    8   |
| layer4_out_8_reg_1002|    8   |
| layer4_out_9_reg_1007|    8   |
|  layer4_out_reg_962  |    8   |
+----------------------+--------+
|         Total        |  1392  |
+----------------------+--------+

* Multiplexer (MUX) list: 
|--------|------|------|------|--------|
|  Comp  |  Pin | Size |  BW  | S x BW |
|--------|------|------|------|--------|
|  Total |      |      |      |    0   |
|--------|------|------|------|--------|



* Summary:
+-----------+--------+--------+
|           |   FF   |   LUT  |
+-----------+--------+--------+
|  Function |   138  |  22017 |
|   Memory  |    -   |    -   |
|Multiplexer|    -   |    -   |
|  Register |  1392  |    -   |
+-----------+--------+--------+
|   Total   |  1530  |  22017 |
+-----------+--------+--------+
