

================================================================
== Vitis HLS Report for 'relu_ap_fixed_16_6_5_3_0_ap_ufixed_2_0_4_0_0_relu_config18_s'
================================================================
* Date:           Mon Oct 20 15:01:58 2025

* Version:        2024.1 (Build 5069499 on May 21 2024)
* Project:        myproject_prj
* Solution:       solution1 (Vivado IP Flow Target)
* Product family: zynq
* Target device:  xc7z020-clg400-1


================================================================
== Performance Estimates
================================================================
+ Timing: 
    * Summary: 
    +--------+---------+----------+------------+
    |  Clock |  Target | Estimated| Uncertainty|
    +--------+---------+----------+------------+
    |ap_clk  |  5.00 ns|  3.435 ns|     0.62 ns|
    +--------+---------+----------+------------+

+ Latency: 
    * Summary: 
    +---------+---------+----------+----------+-----+-----+---------+
    |  Latency (cycles) |  Latency (absolute) |  Interval | Pipeline|
    |   min   |   max   |    min   |    max   | min | max |   Type  |
    +---------+---------+----------+----------+-----+-----+---------+
    |        1|        1|  5.000 ns|  5.000 ns|    1|    1|      yes|
    +---------+---------+----------+----------+-----+-----+---------+

    + Detail: 
        * Instance: 
        N/A

        * Loop: 
        N/A



================================================================
== Utilization Estimates
================================================================
* Summary: 
+-----------------+---------+-----+--------+-------+-----+
|       Name      | BRAM_18K| DSP |   FF   |  LUT  | URAM|
+-----------------+---------+-----+--------+-------+-----+
|DSP              |        -|    -|       -|      -|    -|
|Expression       |        -|    -|       0|    427|    -|
|FIFO             |        -|    -|       -|      -|    -|
|Instance         |        -|    -|       -|      -|    -|
|Memory           |        -|    -|       -|      -|    -|
|Multiplexer      |        -|    -|       -|      -|    -|
|Register         |        -|    -|     102|      -|    -|
+-----------------+---------+-----+--------+-------+-----+
|Total            |        0|    0|     102|    427|    0|
+-----------------+---------+-----+--------+-------+-----+
|Available        |      280|  220|  106400|  53200|    0|
+-----------------+---------+-----+--------+-------+-----+
|Utilization (%)  |        0|    0|      ~0|     ~0|    0|
+-----------------+---------+-----+--------+-------+-----+

+ Detail: 
    * Instance: 
    N/A

    * DSP: 
    N/A

    * Memory: 
    N/A

    * FIFO: 
    N/A

    * Expression: 
    +---------------------------+----------+----+---+----+------------+------------+
    |       Variable Name       | Operation| DSP| FF| LUT| Bitwidth P0| Bitwidth P1|
    +---------------------------+----------+----+---+----+------------+------------+
    |add_ln46_36_fu_226_p2      |         +|   0|  0|  10|           2|           2|
    |add_ln46_37_fu_308_p2      |         +|   0|  0|  10|           2|           2|
    |add_ln46_38_fu_390_p2      |         +|   0|  0|  10|           2|           2|
    |add_ln46_39_fu_472_p2      |         +|   0|  0|  10|           2|           2|
    |add_ln46_fu_144_p2         |         +|   0|  0|  10|           2|           2|
    |and_ln46_70_fu_216_p2      |       and|   0|  0|   2|           1|           1|
    |and_ln46_71_fu_298_p2      |       and|   0|  0|   2|           1|           1|
    |and_ln46_72_fu_380_p2      |       and|   0|  0|   2|           1|           1|
    |and_ln46_74_fu_462_p2      |       and|   0|  0|   2|           1|           1|
    |and_ln46_fu_134_p2         |       and|   0|  0|   2|           1|           1|
    |empty_46_fu_606_p2         |       and|   0|  0|   2|           1|           1|
    |empty_47_fu_687_p2         |       and|   0|  0|   2|           1|           1|
    |empty_48_fu_768_p2         |       and|   0|  0|   2|           1|           1|
    |empty_49_fu_849_p2         |       and|   0|  0|   2|           1|           1|
    |empty_fu_525_p2            |       and|   0|  0|   2|           1|           1|
    |icmp_ln45_36_fu_575_p2     |      icmp|   0|  0|  23|          16|           1|
    |icmp_ln45_37_fu_656_p2     |      icmp|   0|  0|  23|          16|           1|
    |icmp_ln45_38_fu_737_p2     |      icmp|   0|  0|  23|          16|           1|
    |icmp_ln45_39_fu_818_p2     |      icmp|   0|  0|  23|          16|           1|
    |icmp_ln45_fu_494_p2        |      icmp|   0|  0|  23|          16|           1|
    |icmp_ln46_73_fu_160_p2     |      icmp|   0|  0|  14|           6|           1|
    |icmp_ln46_74_fu_196_p2     |      icmp|   0|  0|  14|           7|           1|
    |icmp_ln46_75_fu_242_p2     |      icmp|   0|  0|  14|           6|           1|
    |icmp_ln46_76_fu_278_p2     |      icmp|   0|  0|  14|           7|           1|
    |icmp_ln46_77_fu_324_p2     |      icmp|   0|  0|  14|           6|           1|
    |icmp_ln46_78_fu_360_p2     |      icmp|   0|  0|  14|           7|           1|
    |icmp_ln46_79_fu_406_p2     |      icmp|   0|  0|  14|           6|           1|
    |icmp_ln46_80_fu_442_p2     |      icmp|   0|  0|  14|           7|           1|
    |icmp_ln46_81_fu_488_p2     |      icmp|   0|  0|  14|           6|           1|
    |icmp_ln46_fu_114_p2        |      icmp|   0|  0|  14|           7|           1|
    |and_ln46_73_fu_519_p2      |        or|   0|  0|   2|           1|           1|
    |and_ln46_75_fu_600_p2      |        or|   0|  0|   2|           1|           1|
    |and_ln46_77_fu_681_p2      |        or|   0|  0|   2|           1|           1|
    |and_ln46_79_fu_762_p2      |        or|   0|  0|   2|           1|           1|
    |and_ln46_81_fu_843_p2      |        or|   0|  0|   2|           1|           1|
    |or_ln46_110_fu_530_p2      |        or|   0|  0|   2|           1|           1|
    |or_ln46_111_fu_541_p2      |        or|   0|  0|   2|           1|           1|
    |or_ln46_112_fu_210_p2      |        or|   0|  0|   2|           1|           1|
    |or_ln46_113_fu_611_p2      |        or|   0|  0|   2|           1|           1|
    |or_ln46_114_fu_622_p2      |        or|   0|  0|   2|           1|           1|
    |or_ln46_115_fu_292_p2      |        or|   0|  0|   2|           1|           1|
    |or_ln46_116_fu_692_p2      |        or|   0|  0|   2|           1|           1|
    |or_ln46_117_fu_703_p2      |        or|   0|  0|   2|           1|           1|
    |or_ln46_118_fu_374_p2      |        or|   0|  0|   2|           1|           1|
    |or_ln46_119_fu_773_p2      |        or|   0|  0|   2|           1|           1|
    |or_ln46_120_fu_784_p2      |        or|   0|  0|   2|           1|           1|
    |or_ln46_121_fu_456_p2      |        or|   0|  0|   2|           1|           1|
    |or_ln46_122_fu_854_p2      |        or|   0|  0|   2|           1|           1|
    |or_ln46_123_fu_865_p2      |        or|   0|  0|   2|           1|           1|
    |or_ln46_fu_128_p2          |        or|   0|  0|   2|           1|           1|
    |res_0_0_fu_567_p3          |    select|   0|  0|   2|           1|           2|
    |res_1_0_fu_648_p3          |    select|   0|  0|   2|           1|           2|
    |res_4_0_fu_729_p3          |    select|   0|  0|   2|           1|           2|
    |res_5_0_fu_810_p3          |    select|   0|  0|   2|           1|           2|
    |res_6_0_fu_891_p3          |    select|   0|  0|   2|           1|           2|
    |select_ln46_110_fu_552_p3  |    select|   0|  0|   2|           1|           2|
    |select_ln46_111_fu_560_p3  |    select|   0|  0|   2|           1|           2|
    |select_ln46_112_fu_627_p3  |    select|   0|  0|   2|           1|           1|
    |select_ln46_113_fu_633_p3  |    select|   0|  0|   2|           1|           2|
    |select_ln46_114_fu_641_p3  |    select|   0|  0|   2|           1|           2|
    |select_ln46_115_fu_708_p3  |    select|   0|  0|   2|           1|           1|
    |select_ln46_116_fu_714_p3  |    select|   0|  0|   2|           1|           2|
    |select_ln46_117_fu_722_p3  |    select|   0|  0|   2|           1|           2|
    |select_ln46_118_fu_789_p3  |    select|   0|  0|   2|           1|           1|
    |select_ln46_119_fu_795_p3  |    select|   0|  0|   2|           1|           2|
    |select_ln46_120_fu_803_p3  |    select|   0|  0|   2|           1|           2|
    |select_ln46_121_fu_870_p3  |    select|   0|  0|   2|           1|           1|
    |select_ln46_122_fu_876_p3  |    select|   0|  0|   2|           1|           2|
    |select_ln46_123_fu_884_p3  |    select|   0|  0|   2|           1|           2|
    |select_ln46_fu_546_p3      |    select|   0|  0|   2|           1|           1|
    |ap_enable_pp0              |       xor|   0|  0|   2|           1|           2|
    |not_tmp_257_fu_513_p2      |       xor|   0|  0|   2|           1|           2|
    |not_tmp_264_fu_594_p2      |       xor|   0|  0|   2|           1|           2|
    |not_tmp_271_fu_675_p2      |       xor|   0|  0|   2|           1|           2|
    |not_tmp_278_fu_756_p2      |       xor|   0|  0|   2|           1|           2|
    |not_tmp_285_fu_837_p2      |       xor|   0|  0|   2|           1|           2|
    |xor_ln46_36_fu_616_p2      |       xor|   0|  0|   2|           1|           2|
    |xor_ln46_37_fu_697_p2      |       xor|   0|  0|   2|           1|           2|
    |xor_ln46_38_fu_778_p2      |       xor|   0|  0|   2|           1|           2|
    |xor_ln46_39_fu_859_p2      |       xor|   0|  0|   2|           1|           2|
    |xor_ln46_fu_535_p2         |       xor|   0|  0|   2|           1|           2|
    +---------------------------+----------+----+---+----+------------+------------+
    |Total                      |          |   0|  0| 427|         216|         112|
    +---------------------------+----------+----+---+----+------------+------------+

    * Multiplexer: 
    N/A

    * Register: 
    +-------------------------+----+----+-----+-----------+
    |           Name          | FF | LUT| Bits| Const Bits|
    +-------------------------+----+----+-----+-----------+
    |add_ln46_36_reg_985      |   2|   0|    2|          0|
    |add_ln46_37_reg_1004     |   2|   0|    2|          0|
    |add_ln46_38_reg_1023     |   2|   0|    2|          0|
    |add_ln46_39_reg_1042     |   2|   0|    2|          0|
    |add_ln46_reg_966         |   2|   0|    2|          0|
    |ap_CS_fsm                |   1|   0|    1|          0|
    |ap_enable_reg_pp0_iter1  |   1|   0|    1|          0|
    |data_0_val_read_reg_953  |  16|   0|   16|          0|
    |data_1_val_read_reg_947  |  16|   0|   16|          0|
    |data_4_val_read_reg_941  |  16|   0|   16|          0|
    |data_5_val_read_reg_935  |  16|   0|   16|          0|
    |data_6_val_read_reg_929  |  16|   0|   16|          0|
    |icmp_ln46_73_reg_973     |   1|   0|    1|          0|
    |icmp_ln46_75_reg_992     |   1|   0|    1|          0|
    |icmp_ln46_77_reg_1011    |   1|   0|    1|          0|
    |icmp_ln46_79_reg_1030    |   1|   0|    1|          0|
    |icmp_ln46_81_reg_1049    |   1|   0|    1|          0|
    |tmp_222_reg_978          |   1|   0|    1|          0|
    |tmp_227_reg_997          |   1|   0|    1|          0|
    |tmp_233_reg_1016         |   1|   0|    1|          0|
    |tmp_239_reg_1035         |   1|   0|    1|          0|
    |tmp_reg_959              |   1|   0|    1|          0|
    +-------------------------+----+----+-----+-----------+
    |Total                    | 102|   0|  102|          0|
    +-------------------------+----+----+-----+-----------+



================================================================
== Interface
================================================================
* Summary: 
+-------------+-----+-----+------------+-------------------------------------------------------------------------+--------------+
|  RTL Ports  | Dir | Bits|  Protocol  |                              Source Object                              |    C Type    |
+-------------+-----+-----+------------+-------------------------------------------------------------------------+--------------+
|ap_clk       |   in|    1|  ap_ctrl_hs|  relu<ap_fixed<16, 6, 5, 3, 0>, ap_ufixed<2, 0, 4, 0, 0>, relu_config18>|  return value|
|ap_rst       |   in|    1|  ap_ctrl_hs|  relu<ap_fixed<16, 6, 5, 3, 0>, ap_ufixed<2, 0, 4, 0, 0>, relu_config18>|  return value|
|ap_start     |   in|    1|  ap_ctrl_hs|  relu<ap_fixed<16, 6, 5, 3, 0>, ap_ufixed<2, 0, 4, 0, 0>, relu_config18>|  return value|
|ap_done      |  out|    1|  ap_ctrl_hs|  relu<ap_fixed<16, 6, 5, 3, 0>, ap_ufixed<2, 0, 4, 0, 0>, relu_config18>|  return value|
|ap_idle      |  out|    1|  ap_ctrl_hs|  relu<ap_fixed<16, 6, 5, 3, 0>, ap_ufixed<2, 0, 4, 0, 0>, relu_config18>|  return value|
|ap_ready     |  out|    1|  ap_ctrl_hs|  relu<ap_fixed<16, 6, 5, 3, 0>, ap_ufixed<2, 0, 4, 0, 0>, relu_config18>|  return value|
|ap_ce        |   in|    1|  ap_ctrl_hs|  relu<ap_fixed<16, 6, 5, 3, 0>, ap_ufixed<2, 0, 4, 0, 0>, relu_config18>|  return value|
|ap_return_0  |  out|    2|  ap_ctrl_hs|  relu<ap_fixed<16, 6, 5, 3, 0>, ap_ufixed<2, 0, 4, 0, 0>, relu_config18>|  return value|
|ap_return_1  |  out|    2|  ap_ctrl_hs|  relu<ap_fixed<16, 6, 5, 3, 0>, ap_ufixed<2, 0, 4, 0, 0>, relu_config18>|  return value|
|ap_return_2  |  out|    2|  ap_ctrl_hs|  relu<ap_fixed<16, 6, 5, 3, 0>, ap_ufixed<2, 0, 4, 0, 0>, relu_config18>|  return value|
|ap_return_3  |  out|    2|  ap_ctrl_hs|  relu<ap_fixed<16, 6, 5, 3, 0>, ap_ufixed<2, 0, 4, 0, 0>, relu_config18>|  return value|
|ap_return_4  |  out|    2|  ap_ctrl_hs|  relu<ap_fixed<16, 6, 5, 3, 0>, ap_ufixed<2, 0, 4, 0, 0>, relu_config18>|  return value|
|data_0_val   |   in|   16|     ap_none|                                                               data_0_val|        scalar|
|data_1_val   |   in|   16|     ap_none|                                                               data_1_val|        scalar|
|data_4_val   |   in|   16|     ap_none|                                                               data_4_val|        scalar|
|data_5_val   |   in|   16|     ap_none|                                                               data_5_val|        scalar|
|data_6_val   |   in|   16|     ap_none|                                                               data_6_val|        scalar|
+-------------+-----+-----+------------+-------------------------------------------------------------------------+--------------+

============================================================
+ Verbose Summary: Synthesis Manager
============================================================
InlineROM: 1
ExposeGlobal: 0
============================================================
+ Verbose Summary: CDFG Model
============================================================
IsTopModel: 0
ResetActiveHigh: 1
IsCombinational: 2
IsDatapathOnly: 2
HasWiredReturn: 1
HasMFsm: 2
HasVarLatency: 0
IsPipeline: 1
IsRtlPipelined: 1
IsInstanceOverlapped: 0
IsDontTouch: 0
HasImplIP: 0
IsGatedGlobalClock: 0

+ Individual pipeline summary: 
  * Pipeline-0: initiation interval (II) = 1, depth = 2


============================================================
+ Verbose Summary: Schedule
============================================================
* Number of FSM states : 2
* Pipeline : 1
  Pipeline-0 : II = 1, D = 2, States = { 1 2 }
* Dataflow Pipeline: 0

* FSM state transitions: 
1 --> 2 
2 --> 

* FSM state operations: 

State 1 <SV = 0> <Delay = 3.43>
ST_1 : Operation 3 [1/1] (0.00ns)   --->   "%data_6_val_read = read i16 @_ssdm_op_Read.ap_auto.i16, i16 %data_6_val" [firmware/nnet_utils/nnet_activation.h:42]   --->   Operation 3 'read' 'data_6_val_read' <Predicate = true> <Delay = 0.00>
ST_1 : Operation 4 [1/1] (0.00ns)   --->   "%data_5_val_read = read i16 @_ssdm_op_Read.ap_auto.i16, i16 %data_5_val" [firmware/nnet_utils/nnet_activation.h:42]   --->   Operation 4 'read' 'data_5_val_read' <Predicate = true> <Delay = 0.00>
ST_1 : Operation 5 [1/1] (0.00ns)   --->   "%data_4_val_read = read i16 @_ssdm_op_Read.ap_auto.i16, i16 %data_4_val" [firmware/nnet_utils/nnet_activation.h:42]   --->   Operation 5 'read' 'data_4_val_read' <Predicate = true> <Delay = 0.00>
ST_1 : Operation 6 [1/1] (0.00ns)   --->   "%data_1_val_read = read i16 @_ssdm_op_Read.ap_auto.i16, i16 %data_1_val" [firmware/nnet_utils/nnet_activation.h:42]   --->   Operation 6 'read' 'data_1_val_read' <Predicate = true> <Delay = 0.00>
ST_1 : Operation 7 [1/1] (0.00ns)   --->   "%data_0_val_read = read i16 @_ssdm_op_Read.ap_auto.i16, i16 %data_0_val" [firmware/nnet_utils/nnet_activation.h:42]   --->   Operation 7 'read' 'data_0_val_read' <Predicate = true> <Delay = 0.00>
ST_1 : Operation 8 [1/1] (0.00ns)   --->   "%tmp = bitselect i1 @_ssdm_op_BitSelect.i1.i16.i32, i16 %data_0_val_read, i32 15" [firmware/nnet_utils/nnet_activation.h:46]   --->   Operation 8 'bitselect' 'tmp' <Predicate = true> <Delay = 0.00>
ST_1 : Operation 9 [1/1] (0.00ns) (grouped into LUT with out node add_ln46)   --->   "%trunc_ln = partselect i2 @_ssdm_op_PartSelect.i2.i16.i32.i32, i16 %data_0_val_read, i32 8, i32 9" [firmware/nnet_utils/nnet_activation.h:46]   --->   Operation 9 'partselect' 'trunc_ln' <Predicate = true> <Delay = 0.00>
ST_1 : Operation 10 [1/1] (0.00ns) (grouped into LUT with out node add_ln46)   --->   "%tmp_218 = bitselect i1 @_ssdm_op_BitSelect.i1.i16.i32, i16 %data_0_val_read, i32 7" [firmware/nnet_utils/nnet_activation.h:46]   --->   Operation 10 'bitselect' 'tmp_218' <Predicate = true> <Delay = 0.00>
ST_1 : Operation 11 [1/1] (0.00ns)   --->   "%trunc_ln46 = trunc i16 %data_0_val_read" [firmware/nnet_utils/nnet_activation.h:46]   --->   Operation 11 'trunc' 'trunc_ln46' <Predicate = true> <Delay = 0.00>
ST_1 : Operation 12 [1/1] (1.87ns)   --->   "%icmp_ln46 = icmp_ne  i7 %trunc_ln46, i7 0" [firmware/nnet_utils/nnet_activation.h:46]   --->   Operation 12 'icmp' 'icmp_ln46' <Predicate = true> <Delay = 1.87> <CoreInst = "Cmp">   --->   Core 9 'Cmp' <Latency = 0> <II = 1> <Delay = 1.87> <FuncUnit> <Opcode : 'seteq' 'setne' 'setle' 'setge' 'setlt' 'setgt'> <InPorts = 2> <OutPorts = 1>
ST_1 : Operation 13 [1/1] (0.00ns) (grouped into LUT with out node add_ln46)   --->   "%tmp_220 = bitselect i1 @_ssdm_op_BitSelect.i1.i16.i32, i16 %data_0_val_read, i32 8" [firmware/nnet_utils/nnet_activation.h:46]   --->   Operation 13 'bitselect' 'tmp_220' <Predicate = true> <Delay = 0.00>
ST_1 : Operation 14 [1/1] (0.00ns) (grouped into LUT with out node add_ln46)   --->   "%or_ln46 = or i1 %tmp_220, i1 %icmp_ln46" [firmware/nnet_utils/nnet_activation.h:46]   --->   Operation 14 'or' 'or_ln46' <Predicate = true> <Delay = 0.00> <CoreInst = "LogicGate">   --->   Core 74 'LogicGate' <Latency = 0> <II = 1> <Delay = 0.97> <FuncUnit> <Opcode : 'and' 'or' 'xor'> <InPorts = 2> <OutPorts = 1>
ST_1 : Operation 15 [1/1] (0.00ns) (grouped into LUT with out node add_ln46)   --->   "%and_ln46 = and i1 %or_ln46, i1 %tmp_218" [firmware/nnet_utils/nnet_activation.h:46]   --->   Operation 15 'and' 'and_ln46' <Predicate = true> <Delay = 0.00> <CoreInst = "LogicGate">   --->   Core 74 'LogicGate' <Latency = 0> <II = 1> <Delay = 0.97> <FuncUnit> <Opcode : 'and' 'or' 'xor'> <InPorts = 2> <OutPorts = 1>
ST_1 : Operation 16 [1/1] (0.00ns) (grouped into LUT with out node add_ln46)   --->   "%zext_ln46 = zext i1 %and_ln46" [firmware/nnet_utils/nnet_activation.h:46]   --->   Operation 16 'zext' 'zext_ln46' <Predicate = true> <Delay = 0.00>
ST_1 : Operation 17 [1/1] (1.56ns) (out node of the LUT)   --->   "%add_ln46 = add i2 %trunc_ln, i2 %zext_ln46" [firmware/nnet_utils/nnet_activation.h:46]   --->   Operation 17 'add' 'add_ln46' <Predicate = true> <Delay = 1.56> <CoreInst = "Adder">   --->   Core 1 'Adder' <Latency = 0> <II = 1> <Delay = 1.56> <FuncUnit> <Opcode : 'add' 'sub'> <InPorts = 2> <OutPorts = 1>
ST_1 : Operation 18 [1/1] (0.00ns)   --->   "%tmp_s = partselect i6 @_ssdm_op_PartSelect.i6.i16.i32.i32, i16 %data_0_val_read, i32 10, i32 15" [firmware/nnet_utils/nnet_activation.h:46]   --->   Operation 18 'partselect' 'tmp_s' <Predicate = true> <Delay = 0.00>
ST_1 : Operation 19 [1/1] (1.82ns)   --->   "%icmp_ln46_73 = icmp_eq  i6 %tmp_s, i6 0" [firmware/nnet_utils/nnet_activation.h:46]   --->   Operation 19 'icmp' 'icmp_ln46_73' <Predicate = true> <Delay = 1.82> <CoreInst = "Cmp">   --->   Core 9 'Cmp' <Latency = 0> <II = 1> <Delay = 1.82> <FuncUnit> <Opcode : 'seteq' 'setne' 'setle' 'setge' 'setlt' 'setgt'> <InPorts = 2> <OutPorts = 1>
ST_1 : Operation 20 [1/1] (0.00ns)   --->   "%tmp_222 = bitselect i1 @_ssdm_op_BitSelect.i1.i16.i32, i16 %data_1_val_read, i32 15" [firmware/nnet_utils/nnet_activation.h:46]   --->   Operation 20 'bitselect' 'tmp_222' <Predicate = true> <Delay = 0.00>
ST_1 : Operation 21 [1/1] (0.00ns) (grouped into LUT with out node add_ln46_36)   --->   "%trunc_ln46_s = partselect i2 @_ssdm_op_PartSelect.i2.i16.i32.i32, i16 %data_1_val_read, i32 8, i32 9" [firmware/nnet_utils/nnet_activation.h:46]   --->   Operation 21 'partselect' 'trunc_ln46_s' <Predicate = true> <Delay = 0.00>
ST_1 : Operation 22 [1/1] (0.00ns) (grouped into LUT with out node add_ln46_36)   --->   "%tmp_223 = bitselect i1 @_ssdm_op_BitSelect.i1.i16.i32, i16 %data_1_val_read, i32 7" [firmware/nnet_utils/nnet_activation.h:46]   --->   Operation 22 'bitselect' 'tmp_223' <Predicate = true> <Delay = 0.00>
ST_1 : Operation 23 [1/1] (0.00ns)   --->   "%trunc_ln46_54 = trunc i16 %data_1_val_read" [firmware/nnet_utils/nnet_activation.h:46]   --->   Operation 23 'trunc' 'trunc_ln46_54' <Predicate = true> <Delay = 0.00>
ST_1 : Operation 24 [1/1] (1.87ns)   --->   "%icmp_ln46_74 = icmp_ne  i7 %trunc_ln46_54, i7 0" [firmware/nnet_utils/nnet_activation.h:46]   --->   Operation 24 'icmp' 'icmp_ln46_74' <Predicate = true> <Delay = 1.87> <CoreInst = "Cmp">   --->   Core 9 'Cmp' <Latency = 0> <II = 1> <Delay = 1.87> <FuncUnit> <Opcode : 'seteq' 'setne' 'setle' 'setge' 'setlt' 'setgt'> <InPorts = 2> <OutPorts = 1>
ST_1 : Operation 25 [1/1] (0.00ns) (grouped into LUT with out node add_ln46_36)   --->   "%tmp_225 = bitselect i1 @_ssdm_op_BitSelect.i1.i16.i32, i16 %data_1_val_read, i32 8" [firmware/nnet_utils/nnet_activation.h:46]   --->   Operation 25 'bitselect' 'tmp_225' <Predicate = true> <Delay = 0.00>
ST_1 : Operation 26 [1/1] (0.00ns) (grouped into LUT with out node add_ln46_36)   --->   "%or_ln46_112 = or i1 %tmp_225, i1 %icmp_ln46_74" [firmware/nnet_utils/nnet_activation.h:46]   --->   Operation 26 'or' 'or_ln46_112' <Predicate = true> <Delay = 0.00> <CoreInst = "LogicGate">   --->   Core 74 'LogicGate' <Latency = 0> <II = 1> <Delay = 0.97> <FuncUnit> <Opcode : 'and' 'or' 'xor'> <InPorts = 2> <OutPorts = 1>
ST_1 : Operation 27 [1/1] (0.00ns) (grouped into LUT with out node add_ln46_36)   --->   "%and_ln46_70 = and i1 %or_ln46_112, i1 %tmp_223" [firmware/nnet_utils/nnet_activation.h:46]   --->   Operation 27 'and' 'and_ln46_70' <Predicate = true> <Delay = 0.00> <CoreInst = "LogicGate">   --->   Core 74 'LogicGate' <Latency = 0> <II = 1> <Delay = 0.97> <FuncUnit> <Opcode : 'and' 'or' 'xor'> <InPorts = 2> <OutPorts = 1>
ST_1 : Operation 28 [1/1] (0.00ns) (grouped into LUT with out node add_ln46_36)   --->   "%zext_ln46_36 = zext i1 %and_ln46_70" [firmware/nnet_utils/nnet_activation.h:46]   --->   Operation 28 'zext' 'zext_ln46_36' <Predicate = true> <Delay = 0.00>
ST_1 : Operation 29 [1/1] (1.56ns) (out node of the LUT)   --->   "%add_ln46_36 = add i2 %trunc_ln46_s, i2 %zext_ln46_36" [firmware/nnet_utils/nnet_activation.h:46]   --->   Operation 29 'add' 'add_ln46_36' <Predicate = true> <Delay = 1.56> <CoreInst = "Adder">   --->   Core 1 'Adder' <Latency = 0> <II = 1> <Delay = 1.56> <FuncUnit> <Opcode : 'add' 'sub'> <InPorts = 2> <OutPorts = 1>
ST_1 : Operation 30 [1/1] (0.00ns)   --->   "%tmp_217 = partselect i6 @_ssdm_op_PartSelect.i6.i16.i32.i32, i16 %data_1_val_read, i32 10, i32 15" [firmware/nnet_utils/nnet_activation.h:46]   --->   Operation 30 'partselect' 'tmp_217' <Predicate = true> <Delay = 0.00>
ST_1 : Operation 31 [1/1] (1.82ns)   --->   "%icmp_ln46_75 = icmp_eq  i6 %tmp_217, i6 0" [firmware/nnet_utils/nnet_activation.h:46]   --->   Operation 31 'icmp' 'icmp_ln46_75' <Predicate = true> <Delay = 1.82> <CoreInst = "Cmp">   --->   Core 9 'Cmp' <Latency = 0> <II = 1> <Delay = 1.82> <FuncUnit> <Opcode : 'seteq' 'setne' 'setle' 'setge' 'setlt' 'setgt'> <InPorts = 2> <OutPorts = 1>
ST_1 : Operation 32 [1/1] (0.00ns)   --->   "%tmp_227 = bitselect i1 @_ssdm_op_BitSelect.i1.i16.i32, i16 %data_4_val_read, i32 15" [firmware/nnet_utils/nnet_activation.h:46]   --->   Operation 32 'bitselect' 'tmp_227' <Predicate = true> <Delay = 0.00>
ST_1 : Operation 33 [1/1] (0.00ns) (grouped into LUT with out node add_ln46_37)   --->   "%trunc_ln46_34 = partselect i2 @_ssdm_op_PartSelect.i2.i16.i32.i32, i16 %data_4_val_read, i32 8, i32 9" [firmware/nnet_utils/nnet_activation.h:46]   --->   Operation 33 'partselect' 'trunc_ln46_34' <Predicate = true> <Delay = 0.00>
ST_1 : Operation 34 [1/1] (0.00ns) (grouped into LUT with out node add_ln46_37)   --->   "%tmp_228 = bitselect i1 @_ssdm_op_BitSelect.i1.i16.i32, i16 %data_4_val_read, i32 7" [firmware/nnet_utils/nnet_activation.h:46]   --->   Operation 34 'bitselect' 'tmp_228' <Predicate = true> <Delay = 0.00>
ST_1 : Operation 35 [1/1] (0.00ns)   --->   "%trunc_ln46_55 = trunc i16 %data_4_val_read" [firmware/nnet_utils/nnet_activation.h:46]   --->   Operation 35 'trunc' 'trunc_ln46_55' <Predicate = true> <Delay = 0.00>
ST_1 : Operation 36 [1/1] (1.87ns)   --->   "%icmp_ln46_76 = icmp_ne  i7 %trunc_ln46_55, i7 0" [firmware/nnet_utils/nnet_activation.h:46]   --->   Operation 36 'icmp' 'icmp_ln46_76' <Predicate = true> <Delay = 1.87> <CoreInst = "Cmp">   --->   Core 9 'Cmp' <Latency = 0> <II = 1> <Delay = 1.87> <FuncUnit> <Opcode : 'seteq' 'setne' 'setle' 'setge' 'setlt' 'setgt'> <InPorts = 2> <OutPorts = 1>
ST_1 : Operation 37 [1/1] (0.00ns) (grouped into LUT with out node add_ln46_37)   --->   "%tmp_230 = bitselect i1 @_ssdm_op_BitSelect.i1.i16.i32, i16 %data_4_val_read, i32 8" [firmware/nnet_utils/nnet_activation.h:46]   --->   Operation 37 'bitselect' 'tmp_230' <Predicate = true> <Delay = 0.00>
ST_1 : Operation 38 [1/1] (0.00ns) (grouped into LUT with out node add_ln46_37)   --->   "%or_ln46_115 = or i1 %tmp_230, i1 %icmp_ln46_76" [firmware/nnet_utils/nnet_activation.h:46]   --->   Operation 38 'or' 'or_ln46_115' <Predicate = true> <Delay = 0.00> <CoreInst = "LogicGate">   --->   Core 74 'LogicGate' <Latency = 0> <II = 1> <Delay = 0.97> <FuncUnit> <Opcode : 'and' 'or' 'xor'> <InPorts = 2> <OutPorts = 1>
ST_1 : Operation 39 [1/1] (0.00ns) (grouped into LUT with out node add_ln46_37)   --->   "%and_ln46_71 = and i1 %or_ln46_115, i1 %tmp_228" [firmware/nnet_utils/nnet_activation.h:46]   --->   Operation 39 'and' 'and_ln46_71' <Predicate = true> <Delay = 0.00> <CoreInst = "LogicGate">   --->   Core 74 'LogicGate' <Latency = 0> <II = 1> <Delay = 0.97> <FuncUnit> <Opcode : 'and' 'or' 'xor'> <InPorts = 2> <OutPorts = 1>
ST_1 : Operation 40 [1/1] (0.00ns) (grouped into LUT with out node add_ln46_37)   --->   "%zext_ln46_37 = zext i1 %and_ln46_71" [firmware/nnet_utils/nnet_activation.h:46]   --->   Operation 40 'zext' 'zext_ln46_37' <Predicate = true> <Delay = 0.00>
ST_1 : Operation 41 [1/1] (1.56ns) (out node of the LUT)   --->   "%add_ln46_37 = add i2 %trunc_ln46_34, i2 %zext_ln46_37" [firmware/nnet_utils/nnet_activation.h:46]   --->   Operation 41 'add' 'add_ln46_37' <Predicate = true> <Delay = 1.56> <CoreInst = "Adder">   --->   Core 1 'Adder' <Latency = 0> <II = 1> <Delay = 1.56> <FuncUnit> <Opcode : 'add' 'sub'> <InPorts = 2> <OutPorts = 1>
ST_1 : Operation 42 [1/1] (0.00ns)   --->   "%tmp_231 = partselect i6 @_ssdm_op_PartSelect.i6.i16.i32.i32, i16 %data_4_val_read, i32 10, i32 15" [firmware/nnet_utils/nnet_activation.h:46]   --->   Operation 42 'partselect' 'tmp_231' <Predicate = true> <Delay = 0.00>
ST_1 : Operation 43 [1/1] (1.82ns)   --->   "%icmp_ln46_77 = icmp_eq  i6 %tmp_231, i6 0" [firmware/nnet_utils/nnet_activation.h:46]   --->   Operation 43 'icmp' 'icmp_ln46_77' <Predicate = true> <Delay = 1.82> <CoreInst = "Cmp">   --->   Core 9 'Cmp' <Latency = 0> <II = 1> <Delay = 1.82> <FuncUnit> <Opcode : 'seteq' 'setne' 'setle' 'setge' 'setlt' 'setgt'> <InPorts = 2> <OutPorts = 1>
ST_1 : Operation 44 [1/1] (0.00ns)   --->   "%tmp_233 = bitselect i1 @_ssdm_op_BitSelect.i1.i16.i32, i16 %data_5_val_read, i32 15" [firmware/nnet_utils/nnet_activation.h:46]   --->   Operation 44 'bitselect' 'tmp_233' <Predicate = true> <Delay = 0.00>
ST_1 : Operation 45 [1/1] (0.00ns) (grouped into LUT with out node add_ln46_38)   --->   "%trunc_ln46_35 = partselect i2 @_ssdm_op_PartSelect.i2.i16.i32.i32, i16 %data_5_val_read, i32 8, i32 9" [firmware/nnet_utils/nnet_activation.h:46]   --->   Operation 45 'partselect' 'trunc_ln46_35' <Predicate = true> <Delay = 0.00>
ST_1 : Operation 46 [1/1] (0.00ns) (grouped into LUT with out node add_ln46_38)   --->   "%tmp_234 = bitselect i1 @_ssdm_op_BitSelect.i1.i16.i32, i16 %data_5_val_read, i32 7" [firmware/nnet_utils/nnet_activation.h:46]   --->   Operation 46 'bitselect' 'tmp_234' <Predicate = true> <Delay = 0.00>
ST_1 : Operation 47 [1/1] (0.00ns)   --->   "%trunc_ln46_56 = trunc i16 %data_5_val_read" [firmware/nnet_utils/nnet_activation.h:46]   --->   Operation 47 'trunc' 'trunc_ln46_56' <Predicate = true> <Delay = 0.00>
ST_1 : Operation 48 [1/1] (1.87ns)   --->   "%icmp_ln46_78 = icmp_ne  i7 %trunc_ln46_56, i7 0" [firmware/nnet_utils/nnet_activation.h:46]   --->   Operation 48 'icmp' 'icmp_ln46_78' <Predicate = true> <Delay = 1.87> <CoreInst = "Cmp">   --->   Core 9 'Cmp' <Latency = 0> <II = 1> <Delay = 1.87> <FuncUnit> <Opcode : 'seteq' 'setne' 'setle' 'setge' 'setlt' 'setgt'> <InPorts = 2> <OutPorts = 1>
ST_1 : Operation 49 [1/1] (0.00ns) (grouped into LUT with out node add_ln46_38)   --->   "%tmp_236 = bitselect i1 @_ssdm_op_BitSelect.i1.i16.i32, i16 %data_5_val_read, i32 8" [firmware/nnet_utils/nnet_activation.h:46]   --->   Operation 49 'bitselect' 'tmp_236' <Predicate = true> <Delay = 0.00>
ST_1 : Operation 50 [1/1] (0.00ns) (grouped into LUT with out node add_ln46_38)   --->   "%or_ln46_118 = or i1 %tmp_236, i1 %icmp_ln46_78" [firmware/nnet_utils/nnet_activation.h:46]   --->   Operation 50 'or' 'or_ln46_118' <Predicate = true> <Delay = 0.00> <CoreInst = "LogicGate">   --->   Core 74 'LogicGate' <Latency = 0> <II = 1> <Delay = 0.97> <FuncUnit> <Opcode : 'and' 'or' 'xor'> <InPorts = 2> <OutPorts = 1>
ST_1 : Operation 51 [1/1] (0.00ns) (grouped into LUT with out node add_ln46_38)   --->   "%and_ln46_72 = and i1 %or_ln46_118, i1 %tmp_234" [firmware/nnet_utils/nnet_activation.h:46]   --->   Operation 51 'and' 'and_ln46_72' <Predicate = true> <Delay = 0.00> <CoreInst = "LogicGate">   --->   Core 74 'LogicGate' <Latency = 0> <II = 1> <Delay = 0.97> <FuncUnit> <Opcode : 'and' 'or' 'xor'> <InPorts = 2> <OutPorts = 1>
ST_1 : Operation 52 [1/1] (0.00ns) (grouped into LUT with out node add_ln46_38)   --->   "%zext_ln46_38 = zext i1 %and_ln46_72" [firmware/nnet_utils/nnet_activation.h:46]   --->   Operation 52 'zext' 'zext_ln46_38' <Predicate = true> <Delay = 0.00>
ST_1 : Operation 53 [1/1] (1.56ns) (out node of the LUT)   --->   "%add_ln46_38 = add i2 %trunc_ln46_35, i2 %zext_ln46_38" [firmware/nnet_utils/nnet_activation.h:46]   --->   Operation 53 'add' 'add_ln46_38' <Predicate = true> <Delay = 1.56> <CoreInst = "Adder">   --->   Core 1 'Adder' <Latency = 0> <II = 1> <Delay = 1.56> <FuncUnit> <Opcode : 'add' 'sub'> <InPorts = 2> <OutPorts = 1>
ST_1 : Operation 54 [1/1] (0.00ns)   --->   "%tmp_237 = partselect i6 @_ssdm_op_PartSelect.i6.i16.i32.i32, i16 %data_5_val_read, i32 10, i32 15" [firmware/nnet_utils/nnet_activation.h:46]   --->   Operation 54 'partselect' 'tmp_237' <Predicate = true> <Delay = 0.00>
ST_1 : Operation 55 [1/1] (1.82ns)   --->   "%icmp_ln46_79 = icmp_eq  i6 %tmp_237, i6 0" [firmware/nnet_utils/nnet_activation.h:46]   --->   Operation 55 'icmp' 'icmp_ln46_79' <Predicate = true> <Delay = 1.82> <CoreInst = "Cmp">   --->   Core 9 'Cmp' <Latency = 0> <II = 1> <Delay = 1.82> <FuncUnit> <Opcode : 'seteq' 'setne' 'setle' 'setge' 'setlt' 'setgt'> <InPorts = 2> <OutPorts = 1>
ST_1 : Operation 56 [1/1] (0.00ns)   --->   "%tmp_239 = bitselect i1 @_ssdm_op_BitSelect.i1.i16.i32, i16 %data_6_val_read, i32 15" [firmware/nnet_utils/nnet_activation.h:46]   --->   Operation 56 'bitselect' 'tmp_239' <Predicate = true> <Delay = 0.00>
ST_1 : Operation 57 [1/1] (0.00ns) (grouped into LUT with out node add_ln46_39)   --->   "%trunc_ln46_36 = partselect i2 @_ssdm_op_PartSelect.i2.i16.i32.i32, i16 %data_6_val_read, i32 8, i32 9" [firmware/nnet_utils/nnet_activation.h:46]   --->   Operation 57 'partselect' 'trunc_ln46_36' <Predicate = true> <Delay = 0.00>
ST_1 : Operation 58 [1/1] (0.00ns) (grouped into LUT with out node add_ln46_39)   --->   "%tmp_240 = bitselect i1 @_ssdm_op_BitSelect.i1.i16.i32, i16 %data_6_val_read, i32 7" [firmware/nnet_utils/nnet_activation.h:46]   --->   Operation 58 'bitselect' 'tmp_240' <Predicate = true> <Delay = 0.00>
ST_1 : Operation 59 [1/1] (0.00ns)   --->   "%trunc_ln46_57 = trunc i16 %data_6_val_read" [firmware/nnet_utils/nnet_activation.h:46]   --->   Operation 59 'trunc' 'trunc_ln46_57' <Predicate = true> <Delay = 0.00>
ST_1 : Operation 60 [1/1] (1.87ns)   --->   "%icmp_ln46_80 = icmp_ne  i7 %trunc_ln46_57, i7 0" [firmware/nnet_utils/nnet_activation.h:46]   --->   Operation 60 'icmp' 'icmp_ln46_80' <Predicate = true> <Delay = 1.87> <CoreInst = "Cmp">   --->   Core 9 'Cmp' <Latency = 0> <II = 1> <Delay = 1.87> <FuncUnit> <Opcode : 'seteq' 'setne' 'setle' 'setge' 'setlt' 'setgt'> <InPorts = 2> <OutPorts = 1>
ST_1 : Operation 61 [1/1] (0.00ns) (grouped into LUT with out node add_ln46_39)   --->   "%tmp_242 = bitselect i1 @_ssdm_op_BitSelect.i1.i16.i32, i16 %data_6_val_read, i32 8" [firmware/nnet_utils/nnet_activation.h:46]   --->   Operation 61 'bitselect' 'tmp_242' <Predicate = true> <Delay = 0.00>
ST_1 : Operation 62 [1/1] (0.00ns) (grouped into LUT with out node add_ln46_39)   --->   "%or_ln46_121 = or i1 %tmp_242, i1 %icmp_ln46_80" [firmware/nnet_utils/nnet_activation.h:46]   --->   Operation 62 'or' 'or_ln46_121' <Predicate = true> <Delay = 0.00> <CoreInst = "LogicGate">   --->   Core 74 'LogicGate' <Latency = 0> <II = 1> <Delay = 0.97> <FuncUnit> <Opcode : 'and' 'or' 'xor'> <InPorts = 2> <OutPorts = 1>
ST_1 : Operation 63 [1/1] (0.00ns) (grouped into LUT with out node add_ln46_39)   --->   "%and_ln46_74 = and i1 %or_ln46_121, i1 %tmp_240" [firmware/nnet_utils/nnet_activation.h:46]   --->   Operation 63 'and' 'and_ln46_74' <Predicate = true> <Delay = 0.00> <CoreInst = "LogicGate">   --->   Core 74 'LogicGate' <Latency = 0> <II = 1> <Delay = 0.97> <FuncUnit> <Opcode : 'and' 'or' 'xor'> <InPorts = 2> <OutPorts = 1>
ST_1 : Operation 64 [1/1] (0.00ns) (grouped into LUT with out node add_ln46_39)   --->   "%zext_ln46_39 = zext i1 %and_ln46_74" [firmware/nnet_utils/nnet_activation.h:46]   --->   Operation 64 'zext' 'zext_ln46_39' <Predicate = true> <Delay = 0.00>
ST_1 : Operation 65 [1/1] (1.56ns) (out node of the LUT)   --->   "%add_ln46_39 = add i2 %trunc_ln46_36, i2 %zext_ln46_39" [firmware/nnet_utils/nnet_activation.h:46]   --->   Operation 65 'add' 'add_ln46_39' <Predicate = true> <Delay = 1.56> <CoreInst = "Adder">   --->   Core 1 'Adder' <Latency = 0> <II = 1> <Delay = 1.56> <FuncUnit> <Opcode : 'add' 'sub'> <InPorts = 2> <OutPorts = 1>
ST_1 : Operation 66 [1/1] (0.00ns)   --->   "%tmp_243 = partselect i6 @_ssdm_op_PartSelect.i6.i16.i32.i32, i16 %data_6_val_read, i32 10, i32 15" [firmware/nnet_utils/nnet_activation.h:46]   --->   Operation 66 'partselect' 'tmp_243' <Predicate = true> <Delay = 0.00>
ST_1 : Operation 67 [1/1] (1.82ns)   --->   "%icmp_ln46_81 = icmp_eq  i6 %tmp_243, i6 0" [firmware/nnet_utils/nnet_activation.h:46]   --->   Operation 67 'icmp' 'icmp_ln46_81' <Predicate = true> <Delay = 1.82> <CoreInst = "Cmp">   --->   Core 9 'Cmp' <Latency = 0> <II = 1> <Delay = 1.82> <FuncUnit> <Opcode : 'seteq' 'setne' 'setle' 'setge' 'setlt' 'setgt'> <InPorts = 2> <OutPorts = 1>

State 2 <SV = 1> <Delay = 3.07>
ST_2 : Operation 68 [1/1] (0.00ns)   --->   "%specpipeline_ln42 = specpipeline void @_ssdm_op_SpecPipeline, i32 4294967295, i32 0, i32 0, i32 0, void @empty_0" [firmware/nnet_utils/nnet_activation.h:42]   --->   Operation 68 'specpipeline' 'specpipeline_ln42' <Predicate = true> <Delay = 0.00>
ST_2 : Operation 69 [1/1] (2.07ns)   --->   "%icmp_ln45 = icmp_sgt  i16 %data_0_val_read, i16 0" [firmware/nnet_utils/nnet_activation.h:45]   --->   Operation 69 'icmp' 'icmp_ln45' <Predicate = true> <Delay = 2.07> <CoreInst = "Cmp">   --->   Core 9 'Cmp' <Latency = 0> <II = 1> <Delay = 2.07> <FuncUnit> <Opcode : 'seteq' 'setne' 'setle' 'setge' 'setlt' 'setgt'> <InPorts = 2> <OutPorts = 1>
ST_2 : Operation 70 [1/1] (0.00ns) (grouped into LUT with out node empty)   --->   "%tmp_219 = bitselect i1 @_ssdm_op_BitSelect.i1.i16.i32, i16 %data_0_val_read, i32 9" [firmware/nnet_utils/nnet_activation.h:46]   --->   Operation 70 'bitselect' 'tmp_219' <Predicate = true> <Delay = 0.00>
ST_2 : Operation 71 [1/1] (0.00ns) (grouped into LUT with out node empty)   --->   "%tmp_221 = bitselect i1 @_ssdm_op_BitSelect.i1.i2.i32, i2 %add_ln46, i32 1" [firmware/nnet_utils/nnet_activation.h:46]   --->   Operation 71 'bitselect' 'tmp_221' <Predicate = true> <Delay = 0.00>
ST_2 : Operation 72 [1/1] (0.00ns) (grouped into LUT with out node empty)   --->   "%not_tmp_257 = xor i1 %tmp_219, i1 1" [firmware/nnet_utils/nnet_activation.h:46]   --->   Operation 72 'xor' 'not_tmp_257' <Predicate = true> <Delay = 0.00> <CoreInst = "LogicGate">   --->   Core 74 'LogicGate' <Latency = 0> <II = 1> <Delay = 0.97> <FuncUnit> <Opcode : 'and' 'or' 'xor'> <InPorts = 2> <OutPorts = 1>
ST_2 : Operation 73 [1/1] (0.00ns) (grouped into LUT with out node empty)   --->   "%and_ln46_73 = or i1 %tmp_221, i1 %not_tmp_257" [firmware/nnet_utils/nnet_activation.h:46]   --->   Operation 73 'or' 'and_ln46_73' <Predicate = true> <Delay = 0.00> <CoreInst = "LogicGate">   --->   Core 74 'LogicGate' <Latency = 0> <II = 1> <Delay = 0.97> <FuncUnit> <Opcode : 'and' 'or' 'xor'> <InPorts = 2> <OutPorts = 1>
ST_2 : Operation 74 [1/1] (0.97ns) (out node of the LUT)   --->   "%empty = and i1 %icmp_ln46_73, i1 %and_ln46_73" [firmware/nnet_utils/nnet_activation.h:46]   --->   Operation 74 'and' 'empty' <Predicate = true> <Delay = 0.97> <CoreInst = "LogicGate">   --->   Core 74 'LogicGate' <Latency = 0> <II = 1> <Delay = 0.97> <FuncUnit> <Opcode : 'and' 'or' 'xor'> <InPorts = 2> <OutPorts = 1>
ST_2 : Operation 75 [1/1] (0.00ns) (grouped into LUT with out node select_ln46_110)   --->   "%or_ln46_110 = or i1 %empty, i1 %tmp" [firmware/nnet_utils/nnet_activation.h:46]   --->   Operation 75 'or' 'or_ln46_110' <Predicate = true> <Delay = 0.00> <CoreInst = "LogicGate">   --->   Core 74 'LogicGate' <Latency = 0> <II = 1> <Delay = 0.97> <FuncUnit> <Opcode : 'and' 'or' 'xor'> <InPorts = 2> <OutPorts = 1>
ST_2 : Operation 76 [1/1] (0.00ns) (grouped into LUT with out node res_0_0)   --->   "%xor_ln46 = xor i1 %empty, i1 1" [firmware/nnet_utils/nnet_activation.h:46]   --->   Operation 76 'xor' 'xor_ln46' <Predicate = true> <Delay = 0.00> <CoreInst = "LogicGate">   --->   Core 74 'LogicGate' <Latency = 0> <II = 1> <Delay = 0.97> <FuncUnit> <Opcode : 'and' 'or' 'xor'> <InPorts = 2> <OutPorts = 1>
ST_2 : Operation 77 [1/1] (0.00ns) (grouped into LUT with out node res_0_0)   --->   "%or_ln46_111 = or i1 %tmp, i1 %xor_ln46" [firmware/nnet_utils/nnet_activation.h:46]   --->   Operation 77 'or' 'or_ln46_111' <Predicate = true> <Delay = 0.00> <CoreInst = "LogicGate">   --->   Core 74 'LogicGate' <Latency = 0> <II = 1> <Delay = 0.97> <FuncUnit> <Opcode : 'and' 'or' 'xor'> <InPorts = 2> <OutPorts = 1>
ST_2 : Operation 78 [1/1] (0.00ns) (grouped into LUT with out node select_ln46_110)   --->   "%select_ln46 = select i1 %tmp, i2 0, i2 %add_ln46" [firmware/nnet_utils/nnet_activation.h:46]   --->   Operation 78 'select' 'select_ln46' <Predicate = true> <Delay = 0.00> <CoreInst = "Sel">   --->   Core 73 'Sel' <Latency = 0> <II = 1> <Delay = 0.99> <FuncUnit> <Opcode : 'select'> <InPorts = 3> <OutPorts = 1>
ST_2 : Operation 79 [1/1] (0.99ns) (out node of the LUT)   --->   "%select_ln46_110 = select i1 %or_ln46_110, i2 %select_ln46, i2 3" [firmware/nnet_utils/nnet_activation.h:46]   --->   Operation 79 'select' 'select_ln46_110' <Predicate = true> <Delay = 0.99> <CoreInst = "Sel">   --->   Core 73 'Sel' <Latency = 0> <II = 1> <Delay = 0.99> <FuncUnit> <Opcode : 'select'> <InPorts = 3> <OutPorts = 1>
ST_2 : Operation 80 [1/1] (0.00ns) (grouped into LUT with out node res_0_0)   --->   "%select_ln46_111 = select i1 %or_ln46_111, i2 %select_ln46_110, i2 %add_ln46" [firmware/nnet_utils/nnet_activation.h:46]   --->   Operation 80 'select' 'select_ln46_111' <Predicate = true> <Delay = 0.00> <CoreInst = "Sel">   --->   Core 73 'Sel' <Latency = 0> <II = 1> <Delay = 0.99> <FuncUnit> <Opcode : 'select'> <InPorts = 3> <OutPorts = 1>
ST_2 : Operation 81 [1/1] (0.99ns) (out node of the LUT)   --->   "%res_0_0 = select i1 %icmp_ln45, i2 %select_ln46_111, i2 0" [firmware/nnet_utils/nnet_activation.h:45]   --->   Operation 81 'select' 'res_0_0' <Predicate = true> <Delay = 0.99> <CoreInst = "Sel">   --->   Core 73 'Sel' <Latency = 0> <II = 1> <Delay = 0.99> <FuncUnit> <Opcode : 'select'> <InPorts = 3> <OutPorts = 1>
ST_2 : Operation 82 [1/1] (2.07ns)   --->   "%icmp_ln45_36 = icmp_sgt  i16 %data_1_val_read, i16 0" [firmware/nnet_utils/nnet_activation.h:45]   --->   Operation 82 'icmp' 'icmp_ln45_36' <Predicate = true> <Delay = 2.07> <CoreInst = "Cmp">   --->   Core 9 'Cmp' <Latency = 0> <II = 1> <Delay = 2.07> <FuncUnit> <Opcode : 'seteq' 'setne' 'setle' 'setge' 'setlt' 'setgt'> <InPorts = 2> <OutPorts = 1>
ST_2 : Operation 83 [1/1] (0.00ns) (grouped into LUT with out node empty_46)   --->   "%tmp_224 = bitselect i1 @_ssdm_op_BitSelect.i1.i16.i32, i16 %data_1_val_read, i32 9" [firmware/nnet_utils/nnet_activation.h:46]   --->   Operation 83 'bitselect' 'tmp_224' <Predicate = true> <Delay = 0.00>
ST_2 : Operation 84 [1/1] (0.00ns) (grouped into LUT with out node empty_46)   --->   "%tmp_226 = bitselect i1 @_ssdm_op_BitSelect.i1.i2.i32, i2 %add_ln46_36, i32 1" [firmware/nnet_utils/nnet_activation.h:46]   --->   Operation 84 'bitselect' 'tmp_226' <Predicate = true> <Delay = 0.00>
ST_2 : Operation 85 [1/1] (0.00ns) (grouped into LUT with out node empty_46)   --->   "%not_tmp_264 = xor i1 %tmp_224, i1 1" [firmware/nnet_utils/nnet_activation.h:46]   --->   Operation 85 'xor' 'not_tmp_264' <Predicate = true> <Delay = 0.00> <CoreInst = "LogicGate">   --->   Core 74 'LogicGate' <Latency = 0> <II = 1> <Delay = 0.97> <FuncUnit> <Opcode : 'and' 'or' 'xor'> <InPorts = 2> <OutPorts = 1>
ST_2 : Operation 86 [1/1] (0.00ns) (grouped into LUT with out node empty_46)   --->   "%and_ln46_75 = or i1 %tmp_226, i1 %not_tmp_264" [firmware/nnet_utils/nnet_activation.h:46]   --->   Operation 86 'or' 'and_ln46_75' <Predicate = true> <Delay = 0.00> <CoreInst = "LogicGate">   --->   Core 74 'LogicGate' <Latency = 0> <II = 1> <Delay = 0.97> <FuncUnit> <Opcode : 'and' 'or' 'xor'> <InPorts = 2> <OutPorts = 1>
ST_2 : Operation 87 [1/1] (0.97ns) (out node of the LUT)   --->   "%empty_46 = and i1 %icmp_ln46_75, i1 %and_ln46_75" [firmware/nnet_utils/nnet_activation.h:46]   --->   Operation 87 'and' 'empty_46' <Predicate = true> <Delay = 0.97> <CoreInst = "LogicGate">   --->   Core 74 'LogicGate' <Latency = 0> <II = 1> <Delay = 0.97> <FuncUnit> <Opcode : 'and' 'or' 'xor'> <InPorts = 2> <OutPorts = 1>
ST_2 : Operation 88 [1/1] (0.00ns) (grouped into LUT with out node select_ln46_113)   --->   "%or_ln46_113 = or i1 %empty_46, i1 %tmp_222" [firmware/nnet_utils/nnet_activation.h:46]   --->   Operation 88 'or' 'or_ln46_113' <Predicate = true> <Delay = 0.00> <CoreInst = "LogicGate">   --->   Core 74 'LogicGate' <Latency = 0> <II = 1> <Delay = 0.97> <FuncUnit> <Opcode : 'and' 'or' 'xor'> <InPorts = 2> <OutPorts = 1>
ST_2 : Operation 89 [1/1] (0.00ns) (grouped into LUT with out node res_1_0)   --->   "%xor_ln46_36 = xor i1 %empty_46, i1 1" [firmware/nnet_utils/nnet_activation.h:46]   --->   Operation 89 'xor' 'xor_ln46_36' <Predicate = true> <Delay = 0.00> <CoreInst = "LogicGate">   --->   Core 74 'LogicGate' <Latency = 0> <II = 1> <Delay = 0.97> <FuncUnit> <Opcode : 'and' 'or' 'xor'> <InPorts = 2> <OutPorts = 1>
ST_2 : Operation 90 [1/1] (0.00ns) (grouped into LUT with out node res_1_0)   --->   "%or_ln46_114 = or i1 %tmp_222, i1 %xor_ln46_36" [firmware/nnet_utils/nnet_activation.h:46]   --->   Operation 90 'or' 'or_ln46_114' <Predicate = true> <Delay = 0.00> <CoreInst = "LogicGate">   --->   Core 74 'LogicGate' <Latency = 0> <II = 1> <Delay = 0.97> <FuncUnit> <Opcode : 'and' 'or' 'xor'> <InPorts = 2> <OutPorts = 1>
ST_2 : Operation 91 [1/1] (0.00ns) (grouped into LUT with out node select_ln46_113)   --->   "%select_ln46_112 = select i1 %tmp_222, i2 0, i2 %add_ln46_36" [firmware/nnet_utils/nnet_activation.h:46]   --->   Operation 91 'select' 'select_ln46_112' <Predicate = true> <Delay = 0.00> <CoreInst = "Sel">   --->   Core 73 'Sel' <Latency = 0> <II = 1> <Delay = 0.99> <FuncUnit> <Opcode : 'select'> <InPorts = 3> <OutPorts = 1>
ST_2 : Operation 92 [1/1] (0.99ns) (out node of the LUT)   --->   "%select_ln46_113 = select i1 %or_ln46_113, i2 %select_ln46_112, i2 3" [firmware/nnet_utils/nnet_activation.h:46]   --->   Operation 92 'select' 'select_ln46_113' <Predicate = true> <Delay = 0.99> <CoreInst = "Sel">   --->   Core 73 'Sel' <Latency = 0> <II = 1> <Delay = 0.99> <FuncUnit> <Opcode : 'select'> <InPorts = 3> <OutPorts = 1>
ST_2 : Operation 93 [1/1] (0.00ns) (grouped into LUT with out node res_1_0)   --->   "%select_ln46_114 = select i1 %or_ln46_114, i2 %select_ln46_113, i2 %add_ln46_36" [firmware/nnet_utils/nnet_activation.h:46]   --->   Operation 93 'select' 'select_ln46_114' <Predicate = true> <Delay = 0.00> <CoreInst = "Sel">   --->   Core 73 'Sel' <Latency = 0> <II = 1> <Delay = 0.99> <FuncUnit> <Opcode : 'select'> <InPorts = 3> <OutPorts = 1>
ST_2 : Operation 94 [1/1] (0.99ns) (out node of the LUT)   --->   "%res_1_0 = select i1 %icmp_ln45_36, i2 %select_ln46_114, i2 0" [firmware/nnet_utils/nnet_activation.h:45]   --->   Operation 94 'select' 'res_1_0' <Predicate = true> <Delay = 0.99> <CoreInst = "Sel">   --->   Core 73 'Sel' <Latency = 0> <II = 1> <Delay = 0.99> <FuncUnit> <Opcode : 'select'> <InPorts = 3> <OutPorts = 1>
ST_2 : Operation 95 [1/1] (2.07ns)   --->   "%icmp_ln45_37 = icmp_sgt  i16 %data_4_val_read, i16 0" [firmware/nnet_utils/nnet_activation.h:45]   --->   Operation 95 'icmp' 'icmp_ln45_37' <Predicate = true> <Delay = 2.07> <CoreInst = "Cmp">   --->   Core 9 'Cmp' <Latency = 0> <II = 1> <Delay = 2.07> <FuncUnit> <Opcode : 'seteq' 'setne' 'setle' 'setge' 'setlt' 'setgt'> <InPorts = 2> <OutPorts = 1>
ST_2 : Operation 96 [1/1] (0.00ns) (grouped into LUT with out node empty_47)   --->   "%tmp_229 = bitselect i1 @_ssdm_op_BitSelect.i1.i16.i32, i16 %data_4_val_read, i32 9" [firmware/nnet_utils/nnet_activation.h:46]   --->   Operation 96 'bitselect' 'tmp_229' <Predicate = true> <Delay = 0.00>
ST_2 : Operation 97 [1/1] (0.00ns) (grouped into LUT with out node empty_47)   --->   "%tmp_232 = bitselect i1 @_ssdm_op_BitSelect.i1.i2.i32, i2 %add_ln46_37, i32 1" [firmware/nnet_utils/nnet_activation.h:46]   --->   Operation 97 'bitselect' 'tmp_232' <Predicate = true> <Delay = 0.00>
ST_2 : Operation 98 [1/1] (0.00ns) (grouped into LUT with out node empty_47)   --->   "%not_tmp_271 = xor i1 %tmp_229, i1 1" [firmware/nnet_utils/nnet_activation.h:46]   --->   Operation 98 'xor' 'not_tmp_271' <Predicate = true> <Delay = 0.00> <CoreInst = "LogicGate">   --->   Core 74 'LogicGate' <Latency = 0> <II = 1> <Delay = 0.97> <FuncUnit> <Opcode : 'and' 'or' 'xor'> <InPorts = 2> <OutPorts = 1>
ST_2 : Operation 99 [1/1] (0.00ns) (grouped into LUT with out node empty_47)   --->   "%and_ln46_77 = or i1 %tmp_232, i1 %not_tmp_271" [firmware/nnet_utils/nnet_activation.h:46]   --->   Operation 99 'or' 'and_ln46_77' <Predicate = true> <Delay = 0.00> <CoreInst = "LogicGate">   --->   Core 74 'LogicGate' <Latency = 0> <II = 1> <Delay = 0.97> <FuncUnit> <Opcode : 'and' 'or' 'xor'> <InPorts = 2> <OutPorts = 1>
ST_2 : Operation 100 [1/1] (0.97ns) (out node of the LUT)   --->   "%empty_47 = and i1 %icmp_ln46_77, i1 %and_ln46_77" [firmware/nnet_utils/nnet_activation.h:46]   --->   Operation 100 'and' 'empty_47' <Predicate = true> <Delay = 0.97> <CoreInst = "LogicGate">   --->   Core 74 'LogicGate' <Latency = 0> <II = 1> <Delay = 0.97> <FuncUnit> <Opcode : 'and' 'or' 'xor'> <InPorts = 2> <OutPorts = 1>
ST_2 : Operation 101 [1/1] (0.00ns) (grouped into LUT with out node select_ln46_116)   --->   "%or_ln46_116 = or i1 %empty_47, i1 %tmp_227" [firmware/nnet_utils/nnet_activation.h:46]   --->   Operation 101 'or' 'or_ln46_116' <Predicate = true> <Delay = 0.00> <CoreInst = "LogicGate">   --->   Core 74 'LogicGate' <Latency = 0> <II = 1> <Delay = 0.97> <FuncUnit> <Opcode : 'and' 'or' 'xor'> <InPorts = 2> <OutPorts = 1>
ST_2 : Operation 102 [1/1] (0.00ns) (grouped into LUT with out node res_4_0)   --->   "%xor_ln46_37 = xor i1 %empty_47, i1 1" [firmware/nnet_utils/nnet_activation.h:46]   --->   Operation 102 'xor' 'xor_ln46_37' <Predicate = true> <Delay = 0.00> <CoreInst = "LogicGate">   --->   Core 74 'LogicGate' <Latency = 0> <II = 1> <Delay = 0.97> <FuncUnit> <Opcode : 'and' 'or' 'xor'> <InPorts = 2> <OutPorts = 1>
ST_2 : Operation 103 [1/1] (0.00ns) (grouped into LUT with out node res_4_0)   --->   "%or_ln46_117 = or i1 %tmp_227, i1 %xor_ln46_37" [firmware/nnet_utils/nnet_activation.h:46]   --->   Operation 103 'or' 'or_ln46_117' <Predicate = true> <Delay = 0.00> <CoreInst = "LogicGate">   --->   Core 74 'LogicGate' <Latency = 0> <II = 1> <Delay = 0.97> <FuncUnit> <Opcode : 'and' 'or' 'xor'> <InPorts = 2> <OutPorts = 1>
ST_2 : Operation 104 [1/1] (0.00ns) (grouped into LUT with out node select_ln46_116)   --->   "%select_ln46_115 = select i1 %tmp_227, i2 0, i2 %add_ln46_37" [firmware/nnet_utils/nnet_activation.h:46]   --->   Operation 104 'select' 'select_ln46_115' <Predicate = true> <Delay = 0.00> <CoreInst = "Sel">   --->   Core 73 'Sel' <Latency = 0> <II = 1> <Delay = 0.99> <FuncUnit> <Opcode : 'select'> <InPorts = 3> <OutPorts = 1>
ST_2 : Operation 105 [1/1] (0.99ns) (out node of the LUT)   --->   "%select_ln46_116 = select i1 %or_ln46_116, i2 %select_ln46_115, i2 3" [firmware/nnet_utils/nnet_activation.h:46]   --->   Operation 105 'select' 'select_ln46_116' <Predicate = true> <Delay = 0.99> <CoreInst = "Sel">   --->   Core 73 'Sel' <Latency = 0> <II = 1> <Delay = 0.99> <FuncUnit> <Opcode : 'select'> <InPorts = 3> <OutPorts = 1>
ST_2 : Operation 106 [1/1] (0.00ns) (grouped into LUT with out node res_4_0)   --->   "%select_ln46_117 = select i1 %or_ln46_117, i2 %select_ln46_116, i2 %add_ln46_37" [firmware/nnet_utils/nnet_activation.h:46]   --->   Operation 106 'select' 'select_ln46_117' <Predicate = true> <Delay = 0.00> <CoreInst = "Sel">   --->   Core 73 'Sel' <Latency = 0> <II = 1> <Delay = 0.99> <FuncUnit> <Opcode : 'select'> <InPorts = 3> <OutPorts = 1>
ST_2 : Operation 107 [1/1] (0.99ns) (out node of the LUT)   --->   "%res_4_0 = select i1 %icmp_ln45_37, i2 %select_ln46_117, i2 0" [firmware/nnet_utils/nnet_activation.h:45]   --->   Operation 107 'select' 'res_4_0' <Predicate = true> <Delay = 0.99> <CoreInst = "Sel">   --->   Core 73 'Sel' <Latency = 0> <II = 1> <Delay = 0.99> <FuncUnit> <Opcode : 'select'> <InPorts = 3> <OutPorts = 1>
ST_2 : Operation 108 [1/1] (2.07ns)   --->   "%icmp_ln45_38 = icmp_sgt  i16 %data_5_val_read, i16 0" [firmware/nnet_utils/nnet_activation.h:45]   --->   Operation 108 'icmp' 'icmp_ln45_38' <Predicate = true> <Delay = 2.07> <CoreInst = "Cmp">   --->   Core 9 'Cmp' <Latency = 0> <II = 1> <Delay = 2.07> <FuncUnit> <Opcode : 'seteq' 'setne' 'setle' 'setge' 'setlt' 'setgt'> <InPorts = 2> <OutPorts = 1>
ST_2 : Operation 109 [1/1] (0.00ns) (grouped into LUT with out node empty_48)   --->   "%tmp_235 = bitselect i1 @_ssdm_op_BitSelect.i1.i16.i32, i16 %data_5_val_read, i32 9" [firmware/nnet_utils/nnet_activation.h:46]   --->   Operation 109 'bitselect' 'tmp_235' <Predicate = true> <Delay = 0.00>
ST_2 : Operation 110 [1/1] (0.00ns) (grouped into LUT with out node empty_48)   --->   "%tmp_238 = bitselect i1 @_ssdm_op_BitSelect.i1.i2.i32, i2 %add_ln46_38, i32 1" [firmware/nnet_utils/nnet_activation.h:46]   --->   Operation 110 'bitselect' 'tmp_238' <Predicate = true> <Delay = 0.00>
ST_2 : Operation 111 [1/1] (0.00ns) (grouped into LUT with out node empty_48)   --->   "%not_tmp_278 = xor i1 %tmp_235, i1 1" [firmware/nnet_utils/nnet_activation.h:46]   --->   Operation 111 'xor' 'not_tmp_278' <Predicate = true> <Delay = 0.00> <CoreInst = "LogicGate">   --->   Core 74 'LogicGate' <Latency = 0> <II = 1> <Delay = 0.97> <FuncUnit> <Opcode : 'and' 'or' 'xor'> <InPorts = 2> <OutPorts = 1>
ST_2 : Operation 112 [1/1] (0.00ns) (grouped into LUT with out node empty_48)   --->   "%and_ln46_79 = or i1 %tmp_238, i1 %not_tmp_278" [firmware/nnet_utils/nnet_activation.h:46]   --->   Operation 112 'or' 'and_ln46_79' <Predicate = true> <Delay = 0.00> <CoreInst = "LogicGate">   --->   Core 74 'LogicGate' <Latency = 0> <II = 1> <Delay = 0.97> <FuncUnit> <Opcode : 'and' 'or' 'xor'> <InPorts = 2> <OutPorts = 1>
ST_2 : Operation 113 [1/1] (0.97ns) (out node of the LUT)   --->   "%empty_48 = and i1 %icmp_ln46_79, i1 %and_ln46_79" [firmware/nnet_utils/nnet_activation.h:46]   --->   Operation 113 'and' 'empty_48' <Predicate = true> <Delay = 0.97> <CoreInst = "LogicGate">   --->   Core 74 'LogicGate' <Latency = 0> <II = 1> <Delay = 0.97> <FuncUnit> <Opcode : 'and' 'or' 'xor'> <InPorts = 2> <OutPorts = 1>
ST_2 : Operation 114 [1/1] (0.00ns) (grouped into LUT with out node select_ln46_119)   --->   "%or_ln46_119 = or i1 %empty_48, i1 %tmp_233" [firmware/nnet_utils/nnet_activation.h:46]   --->   Operation 114 'or' 'or_ln46_119' <Predicate = true> <Delay = 0.00> <CoreInst = "LogicGate">   --->   Core 74 'LogicGate' <Latency = 0> <II = 1> <Delay = 0.97> <FuncUnit> <Opcode : 'and' 'or' 'xor'> <InPorts = 2> <OutPorts = 1>
ST_2 : Operation 115 [1/1] (0.00ns) (grouped into LUT with out node res_5_0)   --->   "%xor_ln46_38 = xor i1 %empty_48, i1 1" [firmware/nnet_utils/nnet_activation.h:46]   --->   Operation 115 'xor' 'xor_ln46_38' <Predicate = true> <Delay = 0.00> <CoreInst = "LogicGate">   --->   Core 74 'LogicGate' <Latency = 0> <II = 1> <Delay = 0.97> <FuncUnit> <Opcode : 'and' 'or' 'xor'> <InPorts = 2> <OutPorts = 1>
ST_2 : Operation 116 [1/1] (0.00ns) (grouped into LUT with out node res_5_0)   --->   "%or_ln46_120 = or i1 %tmp_233, i1 %xor_ln46_38" [firmware/nnet_utils/nnet_activation.h:46]   --->   Operation 116 'or' 'or_ln46_120' <Predicate = true> <Delay = 0.00> <CoreInst = "LogicGate">   --->   Core 74 'LogicGate' <Latency = 0> <II = 1> <Delay = 0.97> <FuncUnit> <Opcode : 'and' 'or' 'xor'> <InPorts = 2> <OutPorts = 1>
ST_2 : Operation 117 [1/1] (0.00ns) (grouped into LUT with out node select_ln46_119)   --->   "%select_ln46_118 = select i1 %tmp_233, i2 0, i2 %add_ln46_38" [firmware/nnet_utils/nnet_activation.h:46]   --->   Operation 117 'select' 'select_ln46_118' <Predicate = true> <Delay = 0.00> <CoreInst = "Sel">   --->   Core 73 'Sel' <Latency = 0> <II = 1> <Delay = 0.99> <FuncUnit> <Opcode : 'select'> <InPorts = 3> <OutPorts = 1>
ST_2 : Operation 118 [1/1] (0.99ns) (out node of the LUT)   --->   "%select_ln46_119 = select i1 %or_ln46_119, i2 %select_ln46_118, i2 3" [firmware/nnet_utils/nnet_activation.h:46]   --->   Operation 118 'select' 'select_ln46_119' <Predicate = true> <Delay = 0.99> <CoreInst = "Sel">   --->   Core 73 'Sel' <Latency = 0> <II = 1> <Delay = 0.99> <FuncUnit> <Opcode : 'select'> <InPorts = 3> <OutPorts = 1>
ST_2 : Operation 119 [1/1] (0.00ns) (grouped into LUT with out node res_5_0)   --->   "%select_ln46_120 = select i1 %or_ln46_120, i2 %select_ln46_119, i2 %add_ln46_38" [firmware/nnet_utils/nnet_activation.h:46]   --->   Operation 119 'select' 'select_ln46_120' <Predicate = true> <Delay = 0.00> <CoreInst = "Sel">   --->   Core 73 'Sel' <Latency = 0> <II = 1> <Delay = 0.99> <FuncUnit> <Opcode : 'select'> <InPorts = 3> <OutPorts = 1>
ST_2 : Operation 120 [1/1] (0.99ns) (out node of the LUT)   --->   "%res_5_0 = select i1 %icmp_ln45_38, i2 %select_ln46_120, i2 0" [firmware/nnet_utils/nnet_activation.h:45]   --->   Operation 120 'select' 'res_5_0' <Predicate = true> <Delay = 0.99> <CoreInst = "Sel">   --->   Core 73 'Sel' <Latency = 0> <II = 1> <Delay = 0.99> <FuncUnit> <Opcode : 'select'> <InPorts = 3> <OutPorts = 1>
ST_2 : Operation 121 [1/1] (2.07ns)   --->   "%icmp_ln45_39 = icmp_sgt  i16 %data_6_val_read, i16 0" [firmware/nnet_utils/nnet_activation.h:45]   --->   Operation 121 'icmp' 'icmp_ln45_39' <Predicate = true> <Delay = 2.07> <CoreInst = "Cmp">   --->   Core 9 'Cmp' <Latency = 0> <II = 1> <Delay = 2.07> <FuncUnit> <Opcode : 'seteq' 'setne' 'setle' 'setge' 'setlt' 'setgt'> <InPorts = 2> <OutPorts = 1>
ST_2 : Operation 122 [1/1] (0.00ns) (grouped into LUT with out node empty_49)   --->   "%tmp_241 = bitselect i1 @_ssdm_op_BitSelect.i1.i16.i32, i16 %data_6_val_read, i32 9" [firmware/nnet_utils/nnet_activation.h:46]   --->   Operation 122 'bitselect' 'tmp_241' <Predicate = true> <Delay = 0.00>
ST_2 : Operation 123 [1/1] (0.00ns) (grouped into LUT with out node empty_49)   --->   "%tmp_244 = bitselect i1 @_ssdm_op_BitSelect.i1.i2.i32, i2 %add_ln46_39, i32 1" [firmware/nnet_utils/nnet_activation.h:46]   --->   Operation 123 'bitselect' 'tmp_244' <Predicate = true> <Delay = 0.00>
ST_2 : Operation 124 [1/1] (0.00ns) (grouped into LUT with out node empty_49)   --->   "%not_tmp_285 = xor i1 %tmp_241, i1 1" [firmware/nnet_utils/nnet_activation.h:46]   --->   Operation 124 'xor' 'not_tmp_285' <Predicate = true> <Delay = 0.00> <CoreInst = "LogicGate">   --->   Core 74 'LogicGate' <Latency = 0> <II = 1> <Delay = 0.97> <FuncUnit> <Opcode : 'and' 'or' 'xor'> <InPorts = 2> <OutPorts = 1>
ST_2 : Operation 125 [1/1] (0.00ns) (grouped into LUT with out node empty_49)   --->   "%and_ln46_81 = or i1 %tmp_244, i1 %not_tmp_285" [firmware/nnet_utils/nnet_activation.h:46]   --->   Operation 125 'or' 'and_ln46_81' <Predicate = true> <Delay = 0.00> <CoreInst = "LogicGate">   --->   Core 74 'LogicGate' <Latency = 0> <II = 1> <Delay = 0.97> <FuncUnit> <Opcode : 'and' 'or' 'xor'> <InPorts = 2> <OutPorts = 1>
ST_2 : Operation 126 [1/1] (0.97ns) (out node of the LUT)   --->   "%empty_49 = and i1 %icmp_ln46_81, i1 %and_ln46_81" [firmware/nnet_utils/nnet_activation.h:46]   --->   Operation 126 'and' 'empty_49' <Predicate = true> <Delay = 0.97> <CoreInst = "LogicGate">   --->   Core 74 'LogicGate' <Latency = 0> <II = 1> <Delay = 0.97> <FuncUnit> <Opcode : 'and' 'or' 'xor'> <InPorts = 2> <OutPorts = 1>
ST_2 : Operation 127 [1/1] (0.00ns) (grouped into LUT with out node select_ln46_122)   --->   "%or_ln46_122 = or i1 %empty_49, i1 %tmp_239" [firmware/nnet_utils/nnet_activation.h:46]   --->   Operation 127 'or' 'or_ln46_122' <Predicate = true> <Delay = 0.00> <CoreInst = "LogicGate">   --->   Core 74 'LogicGate' <Latency = 0> <II = 1> <Delay = 0.97> <FuncUnit> <Opcode : 'and' 'or' 'xor'> <InPorts = 2> <OutPorts = 1>
ST_2 : Operation 128 [1/1] (0.00ns) (grouped into LUT with out node res_6_0)   --->   "%xor_ln46_39 = xor i1 %empty_49, i1 1" [firmware/nnet_utils/nnet_activation.h:46]   --->   Operation 128 'xor' 'xor_ln46_39' <Predicate = true> <Delay = 0.00> <CoreInst = "LogicGate">   --->   Core 74 'LogicGate' <Latency = 0> <II = 1> <Delay = 0.97> <FuncUnit> <Opcode : 'and' 'or' 'xor'> <InPorts = 2> <OutPorts = 1>
ST_2 : Operation 129 [1/1] (0.00ns) (grouped into LUT with out node res_6_0)   --->   "%or_ln46_123 = or i1 %tmp_239, i1 %xor_ln46_39" [firmware/nnet_utils/nnet_activation.h:46]   --->   Operation 129 'or' 'or_ln46_123' <Predicate = true> <Delay = 0.00> <CoreInst = "LogicGate">   --->   Core 74 'LogicGate' <Latency = 0> <II = 1> <Delay = 0.97> <FuncUnit> <Opcode : 'and' 'or' 'xor'> <InPorts = 2> <OutPorts = 1>
ST_2 : Operation 130 [1/1] (0.00ns) (grouped into LUT with out node select_ln46_122)   --->   "%select_ln46_121 = select i1 %tmp_239, i2 0, i2 %add_ln46_39" [firmware/nnet_utils/nnet_activation.h:46]   --->   Operation 130 'select' 'select_ln46_121' <Predicate = true> <Delay = 0.00> <CoreInst = "Sel">   --->   Core 73 'Sel' <Latency = 0> <II = 1> <Delay = 0.99> <FuncUnit> <Opcode : 'select'> <InPorts = 3> <OutPorts = 1>
ST_2 : Operation 131 [1/1] (0.99ns) (out node of the LUT)   --->   "%select_ln46_122 = select i1 %or_ln46_122, i2 %select_ln46_121, i2 3" [firmware/nnet_utils/nnet_activation.h:46]   --->   Operation 131 'select' 'select_ln46_122' <Predicate = true> <Delay = 0.99> <CoreInst = "Sel">   --->   Core 73 'Sel' <Latency = 0> <II = 1> <Delay = 0.99> <FuncUnit> <Opcode : 'select'> <InPorts = 3> <OutPorts = 1>
ST_2 : Operation 132 [1/1] (0.00ns) (grouped into LUT with out node res_6_0)   --->   "%select_ln46_123 = select i1 %or_ln46_123, i2 %select_ln46_122, i2 %add_ln46_39" [firmware/nnet_utils/nnet_activation.h:46]   --->   Operation 132 'select' 'select_ln46_123' <Predicate = true> <Delay = 0.00> <CoreInst = "Sel">   --->   Core 73 'Sel' <Latency = 0> <II = 1> <Delay = 0.99> <FuncUnit> <Opcode : 'select'> <InPorts = 3> <OutPorts = 1>
ST_2 : Operation 133 [1/1] (0.99ns) (out node of the LUT)   --->   "%res_6_0 = select i1 %icmp_ln45_39, i2 %select_ln46_123, i2 0" [firmware/nnet_utils/nnet_activation.h:45]   --->   Operation 133 'select' 'res_6_0' <Predicate = true> <Delay = 0.99> <CoreInst = "Sel">   --->   Core 73 'Sel' <Latency = 0> <II = 1> <Delay = 0.99> <FuncUnit> <Opcode : 'select'> <InPorts = 3> <OutPorts = 1>
ST_2 : Operation 134 [1/1] (0.00ns)   --->   "%newret = insertvalue i10 <undef>, i2 %res_0_0" [firmware/nnet_utils/nnet_activation.h:45]   --->   Operation 134 'insertvalue' 'newret' <Predicate = true> <Delay = 0.00>
ST_2 : Operation 135 [1/1] (0.00ns)   --->   "%newret2 = insertvalue i10 %newret, i2 %res_1_0" [firmware/nnet_utils/nnet_activation.h:45]   --->   Operation 135 'insertvalue' 'newret2' <Predicate = true> <Delay = 0.00>
ST_2 : Operation 136 [1/1] (0.00ns)   --->   "%newret4 = insertvalue i10 %newret2, i2 %res_4_0" [firmware/nnet_utils/nnet_activation.h:45]   --->   Operation 136 'insertvalue' 'newret4' <Predicate = true> <Delay = 0.00>
ST_2 : Operation 137 [1/1] (0.00ns)   --->   "%newret6 = insertvalue i10 %newret4, i2 %res_5_0" [firmware/nnet_utils/nnet_activation.h:45]   --->   Operation 137 'insertvalue' 'newret6' <Predicate = true> <Delay = 0.00>
ST_2 : Operation 138 [1/1] (0.00ns)   --->   "%newret8 = insertvalue i10 %newret6, i2 %res_6_0" [firmware/nnet_utils/nnet_activation.h:45]   --->   Operation 138 'insertvalue' 'newret8' <Predicate = true> <Delay = 0.00>
ST_2 : Operation 139 [1/1] (0.00ns)   --->   "%ret_ln45 = ret i10 %newret8" [firmware/nnet_utils/nnet_activation.h:45]   --->   Operation 139 'ret' 'ret_ln45' <Predicate = true> <Delay = 0.00>


============================================================
+ Verbose Summary: Binding
============================================================
STG Binding: 
---------------- STG Properties BEGIN ----------------
- Is combinational: 0
- Is one-state seq: 0
- Is datapath-only: 0
- Is pipelined: 1
- Is top level: 0
Port [ Return ] is wired: 1; IO mode=ap_ctrl_hs:ce=0
Port [ data_0_val]:  wired=1; compound=0; hidden=0; nouse=0; global=0; static=0; extern=0; dir=0; type=0; pingpong=0; private_global=0; IO mode=ap_none:ce=0
Port [ data_1_val]:  wired=1; compound=0; hidden=0; nouse=0; global=0; static=0; extern=0; dir=0; type=0; pingpong=0; private_global=0; IO mode=ap_none:ce=0
Port [ data_4_val]:  wired=1; compound=0; hidden=0; nouse=0; global=0; static=0; extern=0; dir=0; type=0; pingpong=0; private_global=0; IO mode=ap_none:ce=0
Port [ data_5_val]:  wired=1; compound=0; hidden=0; nouse=0; global=0; static=0; extern=0; dir=0; type=0; pingpong=0; private_global=0; IO mode=ap_none:ce=0
Port [ data_6_val]:  wired=1; compound=0; hidden=0; nouse=0; global=0; static=0; extern=0; dir=0; type=0; pingpong=0; private_global=0; IO mode=ap_none:ce=0
---------------- STG Properties END ------------------

---------------- Datapath Model BEGIN ----------------

<LifeTime>
<method=bitvector/>
data_6_val_read   (read        ) [ 011]
data_5_val_read   (read        ) [ 011]
data_4_val_read   (read        ) [ 011]
data_1_val_read   (read        ) [ 011]
data_0_val_read   (read        ) [ 011]
tmp               (bitselect   ) [ 011]
trunc_ln          (partselect  ) [ 000]
tmp_218           (bitselect   ) [ 000]
trunc_ln46        (trunc       ) [ 000]
icmp_ln46         (icmp        ) [ 000]
tmp_220           (bitselect   ) [ 000]
or_ln46           (or          ) [ 000]
and_ln46          (and         ) [ 000]
zext_ln46         (zext        ) [ 000]
add_ln46          (add         ) [ 011]
tmp_s             (partselect  ) [ 000]
icmp_ln46_73      (icmp        ) [ 011]
tmp_222           (bitselect   ) [ 011]
trunc_ln46_s      (partselect  ) [ 000]
tmp_223           (bitselect   ) [ 000]
trunc_ln46_54     (trunc       ) [ 000]
icmp_ln46_74      (icmp        ) [ 000]
tmp_225           (bitselect   ) [ 000]
or_ln46_112       (or          ) [ 000]
and_ln46_70       (and         ) [ 000]
zext_ln46_36      (zext        ) [ 000]
add_ln46_36       (add         ) [ 011]
tmp_217           (partselect  ) [ 000]
icmp_ln46_75      (icmp        ) [ 011]
tmp_227           (bitselect   ) [ 011]
trunc_ln46_34     (partselect  ) [ 000]
tmp_228           (bitselect   ) [ 000]
trunc_ln46_55     (trunc       ) [ 000]
icmp_ln46_76      (icmp        ) [ 000]
tmp_230           (bitselect   ) [ 000]
or_ln46_115       (or          ) [ 000]
and_ln46_71       (and         ) [ 000]
zext_ln46_37      (zext        ) [ 000]
add_ln46_37       (add         ) [ 011]
tmp_231           (partselect  ) [ 000]
icmp_ln46_77      (icmp        ) [ 011]
tmp_233           (bitselect   ) [ 011]
trunc_ln46_35     (partselect  ) [ 000]
tmp_234           (bitselect   ) [ 000]
trunc_ln46_56     (trunc       ) [ 000]
icmp_ln46_78      (icmp        ) [ 000]
tmp_236           (bitselect   ) [ 000]
or_ln46_118       (or          ) [ 000]
and_ln46_72       (and         ) [ 000]
zext_ln46_38      (zext        ) [ 000]
add_ln46_38       (add         ) [ 011]
tmp_237           (partselect  ) [ 000]
icmp_ln46_79      (icmp        ) [ 011]
tmp_239           (bitselect   ) [ 011]
trunc_ln46_36     (partselect  ) [ 000]
tmp_240           (bitselect   ) [ 000]
trunc_ln46_57     (trunc       ) [ 000]
icmp_ln46_80      (icmp        ) [ 000]
tmp_242           (bitselect   ) [ 000]
or_ln46_121       (or          ) [ 000]
and_ln46_74       (and         ) [ 000]
zext_ln46_39      (zext        ) [ 000]
add_ln46_39       (add         ) [ 011]
tmp_243           (partselect  ) [ 000]
icmp_ln46_81      (icmp        ) [ 011]
specpipeline_ln42 (specpipeline) [ 000]
icmp_ln45         (icmp        ) [ 000]
tmp_219           (bitselect   ) [ 000]
tmp_221           (bitselect   ) [ 000]
not_tmp_257       (xor         ) [ 000]
and_ln46_73       (or          ) [ 000]
empty             (and         ) [ 000]
or_ln46_110       (or          ) [ 000]
xor_ln46          (xor         ) [ 000]
or_ln46_111       (or          ) [ 000]
select_ln46       (select      ) [ 000]
select_ln46_110   (select      ) [ 000]
select_ln46_111   (select      ) [ 000]
res_0_0           (select      ) [ 000]
icmp_ln45_36      (icmp        ) [ 000]
tmp_224           (bitselect   ) [ 000]
tmp_226           (bitselect   ) [ 000]
not_tmp_264       (xor         ) [ 000]
and_ln46_75       (or          ) [ 000]
empty_46          (and         ) [ 000]
or_ln46_113       (or          ) [ 000]
xor_ln46_36       (xor         ) [ 000]
or_ln46_114       (or          ) [ 000]
select_ln46_112   (select      ) [ 000]
select_ln46_113   (select      ) [ 000]
select_ln46_114   (select      ) [ 000]
res_1_0           (select      ) [ 000]
icmp_ln45_37      (icmp        ) [ 000]
tmp_229           (bitselect   ) [ 000]
tmp_232           (bitselect   ) [ 000]
not_tmp_271       (xor         ) [ 000]
and_ln46_77       (or          ) [ 000]
empty_47          (and         ) [ 000]
or_ln46_116       (or          ) [ 000]
xor_ln46_37       (xor         ) [ 000]
or_ln46_117       (or          ) [ 000]
select_ln46_115   (select      ) [ 000]
select_ln46_116   (select      ) [ 000]
select_ln46_117   (select      ) [ 000]
res_4_0           (select      ) [ 000]
icmp_ln45_38      (icmp        ) [ 000]
tmp_235           (bitselect   ) [ 000]
tmp_238           (bitselect   ) [ 000]
not_tmp_278       (xor         ) [ 000]
and_ln46_79       (or          ) [ 000]
empty_48          (and         ) [ 000]
or_ln46_119       (or          ) [ 000]
xor_ln46_38       (xor         ) [ 000]
or_ln46_120       (or          ) [ 000]
select_ln46_118   (select      ) [ 000]
select_ln46_119   (select      ) [ 000]
select_ln46_120   (select      ) [ 000]
res_5_0           (select      ) [ 000]
icmp_ln45_39      (icmp        ) [ 000]
tmp_241           (bitselect   ) [ 000]
tmp_244           (bitselect   ) [ 000]
not_tmp_285       (xor         ) [ 000]
and_ln46_81       (or          ) [ 000]
empty_49          (and         ) [ 000]
or_ln46_122       (or          ) [ 000]
xor_ln46_39       (xor         ) [ 000]
or_ln46_123       (or          ) [ 000]
select_ln46_121   (select      ) [ 000]
select_ln46_122   (select      ) [ 000]
select_ln46_123   (select      ) [ 000]
res_6_0           (select      ) [ 000]
newret            (insertvalue ) [ 000]
newret2           (insertvalue ) [ 000]
newret4           (insertvalue ) [ 000]
newret6           (insertvalue ) [ 000]
newret8           (insertvalue ) [ 000]
ret_ln45          (ret         ) [ 000]
</LifeTime>

<model>

<comp_list>
<comp id="0" class="1000" name="data_0_val">
<pin_list>
<pin id="1" dir="1" index="0" bw="1" slack="0"/>
</pin_list>
<bind>
<StgValue><ssdm name="data_0_val"/></StgValue>
</bind>
</comp>

<comp id="2" class="1000" name="data_1_val">
<pin_list>
<pin id="3" dir="1" index="0" bw="1" slack="0"/>
</pin_list>
<bind>
<StgValue><ssdm name="data_1_val"/></StgValue>
</bind>
</comp>

<comp id="4" class="1000" name="data_4_val">
<pin_list>
<pin id="5" dir="1" index="0" bw="1" slack="0"/>
</pin_list>
<bind>
<StgValue><ssdm name="data_4_val"/></StgValue>
</bind>
</comp>

<comp id="6" class="1000" name="data_5_val">
<pin_list>
<pin id="7" dir="1" index="0" bw="1" slack="0"/>
</pin_list>
<bind>
<StgValue><ssdm name="data_5_val"/></StgValue>
</bind>
</comp>

<comp id="8" class="1000" name="data_6_val">
<pin_list>
<pin id="9" dir="1" index="0" bw="1" slack="0"/>
</pin_list>
<bind>
<StgValue><ssdm name="data_6_val"/></StgValue>
</bind>
</comp>

<comp id="10" class="1001" name="const_10">
<pin_list>
<pin id="11" dir="1" index="0" bw="1" slack="0"/>
</pin_list>
<bind>
<StgValue><ssdm name="_ssdm_op_Read.ap_auto.i16"/></StgValue>
</bind>
</comp>

<comp id="12" class="1001" name="const_12">
<pin_list>
<pin id="13" dir="1" index="0" bw="1" slack="0"/>
</pin_list>
<bind>
<StgValue><ssdm name="_ssdm_op_BitSelect.i1.i16.i32"/></StgValue>
</bind>
</comp>

<comp id="14" class="1001" name="const_14">
<pin_list>
<pin id="15" dir="1" index="0" bw="1" slack="0"/>
</pin_list>
<bind>
<StgValue><ssdm name=""/></StgValue>
</bind>
</comp>

<comp id="16" class="1001" name="const_16">
<pin_list>
<pin id="17" dir="1" index="0" bw="1" slack="0"/>
</pin_list>
<bind>
<StgValue><ssdm name="_ssdm_op_PartSelect.i2.i16.i32.i32"/></StgValue>
</bind>
</comp>

<comp id="18" class="1001" name="const_18">
<pin_list>
<pin id="19" dir="1" index="0" bw="1" slack="0"/>
</pin_list>
<bind>
<StgValue><ssdm name=""/></StgValue>
</bind>
</comp>

<comp id="20" class="1001" name="const_20">
<pin_list>
<pin id="21" dir="1" index="0" bw="1" slack="0"/>
</pin_list>
<bind>
<StgValue><ssdm name=""/></StgValue>
</bind>
</comp>

<comp id="22" class="1001" name="const_22">
<pin_list>
<pin id="23" dir="1" index="0" bw="1" slack="0"/>
</pin_list>
<bind>
<StgValue><ssdm name=""/></StgValue>
</bind>
</comp>

<comp id="24" class="1001" name="const_24">
<pin_list>
<pin id="25" dir="1" index="0" bw="1" slack="0"/>
</pin_list>
<bind>
<StgValue><ssdm name=""/></StgValue>
</bind>
</comp>

<comp id="26" class="1001" name="const_26">
<pin_list>
<pin id="27" dir="1" index="0" bw="1" slack="0"/>
</pin_list>
<bind>
<StgValue><ssdm name="_ssdm_op_PartSelect.i6.i16.i32.i32"/></StgValue>
</bind>
</comp>

<comp id="28" class="1001" name="const_28">
<pin_list>
<pin id="29" dir="1" index="0" bw="1" slack="0"/>
</pin_list>
<bind>
<StgValue><ssdm name=""/></StgValue>
</bind>
</comp>

<comp id="30" class="1001" name="const_30">
<pin_list>
<pin id="31" dir="1" index="0" bw="1" slack="0"/>
</pin_list>
<bind>
<StgValue><ssdm name=""/></StgValue>
</bind>
</comp>

<comp id="32" class="1001" name="const_32">
<pin_list>
<pin id="33" dir="1" index="0" bw="1" slack="2147483647"/>
</pin_list>
<bind>
<StgValue><ssdm name="_ssdm_op_SpecPipeline"/></StgValue>
</bind>
</comp>

<comp id="34" class="1001" name="const_34">
<pin_list>
<pin id="35" dir="1" index="0" bw="1" slack="2147483647"/>
</pin_list>
<bind>
<StgValue><ssdm name=""/></StgValue>
</bind>
</comp>

<comp id="36" class="1001" name="const_36">
<pin_list>
<pin id="37" dir="1" index="0" bw="1" slack="2147483647"/>
</pin_list>
<bind>
<StgValue><ssdm name=""/></StgValue>
</bind>
</comp>

<comp id="38" class="1001" name="const_38">
<pin_list>
<pin id="39" dir="1" index="0" bw="1" slack="2147483647"/>
</pin_list>
<bind>
<StgValue><ssdm name="empty_0"/></StgValue>
</bind>
</comp>

<comp id="40" class="1001" name="const_40">
<pin_list>
<pin id="41" dir="1" index="0" bw="1" slack="0"/>
</pin_list>
<bind>
<StgValue><ssdm name=""/></StgValue>
</bind>
</comp>

<comp id="42" class="1001" name="const_42">
<pin_list>
<pin id="43" dir="1" index="0" bw="1" slack="0"/>
</pin_list>
<bind>
<StgValue><ssdm name="_ssdm_op_BitSelect.i1.i2.i32"/></StgValue>
</bind>
</comp>

<comp id="44" class="1001" name="const_44">
<pin_list>
<pin id="45" dir="1" index="0" bw="1" slack="0"/>
</pin_list>
<bind>
<StgValue><ssdm name=""/></StgValue>
</bind>
</comp>

<comp id="46" class="1001" name="const_46">
<pin_list>
<pin id="47" dir="1" index="0" bw="1" slack="0"/>
</pin_list>
<bind>
<StgValue><ssdm name=""/></StgValue>
</bind>
</comp>

<comp id="48" class="1001" name="const_48">
<pin_list>
<pin id="49" dir="1" index="0" bw="1" slack="0"/>
</pin_list>
<bind>
<StgValue><ssdm name=""/></StgValue>
</bind>
</comp>

<comp id="50" class="1001" name="const_50">
<pin_list>
<pin id="51" dir="1" index="0" bw="1" slack="0"/>
</pin_list>
<bind>
<StgValue><ssdm name=""/></StgValue>
</bind>
</comp>

<comp id="52" class="1001" name="const_52">
<pin_list>
<pin id="53" dir="1" index="0" bw="1" slack="0"/>
</pin_list>
<bind>
<StgValue><ssdm name=""/></StgValue>
</bind>
</comp>

<comp id="54" class="1004" name="data_6_val_read_read_fu_54">
<pin_list>
<pin id="55" dir="0" index="0" bw="16" slack="0"/>
<pin id="56" dir="0" index="1" bw="16" slack="0"/>
<pin id="57" dir="1" index="2" bw="16" slack="0"/>
</pin_list>
<bind>
<opcode="read(1150) " fcode="read"/>
<opset="data_6_val_read/1 "/>
</bind>
</comp>

<comp id="60" class="1004" name="data_5_val_read_read_fu_60">
<pin_list>
<pin id="61" dir="0" index="0" bw="16" slack="0"/>
<pin id="62" dir="0" index="1" bw="16" slack="0"/>
<pin id="63" dir="1" index="2" bw="16" slack="0"/>
</pin_list>
<bind>
<opcode="read(1150) " fcode="read"/>
<opset="data_5_val_read/1 "/>
</bind>
</comp>

<comp id="66" class="1004" name="data_4_val_read_read_fu_66">
<pin_list>
<pin id="67" dir="0" index="0" bw="16" slack="0"/>
<pin id="68" dir="0" index="1" bw="16" slack="0"/>
<pin id="69" dir="1" index="2" bw="16" slack="0"/>
</pin_list>
<bind>
<opcode="read(1150) " fcode="read"/>
<opset="data_4_val_read/1 "/>
</bind>
</comp>

<comp id="72" class="1004" name="data_1_val_read_read_fu_72">
<pin_list>
<pin id="73" dir="0" index="0" bw="16" slack="0"/>
<pin id="74" dir="0" index="1" bw="16" slack="0"/>
<pin id="75" dir="1" index="2" bw="16" slack="0"/>
</pin_list>
<bind>
<opcode="read(1150) " fcode="read"/>
<opset="data_1_val_read/1 "/>
</bind>
</comp>

<comp id="78" class="1004" name="data_0_val_read_read_fu_78">
<pin_list>
<pin id="79" dir="0" index="0" bw="16" slack="0"/>
<pin id="80" dir="0" index="1" bw="16" slack="0"/>
<pin id="81" dir="1" index="2" bw="16" slack="0"/>
</pin_list>
<bind>
<opcode="read(1150) " fcode="read"/>
<opset="data_0_val_read/1 "/>
</bind>
</comp>

<comp id="84" class="1004" name="tmp_fu_84">
<pin_list>
<pin id="85" dir="0" index="0" bw="1" slack="0"/>
<pin id="86" dir="0" index="1" bw="16" slack="0"/>
<pin id="87" dir="0" index="2" bw="5" slack="0"/>
<pin id="88" dir="1" index="3" bw="1" slack="1"/>
</pin_list>
<bind>
<opcode="bitselect(1000) " fcode="bitselect"/>
<opset="tmp/1 "/>
</bind>
</comp>

<comp id="92" class="1004" name="trunc_ln_fu_92">
<pin_list>
<pin id="93" dir="0" index="0" bw="2" slack="0"/>
<pin id="94" dir="0" index="1" bw="16" slack="0"/>
<pin id="95" dir="0" index="2" bw="5" slack="0"/>
<pin id="96" dir="0" index="3" bw="5" slack="0"/>
<pin id="97" dir="1" index="4" bw="2" slack="0"/>
</pin_list>
<bind>
<opcode="partselect(1002) " fcode="partselect"/>
<opset="trunc_ln/1 "/>
</bind>
</comp>

<comp id="102" class="1004" name="tmp_218_fu_102">
<pin_list>
<pin id="103" dir="0" index="0" bw="1" slack="0"/>
<pin id="104" dir="0" index="1" bw="16" slack="0"/>
<pin id="105" dir="0" index="2" bw="4" slack="0"/>
<pin id="106" dir="1" index="3" bw="1" slack="0"/>
</pin_list>
<bind>
<opcode="bitselect(1000) " fcode="bitselect"/>
<opset="tmp_218/1 "/>
</bind>
</comp>

<comp id="110" class="1004" name="trunc_ln46_fu_110">
<pin_list>
<pin id="111" dir="0" index="0" bw="16" slack="0"/>
<pin id="112" dir="1" index="1" bw="7" slack="0"/>
</pin_list>
<bind>
<opcode="trunc(33) " fcode="trunc"/>
<opset="trunc_ln46/1 "/>
</bind>
</comp>

<comp id="114" class="1004" name="icmp_ln46_fu_114">
<pin_list>
<pin id="115" dir="0" index="0" bw="7" slack="0"/>
<pin id="116" dir="0" index="1" bw="7" slack="0"/>
<pin id="117" dir="1" index="2" bw="1" slack="0"/>
</pin_list>
<bind>
<opcode="icmp(45) " fcode="icmp"/>
<opset="icmp_ln46/1 "/>
</bind>
</comp>

<comp id="120" class="1004" name="tmp_220_fu_120">
<pin_list>
<pin id="121" dir="0" index="0" bw="1" slack="0"/>
<pin id="122" dir="0" index="1" bw="16" slack="0"/>
<pin id="123" dir="0" index="2" bw="5" slack="0"/>
<pin id="124" dir="1" index="3" bw="1" slack="0"/>
</pin_list>
<bind>
<opcode="bitselect(1000) " fcode="bitselect"/>
<opset="tmp_220/1 "/>
</bind>
</comp>

<comp id="128" class="1004" name="or_ln46_fu_128">
<pin_list>
<pin id="129" dir="0" index="0" bw="1" slack="0"/>
<pin id="130" dir="0" index="1" bw="1" slack="0"/>
<pin id="131" dir="1" index="2" bw="1" slack="0"/>
</pin_list>
<bind>
<opcode="or(24) " fcode="or"/>
<opset="or_ln46/1 "/>
</bind>
</comp>

<comp id="134" class="1004" name="and_ln46_fu_134">
<pin_list>
<pin id="135" dir="0" index="0" bw="1" slack="0"/>
<pin id="136" dir="0" index="1" bw="1" slack="0"/>
<pin id="137" dir="1" index="2" bw="1" slack="0"/>
</pin_list>
<bind>
<opcode="and(23) " fcode="and"/>
<opset="and_ln46/1 "/>
</bind>
</comp>

<comp id="140" class="1004" name="zext_ln46_fu_140">
<pin_list>
<pin id="141" dir="0" index="0" bw="1" slack="0"/>
<pin id="142" dir="1" index="1" bw="2" slack="0"/>
</pin_list>
<bind>
<opcode="zext(34) " fcode="zext"/>
<opset="zext_ln46/1 "/>
</bind>
</comp>

<comp id="144" class="1004" name="add_ln46_fu_144">
<pin_list>
<pin id="145" dir="0" index="0" bw="2" slack="0"/>
<pin id="146" dir="0" index="1" bw="1" slack="0"/>
<pin id="147" dir="1" index="2" bw="2" slack="1"/>
</pin_list>
<bind>
<opcode="add(8) " fcode="add"/>
<opset="add_ln46/1 "/>
</bind>
</comp>

<comp id="150" class="1004" name="tmp_s_fu_150">
<pin_list>
<pin id="151" dir="0" index="0" bw="6" slack="0"/>
<pin id="152" dir="0" index="1" bw="16" slack="0"/>
<pin id="153" dir="0" index="2" bw="5" slack="0"/>
<pin id="154" dir="0" index="3" bw="5" slack="0"/>
<pin id="155" dir="1" index="4" bw="6" slack="0"/>
</pin_list>
<bind>
<opcode="partselect(1002) " fcode="partselect"/>
<opset="tmp_s/1 "/>
</bind>
</comp>

<comp id="160" class="1004" name="icmp_ln46_73_fu_160">
<pin_list>
<pin id="161" dir="0" index="0" bw="6" slack="0"/>
<pin id="162" dir="0" index="1" bw="6" slack="0"/>
<pin id="163" dir="1" index="2" bw="1" slack="1"/>
</pin_list>
<bind>
<opcode="icmp(45) " fcode="icmp"/>
<opset="icmp_ln46_73/1 "/>
</bind>
</comp>

<comp id="166" class="1004" name="tmp_222_fu_166">
<pin_list>
<pin id="167" dir="0" index="0" bw="1" slack="0"/>
<pin id="168" dir="0" index="1" bw="16" slack="0"/>
<pin id="169" dir="0" index="2" bw="5" slack="0"/>
<pin id="170" dir="1" index="3" bw="1" slack="1"/>
</pin_list>
<bind>
<opcode="bitselect(1000) " fcode="bitselect"/>
<opset="tmp_222/1 "/>
</bind>
</comp>

<comp id="174" class="1004" name="trunc_ln46_s_fu_174">
<pin_list>
<pin id="175" dir="0" index="0" bw="2" slack="0"/>
<pin id="176" dir="0" index="1" bw="16" slack="0"/>
<pin id="177" dir="0" index="2" bw="5" slack="0"/>
<pin id="178" dir="0" index="3" bw="5" slack="0"/>
<pin id="179" dir="1" index="4" bw="2" slack="0"/>
</pin_list>
<bind>
<opcode="partselect(1002) " fcode="partselect"/>
<opset="trunc_ln46_s/1 "/>
</bind>
</comp>

<comp id="184" class="1004" name="tmp_223_fu_184">
<pin_list>
<pin id="185" dir="0" index="0" bw="1" slack="0"/>
<pin id="186" dir="0" index="1" bw="16" slack="0"/>
<pin id="187" dir="0" index="2" bw="4" slack="0"/>
<pin id="188" dir="1" index="3" bw="1" slack="0"/>
</pin_list>
<bind>
<opcode="bitselect(1000) " fcode="bitselect"/>
<opset="tmp_223/1 "/>
</bind>
</comp>

<comp id="192" class="1004" name="trunc_ln46_54_fu_192">
<pin_list>
<pin id="193" dir="0" index="0" bw="16" slack="0"/>
<pin id="194" dir="1" index="1" bw="7" slack="0"/>
</pin_list>
<bind>
<opcode="trunc(33) " fcode="trunc"/>
<opset="trunc_ln46_54/1 "/>
</bind>
</comp>

<comp id="196" class="1004" name="icmp_ln46_74_fu_196">
<pin_list>
<pin id="197" dir="0" index="0" bw="7" slack="0"/>
<pin id="198" dir="0" index="1" bw="7" slack="0"/>
<pin id="199" dir="1" index="2" bw="1" slack="0"/>
</pin_list>
<bind>
<opcode="icmp(45) " fcode="icmp"/>
<opset="icmp_ln46_74/1 "/>
</bind>
</comp>

<comp id="202" class="1004" name="tmp_225_fu_202">
<pin_list>
<pin id="203" dir="0" index="0" bw="1" slack="0"/>
<pin id="204" dir="0" index="1" bw="16" slack="0"/>
<pin id="205" dir="0" index="2" bw="5" slack="0"/>
<pin id="206" dir="1" index="3" bw="1" slack="0"/>
</pin_list>
<bind>
<opcode="bitselect(1000) " fcode="bitselect"/>
<opset="tmp_225/1 "/>
</bind>
</comp>

<comp id="210" class="1004" name="or_ln46_112_fu_210">
<pin_list>
<pin id="211" dir="0" index="0" bw="1" slack="0"/>
<pin id="212" dir="0" index="1" bw="1" slack="0"/>
<pin id="213" dir="1" index="2" bw="1" slack="0"/>
</pin_list>
<bind>
<opcode="or(24) " fcode="or"/>
<opset="or_ln46_112/1 "/>
</bind>
</comp>

<comp id="216" class="1004" name="and_ln46_70_fu_216">
<pin_list>
<pin id="217" dir="0" index="0" bw="1" slack="0"/>
<pin id="218" dir="0" index="1" bw="1" slack="0"/>
<pin id="219" dir="1" index="2" bw="1" slack="0"/>
</pin_list>
<bind>
<opcode="and(23) " fcode="and"/>
<opset="and_ln46_70/1 "/>
</bind>
</comp>

<comp id="222" class="1004" name="zext_ln46_36_fu_222">
<pin_list>
<pin id="223" dir="0" index="0" bw="1" slack="0"/>
<pin id="224" dir="1" index="1" bw="2" slack="0"/>
</pin_list>
<bind>
<opcode="zext(34) " fcode="zext"/>
<opset="zext_ln46_36/1 "/>
</bind>
</comp>

<comp id="226" class="1004" name="add_ln46_36_fu_226">
<pin_list>
<pin id="227" dir="0" index="0" bw="2" slack="0"/>
<pin id="228" dir="0" index="1" bw="1" slack="0"/>
<pin id="229" dir="1" index="2" bw="2" slack="1"/>
</pin_list>
<bind>
<opcode="add(8) " fcode="add"/>
<opset="add_ln46_36/1 "/>
</bind>
</comp>

<comp id="232" class="1004" name="tmp_217_fu_232">
<pin_list>
<pin id="233" dir="0" index="0" bw="6" slack="0"/>
<pin id="234" dir="0" index="1" bw="16" slack="0"/>
<pin id="235" dir="0" index="2" bw="5" slack="0"/>
<pin id="236" dir="0" index="3" bw="5" slack="0"/>
<pin id="237" dir="1" index="4" bw="6" slack="0"/>
</pin_list>
<bind>
<opcode="partselect(1002) " fcode="partselect"/>
<opset="tmp_217/1 "/>
</bind>
</comp>

<comp id="242" class="1004" name="icmp_ln46_75_fu_242">
<pin_list>
<pin id="243" dir="0" index="0" bw="6" slack="0"/>
<pin id="244" dir="0" index="1" bw="6" slack="0"/>
<pin id="245" dir="1" index="2" bw="1" slack="1"/>
</pin_list>
<bind>
<opcode="icmp(45) " fcode="icmp"/>
<opset="icmp_ln46_75/1 "/>
</bind>
</comp>

<comp id="248" class="1004" name="tmp_227_fu_248">
<pin_list>
<pin id="249" dir="0" index="0" bw="1" slack="0"/>
<pin id="250" dir="0" index="1" bw="16" slack="0"/>
<pin id="251" dir="0" index="2" bw="5" slack="0"/>
<pin id="252" dir="1" index="3" bw="1" slack="1"/>
</pin_list>
<bind>
<opcode="bitselect(1000) " fcode="bitselect"/>
<opset="tmp_227/1 "/>
</bind>
</comp>

<comp id="256" class="1004" name="trunc_ln46_34_fu_256">
<pin_list>
<pin id="257" dir="0" index="0" bw="2" slack="0"/>
<pin id="258" dir="0" index="1" bw="16" slack="0"/>
<pin id="259" dir="0" index="2" bw="5" slack="0"/>
<pin id="260" dir="0" index="3" bw="5" slack="0"/>
<pin id="261" dir="1" index="4" bw="2" slack="0"/>
</pin_list>
<bind>
<opcode="partselect(1002) " fcode="partselect"/>
<opset="trunc_ln46_34/1 "/>
</bind>
</comp>

<comp id="266" class="1004" name="tmp_228_fu_266">
<pin_list>
<pin id="267" dir="0" index="0" bw="1" slack="0"/>
<pin id="268" dir="0" index="1" bw="16" slack="0"/>
<pin id="269" dir="0" index="2" bw="4" slack="0"/>
<pin id="270" dir="1" index="3" bw="1" slack="0"/>
</pin_list>
<bind>
<opcode="bitselect(1000) " fcode="bitselect"/>
<opset="tmp_228/1 "/>
</bind>
</comp>

<comp id="274" class="1004" name="trunc_ln46_55_fu_274">
<pin_list>
<pin id="275" dir="0" index="0" bw="16" slack="0"/>
<pin id="276" dir="1" index="1" bw="7" slack="0"/>
</pin_list>
<bind>
<opcode="trunc(33) " fcode="trunc"/>
<opset="trunc_ln46_55/1 "/>
</bind>
</comp>

<comp id="278" class="1004" name="icmp_ln46_76_fu_278">
<pin_list>
<pin id="279" dir="0" index="0" bw="7" slack="0"/>
<pin id="280" dir="0" index="1" bw="7" slack="0"/>
<pin id="281" dir="1" index="2" bw="1" slack="0"/>
</pin_list>
<bind>
<opcode="icmp(45) " fcode="icmp"/>
<opset="icmp_ln46_76/1 "/>
</bind>
</comp>

<comp id="284" class="1004" name="tmp_230_fu_284">
<pin_list>
<pin id="285" dir="0" index="0" bw="1" slack="0"/>
<pin id="286" dir="0" index="1" bw="16" slack="0"/>
<pin id="287" dir="0" index="2" bw="5" slack="0"/>
<pin id="288" dir="1" index="3" bw="1" slack="0"/>
</pin_list>
<bind>
<opcode="bitselect(1000) " fcode="bitselect"/>
<opset="tmp_230/1 "/>
</bind>
</comp>

<comp id="292" class="1004" name="or_ln46_115_fu_292">
<pin_list>
<pin id="293" dir="0" index="0" bw="1" slack="0"/>
<pin id="294" dir="0" index="1" bw="1" slack="0"/>
<pin id="295" dir="1" index="2" bw="1" slack="0"/>
</pin_list>
<bind>
<opcode="or(24) " fcode="or"/>
<opset="or_ln46_115/1 "/>
</bind>
</comp>

<comp id="298" class="1004" name="and_ln46_71_fu_298">
<pin_list>
<pin id="299" dir="0" index="0" bw="1" slack="0"/>
<pin id="300" dir="0" index="1" bw="1" slack="0"/>
<pin id="301" dir="1" index="2" bw="1" slack="0"/>
</pin_list>
<bind>
<opcode="and(23) " fcode="and"/>
<opset="and_ln46_71/1 "/>
</bind>
</comp>

<comp id="304" class="1004" name="zext_ln46_37_fu_304">
<pin_list>
<pin id="305" dir="0" index="0" bw="1" slack="0"/>
<pin id="306" dir="1" index="1" bw="2" slack="0"/>
</pin_list>
<bind>
<opcode="zext(34) " fcode="zext"/>
<opset="zext_ln46_37/1 "/>
</bind>
</comp>

<comp id="308" class="1004" name="add_ln46_37_fu_308">
<pin_list>
<pin id="309" dir="0" index="0" bw="2" slack="0"/>
<pin id="310" dir="0" index="1" bw="1" slack="0"/>
<pin id="311" dir="1" index="2" bw="2" slack="1"/>
</pin_list>
<bind>
<opcode="add(8) " fcode="add"/>
<opset="add_ln46_37/1 "/>
</bind>
</comp>

<comp id="314" class="1004" name="tmp_231_fu_314">
<pin_list>
<pin id="315" dir="0" index="0" bw="6" slack="0"/>
<pin id="316" dir="0" index="1" bw="16" slack="0"/>
<pin id="317" dir="0" index="2" bw="5" slack="0"/>
<pin id="318" dir="0" index="3" bw="5" slack="0"/>
<pin id="319" dir="1" index="4" bw="6" slack="0"/>
</pin_list>
<bind>
<opcode="partselect(1002) " fcode="partselect"/>
<opset="tmp_231/1 "/>
</bind>
</comp>

<comp id="324" class="1004" name="icmp_ln46_77_fu_324">
<pin_list>
<pin id="325" dir="0" index="0" bw="6" slack="0"/>
<pin id="326" dir="0" index="1" bw="6" slack="0"/>
<pin id="327" dir="1" index="2" bw="1" slack="1"/>
</pin_list>
<bind>
<opcode="icmp(45) " fcode="icmp"/>
<opset="icmp_ln46_77/1 "/>
</bind>
</comp>

<comp id="330" class="1004" name="tmp_233_fu_330">
<pin_list>
<pin id="331" dir="0" index="0" bw="1" slack="0"/>
<pin id="332" dir="0" index="1" bw="16" slack="0"/>
<pin id="333" dir="0" index="2" bw="5" slack="0"/>
<pin id="334" dir="1" index="3" bw="1" slack="1"/>
</pin_list>
<bind>
<opcode="bitselect(1000) " fcode="bitselect"/>
<opset="tmp_233/1 "/>
</bind>
</comp>

<comp id="338" class="1004" name="trunc_ln46_35_fu_338">
<pin_list>
<pin id="339" dir="0" index="0" bw="2" slack="0"/>
<pin id="340" dir="0" index="1" bw="16" slack="0"/>
<pin id="341" dir="0" index="2" bw="5" slack="0"/>
<pin id="342" dir="0" index="3" bw="5" slack="0"/>
<pin id="343" dir="1" index="4" bw="2" slack="0"/>
</pin_list>
<bind>
<opcode="partselect(1002) " fcode="partselect"/>
<opset="trunc_ln46_35/1 "/>
</bind>
</comp>

<comp id="348" class="1004" name="tmp_234_fu_348">
<pin_list>
<pin id="349" dir="0" index="0" bw="1" slack="0"/>
<pin id="350" dir="0" index="1" bw="16" slack="0"/>
<pin id="351" dir="0" index="2" bw="4" slack="0"/>
<pin id="352" dir="1" index="3" bw="1" slack="0"/>
</pin_list>
<bind>
<opcode="bitselect(1000) " fcode="bitselect"/>
<opset="tmp_234/1 "/>
</bind>
</comp>

<comp id="356" class="1004" name="trunc_ln46_56_fu_356">
<pin_list>
<pin id="357" dir="0" index="0" bw="16" slack="0"/>
<pin id="358" dir="1" index="1" bw="7" slack="0"/>
</pin_list>
<bind>
<opcode="trunc(33) " fcode="trunc"/>
<opset="trunc_ln46_56/1 "/>
</bind>
</comp>

<comp id="360" class="1004" name="icmp_ln46_78_fu_360">
<pin_list>
<pin id="361" dir="0" index="0" bw="7" slack="0"/>
<pin id="362" dir="0" index="1" bw="7" slack="0"/>
<pin id="363" dir="1" index="2" bw="1" slack="0"/>
</pin_list>
<bind>
<opcode="icmp(45) " fcode="icmp"/>
<opset="icmp_ln46_78/1 "/>
</bind>
</comp>

<comp id="366" class="1004" name="tmp_236_fu_366">
<pin_list>
<pin id="367" dir="0" index="0" bw="1" slack="0"/>
<pin id="368" dir="0" index="1" bw="16" slack="0"/>
<pin id="369" dir="0" index="2" bw="5" slack="0"/>
<pin id="370" dir="1" index="3" bw="1" slack="0"/>
</pin_list>
<bind>
<opcode="bitselect(1000) " fcode="bitselect"/>
<opset="tmp_236/1 "/>
</bind>
</comp>

<comp id="374" class="1004" name="or_ln46_118_fu_374">
<pin_list>
<pin id="375" dir="0" index="0" bw="1" slack="0"/>
<pin id="376" dir="0" index="1" bw="1" slack="0"/>
<pin id="377" dir="1" index="2" bw="1" slack="0"/>
</pin_list>
<bind>
<opcode="or(24) " fcode="or"/>
<opset="or_ln46_118/1 "/>
</bind>
</comp>

<comp id="380" class="1004" name="and_ln46_72_fu_380">
<pin_list>
<pin id="381" dir="0" index="0" bw="1" slack="0"/>
<pin id="382" dir="0" index="1" bw="1" slack="0"/>
<pin id="383" dir="1" index="2" bw="1" slack="0"/>
</pin_list>
<bind>
<opcode="and(23) " fcode="and"/>
<opset="and_ln46_72/1 "/>
</bind>
</comp>

<comp id="386" class="1004" name="zext_ln46_38_fu_386">
<pin_list>
<pin id="387" dir="0" index="0" bw="1" slack="0"/>
<pin id="388" dir="1" index="1" bw="2" slack="0"/>
</pin_list>
<bind>
<opcode="zext(34) " fcode="zext"/>
<opset="zext_ln46_38/1 "/>
</bind>
</comp>

<comp id="390" class="1004" name="add_ln46_38_fu_390">
<pin_list>
<pin id="391" dir="0" index="0" bw="2" slack="0"/>
<pin id="392" dir="0" index="1" bw="1" slack="0"/>
<pin id="393" dir="1" index="2" bw="2" slack="1"/>
</pin_list>
<bind>
<opcode="add(8) " fcode="add"/>
<opset="add_ln46_38/1 "/>
</bind>
</comp>

<comp id="396" class="1004" name="tmp_237_fu_396">
<pin_list>
<pin id="397" dir="0" index="0" bw="6" slack="0"/>
<pin id="398" dir="0" index="1" bw="16" slack="0"/>
<pin id="399" dir="0" index="2" bw="5" slack="0"/>
<pin id="400" dir="0" index="3" bw="5" slack="0"/>
<pin id="401" dir="1" index="4" bw="6" slack="0"/>
</pin_list>
<bind>
<opcode="partselect(1002) " fcode="partselect"/>
<opset="tmp_237/1 "/>
</bind>
</comp>

<comp id="406" class="1004" name="icmp_ln46_79_fu_406">
<pin_list>
<pin id="407" dir="0" index="0" bw="6" slack="0"/>
<pin id="408" dir="0" index="1" bw="6" slack="0"/>
<pin id="409" dir="1" index="2" bw="1" slack="1"/>
</pin_list>
<bind>
<opcode="icmp(45) " fcode="icmp"/>
<opset="icmp_ln46_79/1 "/>
</bind>
</comp>

<comp id="412" class="1004" name="tmp_239_fu_412">
<pin_list>
<pin id="413" dir="0" index="0" bw="1" slack="0"/>
<pin id="414" dir="0" index="1" bw="16" slack="0"/>
<pin id="415" dir="0" index="2" bw="5" slack="0"/>
<pin id="416" dir="1" index="3" bw="1" slack="1"/>
</pin_list>
<bind>
<opcode="bitselect(1000) " fcode="bitselect"/>
<opset="tmp_239/1 "/>
</bind>
</comp>

<comp id="420" class="1004" name="trunc_ln46_36_fu_420">
<pin_list>
<pin id="421" dir="0" index="0" bw="2" slack="0"/>
<pin id="422" dir="0" index="1" bw="16" slack="0"/>
<pin id="423" dir="0" index="2" bw="5" slack="0"/>
<pin id="424" dir="0" index="3" bw="5" slack="0"/>
<pin id="425" dir="1" index="4" bw="2" slack="0"/>
</pin_list>
<bind>
<opcode="partselect(1002) " fcode="partselect"/>
<opset="trunc_ln46_36/1 "/>
</bind>
</comp>

<comp id="430" class="1004" name="tmp_240_fu_430">
<pin_list>
<pin id="431" dir="0" index="0" bw="1" slack="0"/>
<pin id="432" dir="0" index="1" bw="16" slack="0"/>
<pin id="433" dir="0" index="2" bw="4" slack="0"/>
<pin id="434" dir="1" index="3" bw="1" slack="0"/>
</pin_list>
<bind>
<opcode="bitselect(1000) " fcode="bitselect"/>
<opset="tmp_240/1 "/>
</bind>
</comp>

<comp id="438" class="1004" name="trunc_ln46_57_fu_438">
<pin_list>
<pin id="439" dir="0" index="0" bw="16" slack="0"/>
<pin id="440" dir="1" index="1" bw="7" slack="0"/>
</pin_list>
<bind>
<opcode="trunc(33) " fcode="trunc"/>
<opset="trunc_ln46_57/1 "/>
</bind>
</comp>

<comp id="442" class="1004" name="icmp_ln46_80_fu_442">
<pin_list>
<pin id="443" dir="0" index="0" bw="7" slack="0"/>
<pin id="444" dir="0" index="1" bw="7" slack="0"/>
<pin id="445" dir="1" index="2" bw="1" slack="0"/>
</pin_list>
<bind>
<opcode="icmp(45) " fcode="icmp"/>
<opset="icmp_ln46_80/1 "/>
</bind>
</comp>

<comp id="448" class="1004" name="tmp_242_fu_448">
<pin_list>
<pin id="449" dir="0" index="0" bw="1" slack="0"/>
<pin id="450" dir="0" index="1" bw="16" slack="0"/>
<pin id="451" dir="0" index="2" bw="5" slack="0"/>
<pin id="452" dir="1" index="3" bw="1" slack="0"/>
</pin_list>
<bind>
<opcode="bitselect(1000) " fcode="bitselect"/>
<opset="tmp_242/1 "/>
</bind>
</comp>

<comp id="456" class="1004" name="or_ln46_121_fu_456">
<pin_list>
<pin id="457" dir="0" index="0" bw="1" slack="0"/>
<pin id="458" dir="0" index="1" bw="1" slack="0"/>
<pin id="459" dir="1" index="2" bw="1" slack="0"/>
</pin_list>
<bind>
<opcode="or(24) " fcode="or"/>
<opset="or_ln46_121/1 "/>
</bind>
</comp>

<comp id="462" class="1004" name="and_ln46_74_fu_462">
<pin_list>
<pin id="463" dir="0" index="0" bw="1" slack="0"/>
<pin id="464" dir="0" index="1" bw="1" slack="0"/>
<pin id="465" dir="1" index="2" bw="1" slack="0"/>
</pin_list>
<bind>
<opcode="and(23) " fcode="and"/>
<opset="and_ln46_74/1 "/>
</bind>
</comp>

<comp id="468" class="1004" name="zext_ln46_39_fu_468">
<pin_list>
<pin id="469" dir="0" index="0" bw="1" slack="0"/>
<pin id="470" dir="1" index="1" bw="2" slack="0"/>
</pin_list>
<bind>
<opcode="zext(34) " fcode="zext"/>
<opset="zext_ln46_39/1 "/>
</bind>
</comp>

<comp id="472" class="1004" name="add_ln46_39_fu_472">
<pin_list>
<pin id="473" dir="0" index="0" bw="2" slack="0"/>
<pin id="474" dir="0" index="1" bw="1" slack="0"/>
<pin id="475" dir="1" index="2" bw="2" slack="1"/>
</pin_list>
<bind>
<opcode="add(8) " fcode="add"/>
<opset="add_ln46_39/1 "/>
</bind>
</comp>

<comp id="478" class="1004" name="tmp_243_fu_478">
<pin_list>
<pin id="479" dir="0" index="0" bw="6" slack="0"/>
<pin id="480" dir="0" index="1" bw="16" slack="0"/>
<pin id="481" dir="0" index="2" bw="5" slack="0"/>
<pin id="482" dir="0" index="3" bw="5" slack="0"/>
<pin id="483" dir="1" index="4" bw="6" slack="0"/>
</pin_list>
<bind>
<opcode="partselect(1002) " fcode="partselect"/>
<opset="tmp_243/1 "/>
</bind>
</comp>

<comp id="488" class="1004" name="icmp_ln46_81_fu_488">
<pin_list>
<pin id="489" dir="0" index="0" bw="6" slack="0"/>
<pin id="490" dir="0" index="1" bw="6" slack="0"/>
<pin id="491" dir="1" index="2" bw="1" slack="1"/>
</pin_list>
<bind>
<opcode="icmp(45) " fcode="icmp"/>
<opset="icmp_ln46_81/1 "/>
</bind>
</comp>

<comp id="494" class="1004" name="icmp_ln45_fu_494">
<pin_list>
<pin id="495" dir="0" index="0" bw="16" slack="1"/>
<pin id="496" dir="0" index="1" bw="16" slack="0"/>
<pin id="497" dir="1" index="2" bw="1" slack="0"/>
</pin_list>
<bind>
<opcode="icmp(45) " fcode="icmp"/>
<opset="icmp_ln45/2 "/>
</bind>
</comp>

<comp id="499" class="1004" name="tmp_219_fu_499">
<pin_list>
<pin id="500" dir="0" index="0" bw="1" slack="0"/>
<pin id="501" dir="0" index="1" bw="16" slack="1"/>
<pin id="502" dir="0" index="2" bw="5" slack="0"/>
<pin id="503" dir="1" index="3" bw="1" slack="0"/>
</pin_list>
<bind>
<opcode="bitselect(1000) " fcode="bitselect"/>
<opset="tmp_219/2 "/>
</bind>
</comp>

<comp id="506" class="1004" name="tmp_221_fu_506">
<pin_list>
<pin id="507" dir="0" index="0" bw="1" slack="0"/>
<pin id="508" dir="0" index="1" bw="2" slack="1"/>
<pin id="509" dir="0" index="2" bw="1" slack="0"/>
<pin id="510" dir="1" index="3" bw="1" slack="0"/>
</pin_list>
<bind>
<opcode="bitselect(1000) " fcode="bitselect"/>
<opset="tmp_221/2 "/>
</bind>
</comp>

<comp id="513" class="1004" name="not_tmp_257_fu_513">
<pin_list>
<pin id="514" dir="0" index="0" bw="1" slack="0"/>
<pin id="515" dir="0" index="1" bw="1" slack="0"/>
<pin id="516" dir="1" index="2" bw="1" slack="0"/>
</pin_list>
<bind>
<opcode="xor(25) " fcode="xor"/>
<opset="not_tmp_257/2 "/>
</bind>
</comp>

<comp id="519" class="1004" name="and_ln46_73_fu_519">
<pin_list>
<pin id="520" dir="0" index="0" bw="1" slack="0"/>
<pin id="521" dir="0" index="1" bw="1" slack="0"/>
<pin id="522" dir="1" index="2" bw="1" slack="0"/>
</pin_list>
<bind>
<opcode="or(24) " fcode="or"/>
<opset="and_ln46_73/2 "/>
</bind>
</comp>

<comp id="525" class="1004" name="empty_fu_525">
<pin_list>
<pin id="526" dir="0" index="0" bw="1" slack="1"/>
<pin id="527" dir="0" index="1" bw="1" slack="0"/>
<pin id="528" dir="1" index="2" bw="1" slack="0"/>
</pin_list>
<bind>
<opcode="and(23) " fcode="and"/>
<opset="empty/2 "/>
</bind>
</comp>

<comp id="530" class="1004" name="or_ln46_110_fu_530">
<pin_list>
<pin id="531" dir="0" index="0" bw="1" slack="0"/>
<pin id="532" dir="0" index="1" bw="1" slack="1"/>
<pin id="533" dir="1" index="2" bw="1" slack="0"/>
</pin_list>
<bind>
<opcode="or(24) " fcode="or"/>
<opset="or_ln46_110/2 "/>
</bind>
</comp>

<comp id="535" class="1004" name="xor_ln46_fu_535">
<pin_list>
<pin id="536" dir="0" index="0" bw="1" slack="0"/>
<pin id="537" dir="0" index="1" bw="1" slack="0"/>
<pin id="538" dir="1" index="2" bw="1" slack="0"/>
</pin_list>
<bind>
<opcode="xor(25) " fcode="xor"/>
<opset="xor_ln46/2 "/>
</bind>
</comp>

<comp id="541" class="1004" name="or_ln46_111_fu_541">
<pin_list>
<pin id="542" dir="0" index="0" bw="1" slack="1"/>
<pin id="543" dir="0" index="1" bw="1" slack="0"/>
<pin id="544" dir="1" index="2" bw="1" slack="0"/>
</pin_list>
<bind>
<opcode="or(24) " fcode="or"/>
<opset="or_ln46_111/2 "/>
</bind>
</comp>

<comp id="546" class="1004" name="select_ln46_fu_546">
<pin_list>
<pin id="547" dir="0" index="0" bw="1" slack="1"/>
<pin id="548" dir="0" index="1" bw="2" slack="0"/>
<pin id="549" dir="0" index="2" bw="2" slack="1"/>
<pin id="550" dir="1" index="3" bw="2" slack="0"/>
</pin_list>
<bind>
<opcode="select(49) " fcode="select"/>
<opset="select_ln46/2 "/>
</bind>
</comp>

<comp id="552" class="1004" name="select_ln46_110_fu_552">
<pin_list>
<pin id="553" dir="0" index="0" bw="1" slack="0"/>
<pin id="554" dir="0" index="1" bw="2" slack="0"/>
<pin id="555" dir="0" index="2" bw="2" slack="0"/>
<pin id="556" dir="1" index="3" bw="2" slack="0"/>
</pin_list>
<bind>
<opcode="select(49) " fcode="select"/>
<opset="select_ln46_110/2 "/>
</bind>
</comp>

<comp id="560" class="1004" name="select_ln46_111_fu_560">
<pin_list>
<pin id="561" dir="0" index="0" bw="1" slack="0"/>
<pin id="562" dir="0" index="1" bw="2" slack="0"/>
<pin id="563" dir="0" index="2" bw="2" slack="1"/>
<pin id="564" dir="1" index="3" bw="2" slack="0"/>
</pin_list>
<bind>
<opcode="select(49) " fcode="select"/>
<opset="select_ln46_111/2 "/>
</bind>
</comp>

<comp id="567" class="1004" name="res_0_0_fu_567">
<pin_list>
<pin id="568" dir="0" index="0" bw="1" slack="0"/>
<pin id="569" dir="0" index="1" bw="2" slack="0"/>
<pin id="570" dir="0" index="2" bw="2" slack="0"/>
<pin id="571" dir="1" index="3" bw="2" slack="0"/>
</pin_list>
<bind>
<opcode="select(49) " fcode="select"/>
<opset="res_0_0/2 "/>
</bind>
</comp>

<comp id="575" class="1004" name="icmp_ln45_36_fu_575">
<pin_list>
<pin id="576" dir="0" index="0" bw="16" slack="1"/>
<pin id="577" dir="0" index="1" bw="16" slack="0"/>
<pin id="578" dir="1" index="2" bw="1" slack="0"/>
</pin_list>
<bind>
<opcode="icmp(45) " fcode="icmp"/>
<opset="icmp_ln45_36/2 "/>
</bind>
</comp>

<comp id="580" class="1004" name="tmp_224_fu_580">
<pin_list>
<pin id="581" dir="0" index="0" bw="1" slack="0"/>
<pin id="582" dir="0" index="1" bw="16" slack="1"/>
<pin id="583" dir="0" index="2" bw="5" slack="0"/>
<pin id="584" dir="1" index="3" bw="1" slack="0"/>
</pin_list>
<bind>
<opcode="bitselect(1000) " fcode="bitselect"/>
<opset="tmp_224/2 "/>
</bind>
</comp>

<comp id="587" class="1004" name="tmp_226_fu_587">
<pin_list>
<pin id="588" dir="0" index="0" bw="1" slack="0"/>
<pin id="589" dir="0" index="1" bw="2" slack="1"/>
<pin id="590" dir="0" index="2" bw="1" slack="0"/>
<pin id="591" dir="1" index="3" bw="1" slack="0"/>
</pin_list>
<bind>
<opcode="bitselect(1000) " fcode="bitselect"/>
<opset="tmp_226/2 "/>
</bind>
</comp>

<comp id="594" class="1004" name="not_tmp_264_fu_594">
<pin_list>
<pin id="595" dir="0" index="0" bw="1" slack="0"/>
<pin id="596" dir="0" index="1" bw="1" slack="0"/>
<pin id="597" dir="1" index="2" bw="1" slack="0"/>
</pin_list>
<bind>
<opcode="xor(25) " fcode="xor"/>
<opset="not_tmp_264/2 "/>
</bind>
</comp>

<comp id="600" class="1004" name="and_ln46_75_fu_600">
<pin_list>
<pin id="601" dir="0" index="0" bw="1" slack="0"/>
<pin id="602" dir="0" index="1" bw="1" slack="0"/>
<pin id="603" dir="1" index="2" bw="1" slack="0"/>
</pin_list>
<bind>
<opcode="or(24) " fcode="or"/>
<opset="and_ln46_75/2 "/>
</bind>
</comp>

<comp id="606" class="1004" name="empty_46_fu_606">
<pin_list>
<pin id="607" dir="0" index="0" bw="1" slack="1"/>
<pin id="608" dir="0" index="1" bw="1" slack="0"/>
<pin id="609" dir="1" index="2" bw="1" slack="0"/>
</pin_list>
<bind>
<opcode="and(23) " fcode="and"/>
<opset="empty_46/2 "/>
</bind>
</comp>

<comp id="611" class="1004" name="or_ln46_113_fu_611">
<pin_list>
<pin id="612" dir="0" index="0" bw="1" slack="0"/>
<pin id="613" dir="0" index="1" bw="1" slack="1"/>
<pin id="614" dir="1" index="2" bw="1" slack="0"/>
</pin_list>
<bind>
<opcode="or(24) " fcode="or"/>
<opset="or_ln46_113/2 "/>
</bind>
</comp>

<comp id="616" class="1004" name="xor_ln46_36_fu_616">
<pin_list>
<pin id="617" dir="0" index="0" bw="1" slack="0"/>
<pin id="618" dir="0" index="1" bw="1" slack="0"/>
<pin id="619" dir="1" index="2" bw="1" slack="0"/>
</pin_list>
<bind>
<opcode="xor(25) " fcode="xor"/>
<opset="xor_ln46_36/2 "/>
</bind>
</comp>

<comp id="622" class="1004" name="or_ln46_114_fu_622">
<pin_list>
<pin id="623" dir="0" index="0" bw="1" slack="1"/>
<pin id="624" dir="0" index="1" bw="1" slack="0"/>
<pin id="625" dir="1" index="2" bw="1" slack="0"/>
</pin_list>
<bind>
<opcode="or(24) " fcode="or"/>
<opset="or_ln46_114/2 "/>
</bind>
</comp>

<comp id="627" class="1004" name="select_ln46_112_fu_627">
<pin_list>
<pin id="628" dir="0" index="0" bw="1" slack="1"/>
<pin id="629" dir="0" index="1" bw="2" slack="0"/>
<pin id="630" dir="0" index="2" bw="2" slack="1"/>
<pin id="631" dir="1" index="3" bw="2" slack="0"/>
</pin_list>
<bind>
<opcode="select(49) " fcode="select"/>
<opset="select_ln46_112/2 "/>
</bind>
</comp>

<comp id="633" class="1004" name="select_ln46_113_fu_633">
<pin_list>
<pin id="634" dir="0" index="0" bw="1" slack="0"/>
<pin id="635" dir="0" index="1" bw="2" slack="0"/>
<pin id="636" dir="0" index="2" bw="2" slack="0"/>
<pin id="637" dir="1" index="3" bw="2" slack="0"/>
</pin_list>
<bind>
<opcode="select(49) " fcode="select"/>
<opset="select_ln46_113/2 "/>
</bind>
</comp>

<comp id="641" class="1004" name="select_ln46_114_fu_641">
<pin_list>
<pin id="642" dir="0" index="0" bw="1" slack="0"/>
<pin id="643" dir="0" index="1" bw="2" slack="0"/>
<pin id="644" dir="0" index="2" bw="2" slack="1"/>
<pin id="645" dir="1" index="3" bw="2" slack="0"/>
</pin_list>
<bind>
<opcode="select(49) " fcode="select"/>
<opset="select_ln46_114/2 "/>
</bind>
</comp>

<comp id="648" class="1004" name="res_1_0_fu_648">
<pin_list>
<pin id="649" dir="0" index="0" bw="1" slack="0"/>
<pin id="650" dir="0" index="1" bw="2" slack="0"/>
<pin id="651" dir="0" index="2" bw="2" slack="0"/>
<pin id="652" dir="1" index="3" bw="2" slack="0"/>
</pin_list>
<bind>
<opcode="select(49) " fcode="select"/>
<opset="res_1_0/2 "/>
</bind>
</comp>

<comp id="656" class="1004" name="icmp_ln45_37_fu_656">
<pin_list>
<pin id="657" dir="0" index="0" bw="16" slack="1"/>
<pin id="658" dir="0" index="1" bw="16" slack="0"/>
<pin id="659" dir="1" index="2" bw="1" slack="0"/>
</pin_list>
<bind>
<opcode="icmp(45) " fcode="icmp"/>
<opset="icmp_ln45_37/2 "/>
</bind>
</comp>

<comp id="661" class="1004" name="tmp_229_fu_661">
<pin_list>
<pin id="662" dir="0" index="0" bw="1" slack="0"/>
<pin id="663" dir="0" index="1" bw="16" slack="1"/>
<pin id="664" dir="0" index="2" bw="5" slack="0"/>
<pin id="665" dir="1" index="3" bw="1" slack="0"/>
</pin_list>
<bind>
<opcode="bitselect(1000) " fcode="bitselect"/>
<opset="tmp_229/2 "/>
</bind>
</comp>

<comp id="668" class="1004" name="tmp_232_fu_668">
<pin_list>
<pin id="669" dir="0" index="0" bw="1" slack="0"/>
<pin id="670" dir="0" index="1" bw="2" slack="1"/>
<pin id="671" dir="0" index="2" bw="1" slack="0"/>
<pin id="672" dir="1" index="3" bw="1" slack="0"/>
</pin_list>
<bind>
<opcode="bitselect(1000) " fcode="bitselect"/>
<opset="tmp_232/2 "/>
</bind>
</comp>

<comp id="675" class="1004" name="not_tmp_271_fu_675">
<pin_list>
<pin id="676" dir="0" index="0" bw="1" slack="0"/>
<pin id="677" dir="0" index="1" bw="1" slack="0"/>
<pin id="678" dir="1" index="2" bw="1" slack="0"/>
</pin_list>
<bind>
<opcode="xor(25) " fcode="xor"/>
<opset="not_tmp_271/2 "/>
</bind>
</comp>

<comp id="681" class="1004" name="and_ln46_77_fu_681">
<pin_list>
<pin id="682" dir="0" index="0" bw="1" slack="0"/>
<pin id="683" dir="0" index="1" bw="1" slack="0"/>
<pin id="684" dir="1" index="2" bw="1" slack="0"/>
</pin_list>
<bind>
<opcode="or(24) " fcode="or"/>
<opset="and_ln46_77/2 "/>
</bind>
</comp>

<comp id="687" class="1004" name="empty_47_fu_687">
<pin_list>
<pin id="688" dir="0" index="0" bw="1" slack="1"/>
<pin id="689" dir="0" index="1" bw="1" slack="0"/>
<pin id="690" dir="1" index="2" bw="1" slack="0"/>
</pin_list>
<bind>
<opcode="and(23) " fcode="and"/>
<opset="empty_47/2 "/>
</bind>
</comp>

<comp id="692" class="1004" name="or_ln46_116_fu_692">
<pin_list>
<pin id="693" dir="0" index="0" bw="1" slack="0"/>
<pin id="694" dir="0" index="1" bw="1" slack="1"/>
<pin id="695" dir="1" index="2" bw="1" slack="0"/>
</pin_list>
<bind>
<opcode="or(24) " fcode="or"/>
<opset="or_ln46_116/2 "/>
</bind>
</comp>

<comp id="697" class="1004" name="xor_ln46_37_fu_697">
<pin_list>
<pin id="698" dir="0" index="0" bw="1" slack="0"/>
<pin id="699" dir="0" index="1" bw="1" slack="0"/>
<pin id="700" dir="1" index="2" bw="1" slack="0"/>
</pin_list>
<bind>
<opcode="xor(25) " fcode="xor"/>
<opset="xor_ln46_37/2 "/>
</bind>
</comp>

<comp id="703" class="1004" name="or_ln46_117_fu_703">
<pin_list>
<pin id="704" dir="0" index="0" bw="1" slack="1"/>
<pin id="705" dir="0" index="1" bw="1" slack="0"/>
<pin id="706" dir="1" index="2" bw="1" slack="0"/>
</pin_list>
<bind>
<opcode="or(24) " fcode="or"/>
<opset="or_ln46_117/2 "/>
</bind>
</comp>

<comp id="708" class="1004" name="select_ln46_115_fu_708">
<pin_list>
<pin id="709" dir="0" index="0" bw="1" slack="1"/>
<pin id="710" dir="0" index="1" bw="2" slack="0"/>
<pin id="711" dir="0" index="2" bw="2" slack="1"/>
<pin id="712" dir="1" index="3" bw="2" slack="0"/>
</pin_list>
<bind>
<opcode="select(49) " fcode="select"/>
<opset="select_ln46_115/2 "/>
</bind>
</comp>

<comp id="714" class="1004" name="select_ln46_116_fu_714">
<pin_list>
<pin id="715" dir="0" index="0" bw="1" slack="0"/>
<pin id="716" dir="0" index="1" bw="2" slack="0"/>
<pin id="717" dir="0" index="2" bw="2" slack="0"/>
<pin id="718" dir="1" index="3" bw="2" slack="0"/>
</pin_list>
<bind>
<opcode="select(49) " fcode="select"/>
<opset="select_ln46_116/2 "/>
</bind>
</comp>

<comp id="722" class="1004" name="select_ln46_117_fu_722">
<pin_list>
<pin id="723" dir="0" index="0" bw="1" slack="0"/>
<pin id="724" dir="0" index="1" bw="2" slack="0"/>
<pin id="725" dir="0" index="2" bw="2" slack="1"/>
<pin id="726" dir="1" index="3" bw="2" slack="0"/>
</pin_list>
<bind>
<opcode="select(49) " fcode="select"/>
<opset="select_ln46_117/2 "/>
</bind>
</comp>

<comp id="729" class="1004" name="res_4_0_fu_729">
<pin_list>
<pin id="730" dir="0" index="0" bw="1" slack="0"/>
<pin id="731" dir="0" index="1" bw="2" slack="0"/>
<pin id="732" dir="0" index="2" bw="2" slack="0"/>
<pin id="733" dir="1" index="3" bw="2" slack="0"/>
</pin_list>
<bind>
<opcode="select(49) " fcode="select"/>
<opset="res_4_0/2 "/>
</bind>
</comp>

<comp id="737" class="1004" name="icmp_ln45_38_fu_737">
<pin_list>
<pin id="738" dir="0" index="0" bw="16" slack="1"/>
<pin id="739" dir="0" index="1" bw="16" slack="0"/>
<pin id="740" dir="1" index="2" bw="1" slack="0"/>
</pin_list>
<bind>
<opcode="icmp(45) " fcode="icmp"/>
<opset="icmp_ln45_38/2 "/>
</bind>
</comp>

<comp id="742" class="1004" name="tmp_235_fu_742">
<pin_list>
<pin id="743" dir="0" index="0" bw="1" slack="0"/>
<pin id="744" dir="0" index="1" bw="16" slack="1"/>
<pin id="745" dir="0" index="2" bw="5" slack="0"/>
<pin id="746" dir="1" index="3" bw="1" slack="0"/>
</pin_list>
<bind>
<opcode="bitselect(1000) " fcode="bitselect"/>
<opset="tmp_235/2 "/>
</bind>
</comp>

<comp id="749" class="1004" name="tmp_238_fu_749">
<pin_list>
<pin id="750" dir="0" index="0" bw="1" slack="0"/>
<pin id="751" dir="0" index="1" bw="2" slack="1"/>
<pin id="752" dir="0" index="2" bw="1" slack="0"/>
<pin id="753" dir="1" index="3" bw="1" slack="0"/>
</pin_list>
<bind>
<opcode="bitselect(1000) " fcode="bitselect"/>
<opset="tmp_238/2 "/>
</bind>
</comp>

<comp id="756" class="1004" name="not_tmp_278_fu_756">
<pin_list>
<pin id="757" dir="0" index="0" bw="1" slack="0"/>
<pin id="758" dir="0" index="1" bw="1" slack="0"/>
<pin id="759" dir="1" index="2" bw="1" slack="0"/>
</pin_list>
<bind>
<opcode="xor(25) " fcode="xor"/>
<opset="not_tmp_278/2 "/>
</bind>
</comp>

<comp id="762" class="1004" name="and_ln46_79_fu_762">
<pin_list>
<pin id="763" dir="0" index="0" bw="1" slack="0"/>
<pin id="764" dir="0" index="1" bw="1" slack="0"/>
<pin id="765" dir="1" index="2" bw="1" slack="0"/>
</pin_list>
<bind>
<opcode="or(24) " fcode="or"/>
<opset="and_ln46_79/2 "/>
</bind>
</comp>

<comp id="768" class="1004" name="empty_48_fu_768">
<pin_list>
<pin id="769" dir="0" index="0" bw="1" slack="1"/>
<pin id="770" dir="0" index="1" bw="1" slack="0"/>
<pin id="771" dir="1" index="2" bw="1" slack="0"/>
</pin_list>
<bind>
<opcode="and(23) " fcode="and"/>
<opset="empty_48/2 "/>
</bind>
</comp>

<comp id="773" class="1004" name="or_ln46_119_fu_773">
<pin_list>
<pin id="774" dir="0" index="0" bw="1" slack="0"/>
<pin id="775" dir="0" index="1" bw="1" slack="1"/>
<pin id="776" dir="1" index="2" bw="1" slack="0"/>
</pin_list>
<bind>
<opcode="or(24) " fcode="or"/>
<opset="or_ln46_119/2 "/>
</bind>
</comp>

<comp id="778" class="1004" name="xor_ln46_38_fu_778">
<pin_list>
<pin id="779" dir="0" index="0" bw="1" slack="0"/>
<pin id="780" dir="0" index="1" bw="1" slack="0"/>
<pin id="781" dir="1" index="2" bw="1" slack="0"/>
</pin_list>
<bind>
<opcode="xor(25) " fcode="xor"/>
<opset="xor_ln46_38/2 "/>
</bind>
</comp>

<comp id="784" class="1004" name="or_ln46_120_fu_784">
<pin_list>
<pin id="785" dir="0" index="0" bw="1" slack="1"/>
<pin id="786" dir="0" index="1" bw="1" slack="0"/>
<pin id="787" dir="1" index="2" bw="1" slack="0"/>
</pin_list>
<bind>
<opcode="or(24) " fcode="or"/>
<opset="or_ln46_120/2 "/>
</bind>
</comp>

<comp id="789" class="1004" name="select_ln46_118_fu_789">
<pin_list>
<pin id="790" dir="0" index="0" bw="1" slack="1"/>
<pin id="791" dir="0" index="1" bw="2" slack="0"/>
<pin id="792" dir="0" index="2" bw="2" slack="1"/>
<pin id="793" dir="1" index="3" bw="2" slack="0"/>
</pin_list>
<bind>
<opcode="select(49) " fcode="select"/>
<opset="select_ln46_118/2 "/>
</bind>
</comp>

<comp id="795" class="1004" name="select_ln46_119_fu_795">
<pin_list>
<pin id="796" dir="0" index="0" bw="1" slack="0"/>
<pin id="797" dir="0" index="1" bw="2" slack="0"/>
<pin id="798" dir="0" index="2" bw="2" slack="0"/>
<pin id="799" dir="1" index="3" bw="2" slack="0"/>
</pin_list>
<bind>
<opcode="select(49) " fcode="select"/>
<opset="select_ln46_119/2 "/>
</bind>
</comp>

<comp id="803" class="1004" name="select_ln46_120_fu_803">
<pin_list>
<pin id="804" dir="0" index="0" bw="1" slack="0"/>
<pin id="805" dir="0" index="1" bw="2" slack="0"/>
<pin id="806" dir="0" index="2" bw="2" slack="1"/>
<pin id="807" dir="1" index="3" bw="2" slack="0"/>
</pin_list>
<bind>
<opcode="select(49) " fcode="select"/>
<opset="select_ln46_120/2 "/>
</bind>
</comp>

<comp id="810" class="1004" name="res_5_0_fu_810">
<pin_list>
<pin id="811" dir="0" index="0" bw="1" slack="0"/>
<pin id="812" dir="0" index="1" bw="2" slack="0"/>
<pin id="813" dir="0" index="2" bw="2" slack="0"/>
<pin id="814" dir="1" index="3" bw="2" slack="0"/>
</pin_list>
<bind>
<opcode="select(49) " fcode="select"/>
<opset="res_5_0/2 "/>
</bind>
</comp>

<comp id="818" class="1004" name="icmp_ln45_39_fu_818">
<pin_list>
<pin id="819" dir="0" index="0" bw="16" slack="1"/>
<pin id="820" dir="0" index="1" bw="16" slack="0"/>
<pin id="821" dir="1" index="2" bw="1" slack="0"/>
</pin_list>
<bind>
<opcode="icmp(45) " fcode="icmp"/>
<opset="icmp_ln45_39/2 "/>
</bind>
</comp>

<comp id="823" class="1004" name="tmp_241_fu_823">
<pin_list>
<pin id="824" dir="0" index="0" bw="1" slack="0"/>
<pin id="825" dir="0" index="1" bw="16" slack="1"/>
<pin id="826" dir="0" index="2" bw="5" slack="0"/>
<pin id="827" dir="1" index="3" bw="1" slack="0"/>
</pin_list>
<bind>
<opcode="bitselect(1000) " fcode="bitselect"/>
<opset="tmp_241/2 "/>
</bind>
</comp>

<comp id="830" class="1004" name="tmp_244_fu_830">
<pin_list>
<pin id="831" dir="0" index="0" bw="1" slack="0"/>
<pin id="832" dir="0" index="1" bw="2" slack="1"/>
<pin id="833" dir="0" index="2" bw="1" slack="0"/>
<pin id="834" dir="1" index="3" bw="1" slack="0"/>
</pin_list>
<bind>
<opcode="bitselect(1000) " fcode="bitselect"/>
<opset="tmp_244/2 "/>
</bind>
</comp>

<comp id="837" class="1004" name="not_tmp_285_fu_837">
<pin_list>
<pin id="838" dir="0" index="0" bw="1" slack="0"/>
<pin id="839" dir="0" index="1" bw="1" slack="0"/>
<pin id="840" dir="1" index="2" bw="1" slack="0"/>
</pin_list>
<bind>
<opcode="xor(25) " fcode="xor"/>
<opset="not_tmp_285/2 "/>
</bind>
</comp>

<comp id="843" class="1004" name="and_ln46_81_fu_843">
<pin_list>
<pin id="844" dir="0" index="0" bw="1" slack="0"/>
<pin id="845" dir="0" index="1" bw="1" slack="0"/>
<pin id="846" dir="1" index="2" bw="1" slack="0"/>
</pin_list>
<bind>
<opcode="or(24) " fcode="or"/>
<opset="and_ln46_81/2 "/>
</bind>
</comp>

<comp id="849" class="1004" name="empty_49_fu_849">
<pin_list>
<pin id="850" dir="0" index="0" bw="1" slack="1"/>
<pin id="851" dir="0" index="1" bw="1" slack="0"/>
<pin id="852" dir="1" index="2" bw="1" slack="0"/>
</pin_list>
<bind>
<opcode="and(23) " fcode="and"/>
<opset="empty_49/2 "/>
</bind>
</comp>

<comp id="854" class="1004" name="or_ln46_122_fu_854">
<pin_list>
<pin id="855" dir="0" index="0" bw="1" slack="0"/>
<pin id="856" dir="0" index="1" bw="1" slack="1"/>
<pin id="857" dir="1" index="2" bw="1" slack="0"/>
</pin_list>
<bind>
<opcode="or(24) " fcode="or"/>
<opset="or_ln46_122/2 "/>
</bind>
</comp>

<comp id="859" class="1004" name="xor_ln46_39_fu_859">
<pin_list>
<pin id="860" dir="0" index="0" bw="1" slack="0"/>
<pin id="861" dir="0" index="1" bw="1" slack="0"/>
<pin id="862" dir="1" index="2" bw="1" slack="0"/>
</pin_list>
<bind>
<opcode="xor(25) " fcode="xor"/>
<opset="xor_ln46_39/2 "/>
</bind>
</comp>

<comp id="865" class="1004" name="or_ln46_123_fu_865">
<pin_list>
<pin id="866" dir="0" index="0" bw="1" slack="1"/>
<pin id="867" dir="0" index="1" bw="1" slack="0"/>
<pin id="868" dir="1" index="2" bw="1" slack="0"/>
</pin_list>
<bind>
<opcode="or(24) " fcode="or"/>
<opset="or_ln46_123/2 "/>
</bind>
</comp>

<comp id="870" class="1004" name="select_ln46_121_fu_870">
<pin_list>
<pin id="871" dir="0" index="0" bw="1" slack="1"/>
<pin id="872" dir="0" index="1" bw="2" slack="0"/>
<pin id="873" dir="0" index="2" bw="2" slack="1"/>
<pin id="874" dir="1" index="3" bw="2" slack="0"/>
</pin_list>
<bind>
<opcode="select(49) " fcode="select"/>
<opset="select_ln46_121/2 "/>
</bind>
</comp>

<comp id="876" class="1004" name="select_ln46_122_fu_876">
<pin_list>
<pin id="877" dir="0" index="0" bw="1" slack="0"/>
<pin id="878" dir="0" index="1" bw="2" slack="0"/>
<pin id="879" dir="0" index="2" bw="2" slack="0"/>
<pin id="880" dir="1" index="3" bw="2" slack="0"/>
</pin_list>
<bind>
<opcode="select(49) " fcode="select"/>
<opset="select_ln46_122/2 "/>
</bind>
</comp>

<comp id="884" class="1004" name="select_ln46_123_fu_884">
<pin_list>
<pin id="885" dir="0" index="0" bw="1" slack="0"/>
<pin id="886" dir="0" index="1" bw="2" slack="0"/>
<pin id="887" dir="0" index="2" bw="2" slack="1"/>
<pin id="888" dir="1" index="3" bw="2" slack="0"/>
</pin_list>
<bind>
<opcode="select(49) " fcode="select"/>
<opset="select_ln46_123/2 "/>
</bind>
</comp>

<comp id="891" class="1004" name="res_6_0_fu_891">
<pin_list>
<pin id="892" dir="0" index="0" bw="1" slack="0"/>
<pin id="893" dir="0" index="1" bw="2" slack="0"/>
<pin id="894" dir="0" index="2" bw="2" slack="0"/>
<pin id="895" dir="1" index="3" bw="2" slack="0"/>
</pin_list>
<bind>
<opcode="select(49) " fcode="select"/>
<opset="res_6_0/2 "/>
</bind>
</comp>

<comp id="899" class="1004" name="newret_fu_899">
<pin_list>
<pin id="900" dir="0" index="0" bw="10" slack="0"/>
<pin id="901" dir="0" index="1" bw="2" slack="0"/>
<pin id="902" dir="1" index="2" bw="10" slack="0"/>
</pin_list>
<bind>
<opcode="insertvalue(57) " fcode="insertvalue"/>
<opset="newret/2 "/>
</bind>
</comp>

<comp id="905" class="1004" name="newret2_fu_905">
<pin_list>
<pin id="906" dir="0" index="0" bw="10" slack="0"/>
<pin id="907" dir="0" index="1" bw="2" slack="0"/>
<pin id="908" dir="1" index="2" bw="10" slack="0"/>
</pin_list>
<bind>
<opcode="insertvalue(57) " fcode="insertvalue"/>
<opset="newret2/2 "/>
</bind>
</comp>

<comp id="911" class="1004" name="newret4_fu_911">
<pin_list>
<pin id="912" dir="0" index="0" bw="10" slack="0"/>
<pin id="913" dir="0" index="1" bw="2" slack="0"/>
<pin id="914" dir="1" index="2" bw="10" slack="0"/>
</pin_list>
<bind>
<opcode="insertvalue(57) " fcode="insertvalue"/>
<opset="newret4/2 "/>
</bind>
</comp>

<comp id="917" class="1004" name="newret6_fu_917">
<pin_list>
<pin id="918" dir="0" index="0" bw="10" slack="0"/>
<pin id="919" dir="0" index="1" bw="2" slack="0"/>
<pin id="920" dir="1" index="2" bw="10" slack="0"/>
</pin_list>
<bind>
<opcode="insertvalue(57) " fcode="insertvalue"/>
<opset="newret6/2 "/>
</bind>
</comp>

<comp id="923" class="1004" name="newret8_fu_923">
<pin_list>
<pin id="924" dir="0" index="0" bw="10" slack="0"/>
<pin id="925" dir="0" index="1" bw="2" slack="0"/>
<pin id="926" dir="1" index="2" bw="10" slack="2147483647"/>
</pin_list>
<bind>
<opcode="insertvalue(57) " fcode="insertvalue"/>
<opset="newret8/2 "/>
</bind>
</comp>

<comp id="929" class="1005" name="data_6_val_read_reg_929">
<pin_list>
<pin id="930" dir="0" index="0" bw="16" slack="1"/>
<pin id="931" dir="1" index="1" bw="16" slack="1"/>
</pin_list>
<bind>
<opset="data_6_val_read "/>
</bind>
</comp>

<comp id="935" class="1005" name="data_5_val_read_reg_935">
<pin_list>
<pin id="936" dir="0" index="0" bw="16" slack="1"/>
<pin id="937" dir="1" index="1" bw="16" slack="1"/>
</pin_list>
<bind>
<opset="data_5_val_read "/>
</bind>
</comp>

<comp id="941" class="1005" name="data_4_val_read_reg_941">
<pin_list>
<pin id="942" dir="0" index="0" bw="16" slack="1"/>
<pin id="943" dir="1" index="1" bw="16" slack="1"/>
</pin_list>
<bind>
<opset="data_4_val_read "/>
</bind>
</comp>

<comp id="947" class="1005" name="data_1_val_read_reg_947">
<pin_list>
<pin id="948" dir="0" index="0" bw="16" slack="1"/>
<pin id="949" dir="1" index="1" bw="16" slack="1"/>
</pin_list>
<bind>
<opset="data_1_val_read "/>
</bind>
</comp>

<comp id="953" class="1005" name="data_0_val_read_reg_953">
<pin_list>
<pin id="954" dir="0" index="0" bw="16" slack="1"/>
<pin id="955" dir="1" index="1" bw="16" slack="1"/>
</pin_list>
<bind>
<opset="data_0_val_read "/>
</bind>
</comp>

<comp id="959" class="1005" name="tmp_reg_959">
<pin_list>
<pin id="960" dir="0" index="0" bw="1" slack="1"/>
<pin id="961" dir="1" index="1" bw="1" slack="1"/>
</pin_list>
<bind>
<opset="tmp "/>
</bind>
</comp>

<comp id="966" class="1005" name="add_ln46_reg_966">
<pin_list>
<pin id="967" dir="0" index="0" bw="2" slack="1"/>
<pin id="968" dir="1" index="1" bw="2" slack="1"/>
</pin_list>
<bind>
<opset="add_ln46 "/>
</bind>
</comp>

<comp id="973" class="1005" name="icmp_ln46_73_reg_973">
<pin_list>
<pin id="974" dir="0" index="0" bw="1" slack="1"/>
<pin id="975" dir="1" index="1" bw="1" slack="1"/>
</pin_list>
<bind>
<opset="icmp_ln46_73 "/>
</bind>
</comp>

<comp id="978" class="1005" name="tmp_222_reg_978">
<pin_list>
<pin id="979" dir="0" index="0" bw="1" slack="1"/>
<pin id="980" dir="1" index="1" bw="1" slack="1"/>
</pin_list>
<bind>
<opset="tmp_222 "/>
</bind>
</comp>

<comp id="985" class="1005" name="add_ln46_36_reg_985">
<pin_list>
<pin id="986" dir="0" index="0" bw="2" slack="1"/>
<pin id="987" dir="1" index="1" bw="2" slack="1"/>
</pin_list>
<bind>
<opset="add_ln46_36 "/>
</bind>
</comp>

<comp id="992" class="1005" name="icmp_ln46_75_reg_992">
<pin_list>
<pin id="993" dir="0" index="0" bw="1" slack="1"/>
<pin id="994" dir="1" index="1" bw="1" slack="1"/>
</pin_list>
<bind>
<opset="icmp_ln46_75 "/>
</bind>
</comp>

<comp id="997" class="1005" name="tmp_227_reg_997">
<pin_list>
<pin id="998" dir="0" index="0" bw="1" slack="1"/>
<pin id="999" dir="1" index="1" bw="1" slack="1"/>
</pin_list>
<bind>
<opset="tmp_227 "/>
</bind>
</comp>

<comp id="1004" class="1005" name="add_ln46_37_reg_1004">
<pin_list>
<pin id="1005" dir="0" index="0" bw="2" slack="1"/>
<pin id="1006" dir="1" index="1" bw="2" slack="1"/>
</pin_list>
<bind>
<opset="add_ln46_37 "/>
</bind>
</comp>

<comp id="1011" class="1005" name="icmp_ln46_77_reg_1011">
<pin_list>
<pin id="1012" dir="0" index="0" bw="1" slack="1"/>
<pin id="1013" dir="1" index="1" bw="1" slack="1"/>
</pin_list>
<bind>
<opset="icmp_ln46_77 "/>
</bind>
</comp>

<comp id="1016" class="1005" name="tmp_233_reg_1016">
<pin_list>
<pin id="1017" dir="0" index="0" bw="1" slack="1"/>
<pin id="1018" dir="1" index="1" bw="1" slack="1"/>
</pin_list>
<bind>
<opset="tmp_233 "/>
</bind>
</comp>

<comp id="1023" class="1005" name="add_ln46_38_reg_1023">
<pin_list>
<pin id="1024" dir="0" index="0" bw="2" slack="1"/>
<pin id="1025" dir="1" index="1" bw="2" slack="1"/>
</pin_list>
<bind>
<opset="add_ln46_38 "/>
</bind>
</comp>

<comp id="1030" class="1005" name="icmp_ln46_79_reg_1030">
<pin_list>
<pin id="1031" dir="0" index="0" bw="1" slack="1"/>
<pin id="1032" dir="1" index="1" bw="1" slack="1"/>
</pin_list>
<bind>
<opset="icmp_ln46_79 "/>
</bind>
</comp>

<comp id="1035" class="1005" name="tmp_239_reg_1035">
<pin_list>
<pin id="1036" dir="0" index="0" bw="1" slack="1"/>
<pin id="1037" dir="1" index="1" bw="1" slack="1"/>
</pin_list>
<bind>
<opset="tmp_239 "/>
</bind>
</comp>

<comp id="1042" class="1005" name="add_ln46_39_reg_1042">
<pin_list>
<pin id="1043" dir="0" index="0" bw="2" slack="1"/>
<pin id="1044" dir="1" index="1" bw="2" slack="1"/>
</pin_list>
<bind>
<opset="add_ln46_39 "/>
</bind>
</comp>

<comp id="1049" class="1005" name="icmp_ln46_81_reg_1049">
<pin_list>
<pin id="1050" dir="0" index="0" bw="1" slack="1"/>
<pin id="1051" dir="1" index="1" bw="1" slack="1"/>
</pin_list>
<bind>
<opset="icmp_ln46_81 "/>
</bind>
</comp>

</comp_list>

<net_list>
<net id="58"><net_src comp="10" pin="0"/><net_sink comp="54" pin=0"/></net>

<net id="59"><net_src comp="8" pin="0"/><net_sink comp="54" pin=1"/></net>

<net id="64"><net_src comp="10" pin="0"/><net_sink comp="60" pin=0"/></net>

<net id="65"><net_src comp="6" pin="0"/><net_sink comp="60" pin=1"/></net>

<net id="70"><net_src comp="10" pin="0"/><net_sink comp="66" pin=0"/></net>

<net id="71"><net_src comp="4" pin="0"/><net_sink comp="66" pin=1"/></net>

<net id="76"><net_src comp="10" pin="0"/><net_sink comp="72" pin=0"/></net>

<net id="77"><net_src comp="2" pin="0"/><net_sink comp="72" pin=1"/></net>

<net id="82"><net_src comp="10" pin="0"/><net_sink comp="78" pin=0"/></net>

<net id="83"><net_src comp="0" pin="0"/><net_sink comp="78" pin=1"/></net>

<net id="89"><net_src comp="12" pin="0"/><net_sink comp="84" pin=0"/></net>

<net id="90"><net_src comp="78" pin="2"/><net_sink comp="84" pin=1"/></net>

<net id="91"><net_src comp="14" pin="0"/><net_sink comp="84" pin=2"/></net>

<net id="98"><net_src comp="16" pin="0"/><net_sink comp="92" pin=0"/></net>

<net id="99"><net_src comp="78" pin="2"/><net_sink comp="92" pin=1"/></net>

<net id="100"><net_src comp="18" pin="0"/><net_sink comp="92" pin=2"/></net>

<net id="101"><net_src comp="20" pin="0"/><net_sink comp="92" pin=3"/></net>

<net id="107"><net_src comp="12" pin="0"/><net_sink comp="102" pin=0"/></net>

<net id="108"><net_src comp="78" pin="2"/><net_sink comp="102" pin=1"/></net>

<net id="109"><net_src comp="22" pin="0"/><net_sink comp="102" pin=2"/></net>

<net id="113"><net_src comp="78" pin="2"/><net_sink comp="110" pin=0"/></net>

<net id="118"><net_src comp="110" pin="1"/><net_sink comp="114" pin=0"/></net>

<net id="119"><net_src comp="24" pin="0"/><net_sink comp="114" pin=1"/></net>

<net id="125"><net_src comp="12" pin="0"/><net_sink comp="120" pin=0"/></net>

<net id="126"><net_src comp="78" pin="2"/><net_sink comp="120" pin=1"/></net>

<net id="127"><net_src comp="18" pin="0"/><net_sink comp="120" pin=2"/></net>

<net id="132"><net_src comp="120" pin="3"/><net_sink comp="128" pin=0"/></net>

<net id="133"><net_src comp="114" pin="2"/><net_sink comp="128" pin=1"/></net>

<net id="138"><net_src comp="128" pin="2"/><net_sink comp="134" pin=0"/></net>

<net id="139"><net_src comp="102" pin="3"/><net_sink comp="134" pin=1"/></net>

<net id="143"><net_src comp="134" pin="2"/><net_sink comp="140" pin=0"/></net>

<net id="148"><net_src comp="92" pin="4"/><net_sink comp="144" pin=0"/></net>

<net id="149"><net_src comp="140" pin="1"/><net_sink comp="144" pin=1"/></net>

<net id="156"><net_src comp="26" pin="0"/><net_sink comp="150" pin=0"/></net>

<net id="157"><net_src comp="78" pin="2"/><net_sink comp="150" pin=1"/></net>

<net id="158"><net_src comp="28" pin="0"/><net_sink comp="150" pin=2"/></net>

<net id="159"><net_src comp="14" pin="0"/><net_sink comp="150" pin=3"/></net>

<net id="164"><net_src comp="150" pin="4"/><net_sink comp="160" pin=0"/></net>

<net id="165"><net_src comp="30" pin="0"/><net_sink comp="160" pin=1"/></net>

<net id="171"><net_src comp="12" pin="0"/><net_sink comp="166" pin=0"/></net>

<net id="172"><net_src comp="72" pin="2"/><net_sink comp="166" pin=1"/></net>

<net id="173"><net_src comp="14" pin="0"/><net_sink comp="166" pin=2"/></net>

<net id="180"><net_src comp="16" pin="0"/><net_sink comp="174" pin=0"/></net>

<net id="181"><net_src comp="72" pin="2"/><net_sink comp="174" pin=1"/></net>

<net id="182"><net_src comp="18" pin="0"/><net_sink comp="174" pin=2"/></net>

<net id="183"><net_src comp="20" pin="0"/><net_sink comp="174" pin=3"/></net>

<net id="189"><net_src comp="12" pin="0"/><net_sink comp="184" pin=0"/></net>

<net id="190"><net_src comp="72" pin="2"/><net_sink comp="184" pin=1"/></net>

<net id="191"><net_src comp="22" pin="0"/><net_sink comp="184" pin=2"/></net>

<net id="195"><net_src comp="72" pin="2"/><net_sink comp="192" pin=0"/></net>

<net id="200"><net_src comp="192" pin="1"/><net_sink comp="196" pin=0"/></net>

<net id="201"><net_src comp="24" pin="0"/><net_sink comp="196" pin=1"/></net>

<net id="207"><net_src comp="12" pin="0"/><net_sink comp="202" pin=0"/></net>

<net id="208"><net_src comp="72" pin="2"/><net_sink comp="202" pin=1"/></net>

<net id="209"><net_src comp="18" pin="0"/><net_sink comp="202" pin=2"/></net>

<net id="214"><net_src comp="202" pin="3"/><net_sink comp="210" pin=0"/></net>

<net id="215"><net_src comp="196" pin="2"/><net_sink comp="210" pin=1"/></net>

<net id="220"><net_src comp="210" pin="2"/><net_sink comp="216" pin=0"/></net>

<net id="221"><net_src comp="184" pin="3"/><net_sink comp="216" pin=1"/></net>

<net id="225"><net_src comp="216" pin="2"/><net_sink comp="222" pin=0"/></net>

<net id="230"><net_src comp="174" pin="4"/><net_sink comp="226" pin=0"/></net>

<net id="231"><net_src comp="222" pin="1"/><net_sink comp="226" pin=1"/></net>

<net id="238"><net_src comp="26" pin="0"/><net_sink comp="232" pin=0"/></net>

<net id="239"><net_src comp="72" pin="2"/><net_sink comp="232" pin=1"/></net>

<net id="240"><net_src comp="28" pin="0"/><net_sink comp="232" pin=2"/></net>

<net id="241"><net_src comp="14" pin="0"/><net_sink comp="232" pin=3"/></net>

<net id="246"><net_src comp="232" pin="4"/><net_sink comp="242" pin=0"/></net>

<net id="247"><net_src comp="30" pin="0"/><net_sink comp="242" pin=1"/></net>

<net id="253"><net_src comp="12" pin="0"/><net_sink comp="248" pin=0"/></net>

<net id="254"><net_src comp="66" pin="2"/><net_sink comp="248" pin=1"/></net>

<net id="255"><net_src comp="14" pin="0"/><net_sink comp="248" pin=2"/></net>

<net id="262"><net_src comp="16" pin="0"/><net_sink comp="256" pin=0"/></net>

<net id="263"><net_src comp="66" pin="2"/><net_sink comp="256" pin=1"/></net>

<net id="264"><net_src comp="18" pin="0"/><net_sink comp="256" pin=2"/></net>

<net id="265"><net_src comp="20" pin="0"/><net_sink comp="256" pin=3"/></net>

<net id="271"><net_src comp="12" pin="0"/><net_sink comp="266" pin=0"/></net>

<net id="272"><net_src comp="66" pin="2"/><net_sink comp="266" pin=1"/></net>

<net id="273"><net_src comp="22" pin="0"/><net_sink comp="266" pin=2"/></net>

<net id="277"><net_src comp="66" pin="2"/><net_sink comp="274" pin=0"/></net>

<net id="282"><net_src comp="274" pin="1"/><net_sink comp="278" pin=0"/></net>

<net id="283"><net_src comp="24" pin="0"/><net_sink comp="278" pin=1"/></net>

<net id="289"><net_src comp="12" pin="0"/><net_sink comp="284" pin=0"/></net>

<net id="290"><net_src comp="66" pin="2"/><net_sink comp="284" pin=1"/></net>

<net id="291"><net_src comp="18" pin="0"/><net_sink comp="284" pin=2"/></net>

<net id="296"><net_src comp="284" pin="3"/><net_sink comp="292" pin=0"/></net>

<net id="297"><net_src comp="278" pin="2"/><net_sink comp="292" pin=1"/></net>

<net id="302"><net_src comp="292" pin="2"/><net_sink comp="298" pin=0"/></net>

<net id="303"><net_src comp="266" pin="3"/><net_sink comp="298" pin=1"/></net>

<net id="307"><net_src comp="298" pin="2"/><net_sink comp="304" pin=0"/></net>

<net id="312"><net_src comp="256" pin="4"/><net_sink comp="308" pin=0"/></net>

<net id="313"><net_src comp="304" pin="1"/><net_sink comp="308" pin=1"/></net>

<net id="320"><net_src comp="26" pin="0"/><net_sink comp="314" pin=0"/></net>

<net id="321"><net_src comp="66" pin="2"/><net_sink comp="314" pin=1"/></net>

<net id="322"><net_src comp="28" pin="0"/><net_sink comp="314" pin=2"/></net>

<net id="323"><net_src comp="14" pin="0"/><net_sink comp="314" pin=3"/></net>

<net id="328"><net_src comp="314" pin="4"/><net_sink comp="324" pin=0"/></net>

<net id="329"><net_src comp="30" pin="0"/><net_sink comp="324" pin=1"/></net>

<net id="335"><net_src comp="12" pin="0"/><net_sink comp="330" pin=0"/></net>

<net id="336"><net_src comp="60" pin="2"/><net_sink comp="330" pin=1"/></net>

<net id="337"><net_src comp="14" pin="0"/><net_sink comp="330" pin=2"/></net>

<net id="344"><net_src comp="16" pin="0"/><net_sink comp="338" pin=0"/></net>

<net id="345"><net_src comp="60" pin="2"/><net_sink comp="338" pin=1"/></net>

<net id="346"><net_src comp="18" pin="0"/><net_sink comp="338" pin=2"/></net>

<net id="347"><net_src comp="20" pin="0"/><net_sink comp="338" pin=3"/></net>

<net id="353"><net_src comp="12" pin="0"/><net_sink comp="348" pin=0"/></net>

<net id="354"><net_src comp="60" pin="2"/><net_sink comp="348" pin=1"/></net>

<net id="355"><net_src comp="22" pin="0"/><net_sink comp="348" pin=2"/></net>

<net id="359"><net_src comp="60" pin="2"/><net_sink comp="356" pin=0"/></net>

<net id="364"><net_src comp="356" pin="1"/><net_sink comp="360" pin=0"/></net>

<net id="365"><net_src comp="24" pin="0"/><net_sink comp="360" pin=1"/></net>

<net id="371"><net_src comp="12" pin="0"/><net_sink comp="366" pin=0"/></net>

<net id="372"><net_src comp="60" pin="2"/><net_sink comp="366" pin=1"/></net>

<net id="373"><net_src comp="18" pin="0"/><net_sink comp="366" pin=2"/></net>

<net id="378"><net_src comp="366" pin="3"/><net_sink comp="374" pin=0"/></net>

<net id="379"><net_src comp="360" pin="2"/><net_sink comp="374" pin=1"/></net>

<net id="384"><net_src comp="374" pin="2"/><net_sink comp="380" pin=0"/></net>

<net id="385"><net_src comp="348" pin="3"/><net_sink comp="380" pin=1"/></net>

<net id="389"><net_src comp="380" pin="2"/><net_sink comp="386" pin=0"/></net>

<net id="394"><net_src comp="338" pin="4"/><net_sink comp="390" pin=0"/></net>

<net id="395"><net_src comp="386" pin="1"/><net_sink comp="390" pin=1"/></net>

<net id="402"><net_src comp="26" pin="0"/><net_sink comp="396" pin=0"/></net>

<net id="403"><net_src comp="60" pin="2"/><net_sink comp="396" pin=1"/></net>

<net id="404"><net_src comp="28" pin="0"/><net_sink comp="396" pin=2"/></net>

<net id="405"><net_src comp="14" pin="0"/><net_sink comp="396" pin=3"/></net>

<net id="410"><net_src comp="396" pin="4"/><net_sink comp="406" pin=0"/></net>

<net id="411"><net_src comp="30" pin="0"/><net_sink comp="406" pin=1"/></net>

<net id="417"><net_src comp="12" pin="0"/><net_sink comp="412" pin=0"/></net>

<net id="418"><net_src comp="54" pin="2"/><net_sink comp="412" pin=1"/></net>

<net id="419"><net_src comp="14" pin="0"/><net_sink comp="412" pin=2"/></net>

<net id="426"><net_src comp="16" pin="0"/><net_sink comp="420" pin=0"/></net>

<net id="427"><net_src comp="54" pin="2"/><net_sink comp="420" pin=1"/></net>

<net id="428"><net_src comp="18" pin="0"/><net_sink comp="420" pin=2"/></net>

<net id="429"><net_src comp="20" pin="0"/><net_sink comp="420" pin=3"/></net>

<net id="435"><net_src comp="12" pin="0"/><net_sink comp="430" pin=0"/></net>

<net id="436"><net_src comp="54" pin="2"/><net_sink comp="430" pin=1"/></net>

<net id="437"><net_src comp="22" pin="0"/><net_sink comp="430" pin=2"/></net>

<net id="441"><net_src comp="54" pin="2"/><net_sink comp="438" pin=0"/></net>

<net id="446"><net_src comp="438" pin="1"/><net_sink comp="442" pin=0"/></net>

<net id="447"><net_src comp="24" pin="0"/><net_sink comp="442" pin=1"/></net>

<net id="453"><net_src comp="12" pin="0"/><net_sink comp="448" pin=0"/></net>

<net id="454"><net_src comp="54" pin="2"/><net_sink comp="448" pin=1"/></net>

<net id="455"><net_src comp="18" pin="0"/><net_sink comp="448" pin=2"/></net>

<net id="460"><net_src comp="448" pin="3"/><net_sink comp="456" pin=0"/></net>

<net id="461"><net_src comp="442" pin="2"/><net_sink comp="456" pin=1"/></net>

<net id="466"><net_src comp="456" pin="2"/><net_sink comp="462" pin=0"/></net>

<net id="467"><net_src comp="430" pin="3"/><net_sink comp="462" pin=1"/></net>

<net id="471"><net_src comp="462" pin="2"/><net_sink comp="468" pin=0"/></net>

<net id="476"><net_src comp="420" pin="4"/><net_sink comp="472" pin=0"/></net>

<net id="477"><net_src comp="468" pin="1"/><net_sink comp="472" pin=1"/></net>

<net id="484"><net_src comp="26" pin="0"/><net_sink comp="478" pin=0"/></net>

<net id="485"><net_src comp="54" pin="2"/><net_sink comp="478" pin=1"/></net>

<net id="486"><net_src comp="28" pin="0"/><net_sink comp="478" pin=2"/></net>

<net id="487"><net_src comp="14" pin="0"/><net_sink comp="478" pin=3"/></net>

<net id="492"><net_src comp="478" pin="4"/><net_sink comp="488" pin=0"/></net>

<net id="493"><net_src comp="30" pin="0"/><net_sink comp="488" pin=1"/></net>

<net id="498"><net_src comp="40" pin="0"/><net_sink comp="494" pin=1"/></net>

<net id="504"><net_src comp="12" pin="0"/><net_sink comp="499" pin=0"/></net>

<net id="505"><net_src comp="20" pin="0"/><net_sink comp="499" pin=2"/></net>

<net id="511"><net_src comp="42" pin="0"/><net_sink comp="506" pin=0"/></net>

<net id="512"><net_src comp="44" pin="0"/><net_sink comp="506" pin=2"/></net>

<net id="517"><net_src comp="499" pin="3"/><net_sink comp="513" pin=0"/></net>

<net id="518"><net_src comp="46" pin="0"/><net_sink comp="513" pin=1"/></net>

<net id="523"><net_src comp="506" pin="3"/><net_sink comp="519" pin=0"/></net>

<net id="524"><net_src comp="513" pin="2"/><net_sink comp="519" pin=1"/></net>

<net id="529"><net_src comp="519" pin="2"/><net_sink comp="525" pin=1"/></net>

<net id="534"><net_src comp="525" pin="2"/><net_sink comp="530" pin=0"/></net>

<net id="539"><net_src comp="525" pin="2"/><net_sink comp="535" pin=0"/></net>

<net id="540"><net_src comp="46" pin="0"/><net_sink comp="535" pin=1"/></net>

<net id="545"><net_src comp="535" pin="2"/><net_sink comp="541" pin=1"/></net>

<net id="551"><net_src comp="48" pin="0"/><net_sink comp="546" pin=1"/></net>

<net id="557"><net_src comp="530" pin="2"/><net_sink comp="552" pin=0"/></net>

<net id="558"><net_src comp="546" pin="3"/><net_sink comp="552" pin=1"/></net>

<net id="559"><net_src comp="50" pin="0"/><net_sink comp="552" pin=2"/></net>

<net id="565"><net_src comp="541" pin="2"/><net_sink comp="560" pin=0"/></net>

<net id="566"><net_src comp="552" pin="3"/><net_sink comp="560" pin=1"/></net>

<net id="572"><net_src comp="494" pin="2"/><net_sink comp="567" pin=0"/></net>

<net id="573"><net_src comp="560" pin="3"/><net_sink comp="567" pin=1"/></net>

<net id="574"><net_src comp="48" pin="0"/><net_sink comp="567" pin=2"/></net>

<net id="579"><net_src comp="40" pin="0"/><net_sink comp="575" pin=1"/></net>

<net id="585"><net_src comp="12" pin="0"/><net_sink comp="580" pin=0"/></net>

<net id="586"><net_src comp="20" pin="0"/><net_sink comp="580" pin=2"/></net>

<net id="592"><net_src comp="42" pin="0"/><net_sink comp="587" pin=0"/></net>

<net id="593"><net_src comp="44" pin="0"/><net_sink comp="587" pin=2"/></net>

<net id="598"><net_src comp="580" pin="3"/><net_sink comp="594" pin=0"/></net>

<net id="599"><net_src comp="46" pin="0"/><net_sink comp="594" pin=1"/></net>

<net id="604"><net_src comp="587" pin="3"/><net_sink comp="600" pin=0"/></net>

<net id="605"><net_src comp="594" pin="2"/><net_sink comp="600" pin=1"/></net>

<net id="610"><net_src comp="600" pin="2"/><net_sink comp="606" pin=1"/></net>

<net id="615"><net_src comp="606" pin="2"/><net_sink comp="611" pin=0"/></net>

<net id="620"><net_src comp="606" pin="2"/><net_sink comp="616" pin=0"/></net>

<net id="621"><net_src comp="46" pin="0"/><net_sink comp="616" pin=1"/></net>

<net id="626"><net_src comp="616" pin="2"/><net_sink comp="622" pin=1"/></net>

<net id="632"><net_src comp="48" pin="0"/><net_sink comp="627" pin=1"/></net>

<net id="638"><net_src comp="611" pin="2"/><net_sink comp="633" pin=0"/></net>

<net id="639"><net_src comp="627" pin="3"/><net_sink comp="633" pin=1"/></net>

<net id="640"><net_src comp="50" pin="0"/><net_sink comp="633" pin=2"/></net>

<net id="646"><net_src comp="622" pin="2"/><net_sink comp="641" pin=0"/></net>

<net id="647"><net_src comp="633" pin="3"/><net_sink comp="641" pin=1"/></net>

<net id="653"><net_src comp="575" pin="2"/><net_sink comp="648" pin=0"/></net>

<net id="654"><net_src comp="641" pin="3"/><net_sink comp="648" pin=1"/></net>

<net id="655"><net_src comp="48" pin="0"/><net_sink comp="648" pin=2"/></net>

<net id="660"><net_src comp="40" pin="0"/><net_sink comp="656" pin=1"/></net>

<net id="666"><net_src comp="12" pin="0"/><net_sink comp="661" pin=0"/></net>

<net id="667"><net_src comp="20" pin="0"/><net_sink comp="661" pin=2"/></net>

<net id="673"><net_src comp="42" pin="0"/><net_sink comp="668" pin=0"/></net>

<net id="674"><net_src comp="44" pin="0"/><net_sink comp="668" pin=2"/></net>

<net id="679"><net_src comp="661" pin="3"/><net_sink comp="675" pin=0"/></net>

<net id="680"><net_src comp="46" pin="0"/><net_sink comp="675" pin=1"/></net>

<net id="685"><net_src comp="668" pin="3"/><net_sink comp="681" pin=0"/></net>

<net id="686"><net_src comp="675" pin="2"/><net_sink comp="681" pin=1"/></net>

<net id="691"><net_src comp="681" pin="2"/><net_sink comp="687" pin=1"/></net>

<net id="696"><net_src comp="687" pin="2"/><net_sink comp="692" pin=0"/></net>

<net id="701"><net_src comp="687" pin="2"/><net_sink comp="697" pin=0"/></net>

<net id="702"><net_src comp="46" pin="0"/><net_sink comp="697" pin=1"/></net>

<net id="707"><net_src comp="697" pin="2"/><net_sink comp="703" pin=1"/></net>

<net id="713"><net_src comp="48" pin="0"/><net_sink comp="708" pin=1"/></net>

<net id="719"><net_src comp="692" pin="2"/><net_sink comp="714" pin=0"/></net>

<net id="720"><net_src comp="708" pin="3"/><net_sink comp="714" pin=1"/></net>

<net id="721"><net_src comp="50" pin="0"/><net_sink comp="714" pin=2"/></net>

<net id="727"><net_src comp="703" pin="2"/><net_sink comp="722" pin=0"/></net>

<net id="728"><net_src comp="714" pin="3"/><net_sink comp="722" pin=1"/></net>

<net id="734"><net_src comp="656" pin="2"/><net_sink comp="729" pin=0"/></net>

<net id="735"><net_src comp="722" pin="3"/><net_sink comp="729" pin=1"/></net>

<net id="736"><net_src comp="48" pin="0"/><net_sink comp="729" pin=2"/></net>

<net id="741"><net_src comp="40" pin="0"/><net_sink comp="737" pin=1"/></net>

<net id="747"><net_src comp="12" pin="0"/><net_sink comp="742" pin=0"/></net>

<net id="748"><net_src comp="20" pin="0"/><net_sink comp="742" pin=2"/></net>

<net id="754"><net_src comp="42" pin="0"/><net_sink comp="749" pin=0"/></net>

<net id="755"><net_src comp="44" pin="0"/><net_sink comp="749" pin=2"/></net>

<net id="760"><net_src comp="742" pin="3"/><net_sink comp="756" pin=0"/></net>

<net id="761"><net_src comp="46" pin="0"/><net_sink comp="756" pin=1"/></net>

<net id="766"><net_src comp="749" pin="3"/><net_sink comp="762" pin=0"/></net>

<net id="767"><net_src comp="756" pin="2"/><net_sink comp="762" pin=1"/></net>

<net id="772"><net_src comp="762" pin="2"/><net_sink comp="768" pin=1"/></net>

<net id="777"><net_src comp="768" pin="2"/><net_sink comp="773" pin=0"/></net>

<net id="782"><net_src comp="768" pin="2"/><net_sink comp="778" pin=0"/></net>

<net id="783"><net_src comp="46" pin="0"/><net_sink comp="778" pin=1"/></net>

<net id="788"><net_src comp="778" pin="2"/><net_sink comp="784" pin=1"/></net>

<net id="794"><net_src comp="48" pin="0"/><net_sink comp="789" pin=1"/></net>

<net id="800"><net_src comp="773" pin="2"/><net_sink comp="795" pin=0"/></net>

<net id="801"><net_src comp="789" pin="3"/><net_sink comp="795" pin=1"/></net>

<net id="802"><net_src comp="50" pin="0"/><net_sink comp="795" pin=2"/></net>

<net id="808"><net_src comp="784" pin="2"/><net_sink comp="803" pin=0"/></net>

<net id="809"><net_src comp="795" pin="3"/><net_sink comp="803" pin=1"/></net>

<net id="815"><net_src comp="737" pin="2"/><net_sink comp="810" pin=0"/></net>

<net id="816"><net_src comp="803" pin="3"/><net_sink comp="810" pin=1"/></net>

<net id="817"><net_src comp="48" pin="0"/><net_sink comp="810" pin=2"/></net>

<net id="822"><net_src comp="40" pin="0"/><net_sink comp="818" pin=1"/></net>

<net id="828"><net_src comp="12" pin="0"/><net_sink comp="823" pin=0"/></net>

<net id="829"><net_src comp="20" pin="0"/><net_sink comp="823" pin=2"/></net>

<net id="835"><net_src comp="42" pin="0"/><net_sink comp="830" pin=0"/></net>

<net id="836"><net_src comp="44" pin="0"/><net_sink comp="830" pin=2"/></net>

<net id="841"><net_src comp="823" pin="3"/><net_sink comp="837" pin=0"/></net>

<net id="842"><net_src comp="46" pin="0"/><net_sink comp="837" pin=1"/></net>

<net id="847"><net_src comp="830" pin="3"/><net_sink comp="843" pin=0"/></net>

<net id="848"><net_src comp="837" pin="2"/><net_sink comp="843" pin=1"/></net>

<net id="853"><net_src comp="843" pin="2"/><net_sink comp="849" pin=1"/></net>

<net id="858"><net_src comp="849" pin="2"/><net_sink comp="854" pin=0"/></net>

<net id="863"><net_src comp="849" pin="2"/><net_sink comp="859" pin=0"/></net>

<net id="864"><net_src comp="46" pin="0"/><net_sink comp="859" pin=1"/></net>

<net id="869"><net_src comp="859" pin="2"/><net_sink comp="865" pin=1"/></net>

<net id="875"><net_src comp="48" pin="0"/><net_sink comp="870" pin=1"/></net>

<net id="881"><net_src comp="854" pin="2"/><net_sink comp="876" pin=0"/></net>

<net id="882"><net_src comp="870" pin="3"/><net_sink comp="876" pin=1"/></net>

<net id="883"><net_src comp="50" pin="0"/><net_sink comp="876" pin=2"/></net>

<net id="889"><net_src comp="865" pin="2"/><net_sink comp="884" pin=0"/></net>

<net id="890"><net_src comp="876" pin="3"/><net_sink comp="884" pin=1"/></net>

<net id="896"><net_src comp="818" pin="2"/><net_sink comp="891" pin=0"/></net>

<net id="897"><net_src comp="884" pin="3"/><net_sink comp="891" pin=1"/></net>

<net id="898"><net_src comp="48" pin="0"/><net_sink comp="891" pin=2"/></net>

<net id="903"><net_src comp="52" pin="0"/><net_sink comp="899" pin=0"/></net>

<net id="904"><net_src comp="567" pin="3"/><net_sink comp="899" pin=1"/></net>

<net id="909"><net_src comp="899" pin="2"/><net_sink comp="905" pin=0"/></net>

<net id="910"><net_src comp="648" pin="3"/><net_sink comp="905" pin=1"/></net>

<net id="915"><net_src comp="905" pin="2"/><net_sink comp="911" pin=0"/></net>

<net id="916"><net_src comp="729" pin="3"/><net_sink comp="911" pin=1"/></net>

<net id="921"><net_src comp="911" pin="2"/><net_sink comp="917" pin=0"/></net>

<net id="922"><net_src comp="810" pin="3"/><net_sink comp="917" pin=1"/></net>

<net id="927"><net_src comp="917" pin="2"/><net_sink comp="923" pin=0"/></net>

<net id="928"><net_src comp="891" pin="3"/><net_sink comp="923" pin=1"/></net>

<net id="932"><net_src comp="54" pin="2"/><net_sink comp="929" pin=0"/></net>

<net id="933"><net_src comp="929" pin="1"/><net_sink comp="818" pin=0"/></net>

<net id="934"><net_src comp="929" pin="1"/><net_sink comp="823" pin=1"/></net>

<net id="938"><net_src comp="60" pin="2"/><net_sink comp="935" pin=0"/></net>

<net id="939"><net_src comp="935" pin="1"/><net_sink comp="737" pin=0"/></net>

<net id="940"><net_src comp="935" pin="1"/><net_sink comp="742" pin=1"/></net>

<net id="944"><net_src comp="66" pin="2"/><net_sink comp="941" pin=0"/></net>

<net id="945"><net_src comp="941" pin="1"/><net_sink comp="656" pin=0"/></net>

<net id="946"><net_src comp="941" pin="1"/><net_sink comp="661" pin=1"/></net>

<net id="950"><net_src comp="72" pin="2"/><net_sink comp="947" pin=0"/></net>

<net id="951"><net_src comp="947" pin="1"/><net_sink comp="575" pin=0"/></net>

<net id="952"><net_src comp="947" pin="1"/><net_sink comp="580" pin=1"/></net>

<net id="956"><net_src comp="78" pin="2"/><net_sink comp="953" pin=0"/></net>

<net id="957"><net_src comp="953" pin="1"/><net_sink comp="494" pin=0"/></net>

<net id="958"><net_src comp="953" pin="1"/><net_sink comp="499" pin=1"/></net>

<net id="962"><net_src comp="84" pin="3"/><net_sink comp="959" pin=0"/></net>

<net id="963"><net_src comp="959" pin="1"/><net_sink comp="530" pin=1"/></net>

<net id="964"><net_src comp="959" pin="1"/><net_sink comp="541" pin=0"/></net>

<net id="965"><net_src comp="959" pin="1"/><net_sink comp="546" pin=0"/></net>

<net id="969"><net_src comp="144" pin="2"/><net_sink comp="966" pin=0"/></net>

<net id="970"><net_src comp="966" pin="1"/><net_sink comp="506" pin=1"/></net>

<net id="971"><net_src comp="966" pin="1"/><net_sink comp="546" pin=2"/></net>

<net id="972"><net_src comp="966" pin="1"/><net_sink comp="560" pin=2"/></net>

<net id="976"><net_src comp="160" pin="2"/><net_sink comp="973" pin=0"/></net>

<net id="977"><net_src comp="973" pin="1"/><net_sink comp="525" pin=0"/></net>

<net id="981"><net_src comp="166" pin="3"/><net_sink comp="978" pin=0"/></net>

<net id="982"><net_src comp="978" pin="1"/><net_sink comp="611" pin=1"/></net>

<net id="983"><net_src comp="978" pin="1"/><net_sink comp="622" pin=0"/></net>

<net id="984"><net_src comp="978" pin="1"/><net_sink comp="627" pin=0"/></net>

<net id="988"><net_src comp="226" pin="2"/><net_sink comp="985" pin=0"/></net>

<net id="989"><net_src comp="985" pin="1"/><net_sink comp="587" pin=1"/></net>

<net id="990"><net_src comp="985" pin="1"/><net_sink comp="627" pin=2"/></net>

<net id="991"><net_src comp="985" pin="1"/><net_sink comp="641" pin=2"/></net>

<net id="995"><net_src comp="242" pin="2"/><net_sink comp="992" pin=0"/></net>

<net id="996"><net_src comp="992" pin="1"/><net_sink comp="606" pin=0"/></net>

<net id="1000"><net_src comp="248" pin="3"/><net_sink comp="997" pin=0"/></net>

<net id="1001"><net_src comp="997" pin="1"/><net_sink comp="692" pin=1"/></net>

<net id="1002"><net_src comp="997" pin="1"/><net_sink comp="703" pin=0"/></net>

<net id="1003"><net_src comp="997" pin="1"/><net_sink comp="708" pin=0"/></net>

<net id="1007"><net_src comp="308" pin="2"/><net_sink comp="1004" pin=0"/></net>

<net id="1008"><net_src comp="1004" pin="1"/><net_sink comp="668" pin=1"/></net>

<net id="1009"><net_src comp="1004" pin="1"/><net_sink comp="708" pin=2"/></net>

<net id="1010"><net_src comp="1004" pin="1"/><net_sink comp="722" pin=2"/></net>

<net id="1014"><net_src comp="324" pin="2"/><net_sink comp="1011" pin=0"/></net>

<net id="1015"><net_src comp="1011" pin="1"/><net_sink comp="687" pin=0"/></net>

<net id="1019"><net_src comp="330" pin="3"/><net_sink comp="1016" pin=0"/></net>

<net id="1020"><net_src comp="1016" pin="1"/><net_sink comp="773" pin=1"/></net>

<net id="1021"><net_src comp="1016" pin="1"/><net_sink comp="784" pin=0"/></net>

<net id="1022"><net_src comp="1016" pin="1"/><net_sink comp="789" pin=0"/></net>

<net id="1026"><net_src comp="390" pin="2"/><net_sink comp="1023" pin=0"/></net>

<net id="1027"><net_src comp="1023" pin="1"/><net_sink comp="749" pin=1"/></net>

<net id="1028"><net_src comp="1023" pin="1"/><net_sink comp="789" pin=2"/></net>

<net id="1029"><net_src comp="1023" pin="1"/><net_sink comp="803" pin=2"/></net>

<net id="1033"><net_src comp="406" pin="2"/><net_sink comp="1030" pin=0"/></net>

<net id="1034"><net_src comp="1030" pin="1"/><net_sink comp="768" pin=0"/></net>

<net id="1038"><net_src comp="412" pin="3"/><net_sink comp="1035" pin=0"/></net>

<net id="1039"><net_src comp="1035" pin="1"/><net_sink comp="854" pin=1"/></net>

<net id="1040"><net_src comp="1035" pin="1"/><net_sink comp="865" pin=0"/></net>

<net id="1041"><net_src comp="1035" pin="1"/><net_sink comp="870" pin=0"/></net>

<net id="1045"><net_src comp="472" pin="2"/><net_sink comp="1042" pin=0"/></net>

<net id="1046"><net_src comp="1042" pin="1"/><net_sink comp="830" pin=1"/></net>

<net id="1047"><net_src comp="1042" pin="1"/><net_sink comp="870" pin=2"/></net>

<net id="1048"><net_src comp="1042" pin="1"/><net_sink comp="884" pin=2"/></net>

<net id="1052"><net_src comp="488" pin="2"/><net_sink comp="1049" pin=0"/></net>

<net id="1053"><net_src comp="1049" pin="1"/><net_sink comp="849" pin=0"/></net>

</net_list>

</model> 
---------------- Datapath Model END ------------------

* FSMD analyzer results:
  - Output states:
	Port: data_0_val | {}
	Port: data_1_val | {}
	Port: data_4_val | {}
	Port: data_5_val | {}
	Port: data_6_val | {}
 - Input state : 
	Port: relu<ap_fixed<16, 6, 5, 3, 0>, ap_ufixed<2, 0, 4, 0, 0>, relu_config18> : data_0_val | {1 }
	Port: relu<ap_fixed<16, 6, 5, 3, 0>, ap_ufixed<2, 0, 4, 0, 0>, relu_config18> : data_1_val | {1 }
	Port: relu<ap_fixed<16, 6, 5, 3, 0>, ap_ufixed<2, 0, 4, 0, 0>, relu_config18> : data_4_val | {1 }
	Port: relu<ap_fixed<16, 6, 5, 3, 0>, ap_ufixed<2, 0, 4, 0, 0>, relu_config18> : data_5_val | {1 }
	Port: relu<ap_fixed<16, 6, 5, 3, 0>, ap_ufixed<2, 0, 4, 0, 0>, relu_config18> : data_6_val | {1 }
  - Chain level:
	State 1
		icmp_ln46 : 1
		or_ln46 : 2
		and_ln46 : 2
		zext_ln46 : 2
		add_ln46 : 3
		icmp_ln46_73 : 1
		icmp_ln46_74 : 1
		or_ln46_112 : 2
		and_ln46_70 : 2
		zext_ln46_36 : 2
		add_ln46_36 : 3
		icmp_ln46_75 : 1
		icmp_ln46_76 : 1
		or_ln46_115 : 2
		and_ln46_71 : 2
		zext_ln46_37 : 2
		add_ln46_37 : 3
		icmp_ln46_77 : 1
		icmp_ln46_78 : 1
		or_ln46_118 : 2
		and_ln46_72 : 2
		zext_ln46_38 : 2
		add_ln46_38 : 3
		icmp_ln46_79 : 1
		icmp_ln46_80 : 1
		or_ln46_121 : 2
		and_ln46_74 : 2
		zext_ln46_39 : 2
		add_ln46_39 : 3
		icmp_ln46_81 : 1
	State 2
		not_tmp_257 : 1
		and_ln46_73 : 1
		empty : 1
		or_ln46_110 : 1
		xor_ln46 : 1
		or_ln46_111 : 1
		select_ln46_110 : 1
		select_ln46_111 : 1
		res_0_0 : 2
		not_tmp_264 : 1
		and_ln46_75 : 1
		empty_46 : 1
		or_ln46_113 : 1
		xor_ln46_36 : 1
		or_ln46_114 : 1
		select_ln46_113 : 1
		select_ln46_114 : 1
		res_1_0 : 2
		not_tmp_271 : 1
		and_ln46_77 : 1
		empty_47 : 1
		or_ln46_116 : 1
		xor_ln46_37 : 1
		or_ln46_117 : 1
		select_ln46_116 : 1
		select_ln46_117 : 1
		res_4_0 : 2
		not_tmp_278 : 1
		and_ln46_79 : 1
		empty_48 : 1
		or_ln46_119 : 1
		xor_ln46_38 : 1
		or_ln46_120 : 1
		select_ln46_119 : 1
		select_ln46_120 : 1
		res_5_0 : 2
		not_tmp_285 : 1
		and_ln46_81 : 1
		empty_49 : 1
		or_ln46_122 : 1
		xor_ln46_39 : 1
		or_ln46_123 : 1
		select_ln46_122 : 1
		select_ln46_123 : 1
		res_6_0 : 2
		newret : 3
		newret2 : 4
		newret4 : 5
		newret6 : 6
		newret8 : 7
		ret_ln45 : 8


============================================================
+ Verbose Summary: Datapath Resource usage 
============================================================

* Functional unit list:
|----------|----------------------------|---------|---------|
| Operation|       Functional Unit      |    FF   |   LUT   |
|----------|----------------------------|---------|---------|
|          |      icmp_ln46_fu_114      |    0    |    14   |
|          |     icmp_ln46_73_fu_160    |    0    |    14   |
|          |     icmp_ln46_74_fu_196    |    0    |    14   |
|          |     icmp_ln46_75_fu_242    |    0    |    14   |
|          |     icmp_ln46_76_fu_278    |    0    |    14   |
|          |     icmp_ln46_77_fu_324    |    0    |    14   |
|          |     icmp_ln46_78_fu_360    |    0    |    14   |
|   icmp   |     icmp_ln46_79_fu_406    |    0    |    14   |
|          |     icmp_ln46_80_fu_442    |    0    |    14   |
|          |     icmp_ln46_81_fu_488    |    0    |    14   |
|          |      icmp_ln45_fu_494      |    0    |    23   |
|          |     icmp_ln45_36_fu_575    |    0    |    23   |
|          |     icmp_ln45_37_fu_656    |    0    |    23   |
|          |     icmp_ln45_38_fu_737    |    0    |    23   |
|          |     icmp_ln45_39_fu_818    |    0    |    23   |
|----------|----------------------------|---------|---------|
|          |       add_ln46_fu_144      |    0    |    10   |
|          |     add_ln46_36_fu_226     |    0    |    10   |
|    add   |     add_ln46_37_fu_308     |    0    |    10   |
|          |     add_ln46_38_fu_390     |    0    |    10   |
|          |     add_ln46_39_fu_472     |    0    |    10   |
|----------|----------------------------|---------|---------|
|          |       or_ln46_fu_128       |    0    |    2    |
|          |     or_ln46_112_fu_210     |    0    |    2    |
|          |     or_ln46_115_fu_292     |    0    |    2    |
|          |     or_ln46_118_fu_374     |    0    |    2    |
|          |     or_ln46_121_fu_456     |    0    |    2    |
|          |     and_ln46_73_fu_519     |    0    |    2    |
|          |     or_ln46_110_fu_530     |    0    |    2    |
|          |     or_ln46_111_fu_541     |    0    |    2    |
|          |     and_ln46_75_fu_600     |    0    |    2    |
|    or    |     or_ln46_113_fu_611     |    0    |    2    |
|          |     or_ln46_114_fu_622     |    0    |    2    |
|          |     and_ln46_77_fu_681     |    0    |    2    |
|          |     or_ln46_116_fu_692     |    0    |    2    |
|          |     or_ln46_117_fu_703     |    0    |    2    |
|          |     and_ln46_79_fu_762     |    0    |    2    |
|          |     or_ln46_119_fu_773     |    0    |    2    |
|          |     or_ln46_120_fu_784     |    0    |    2    |
|          |     and_ln46_81_fu_843     |    0    |    2    |
|          |     or_ln46_122_fu_854     |    0    |    2    |
|          |     or_ln46_123_fu_865     |    0    |    2    |
|----------|----------------------------|---------|---------|
|          |     select_ln46_fu_546     |    0    |    2    |
|          |   select_ln46_110_fu_552   |    0    |    2    |
|          |   select_ln46_111_fu_560   |    0    |    2    |
|          |       res_0_0_fu_567       |    0    |    2    |
|          |   select_ln46_112_fu_627   |    0    |    2    |
|          |   select_ln46_113_fu_633   |    0    |    2    |
|          |   select_ln46_114_fu_641   |    0    |    2    |
|          |       res_1_0_fu_648       |    0    |    2    |
|          |   select_ln46_115_fu_708   |    0    |    2    |
|  select  |   select_ln46_116_fu_714   |    0    |    2    |
|          |   select_ln46_117_fu_722   |    0    |    2    |
|          |       res_4_0_fu_729       |    0    |    2    |
|          |   select_ln46_118_fu_789   |    0    |    2    |
|          |   select_ln46_119_fu_795   |    0    |    2    |
|          |   select_ln46_120_fu_803   |    0    |    2    |
|          |       res_5_0_fu_810       |    0    |    2    |
|          |   select_ln46_121_fu_870   |    0    |    2    |
|          |   select_ln46_122_fu_876   |    0    |    2    |
|          |   select_ln46_123_fu_884   |    0    |    2    |
|          |       res_6_0_fu_891       |    0    |    2    |
|----------|----------------------------|---------|---------|
|          |       and_ln46_fu_134      |    0    |    2    |
|          |     and_ln46_70_fu_216     |    0    |    2    |
|          |     and_ln46_71_fu_298     |    0    |    2    |
|          |     and_ln46_72_fu_380     |    0    |    2    |
|    and   |     and_ln46_74_fu_462     |    0    |    2    |
|          |        empty_fu_525        |    0    |    2    |
|          |       empty_46_fu_606      |    0    |    2    |
|          |       empty_47_fu_687      |    0    |    2    |
|          |       empty_48_fu_768      |    0    |    2    |
|          |       empty_49_fu_849      |    0    |    2    |
|----------|----------------------------|---------|---------|
|          |     not_tmp_257_fu_513     |    0    |    2    |
|          |       xor_ln46_fu_535      |    0    |    2    |
|          |     not_tmp_264_fu_594     |    0    |    2    |
|          |     xor_ln46_36_fu_616     |    0    |    2    |
|    xor   |     not_tmp_271_fu_675     |    0    |    2    |
|          |     xor_ln46_37_fu_697     |    0    |    2    |
|          |     not_tmp_278_fu_756     |    0    |    2    |
|          |     xor_ln46_38_fu_778     |    0    |    2    |
|          |     not_tmp_285_fu_837     |    0    |    2    |
|          |     xor_ln46_39_fu_859     |    0    |    2    |
|----------|----------------------------|---------|---------|
|          | data_6_val_read_read_fu_54 |    0    |    0    |
|          | data_5_val_read_read_fu_60 |    0    |    0    |
|   read   | data_4_val_read_read_fu_66 |    0    |    0    |
|          | data_1_val_read_read_fu_72 |    0    |    0    |
|          | data_0_val_read_read_fu_78 |    0    |    0    |
|----------|----------------------------|---------|---------|
|          |          tmp_fu_84         |    0    |    0    |
|          |       tmp_218_fu_102       |    0    |    0    |
|          |       tmp_220_fu_120       |    0    |    0    |
|          |       tmp_222_fu_166       |    0    |    0    |
|          |       tmp_223_fu_184       |    0    |    0    |
|          |       tmp_225_fu_202       |    0    |    0    |
|          |       tmp_227_fu_248       |    0    |    0    |
|          |       tmp_228_fu_266       |    0    |    0    |
|          |       tmp_230_fu_284       |    0    |    0    |
|          |       tmp_233_fu_330       |    0    |    0    |
|          |       tmp_234_fu_348       |    0    |    0    |
|          |       tmp_236_fu_366       |    0    |    0    |
| bitselect|       tmp_239_fu_412       |    0    |    0    |
|          |       tmp_240_fu_430       |    0    |    0    |
|          |       tmp_242_fu_448       |    0    |    0    |
|          |       tmp_219_fu_499       |    0    |    0    |
|          |       tmp_221_fu_506       |    0    |    0    |
|          |       tmp_224_fu_580       |    0    |    0    |
|          |       tmp_226_fu_587       |    0    |    0    |
|          |       tmp_229_fu_661       |    0    |    0    |
|          |       tmp_232_fu_668       |    0    |    0    |
|          |       tmp_235_fu_742       |    0    |    0    |
|          |       tmp_238_fu_749       |    0    |    0    |
|          |       tmp_241_fu_823       |    0    |    0    |
|          |       tmp_244_fu_830       |    0    |    0    |
|----------|----------------------------|---------|---------|
|          |       trunc_ln_fu_92       |    0    |    0    |
|          |        tmp_s_fu_150        |    0    |    0    |
|          |     trunc_ln46_s_fu_174    |    0    |    0    |
|          |       tmp_217_fu_232       |    0    |    0    |
|partselect|    trunc_ln46_34_fu_256    |    0    |    0    |
|          |       tmp_231_fu_314       |    0    |    0    |
|          |    trunc_ln46_35_fu_338    |    0    |    0    |
|          |       tmp_237_fu_396       |    0    |    0    |
|          |    trunc_ln46_36_fu_420    |    0    |    0    |
|          |       tmp_243_fu_478       |    0    |    0    |
|----------|----------------------------|---------|---------|
|          |      trunc_ln46_fu_110     |    0    |    0    |
|          |    trunc_ln46_54_fu_192    |    0    |    0    |
|   trunc  |    trunc_ln46_55_fu_274    |    0    |    0    |
|          |    trunc_ln46_56_fu_356    |    0    |    0    |
|          |    trunc_ln46_57_fu_438    |    0    |    0    |
|----------|----------------------------|---------|---------|
|          |      zext_ln46_fu_140      |    0    |    0    |
|          |     zext_ln46_36_fu_222    |    0    |    0    |
|   zext   |     zext_ln46_37_fu_304    |    0    |    0    |
|          |     zext_ln46_38_fu_386    |    0    |    0    |
|          |     zext_ln46_39_fu_468    |    0    |    0    |
|----------|----------------------------|---------|---------|
|          |        newret_fu_899       |    0    |    0    |
|          |       newret2_fu_905       |    0    |    0    |
|insertvalue|       newret4_fu_911       |    0    |    0    |
|          |       newret6_fu_917       |    0    |    0    |
|          |       newret8_fu_923       |    0    |    0    |
|----------|----------------------------|---------|---------|
|   Total  |                            |    0    |   425   |
|----------|----------------------------|---------|---------|

Memories:
N/A

* Register list:
+-----------------------+--------+
|                       |   FF   |
+-----------------------+--------+
|  add_ln46_36_reg_985  |    2   |
|  add_ln46_37_reg_1004 |    2   |
|  add_ln46_38_reg_1023 |    2   |
|  add_ln46_39_reg_1042 |    2   |
|    add_ln46_reg_966   |    2   |
|data_0_val_read_reg_953|   16   |
|data_1_val_read_reg_947|   16   |
|data_4_val_read_reg_941|   16   |
|data_5_val_read_reg_935|   16   |
|data_6_val_read_reg_929|   16   |
|  icmp_ln46_73_reg_973 |    1   |
|  icmp_ln46_75_reg_992 |    1   |
| icmp_ln46_77_reg_1011 |    1   |
| icmp_ln46_79_reg_1030 |    1   |
| icmp_ln46_81_reg_1049 |    1   |
|    tmp_222_reg_978    |    1   |
|    tmp_227_reg_997    |    1   |
|    tmp_233_reg_1016   |    1   |
|    tmp_239_reg_1035   |    1   |
|      tmp_reg_959      |    1   |
+-----------------------+--------+
|         Total         |   100  |
+-----------------------+--------+

* Multiplexer (MUX) list: 
|--------|------|------|------|--------|
|  Comp  |  Pin | Size |  BW  | S x BW |
|--------|------|------|------|--------|
|  Total |      |      |      |    0   |
|--------|------|------|------|--------|



* Summary:
+-----------+--------+--------+
|           |   FF   |   LUT  |
+-----------+--------+--------+
|  Function |    0   |   425  |
|   Memory  |    -   |    -   |
|Multiplexer|    -   |    -   |
|  Register |   100  |    -   |
+-----------+--------+--------+
|   Total   |   100  |   425  |
+-----------+--------+--------+
