

================================================================
== Vitis HLS Report for 'relu_ap_fixed_16_6_5_3_0_ap_ufixed_2_0_4_0_0_relu_config6_s'
================================================================
* Date:           Mon Oct 20 15:01:55 2025

* Version:        2024.1 (Build 5069499 on May 21 2024)
* Project:        myproject_prj
* Solution:       solution1 (Vivado IP Flow Target)
* Product family: zynq
* Target device:  xc7z020-clg400-1


================================================================
== Performance Estimates
================================================================
+ Timing: 
    * Summary: 
    +--------+---------+----------+------------+
    |  Clock |  Target | Estimated| Uncertainty|
    +--------+---------+----------+------------+
    |ap_clk  |  5.00 ns|  3.435 ns|     0.62 ns|
    +--------+---------+----------+------------+

+ Latency: 
    * Summary: 
    +---------+---------+----------+----------+-----+-----+---------+
    |  Latency (cycles) |  Latency (absolute) |  Interval | Pipeline|
    |   min   |   max   |    min   |    max   | min | max |   Type  |
    +---------+---------+----------+----------+-----+-----+---------+
    |        1|        1|  5.000 ns|  5.000 ns|    1|    1|      yes|
    +---------+---------+----------+----------+-----+-----+---------+

    + Detail: 
        * Instance: 
        N/A

        * Loop: 
        N/A

============================================================
+ Verbose Summary: Synthesis Manager
============================================================
InlineROM: 1
ExposeGlobal: 0
============================================================
+ Verbose Summary: CDFG Model
============================================================
IsTopModel: 0
ResetActiveHigh: 1
IsCombinational: 0
IsDatapathOnly: 0
HasWiredReturn: 1
HasMFsm: 2
HasVarLatency: 0
IsPipeline: 1
IsRtlPipelined: 1
IsInstanceOverlapped: 0
IsDontTouch: 0
HasImplIP: 0
IsGatedGlobalClock: 0

+ Individual pipeline summary: 
  * Pipeline-0: initiation interval (II) = 1, depth = 2


============================================================
+ Verbose Summary: Schedule
============================================================
* Number of FSM states : 2
* Pipeline : 1
  Pipeline-0 : II = 1, D = 2, States = { 1 2 }
* Dataflow Pipeline: 0

* FSM state transitions: 
1 --> 2 
2 --> 

* FSM state operations: 

State 1 <SV = 0> <Delay = 3.43>
ST_1 : Operation 3 [1/1] (0.00ns)   --->   "%data_16_val_read = read i16 @_ssdm_op_Read.ap_auto.i16, i16 %data_16_val" [firmware/nnet_utils/nnet_activation.h:42]   --->   Operation 3 'read' 'data_16_val_read' <Predicate = true> <Delay = 0.00>
ST_1 : Operation 4 [1/1] (0.00ns)   --->   "%data_15_val_read = read i16 @_ssdm_op_Read.ap_auto.i16, i16 %data_15_val" [firmware/nnet_utils/nnet_activation.h:42]   --->   Operation 4 'read' 'data_15_val_read' <Predicate = true> <Delay = 0.00>
ST_1 : Operation 5 [1/1] (0.00ns)   --->   "%data_14_val_read = read i16 @_ssdm_op_Read.ap_auto.i16, i16 %data_14_val" [firmware/nnet_utils/nnet_activation.h:42]   --->   Operation 5 'read' 'data_14_val_read' <Predicate = true> <Delay = 0.00>
ST_1 : Operation 6 [1/1] (0.00ns)   --->   "%data_13_val_read = read i16 @_ssdm_op_Read.ap_auto.i16, i16 %data_13_val" [firmware/nnet_utils/nnet_activation.h:42]   --->   Operation 6 'read' 'data_13_val_read' <Predicate = true> <Delay = 0.00>
ST_1 : Operation 7 [1/1] (0.00ns)   --->   "%data_12_val_read = read i16 @_ssdm_op_Read.ap_auto.i16, i16 %data_12_val" [firmware/nnet_utils/nnet_activation.h:42]   --->   Operation 7 'read' 'data_12_val_read' <Predicate = true> <Delay = 0.00>
ST_1 : Operation 8 [1/1] (0.00ns)   --->   "%data_11_val_read = read i16 @_ssdm_op_Read.ap_auto.i16, i16 %data_11_val" [firmware/nnet_utils/nnet_activation.h:42]   --->   Operation 8 'read' 'data_11_val_read' <Predicate = true> <Delay = 0.00>
ST_1 : Operation 9 [1/1] (0.00ns)   --->   "%data_10_val_read = read i16 @_ssdm_op_Read.ap_auto.i16, i16 %data_10_val" [firmware/nnet_utils/nnet_activation.h:42]   --->   Operation 9 'read' 'data_10_val_read' <Predicate = true> <Delay = 0.00>
ST_1 : Operation 10 [1/1] (0.00ns)   --->   "%data_9_val_read = read i16 @_ssdm_op_Read.ap_auto.i16, i16 %data_9_val" [firmware/nnet_utils/nnet_activation.h:42]   --->   Operation 10 'read' 'data_9_val_read' <Predicate = true> <Delay = 0.00>
ST_1 : Operation 11 [1/1] (0.00ns)   --->   "%data_8_val_read = read i16 @_ssdm_op_Read.ap_auto.i16, i16 %data_8_val" [firmware/nnet_utils/nnet_activation.h:42]   --->   Operation 11 'read' 'data_8_val_read' <Predicate = true> <Delay = 0.00>
ST_1 : Operation 12 [1/1] (0.00ns)   --->   "%data_7_val_read = read i16 @_ssdm_op_Read.ap_auto.i16, i16 %data_7_val" [firmware/nnet_utils/nnet_activation.h:42]   --->   Operation 12 'read' 'data_7_val_read' <Predicate = true> <Delay = 0.00>
ST_1 : Operation 13 [1/1] (0.00ns)   --->   "%data_6_val_read = read i16 @_ssdm_op_Read.ap_auto.i16, i16 %data_6_val" [firmware/nnet_utils/nnet_activation.h:42]   --->   Operation 13 'read' 'data_6_val_read' <Predicate = true> <Delay = 0.00>
ST_1 : Operation 14 [1/1] (0.00ns)   --->   "%data_5_val_read = read i16 @_ssdm_op_Read.ap_auto.i16, i16 %data_5_val" [firmware/nnet_utils/nnet_activation.h:42]   --->   Operation 14 'read' 'data_5_val_read' <Predicate = true> <Delay = 0.00>
ST_1 : Operation 15 [1/1] (0.00ns)   --->   "%data_4_val_read = read i16 @_ssdm_op_Read.ap_auto.i16, i16 %data_4_val" [firmware/nnet_utils/nnet_activation.h:42]   --->   Operation 15 'read' 'data_4_val_read' <Predicate = true> <Delay = 0.00>
ST_1 : Operation 16 [1/1] (0.00ns)   --->   "%data_3_val_read = read i16 @_ssdm_op_Read.ap_auto.i16, i16 %data_3_val" [firmware/nnet_utils/nnet_activation.h:42]   --->   Operation 16 'read' 'data_3_val_read' <Predicate = true> <Delay = 0.00>
ST_1 : Operation 17 [1/1] (0.00ns)   --->   "%data_2_val_read = read i16 @_ssdm_op_Read.ap_auto.i16, i16 %data_2_val" [firmware/nnet_utils/nnet_activation.h:42]   --->   Operation 17 'read' 'data_2_val_read' <Predicate = true> <Delay = 0.00>
ST_1 : Operation 18 [1/1] (0.00ns)   --->   "%data_1_val_read = read i16 @_ssdm_op_Read.ap_auto.i16, i16 %data_1_val" [firmware/nnet_utils/nnet_activation.h:42]   --->   Operation 18 'read' 'data_1_val_read' <Predicate = true> <Delay = 0.00>
ST_1 : Operation 19 [1/1] (0.00ns)   --->   "%data_0_val_read = read i16 @_ssdm_op_Read.ap_auto.i16, i16 %data_0_val" [firmware/nnet_utils/nnet_activation.h:42]   --->   Operation 19 'read' 'data_0_val_read' <Predicate = true> <Delay = 0.00>
ST_1 : Operation 20 [1/1] (0.00ns)   --->   "%tmp = bitselect i1 @_ssdm_op_BitSelect.i1.i16.i32, i16 %data_0_val_read, i32 15" [firmware/nnet_utils/nnet_activation.h:46]   --->   Operation 20 'bitselect' 'tmp' <Predicate = true> <Delay = 0.00>
ST_1 : Operation 21 [1/1] (0.00ns) (grouped into LUT with out node add_ln46)   --->   "%trunc_ln = partselect i2 @_ssdm_op_PartSelect.i2.i16.i32.i32, i16 %data_0_val_read, i32 8, i32 9" [firmware/nnet_utils/nnet_activation.h:46]   --->   Operation 21 'partselect' 'trunc_ln' <Predicate = true> <Delay = 0.00>
ST_1 : Operation 22 [1/1] (0.00ns) (grouped into LUT with out node add_ln46)   --->   "%tmp_119 = bitselect i1 @_ssdm_op_BitSelect.i1.i16.i32, i16 %data_0_val_read, i32 7" [firmware/nnet_utils/nnet_activation.h:46]   --->   Operation 22 'bitselect' 'tmp_119' <Predicate = true> <Delay = 0.00>
ST_1 : Operation 23 [1/1] (0.00ns)   --->   "%trunc_ln46 = trunc i16 %data_0_val_read" [firmware/nnet_utils/nnet_activation.h:46]   --->   Operation 23 'trunc' 'trunc_ln46' <Predicate = true> <Delay = 0.00>
ST_1 : Operation 24 [1/1] (1.87ns)   --->   "%icmp_ln46 = icmp_ne  i7 %trunc_ln46, i7 0" [firmware/nnet_utils/nnet_activation.h:46]   --->   Operation 24 'icmp' 'icmp_ln46' <Predicate = true> <Delay = 1.87> <CoreInst = "Cmp">   --->   Core 9 'Cmp' <Latency = 0> <II = 1> <Delay = 1.87> <FuncUnit> <Opcode : 'seteq' 'setne' 'setle' 'setge' 'setlt' 'setgt'> <InPorts = 2> <OutPorts = 1>
ST_1 : Operation 25 [1/1] (0.00ns) (grouped into LUT with out node add_ln46)   --->   "%tmp_121 = bitselect i1 @_ssdm_op_BitSelect.i1.i16.i32, i16 %data_0_val_read, i32 8" [firmware/nnet_utils/nnet_activation.h:46]   --->   Operation 25 'bitselect' 'tmp_121' <Predicate = true> <Delay = 0.00>
ST_1 : Operation 26 [1/1] (0.00ns) (grouped into LUT with out node add_ln46)   --->   "%or_ln46 = or i1 %tmp_121, i1 %icmp_ln46" [firmware/nnet_utils/nnet_activation.h:46]   --->   Operation 26 'or' 'or_ln46' <Predicate = true> <Delay = 0.00> <CoreInst = "LogicGate">   --->   Core 74 'LogicGate' <Latency = 0> <II = 1> <Delay = 0.97> <FuncUnit> <Opcode : 'and' 'or' 'xor'> <InPorts = 2> <OutPorts = 1>
ST_1 : Operation 27 [1/1] (0.00ns) (grouped into LUT with out node add_ln46)   --->   "%and_ln46 = and i1 %or_ln46, i1 %tmp_119" [firmware/nnet_utils/nnet_activation.h:46]   --->   Operation 27 'and' 'and_ln46' <Predicate = true> <Delay = 0.00> <CoreInst = "LogicGate">   --->   Core 74 'LogicGate' <Latency = 0> <II = 1> <Delay = 0.97> <FuncUnit> <Opcode : 'and' 'or' 'xor'> <InPorts = 2> <OutPorts = 1>
ST_1 : Operation 28 [1/1] (0.00ns) (grouped into LUT with out node add_ln46)   --->   "%zext_ln46 = zext i1 %and_ln46" [firmware/nnet_utils/nnet_activation.h:46]   --->   Operation 28 'zext' 'zext_ln46' <Predicate = true> <Delay = 0.00>
ST_1 : Operation 29 [1/1] (1.56ns) (out node of the LUT)   --->   "%add_ln46 = add i2 %trunc_ln, i2 %zext_ln46" [firmware/nnet_utils/nnet_activation.h:46]   --->   Operation 29 'add' 'add_ln46' <Predicate = true> <Delay = 1.56> <CoreInst = "Adder">   --->   Core 1 'Adder' <Latency = 0> <II = 1> <Delay = 1.56> <FuncUnit> <Opcode : 'add' 'sub'> <InPorts = 2> <OutPorts = 1>
ST_1 : Operation 30 [1/1] (0.00ns)   --->   "%tmp_s = partselect i6 @_ssdm_op_PartSelect.i6.i16.i32.i32, i16 %data_0_val_read, i32 10, i32 15" [firmware/nnet_utils/nnet_activation.h:46]   --->   Operation 30 'partselect' 'tmp_s' <Predicate = true> <Delay = 0.00>
ST_1 : Operation 31 [1/1] (1.82ns)   --->   "%icmp_ln46_40 = icmp_eq  i6 %tmp_s, i6 0" [firmware/nnet_utils/nnet_activation.h:46]   --->   Operation 31 'icmp' 'icmp_ln46_40' <Predicate = true> <Delay = 1.82> <CoreInst = "Cmp">   --->   Core 9 'Cmp' <Latency = 0> <II = 1> <Delay = 1.82> <FuncUnit> <Opcode : 'seteq' 'setne' 'setle' 'setge' 'setlt' 'setgt'> <InPorts = 2> <OutPorts = 1>
ST_1 : Operation 32 [1/1] (0.00ns)   --->   "%tmp_123 = bitselect i1 @_ssdm_op_BitSelect.i1.i16.i32, i16 %data_1_val_read, i32 15" [firmware/nnet_utils/nnet_activation.h:46]   --->   Operation 32 'bitselect' 'tmp_123' <Predicate = true> <Delay = 0.00>
ST_1 : Operation 33 [1/1] (0.00ns) (grouped into LUT with out node add_ln46_20)   --->   "%trunc_ln46_s = partselect i2 @_ssdm_op_PartSelect.i2.i16.i32.i32, i16 %data_1_val_read, i32 8, i32 9" [firmware/nnet_utils/nnet_activation.h:46]   --->   Operation 33 'partselect' 'trunc_ln46_s' <Predicate = true> <Delay = 0.00>
ST_1 : Operation 34 [1/1] (0.00ns) (grouped into LUT with out node add_ln46_20)   --->   "%tmp_124 = bitselect i1 @_ssdm_op_BitSelect.i1.i16.i32, i16 %data_1_val_read, i32 7" [firmware/nnet_utils/nnet_activation.h:46]   --->   Operation 34 'bitselect' 'tmp_124' <Predicate = true> <Delay = 0.00>
ST_1 : Operation 35 [1/1] (0.00ns)   --->   "%trunc_ln46_38 = trunc i16 %data_1_val_read" [firmware/nnet_utils/nnet_activation.h:46]   --->   Operation 35 'trunc' 'trunc_ln46_38' <Predicate = true> <Delay = 0.00>
ST_1 : Operation 36 [1/1] (1.87ns)   --->   "%icmp_ln46_41 = icmp_ne  i7 %trunc_ln46_38, i7 0" [firmware/nnet_utils/nnet_activation.h:46]   --->   Operation 36 'icmp' 'icmp_ln46_41' <Predicate = true> <Delay = 1.87> <CoreInst = "Cmp">   --->   Core 9 'Cmp' <Latency = 0> <II = 1> <Delay = 1.87> <FuncUnit> <Opcode : 'seteq' 'setne' 'setle' 'setge' 'setlt' 'setgt'> <InPorts = 2> <OutPorts = 1>
ST_1 : Operation 37 [1/1] (0.00ns) (grouped into LUT with out node add_ln46_20)   --->   "%tmp_126 = bitselect i1 @_ssdm_op_BitSelect.i1.i16.i32, i16 %data_1_val_read, i32 8" [firmware/nnet_utils/nnet_activation.h:46]   --->   Operation 37 'bitselect' 'tmp_126' <Predicate = true> <Delay = 0.00>
ST_1 : Operation 38 [1/1] (0.00ns) (grouped into LUT with out node add_ln46_20)   --->   "%or_ln46_62 = or i1 %tmp_126, i1 %icmp_ln46_41" [firmware/nnet_utils/nnet_activation.h:46]   --->   Operation 38 'or' 'or_ln46_62' <Predicate = true> <Delay = 0.00> <CoreInst = "LogicGate">   --->   Core 74 'LogicGate' <Latency = 0> <II = 1> <Delay = 0.97> <FuncUnit> <Opcode : 'and' 'or' 'xor'> <InPorts = 2> <OutPorts = 1>
ST_1 : Operation 39 [1/1] (0.00ns) (grouped into LUT with out node add_ln46_20)   --->   "%and_ln46_39 = and i1 %or_ln46_62, i1 %tmp_124" [firmware/nnet_utils/nnet_activation.h:46]   --->   Operation 39 'and' 'and_ln46_39' <Predicate = true> <Delay = 0.00> <CoreInst = "LogicGate">   --->   Core 74 'LogicGate' <Latency = 0> <II = 1> <Delay = 0.97> <FuncUnit> <Opcode : 'and' 'or' 'xor'> <InPorts = 2> <OutPorts = 1>
ST_1 : Operation 40 [1/1] (0.00ns) (grouped into LUT with out node add_ln46_20)   --->   "%zext_ln46_20 = zext i1 %and_ln46_39" [firmware/nnet_utils/nnet_activation.h:46]   --->   Operation 40 'zext' 'zext_ln46_20' <Predicate = true> <Delay = 0.00>
ST_1 : Operation 41 [1/1] (1.56ns) (out node of the LUT)   --->   "%add_ln46_20 = add i2 %trunc_ln46_s, i2 %zext_ln46_20" [firmware/nnet_utils/nnet_activation.h:46]   --->   Operation 41 'add' 'add_ln46_20' <Predicate = true> <Delay = 1.56> <CoreInst = "Adder">   --->   Core 1 'Adder' <Latency = 0> <II = 1> <Delay = 1.56> <FuncUnit> <Opcode : 'add' 'sub'> <InPorts = 2> <OutPorts = 1>
ST_1 : Operation 42 [1/1] (0.00ns)   --->   "%tmp_118 = partselect i6 @_ssdm_op_PartSelect.i6.i16.i32.i32, i16 %data_1_val_read, i32 10, i32 15" [firmware/nnet_utils/nnet_activation.h:46]   --->   Operation 42 'partselect' 'tmp_118' <Predicate = true> <Delay = 0.00>
ST_1 : Operation 43 [1/1] (1.82ns)   --->   "%icmp_ln46_42 = icmp_eq  i6 %tmp_118, i6 0" [firmware/nnet_utils/nnet_activation.h:46]   --->   Operation 43 'icmp' 'icmp_ln46_42' <Predicate = true> <Delay = 1.82> <CoreInst = "Cmp">   --->   Core 9 'Cmp' <Latency = 0> <II = 1> <Delay = 1.82> <FuncUnit> <Opcode : 'seteq' 'setne' 'setle' 'setge' 'setlt' 'setgt'> <InPorts = 2> <OutPorts = 1>
ST_1 : Operation 44 [1/1] (0.00ns)   --->   "%tmp_128 = bitselect i1 @_ssdm_op_BitSelect.i1.i16.i32, i16 %data_2_val_read, i32 15" [firmware/nnet_utils/nnet_activation.h:46]   --->   Operation 44 'bitselect' 'tmp_128' <Predicate = true> <Delay = 0.00>
ST_1 : Operation 45 [1/1] (0.00ns) (grouped into LUT with out node add_ln46_21)   --->   "%trunc_ln46_19 = partselect i2 @_ssdm_op_PartSelect.i2.i16.i32.i32, i16 %data_2_val_read, i32 8, i32 9" [firmware/nnet_utils/nnet_activation.h:46]   --->   Operation 45 'partselect' 'trunc_ln46_19' <Predicate = true> <Delay = 0.00>
ST_1 : Operation 46 [1/1] (0.00ns) (grouped into LUT with out node add_ln46_21)   --->   "%tmp_129 = bitselect i1 @_ssdm_op_BitSelect.i1.i16.i32, i16 %data_2_val_read, i32 7" [firmware/nnet_utils/nnet_activation.h:46]   --->   Operation 46 'bitselect' 'tmp_129' <Predicate = true> <Delay = 0.00>
ST_1 : Operation 47 [1/1] (0.00ns)   --->   "%trunc_ln46_39 = trunc i16 %data_2_val_read" [firmware/nnet_utils/nnet_activation.h:46]   --->   Operation 47 'trunc' 'trunc_ln46_39' <Predicate = true> <Delay = 0.00>
ST_1 : Operation 48 [1/1] (1.87ns)   --->   "%icmp_ln46_43 = icmp_ne  i7 %trunc_ln46_39, i7 0" [firmware/nnet_utils/nnet_activation.h:46]   --->   Operation 48 'icmp' 'icmp_ln46_43' <Predicate = true> <Delay = 1.87> <CoreInst = "Cmp">   --->   Core 9 'Cmp' <Latency = 0> <II = 1> <Delay = 1.87> <FuncUnit> <Opcode : 'seteq' 'setne' 'setle' 'setge' 'setlt' 'setgt'> <InPorts = 2> <OutPorts = 1>
ST_1 : Operation 49 [1/1] (0.00ns) (grouped into LUT with out node add_ln46_21)   --->   "%tmp_131 = bitselect i1 @_ssdm_op_BitSelect.i1.i16.i32, i16 %data_2_val_read, i32 8" [firmware/nnet_utils/nnet_activation.h:46]   --->   Operation 49 'bitselect' 'tmp_131' <Predicate = true> <Delay = 0.00>
ST_1 : Operation 50 [1/1] (0.00ns) (grouped into LUT with out node add_ln46_21)   --->   "%or_ln46_65 = or i1 %tmp_131, i1 %icmp_ln46_43" [firmware/nnet_utils/nnet_activation.h:46]   --->   Operation 50 'or' 'or_ln46_65' <Predicate = true> <Delay = 0.00> <CoreInst = "LogicGate">   --->   Core 74 'LogicGate' <Latency = 0> <II = 1> <Delay = 0.97> <FuncUnit> <Opcode : 'and' 'or' 'xor'> <InPorts = 2> <OutPorts = 1>
ST_1 : Operation 51 [1/1] (0.00ns) (grouped into LUT with out node add_ln46_21)   --->   "%and_ln46_41 = and i1 %or_ln46_65, i1 %tmp_129" [firmware/nnet_utils/nnet_activation.h:46]   --->   Operation 51 'and' 'and_ln46_41' <Predicate = true> <Delay = 0.00> <CoreInst = "LogicGate">   --->   Core 74 'LogicGate' <Latency = 0> <II = 1> <Delay = 0.97> <FuncUnit> <Opcode : 'and' 'or' 'xor'> <InPorts = 2> <OutPorts = 1>
ST_1 : Operation 52 [1/1] (0.00ns) (grouped into LUT with out node add_ln46_21)   --->   "%zext_ln46_21 = zext i1 %and_ln46_41" [firmware/nnet_utils/nnet_activation.h:46]   --->   Operation 52 'zext' 'zext_ln46_21' <Predicate = true> <Delay = 0.00>
ST_1 : Operation 53 [1/1] (1.56ns) (out node of the LUT)   --->   "%add_ln46_21 = add i2 %trunc_ln46_19, i2 %zext_ln46_21" [firmware/nnet_utils/nnet_activation.h:46]   --->   Operation 53 'add' 'add_ln46_21' <Predicate = true> <Delay = 1.56> <CoreInst = "Adder">   --->   Core 1 'Adder' <Latency = 0> <II = 1> <Delay = 1.56> <FuncUnit> <Opcode : 'add' 'sub'> <InPorts = 2> <OutPorts = 1>
ST_1 : Operation 54 [1/1] (0.00ns)   --->   "%tmp_132 = partselect i6 @_ssdm_op_PartSelect.i6.i16.i32.i32, i16 %data_2_val_read, i32 10, i32 15" [firmware/nnet_utils/nnet_activation.h:46]   --->   Operation 54 'partselect' 'tmp_132' <Predicate = true> <Delay = 0.00>
ST_1 : Operation 55 [1/1] (1.82ns)   --->   "%icmp_ln46_44 = icmp_eq  i6 %tmp_132, i6 0" [firmware/nnet_utils/nnet_activation.h:46]   --->   Operation 55 'icmp' 'icmp_ln46_44' <Predicate = true> <Delay = 1.82> <CoreInst = "Cmp">   --->   Core 9 'Cmp' <Latency = 0> <II = 1> <Delay = 1.82> <FuncUnit> <Opcode : 'seteq' 'setne' 'setle' 'setge' 'setlt' 'setgt'> <InPorts = 2> <OutPorts = 1>
ST_1 : Operation 56 [1/1] (0.00ns)   --->   "%tmp_134 = bitselect i1 @_ssdm_op_BitSelect.i1.i16.i32, i16 %data_3_val_read, i32 15" [firmware/nnet_utils/nnet_activation.h:46]   --->   Operation 56 'bitselect' 'tmp_134' <Predicate = true> <Delay = 0.00>
ST_1 : Operation 57 [1/1] (0.00ns) (grouped into LUT with out node add_ln46_22)   --->   "%trunc_ln46_20 = partselect i2 @_ssdm_op_PartSelect.i2.i16.i32.i32, i16 %data_3_val_read, i32 8, i32 9" [firmware/nnet_utils/nnet_activation.h:46]   --->   Operation 57 'partselect' 'trunc_ln46_20' <Predicate = true> <Delay = 0.00>
ST_1 : Operation 58 [1/1] (0.00ns) (grouped into LUT with out node add_ln46_22)   --->   "%tmp_135 = bitselect i1 @_ssdm_op_BitSelect.i1.i16.i32, i16 %data_3_val_read, i32 7" [firmware/nnet_utils/nnet_activation.h:46]   --->   Operation 58 'bitselect' 'tmp_135' <Predicate = true> <Delay = 0.00>
ST_1 : Operation 59 [1/1] (0.00ns)   --->   "%trunc_ln46_40 = trunc i16 %data_3_val_read" [firmware/nnet_utils/nnet_activation.h:46]   --->   Operation 59 'trunc' 'trunc_ln46_40' <Predicate = true> <Delay = 0.00>
ST_1 : Operation 60 [1/1] (1.87ns)   --->   "%icmp_ln46_45 = icmp_ne  i7 %trunc_ln46_40, i7 0" [firmware/nnet_utils/nnet_activation.h:46]   --->   Operation 60 'icmp' 'icmp_ln46_45' <Predicate = true> <Delay = 1.87> <CoreInst = "Cmp">   --->   Core 9 'Cmp' <Latency = 0> <II = 1> <Delay = 1.87> <FuncUnit> <Opcode : 'seteq' 'setne' 'setle' 'setge' 'setlt' 'setgt'> <InPorts = 2> <OutPorts = 1>
ST_1 : Operation 61 [1/1] (0.00ns) (grouped into LUT with out node add_ln46_22)   --->   "%tmp_137 = bitselect i1 @_ssdm_op_BitSelect.i1.i16.i32, i16 %data_3_val_read, i32 8" [firmware/nnet_utils/nnet_activation.h:46]   --->   Operation 61 'bitselect' 'tmp_137' <Predicate = true> <Delay = 0.00>
ST_1 : Operation 62 [1/1] (0.00ns) (grouped into LUT with out node add_ln46_22)   --->   "%or_ln46_68 = or i1 %tmp_137, i1 %icmp_ln46_45" [firmware/nnet_utils/nnet_activation.h:46]   --->   Operation 62 'or' 'or_ln46_68' <Predicate = true> <Delay = 0.00> <CoreInst = "LogicGate">   --->   Core 74 'LogicGate' <Latency = 0> <II = 1> <Delay = 0.97> <FuncUnit> <Opcode : 'and' 'or' 'xor'> <InPorts = 2> <OutPorts = 1>
ST_1 : Operation 63 [1/1] (0.00ns) (grouped into LUT with out node add_ln46_22)   --->   "%and_ln46_43 = and i1 %or_ln46_68, i1 %tmp_135" [firmware/nnet_utils/nnet_activation.h:46]   --->   Operation 63 'and' 'and_ln46_43' <Predicate = true> <Delay = 0.00> <CoreInst = "LogicGate">   --->   Core 74 'LogicGate' <Latency = 0> <II = 1> <Delay = 0.97> <FuncUnit> <Opcode : 'and' 'or' 'xor'> <InPorts = 2> <OutPorts = 1>
ST_1 : Operation 64 [1/1] (0.00ns) (grouped into LUT with out node add_ln46_22)   --->   "%zext_ln46_22 = zext i1 %and_ln46_43" [firmware/nnet_utils/nnet_activation.h:46]   --->   Operation 64 'zext' 'zext_ln46_22' <Predicate = true> <Delay = 0.00>
ST_1 : Operation 65 [1/1] (1.56ns) (out node of the LUT)   --->   "%add_ln46_22 = add i2 %trunc_ln46_20, i2 %zext_ln46_22" [firmware/nnet_utils/nnet_activation.h:46]   --->   Operation 65 'add' 'add_ln46_22' <Predicate = true> <Delay = 1.56> <CoreInst = "Adder">   --->   Core 1 'Adder' <Latency = 0> <II = 1> <Delay = 1.56> <FuncUnit> <Opcode : 'add' 'sub'> <InPorts = 2> <OutPorts = 1>
ST_1 : Operation 66 [1/1] (0.00ns)   --->   "%tmp_138 = partselect i6 @_ssdm_op_PartSelect.i6.i16.i32.i32, i16 %data_3_val_read, i32 10, i32 15" [firmware/nnet_utils/nnet_activation.h:46]   --->   Operation 66 'partselect' 'tmp_138' <Predicate = true> <Delay = 0.00>
ST_1 : Operation 67 [1/1] (1.82ns)   --->   "%icmp_ln46_46 = icmp_eq  i6 %tmp_138, i6 0" [firmware/nnet_utils/nnet_activation.h:46]   --->   Operation 67 'icmp' 'icmp_ln46_46' <Predicate = true> <Delay = 1.82> <CoreInst = "Cmp">   --->   Core 9 'Cmp' <Latency = 0> <II = 1> <Delay = 1.82> <FuncUnit> <Opcode : 'seteq' 'setne' 'setle' 'setge' 'setlt' 'setgt'> <InPorts = 2> <OutPorts = 1>
ST_1 : Operation 68 [1/1] (0.00ns)   --->   "%tmp_140 = bitselect i1 @_ssdm_op_BitSelect.i1.i16.i32, i16 %data_4_val_read, i32 15" [firmware/nnet_utils/nnet_activation.h:46]   --->   Operation 68 'bitselect' 'tmp_140' <Predicate = true> <Delay = 0.00>
ST_1 : Operation 69 [1/1] (0.00ns) (grouped into LUT with out node add_ln46_23)   --->   "%trunc_ln46_21 = partselect i2 @_ssdm_op_PartSelect.i2.i16.i32.i32, i16 %data_4_val_read, i32 8, i32 9" [firmware/nnet_utils/nnet_activation.h:46]   --->   Operation 69 'partselect' 'trunc_ln46_21' <Predicate = true> <Delay = 0.00>
ST_1 : Operation 70 [1/1] (0.00ns) (grouped into LUT with out node add_ln46_23)   --->   "%tmp_141 = bitselect i1 @_ssdm_op_BitSelect.i1.i16.i32, i16 %data_4_val_read, i32 7" [firmware/nnet_utils/nnet_activation.h:46]   --->   Operation 70 'bitselect' 'tmp_141' <Predicate = true> <Delay = 0.00>
ST_1 : Operation 71 [1/1] (0.00ns)   --->   "%trunc_ln46_41 = trunc i16 %data_4_val_read" [firmware/nnet_utils/nnet_activation.h:46]   --->   Operation 71 'trunc' 'trunc_ln46_41' <Predicate = true> <Delay = 0.00>
ST_1 : Operation 72 [1/1] (1.87ns)   --->   "%icmp_ln46_47 = icmp_ne  i7 %trunc_ln46_41, i7 0" [firmware/nnet_utils/nnet_activation.h:46]   --->   Operation 72 'icmp' 'icmp_ln46_47' <Predicate = true> <Delay = 1.87> <CoreInst = "Cmp">   --->   Core 9 'Cmp' <Latency = 0> <II = 1> <Delay = 1.87> <FuncUnit> <Opcode : 'seteq' 'setne' 'setle' 'setge' 'setlt' 'setgt'> <InPorts = 2> <OutPorts = 1>
ST_1 : Operation 73 [1/1] (0.00ns) (grouped into LUT with out node add_ln46_23)   --->   "%tmp_143 = bitselect i1 @_ssdm_op_BitSelect.i1.i16.i32, i16 %data_4_val_read, i32 8" [firmware/nnet_utils/nnet_activation.h:46]   --->   Operation 73 'bitselect' 'tmp_143' <Predicate = true> <Delay = 0.00>
ST_1 : Operation 74 [1/1] (0.00ns) (grouped into LUT with out node add_ln46_23)   --->   "%or_ln46_71 = or i1 %tmp_143, i1 %icmp_ln46_47" [firmware/nnet_utils/nnet_activation.h:46]   --->   Operation 74 'or' 'or_ln46_71' <Predicate = true> <Delay = 0.00> <CoreInst = "LogicGate">   --->   Core 74 'LogicGate' <Latency = 0> <II = 1> <Delay = 0.97> <FuncUnit> <Opcode : 'and' 'or' 'xor'> <InPorts = 2> <OutPorts = 1>
ST_1 : Operation 75 [1/1] (0.00ns) (grouped into LUT with out node add_ln46_23)   --->   "%and_ln46_45 = and i1 %or_ln46_71, i1 %tmp_141" [firmware/nnet_utils/nnet_activation.h:46]   --->   Operation 75 'and' 'and_ln46_45' <Predicate = true> <Delay = 0.00> <CoreInst = "LogicGate">   --->   Core 74 'LogicGate' <Latency = 0> <II = 1> <Delay = 0.97> <FuncUnit> <Opcode : 'and' 'or' 'xor'> <InPorts = 2> <OutPorts = 1>
ST_1 : Operation 76 [1/1] (0.00ns) (grouped into LUT with out node add_ln46_23)   --->   "%zext_ln46_23 = zext i1 %and_ln46_45" [firmware/nnet_utils/nnet_activation.h:46]   --->   Operation 76 'zext' 'zext_ln46_23' <Predicate = true> <Delay = 0.00>
ST_1 : Operation 77 [1/1] (1.56ns) (out node of the LUT)   --->   "%add_ln46_23 = add i2 %trunc_ln46_21, i2 %zext_ln46_23" [firmware/nnet_utils/nnet_activation.h:46]   --->   Operation 77 'add' 'add_ln46_23' <Predicate = true> <Delay = 1.56> <CoreInst = "Adder">   --->   Core 1 'Adder' <Latency = 0> <II = 1> <Delay = 1.56> <FuncUnit> <Opcode : 'add' 'sub'> <InPorts = 2> <OutPorts = 1>
ST_1 : Operation 78 [1/1] (0.00ns)   --->   "%tmp_144 = partselect i6 @_ssdm_op_PartSelect.i6.i16.i32.i32, i16 %data_4_val_read, i32 10, i32 15" [firmware/nnet_utils/nnet_activation.h:46]   --->   Operation 78 'partselect' 'tmp_144' <Predicate = true> <Delay = 0.00>
ST_1 : Operation 79 [1/1] (1.82ns)   --->   "%icmp_ln46_48 = icmp_eq  i6 %tmp_144, i6 0" [firmware/nnet_utils/nnet_activation.h:46]   --->   Operation 79 'icmp' 'icmp_ln46_48' <Predicate = true> <Delay = 1.82> <CoreInst = "Cmp">   --->   Core 9 'Cmp' <Latency = 0> <II = 1> <Delay = 1.82> <FuncUnit> <Opcode : 'seteq' 'setne' 'setle' 'setge' 'setlt' 'setgt'> <InPorts = 2> <OutPorts = 1>
ST_1 : Operation 80 [1/1] (0.00ns)   --->   "%tmp_146 = bitselect i1 @_ssdm_op_BitSelect.i1.i16.i32, i16 %data_5_val_read, i32 15" [firmware/nnet_utils/nnet_activation.h:46]   --->   Operation 80 'bitselect' 'tmp_146' <Predicate = true> <Delay = 0.00>
ST_1 : Operation 81 [1/1] (0.00ns) (grouped into LUT with out node add_ln46_24)   --->   "%trunc_ln46_22 = partselect i2 @_ssdm_op_PartSelect.i2.i16.i32.i32, i16 %data_5_val_read, i32 8, i32 9" [firmware/nnet_utils/nnet_activation.h:46]   --->   Operation 81 'partselect' 'trunc_ln46_22' <Predicate = true> <Delay = 0.00>
ST_1 : Operation 82 [1/1] (0.00ns) (grouped into LUT with out node add_ln46_24)   --->   "%tmp_147 = bitselect i1 @_ssdm_op_BitSelect.i1.i16.i32, i16 %data_5_val_read, i32 7" [firmware/nnet_utils/nnet_activation.h:46]   --->   Operation 82 'bitselect' 'tmp_147' <Predicate = true> <Delay = 0.00>
ST_1 : Operation 83 [1/1] (0.00ns)   --->   "%trunc_ln46_42 = trunc i16 %data_5_val_read" [firmware/nnet_utils/nnet_activation.h:46]   --->   Operation 83 'trunc' 'trunc_ln46_42' <Predicate = true> <Delay = 0.00>
ST_1 : Operation 84 [1/1] (1.87ns)   --->   "%icmp_ln46_49 = icmp_ne  i7 %trunc_ln46_42, i7 0" [firmware/nnet_utils/nnet_activation.h:46]   --->   Operation 84 'icmp' 'icmp_ln46_49' <Predicate = true> <Delay = 1.87> <CoreInst = "Cmp">   --->   Core 9 'Cmp' <Latency = 0> <II = 1> <Delay = 1.87> <FuncUnit> <Opcode : 'seteq' 'setne' 'setle' 'setge' 'setlt' 'setgt'> <InPorts = 2> <OutPorts = 1>
ST_1 : Operation 85 [1/1] (0.00ns) (grouped into LUT with out node add_ln46_24)   --->   "%tmp_149 = bitselect i1 @_ssdm_op_BitSelect.i1.i16.i32, i16 %data_5_val_read, i32 8" [firmware/nnet_utils/nnet_activation.h:46]   --->   Operation 85 'bitselect' 'tmp_149' <Predicate = true> <Delay = 0.00>
ST_1 : Operation 86 [1/1] (0.00ns) (grouped into LUT with out node add_ln46_24)   --->   "%or_ln46_74 = or i1 %tmp_149, i1 %icmp_ln46_49" [firmware/nnet_utils/nnet_activation.h:46]   --->   Operation 86 'or' 'or_ln46_74' <Predicate = true> <Delay = 0.00> <CoreInst = "LogicGate">   --->   Core 74 'LogicGate' <Latency = 0> <II = 1> <Delay = 0.97> <FuncUnit> <Opcode : 'and' 'or' 'xor'> <InPorts = 2> <OutPorts = 1>
ST_1 : Operation 87 [1/1] (0.00ns) (grouped into LUT with out node add_ln46_24)   --->   "%and_ln46_47 = and i1 %or_ln46_74, i1 %tmp_147" [firmware/nnet_utils/nnet_activation.h:46]   --->   Operation 87 'and' 'and_ln46_47' <Predicate = true> <Delay = 0.00> <CoreInst = "LogicGate">   --->   Core 74 'LogicGate' <Latency = 0> <II = 1> <Delay = 0.97> <FuncUnit> <Opcode : 'and' 'or' 'xor'> <InPorts = 2> <OutPorts = 1>
ST_1 : Operation 88 [1/1] (0.00ns) (grouped into LUT with out node add_ln46_24)   --->   "%zext_ln46_24 = zext i1 %and_ln46_47" [firmware/nnet_utils/nnet_activation.h:46]   --->   Operation 88 'zext' 'zext_ln46_24' <Predicate = true> <Delay = 0.00>
ST_1 : Operation 89 [1/1] (1.56ns) (out node of the LUT)   --->   "%add_ln46_24 = add i2 %trunc_ln46_22, i2 %zext_ln46_24" [firmware/nnet_utils/nnet_activation.h:46]   --->   Operation 89 'add' 'add_ln46_24' <Predicate = true> <Delay = 1.56> <CoreInst = "Adder">   --->   Core 1 'Adder' <Latency = 0> <II = 1> <Delay = 1.56> <FuncUnit> <Opcode : 'add' 'sub'> <InPorts = 2> <OutPorts = 1>
ST_1 : Operation 90 [1/1] (0.00ns)   --->   "%tmp_150 = partselect i6 @_ssdm_op_PartSelect.i6.i16.i32.i32, i16 %data_5_val_read, i32 10, i32 15" [firmware/nnet_utils/nnet_activation.h:46]   --->   Operation 90 'partselect' 'tmp_150' <Predicate = true> <Delay = 0.00>
ST_1 : Operation 91 [1/1] (1.82ns)   --->   "%icmp_ln46_50 = icmp_eq  i6 %tmp_150, i6 0" [firmware/nnet_utils/nnet_activation.h:46]   --->   Operation 91 'icmp' 'icmp_ln46_50' <Predicate = true> <Delay = 1.82> <CoreInst = "Cmp">   --->   Core 9 'Cmp' <Latency = 0> <II = 1> <Delay = 1.82> <FuncUnit> <Opcode : 'seteq' 'setne' 'setle' 'setge' 'setlt' 'setgt'> <InPorts = 2> <OutPorts = 1>
ST_1 : Operation 92 [1/1] (0.00ns)   --->   "%tmp_152 = bitselect i1 @_ssdm_op_BitSelect.i1.i16.i32, i16 %data_6_val_read, i32 15" [firmware/nnet_utils/nnet_activation.h:46]   --->   Operation 92 'bitselect' 'tmp_152' <Predicate = true> <Delay = 0.00>
ST_1 : Operation 93 [1/1] (0.00ns) (grouped into LUT with out node add_ln46_25)   --->   "%trunc_ln46_23 = partselect i2 @_ssdm_op_PartSelect.i2.i16.i32.i32, i16 %data_6_val_read, i32 8, i32 9" [firmware/nnet_utils/nnet_activation.h:46]   --->   Operation 93 'partselect' 'trunc_ln46_23' <Predicate = true> <Delay = 0.00>
ST_1 : Operation 94 [1/1] (0.00ns) (grouped into LUT with out node add_ln46_25)   --->   "%tmp_153 = bitselect i1 @_ssdm_op_BitSelect.i1.i16.i32, i16 %data_6_val_read, i32 7" [firmware/nnet_utils/nnet_activation.h:46]   --->   Operation 94 'bitselect' 'tmp_153' <Predicate = true> <Delay = 0.00>
ST_1 : Operation 95 [1/1] (0.00ns)   --->   "%trunc_ln46_43 = trunc i16 %data_6_val_read" [firmware/nnet_utils/nnet_activation.h:46]   --->   Operation 95 'trunc' 'trunc_ln46_43' <Predicate = true> <Delay = 0.00>
ST_1 : Operation 96 [1/1] (1.87ns)   --->   "%icmp_ln46_51 = icmp_ne  i7 %trunc_ln46_43, i7 0" [firmware/nnet_utils/nnet_activation.h:46]   --->   Operation 96 'icmp' 'icmp_ln46_51' <Predicate = true> <Delay = 1.87> <CoreInst = "Cmp">   --->   Core 9 'Cmp' <Latency = 0> <II = 1> <Delay = 1.87> <FuncUnit> <Opcode : 'seteq' 'setne' 'setle' 'setge' 'setlt' 'setgt'> <InPorts = 2> <OutPorts = 1>
ST_1 : Operation 97 [1/1] (0.00ns) (grouped into LUT with out node add_ln46_25)   --->   "%tmp_155 = bitselect i1 @_ssdm_op_BitSelect.i1.i16.i32, i16 %data_6_val_read, i32 8" [firmware/nnet_utils/nnet_activation.h:46]   --->   Operation 97 'bitselect' 'tmp_155' <Predicate = true> <Delay = 0.00>
ST_1 : Operation 98 [1/1] (0.00ns) (grouped into LUT with out node add_ln46_25)   --->   "%or_ln46_77 = or i1 %tmp_155, i1 %icmp_ln46_51" [firmware/nnet_utils/nnet_activation.h:46]   --->   Operation 98 'or' 'or_ln46_77' <Predicate = true> <Delay = 0.00> <CoreInst = "LogicGate">   --->   Core 74 'LogicGate' <Latency = 0> <II = 1> <Delay = 0.97> <FuncUnit> <Opcode : 'and' 'or' 'xor'> <InPorts = 2> <OutPorts = 1>
ST_1 : Operation 99 [1/1] (0.00ns) (grouped into LUT with out node add_ln46_25)   --->   "%and_ln46_49 = and i1 %or_ln46_77, i1 %tmp_153" [firmware/nnet_utils/nnet_activation.h:46]   --->   Operation 99 'and' 'and_ln46_49' <Predicate = true> <Delay = 0.00> <CoreInst = "LogicGate">   --->   Core 74 'LogicGate' <Latency = 0> <II = 1> <Delay = 0.97> <FuncUnit> <Opcode : 'and' 'or' 'xor'> <InPorts = 2> <OutPorts = 1>
ST_1 : Operation 100 [1/1] (0.00ns) (grouped into LUT with out node add_ln46_25)   --->   "%zext_ln46_25 = zext i1 %and_ln46_49" [firmware/nnet_utils/nnet_activation.h:46]   --->   Operation 100 'zext' 'zext_ln46_25' <Predicate = true> <Delay = 0.00>
ST_1 : Operation 101 [1/1] (1.56ns) (out node of the LUT)   --->   "%add_ln46_25 = add i2 %trunc_ln46_23, i2 %zext_ln46_25" [firmware/nnet_utils/nnet_activation.h:46]   --->   Operation 101 'add' 'add_ln46_25' <Predicate = true> <Delay = 1.56> <CoreInst = "Adder">   --->   Core 1 'Adder' <Latency = 0> <II = 1> <Delay = 1.56> <FuncUnit> <Opcode : 'add' 'sub'> <InPorts = 2> <OutPorts = 1>
ST_1 : Operation 102 [1/1] (0.00ns)   --->   "%tmp_156 = partselect i6 @_ssdm_op_PartSelect.i6.i16.i32.i32, i16 %data_6_val_read, i32 10, i32 15" [firmware/nnet_utils/nnet_activation.h:46]   --->   Operation 102 'partselect' 'tmp_156' <Predicate = true> <Delay = 0.00>
ST_1 : Operation 103 [1/1] (1.82ns)   --->   "%icmp_ln46_52 = icmp_eq  i6 %tmp_156, i6 0" [firmware/nnet_utils/nnet_activation.h:46]   --->   Operation 103 'icmp' 'icmp_ln46_52' <Predicate = true> <Delay = 1.82> <CoreInst = "Cmp">   --->   Core 9 'Cmp' <Latency = 0> <II = 1> <Delay = 1.82> <FuncUnit> <Opcode : 'seteq' 'setne' 'setle' 'setge' 'setlt' 'setgt'> <InPorts = 2> <OutPorts = 1>
ST_1 : Operation 104 [1/1] (0.00ns)   --->   "%tmp_158 = bitselect i1 @_ssdm_op_BitSelect.i1.i16.i32, i16 %data_7_val_read, i32 15" [firmware/nnet_utils/nnet_activation.h:46]   --->   Operation 104 'bitselect' 'tmp_158' <Predicate = true> <Delay = 0.00>
ST_1 : Operation 105 [1/1] (0.00ns) (grouped into LUT with out node add_ln46_26)   --->   "%trunc_ln46_24 = partselect i2 @_ssdm_op_PartSelect.i2.i16.i32.i32, i16 %data_7_val_read, i32 8, i32 9" [firmware/nnet_utils/nnet_activation.h:46]   --->   Operation 105 'partselect' 'trunc_ln46_24' <Predicate = true> <Delay = 0.00>
ST_1 : Operation 106 [1/1] (0.00ns) (grouped into LUT with out node add_ln46_26)   --->   "%tmp_159 = bitselect i1 @_ssdm_op_BitSelect.i1.i16.i32, i16 %data_7_val_read, i32 7" [firmware/nnet_utils/nnet_activation.h:46]   --->   Operation 106 'bitselect' 'tmp_159' <Predicate = true> <Delay = 0.00>
ST_1 : Operation 107 [1/1] (0.00ns)   --->   "%trunc_ln46_44 = trunc i16 %data_7_val_read" [firmware/nnet_utils/nnet_activation.h:46]   --->   Operation 107 'trunc' 'trunc_ln46_44' <Predicate = true> <Delay = 0.00>
ST_1 : Operation 108 [1/1] (1.87ns)   --->   "%icmp_ln46_53 = icmp_ne  i7 %trunc_ln46_44, i7 0" [firmware/nnet_utils/nnet_activation.h:46]   --->   Operation 108 'icmp' 'icmp_ln46_53' <Predicate = true> <Delay = 1.87> <CoreInst = "Cmp">   --->   Core 9 'Cmp' <Latency = 0> <II = 1> <Delay = 1.87> <FuncUnit> <Opcode : 'seteq' 'setne' 'setle' 'setge' 'setlt' 'setgt'> <InPorts = 2> <OutPorts = 1>
ST_1 : Operation 109 [1/1] (0.00ns) (grouped into LUT with out node add_ln46_26)   --->   "%tmp_161 = bitselect i1 @_ssdm_op_BitSelect.i1.i16.i32, i16 %data_7_val_read, i32 8" [firmware/nnet_utils/nnet_activation.h:46]   --->   Operation 109 'bitselect' 'tmp_161' <Predicate = true> <Delay = 0.00>
ST_1 : Operation 110 [1/1] (0.00ns) (grouped into LUT with out node add_ln46_26)   --->   "%or_ln46_80 = or i1 %tmp_161, i1 %icmp_ln46_53" [firmware/nnet_utils/nnet_activation.h:46]   --->   Operation 110 'or' 'or_ln46_80' <Predicate = true> <Delay = 0.00> <CoreInst = "LogicGate">   --->   Core 74 'LogicGate' <Latency = 0> <II = 1> <Delay = 0.97> <FuncUnit> <Opcode : 'and' 'or' 'xor'> <InPorts = 2> <OutPorts = 1>
ST_1 : Operation 111 [1/1] (0.00ns) (grouped into LUT with out node add_ln46_26)   --->   "%and_ln46_51 = and i1 %or_ln46_80, i1 %tmp_159" [firmware/nnet_utils/nnet_activation.h:46]   --->   Operation 111 'and' 'and_ln46_51' <Predicate = true> <Delay = 0.00> <CoreInst = "LogicGate">   --->   Core 74 'LogicGate' <Latency = 0> <II = 1> <Delay = 0.97> <FuncUnit> <Opcode : 'and' 'or' 'xor'> <InPorts = 2> <OutPorts = 1>
ST_1 : Operation 112 [1/1] (0.00ns) (grouped into LUT with out node add_ln46_26)   --->   "%zext_ln46_26 = zext i1 %and_ln46_51" [firmware/nnet_utils/nnet_activation.h:46]   --->   Operation 112 'zext' 'zext_ln46_26' <Predicate = true> <Delay = 0.00>
ST_1 : Operation 113 [1/1] (1.56ns) (out node of the LUT)   --->   "%add_ln46_26 = add i2 %trunc_ln46_24, i2 %zext_ln46_26" [firmware/nnet_utils/nnet_activation.h:46]   --->   Operation 113 'add' 'add_ln46_26' <Predicate = true> <Delay = 1.56> <CoreInst = "Adder">   --->   Core 1 'Adder' <Latency = 0> <II = 1> <Delay = 1.56> <FuncUnit> <Opcode : 'add' 'sub'> <InPorts = 2> <OutPorts = 1>
ST_1 : Operation 114 [1/1] (0.00ns)   --->   "%tmp_162 = partselect i6 @_ssdm_op_PartSelect.i6.i16.i32.i32, i16 %data_7_val_read, i32 10, i32 15" [firmware/nnet_utils/nnet_activation.h:46]   --->   Operation 114 'partselect' 'tmp_162' <Predicate = true> <Delay = 0.00>
ST_1 : Operation 115 [1/1] (1.82ns)   --->   "%icmp_ln46_54 = icmp_eq  i6 %tmp_162, i6 0" [firmware/nnet_utils/nnet_activation.h:46]   --->   Operation 115 'icmp' 'icmp_ln46_54' <Predicate = true> <Delay = 1.82> <CoreInst = "Cmp">   --->   Core 9 'Cmp' <Latency = 0> <II = 1> <Delay = 1.82> <FuncUnit> <Opcode : 'seteq' 'setne' 'setle' 'setge' 'setlt' 'setgt'> <InPorts = 2> <OutPorts = 1>
ST_1 : Operation 116 [1/1] (0.00ns)   --->   "%tmp_164 = bitselect i1 @_ssdm_op_BitSelect.i1.i16.i32, i16 %data_8_val_read, i32 15" [firmware/nnet_utils/nnet_activation.h:46]   --->   Operation 116 'bitselect' 'tmp_164' <Predicate = true> <Delay = 0.00>
ST_1 : Operation 117 [1/1] (0.00ns) (grouped into LUT with out node add_ln46_27)   --->   "%trunc_ln46_25 = partselect i2 @_ssdm_op_PartSelect.i2.i16.i32.i32, i16 %data_8_val_read, i32 8, i32 9" [firmware/nnet_utils/nnet_activation.h:46]   --->   Operation 117 'partselect' 'trunc_ln46_25' <Predicate = true> <Delay = 0.00>
ST_1 : Operation 118 [1/1] (0.00ns) (grouped into LUT with out node add_ln46_27)   --->   "%tmp_165 = bitselect i1 @_ssdm_op_BitSelect.i1.i16.i32, i16 %data_8_val_read, i32 7" [firmware/nnet_utils/nnet_activation.h:46]   --->   Operation 118 'bitselect' 'tmp_165' <Predicate = true> <Delay = 0.00>
ST_1 : Operation 119 [1/1] (0.00ns)   --->   "%trunc_ln46_45 = trunc i16 %data_8_val_read" [firmware/nnet_utils/nnet_activation.h:46]   --->   Operation 119 'trunc' 'trunc_ln46_45' <Predicate = true> <Delay = 0.00>
ST_1 : Operation 120 [1/1] (1.87ns)   --->   "%icmp_ln46_55 = icmp_ne  i7 %trunc_ln46_45, i7 0" [firmware/nnet_utils/nnet_activation.h:46]   --->   Operation 120 'icmp' 'icmp_ln46_55' <Predicate = true> <Delay = 1.87> <CoreInst = "Cmp">   --->   Core 9 'Cmp' <Latency = 0> <II = 1> <Delay = 1.87> <FuncUnit> <Opcode : 'seteq' 'setne' 'setle' 'setge' 'setlt' 'setgt'> <InPorts = 2> <OutPorts = 1>
ST_1 : Operation 121 [1/1] (0.00ns) (grouped into LUT with out node add_ln46_27)   --->   "%tmp_167 = bitselect i1 @_ssdm_op_BitSelect.i1.i16.i32, i16 %data_8_val_read, i32 8" [firmware/nnet_utils/nnet_activation.h:46]   --->   Operation 121 'bitselect' 'tmp_167' <Predicate = true> <Delay = 0.00>
ST_1 : Operation 122 [1/1] (0.00ns) (grouped into LUT with out node add_ln46_27)   --->   "%or_ln46_83 = or i1 %tmp_167, i1 %icmp_ln46_55" [firmware/nnet_utils/nnet_activation.h:46]   --->   Operation 122 'or' 'or_ln46_83' <Predicate = true> <Delay = 0.00> <CoreInst = "LogicGate">   --->   Core 74 'LogicGate' <Latency = 0> <II = 1> <Delay = 0.97> <FuncUnit> <Opcode : 'and' 'or' 'xor'> <InPorts = 2> <OutPorts = 1>
ST_1 : Operation 123 [1/1] (0.00ns) (grouped into LUT with out node add_ln46_27)   --->   "%and_ln46_53 = and i1 %or_ln46_83, i1 %tmp_165" [firmware/nnet_utils/nnet_activation.h:46]   --->   Operation 123 'and' 'and_ln46_53' <Predicate = true> <Delay = 0.00> <CoreInst = "LogicGate">   --->   Core 74 'LogicGate' <Latency = 0> <II = 1> <Delay = 0.97> <FuncUnit> <Opcode : 'and' 'or' 'xor'> <InPorts = 2> <OutPorts = 1>
ST_1 : Operation 124 [1/1] (0.00ns) (grouped into LUT with out node add_ln46_27)   --->   "%zext_ln46_27 = zext i1 %and_ln46_53" [firmware/nnet_utils/nnet_activation.h:46]   --->   Operation 124 'zext' 'zext_ln46_27' <Predicate = true> <Delay = 0.00>
ST_1 : Operation 125 [1/1] (1.56ns) (out node of the LUT)   --->   "%add_ln46_27 = add i2 %trunc_ln46_25, i2 %zext_ln46_27" [firmware/nnet_utils/nnet_activation.h:46]   --->   Operation 125 'add' 'add_ln46_27' <Predicate = true> <Delay = 1.56> <CoreInst = "Adder">   --->   Core 1 'Adder' <Latency = 0> <II = 1> <Delay = 1.56> <FuncUnit> <Opcode : 'add' 'sub'> <InPorts = 2> <OutPorts = 1>
ST_1 : Operation 126 [1/1] (0.00ns)   --->   "%tmp_168 = partselect i6 @_ssdm_op_PartSelect.i6.i16.i32.i32, i16 %data_8_val_read, i32 10, i32 15" [firmware/nnet_utils/nnet_activation.h:46]   --->   Operation 126 'partselect' 'tmp_168' <Predicate = true> <Delay = 0.00>
ST_1 : Operation 127 [1/1] (1.82ns)   --->   "%icmp_ln46_56 = icmp_eq  i6 %tmp_168, i6 0" [firmware/nnet_utils/nnet_activation.h:46]   --->   Operation 127 'icmp' 'icmp_ln46_56' <Predicate = true> <Delay = 1.82> <CoreInst = "Cmp">   --->   Core 9 'Cmp' <Latency = 0> <II = 1> <Delay = 1.82> <FuncUnit> <Opcode : 'seteq' 'setne' 'setle' 'setge' 'setlt' 'setgt'> <InPorts = 2> <OutPorts = 1>
ST_1 : Operation 128 [1/1] (0.00ns)   --->   "%tmp_170 = bitselect i1 @_ssdm_op_BitSelect.i1.i16.i32, i16 %data_9_val_read, i32 15" [firmware/nnet_utils/nnet_activation.h:46]   --->   Operation 128 'bitselect' 'tmp_170' <Predicate = true> <Delay = 0.00>
ST_1 : Operation 129 [1/1] (0.00ns) (grouped into LUT with out node add_ln46_28)   --->   "%trunc_ln46_26 = partselect i2 @_ssdm_op_PartSelect.i2.i16.i32.i32, i16 %data_9_val_read, i32 8, i32 9" [firmware/nnet_utils/nnet_activation.h:46]   --->   Operation 129 'partselect' 'trunc_ln46_26' <Predicate = true> <Delay = 0.00>
ST_1 : Operation 130 [1/1] (0.00ns) (grouped into LUT with out node add_ln46_28)   --->   "%tmp_171 = bitselect i1 @_ssdm_op_BitSelect.i1.i16.i32, i16 %data_9_val_read, i32 7" [firmware/nnet_utils/nnet_activation.h:46]   --->   Operation 130 'bitselect' 'tmp_171' <Predicate = true> <Delay = 0.00>
ST_1 : Operation 131 [1/1] (0.00ns)   --->   "%trunc_ln46_46 = trunc i16 %data_9_val_read" [firmware/nnet_utils/nnet_activation.h:46]   --->   Operation 131 'trunc' 'trunc_ln46_46' <Predicate = true> <Delay = 0.00>
ST_1 : Operation 132 [1/1] (1.87ns)   --->   "%icmp_ln46_57 = icmp_ne  i7 %trunc_ln46_46, i7 0" [firmware/nnet_utils/nnet_activation.h:46]   --->   Operation 132 'icmp' 'icmp_ln46_57' <Predicate = true> <Delay = 1.87> <CoreInst = "Cmp">   --->   Core 9 'Cmp' <Latency = 0> <II = 1> <Delay = 1.87> <FuncUnit> <Opcode : 'seteq' 'setne' 'setle' 'setge' 'setlt' 'setgt'> <InPorts = 2> <OutPorts = 1>
ST_1 : Operation 133 [1/1] (0.00ns) (grouped into LUT with out node add_ln46_28)   --->   "%tmp_173 = bitselect i1 @_ssdm_op_BitSelect.i1.i16.i32, i16 %data_9_val_read, i32 8" [firmware/nnet_utils/nnet_activation.h:46]   --->   Operation 133 'bitselect' 'tmp_173' <Predicate = true> <Delay = 0.00>
ST_1 : Operation 134 [1/1] (0.00ns) (grouped into LUT with out node add_ln46_28)   --->   "%or_ln46_86 = or i1 %tmp_173, i1 %icmp_ln46_57" [firmware/nnet_utils/nnet_activation.h:46]   --->   Operation 134 'or' 'or_ln46_86' <Predicate = true> <Delay = 0.00> <CoreInst = "LogicGate">   --->   Core 74 'LogicGate' <Latency = 0> <II = 1> <Delay = 0.97> <FuncUnit> <Opcode : 'and' 'or' 'xor'> <InPorts = 2> <OutPorts = 1>
ST_1 : Operation 135 [1/1] (0.00ns) (grouped into LUT with out node add_ln46_28)   --->   "%and_ln46_55 = and i1 %or_ln46_86, i1 %tmp_171" [firmware/nnet_utils/nnet_activation.h:46]   --->   Operation 135 'and' 'and_ln46_55' <Predicate = true> <Delay = 0.00> <CoreInst = "LogicGate">   --->   Core 74 'LogicGate' <Latency = 0> <II = 1> <Delay = 0.97> <FuncUnit> <Opcode : 'and' 'or' 'xor'> <InPorts = 2> <OutPorts = 1>
ST_1 : Operation 136 [1/1] (0.00ns) (grouped into LUT with out node add_ln46_28)   --->   "%zext_ln46_28 = zext i1 %and_ln46_55" [firmware/nnet_utils/nnet_activation.h:46]   --->   Operation 136 'zext' 'zext_ln46_28' <Predicate = true> <Delay = 0.00>
ST_1 : Operation 137 [1/1] (1.56ns) (out node of the LUT)   --->   "%add_ln46_28 = add i2 %trunc_ln46_26, i2 %zext_ln46_28" [firmware/nnet_utils/nnet_activation.h:46]   --->   Operation 137 'add' 'add_ln46_28' <Predicate = true> <Delay = 1.56> <CoreInst = "Adder">   --->   Core 1 'Adder' <Latency = 0> <II = 1> <Delay = 1.56> <FuncUnit> <Opcode : 'add' 'sub'> <InPorts = 2> <OutPorts = 1>
ST_1 : Operation 138 [1/1] (0.00ns)   --->   "%tmp_174 = partselect i6 @_ssdm_op_PartSelect.i6.i16.i32.i32, i16 %data_9_val_read, i32 10, i32 15" [firmware/nnet_utils/nnet_activation.h:46]   --->   Operation 138 'partselect' 'tmp_174' <Predicate = true> <Delay = 0.00>
ST_1 : Operation 139 [1/1] (1.82ns)   --->   "%icmp_ln46_58 = icmp_eq  i6 %tmp_174, i6 0" [firmware/nnet_utils/nnet_activation.h:46]   --->   Operation 139 'icmp' 'icmp_ln46_58' <Predicate = true> <Delay = 1.82> <CoreInst = "Cmp">   --->   Core 9 'Cmp' <Latency = 0> <II = 1> <Delay = 1.82> <FuncUnit> <Opcode : 'seteq' 'setne' 'setle' 'setge' 'setlt' 'setgt'> <InPorts = 2> <OutPorts = 1>
ST_1 : Operation 140 [1/1] (0.00ns)   --->   "%tmp_176 = bitselect i1 @_ssdm_op_BitSelect.i1.i16.i32, i16 %data_10_val_read, i32 15" [firmware/nnet_utils/nnet_activation.h:46]   --->   Operation 140 'bitselect' 'tmp_176' <Predicate = true> <Delay = 0.00>
ST_1 : Operation 141 [1/1] (0.00ns) (grouped into LUT with out node add_ln46_29)   --->   "%trunc_ln46_27 = partselect i2 @_ssdm_op_PartSelect.i2.i16.i32.i32, i16 %data_10_val_read, i32 8, i32 9" [firmware/nnet_utils/nnet_activation.h:46]   --->   Operation 141 'partselect' 'trunc_ln46_27' <Predicate = true> <Delay = 0.00>
ST_1 : Operation 142 [1/1] (0.00ns) (grouped into LUT with out node add_ln46_29)   --->   "%tmp_177 = bitselect i1 @_ssdm_op_BitSelect.i1.i16.i32, i16 %data_10_val_read, i32 7" [firmware/nnet_utils/nnet_activation.h:46]   --->   Operation 142 'bitselect' 'tmp_177' <Predicate = true> <Delay = 0.00>
ST_1 : Operation 143 [1/1] (0.00ns)   --->   "%trunc_ln46_47 = trunc i16 %data_10_val_read" [firmware/nnet_utils/nnet_activation.h:46]   --->   Operation 143 'trunc' 'trunc_ln46_47' <Predicate = true> <Delay = 0.00>
ST_1 : Operation 144 [1/1] (1.87ns)   --->   "%icmp_ln46_59 = icmp_ne  i7 %trunc_ln46_47, i7 0" [firmware/nnet_utils/nnet_activation.h:46]   --->   Operation 144 'icmp' 'icmp_ln46_59' <Predicate = true> <Delay = 1.87> <CoreInst = "Cmp">   --->   Core 9 'Cmp' <Latency = 0> <II = 1> <Delay = 1.87> <FuncUnit> <Opcode : 'seteq' 'setne' 'setle' 'setge' 'setlt' 'setgt'> <InPorts = 2> <OutPorts = 1>
ST_1 : Operation 145 [1/1] (0.00ns) (grouped into LUT with out node add_ln46_29)   --->   "%tmp_179 = bitselect i1 @_ssdm_op_BitSelect.i1.i16.i32, i16 %data_10_val_read, i32 8" [firmware/nnet_utils/nnet_activation.h:46]   --->   Operation 145 'bitselect' 'tmp_179' <Predicate = true> <Delay = 0.00>
ST_1 : Operation 146 [1/1] (0.00ns) (grouped into LUT with out node add_ln46_29)   --->   "%or_ln46_89 = or i1 %tmp_179, i1 %icmp_ln46_59" [firmware/nnet_utils/nnet_activation.h:46]   --->   Operation 146 'or' 'or_ln46_89' <Predicate = true> <Delay = 0.00> <CoreInst = "LogicGate">   --->   Core 74 'LogicGate' <Latency = 0> <II = 1> <Delay = 0.97> <FuncUnit> <Opcode : 'and' 'or' 'xor'> <InPorts = 2> <OutPorts = 1>
ST_1 : Operation 147 [1/1] (0.00ns) (grouped into LUT with out node add_ln46_29)   --->   "%and_ln46_57 = and i1 %or_ln46_89, i1 %tmp_177" [firmware/nnet_utils/nnet_activation.h:46]   --->   Operation 147 'and' 'and_ln46_57' <Predicate = true> <Delay = 0.00> <CoreInst = "LogicGate">   --->   Core 74 'LogicGate' <Latency = 0> <II = 1> <Delay = 0.97> <FuncUnit> <Opcode : 'and' 'or' 'xor'> <InPorts = 2> <OutPorts = 1>
ST_1 : Operation 148 [1/1] (0.00ns) (grouped into LUT with out node add_ln46_29)   --->   "%zext_ln46_29 = zext i1 %and_ln46_57" [firmware/nnet_utils/nnet_activation.h:46]   --->   Operation 148 'zext' 'zext_ln46_29' <Predicate = true> <Delay = 0.00>
ST_1 : Operation 149 [1/1] (1.56ns) (out node of the LUT)   --->   "%add_ln46_29 = add i2 %trunc_ln46_27, i2 %zext_ln46_29" [firmware/nnet_utils/nnet_activation.h:46]   --->   Operation 149 'add' 'add_ln46_29' <Predicate = true> <Delay = 1.56> <CoreInst = "Adder">   --->   Core 1 'Adder' <Latency = 0> <II = 1> <Delay = 1.56> <FuncUnit> <Opcode : 'add' 'sub'> <InPorts = 2> <OutPorts = 1>
ST_1 : Operation 150 [1/1] (0.00ns)   --->   "%tmp_180 = partselect i6 @_ssdm_op_PartSelect.i6.i16.i32.i32, i16 %data_10_val_read, i32 10, i32 15" [firmware/nnet_utils/nnet_activation.h:46]   --->   Operation 150 'partselect' 'tmp_180' <Predicate = true> <Delay = 0.00>
ST_1 : Operation 151 [1/1] (1.82ns)   --->   "%icmp_ln46_60 = icmp_eq  i6 %tmp_180, i6 0" [firmware/nnet_utils/nnet_activation.h:46]   --->   Operation 151 'icmp' 'icmp_ln46_60' <Predicate = true> <Delay = 1.82> <CoreInst = "Cmp">   --->   Core 9 'Cmp' <Latency = 0> <II = 1> <Delay = 1.82> <FuncUnit> <Opcode : 'seteq' 'setne' 'setle' 'setge' 'setlt' 'setgt'> <InPorts = 2> <OutPorts = 1>
ST_1 : Operation 152 [1/1] (0.00ns)   --->   "%tmp_182 = bitselect i1 @_ssdm_op_BitSelect.i1.i16.i32, i16 %data_11_val_read, i32 15" [firmware/nnet_utils/nnet_activation.h:46]   --->   Operation 152 'bitselect' 'tmp_182' <Predicate = true> <Delay = 0.00>
ST_1 : Operation 153 [1/1] (0.00ns) (grouped into LUT with out node add_ln46_30)   --->   "%trunc_ln46_28 = partselect i2 @_ssdm_op_PartSelect.i2.i16.i32.i32, i16 %data_11_val_read, i32 8, i32 9" [firmware/nnet_utils/nnet_activation.h:46]   --->   Operation 153 'partselect' 'trunc_ln46_28' <Predicate = true> <Delay = 0.00>
ST_1 : Operation 154 [1/1] (0.00ns) (grouped into LUT with out node add_ln46_30)   --->   "%tmp_183 = bitselect i1 @_ssdm_op_BitSelect.i1.i16.i32, i16 %data_11_val_read, i32 7" [firmware/nnet_utils/nnet_activation.h:46]   --->   Operation 154 'bitselect' 'tmp_183' <Predicate = true> <Delay = 0.00>
ST_1 : Operation 155 [1/1] (0.00ns)   --->   "%trunc_ln46_48 = trunc i16 %data_11_val_read" [firmware/nnet_utils/nnet_activation.h:46]   --->   Operation 155 'trunc' 'trunc_ln46_48' <Predicate = true> <Delay = 0.00>
ST_1 : Operation 156 [1/1] (1.87ns)   --->   "%icmp_ln46_61 = icmp_ne  i7 %trunc_ln46_48, i7 0" [firmware/nnet_utils/nnet_activation.h:46]   --->   Operation 156 'icmp' 'icmp_ln46_61' <Predicate = true> <Delay = 1.87> <CoreInst = "Cmp">   --->   Core 9 'Cmp' <Latency = 0> <II = 1> <Delay = 1.87> <FuncUnit> <Opcode : 'seteq' 'setne' 'setle' 'setge' 'setlt' 'setgt'> <InPorts = 2> <OutPorts = 1>
ST_1 : Operation 157 [1/1] (0.00ns) (grouped into LUT with out node add_ln46_30)   --->   "%tmp_185 = bitselect i1 @_ssdm_op_BitSelect.i1.i16.i32, i16 %data_11_val_read, i32 8" [firmware/nnet_utils/nnet_activation.h:46]   --->   Operation 157 'bitselect' 'tmp_185' <Predicate = true> <Delay = 0.00>
ST_1 : Operation 158 [1/1] (0.00ns) (grouped into LUT with out node add_ln46_30)   --->   "%or_ln46_92 = or i1 %tmp_185, i1 %icmp_ln46_61" [firmware/nnet_utils/nnet_activation.h:46]   --->   Operation 158 'or' 'or_ln46_92' <Predicate = true> <Delay = 0.00> <CoreInst = "LogicGate">   --->   Core 74 'LogicGate' <Latency = 0> <II = 1> <Delay = 0.97> <FuncUnit> <Opcode : 'and' 'or' 'xor'> <InPorts = 2> <OutPorts = 1>
ST_1 : Operation 159 [1/1] (0.00ns) (grouped into LUT with out node add_ln46_30)   --->   "%and_ln46_59 = and i1 %or_ln46_92, i1 %tmp_183" [firmware/nnet_utils/nnet_activation.h:46]   --->   Operation 159 'and' 'and_ln46_59' <Predicate = true> <Delay = 0.00> <CoreInst = "LogicGate">   --->   Core 74 'LogicGate' <Latency = 0> <II = 1> <Delay = 0.97> <FuncUnit> <Opcode : 'and' 'or' 'xor'> <InPorts = 2> <OutPorts = 1>
ST_1 : Operation 160 [1/1] (0.00ns) (grouped into LUT with out node add_ln46_30)   --->   "%zext_ln46_30 = zext i1 %and_ln46_59" [firmware/nnet_utils/nnet_activation.h:46]   --->   Operation 160 'zext' 'zext_ln46_30' <Predicate = true> <Delay = 0.00>
ST_1 : Operation 161 [1/1] (1.56ns) (out node of the LUT)   --->   "%add_ln46_30 = add i2 %trunc_ln46_28, i2 %zext_ln46_30" [firmware/nnet_utils/nnet_activation.h:46]   --->   Operation 161 'add' 'add_ln46_30' <Predicate = true> <Delay = 1.56> <CoreInst = "Adder">   --->   Core 1 'Adder' <Latency = 0> <II = 1> <Delay = 1.56> <FuncUnit> <Opcode : 'add' 'sub'> <InPorts = 2> <OutPorts = 1>
ST_1 : Operation 162 [1/1] (0.00ns)   --->   "%tmp_186 = partselect i6 @_ssdm_op_PartSelect.i6.i16.i32.i32, i16 %data_11_val_read, i32 10, i32 15" [firmware/nnet_utils/nnet_activation.h:46]   --->   Operation 162 'partselect' 'tmp_186' <Predicate = true> <Delay = 0.00>
ST_1 : Operation 163 [1/1] (1.82ns)   --->   "%icmp_ln46_62 = icmp_eq  i6 %tmp_186, i6 0" [firmware/nnet_utils/nnet_activation.h:46]   --->   Operation 163 'icmp' 'icmp_ln46_62' <Predicate = true> <Delay = 1.82> <CoreInst = "Cmp">   --->   Core 9 'Cmp' <Latency = 0> <II = 1> <Delay = 1.82> <FuncUnit> <Opcode : 'seteq' 'setne' 'setle' 'setge' 'setlt' 'setgt'> <InPorts = 2> <OutPorts = 1>
ST_1 : Operation 164 [1/1] (0.00ns)   --->   "%tmp_188 = bitselect i1 @_ssdm_op_BitSelect.i1.i16.i32, i16 %data_12_val_read, i32 15" [firmware/nnet_utils/nnet_activation.h:46]   --->   Operation 164 'bitselect' 'tmp_188' <Predicate = true> <Delay = 0.00>
ST_1 : Operation 165 [1/1] (0.00ns) (grouped into LUT with out node add_ln46_31)   --->   "%trunc_ln46_29 = partselect i2 @_ssdm_op_PartSelect.i2.i16.i32.i32, i16 %data_12_val_read, i32 8, i32 9" [firmware/nnet_utils/nnet_activation.h:46]   --->   Operation 165 'partselect' 'trunc_ln46_29' <Predicate = true> <Delay = 0.00>
ST_1 : Operation 166 [1/1] (0.00ns) (grouped into LUT with out node add_ln46_31)   --->   "%tmp_189 = bitselect i1 @_ssdm_op_BitSelect.i1.i16.i32, i16 %data_12_val_read, i32 7" [firmware/nnet_utils/nnet_activation.h:46]   --->   Operation 166 'bitselect' 'tmp_189' <Predicate = true> <Delay = 0.00>
ST_1 : Operation 167 [1/1] (0.00ns)   --->   "%trunc_ln46_49 = trunc i16 %data_12_val_read" [firmware/nnet_utils/nnet_activation.h:46]   --->   Operation 167 'trunc' 'trunc_ln46_49' <Predicate = true> <Delay = 0.00>
ST_1 : Operation 168 [1/1] (1.87ns)   --->   "%icmp_ln46_63 = icmp_ne  i7 %trunc_ln46_49, i7 0" [firmware/nnet_utils/nnet_activation.h:46]   --->   Operation 168 'icmp' 'icmp_ln46_63' <Predicate = true> <Delay = 1.87> <CoreInst = "Cmp">   --->   Core 9 'Cmp' <Latency = 0> <II = 1> <Delay = 1.87> <FuncUnit> <Opcode : 'seteq' 'setne' 'setle' 'setge' 'setlt' 'setgt'> <InPorts = 2> <OutPorts = 1>
ST_1 : Operation 169 [1/1] (0.00ns) (grouped into LUT with out node add_ln46_31)   --->   "%tmp_191 = bitselect i1 @_ssdm_op_BitSelect.i1.i16.i32, i16 %data_12_val_read, i32 8" [firmware/nnet_utils/nnet_activation.h:46]   --->   Operation 169 'bitselect' 'tmp_191' <Predicate = true> <Delay = 0.00>
ST_1 : Operation 170 [1/1] (0.00ns) (grouped into LUT with out node add_ln46_31)   --->   "%or_ln46_95 = or i1 %tmp_191, i1 %icmp_ln46_63" [firmware/nnet_utils/nnet_activation.h:46]   --->   Operation 170 'or' 'or_ln46_95' <Predicate = true> <Delay = 0.00> <CoreInst = "LogicGate">   --->   Core 74 'LogicGate' <Latency = 0> <II = 1> <Delay = 0.97> <FuncUnit> <Opcode : 'and' 'or' 'xor'> <InPorts = 2> <OutPorts = 1>
ST_1 : Operation 171 [1/1] (0.00ns) (grouped into LUT with out node add_ln46_31)   --->   "%and_ln46_61 = and i1 %or_ln46_95, i1 %tmp_189" [firmware/nnet_utils/nnet_activation.h:46]   --->   Operation 171 'and' 'and_ln46_61' <Predicate = true> <Delay = 0.00> <CoreInst = "LogicGate">   --->   Core 74 'LogicGate' <Latency = 0> <II = 1> <Delay = 0.97> <FuncUnit> <Opcode : 'and' 'or' 'xor'> <InPorts = 2> <OutPorts = 1>
ST_1 : Operation 172 [1/1] (0.00ns) (grouped into LUT with out node add_ln46_31)   --->   "%zext_ln46_31 = zext i1 %and_ln46_61" [firmware/nnet_utils/nnet_activation.h:46]   --->   Operation 172 'zext' 'zext_ln46_31' <Predicate = true> <Delay = 0.00>
ST_1 : Operation 173 [1/1] (1.56ns) (out node of the LUT)   --->   "%add_ln46_31 = add i2 %trunc_ln46_29, i2 %zext_ln46_31" [firmware/nnet_utils/nnet_activation.h:46]   --->   Operation 173 'add' 'add_ln46_31' <Predicate = true> <Delay = 1.56> <CoreInst = "Adder">   --->   Core 1 'Adder' <Latency = 0> <II = 1> <Delay = 1.56> <FuncUnit> <Opcode : 'add' 'sub'> <InPorts = 2> <OutPorts = 1>
ST_1 : Operation 174 [1/1] (0.00ns)   --->   "%tmp_192 = partselect i6 @_ssdm_op_PartSelect.i6.i16.i32.i32, i16 %data_12_val_read, i32 10, i32 15" [firmware/nnet_utils/nnet_activation.h:46]   --->   Operation 174 'partselect' 'tmp_192' <Predicate = true> <Delay = 0.00>
ST_1 : Operation 175 [1/1] (1.82ns)   --->   "%icmp_ln46_64 = icmp_eq  i6 %tmp_192, i6 0" [firmware/nnet_utils/nnet_activation.h:46]   --->   Operation 175 'icmp' 'icmp_ln46_64' <Predicate = true> <Delay = 1.82> <CoreInst = "Cmp">   --->   Core 9 'Cmp' <Latency = 0> <II = 1> <Delay = 1.82> <FuncUnit> <Opcode : 'seteq' 'setne' 'setle' 'setge' 'setlt' 'setgt'> <InPorts = 2> <OutPorts = 1>
ST_1 : Operation 176 [1/1] (0.00ns)   --->   "%tmp_194 = bitselect i1 @_ssdm_op_BitSelect.i1.i16.i32, i16 %data_13_val_read, i32 15" [firmware/nnet_utils/nnet_activation.h:46]   --->   Operation 176 'bitselect' 'tmp_194' <Predicate = true> <Delay = 0.00>
ST_1 : Operation 177 [1/1] (0.00ns) (grouped into LUT with out node add_ln46_32)   --->   "%trunc_ln46_30 = partselect i2 @_ssdm_op_PartSelect.i2.i16.i32.i32, i16 %data_13_val_read, i32 8, i32 9" [firmware/nnet_utils/nnet_activation.h:46]   --->   Operation 177 'partselect' 'trunc_ln46_30' <Predicate = true> <Delay = 0.00>
ST_1 : Operation 178 [1/1] (0.00ns) (grouped into LUT with out node add_ln46_32)   --->   "%tmp_195 = bitselect i1 @_ssdm_op_BitSelect.i1.i16.i32, i16 %data_13_val_read, i32 7" [firmware/nnet_utils/nnet_activation.h:46]   --->   Operation 178 'bitselect' 'tmp_195' <Predicate = true> <Delay = 0.00>
ST_1 : Operation 179 [1/1] (0.00ns)   --->   "%trunc_ln46_50 = trunc i16 %data_13_val_read" [firmware/nnet_utils/nnet_activation.h:46]   --->   Operation 179 'trunc' 'trunc_ln46_50' <Predicate = true> <Delay = 0.00>
ST_1 : Operation 180 [1/1] (1.87ns)   --->   "%icmp_ln46_65 = icmp_ne  i7 %trunc_ln46_50, i7 0" [firmware/nnet_utils/nnet_activation.h:46]   --->   Operation 180 'icmp' 'icmp_ln46_65' <Predicate = true> <Delay = 1.87> <CoreInst = "Cmp">   --->   Core 9 'Cmp' <Latency = 0> <II = 1> <Delay = 1.87> <FuncUnit> <Opcode : 'seteq' 'setne' 'setle' 'setge' 'setlt' 'setgt'> <InPorts = 2> <OutPorts = 1>
ST_1 : Operation 181 [1/1] (0.00ns) (grouped into LUT with out node add_ln46_32)   --->   "%tmp_197 = bitselect i1 @_ssdm_op_BitSelect.i1.i16.i32, i16 %data_13_val_read, i32 8" [firmware/nnet_utils/nnet_activation.h:46]   --->   Operation 181 'bitselect' 'tmp_197' <Predicate = true> <Delay = 0.00>
ST_1 : Operation 182 [1/1] (0.00ns) (grouped into LUT with out node add_ln46_32)   --->   "%or_ln46_98 = or i1 %tmp_197, i1 %icmp_ln46_65" [firmware/nnet_utils/nnet_activation.h:46]   --->   Operation 182 'or' 'or_ln46_98' <Predicate = true> <Delay = 0.00> <CoreInst = "LogicGate">   --->   Core 74 'LogicGate' <Latency = 0> <II = 1> <Delay = 0.97> <FuncUnit> <Opcode : 'and' 'or' 'xor'> <InPorts = 2> <OutPorts = 1>
ST_1 : Operation 183 [1/1] (0.00ns) (grouped into LUT with out node add_ln46_32)   --->   "%and_ln46_63 = and i1 %or_ln46_98, i1 %tmp_195" [firmware/nnet_utils/nnet_activation.h:46]   --->   Operation 183 'and' 'and_ln46_63' <Predicate = true> <Delay = 0.00> <CoreInst = "LogicGate">   --->   Core 74 'LogicGate' <Latency = 0> <II = 1> <Delay = 0.97> <FuncUnit> <Opcode : 'and' 'or' 'xor'> <InPorts = 2> <OutPorts = 1>
ST_1 : Operation 184 [1/1] (0.00ns) (grouped into LUT with out node add_ln46_32)   --->   "%zext_ln46_32 = zext i1 %and_ln46_63" [firmware/nnet_utils/nnet_activation.h:46]   --->   Operation 184 'zext' 'zext_ln46_32' <Predicate = true> <Delay = 0.00>
ST_1 : Operation 185 [1/1] (1.56ns) (out node of the LUT)   --->   "%add_ln46_32 = add i2 %trunc_ln46_30, i2 %zext_ln46_32" [firmware/nnet_utils/nnet_activation.h:46]   --->   Operation 185 'add' 'add_ln46_32' <Predicate = true> <Delay = 1.56> <CoreInst = "Adder">   --->   Core 1 'Adder' <Latency = 0> <II = 1> <Delay = 1.56> <FuncUnit> <Opcode : 'add' 'sub'> <InPorts = 2> <OutPorts = 1>
ST_1 : Operation 186 [1/1] (0.00ns)   --->   "%tmp_198 = partselect i6 @_ssdm_op_PartSelect.i6.i16.i32.i32, i16 %data_13_val_read, i32 10, i32 15" [firmware/nnet_utils/nnet_activation.h:46]   --->   Operation 186 'partselect' 'tmp_198' <Predicate = true> <Delay = 0.00>
ST_1 : Operation 187 [1/1] (1.82ns)   --->   "%icmp_ln46_66 = icmp_eq  i6 %tmp_198, i6 0" [firmware/nnet_utils/nnet_activation.h:46]   --->   Operation 187 'icmp' 'icmp_ln46_66' <Predicate = true> <Delay = 1.82> <CoreInst = "Cmp">   --->   Core 9 'Cmp' <Latency = 0> <II = 1> <Delay = 1.82> <FuncUnit> <Opcode : 'seteq' 'setne' 'setle' 'setge' 'setlt' 'setgt'> <InPorts = 2> <OutPorts = 1>
ST_1 : Operation 188 [1/1] (0.00ns)   --->   "%tmp_200 = bitselect i1 @_ssdm_op_BitSelect.i1.i16.i32, i16 %data_14_val_read, i32 15" [firmware/nnet_utils/nnet_activation.h:46]   --->   Operation 188 'bitselect' 'tmp_200' <Predicate = true> <Delay = 0.00>
ST_1 : Operation 189 [1/1] (0.00ns) (grouped into LUT with out node add_ln46_33)   --->   "%trunc_ln46_31 = partselect i2 @_ssdm_op_PartSelect.i2.i16.i32.i32, i16 %data_14_val_read, i32 8, i32 9" [firmware/nnet_utils/nnet_activation.h:46]   --->   Operation 189 'partselect' 'trunc_ln46_31' <Predicate = true> <Delay = 0.00>
ST_1 : Operation 190 [1/1] (0.00ns) (grouped into LUT with out node add_ln46_33)   --->   "%tmp_201 = bitselect i1 @_ssdm_op_BitSelect.i1.i16.i32, i16 %data_14_val_read, i32 7" [firmware/nnet_utils/nnet_activation.h:46]   --->   Operation 190 'bitselect' 'tmp_201' <Predicate = true> <Delay = 0.00>
ST_1 : Operation 191 [1/1] (0.00ns)   --->   "%trunc_ln46_51 = trunc i16 %data_14_val_read" [firmware/nnet_utils/nnet_activation.h:46]   --->   Operation 191 'trunc' 'trunc_ln46_51' <Predicate = true> <Delay = 0.00>
ST_1 : Operation 192 [1/1] (1.87ns)   --->   "%icmp_ln46_67 = icmp_ne  i7 %trunc_ln46_51, i7 0" [firmware/nnet_utils/nnet_activation.h:46]   --->   Operation 192 'icmp' 'icmp_ln46_67' <Predicate = true> <Delay = 1.87> <CoreInst = "Cmp">   --->   Core 9 'Cmp' <Latency = 0> <II = 1> <Delay = 1.87> <FuncUnit> <Opcode : 'seteq' 'setne' 'setle' 'setge' 'setlt' 'setgt'> <InPorts = 2> <OutPorts = 1>
ST_1 : Operation 193 [1/1] (0.00ns) (grouped into LUT with out node add_ln46_33)   --->   "%tmp_203 = bitselect i1 @_ssdm_op_BitSelect.i1.i16.i32, i16 %data_14_val_read, i32 8" [firmware/nnet_utils/nnet_activation.h:46]   --->   Operation 193 'bitselect' 'tmp_203' <Predicate = true> <Delay = 0.00>
ST_1 : Operation 194 [1/1] (0.00ns) (grouped into LUT with out node add_ln46_33)   --->   "%or_ln46_101 = or i1 %tmp_203, i1 %icmp_ln46_67" [firmware/nnet_utils/nnet_activation.h:46]   --->   Operation 194 'or' 'or_ln46_101' <Predicate = true> <Delay = 0.00> <CoreInst = "LogicGate">   --->   Core 74 'LogicGate' <Latency = 0> <II = 1> <Delay = 0.97> <FuncUnit> <Opcode : 'and' 'or' 'xor'> <InPorts = 2> <OutPorts = 1>
ST_1 : Operation 195 [1/1] (0.00ns) (grouped into LUT with out node add_ln46_33)   --->   "%and_ln46_65 = and i1 %or_ln46_101, i1 %tmp_201" [firmware/nnet_utils/nnet_activation.h:46]   --->   Operation 195 'and' 'and_ln46_65' <Predicate = true> <Delay = 0.00> <CoreInst = "LogicGate">   --->   Core 74 'LogicGate' <Latency = 0> <II = 1> <Delay = 0.97> <FuncUnit> <Opcode : 'and' 'or' 'xor'> <InPorts = 2> <OutPorts = 1>
ST_1 : Operation 196 [1/1] (0.00ns) (grouped into LUT with out node add_ln46_33)   --->   "%zext_ln46_33 = zext i1 %and_ln46_65" [firmware/nnet_utils/nnet_activation.h:46]   --->   Operation 196 'zext' 'zext_ln46_33' <Predicate = true> <Delay = 0.00>
ST_1 : Operation 197 [1/1] (1.56ns) (out node of the LUT)   --->   "%add_ln46_33 = add i2 %trunc_ln46_31, i2 %zext_ln46_33" [firmware/nnet_utils/nnet_activation.h:46]   --->   Operation 197 'add' 'add_ln46_33' <Predicate = true> <Delay = 1.56> <CoreInst = "Adder">   --->   Core 1 'Adder' <Latency = 0> <II = 1> <Delay = 1.56> <FuncUnit> <Opcode : 'add' 'sub'> <InPorts = 2> <OutPorts = 1>
ST_1 : Operation 198 [1/1] (0.00ns)   --->   "%tmp_204 = partselect i6 @_ssdm_op_PartSelect.i6.i16.i32.i32, i16 %data_14_val_read, i32 10, i32 15" [firmware/nnet_utils/nnet_activation.h:46]   --->   Operation 198 'partselect' 'tmp_204' <Predicate = true> <Delay = 0.00>
ST_1 : Operation 199 [1/1] (1.82ns)   --->   "%icmp_ln46_68 = icmp_eq  i6 %tmp_204, i6 0" [firmware/nnet_utils/nnet_activation.h:46]   --->   Operation 199 'icmp' 'icmp_ln46_68' <Predicate = true> <Delay = 1.82> <CoreInst = "Cmp">   --->   Core 9 'Cmp' <Latency = 0> <II = 1> <Delay = 1.82> <FuncUnit> <Opcode : 'seteq' 'setne' 'setle' 'setge' 'setlt' 'setgt'> <InPorts = 2> <OutPorts = 1>
ST_1 : Operation 200 [1/1] (0.00ns)   --->   "%tmp_206 = bitselect i1 @_ssdm_op_BitSelect.i1.i16.i32, i16 %data_15_val_read, i32 15" [firmware/nnet_utils/nnet_activation.h:46]   --->   Operation 200 'bitselect' 'tmp_206' <Predicate = true> <Delay = 0.00>
ST_1 : Operation 201 [1/1] (0.00ns) (grouped into LUT with out node add_ln46_34)   --->   "%trunc_ln46_32 = partselect i2 @_ssdm_op_PartSelect.i2.i16.i32.i32, i16 %data_15_val_read, i32 8, i32 9" [firmware/nnet_utils/nnet_activation.h:46]   --->   Operation 201 'partselect' 'trunc_ln46_32' <Predicate = true> <Delay = 0.00>
ST_1 : Operation 202 [1/1] (0.00ns) (grouped into LUT with out node add_ln46_34)   --->   "%tmp_207 = bitselect i1 @_ssdm_op_BitSelect.i1.i16.i32, i16 %data_15_val_read, i32 7" [firmware/nnet_utils/nnet_activation.h:46]   --->   Operation 202 'bitselect' 'tmp_207' <Predicate = true> <Delay = 0.00>
ST_1 : Operation 203 [1/1] (0.00ns)   --->   "%trunc_ln46_52 = trunc i16 %data_15_val_read" [firmware/nnet_utils/nnet_activation.h:46]   --->   Operation 203 'trunc' 'trunc_ln46_52' <Predicate = true> <Delay = 0.00>
ST_1 : Operation 204 [1/1] (1.87ns)   --->   "%icmp_ln46_69 = icmp_ne  i7 %trunc_ln46_52, i7 0" [firmware/nnet_utils/nnet_activation.h:46]   --->   Operation 204 'icmp' 'icmp_ln46_69' <Predicate = true> <Delay = 1.87> <CoreInst = "Cmp">   --->   Core 9 'Cmp' <Latency = 0> <II = 1> <Delay = 1.87> <FuncUnit> <Opcode : 'seteq' 'setne' 'setle' 'setge' 'setlt' 'setgt'> <InPorts = 2> <OutPorts = 1>
ST_1 : Operation 205 [1/1] (0.00ns) (grouped into LUT with out node add_ln46_34)   --->   "%tmp_209 = bitselect i1 @_ssdm_op_BitSelect.i1.i16.i32, i16 %data_15_val_read, i32 8" [firmware/nnet_utils/nnet_activation.h:46]   --->   Operation 205 'bitselect' 'tmp_209' <Predicate = true> <Delay = 0.00>
ST_1 : Operation 206 [1/1] (0.00ns) (grouped into LUT with out node add_ln46_34)   --->   "%or_ln46_104 = or i1 %tmp_209, i1 %icmp_ln46_69" [firmware/nnet_utils/nnet_activation.h:46]   --->   Operation 206 'or' 'or_ln46_104' <Predicate = true> <Delay = 0.00> <CoreInst = "LogicGate">   --->   Core 74 'LogicGate' <Latency = 0> <II = 1> <Delay = 0.97> <FuncUnit> <Opcode : 'and' 'or' 'xor'> <InPorts = 2> <OutPorts = 1>
ST_1 : Operation 207 [1/1] (0.00ns) (grouped into LUT with out node add_ln46_34)   --->   "%and_ln46_67 = and i1 %or_ln46_104, i1 %tmp_207" [firmware/nnet_utils/nnet_activation.h:46]   --->   Operation 207 'and' 'and_ln46_67' <Predicate = true> <Delay = 0.00> <CoreInst = "LogicGate">   --->   Core 74 'LogicGate' <Latency = 0> <II = 1> <Delay = 0.97> <FuncUnit> <Opcode : 'and' 'or' 'xor'> <InPorts = 2> <OutPorts = 1>
ST_1 : Operation 208 [1/1] (0.00ns) (grouped into LUT with out node add_ln46_34)   --->   "%zext_ln46_34 = zext i1 %and_ln46_67" [firmware/nnet_utils/nnet_activation.h:46]   --->   Operation 208 'zext' 'zext_ln46_34' <Predicate = true> <Delay = 0.00>
ST_1 : Operation 209 [1/1] (1.56ns) (out node of the LUT)   --->   "%add_ln46_34 = add i2 %trunc_ln46_32, i2 %zext_ln46_34" [firmware/nnet_utils/nnet_activation.h:46]   --->   Operation 209 'add' 'add_ln46_34' <Predicate = true> <Delay = 1.56> <CoreInst = "Adder">   --->   Core 1 'Adder' <Latency = 0> <II = 1> <Delay = 1.56> <FuncUnit> <Opcode : 'add' 'sub'> <InPorts = 2> <OutPorts = 1>
ST_1 : Operation 210 [1/1] (0.00ns)   --->   "%tmp_210 = partselect i6 @_ssdm_op_PartSelect.i6.i16.i32.i32, i16 %data_15_val_read, i32 10, i32 15" [firmware/nnet_utils/nnet_activation.h:46]   --->   Operation 210 'partselect' 'tmp_210' <Predicate = true> <Delay = 0.00>
ST_1 : Operation 211 [1/1] (1.82ns)   --->   "%icmp_ln46_70 = icmp_eq  i6 %tmp_210, i6 0" [firmware/nnet_utils/nnet_activation.h:46]   --->   Operation 211 'icmp' 'icmp_ln46_70' <Predicate = true> <Delay = 1.82> <CoreInst = "Cmp">   --->   Core 9 'Cmp' <Latency = 0> <II = 1> <Delay = 1.82> <FuncUnit> <Opcode : 'seteq' 'setne' 'setle' 'setge' 'setlt' 'setgt'> <InPorts = 2> <OutPorts = 1>
ST_1 : Operation 212 [1/1] (0.00ns)   --->   "%tmp_212 = bitselect i1 @_ssdm_op_BitSelect.i1.i16.i32, i16 %data_16_val_read, i32 15" [firmware/nnet_utils/nnet_activation.h:46]   --->   Operation 212 'bitselect' 'tmp_212' <Predicate = true> <Delay = 0.00>
ST_1 : Operation 213 [1/1] (0.00ns) (grouped into LUT with out node add_ln46_35)   --->   "%trunc_ln46_33 = partselect i2 @_ssdm_op_PartSelect.i2.i16.i32.i32, i16 %data_16_val_read, i32 8, i32 9" [firmware/nnet_utils/nnet_activation.h:46]   --->   Operation 213 'partselect' 'trunc_ln46_33' <Predicate = true> <Delay = 0.00>
ST_1 : Operation 214 [1/1] (0.00ns) (grouped into LUT with out node add_ln46_35)   --->   "%tmp_213 = bitselect i1 @_ssdm_op_BitSelect.i1.i16.i32, i16 %data_16_val_read, i32 7" [firmware/nnet_utils/nnet_activation.h:46]   --->   Operation 214 'bitselect' 'tmp_213' <Predicate = true> <Delay = 0.00>
ST_1 : Operation 215 [1/1] (0.00ns)   --->   "%trunc_ln46_53 = trunc i16 %data_16_val_read" [firmware/nnet_utils/nnet_activation.h:46]   --->   Operation 215 'trunc' 'trunc_ln46_53' <Predicate = true> <Delay = 0.00>
ST_1 : Operation 216 [1/1] (1.87ns)   --->   "%icmp_ln46_71 = icmp_ne  i7 %trunc_ln46_53, i7 0" [firmware/nnet_utils/nnet_activation.h:46]   --->   Operation 216 'icmp' 'icmp_ln46_71' <Predicate = true> <Delay = 1.87> <CoreInst = "Cmp">   --->   Core 9 'Cmp' <Latency = 0> <II = 1> <Delay = 1.87> <FuncUnit> <Opcode : 'seteq' 'setne' 'setle' 'setge' 'setlt' 'setgt'> <InPorts = 2> <OutPorts = 1>
ST_1 : Operation 217 [1/1] (0.00ns) (grouped into LUT with out node add_ln46_35)   --->   "%tmp_215 = bitselect i1 @_ssdm_op_BitSelect.i1.i16.i32, i16 %data_16_val_read, i32 8" [firmware/nnet_utils/nnet_activation.h:46]   --->   Operation 217 'bitselect' 'tmp_215' <Predicate = true> <Delay = 0.00>
ST_1 : Operation 218 [1/1] (0.00ns) (grouped into LUT with out node add_ln46_35)   --->   "%or_ln46_107 = or i1 %tmp_215, i1 %icmp_ln46_71" [firmware/nnet_utils/nnet_activation.h:46]   --->   Operation 218 'or' 'or_ln46_107' <Predicate = true> <Delay = 0.00> <CoreInst = "LogicGate">   --->   Core 74 'LogicGate' <Latency = 0> <II = 1> <Delay = 0.97> <FuncUnit> <Opcode : 'and' 'or' 'xor'> <InPorts = 2> <OutPorts = 1>
ST_1 : Operation 219 [1/1] (0.00ns) (grouped into LUT with out node add_ln46_35)   --->   "%and_ln46_69 = and i1 %or_ln46_107, i1 %tmp_213" [firmware/nnet_utils/nnet_activation.h:46]   --->   Operation 219 'and' 'and_ln46_69' <Predicate = true> <Delay = 0.00> <CoreInst = "LogicGate">   --->   Core 74 'LogicGate' <Latency = 0> <II = 1> <Delay = 0.97> <FuncUnit> <Opcode : 'and' 'or' 'xor'> <InPorts = 2> <OutPorts = 1>
ST_1 : Operation 220 [1/1] (0.00ns) (grouped into LUT with out node add_ln46_35)   --->   "%zext_ln46_35 = zext i1 %and_ln46_69" [firmware/nnet_utils/nnet_activation.h:46]   --->   Operation 220 'zext' 'zext_ln46_35' <Predicate = true> <Delay = 0.00>
ST_1 : Operation 221 [1/1] (1.56ns) (out node of the LUT)   --->   "%add_ln46_35 = add i2 %trunc_ln46_33, i2 %zext_ln46_35" [firmware/nnet_utils/nnet_activation.h:46]   --->   Operation 221 'add' 'add_ln46_35' <Predicate = true> <Delay = 1.56> <CoreInst = "Adder">   --->   Core 1 'Adder' <Latency = 0> <II = 1> <Delay = 1.56> <FuncUnit> <Opcode : 'add' 'sub'> <InPorts = 2> <OutPorts = 1>
ST_1 : Operation 222 [1/1] (0.00ns)   --->   "%tmp_216 = partselect i6 @_ssdm_op_PartSelect.i6.i16.i32.i32, i16 %data_16_val_read, i32 10, i32 15" [firmware/nnet_utils/nnet_activation.h:46]   --->   Operation 222 'partselect' 'tmp_216' <Predicate = true> <Delay = 0.00>
ST_1 : Operation 223 [1/1] (1.82ns)   --->   "%icmp_ln46_72 = icmp_eq  i6 %tmp_216, i6 0" [firmware/nnet_utils/nnet_activation.h:46]   --->   Operation 223 'icmp' 'icmp_ln46_72' <Predicate = true> <Delay = 1.82> <CoreInst = "Cmp">   --->   Core 9 'Cmp' <Latency = 0> <II = 1> <Delay = 1.82> <FuncUnit> <Opcode : 'seteq' 'setne' 'setle' 'setge' 'setlt' 'setgt'> <InPorts = 2> <OutPorts = 1>

State 2 <SV = 1> <Delay = 3.07>
ST_2 : Operation 224 [1/1] (0.00ns)   --->   "%specpipeline_ln42 = specpipeline void @_ssdm_op_SpecPipeline, i32 4294967295, i32 0, i32 0, i32 0, void @empty_0" [firmware/nnet_utils/nnet_activation.h:42]   --->   Operation 224 'specpipeline' 'specpipeline_ln42' <Predicate = true> <Delay = 0.00>
ST_2 : Operation 225 [1/1] (2.07ns)   --->   "%icmp_ln45 = icmp_sgt  i16 %data_0_val_read, i16 0" [firmware/nnet_utils/nnet_activation.h:45]   --->   Operation 225 'icmp' 'icmp_ln45' <Predicate = true> <Delay = 2.07> <CoreInst = "Cmp">   --->   Core 9 'Cmp' <Latency = 0> <II = 1> <Delay = 2.07> <FuncUnit> <Opcode : 'seteq' 'setne' 'setle' 'setge' 'setlt' 'setgt'> <InPorts = 2> <OutPorts = 1>
ST_2 : Operation 226 [1/1] (0.00ns) (grouped into LUT with out node empty)   --->   "%tmp_120 = bitselect i1 @_ssdm_op_BitSelect.i1.i16.i32, i16 %data_0_val_read, i32 9" [firmware/nnet_utils/nnet_activation.h:46]   --->   Operation 226 'bitselect' 'tmp_120' <Predicate = true> <Delay = 0.00>
ST_2 : Operation 227 [1/1] (0.00ns) (grouped into LUT with out node empty)   --->   "%tmp_122 = bitselect i1 @_ssdm_op_BitSelect.i1.i2.i32, i2 %add_ln46, i32 1" [firmware/nnet_utils/nnet_activation.h:46]   --->   Operation 227 'bitselect' 'tmp_122' <Predicate = true> <Delay = 0.00>
ST_2 : Operation 228 [1/1] (0.00ns) (grouped into LUT with out node empty)   --->   "%not_tmp_140 = xor i1 %tmp_120, i1 1" [firmware/nnet_utils/nnet_activation.h:46]   --->   Operation 228 'xor' 'not_tmp_140' <Predicate = true> <Delay = 0.00> <CoreInst = "LogicGate">   --->   Core 74 'LogicGate' <Latency = 0> <II = 1> <Delay = 0.97> <FuncUnit> <Opcode : 'and' 'or' 'xor'> <InPorts = 2> <OutPorts = 1>
ST_2 : Operation 229 [1/1] (0.00ns) (grouped into LUT with out node empty)   --->   "%and_ln46_40 = or i1 %tmp_122, i1 %not_tmp_140" [firmware/nnet_utils/nnet_activation.h:46]   --->   Operation 229 'or' 'and_ln46_40' <Predicate = true> <Delay = 0.00> <CoreInst = "LogicGate">   --->   Core 74 'LogicGate' <Latency = 0> <II = 1> <Delay = 0.97> <FuncUnit> <Opcode : 'and' 'or' 'xor'> <InPorts = 2> <OutPorts = 1>
ST_2 : Operation 230 [1/1] (0.97ns) (out node of the LUT)   --->   "%empty = and i1 %icmp_ln46_40, i1 %and_ln46_40" [firmware/nnet_utils/nnet_activation.h:46]   --->   Operation 230 'and' 'empty' <Predicate = true> <Delay = 0.97> <CoreInst = "LogicGate">   --->   Core 74 'LogicGate' <Latency = 0> <II = 1> <Delay = 0.97> <FuncUnit> <Opcode : 'and' 'or' 'xor'> <InPorts = 2> <OutPorts = 1>
ST_2 : Operation 231 [1/1] (0.00ns) (grouped into LUT with out node select_ln46_60)   --->   "%or_ln46_60 = or i1 %empty, i1 %tmp" [firmware/nnet_utils/nnet_activation.h:46]   --->   Operation 231 'or' 'or_ln46_60' <Predicate = true> <Delay = 0.00> <CoreInst = "LogicGate">   --->   Core 74 'LogicGate' <Latency = 0> <II = 1> <Delay = 0.97> <FuncUnit> <Opcode : 'and' 'or' 'xor'> <InPorts = 2> <OutPorts = 1>
ST_2 : Operation 232 [1/1] (0.00ns) (grouped into LUT with out node res_0_0)   --->   "%xor_ln46 = xor i1 %empty, i1 1" [firmware/nnet_utils/nnet_activation.h:46]   --->   Operation 232 'xor' 'xor_ln46' <Predicate = true> <Delay = 0.00> <CoreInst = "LogicGate">   --->   Core 74 'LogicGate' <Latency = 0> <II = 1> <Delay = 0.97> <FuncUnit> <Opcode : 'and' 'or' 'xor'> <InPorts = 2> <OutPorts = 1>
ST_2 : Operation 233 [1/1] (0.00ns) (grouped into LUT with out node res_0_0)   --->   "%or_ln46_61 = or i1 %tmp, i1 %xor_ln46" [firmware/nnet_utils/nnet_activation.h:46]   --->   Operation 233 'or' 'or_ln46_61' <Predicate = true> <Delay = 0.00> <CoreInst = "LogicGate">   --->   Core 74 'LogicGate' <Latency = 0> <II = 1> <Delay = 0.97> <FuncUnit> <Opcode : 'and' 'or' 'xor'> <InPorts = 2> <OutPorts = 1>
ST_2 : Operation 234 [1/1] (0.00ns) (grouped into LUT with out node select_ln46_60)   --->   "%select_ln46 = select i1 %tmp, i2 0, i2 %add_ln46" [firmware/nnet_utils/nnet_activation.h:46]   --->   Operation 234 'select' 'select_ln46' <Predicate = true> <Delay = 0.00> <CoreInst = "Sel">   --->   Core 73 'Sel' <Latency = 0> <II = 1> <Delay = 0.99> <FuncUnit> <Opcode : 'select'> <InPorts = 3> <OutPorts = 1>
ST_2 : Operation 235 [1/1] (0.99ns) (out node of the LUT)   --->   "%select_ln46_60 = select i1 %or_ln46_60, i2 %select_ln46, i2 3" [firmware/nnet_utils/nnet_activation.h:46]   --->   Operation 235 'select' 'select_ln46_60' <Predicate = true> <Delay = 0.99> <CoreInst = "Sel">   --->   Core 73 'Sel' <Latency = 0> <II = 1> <Delay = 0.99> <FuncUnit> <Opcode : 'select'> <InPorts = 3> <OutPorts = 1>
ST_2 : Operation 236 [1/1] (0.00ns) (grouped into LUT with out node res_0_0)   --->   "%select_ln46_61 = select i1 %or_ln46_61, i2 %select_ln46_60, i2 %add_ln46" [firmware/nnet_utils/nnet_activation.h:46]   --->   Operation 236 'select' 'select_ln46_61' <Predicate = true> <Delay = 0.00> <CoreInst = "Sel">   --->   Core 73 'Sel' <Latency = 0> <II = 1> <Delay = 0.99> <FuncUnit> <Opcode : 'select'> <InPorts = 3> <OutPorts = 1>
ST_2 : Operation 237 [1/1] (0.99ns) (out node of the LUT)   --->   "%res_0_0 = select i1 %icmp_ln45, i2 %select_ln46_61, i2 0" [firmware/nnet_utils/nnet_activation.h:45]   --->   Operation 237 'select' 'res_0_0' <Predicate = true> <Delay = 0.99> <CoreInst = "Sel">   --->   Core 73 'Sel' <Latency = 0> <II = 1> <Delay = 0.99> <FuncUnit> <Opcode : 'select'> <InPorts = 3> <OutPorts = 1>
ST_2 : Operation 238 [1/1] (2.07ns)   --->   "%icmp_ln45_20 = icmp_sgt  i16 %data_1_val_read, i16 0" [firmware/nnet_utils/nnet_activation.h:45]   --->   Operation 238 'icmp' 'icmp_ln45_20' <Predicate = true> <Delay = 2.07> <CoreInst = "Cmp">   --->   Core 9 'Cmp' <Latency = 0> <II = 1> <Delay = 2.07> <FuncUnit> <Opcode : 'seteq' 'setne' 'setle' 'setge' 'setlt' 'setgt'> <InPorts = 2> <OutPorts = 1>
ST_2 : Operation 239 [1/1] (0.00ns) (grouped into LUT with out node empty_30)   --->   "%tmp_125 = bitselect i1 @_ssdm_op_BitSelect.i1.i16.i32, i16 %data_1_val_read, i32 9" [firmware/nnet_utils/nnet_activation.h:46]   --->   Operation 239 'bitselect' 'tmp_125' <Predicate = true> <Delay = 0.00>
ST_2 : Operation 240 [1/1] (0.00ns) (grouped into LUT with out node empty_30)   --->   "%tmp_127 = bitselect i1 @_ssdm_op_BitSelect.i1.i2.i32, i2 %add_ln46_20, i32 1" [firmware/nnet_utils/nnet_activation.h:46]   --->   Operation 240 'bitselect' 'tmp_127' <Predicate = true> <Delay = 0.00>
ST_2 : Operation 241 [1/1] (0.00ns) (grouped into LUT with out node empty_30)   --->   "%not_tmp_147 = xor i1 %tmp_125, i1 1" [firmware/nnet_utils/nnet_activation.h:46]   --->   Operation 241 'xor' 'not_tmp_147' <Predicate = true> <Delay = 0.00> <CoreInst = "LogicGate">   --->   Core 74 'LogicGate' <Latency = 0> <II = 1> <Delay = 0.97> <FuncUnit> <Opcode : 'and' 'or' 'xor'> <InPorts = 2> <OutPorts = 1>
ST_2 : Operation 242 [1/1] (0.00ns) (grouped into LUT with out node empty_30)   --->   "%and_ln46_42 = or i1 %tmp_127, i1 %not_tmp_147" [firmware/nnet_utils/nnet_activation.h:46]   --->   Operation 242 'or' 'and_ln46_42' <Predicate = true> <Delay = 0.00> <CoreInst = "LogicGate">   --->   Core 74 'LogicGate' <Latency = 0> <II = 1> <Delay = 0.97> <FuncUnit> <Opcode : 'and' 'or' 'xor'> <InPorts = 2> <OutPorts = 1>
ST_2 : Operation 243 [1/1] (0.97ns) (out node of the LUT)   --->   "%empty_30 = and i1 %icmp_ln46_42, i1 %and_ln46_42" [firmware/nnet_utils/nnet_activation.h:46]   --->   Operation 243 'and' 'empty_30' <Predicate = true> <Delay = 0.97> <CoreInst = "LogicGate">   --->   Core 74 'LogicGate' <Latency = 0> <II = 1> <Delay = 0.97> <FuncUnit> <Opcode : 'and' 'or' 'xor'> <InPorts = 2> <OutPorts = 1>
ST_2 : Operation 244 [1/1] (0.00ns) (grouped into LUT with out node select_ln46_63)   --->   "%or_ln46_63 = or i1 %empty_30, i1 %tmp_123" [firmware/nnet_utils/nnet_activation.h:46]   --->   Operation 244 'or' 'or_ln46_63' <Predicate = true> <Delay = 0.00> <CoreInst = "LogicGate">   --->   Core 74 'LogicGate' <Latency = 0> <II = 1> <Delay = 0.97> <FuncUnit> <Opcode : 'and' 'or' 'xor'> <InPorts = 2> <OutPorts = 1>
ST_2 : Operation 245 [1/1] (0.00ns) (grouped into LUT with out node res_1_0)   --->   "%xor_ln46_20 = xor i1 %empty_30, i1 1" [firmware/nnet_utils/nnet_activation.h:46]   --->   Operation 245 'xor' 'xor_ln46_20' <Predicate = true> <Delay = 0.00> <CoreInst = "LogicGate">   --->   Core 74 'LogicGate' <Latency = 0> <II = 1> <Delay = 0.97> <FuncUnit> <Opcode : 'and' 'or' 'xor'> <InPorts = 2> <OutPorts = 1>
ST_2 : Operation 246 [1/1] (0.00ns) (grouped into LUT with out node res_1_0)   --->   "%or_ln46_64 = or i1 %tmp_123, i1 %xor_ln46_20" [firmware/nnet_utils/nnet_activation.h:46]   --->   Operation 246 'or' 'or_ln46_64' <Predicate = true> <Delay = 0.00> <CoreInst = "LogicGate">   --->   Core 74 'LogicGate' <Latency = 0> <II = 1> <Delay = 0.97> <FuncUnit> <Opcode : 'and' 'or' 'xor'> <InPorts = 2> <OutPorts = 1>
ST_2 : Operation 247 [1/1] (0.00ns) (grouped into LUT with out node select_ln46_63)   --->   "%select_ln46_62 = select i1 %tmp_123, i2 0, i2 %add_ln46_20" [firmware/nnet_utils/nnet_activation.h:46]   --->   Operation 247 'select' 'select_ln46_62' <Predicate = true> <Delay = 0.00> <CoreInst = "Sel">   --->   Core 73 'Sel' <Latency = 0> <II = 1> <Delay = 0.99> <FuncUnit> <Opcode : 'select'> <InPorts = 3> <OutPorts = 1>
ST_2 : Operation 248 [1/1] (0.99ns) (out node of the LUT)   --->   "%select_ln46_63 = select i1 %or_ln46_63, i2 %select_ln46_62, i2 3" [firmware/nnet_utils/nnet_activation.h:46]   --->   Operation 248 'select' 'select_ln46_63' <Predicate = true> <Delay = 0.99> <CoreInst = "Sel">   --->   Core 73 'Sel' <Latency = 0> <II = 1> <Delay = 0.99> <FuncUnit> <Opcode : 'select'> <InPorts = 3> <OutPorts = 1>
ST_2 : Operation 249 [1/1] (0.00ns) (grouped into LUT with out node res_1_0)   --->   "%select_ln46_64 = select i1 %or_ln46_64, i2 %select_ln46_63, i2 %add_ln46_20" [firmware/nnet_utils/nnet_activation.h:46]   --->   Operation 249 'select' 'select_ln46_64' <Predicate = true> <Delay = 0.00> <CoreInst = "Sel">   --->   Core 73 'Sel' <Latency = 0> <II = 1> <Delay = 0.99> <FuncUnit> <Opcode : 'select'> <InPorts = 3> <OutPorts = 1>
ST_2 : Operation 250 [1/1] (0.99ns) (out node of the LUT)   --->   "%res_1_0 = select i1 %icmp_ln45_20, i2 %select_ln46_64, i2 0" [firmware/nnet_utils/nnet_activation.h:45]   --->   Operation 250 'select' 'res_1_0' <Predicate = true> <Delay = 0.99> <CoreInst = "Sel">   --->   Core 73 'Sel' <Latency = 0> <II = 1> <Delay = 0.99> <FuncUnit> <Opcode : 'select'> <InPorts = 3> <OutPorts = 1>
ST_2 : Operation 251 [1/1] (2.07ns)   --->   "%icmp_ln45_21 = icmp_sgt  i16 %data_2_val_read, i16 0" [firmware/nnet_utils/nnet_activation.h:45]   --->   Operation 251 'icmp' 'icmp_ln45_21' <Predicate = true> <Delay = 2.07> <CoreInst = "Cmp">   --->   Core 9 'Cmp' <Latency = 0> <II = 1> <Delay = 2.07> <FuncUnit> <Opcode : 'seteq' 'setne' 'setle' 'setge' 'setlt' 'setgt'> <InPorts = 2> <OutPorts = 1>
ST_2 : Operation 252 [1/1] (0.00ns) (grouped into LUT with out node empty_31)   --->   "%tmp_130 = bitselect i1 @_ssdm_op_BitSelect.i1.i16.i32, i16 %data_2_val_read, i32 9" [firmware/nnet_utils/nnet_activation.h:46]   --->   Operation 252 'bitselect' 'tmp_130' <Predicate = true> <Delay = 0.00>
ST_2 : Operation 253 [1/1] (0.00ns) (grouped into LUT with out node empty_31)   --->   "%tmp_133 = bitselect i1 @_ssdm_op_BitSelect.i1.i2.i32, i2 %add_ln46_21, i32 1" [firmware/nnet_utils/nnet_activation.h:46]   --->   Operation 253 'bitselect' 'tmp_133' <Predicate = true> <Delay = 0.00>
ST_2 : Operation 254 [1/1] (0.00ns) (grouped into LUT with out node empty_31)   --->   "%not_tmp_154 = xor i1 %tmp_130, i1 1" [firmware/nnet_utils/nnet_activation.h:46]   --->   Operation 254 'xor' 'not_tmp_154' <Predicate = true> <Delay = 0.00> <CoreInst = "LogicGate">   --->   Core 74 'LogicGate' <Latency = 0> <II = 1> <Delay = 0.97> <FuncUnit> <Opcode : 'and' 'or' 'xor'> <InPorts = 2> <OutPorts = 1>
ST_2 : Operation 255 [1/1] (0.00ns) (grouped into LUT with out node empty_31)   --->   "%and_ln46_44 = or i1 %tmp_133, i1 %not_tmp_154" [firmware/nnet_utils/nnet_activation.h:46]   --->   Operation 255 'or' 'and_ln46_44' <Predicate = true> <Delay = 0.00> <CoreInst = "LogicGate">   --->   Core 74 'LogicGate' <Latency = 0> <II = 1> <Delay = 0.97> <FuncUnit> <Opcode : 'and' 'or' 'xor'> <InPorts = 2> <OutPorts = 1>
ST_2 : Operation 256 [1/1] (0.97ns) (out node of the LUT)   --->   "%empty_31 = and i1 %icmp_ln46_44, i1 %and_ln46_44" [firmware/nnet_utils/nnet_activation.h:46]   --->   Operation 256 'and' 'empty_31' <Predicate = true> <Delay = 0.97> <CoreInst = "LogicGate">   --->   Core 74 'LogicGate' <Latency = 0> <II = 1> <Delay = 0.97> <FuncUnit> <Opcode : 'and' 'or' 'xor'> <InPorts = 2> <OutPorts = 1>
ST_2 : Operation 257 [1/1] (0.00ns) (grouped into LUT with out node select_ln46_66)   --->   "%or_ln46_66 = or i1 %empty_31, i1 %tmp_128" [firmware/nnet_utils/nnet_activation.h:46]   --->   Operation 257 'or' 'or_ln46_66' <Predicate = true> <Delay = 0.00> <CoreInst = "LogicGate">   --->   Core 74 'LogicGate' <Latency = 0> <II = 1> <Delay = 0.97> <FuncUnit> <Opcode : 'and' 'or' 'xor'> <InPorts = 2> <OutPorts = 1>
ST_2 : Operation 258 [1/1] (0.00ns) (grouped into LUT with out node res_2_0)   --->   "%xor_ln46_21 = xor i1 %empty_31, i1 1" [firmware/nnet_utils/nnet_activation.h:46]   --->   Operation 258 'xor' 'xor_ln46_21' <Predicate = true> <Delay = 0.00> <CoreInst = "LogicGate">   --->   Core 74 'LogicGate' <Latency = 0> <II = 1> <Delay = 0.97> <FuncUnit> <Opcode : 'and' 'or' 'xor'> <InPorts = 2> <OutPorts = 1>
ST_2 : Operation 259 [1/1] (0.00ns) (grouped into LUT with out node res_2_0)   --->   "%or_ln46_67 = or i1 %tmp_128, i1 %xor_ln46_21" [firmware/nnet_utils/nnet_activation.h:46]   --->   Operation 259 'or' 'or_ln46_67' <Predicate = true> <Delay = 0.00> <CoreInst = "LogicGate">   --->   Core 74 'LogicGate' <Latency = 0> <II = 1> <Delay = 0.97> <FuncUnit> <Opcode : 'and' 'or' 'xor'> <InPorts = 2> <OutPorts = 1>
ST_2 : Operation 260 [1/1] (0.00ns) (grouped into LUT with out node select_ln46_66)   --->   "%select_ln46_65 = select i1 %tmp_128, i2 0, i2 %add_ln46_21" [firmware/nnet_utils/nnet_activation.h:46]   --->   Operation 260 'select' 'select_ln46_65' <Predicate = true> <Delay = 0.00> <CoreInst = "Sel">   --->   Core 73 'Sel' <Latency = 0> <II = 1> <Delay = 0.99> <FuncUnit> <Opcode : 'select'> <InPorts = 3> <OutPorts = 1>
ST_2 : Operation 261 [1/1] (0.99ns) (out node of the LUT)   --->   "%select_ln46_66 = select i1 %or_ln46_66, i2 %select_ln46_65, i2 3" [firmware/nnet_utils/nnet_activation.h:46]   --->   Operation 261 'select' 'select_ln46_66' <Predicate = true> <Delay = 0.99> <CoreInst = "Sel">   --->   Core 73 'Sel' <Latency = 0> <II = 1> <Delay = 0.99> <FuncUnit> <Opcode : 'select'> <InPorts = 3> <OutPorts = 1>
ST_2 : Operation 262 [1/1] (0.00ns) (grouped into LUT with out node res_2_0)   --->   "%select_ln46_67 = select i1 %or_ln46_67, i2 %select_ln46_66, i2 %add_ln46_21" [firmware/nnet_utils/nnet_activation.h:46]   --->   Operation 262 'select' 'select_ln46_67' <Predicate = true> <Delay = 0.00> <CoreInst = "Sel">   --->   Core 73 'Sel' <Latency = 0> <II = 1> <Delay = 0.99> <FuncUnit> <Opcode : 'select'> <InPorts = 3> <OutPorts = 1>
ST_2 : Operation 263 [1/1] (0.99ns) (out node of the LUT)   --->   "%res_2_0 = select i1 %icmp_ln45_21, i2 %select_ln46_67, i2 0" [firmware/nnet_utils/nnet_activation.h:45]   --->   Operation 263 'select' 'res_2_0' <Predicate = true> <Delay = 0.99> <CoreInst = "Sel">   --->   Core 73 'Sel' <Latency = 0> <II = 1> <Delay = 0.99> <FuncUnit> <Opcode : 'select'> <InPorts = 3> <OutPorts = 1>
ST_2 : Operation 264 [1/1] (2.07ns)   --->   "%icmp_ln45_22 = icmp_sgt  i16 %data_3_val_read, i16 0" [firmware/nnet_utils/nnet_activation.h:45]   --->   Operation 264 'icmp' 'icmp_ln45_22' <Predicate = true> <Delay = 2.07> <CoreInst = "Cmp">   --->   Core 9 'Cmp' <Latency = 0> <II = 1> <Delay = 2.07> <FuncUnit> <Opcode : 'seteq' 'setne' 'setle' 'setge' 'setlt' 'setgt'> <InPorts = 2> <OutPorts = 1>
ST_2 : Operation 265 [1/1] (0.00ns) (grouped into LUT with out node empty_32)   --->   "%tmp_136 = bitselect i1 @_ssdm_op_BitSelect.i1.i16.i32, i16 %data_3_val_read, i32 9" [firmware/nnet_utils/nnet_activation.h:46]   --->   Operation 265 'bitselect' 'tmp_136' <Predicate = true> <Delay = 0.00>
ST_2 : Operation 266 [1/1] (0.00ns) (grouped into LUT with out node empty_32)   --->   "%tmp_139 = bitselect i1 @_ssdm_op_BitSelect.i1.i2.i32, i2 %add_ln46_22, i32 1" [firmware/nnet_utils/nnet_activation.h:46]   --->   Operation 266 'bitselect' 'tmp_139' <Predicate = true> <Delay = 0.00>
ST_2 : Operation 267 [1/1] (0.00ns) (grouped into LUT with out node empty_32)   --->   "%not_tmp_161 = xor i1 %tmp_136, i1 1" [firmware/nnet_utils/nnet_activation.h:46]   --->   Operation 267 'xor' 'not_tmp_161' <Predicate = true> <Delay = 0.00> <CoreInst = "LogicGate">   --->   Core 74 'LogicGate' <Latency = 0> <II = 1> <Delay = 0.97> <FuncUnit> <Opcode : 'and' 'or' 'xor'> <InPorts = 2> <OutPorts = 1>
ST_2 : Operation 268 [1/1] (0.00ns) (grouped into LUT with out node empty_32)   --->   "%and_ln46_46 = or i1 %tmp_139, i1 %not_tmp_161" [firmware/nnet_utils/nnet_activation.h:46]   --->   Operation 268 'or' 'and_ln46_46' <Predicate = true> <Delay = 0.00> <CoreInst = "LogicGate">   --->   Core 74 'LogicGate' <Latency = 0> <II = 1> <Delay = 0.97> <FuncUnit> <Opcode : 'and' 'or' 'xor'> <InPorts = 2> <OutPorts = 1>
ST_2 : Operation 269 [1/1] (0.97ns) (out node of the LUT)   --->   "%empty_32 = and i1 %icmp_ln46_46, i1 %and_ln46_46" [firmware/nnet_utils/nnet_activation.h:46]   --->   Operation 269 'and' 'empty_32' <Predicate = true> <Delay = 0.97> <CoreInst = "LogicGate">   --->   Core 74 'LogicGate' <Latency = 0> <II = 1> <Delay = 0.97> <FuncUnit> <Opcode : 'and' 'or' 'xor'> <InPorts = 2> <OutPorts = 1>
ST_2 : Operation 270 [1/1] (0.00ns) (grouped into LUT with out node select_ln46_69)   --->   "%or_ln46_69 = or i1 %empty_32, i1 %tmp_134" [firmware/nnet_utils/nnet_activation.h:46]   --->   Operation 270 'or' 'or_ln46_69' <Predicate = true> <Delay = 0.00> <CoreInst = "LogicGate">   --->   Core 74 'LogicGate' <Latency = 0> <II = 1> <Delay = 0.97> <FuncUnit> <Opcode : 'and' 'or' 'xor'> <InPorts = 2> <OutPorts = 1>
ST_2 : Operation 271 [1/1] (0.00ns) (grouped into LUT with out node res_3_0)   --->   "%xor_ln46_22 = xor i1 %empty_32, i1 1" [firmware/nnet_utils/nnet_activation.h:46]   --->   Operation 271 'xor' 'xor_ln46_22' <Predicate = true> <Delay = 0.00> <CoreInst = "LogicGate">   --->   Core 74 'LogicGate' <Latency = 0> <II = 1> <Delay = 0.97> <FuncUnit> <Opcode : 'and' 'or' 'xor'> <InPorts = 2> <OutPorts = 1>
ST_2 : Operation 272 [1/1] (0.00ns) (grouped into LUT with out node res_3_0)   --->   "%or_ln46_70 = or i1 %tmp_134, i1 %xor_ln46_22" [firmware/nnet_utils/nnet_activation.h:46]   --->   Operation 272 'or' 'or_ln46_70' <Predicate = true> <Delay = 0.00> <CoreInst = "LogicGate">   --->   Core 74 'LogicGate' <Latency = 0> <II = 1> <Delay = 0.97> <FuncUnit> <Opcode : 'and' 'or' 'xor'> <InPorts = 2> <OutPorts = 1>
ST_2 : Operation 273 [1/1] (0.00ns) (grouped into LUT with out node select_ln46_69)   --->   "%select_ln46_68 = select i1 %tmp_134, i2 0, i2 %add_ln46_22" [firmware/nnet_utils/nnet_activation.h:46]   --->   Operation 273 'select' 'select_ln46_68' <Predicate = true> <Delay = 0.00> <CoreInst = "Sel">   --->   Core 73 'Sel' <Latency = 0> <II = 1> <Delay = 0.99> <FuncUnit> <Opcode : 'select'> <InPorts = 3> <OutPorts = 1>
ST_2 : Operation 274 [1/1] (0.99ns) (out node of the LUT)   --->   "%select_ln46_69 = select i1 %or_ln46_69, i2 %select_ln46_68, i2 3" [firmware/nnet_utils/nnet_activation.h:46]   --->   Operation 274 'select' 'select_ln46_69' <Predicate = true> <Delay = 0.99> <CoreInst = "Sel">   --->   Core 73 'Sel' <Latency = 0> <II = 1> <Delay = 0.99> <FuncUnit> <Opcode : 'select'> <InPorts = 3> <OutPorts = 1>
ST_2 : Operation 275 [1/1] (0.00ns) (grouped into LUT with out node res_3_0)   --->   "%select_ln46_70 = select i1 %or_ln46_70, i2 %select_ln46_69, i2 %add_ln46_22" [firmware/nnet_utils/nnet_activation.h:46]   --->   Operation 275 'select' 'select_ln46_70' <Predicate = true> <Delay = 0.00> <CoreInst = "Sel">   --->   Core 73 'Sel' <Latency = 0> <II = 1> <Delay = 0.99> <FuncUnit> <Opcode : 'select'> <InPorts = 3> <OutPorts = 1>
ST_2 : Operation 276 [1/1] (0.99ns) (out node of the LUT)   --->   "%res_3_0 = select i1 %icmp_ln45_22, i2 %select_ln46_70, i2 0" [firmware/nnet_utils/nnet_activation.h:45]   --->   Operation 276 'select' 'res_3_0' <Predicate = true> <Delay = 0.99> <CoreInst = "Sel">   --->   Core 73 'Sel' <Latency = 0> <II = 1> <Delay = 0.99> <FuncUnit> <Opcode : 'select'> <InPorts = 3> <OutPorts = 1>
ST_2 : Operation 277 [1/1] (2.07ns)   --->   "%icmp_ln45_23 = icmp_sgt  i16 %data_4_val_read, i16 0" [firmware/nnet_utils/nnet_activation.h:45]   --->   Operation 277 'icmp' 'icmp_ln45_23' <Predicate = true> <Delay = 2.07> <CoreInst = "Cmp">   --->   Core 9 'Cmp' <Latency = 0> <II = 1> <Delay = 2.07> <FuncUnit> <Opcode : 'seteq' 'setne' 'setle' 'setge' 'setlt' 'setgt'> <InPorts = 2> <OutPorts = 1>
ST_2 : Operation 278 [1/1] (0.00ns) (grouped into LUT with out node empty_33)   --->   "%tmp_142 = bitselect i1 @_ssdm_op_BitSelect.i1.i16.i32, i16 %data_4_val_read, i32 9" [firmware/nnet_utils/nnet_activation.h:46]   --->   Operation 278 'bitselect' 'tmp_142' <Predicate = true> <Delay = 0.00>
ST_2 : Operation 279 [1/1] (0.00ns) (grouped into LUT with out node empty_33)   --->   "%tmp_145 = bitselect i1 @_ssdm_op_BitSelect.i1.i2.i32, i2 %add_ln46_23, i32 1" [firmware/nnet_utils/nnet_activation.h:46]   --->   Operation 279 'bitselect' 'tmp_145' <Predicate = true> <Delay = 0.00>
ST_2 : Operation 280 [1/1] (0.00ns) (grouped into LUT with out node empty_33)   --->   "%not_tmp_168 = xor i1 %tmp_142, i1 1" [firmware/nnet_utils/nnet_activation.h:46]   --->   Operation 280 'xor' 'not_tmp_168' <Predicate = true> <Delay = 0.00> <CoreInst = "LogicGate">   --->   Core 74 'LogicGate' <Latency = 0> <II = 1> <Delay = 0.97> <FuncUnit> <Opcode : 'and' 'or' 'xor'> <InPorts = 2> <OutPorts = 1>
ST_2 : Operation 281 [1/1] (0.00ns) (grouped into LUT with out node empty_33)   --->   "%and_ln46_48 = or i1 %tmp_145, i1 %not_tmp_168" [firmware/nnet_utils/nnet_activation.h:46]   --->   Operation 281 'or' 'and_ln46_48' <Predicate = true> <Delay = 0.00> <CoreInst = "LogicGate">   --->   Core 74 'LogicGate' <Latency = 0> <II = 1> <Delay = 0.97> <FuncUnit> <Opcode : 'and' 'or' 'xor'> <InPorts = 2> <OutPorts = 1>
ST_2 : Operation 282 [1/1] (0.97ns) (out node of the LUT)   --->   "%empty_33 = and i1 %icmp_ln46_48, i1 %and_ln46_48" [firmware/nnet_utils/nnet_activation.h:46]   --->   Operation 282 'and' 'empty_33' <Predicate = true> <Delay = 0.97> <CoreInst = "LogicGate">   --->   Core 74 'LogicGate' <Latency = 0> <II = 1> <Delay = 0.97> <FuncUnit> <Opcode : 'and' 'or' 'xor'> <InPorts = 2> <OutPorts = 1>
ST_2 : Operation 283 [1/1] (0.00ns) (grouped into LUT with out node select_ln46_72)   --->   "%or_ln46_72 = or i1 %empty_33, i1 %tmp_140" [firmware/nnet_utils/nnet_activation.h:46]   --->   Operation 283 'or' 'or_ln46_72' <Predicate = true> <Delay = 0.00> <CoreInst = "LogicGate">   --->   Core 74 'LogicGate' <Latency = 0> <II = 1> <Delay = 0.97> <FuncUnit> <Opcode : 'and' 'or' 'xor'> <InPorts = 2> <OutPorts = 1>
ST_2 : Operation 284 [1/1] (0.00ns) (grouped into LUT with out node res_4_0)   --->   "%xor_ln46_23 = xor i1 %empty_33, i1 1" [firmware/nnet_utils/nnet_activation.h:46]   --->   Operation 284 'xor' 'xor_ln46_23' <Predicate = true> <Delay = 0.00> <CoreInst = "LogicGate">   --->   Core 74 'LogicGate' <Latency = 0> <II = 1> <Delay = 0.97> <FuncUnit> <Opcode : 'and' 'or' 'xor'> <InPorts = 2> <OutPorts = 1>
ST_2 : Operation 285 [1/1] (0.00ns) (grouped into LUT with out node res_4_0)   --->   "%or_ln46_73 = or i1 %tmp_140, i1 %xor_ln46_23" [firmware/nnet_utils/nnet_activation.h:46]   --->   Operation 285 'or' 'or_ln46_73' <Predicate = true> <Delay = 0.00> <CoreInst = "LogicGate">   --->   Core 74 'LogicGate' <Latency = 0> <II = 1> <Delay = 0.97> <FuncUnit> <Opcode : 'and' 'or' 'xor'> <InPorts = 2> <OutPorts = 1>
ST_2 : Operation 286 [1/1] (0.00ns) (grouped into LUT with out node select_ln46_72)   --->   "%select_ln46_71 = select i1 %tmp_140, i2 0, i2 %add_ln46_23" [firmware/nnet_utils/nnet_activation.h:46]   --->   Operation 286 'select' 'select_ln46_71' <Predicate = true> <Delay = 0.00> <CoreInst = "Sel">   --->   Core 73 'Sel' <Latency = 0> <II = 1> <Delay = 0.99> <FuncUnit> <Opcode : 'select'> <InPorts = 3> <OutPorts = 1>
ST_2 : Operation 287 [1/1] (0.99ns) (out node of the LUT)   --->   "%select_ln46_72 = select i1 %or_ln46_72, i2 %select_ln46_71, i2 3" [firmware/nnet_utils/nnet_activation.h:46]   --->   Operation 287 'select' 'select_ln46_72' <Predicate = true> <Delay = 0.99> <CoreInst = "Sel">   --->   Core 73 'Sel' <Latency = 0> <II = 1> <Delay = 0.99> <FuncUnit> <Opcode : 'select'> <InPorts = 3> <OutPorts = 1>
ST_2 : Operation 288 [1/1] (0.00ns) (grouped into LUT with out node res_4_0)   --->   "%select_ln46_73 = select i1 %or_ln46_73, i2 %select_ln46_72, i2 %add_ln46_23" [firmware/nnet_utils/nnet_activation.h:46]   --->   Operation 288 'select' 'select_ln46_73' <Predicate = true> <Delay = 0.00> <CoreInst = "Sel">   --->   Core 73 'Sel' <Latency = 0> <II = 1> <Delay = 0.99> <FuncUnit> <Opcode : 'select'> <InPorts = 3> <OutPorts = 1>
ST_2 : Operation 289 [1/1] (0.99ns) (out node of the LUT)   --->   "%res_4_0 = select i1 %icmp_ln45_23, i2 %select_ln46_73, i2 0" [firmware/nnet_utils/nnet_activation.h:45]   --->   Operation 289 'select' 'res_4_0' <Predicate = true> <Delay = 0.99> <CoreInst = "Sel">   --->   Core 73 'Sel' <Latency = 0> <II = 1> <Delay = 0.99> <FuncUnit> <Opcode : 'select'> <InPorts = 3> <OutPorts = 1>
ST_2 : Operation 290 [1/1] (2.07ns)   --->   "%icmp_ln45_24 = icmp_sgt  i16 %data_5_val_read, i16 0" [firmware/nnet_utils/nnet_activation.h:45]   --->   Operation 290 'icmp' 'icmp_ln45_24' <Predicate = true> <Delay = 2.07> <CoreInst = "Cmp">   --->   Core 9 'Cmp' <Latency = 0> <II = 1> <Delay = 2.07> <FuncUnit> <Opcode : 'seteq' 'setne' 'setle' 'setge' 'setlt' 'setgt'> <InPorts = 2> <OutPorts = 1>
ST_2 : Operation 291 [1/1] (0.00ns) (grouped into LUT with out node empty_34)   --->   "%tmp_148 = bitselect i1 @_ssdm_op_BitSelect.i1.i16.i32, i16 %data_5_val_read, i32 9" [firmware/nnet_utils/nnet_activation.h:46]   --->   Operation 291 'bitselect' 'tmp_148' <Predicate = true> <Delay = 0.00>
ST_2 : Operation 292 [1/1] (0.00ns) (grouped into LUT with out node empty_34)   --->   "%tmp_151 = bitselect i1 @_ssdm_op_BitSelect.i1.i2.i32, i2 %add_ln46_24, i32 1" [firmware/nnet_utils/nnet_activation.h:46]   --->   Operation 292 'bitselect' 'tmp_151' <Predicate = true> <Delay = 0.00>
ST_2 : Operation 293 [1/1] (0.00ns) (grouped into LUT with out node empty_34)   --->   "%not_tmp_175 = xor i1 %tmp_148, i1 1" [firmware/nnet_utils/nnet_activation.h:46]   --->   Operation 293 'xor' 'not_tmp_175' <Predicate = true> <Delay = 0.00> <CoreInst = "LogicGate">   --->   Core 74 'LogicGate' <Latency = 0> <II = 1> <Delay = 0.97> <FuncUnit> <Opcode : 'and' 'or' 'xor'> <InPorts = 2> <OutPorts = 1>
ST_2 : Operation 294 [1/1] (0.00ns) (grouped into LUT with out node empty_34)   --->   "%and_ln46_50 = or i1 %tmp_151, i1 %not_tmp_175" [firmware/nnet_utils/nnet_activation.h:46]   --->   Operation 294 'or' 'and_ln46_50' <Predicate = true> <Delay = 0.00> <CoreInst = "LogicGate">   --->   Core 74 'LogicGate' <Latency = 0> <II = 1> <Delay = 0.97> <FuncUnit> <Opcode : 'and' 'or' 'xor'> <InPorts = 2> <OutPorts = 1>
ST_2 : Operation 295 [1/1] (0.97ns) (out node of the LUT)   --->   "%empty_34 = and i1 %icmp_ln46_50, i1 %and_ln46_50" [firmware/nnet_utils/nnet_activation.h:46]   --->   Operation 295 'and' 'empty_34' <Predicate = true> <Delay = 0.97> <CoreInst = "LogicGate">   --->   Core 74 'LogicGate' <Latency = 0> <II = 1> <Delay = 0.97> <FuncUnit> <Opcode : 'and' 'or' 'xor'> <InPorts = 2> <OutPorts = 1>
ST_2 : Operation 296 [1/1] (0.00ns) (grouped into LUT with out node select_ln46_75)   --->   "%or_ln46_75 = or i1 %empty_34, i1 %tmp_146" [firmware/nnet_utils/nnet_activation.h:46]   --->   Operation 296 'or' 'or_ln46_75' <Predicate = true> <Delay = 0.00> <CoreInst = "LogicGate">   --->   Core 74 'LogicGate' <Latency = 0> <II = 1> <Delay = 0.97> <FuncUnit> <Opcode : 'and' 'or' 'xor'> <InPorts = 2> <OutPorts = 1>
ST_2 : Operation 297 [1/1] (0.00ns) (grouped into LUT with out node res_5_0)   --->   "%xor_ln46_24 = xor i1 %empty_34, i1 1" [firmware/nnet_utils/nnet_activation.h:46]   --->   Operation 297 'xor' 'xor_ln46_24' <Predicate = true> <Delay = 0.00> <CoreInst = "LogicGate">   --->   Core 74 'LogicGate' <Latency = 0> <II = 1> <Delay = 0.97> <FuncUnit> <Opcode : 'and' 'or' 'xor'> <InPorts = 2> <OutPorts = 1>
ST_2 : Operation 298 [1/1] (0.00ns) (grouped into LUT with out node res_5_0)   --->   "%or_ln46_76 = or i1 %tmp_146, i1 %xor_ln46_24" [firmware/nnet_utils/nnet_activation.h:46]   --->   Operation 298 'or' 'or_ln46_76' <Predicate = true> <Delay = 0.00> <CoreInst = "LogicGate">   --->   Core 74 'LogicGate' <Latency = 0> <II = 1> <Delay = 0.97> <FuncUnit> <Opcode : 'and' 'or' 'xor'> <InPorts = 2> <OutPorts = 1>
ST_2 : Operation 299 [1/1] (0.00ns) (grouped into LUT with out node select_ln46_75)   --->   "%select_ln46_74 = select i1 %tmp_146, i2 0, i2 %add_ln46_24" [firmware/nnet_utils/nnet_activation.h:46]   --->   Operation 299 'select' 'select_ln46_74' <Predicate = true> <Delay = 0.00> <CoreInst = "Sel">   --->   Core 73 'Sel' <Latency = 0> <II = 1> <Delay = 0.99> <FuncUnit> <Opcode : 'select'> <InPorts = 3> <OutPorts = 1>
ST_2 : Operation 300 [1/1] (0.99ns) (out node of the LUT)   --->   "%select_ln46_75 = select i1 %or_ln46_75, i2 %select_ln46_74, i2 3" [firmware/nnet_utils/nnet_activation.h:46]   --->   Operation 300 'select' 'select_ln46_75' <Predicate = true> <Delay = 0.99> <CoreInst = "Sel">   --->   Core 73 'Sel' <Latency = 0> <II = 1> <Delay = 0.99> <FuncUnit> <Opcode : 'select'> <InPorts = 3> <OutPorts = 1>
ST_2 : Operation 301 [1/1] (0.00ns) (grouped into LUT with out node res_5_0)   --->   "%select_ln46_76 = select i1 %or_ln46_76, i2 %select_ln46_75, i2 %add_ln46_24" [firmware/nnet_utils/nnet_activation.h:46]   --->   Operation 301 'select' 'select_ln46_76' <Predicate = true> <Delay = 0.00> <CoreInst = "Sel">   --->   Core 73 'Sel' <Latency = 0> <II = 1> <Delay = 0.99> <FuncUnit> <Opcode : 'select'> <InPorts = 3> <OutPorts = 1>
ST_2 : Operation 302 [1/1] (0.99ns) (out node of the LUT)   --->   "%res_5_0 = select i1 %icmp_ln45_24, i2 %select_ln46_76, i2 0" [firmware/nnet_utils/nnet_activation.h:45]   --->   Operation 302 'select' 'res_5_0' <Predicate = true> <Delay = 0.99> <CoreInst = "Sel">   --->   Core 73 'Sel' <Latency = 0> <II = 1> <Delay = 0.99> <FuncUnit> <Opcode : 'select'> <InPorts = 3> <OutPorts = 1>
ST_2 : Operation 303 [1/1] (2.07ns)   --->   "%icmp_ln45_25 = icmp_sgt  i16 %data_6_val_read, i16 0" [firmware/nnet_utils/nnet_activation.h:45]   --->   Operation 303 'icmp' 'icmp_ln45_25' <Predicate = true> <Delay = 2.07> <CoreInst = "Cmp">   --->   Core 9 'Cmp' <Latency = 0> <II = 1> <Delay = 2.07> <FuncUnit> <Opcode : 'seteq' 'setne' 'setle' 'setge' 'setlt' 'setgt'> <InPorts = 2> <OutPorts = 1>
ST_2 : Operation 304 [1/1] (0.00ns) (grouped into LUT with out node empty_35)   --->   "%tmp_154 = bitselect i1 @_ssdm_op_BitSelect.i1.i16.i32, i16 %data_6_val_read, i32 9" [firmware/nnet_utils/nnet_activation.h:46]   --->   Operation 304 'bitselect' 'tmp_154' <Predicate = true> <Delay = 0.00>
ST_2 : Operation 305 [1/1] (0.00ns) (grouped into LUT with out node empty_35)   --->   "%tmp_157 = bitselect i1 @_ssdm_op_BitSelect.i1.i2.i32, i2 %add_ln46_25, i32 1" [firmware/nnet_utils/nnet_activation.h:46]   --->   Operation 305 'bitselect' 'tmp_157' <Predicate = true> <Delay = 0.00>
ST_2 : Operation 306 [1/1] (0.00ns) (grouped into LUT with out node empty_35)   --->   "%not_tmp_182 = xor i1 %tmp_154, i1 1" [firmware/nnet_utils/nnet_activation.h:46]   --->   Operation 306 'xor' 'not_tmp_182' <Predicate = true> <Delay = 0.00> <CoreInst = "LogicGate">   --->   Core 74 'LogicGate' <Latency = 0> <II = 1> <Delay = 0.97> <FuncUnit> <Opcode : 'and' 'or' 'xor'> <InPorts = 2> <OutPorts = 1>
ST_2 : Operation 307 [1/1] (0.00ns) (grouped into LUT with out node empty_35)   --->   "%and_ln46_52 = or i1 %tmp_157, i1 %not_tmp_182" [firmware/nnet_utils/nnet_activation.h:46]   --->   Operation 307 'or' 'and_ln46_52' <Predicate = true> <Delay = 0.00> <CoreInst = "LogicGate">   --->   Core 74 'LogicGate' <Latency = 0> <II = 1> <Delay = 0.97> <FuncUnit> <Opcode : 'and' 'or' 'xor'> <InPorts = 2> <OutPorts = 1>
ST_2 : Operation 308 [1/1] (0.97ns) (out node of the LUT)   --->   "%empty_35 = and i1 %icmp_ln46_52, i1 %and_ln46_52" [firmware/nnet_utils/nnet_activation.h:46]   --->   Operation 308 'and' 'empty_35' <Predicate = true> <Delay = 0.97> <CoreInst = "LogicGate">   --->   Core 74 'LogicGate' <Latency = 0> <II = 1> <Delay = 0.97> <FuncUnit> <Opcode : 'and' 'or' 'xor'> <InPorts = 2> <OutPorts = 1>
ST_2 : Operation 309 [1/1] (0.00ns) (grouped into LUT with out node select_ln46_78)   --->   "%or_ln46_78 = or i1 %empty_35, i1 %tmp_152" [firmware/nnet_utils/nnet_activation.h:46]   --->   Operation 309 'or' 'or_ln46_78' <Predicate = true> <Delay = 0.00> <CoreInst = "LogicGate">   --->   Core 74 'LogicGate' <Latency = 0> <II = 1> <Delay = 0.97> <FuncUnit> <Opcode : 'and' 'or' 'xor'> <InPorts = 2> <OutPorts = 1>
ST_2 : Operation 310 [1/1] (0.00ns) (grouped into LUT with out node res_6_0)   --->   "%xor_ln46_25 = xor i1 %empty_35, i1 1" [firmware/nnet_utils/nnet_activation.h:46]   --->   Operation 310 'xor' 'xor_ln46_25' <Predicate = true> <Delay = 0.00> <CoreInst = "LogicGate">   --->   Core 74 'LogicGate' <Latency = 0> <II = 1> <Delay = 0.97> <FuncUnit> <Opcode : 'and' 'or' 'xor'> <InPorts = 2> <OutPorts = 1>
ST_2 : Operation 311 [1/1] (0.00ns) (grouped into LUT with out node res_6_0)   --->   "%or_ln46_79 = or i1 %tmp_152, i1 %xor_ln46_25" [firmware/nnet_utils/nnet_activation.h:46]   --->   Operation 311 'or' 'or_ln46_79' <Predicate = true> <Delay = 0.00> <CoreInst = "LogicGate">   --->   Core 74 'LogicGate' <Latency = 0> <II = 1> <Delay = 0.97> <FuncUnit> <Opcode : 'and' 'or' 'xor'> <InPorts = 2> <OutPorts = 1>
ST_2 : Operation 312 [1/1] (0.00ns) (grouped into LUT with out node select_ln46_78)   --->   "%select_ln46_77 = select i1 %tmp_152, i2 0, i2 %add_ln46_25" [firmware/nnet_utils/nnet_activation.h:46]   --->   Operation 312 'select' 'select_ln46_77' <Predicate = true> <Delay = 0.00> <CoreInst = "Sel">   --->   Core 73 'Sel' <Latency = 0> <II = 1> <Delay = 0.99> <FuncUnit> <Opcode : 'select'> <InPorts = 3> <OutPorts = 1>
ST_2 : Operation 313 [1/1] (0.99ns) (out node of the LUT)   --->   "%select_ln46_78 = select i1 %or_ln46_78, i2 %select_ln46_77, i2 3" [firmware/nnet_utils/nnet_activation.h:46]   --->   Operation 313 'select' 'select_ln46_78' <Predicate = true> <Delay = 0.99> <CoreInst = "Sel">   --->   Core 73 'Sel' <Latency = 0> <II = 1> <Delay = 0.99> <FuncUnit> <Opcode : 'select'> <InPorts = 3> <OutPorts = 1>
ST_2 : Operation 314 [1/1] (0.00ns) (grouped into LUT with out node res_6_0)   --->   "%select_ln46_79 = select i1 %or_ln46_79, i2 %select_ln46_78, i2 %add_ln46_25" [firmware/nnet_utils/nnet_activation.h:46]   --->   Operation 314 'select' 'select_ln46_79' <Predicate = true> <Delay = 0.00> <CoreInst = "Sel">   --->   Core 73 'Sel' <Latency = 0> <II = 1> <Delay = 0.99> <FuncUnit> <Opcode : 'select'> <InPorts = 3> <OutPorts = 1>
ST_2 : Operation 315 [1/1] (0.99ns) (out node of the LUT)   --->   "%res_6_0 = select i1 %icmp_ln45_25, i2 %select_ln46_79, i2 0" [firmware/nnet_utils/nnet_activation.h:45]   --->   Operation 315 'select' 'res_6_0' <Predicate = true> <Delay = 0.99> <CoreInst = "Sel">   --->   Core 73 'Sel' <Latency = 0> <II = 1> <Delay = 0.99> <FuncUnit> <Opcode : 'select'> <InPorts = 3> <OutPorts = 1>
ST_2 : Operation 316 [1/1] (2.07ns)   --->   "%icmp_ln45_26 = icmp_sgt  i16 %data_7_val_read, i16 0" [firmware/nnet_utils/nnet_activation.h:45]   --->   Operation 316 'icmp' 'icmp_ln45_26' <Predicate = true> <Delay = 2.07> <CoreInst = "Cmp">   --->   Core 9 'Cmp' <Latency = 0> <II = 1> <Delay = 2.07> <FuncUnit> <Opcode : 'seteq' 'setne' 'setle' 'setge' 'setlt' 'setgt'> <InPorts = 2> <OutPorts = 1>
ST_2 : Operation 317 [1/1] (0.00ns) (grouped into LUT with out node empty_36)   --->   "%tmp_160 = bitselect i1 @_ssdm_op_BitSelect.i1.i16.i32, i16 %data_7_val_read, i32 9" [firmware/nnet_utils/nnet_activation.h:46]   --->   Operation 317 'bitselect' 'tmp_160' <Predicate = true> <Delay = 0.00>
ST_2 : Operation 318 [1/1] (0.00ns) (grouped into LUT with out node empty_36)   --->   "%tmp_163 = bitselect i1 @_ssdm_op_BitSelect.i1.i2.i32, i2 %add_ln46_26, i32 1" [firmware/nnet_utils/nnet_activation.h:46]   --->   Operation 318 'bitselect' 'tmp_163' <Predicate = true> <Delay = 0.00>
ST_2 : Operation 319 [1/1] (0.00ns) (grouped into LUT with out node empty_36)   --->   "%not_tmp_189 = xor i1 %tmp_160, i1 1" [firmware/nnet_utils/nnet_activation.h:46]   --->   Operation 319 'xor' 'not_tmp_189' <Predicate = true> <Delay = 0.00> <CoreInst = "LogicGate">   --->   Core 74 'LogicGate' <Latency = 0> <II = 1> <Delay = 0.97> <FuncUnit> <Opcode : 'and' 'or' 'xor'> <InPorts = 2> <OutPorts = 1>
ST_2 : Operation 320 [1/1] (0.00ns) (grouped into LUT with out node empty_36)   --->   "%and_ln46_54 = or i1 %tmp_163, i1 %not_tmp_189" [firmware/nnet_utils/nnet_activation.h:46]   --->   Operation 320 'or' 'and_ln46_54' <Predicate = true> <Delay = 0.00> <CoreInst = "LogicGate">   --->   Core 74 'LogicGate' <Latency = 0> <II = 1> <Delay = 0.97> <FuncUnit> <Opcode : 'and' 'or' 'xor'> <InPorts = 2> <OutPorts = 1>
ST_2 : Operation 321 [1/1] (0.97ns) (out node of the LUT)   --->   "%empty_36 = and i1 %icmp_ln46_54, i1 %and_ln46_54" [firmware/nnet_utils/nnet_activation.h:46]   --->   Operation 321 'and' 'empty_36' <Predicate = true> <Delay = 0.97> <CoreInst = "LogicGate">   --->   Core 74 'LogicGate' <Latency = 0> <II = 1> <Delay = 0.97> <FuncUnit> <Opcode : 'and' 'or' 'xor'> <InPorts = 2> <OutPorts = 1>
ST_2 : Operation 322 [1/1] (0.00ns) (grouped into LUT with out node select_ln46_81)   --->   "%or_ln46_81 = or i1 %empty_36, i1 %tmp_158" [firmware/nnet_utils/nnet_activation.h:46]   --->   Operation 322 'or' 'or_ln46_81' <Predicate = true> <Delay = 0.00> <CoreInst = "LogicGate">   --->   Core 74 'LogicGate' <Latency = 0> <II = 1> <Delay = 0.97> <FuncUnit> <Opcode : 'and' 'or' 'xor'> <InPorts = 2> <OutPorts = 1>
ST_2 : Operation 323 [1/1] (0.00ns) (grouped into LUT with out node res_7_0)   --->   "%xor_ln46_26 = xor i1 %empty_36, i1 1" [firmware/nnet_utils/nnet_activation.h:46]   --->   Operation 323 'xor' 'xor_ln46_26' <Predicate = true> <Delay = 0.00> <CoreInst = "LogicGate">   --->   Core 74 'LogicGate' <Latency = 0> <II = 1> <Delay = 0.97> <FuncUnit> <Opcode : 'and' 'or' 'xor'> <InPorts = 2> <OutPorts = 1>
ST_2 : Operation 324 [1/1] (0.00ns) (grouped into LUT with out node res_7_0)   --->   "%or_ln46_82 = or i1 %tmp_158, i1 %xor_ln46_26" [firmware/nnet_utils/nnet_activation.h:46]   --->   Operation 324 'or' 'or_ln46_82' <Predicate = true> <Delay = 0.00> <CoreInst = "LogicGate">   --->   Core 74 'LogicGate' <Latency = 0> <II = 1> <Delay = 0.97> <FuncUnit> <Opcode : 'and' 'or' 'xor'> <InPorts = 2> <OutPorts = 1>
ST_2 : Operation 325 [1/1] (0.00ns) (grouped into LUT with out node select_ln46_81)   --->   "%select_ln46_80 = select i1 %tmp_158, i2 0, i2 %add_ln46_26" [firmware/nnet_utils/nnet_activation.h:46]   --->   Operation 325 'select' 'select_ln46_80' <Predicate = true> <Delay = 0.00> <CoreInst = "Sel">   --->   Core 73 'Sel' <Latency = 0> <II = 1> <Delay = 0.99> <FuncUnit> <Opcode : 'select'> <InPorts = 3> <OutPorts = 1>
ST_2 : Operation 326 [1/1] (0.99ns) (out node of the LUT)   --->   "%select_ln46_81 = select i1 %or_ln46_81, i2 %select_ln46_80, i2 3" [firmware/nnet_utils/nnet_activation.h:46]   --->   Operation 326 'select' 'select_ln46_81' <Predicate = true> <Delay = 0.99> <CoreInst = "Sel">   --->   Core 73 'Sel' <Latency = 0> <II = 1> <Delay = 0.99> <FuncUnit> <Opcode : 'select'> <InPorts = 3> <OutPorts = 1>
ST_2 : Operation 327 [1/1] (0.00ns) (grouped into LUT with out node res_7_0)   --->   "%select_ln46_82 = select i1 %or_ln46_82, i2 %select_ln46_81, i2 %add_ln46_26" [firmware/nnet_utils/nnet_activation.h:46]   --->   Operation 327 'select' 'select_ln46_82' <Predicate = true> <Delay = 0.00> <CoreInst = "Sel">   --->   Core 73 'Sel' <Latency = 0> <II = 1> <Delay = 0.99> <FuncUnit> <Opcode : 'select'> <InPorts = 3> <OutPorts = 1>
ST_2 : Operation 328 [1/1] (0.99ns) (out node of the LUT)   --->   "%res_7_0 = select i1 %icmp_ln45_26, i2 %select_ln46_82, i2 0" [firmware/nnet_utils/nnet_activation.h:45]   --->   Operation 328 'select' 'res_7_0' <Predicate = true> <Delay = 0.99> <CoreInst = "Sel">   --->   Core 73 'Sel' <Latency = 0> <II = 1> <Delay = 0.99> <FuncUnit> <Opcode : 'select'> <InPorts = 3> <OutPorts = 1>
ST_2 : Operation 329 [1/1] (2.07ns)   --->   "%icmp_ln45_27 = icmp_sgt  i16 %data_8_val_read, i16 0" [firmware/nnet_utils/nnet_activation.h:45]   --->   Operation 329 'icmp' 'icmp_ln45_27' <Predicate = true> <Delay = 2.07> <CoreInst = "Cmp">   --->   Core 9 'Cmp' <Latency = 0> <II = 1> <Delay = 2.07> <FuncUnit> <Opcode : 'seteq' 'setne' 'setle' 'setge' 'setlt' 'setgt'> <InPorts = 2> <OutPorts = 1>
ST_2 : Operation 330 [1/1] (0.00ns) (grouped into LUT with out node empty_37)   --->   "%tmp_166 = bitselect i1 @_ssdm_op_BitSelect.i1.i16.i32, i16 %data_8_val_read, i32 9" [firmware/nnet_utils/nnet_activation.h:46]   --->   Operation 330 'bitselect' 'tmp_166' <Predicate = true> <Delay = 0.00>
ST_2 : Operation 331 [1/1] (0.00ns) (grouped into LUT with out node empty_37)   --->   "%tmp_169 = bitselect i1 @_ssdm_op_BitSelect.i1.i2.i32, i2 %add_ln46_27, i32 1" [firmware/nnet_utils/nnet_activation.h:46]   --->   Operation 331 'bitselect' 'tmp_169' <Predicate = true> <Delay = 0.00>
ST_2 : Operation 332 [1/1] (0.00ns) (grouped into LUT with out node empty_37)   --->   "%not_tmp_196 = xor i1 %tmp_166, i1 1" [firmware/nnet_utils/nnet_activation.h:46]   --->   Operation 332 'xor' 'not_tmp_196' <Predicate = true> <Delay = 0.00> <CoreInst = "LogicGate">   --->   Core 74 'LogicGate' <Latency = 0> <II = 1> <Delay = 0.97> <FuncUnit> <Opcode : 'and' 'or' 'xor'> <InPorts = 2> <OutPorts = 1>
ST_2 : Operation 333 [1/1] (0.00ns) (grouped into LUT with out node empty_37)   --->   "%and_ln46_56 = or i1 %tmp_169, i1 %not_tmp_196" [firmware/nnet_utils/nnet_activation.h:46]   --->   Operation 333 'or' 'and_ln46_56' <Predicate = true> <Delay = 0.00> <CoreInst = "LogicGate">   --->   Core 74 'LogicGate' <Latency = 0> <II = 1> <Delay = 0.97> <FuncUnit> <Opcode : 'and' 'or' 'xor'> <InPorts = 2> <OutPorts = 1>
ST_2 : Operation 334 [1/1] (0.97ns) (out node of the LUT)   --->   "%empty_37 = and i1 %icmp_ln46_56, i1 %and_ln46_56" [firmware/nnet_utils/nnet_activation.h:46]   --->   Operation 334 'and' 'empty_37' <Predicate = true> <Delay = 0.97> <CoreInst = "LogicGate">   --->   Core 74 'LogicGate' <Latency = 0> <II = 1> <Delay = 0.97> <FuncUnit> <Opcode : 'and' 'or' 'xor'> <InPorts = 2> <OutPorts = 1>
ST_2 : Operation 335 [1/1] (0.00ns) (grouped into LUT with out node select_ln46_84)   --->   "%or_ln46_84 = or i1 %empty_37, i1 %tmp_164" [firmware/nnet_utils/nnet_activation.h:46]   --->   Operation 335 'or' 'or_ln46_84' <Predicate = true> <Delay = 0.00> <CoreInst = "LogicGate">   --->   Core 74 'LogicGate' <Latency = 0> <II = 1> <Delay = 0.97> <FuncUnit> <Opcode : 'and' 'or' 'xor'> <InPorts = 2> <OutPorts = 1>
ST_2 : Operation 336 [1/1] (0.00ns) (grouped into LUT with out node res_8_0)   --->   "%xor_ln46_27 = xor i1 %empty_37, i1 1" [firmware/nnet_utils/nnet_activation.h:46]   --->   Operation 336 'xor' 'xor_ln46_27' <Predicate = true> <Delay = 0.00> <CoreInst = "LogicGate">   --->   Core 74 'LogicGate' <Latency = 0> <II = 1> <Delay = 0.97> <FuncUnit> <Opcode : 'and' 'or' 'xor'> <InPorts = 2> <OutPorts = 1>
ST_2 : Operation 337 [1/1] (0.00ns) (grouped into LUT with out node res_8_0)   --->   "%or_ln46_85 = or i1 %tmp_164, i1 %xor_ln46_27" [firmware/nnet_utils/nnet_activation.h:46]   --->   Operation 337 'or' 'or_ln46_85' <Predicate = true> <Delay = 0.00> <CoreInst = "LogicGate">   --->   Core 74 'LogicGate' <Latency = 0> <II = 1> <Delay = 0.97> <FuncUnit> <Opcode : 'and' 'or' 'xor'> <InPorts = 2> <OutPorts = 1>
ST_2 : Operation 338 [1/1] (0.00ns) (grouped into LUT with out node select_ln46_84)   --->   "%select_ln46_83 = select i1 %tmp_164, i2 0, i2 %add_ln46_27" [firmware/nnet_utils/nnet_activation.h:46]   --->   Operation 338 'select' 'select_ln46_83' <Predicate = true> <Delay = 0.00> <CoreInst = "Sel">   --->   Core 73 'Sel' <Latency = 0> <II = 1> <Delay = 0.99> <FuncUnit> <Opcode : 'select'> <InPorts = 3> <OutPorts = 1>
ST_2 : Operation 339 [1/1] (0.99ns) (out node of the LUT)   --->   "%select_ln46_84 = select i1 %or_ln46_84, i2 %select_ln46_83, i2 3" [firmware/nnet_utils/nnet_activation.h:46]   --->   Operation 339 'select' 'select_ln46_84' <Predicate = true> <Delay = 0.99> <CoreInst = "Sel">   --->   Core 73 'Sel' <Latency = 0> <II = 1> <Delay = 0.99> <FuncUnit> <Opcode : 'select'> <InPorts = 3> <OutPorts = 1>
ST_2 : Operation 340 [1/1] (0.00ns) (grouped into LUT with out node res_8_0)   --->   "%select_ln46_85 = select i1 %or_ln46_85, i2 %select_ln46_84, i2 %add_ln46_27" [firmware/nnet_utils/nnet_activation.h:46]   --->   Operation 340 'select' 'select_ln46_85' <Predicate = true> <Delay = 0.00> <CoreInst = "Sel">   --->   Core 73 'Sel' <Latency = 0> <II = 1> <Delay = 0.99> <FuncUnit> <Opcode : 'select'> <InPorts = 3> <OutPorts = 1>
ST_2 : Operation 341 [1/1] (0.99ns) (out node of the LUT)   --->   "%res_8_0 = select i1 %icmp_ln45_27, i2 %select_ln46_85, i2 0" [firmware/nnet_utils/nnet_activation.h:45]   --->   Operation 341 'select' 'res_8_0' <Predicate = true> <Delay = 0.99> <CoreInst = "Sel">   --->   Core 73 'Sel' <Latency = 0> <II = 1> <Delay = 0.99> <FuncUnit> <Opcode : 'select'> <InPorts = 3> <OutPorts = 1>
ST_2 : Operation 342 [1/1] (2.07ns)   --->   "%icmp_ln45_28 = icmp_sgt  i16 %data_9_val_read, i16 0" [firmware/nnet_utils/nnet_activation.h:45]   --->   Operation 342 'icmp' 'icmp_ln45_28' <Predicate = true> <Delay = 2.07> <CoreInst = "Cmp">   --->   Core 9 'Cmp' <Latency = 0> <II = 1> <Delay = 2.07> <FuncUnit> <Opcode : 'seteq' 'setne' 'setle' 'setge' 'setlt' 'setgt'> <InPorts = 2> <OutPorts = 1>
ST_2 : Operation 343 [1/1] (0.00ns) (grouped into LUT with out node empty_38)   --->   "%tmp_172 = bitselect i1 @_ssdm_op_BitSelect.i1.i16.i32, i16 %data_9_val_read, i32 9" [firmware/nnet_utils/nnet_activation.h:46]   --->   Operation 343 'bitselect' 'tmp_172' <Predicate = true> <Delay = 0.00>
ST_2 : Operation 344 [1/1] (0.00ns) (grouped into LUT with out node empty_38)   --->   "%tmp_175 = bitselect i1 @_ssdm_op_BitSelect.i1.i2.i32, i2 %add_ln46_28, i32 1" [firmware/nnet_utils/nnet_activation.h:46]   --->   Operation 344 'bitselect' 'tmp_175' <Predicate = true> <Delay = 0.00>
ST_2 : Operation 345 [1/1] (0.00ns) (grouped into LUT with out node empty_38)   --->   "%not_tmp_203 = xor i1 %tmp_172, i1 1" [firmware/nnet_utils/nnet_activation.h:46]   --->   Operation 345 'xor' 'not_tmp_203' <Predicate = true> <Delay = 0.00> <CoreInst = "LogicGate">   --->   Core 74 'LogicGate' <Latency = 0> <II = 1> <Delay = 0.97> <FuncUnit> <Opcode : 'and' 'or' 'xor'> <InPorts = 2> <OutPorts = 1>
ST_2 : Operation 346 [1/1] (0.00ns) (grouped into LUT with out node empty_38)   --->   "%and_ln46_58 = or i1 %tmp_175, i1 %not_tmp_203" [firmware/nnet_utils/nnet_activation.h:46]   --->   Operation 346 'or' 'and_ln46_58' <Predicate = true> <Delay = 0.00> <CoreInst = "LogicGate">   --->   Core 74 'LogicGate' <Latency = 0> <II = 1> <Delay = 0.97> <FuncUnit> <Opcode : 'and' 'or' 'xor'> <InPorts = 2> <OutPorts = 1>
ST_2 : Operation 347 [1/1] (0.97ns) (out node of the LUT)   --->   "%empty_38 = and i1 %icmp_ln46_58, i1 %and_ln46_58" [firmware/nnet_utils/nnet_activation.h:46]   --->   Operation 347 'and' 'empty_38' <Predicate = true> <Delay = 0.97> <CoreInst = "LogicGate">   --->   Core 74 'LogicGate' <Latency = 0> <II = 1> <Delay = 0.97> <FuncUnit> <Opcode : 'and' 'or' 'xor'> <InPorts = 2> <OutPorts = 1>
ST_2 : Operation 348 [1/1] (0.00ns) (grouped into LUT with out node select_ln46_87)   --->   "%or_ln46_87 = or i1 %empty_38, i1 %tmp_170" [firmware/nnet_utils/nnet_activation.h:46]   --->   Operation 348 'or' 'or_ln46_87' <Predicate = true> <Delay = 0.00> <CoreInst = "LogicGate">   --->   Core 74 'LogicGate' <Latency = 0> <II = 1> <Delay = 0.97> <FuncUnit> <Opcode : 'and' 'or' 'xor'> <InPorts = 2> <OutPorts = 1>
ST_2 : Operation 349 [1/1] (0.00ns) (grouped into LUT with out node res_9_0)   --->   "%xor_ln46_28 = xor i1 %empty_38, i1 1" [firmware/nnet_utils/nnet_activation.h:46]   --->   Operation 349 'xor' 'xor_ln46_28' <Predicate = true> <Delay = 0.00> <CoreInst = "LogicGate">   --->   Core 74 'LogicGate' <Latency = 0> <II = 1> <Delay = 0.97> <FuncUnit> <Opcode : 'and' 'or' 'xor'> <InPorts = 2> <OutPorts = 1>
ST_2 : Operation 350 [1/1] (0.00ns) (grouped into LUT with out node res_9_0)   --->   "%or_ln46_88 = or i1 %tmp_170, i1 %xor_ln46_28" [firmware/nnet_utils/nnet_activation.h:46]   --->   Operation 350 'or' 'or_ln46_88' <Predicate = true> <Delay = 0.00> <CoreInst = "LogicGate">   --->   Core 74 'LogicGate' <Latency = 0> <II = 1> <Delay = 0.97> <FuncUnit> <Opcode : 'and' 'or' 'xor'> <InPorts = 2> <OutPorts = 1>
ST_2 : Operation 351 [1/1] (0.00ns) (grouped into LUT with out node select_ln46_87)   --->   "%select_ln46_86 = select i1 %tmp_170, i2 0, i2 %add_ln46_28" [firmware/nnet_utils/nnet_activation.h:46]   --->   Operation 351 'select' 'select_ln46_86' <Predicate = true> <Delay = 0.00> <CoreInst = "Sel">   --->   Core 73 'Sel' <Latency = 0> <II = 1> <Delay = 0.99> <FuncUnit> <Opcode : 'select'> <InPorts = 3> <OutPorts = 1>
ST_2 : Operation 352 [1/1] (0.99ns) (out node of the LUT)   --->   "%select_ln46_87 = select i1 %or_ln46_87, i2 %select_ln46_86, i2 3" [firmware/nnet_utils/nnet_activation.h:46]   --->   Operation 352 'select' 'select_ln46_87' <Predicate = true> <Delay = 0.99> <CoreInst = "Sel">   --->   Core 73 'Sel' <Latency = 0> <II = 1> <Delay = 0.99> <FuncUnit> <Opcode : 'select'> <InPorts = 3> <OutPorts = 1>
ST_2 : Operation 353 [1/1] (0.00ns) (grouped into LUT with out node res_9_0)   --->   "%select_ln46_88 = select i1 %or_ln46_88, i2 %select_ln46_87, i2 %add_ln46_28" [firmware/nnet_utils/nnet_activation.h:46]   --->   Operation 353 'select' 'select_ln46_88' <Predicate = true> <Delay = 0.00> <CoreInst = "Sel">   --->   Core 73 'Sel' <Latency = 0> <II = 1> <Delay = 0.99> <FuncUnit> <Opcode : 'select'> <InPorts = 3> <OutPorts = 1>
ST_2 : Operation 354 [1/1] (0.99ns) (out node of the LUT)   --->   "%res_9_0 = select i1 %icmp_ln45_28, i2 %select_ln46_88, i2 0" [firmware/nnet_utils/nnet_activation.h:45]   --->   Operation 354 'select' 'res_9_0' <Predicate = true> <Delay = 0.99> <CoreInst = "Sel">   --->   Core 73 'Sel' <Latency = 0> <II = 1> <Delay = 0.99> <FuncUnit> <Opcode : 'select'> <InPorts = 3> <OutPorts = 1>
ST_2 : Operation 355 [1/1] (2.07ns)   --->   "%icmp_ln45_29 = icmp_sgt  i16 %data_10_val_read, i16 0" [firmware/nnet_utils/nnet_activation.h:45]   --->   Operation 355 'icmp' 'icmp_ln45_29' <Predicate = true> <Delay = 2.07> <CoreInst = "Cmp">   --->   Core 9 'Cmp' <Latency = 0> <II = 1> <Delay = 2.07> <FuncUnit> <Opcode : 'seteq' 'setne' 'setle' 'setge' 'setlt' 'setgt'> <InPorts = 2> <OutPorts = 1>
ST_2 : Operation 356 [1/1] (0.00ns) (grouped into LUT with out node empty_39)   --->   "%tmp_178 = bitselect i1 @_ssdm_op_BitSelect.i1.i16.i32, i16 %data_10_val_read, i32 9" [firmware/nnet_utils/nnet_activation.h:46]   --->   Operation 356 'bitselect' 'tmp_178' <Predicate = true> <Delay = 0.00>
ST_2 : Operation 357 [1/1] (0.00ns) (grouped into LUT with out node empty_39)   --->   "%tmp_181 = bitselect i1 @_ssdm_op_BitSelect.i1.i2.i32, i2 %add_ln46_29, i32 1" [firmware/nnet_utils/nnet_activation.h:46]   --->   Operation 357 'bitselect' 'tmp_181' <Predicate = true> <Delay = 0.00>
ST_2 : Operation 358 [1/1] (0.00ns) (grouped into LUT with out node empty_39)   --->   "%not_tmp_210 = xor i1 %tmp_178, i1 1" [firmware/nnet_utils/nnet_activation.h:46]   --->   Operation 358 'xor' 'not_tmp_210' <Predicate = true> <Delay = 0.00> <CoreInst = "LogicGate">   --->   Core 74 'LogicGate' <Latency = 0> <II = 1> <Delay = 0.97> <FuncUnit> <Opcode : 'and' 'or' 'xor'> <InPorts = 2> <OutPorts = 1>
ST_2 : Operation 359 [1/1] (0.00ns) (grouped into LUT with out node empty_39)   --->   "%and_ln46_60 = or i1 %tmp_181, i1 %not_tmp_210" [firmware/nnet_utils/nnet_activation.h:46]   --->   Operation 359 'or' 'and_ln46_60' <Predicate = true> <Delay = 0.00> <CoreInst = "LogicGate">   --->   Core 74 'LogicGate' <Latency = 0> <II = 1> <Delay = 0.97> <FuncUnit> <Opcode : 'and' 'or' 'xor'> <InPorts = 2> <OutPorts = 1>
ST_2 : Operation 360 [1/1] (0.97ns) (out node of the LUT)   --->   "%empty_39 = and i1 %icmp_ln46_60, i1 %and_ln46_60" [firmware/nnet_utils/nnet_activation.h:46]   --->   Operation 360 'and' 'empty_39' <Predicate = true> <Delay = 0.97> <CoreInst = "LogicGate">   --->   Core 74 'LogicGate' <Latency = 0> <II = 1> <Delay = 0.97> <FuncUnit> <Opcode : 'and' 'or' 'xor'> <InPorts = 2> <OutPorts = 1>
ST_2 : Operation 361 [1/1] (0.00ns) (grouped into LUT with out node select_ln46_90)   --->   "%or_ln46_90 = or i1 %empty_39, i1 %tmp_176" [firmware/nnet_utils/nnet_activation.h:46]   --->   Operation 361 'or' 'or_ln46_90' <Predicate = true> <Delay = 0.00> <CoreInst = "LogicGate">   --->   Core 74 'LogicGate' <Latency = 0> <II = 1> <Delay = 0.97> <FuncUnit> <Opcode : 'and' 'or' 'xor'> <InPorts = 2> <OutPorts = 1>
ST_2 : Operation 362 [1/1] (0.00ns) (grouped into LUT with out node res_10_0)   --->   "%xor_ln46_29 = xor i1 %empty_39, i1 1" [firmware/nnet_utils/nnet_activation.h:46]   --->   Operation 362 'xor' 'xor_ln46_29' <Predicate = true> <Delay = 0.00> <CoreInst = "LogicGate">   --->   Core 74 'LogicGate' <Latency = 0> <II = 1> <Delay = 0.97> <FuncUnit> <Opcode : 'and' 'or' 'xor'> <InPorts = 2> <OutPorts = 1>
ST_2 : Operation 363 [1/1] (0.00ns) (grouped into LUT with out node res_10_0)   --->   "%or_ln46_91 = or i1 %tmp_176, i1 %xor_ln46_29" [firmware/nnet_utils/nnet_activation.h:46]   --->   Operation 363 'or' 'or_ln46_91' <Predicate = true> <Delay = 0.00> <CoreInst = "LogicGate">   --->   Core 74 'LogicGate' <Latency = 0> <II = 1> <Delay = 0.97> <FuncUnit> <Opcode : 'and' 'or' 'xor'> <InPorts = 2> <OutPorts = 1>
ST_2 : Operation 364 [1/1] (0.00ns) (grouped into LUT with out node select_ln46_90)   --->   "%select_ln46_89 = select i1 %tmp_176, i2 0, i2 %add_ln46_29" [firmware/nnet_utils/nnet_activation.h:46]   --->   Operation 364 'select' 'select_ln46_89' <Predicate = true> <Delay = 0.00> <CoreInst = "Sel">   --->   Core 73 'Sel' <Latency = 0> <II = 1> <Delay = 0.99> <FuncUnit> <Opcode : 'select'> <InPorts = 3> <OutPorts = 1>
ST_2 : Operation 365 [1/1] (0.99ns) (out node of the LUT)   --->   "%select_ln46_90 = select i1 %or_ln46_90, i2 %select_ln46_89, i2 3" [firmware/nnet_utils/nnet_activation.h:46]   --->   Operation 365 'select' 'select_ln46_90' <Predicate = true> <Delay = 0.99> <CoreInst = "Sel">   --->   Core 73 'Sel' <Latency = 0> <II = 1> <Delay = 0.99> <FuncUnit> <Opcode : 'select'> <InPorts = 3> <OutPorts = 1>
ST_2 : Operation 366 [1/1] (0.00ns) (grouped into LUT with out node res_10_0)   --->   "%select_ln46_91 = select i1 %or_ln46_91, i2 %select_ln46_90, i2 %add_ln46_29" [firmware/nnet_utils/nnet_activation.h:46]   --->   Operation 366 'select' 'select_ln46_91' <Predicate = true> <Delay = 0.00> <CoreInst = "Sel">   --->   Core 73 'Sel' <Latency = 0> <II = 1> <Delay = 0.99> <FuncUnit> <Opcode : 'select'> <InPorts = 3> <OutPorts = 1>
ST_2 : Operation 367 [1/1] (0.99ns) (out node of the LUT)   --->   "%res_10_0 = select i1 %icmp_ln45_29, i2 %select_ln46_91, i2 0" [firmware/nnet_utils/nnet_activation.h:45]   --->   Operation 367 'select' 'res_10_0' <Predicate = true> <Delay = 0.99> <CoreInst = "Sel">   --->   Core 73 'Sel' <Latency = 0> <II = 1> <Delay = 0.99> <FuncUnit> <Opcode : 'select'> <InPorts = 3> <OutPorts = 1>
ST_2 : Operation 368 [1/1] (2.07ns)   --->   "%icmp_ln45_30 = icmp_sgt  i16 %data_11_val_read, i16 0" [firmware/nnet_utils/nnet_activation.h:45]   --->   Operation 368 'icmp' 'icmp_ln45_30' <Predicate = true> <Delay = 2.07> <CoreInst = "Cmp">   --->   Core 9 'Cmp' <Latency = 0> <II = 1> <Delay = 2.07> <FuncUnit> <Opcode : 'seteq' 'setne' 'setle' 'setge' 'setlt' 'setgt'> <InPorts = 2> <OutPorts = 1>
ST_2 : Operation 369 [1/1] (0.00ns) (grouped into LUT with out node empty_40)   --->   "%tmp_184 = bitselect i1 @_ssdm_op_BitSelect.i1.i16.i32, i16 %data_11_val_read, i32 9" [firmware/nnet_utils/nnet_activation.h:46]   --->   Operation 369 'bitselect' 'tmp_184' <Predicate = true> <Delay = 0.00>
ST_2 : Operation 370 [1/1] (0.00ns) (grouped into LUT with out node empty_40)   --->   "%tmp_187 = bitselect i1 @_ssdm_op_BitSelect.i1.i2.i32, i2 %add_ln46_30, i32 1" [firmware/nnet_utils/nnet_activation.h:46]   --->   Operation 370 'bitselect' 'tmp_187' <Predicate = true> <Delay = 0.00>
ST_2 : Operation 371 [1/1] (0.00ns) (grouped into LUT with out node empty_40)   --->   "%not_tmp_217 = xor i1 %tmp_184, i1 1" [firmware/nnet_utils/nnet_activation.h:46]   --->   Operation 371 'xor' 'not_tmp_217' <Predicate = true> <Delay = 0.00> <CoreInst = "LogicGate">   --->   Core 74 'LogicGate' <Latency = 0> <II = 1> <Delay = 0.97> <FuncUnit> <Opcode : 'and' 'or' 'xor'> <InPorts = 2> <OutPorts = 1>
ST_2 : Operation 372 [1/1] (0.00ns) (grouped into LUT with out node empty_40)   --->   "%and_ln46_62 = or i1 %tmp_187, i1 %not_tmp_217" [firmware/nnet_utils/nnet_activation.h:46]   --->   Operation 372 'or' 'and_ln46_62' <Predicate = true> <Delay = 0.00> <CoreInst = "LogicGate">   --->   Core 74 'LogicGate' <Latency = 0> <II = 1> <Delay = 0.97> <FuncUnit> <Opcode : 'and' 'or' 'xor'> <InPorts = 2> <OutPorts = 1>
ST_2 : Operation 373 [1/1] (0.97ns) (out node of the LUT)   --->   "%empty_40 = and i1 %icmp_ln46_62, i1 %and_ln46_62" [firmware/nnet_utils/nnet_activation.h:46]   --->   Operation 373 'and' 'empty_40' <Predicate = true> <Delay = 0.97> <CoreInst = "LogicGate">   --->   Core 74 'LogicGate' <Latency = 0> <II = 1> <Delay = 0.97> <FuncUnit> <Opcode : 'and' 'or' 'xor'> <InPorts = 2> <OutPorts = 1>
ST_2 : Operation 374 [1/1] (0.00ns) (grouped into LUT with out node select_ln46_93)   --->   "%or_ln46_93 = or i1 %empty_40, i1 %tmp_182" [firmware/nnet_utils/nnet_activation.h:46]   --->   Operation 374 'or' 'or_ln46_93' <Predicate = true> <Delay = 0.00> <CoreInst = "LogicGate">   --->   Core 74 'LogicGate' <Latency = 0> <II = 1> <Delay = 0.97> <FuncUnit> <Opcode : 'and' 'or' 'xor'> <InPorts = 2> <OutPorts = 1>
ST_2 : Operation 375 [1/1] (0.00ns) (grouped into LUT with out node res_11_0)   --->   "%xor_ln46_30 = xor i1 %empty_40, i1 1" [firmware/nnet_utils/nnet_activation.h:46]   --->   Operation 375 'xor' 'xor_ln46_30' <Predicate = true> <Delay = 0.00> <CoreInst = "LogicGate">   --->   Core 74 'LogicGate' <Latency = 0> <II = 1> <Delay = 0.97> <FuncUnit> <Opcode : 'and' 'or' 'xor'> <InPorts = 2> <OutPorts = 1>
ST_2 : Operation 376 [1/1] (0.00ns) (grouped into LUT with out node res_11_0)   --->   "%or_ln46_94 = or i1 %tmp_182, i1 %xor_ln46_30" [firmware/nnet_utils/nnet_activation.h:46]   --->   Operation 376 'or' 'or_ln46_94' <Predicate = true> <Delay = 0.00> <CoreInst = "LogicGate">   --->   Core 74 'LogicGate' <Latency = 0> <II = 1> <Delay = 0.97> <FuncUnit> <Opcode : 'and' 'or' 'xor'> <InPorts = 2> <OutPorts = 1>
ST_2 : Operation 377 [1/1] (0.00ns) (grouped into LUT with out node select_ln46_93)   --->   "%select_ln46_92 = select i1 %tmp_182, i2 0, i2 %add_ln46_30" [firmware/nnet_utils/nnet_activation.h:46]   --->   Operation 377 'select' 'select_ln46_92' <Predicate = true> <Delay = 0.00> <CoreInst = "Sel">   --->   Core 73 'Sel' <Latency = 0> <II = 1> <Delay = 0.99> <FuncUnit> <Opcode : 'select'> <InPorts = 3> <OutPorts = 1>
ST_2 : Operation 378 [1/1] (0.99ns) (out node of the LUT)   --->   "%select_ln46_93 = select i1 %or_ln46_93, i2 %select_ln46_92, i2 3" [firmware/nnet_utils/nnet_activation.h:46]   --->   Operation 378 'select' 'select_ln46_93' <Predicate = true> <Delay = 0.99> <CoreInst = "Sel">   --->   Core 73 'Sel' <Latency = 0> <II = 1> <Delay = 0.99> <FuncUnit> <Opcode : 'select'> <InPorts = 3> <OutPorts = 1>
ST_2 : Operation 379 [1/1] (0.00ns) (grouped into LUT with out node res_11_0)   --->   "%select_ln46_94 = select i1 %or_ln46_94, i2 %select_ln46_93, i2 %add_ln46_30" [firmware/nnet_utils/nnet_activation.h:46]   --->   Operation 379 'select' 'select_ln46_94' <Predicate = true> <Delay = 0.00> <CoreInst = "Sel">   --->   Core 73 'Sel' <Latency = 0> <II = 1> <Delay = 0.99> <FuncUnit> <Opcode : 'select'> <InPorts = 3> <OutPorts = 1>
ST_2 : Operation 380 [1/1] (0.99ns) (out node of the LUT)   --->   "%res_11_0 = select i1 %icmp_ln45_30, i2 %select_ln46_94, i2 0" [firmware/nnet_utils/nnet_activation.h:45]   --->   Operation 380 'select' 'res_11_0' <Predicate = true> <Delay = 0.99> <CoreInst = "Sel">   --->   Core 73 'Sel' <Latency = 0> <II = 1> <Delay = 0.99> <FuncUnit> <Opcode : 'select'> <InPorts = 3> <OutPorts = 1>
ST_2 : Operation 381 [1/1] (2.07ns)   --->   "%icmp_ln45_31 = icmp_sgt  i16 %data_12_val_read, i16 0" [firmware/nnet_utils/nnet_activation.h:45]   --->   Operation 381 'icmp' 'icmp_ln45_31' <Predicate = true> <Delay = 2.07> <CoreInst = "Cmp">   --->   Core 9 'Cmp' <Latency = 0> <II = 1> <Delay = 2.07> <FuncUnit> <Opcode : 'seteq' 'setne' 'setle' 'setge' 'setlt' 'setgt'> <InPorts = 2> <OutPorts = 1>
ST_2 : Operation 382 [1/1] (0.00ns) (grouped into LUT with out node empty_41)   --->   "%tmp_190 = bitselect i1 @_ssdm_op_BitSelect.i1.i16.i32, i16 %data_12_val_read, i32 9" [firmware/nnet_utils/nnet_activation.h:46]   --->   Operation 382 'bitselect' 'tmp_190' <Predicate = true> <Delay = 0.00>
ST_2 : Operation 383 [1/1] (0.00ns) (grouped into LUT with out node empty_41)   --->   "%tmp_193 = bitselect i1 @_ssdm_op_BitSelect.i1.i2.i32, i2 %add_ln46_31, i32 1" [firmware/nnet_utils/nnet_activation.h:46]   --->   Operation 383 'bitselect' 'tmp_193' <Predicate = true> <Delay = 0.00>
ST_2 : Operation 384 [1/1] (0.00ns) (grouped into LUT with out node empty_41)   --->   "%not_tmp_224 = xor i1 %tmp_190, i1 1" [firmware/nnet_utils/nnet_activation.h:46]   --->   Operation 384 'xor' 'not_tmp_224' <Predicate = true> <Delay = 0.00> <CoreInst = "LogicGate">   --->   Core 74 'LogicGate' <Latency = 0> <II = 1> <Delay = 0.97> <FuncUnit> <Opcode : 'and' 'or' 'xor'> <InPorts = 2> <OutPorts = 1>
ST_2 : Operation 385 [1/1] (0.00ns) (grouped into LUT with out node empty_41)   --->   "%and_ln46_64 = or i1 %tmp_193, i1 %not_tmp_224" [firmware/nnet_utils/nnet_activation.h:46]   --->   Operation 385 'or' 'and_ln46_64' <Predicate = true> <Delay = 0.00> <CoreInst = "LogicGate">   --->   Core 74 'LogicGate' <Latency = 0> <II = 1> <Delay = 0.97> <FuncUnit> <Opcode : 'and' 'or' 'xor'> <InPorts = 2> <OutPorts = 1>
ST_2 : Operation 386 [1/1] (0.97ns) (out node of the LUT)   --->   "%empty_41 = and i1 %icmp_ln46_64, i1 %and_ln46_64" [firmware/nnet_utils/nnet_activation.h:46]   --->   Operation 386 'and' 'empty_41' <Predicate = true> <Delay = 0.97> <CoreInst = "LogicGate">   --->   Core 74 'LogicGate' <Latency = 0> <II = 1> <Delay = 0.97> <FuncUnit> <Opcode : 'and' 'or' 'xor'> <InPorts = 2> <OutPorts = 1>
ST_2 : Operation 387 [1/1] (0.00ns) (grouped into LUT with out node select_ln46_96)   --->   "%or_ln46_96 = or i1 %empty_41, i1 %tmp_188" [firmware/nnet_utils/nnet_activation.h:46]   --->   Operation 387 'or' 'or_ln46_96' <Predicate = true> <Delay = 0.00> <CoreInst = "LogicGate">   --->   Core 74 'LogicGate' <Latency = 0> <II = 1> <Delay = 0.97> <FuncUnit> <Opcode : 'and' 'or' 'xor'> <InPorts = 2> <OutPorts = 1>
ST_2 : Operation 388 [1/1] (0.00ns) (grouped into LUT with out node res_12_0)   --->   "%xor_ln46_31 = xor i1 %empty_41, i1 1" [firmware/nnet_utils/nnet_activation.h:46]   --->   Operation 388 'xor' 'xor_ln46_31' <Predicate = true> <Delay = 0.00> <CoreInst = "LogicGate">   --->   Core 74 'LogicGate' <Latency = 0> <II = 1> <Delay = 0.97> <FuncUnit> <Opcode : 'and' 'or' 'xor'> <InPorts = 2> <OutPorts = 1>
ST_2 : Operation 389 [1/1] (0.00ns) (grouped into LUT with out node res_12_0)   --->   "%or_ln46_97 = or i1 %tmp_188, i1 %xor_ln46_31" [firmware/nnet_utils/nnet_activation.h:46]   --->   Operation 389 'or' 'or_ln46_97' <Predicate = true> <Delay = 0.00> <CoreInst = "LogicGate">   --->   Core 74 'LogicGate' <Latency = 0> <II = 1> <Delay = 0.97> <FuncUnit> <Opcode : 'and' 'or' 'xor'> <InPorts = 2> <OutPorts = 1>
ST_2 : Operation 390 [1/1] (0.00ns) (grouped into LUT with out node select_ln46_96)   --->   "%select_ln46_95 = select i1 %tmp_188, i2 0, i2 %add_ln46_31" [firmware/nnet_utils/nnet_activation.h:46]   --->   Operation 390 'select' 'select_ln46_95' <Predicate = true> <Delay = 0.00> <CoreInst = "Sel">   --->   Core 73 'Sel' <Latency = 0> <II = 1> <Delay = 0.99> <FuncUnit> <Opcode : 'select'> <InPorts = 3> <OutPorts = 1>
ST_2 : Operation 391 [1/1] (0.99ns) (out node of the LUT)   --->   "%select_ln46_96 = select i1 %or_ln46_96, i2 %select_ln46_95, i2 3" [firmware/nnet_utils/nnet_activation.h:46]   --->   Operation 391 'select' 'select_ln46_96' <Predicate = true> <Delay = 0.99> <CoreInst = "Sel">   --->   Core 73 'Sel' <Latency = 0> <II = 1> <Delay = 0.99> <FuncUnit> <Opcode : 'select'> <InPorts = 3> <OutPorts = 1>
ST_2 : Operation 392 [1/1] (0.00ns) (grouped into LUT with out node res_12_0)   --->   "%select_ln46_97 = select i1 %or_ln46_97, i2 %select_ln46_96, i2 %add_ln46_31" [firmware/nnet_utils/nnet_activation.h:46]   --->   Operation 392 'select' 'select_ln46_97' <Predicate = true> <Delay = 0.00> <CoreInst = "Sel">   --->   Core 73 'Sel' <Latency = 0> <II = 1> <Delay = 0.99> <FuncUnit> <Opcode : 'select'> <InPorts = 3> <OutPorts = 1>
ST_2 : Operation 393 [1/1] (0.99ns) (out node of the LUT)   --->   "%res_12_0 = select i1 %icmp_ln45_31, i2 %select_ln46_97, i2 0" [firmware/nnet_utils/nnet_activation.h:45]   --->   Operation 393 'select' 'res_12_0' <Predicate = true> <Delay = 0.99> <CoreInst = "Sel">   --->   Core 73 'Sel' <Latency = 0> <II = 1> <Delay = 0.99> <FuncUnit> <Opcode : 'select'> <InPorts = 3> <OutPorts = 1>
ST_2 : Operation 394 [1/1] (2.07ns)   --->   "%icmp_ln45_32 = icmp_sgt  i16 %data_13_val_read, i16 0" [firmware/nnet_utils/nnet_activation.h:45]   --->   Operation 394 'icmp' 'icmp_ln45_32' <Predicate = true> <Delay = 2.07> <CoreInst = "Cmp">   --->   Core 9 'Cmp' <Latency = 0> <II = 1> <Delay = 2.07> <FuncUnit> <Opcode : 'seteq' 'setne' 'setle' 'setge' 'setlt' 'setgt'> <InPorts = 2> <OutPorts = 1>
ST_2 : Operation 395 [1/1] (0.00ns) (grouped into LUT with out node empty_42)   --->   "%tmp_196 = bitselect i1 @_ssdm_op_BitSelect.i1.i16.i32, i16 %data_13_val_read, i32 9" [firmware/nnet_utils/nnet_activation.h:46]   --->   Operation 395 'bitselect' 'tmp_196' <Predicate = true> <Delay = 0.00>
ST_2 : Operation 396 [1/1] (0.00ns) (grouped into LUT with out node empty_42)   --->   "%tmp_199 = bitselect i1 @_ssdm_op_BitSelect.i1.i2.i32, i2 %add_ln46_32, i32 1" [firmware/nnet_utils/nnet_activation.h:46]   --->   Operation 396 'bitselect' 'tmp_199' <Predicate = true> <Delay = 0.00>
ST_2 : Operation 397 [1/1] (0.00ns) (grouped into LUT with out node empty_42)   --->   "%not_tmp_231 = xor i1 %tmp_196, i1 1" [firmware/nnet_utils/nnet_activation.h:46]   --->   Operation 397 'xor' 'not_tmp_231' <Predicate = true> <Delay = 0.00> <CoreInst = "LogicGate">   --->   Core 74 'LogicGate' <Latency = 0> <II = 1> <Delay = 0.97> <FuncUnit> <Opcode : 'and' 'or' 'xor'> <InPorts = 2> <OutPorts = 1>
ST_2 : Operation 398 [1/1] (0.00ns) (grouped into LUT with out node empty_42)   --->   "%and_ln46_66 = or i1 %tmp_199, i1 %not_tmp_231" [firmware/nnet_utils/nnet_activation.h:46]   --->   Operation 398 'or' 'and_ln46_66' <Predicate = true> <Delay = 0.00> <CoreInst = "LogicGate">   --->   Core 74 'LogicGate' <Latency = 0> <II = 1> <Delay = 0.97> <FuncUnit> <Opcode : 'and' 'or' 'xor'> <InPorts = 2> <OutPorts = 1>
ST_2 : Operation 399 [1/1] (0.97ns) (out node of the LUT)   --->   "%empty_42 = and i1 %icmp_ln46_66, i1 %and_ln46_66" [firmware/nnet_utils/nnet_activation.h:46]   --->   Operation 399 'and' 'empty_42' <Predicate = true> <Delay = 0.97> <CoreInst = "LogicGate">   --->   Core 74 'LogicGate' <Latency = 0> <II = 1> <Delay = 0.97> <FuncUnit> <Opcode : 'and' 'or' 'xor'> <InPorts = 2> <OutPorts = 1>
ST_2 : Operation 400 [1/1] (0.00ns) (grouped into LUT with out node select_ln46_99)   --->   "%or_ln46_99 = or i1 %empty_42, i1 %tmp_194" [firmware/nnet_utils/nnet_activation.h:46]   --->   Operation 400 'or' 'or_ln46_99' <Predicate = true> <Delay = 0.00> <CoreInst = "LogicGate">   --->   Core 74 'LogicGate' <Latency = 0> <II = 1> <Delay = 0.97> <FuncUnit> <Opcode : 'and' 'or' 'xor'> <InPorts = 2> <OutPorts = 1>
ST_2 : Operation 401 [1/1] (0.00ns) (grouped into LUT with out node res_13_0)   --->   "%xor_ln46_32 = xor i1 %empty_42, i1 1" [firmware/nnet_utils/nnet_activation.h:46]   --->   Operation 401 'xor' 'xor_ln46_32' <Predicate = true> <Delay = 0.00> <CoreInst = "LogicGate">   --->   Core 74 'LogicGate' <Latency = 0> <II = 1> <Delay = 0.97> <FuncUnit> <Opcode : 'and' 'or' 'xor'> <InPorts = 2> <OutPorts = 1>
ST_2 : Operation 402 [1/1] (0.00ns) (grouped into LUT with out node res_13_0)   --->   "%or_ln46_100 = or i1 %tmp_194, i1 %xor_ln46_32" [firmware/nnet_utils/nnet_activation.h:46]   --->   Operation 402 'or' 'or_ln46_100' <Predicate = true> <Delay = 0.00> <CoreInst = "LogicGate">   --->   Core 74 'LogicGate' <Latency = 0> <II = 1> <Delay = 0.97> <FuncUnit> <Opcode : 'and' 'or' 'xor'> <InPorts = 2> <OutPorts = 1>
ST_2 : Operation 403 [1/1] (0.00ns) (grouped into LUT with out node select_ln46_99)   --->   "%select_ln46_98 = select i1 %tmp_194, i2 0, i2 %add_ln46_32" [firmware/nnet_utils/nnet_activation.h:46]   --->   Operation 403 'select' 'select_ln46_98' <Predicate = true> <Delay = 0.00> <CoreInst = "Sel">   --->   Core 73 'Sel' <Latency = 0> <II = 1> <Delay = 0.99> <FuncUnit> <Opcode : 'select'> <InPorts = 3> <OutPorts = 1>
ST_2 : Operation 404 [1/1] (0.99ns) (out node of the LUT)   --->   "%select_ln46_99 = select i1 %or_ln46_99, i2 %select_ln46_98, i2 3" [firmware/nnet_utils/nnet_activation.h:46]   --->   Operation 404 'select' 'select_ln46_99' <Predicate = true> <Delay = 0.99> <CoreInst = "Sel">   --->   Core 73 'Sel' <Latency = 0> <II = 1> <Delay = 0.99> <FuncUnit> <Opcode : 'select'> <InPorts = 3> <OutPorts = 1>
ST_2 : Operation 405 [1/1] (0.00ns) (grouped into LUT with out node res_13_0)   --->   "%select_ln46_100 = select i1 %or_ln46_100, i2 %select_ln46_99, i2 %add_ln46_32" [firmware/nnet_utils/nnet_activation.h:46]   --->   Operation 405 'select' 'select_ln46_100' <Predicate = true> <Delay = 0.00> <CoreInst = "Sel">   --->   Core 73 'Sel' <Latency = 0> <II = 1> <Delay = 0.99> <FuncUnit> <Opcode : 'select'> <InPorts = 3> <OutPorts = 1>
ST_2 : Operation 406 [1/1] (0.99ns) (out node of the LUT)   --->   "%res_13_0 = select i1 %icmp_ln45_32, i2 %select_ln46_100, i2 0" [firmware/nnet_utils/nnet_activation.h:45]   --->   Operation 406 'select' 'res_13_0' <Predicate = true> <Delay = 0.99> <CoreInst = "Sel">   --->   Core 73 'Sel' <Latency = 0> <II = 1> <Delay = 0.99> <FuncUnit> <Opcode : 'select'> <InPorts = 3> <OutPorts = 1>
ST_2 : Operation 407 [1/1] (2.07ns)   --->   "%icmp_ln45_33 = icmp_sgt  i16 %data_14_val_read, i16 0" [firmware/nnet_utils/nnet_activation.h:45]   --->   Operation 407 'icmp' 'icmp_ln45_33' <Predicate = true> <Delay = 2.07> <CoreInst = "Cmp">   --->   Core 9 'Cmp' <Latency = 0> <II = 1> <Delay = 2.07> <FuncUnit> <Opcode : 'seteq' 'setne' 'setle' 'setge' 'setlt' 'setgt'> <InPorts = 2> <OutPorts = 1>
ST_2 : Operation 408 [1/1] (0.00ns) (grouped into LUT with out node empty_43)   --->   "%tmp_202 = bitselect i1 @_ssdm_op_BitSelect.i1.i16.i32, i16 %data_14_val_read, i32 9" [firmware/nnet_utils/nnet_activation.h:46]   --->   Operation 408 'bitselect' 'tmp_202' <Predicate = true> <Delay = 0.00>
ST_2 : Operation 409 [1/1] (0.00ns) (grouped into LUT with out node empty_43)   --->   "%tmp_205 = bitselect i1 @_ssdm_op_BitSelect.i1.i2.i32, i2 %add_ln46_33, i32 1" [firmware/nnet_utils/nnet_activation.h:46]   --->   Operation 409 'bitselect' 'tmp_205' <Predicate = true> <Delay = 0.00>
ST_2 : Operation 410 [1/1] (0.00ns) (grouped into LUT with out node empty_43)   --->   "%not_tmp_238 = xor i1 %tmp_202, i1 1" [firmware/nnet_utils/nnet_activation.h:46]   --->   Operation 410 'xor' 'not_tmp_238' <Predicate = true> <Delay = 0.00> <CoreInst = "LogicGate">   --->   Core 74 'LogicGate' <Latency = 0> <II = 1> <Delay = 0.97> <FuncUnit> <Opcode : 'and' 'or' 'xor'> <InPorts = 2> <OutPorts = 1>
ST_2 : Operation 411 [1/1] (0.00ns) (grouped into LUT with out node empty_43)   --->   "%and_ln46_68 = or i1 %tmp_205, i1 %not_tmp_238" [firmware/nnet_utils/nnet_activation.h:46]   --->   Operation 411 'or' 'and_ln46_68' <Predicate = true> <Delay = 0.00> <CoreInst = "LogicGate">   --->   Core 74 'LogicGate' <Latency = 0> <II = 1> <Delay = 0.97> <FuncUnit> <Opcode : 'and' 'or' 'xor'> <InPorts = 2> <OutPorts = 1>
ST_2 : Operation 412 [1/1] (0.97ns) (out node of the LUT)   --->   "%empty_43 = and i1 %icmp_ln46_68, i1 %and_ln46_68" [firmware/nnet_utils/nnet_activation.h:46]   --->   Operation 412 'and' 'empty_43' <Predicate = true> <Delay = 0.97> <CoreInst = "LogicGate">   --->   Core 74 'LogicGate' <Latency = 0> <II = 1> <Delay = 0.97> <FuncUnit> <Opcode : 'and' 'or' 'xor'> <InPorts = 2> <OutPorts = 1>
ST_2 : Operation 413 [1/1] (0.00ns) (grouped into LUT with out node select_ln46_102)   --->   "%or_ln46_102 = or i1 %empty_43, i1 %tmp_200" [firmware/nnet_utils/nnet_activation.h:46]   --->   Operation 413 'or' 'or_ln46_102' <Predicate = true> <Delay = 0.00> <CoreInst = "LogicGate">   --->   Core 74 'LogicGate' <Latency = 0> <II = 1> <Delay = 0.97> <FuncUnit> <Opcode : 'and' 'or' 'xor'> <InPorts = 2> <OutPorts = 1>
ST_2 : Operation 414 [1/1] (0.00ns) (grouped into LUT with out node res_1445_0)   --->   "%xor_ln46_33 = xor i1 %empty_43, i1 1" [firmware/nnet_utils/nnet_activation.h:46]   --->   Operation 414 'xor' 'xor_ln46_33' <Predicate = true> <Delay = 0.00> <CoreInst = "LogicGate">   --->   Core 74 'LogicGate' <Latency = 0> <II = 1> <Delay = 0.97> <FuncUnit> <Opcode : 'and' 'or' 'xor'> <InPorts = 2> <OutPorts = 1>
ST_2 : Operation 415 [1/1] (0.00ns) (grouped into LUT with out node res_1445_0)   --->   "%or_ln46_103 = or i1 %tmp_200, i1 %xor_ln46_33" [firmware/nnet_utils/nnet_activation.h:46]   --->   Operation 415 'or' 'or_ln46_103' <Predicate = true> <Delay = 0.00> <CoreInst = "LogicGate">   --->   Core 74 'LogicGate' <Latency = 0> <II = 1> <Delay = 0.97> <FuncUnit> <Opcode : 'and' 'or' 'xor'> <InPorts = 2> <OutPorts = 1>
ST_2 : Operation 416 [1/1] (0.00ns) (grouped into LUT with out node select_ln46_102)   --->   "%select_ln46_101 = select i1 %tmp_200, i2 0, i2 %add_ln46_33" [firmware/nnet_utils/nnet_activation.h:46]   --->   Operation 416 'select' 'select_ln46_101' <Predicate = true> <Delay = 0.00> <CoreInst = "Sel">   --->   Core 73 'Sel' <Latency = 0> <II = 1> <Delay = 0.99> <FuncUnit> <Opcode : 'select'> <InPorts = 3> <OutPorts = 1>
ST_2 : Operation 417 [1/1] (0.99ns) (out node of the LUT)   --->   "%select_ln46_102 = select i1 %or_ln46_102, i2 %select_ln46_101, i2 3" [firmware/nnet_utils/nnet_activation.h:46]   --->   Operation 417 'select' 'select_ln46_102' <Predicate = true> <Delay = 0.99> <CoreInst = "Sel">   --->   Core 73 'Sel' <Latency = 0> <II = 1> <Delay = 0.99> <FuncUnit> <Opcode : 'select'> <InPorts = 3> <OutPorts = 1>
ST_2 : Operation 418 [1/1] (0.00ns) (grouped into LUT with out node res_1445_0)   --->   "%select_ln46_103 = select i1 %or_ln46_103, i2 %select_ln46_102, i2 %add_ln46_33" [firmware/nnet_utils/nnet_activation.h:46]   --->   Operation 418 'select' 'select_ln46_103' <Predicate = true> <Delay = 0.00> <CoreInst = "Sel">   --->   Core 73 'Sel' <Latency = 0> <II = 1> <Delay = 0.99> <FuncUnit> <Opcode : 'select'> <InPorts = 3> <OutPorts = 1>
ST_2 : Operation 419 [1/1] (0.99ns) (out node of the LUT)   --->   "%res_1445_0 = select i1 %icmp_ln45_33, i2 %select_ln46_103, i2 0" [firmware/nnet_utils/nnet_activation.h:45]   --->   Operation 419 'select' 'res_1445_0' <Predicate = true> <Delay = 0.99> <CoreInst = "Sel">   --->   Core 73 'Sel' <Latency = 0> <II = 1> <Delay = 0.99> <FuncUnit> <Opcode : 'select'> <InPorts = 3> <OutPorts = 1>
ST_2 : Operation 420 [1/1] (2.07ns)   --->   "%icmp_ln45_34 = icmp_sgt  i16 %data_15_val_read, i16 0" [firmware/nnet_utils/nnet_activation.h:45]   --->   Operation 420 'icmp' 'icmp_ln45_34' <Predicate = true> <Delay = 2.07> <CoreInst = "Cmp">   --->   Core 9 'Cmp' <Latency = 0> <II = 1> <Delay = 2.07> <FuncUnit> <Opcode : 'seteq' 'setne' 'setle' 'setge' 'setlt' 'setgt'> <InPorts = 2> <OutPorts = 1>
ST_2 : Operation 421 [1/1] (0.00ns) (grouped into LUT with out node empty_44)   --->   "%tmp_208 = bitselect i1 @_ssdm_op_BitSelect.i1.i16.i32, i16 %data_15_val_read, i32 9" [firmware/nnet_utils/nnet_activation.h:46]   --->   Operation 421 'bitselect' 'tmp_208' <Predicate = true> <Delay = 0.00>
ST_2 : Operation 422 [1/1] (0.00ns) (grouped into LUT with out node empty_44)   --->   "%tmp_211 = bitselect i1 @_ssdm_op_BitSelect.i1.i2.i32, i2 %add_ln46_34, i32 1" [firmware/nnet_utils/nnet_activation.h:46]   --->   Operation 422 'bitselect' 'tmp_211' <Predicate = true> <Delay = 0.00>
ST_2 : Operation 423 [1/1] (0.00ns) (grouped into LUT with out node empty_44)   --->   "%not_tmp_245 = xor i1 %tmp_208, i1 1" [firmware/nnet_utils/nnet_activation.h:46]   --->   Operation 423 'xor' 'not_tmp_245' <Predicate = true> <Delay = 0.00> <CoreInst = "LogicGate">   --->   Core 74 'LogicGate' <Latency = 0> <II = 1> <Delay = 0.97> <FuncUnit> <Opcode : 'and' 'or' 'xor'> <InPorts = 2> <OutPorts = 1>
ST_2 : Operation 424 [1/1] (0.00ns) (grouped into LUT with out node empty_44)   --->   "%and_ln46_70 = or i1 %tmp_211, i1 %not_tmp_245" [firmware/nnet_utils/nnet_activation.h:46]   --->   Operation 424 'or' 'and_ln46_70' <Predicate = true> <Delay = 0.00> <CoreInst = "LogicGate">   --->   Core 74 'LogicGate' <Latency = 0> <II = 1> <Delay = 0.97> <FuncUnit> <Opcode : 'and' 'or' 'xor'> <InPorts = 2> <OutPorts = 1>
ST_2 : Operation 425 [1/1] (0.97ns) (out node of the LUT)   --->   "%empty_44 = and i1 %icmp_ln46_70, i1 %and_ln46_70" [firmware/nnet_utils/nnet_activation.h:46]   --->   Operation 425 'and' 'empty_44' <Predicate = true> <Delay = 0.97> <CoreInst = "LogicGate">   --->   Core 74 'LogicGate' <Latency = 0> <II = 1> <Delay = 0.97> <FuncUnit> <Opcode : 'and' 'or' 'xor'> <InPorts = 2> <OutPorts = 1>
ST_2 : Operation 426 [1/1] (0.00ns) (grouped into LUT with out node select_ln46_105)   --->   "%or_ln46_105 = or i1 %empty_44, i1 %tmp_206" [firmware/nnet_utils/nnet_activation.h:46]   --->   Operation 426 'or' 'or_ln46_105' <Predicate = true> <Delay = 0.00> <CoreInst = "LogicGate">   --->   Core 74 'LogicGate' <Latency = 0> <II = 1> <Delay = 0.97> <FuncUnit> <Opcode : 'and' 'or' 'xor'> <InPorts = 2> <OutPorts = 1>
ST_2 : Operation 427 [1/1] (0.00ns) (grouped into LUT with out node res_15_0)   --->   "%xor_ln46_34 = xor i1 %empty_44, i1 1" [firmware/nnet_utils/nnet_activation.h:46]   --->   Operation 427 'xor' 'xor_ln46_34' <Predicate = true> <Delay = 0.00> <CoreInst = "LogicGate">   --->   Core 74 'LogicGate' <Latency = 0> <II = 1> <Delay = 0.97> <FuncUnit> <Opcode : 'and' 'or' 'xor'> <InPorts = 2> <OutPorts = 1>
ST_2 : Operation 428 [1/1] (0.00ns) (grouped into LUT with out node res_15_0)   --->   "%or_ln46_106 = or i1 %tmp_206, i1 %xor_ln46_34" [firmware/nnet_utils/nnet_activation.h:46]   --->   Operation 428 'or' 'or_ln46_106' <Predicate = true> <Delay = 0.00> <CoreInst = "LogicGate">   --->   Core 74 'LogicGate' <Latency = 0> <II = 1> <Delay = 0.97> <FuncUnit> <Opcode : 'and' 'or' 'xor'> <InPorts = 2> <OutPorts = 1>
ST_2 : Operation 429 [1/1] (0.00ns) (grouped into LUT with out node select_ln46_105)   --->   "%select_ln46_104 = select i1 %tmp_206, i2 0, i2 %add_ln46_34" [firmware/nnet_utils/nnet_activation.h:46]   --->   Operation 429 'select' 'select_ln46_104' <Predicate = true> <Delay = 0.00> <CoreInst = "Sel">   --->   Core 73 'Sel' <Latency = 0> <II = 1> <Delay = 0.99> <FuncUnit> <Opcode : 'select'> <InPorts = 3> <OutPorts = 1>
ST_2 : Operation 430 [1/1] (0.99ns) (out node of the LUT)   --->   "%select_ln46_105 = select i1 %or_ln46_105, i2 %select_ln46_104, i2 3" [firmware/nnet_utils/nnet_activation.h:46]   --->   Operation 430 'select' 'select_ln46_105' <Predicate = true> <Delay = 0.99> <CoreInst = "Sel">   --->   Core 73 'Sel' <Latency = 0> <II = 1> <Delay = 0.99> <FuncUnit> <Opcode : 'select'> <InPorts = 3> <OutPorts = 1>
ST_2 : Operation 431 [1/1] (0.00ns) (grouped into LUT with out node res_15_0)   --->   "%select_ln46_106 = select i1 %or_ln46_106, i2 %select_ln46_105, i2 %add_ln46_34" [firmware/nnet_utils/nnet_activation.h:46]   --->   Operation 431 'select' 'select_ln46_106' <Predicate = true> <Delay = 0.00> <CoreInst = "Sel">   --->   Core 73 'Sel' <Latency = 0> <II = 1> <Delay = 0.99> <FuncUnit> <Opcode : 'select'> <InPorts = 3> <OutPorts = 1>
ST_2 : Operation 432 [1/1] (0.99ns) (out node of the LUT)   --->   "%res_15_0 = select i1 %icmp_ln45_34, i2 %select_ln46_106, i2 0" [firmware/nnet_utils/nnet_activation.h:45]   --->   Operation 432 'select' 'res_15_0' <Predicate = true> <Delay = 0.99> <CoreInst = "Sel">   --->   Core 73 'Sel' <Latency = 0> <II = 1> <Delay = 0.99> <FuncUnit> <Opcode : 'select'> <InPorts = 3> <OutPorts = 1>
ST_2 : Operation 433 [1/1] (2.07ns)   --->   "%icmp_ln45_35 = icmp_sgt  i16 %data_16_val_read, i16 0" [firmware/nnet_utils/nnet_activation.h:45]   --->   Operation 433 'icmp' 'icmp_ln45_35' <Predicate = true> <Delay = 2.07> <CoreInst = "Cmp">   --->   Core 9 'Cmp' <Latency = 0> <II = 1> <Delay = 2.07> <FuncUnit> <Opcode : 'seteq' 'setne' 'setle' 'setge' 'setlt' 'setgt'> <InPorts = 2> <OutPorts = 1>
ST_2 : Operation 434 [1/1] (0.00ns) (grouped into LUT with out node empty_45)   --->   "%tmp_214 = bitselect i1 @_ssdm_op_BitSelect.i1.i16.i32, i16 %data_16_val_read, i32 9" [firmware/nnet_utils/nnet_activation.h:46]   --->   Operation 434 'bitselect' 'tmp_214' <Predicate = true> <Delay = 0.00>
ST_2 : Operation 435 [1/1] (0.00ns) (grouped into LUT with out node empty_45)   --->   "%tmp_217 = bitselect i1 @_ssdm_op_BitSelect.i1.i2.i32, i2 %add_ln46_35, i32 1" [firmware/nnet_utils/nnet_activation.h:46]   --->   Operation 435 'bitselect' 'tmp_217' <Predicate = true> <Delay = 0.00>
ST_2 : Operation 436 [1/1] (0.00ns) (grouped into LUT with out node empty_45)   --->   "%not_tmp_252 = xor i1 %tmp_214, i1 1" [firmware/nnet_utils/nnet_activation.h:46]   --->   Operation 436 'xor' 'not_tmp_252' <Predicate = true> <Delay = 0.00> <CoreInst = "LogicGate">   --->   Core 74 'LogicGate' <Latency = 0> <II = 1> <Delay = 0.97> <FuncUnit> <Opcode : 'and' 'or' 'xor'> <InPorts = 2> <OutPorts = 1>
ST_2 : Operation 437 [1/1] (0.00ns) (grouped into LUT with out node empty_45)   --->   "%and_ln46_72 = or i1 %tmp_217, i1 %not_tmp_252" [firmware/nnet_utils/nnet_activation.h:46]   --->   Operation 437 'or' 'and_ln46_72' <Predicate = true> <Delay = 0.00> <CoreInst = "LogicGate">   --->   Core 74 'LogicGate' <Latency = 0> <II = 1> <Delay = 0.97> <FuncUnit> <Opcode : 'and' 'or' 'xor'> <InPorts = 2> <OutPorts = 1>
ST_2 : Operation 438 [1/1] (0.97ns) (out node of the LUT)   --->   "%empty_45 = and i1 %icmp_ln46_72, i1 %and_ln46_72" [firmware/nnet_utils/nnet_activation.h:46]   --->   Operation 438 'and' 'empty_45' <Predicate = true> <Delay = 0.97> <CoreInst = "LogicGate">   --->   Core 74 'LogicGate' <Latency = 0> <II = 1> <Delay = 0.97> <FuncUnit> <Opcode : 'and' 'or' 'xor'> <InPorts = 2> <OutPorts = 1>
ST_2 : Operation 439 [1/1] (0.00ns) (grouped into LUT with out node select_ln46_108)   --->   "%or_ln46_108 = or i1 %empty_45, i1 %tmp_212" [firmware/nnet_utils/nnet_activation.h:46]   --->   Operation 439 'or' 'or_ln46_108' <Predicate = true> <Delay = 0.00> <CoreInst = "LogicGate">   --->   Core 74 'LogicGate' <Latency = 0> <II = 1> <Delay = 0.97> <FuncUnit> <Opcode : 'and' 'or' 'xor'> <InPorts = 2> <OutPorts = 1>
ST_2 : Operation 440 [1/1] (0.00ns) (grouped into LUT with out node res_16_0)   --->   "%xor_ln46_35 = xor i1 %empty_45, i1 1" [firmware/nnet_utils/nnet_activation.h:46]   --->   Operation 440 'xor' 'xor_ln46_35' <Predicate = true> <Delay = 0.00> <CoreInst = "LogicGate">   --->   Core 74 'LogicGate' <Latency = 0> <II = 1> <Delay = 0.97> <FuncUnit> <Opcode : 'and' 'or' 'xor'> <InPorts = 2> <OutPorts = 1>
ST_2 : Operation 441 [1/1] (0.00ns) (grouped into LUT with out node res_16_0)   --->   "%or_ln46_109 = or i1 %tmp_212, i1 %xor_ln46_35" [firmware/nnet_utils/nnet_activation.h:46]   --->   Operation 441 'or' 'or_ln46_109' <Predicate = true> <Delay = 0.00> <CoreInst = "LogicGate">   --->   Core 74 'LogicGate' <Latency = 0> <II = 1> <Delay = 0.97> <FuncUnit> <Opcode : 'and' 'or' 'xor'> <InPorts = 2> <OutPorts = 1>
ST_2 : Operation 442 [1/1] (0.00ns) (grouped into LUT with out node select_ln46_108)   --->   "%select_ln46_107 = select i1 %tmp_212, i2 0, i2 %add_ln46_35" [firmware/nnet_utils/nnet_activation.h:46]   --->   Operation 442 'select' 'select_ln46_107' <Predicate = true> <Delay = 0.00> <CoreInst = "Sel">   --->   Core 73 'Sel' <Latency = 0> <II = 1> <Delay = 0.99> <FuncUnit> <Opcode : 'select'> <InPorts = 3> <OutPorts = 1>
ST_2 : Operation 443 [1/1] (0.99ns) (out node of the LUT)   --->   "%select_ln46_108 = select i1 %or_ln46_108, i2 %select_ln46_107, i2 3" [firmware/nnet_utils/nnet_activation.h:46]   --->   Operation 443 'select' 'select_ln46_108' <Predicate = true> <Delay = 0.99> <CoreInst = "Sel">   --->   Core 73 'Sel' <Latency = 0> <II = 1> <Delay = 0.99> <FuncUnit> <Opcode : 'select'> <InPorts = 3> <OutPorts = 1>
ST_2 : Operation 444 [1/1] (0.00ns) (grouped into LUT with out node res_16_0)   --->   "%select_ln46_109 = select i1 %or_ln46_109, i2 %select_ln46_108, i2 %add_ln46_35" [firmware/nnet_utils/nnet_activation.h:46]   --->   Operation 444 'select' 'select_ln46_109' <Predicate = true> <Delay = 0.00> <CoreInst = "Sel">   --->   Core 73 'Sel' <Latency = 0> <II = 1> <Delay = 0.99> <FuncUnit> <Opcode : 'select'> <InPorts = 3> <OutPorts = 1>
ST_2 : Operation 445 [1/1] (0.99ns) (out node of the LUT)   --->   "%res_16_0 = select i1 %icmp_ln45_35, i2 %select_ln46_109, i2 0" [firmware/nnet_utils/nnet_activation.h:45]   --->   Operation 445 'select' 'res_16_0' <Predicate = true> <Delay = 0.99> <CoreInst = "Sel">   --->   Core 73 'Sel' <Latency = 0> <II = 1> <Delay = 0.99> <FuncUnit> <Opcode : 'select'> <InPorts = 3> <OutPorts = 1>
ST_2 : Operation 446 [1/1] (0.00ns)   --->   "%mrv = insertvalue i34 <undef>, i2 %res_0_0" [firmware/nnet_utils/nnet_activation.h:50]   --->   Operation 446 'insertvalue' 'mrv' <Predicate = true> <Delay = 0.00>
ST_2 : Operation 447 [1/1] (0.00ns)   --->   "%mrv_1 = insertvalue i34 %mrv, i2 %res_1_0" [firmware/nnet_utils/nnet_activation.h:50]   --->   Operation 447 'insertvalue' 'mrv_1' <Predicate = true> <Delay = 0.00>
ST_2 : Operation 448 [1/1] (0.00ns)   --->   "%mrv_2 = insertvalue i34 %mrv_1, i2 %res_2_0" [firmware/nnet_utils/nnet_activation.h:50]   --->   Operation 448 'insertvalue' 'mrv_2' <Predicate = true> <Delay = 0.00>
ST_2 : Operation 449 [1/1] (0.00ns)   --->   "%mrv_3 = insertvalue i34 %mrv_2, i2 %res_3_0" [firmware/nnet_utils/nnet_activation.h:50]   --->   Operation 449 'insertvalue' 'mrv_3' <Predicate = true> <Delay = 0.00>
ST_2 : Operation 450 [1/1] (0.00ns)   --->   "%mrv_4 = insertvalue i34 %mrv_3, i2 %res_4_0" [firmware/nnet_utils/nnet_activation.h:50]   --->   Operation 450 'insertvalue' 'mrv_4' <Predicate = true> <Delay = 0.00>
ST_2 : Operation 451 [1/1] (0.00ns)   --->   "%mrv_5 = insertvalue i34 %mrv_4, i2 %res_5_0" [firmware/nnet_utils/nnet_activation.h:50]   --->   Operation 451 'insertvalue' 'mrv_5' <Predicate = true> <Delay = 0.00>
ST_2 : Operation 452 [1/1] (0.00ns)   --->   "%mrv_6 = insertvalue i34 %mrv_5, i2 %res_6_0" [firmware/nnet_utils/nnet_activation.h:50]   --->   Operation 452 'insertvalue' 'mrv_6' <Predicate = true> <Delay = 0.00>
ST_2 : Operation 453 [1/1] (0.00ns)   --->   "%mrv_7 = insertvalue i34 %mrv_6, i2 %res_7_0" [firmware/nnet_utils/nnet_activation.h:50]   --->   Operation 453 'insertvalue' 'mrv_7' <Predicate = true> <Delay = 0.00>
ST_2 : Operation 454 [1/1] (0.00ns)   --->   "%mrv_8 = insertvalue i34 %mrv_7, i2 %res_8_0" [firmware/nnet_utils/nnet_activation.h:50]   --->   Operation 454 'insertvalue' 'mrv_8' <Predicate = true> <Delay = 0.00>
ST_2 : Operation 455 [1/1] (0.00ns)   --->   "%mrv_9 = insertvalue i34 %mrv_8, i2 %res_9_0" [firmware/nnet_utils/nnet_activation.h:50]   --->   Operation 455 'insertvalue' 'mrv_9' <Predicate = true> <Delay = 0.00>
ST_2 : Operation 456 [1/1] (0.00ns)   --->   "%mrv_10 = insertvalue i34 %mrv_9, i2 %res_10_0" [firmware/nnet_utils/nnet_activation.h:50]   --->   Operation 456 'insertvalue' 'mrv_10' <Predicate = true> <Delay = 0.00>
ST_2 : Operation 457 [1/1] (0.00ns)   --->   "%mrv_11 = insertvalue i34 %mrv_10, i2 %res_11_0" [firmware/nnet_utils/nnet_activation.h:50]   --->   Operation 457 'insertvalue' 'mrv_11' <Predicate = true> <Delay = 0.00>
ST_2 : Operation 458 [1/1] (0.00ns)   --->   "%mrv_12 = insertvalue i34 %mrv_11, i2 %res_12_0" [firmware/nnet_utils/nnet_activation.h:50]   --->   Operation 458 'insertvalue' 'mrv_12' <Predicate = true> <Delay = 0.00>
ST_2 : Operation 459 [1/1] (0.00ns)   --->   "%mrv_13 = insertvalue i34 %mrv_12, i2 %res_13_0" [firmware/nnet_utils/nnet_activation.h:50]   --->   Operation 459 'insertvalue' 'mrv_13' <Predicate = true> <Delay = 0.00>
ST_2 : Operation 460 [1/1] (0.00ns)   --->   "%mrv_14 = insertvalue i34 %mrv_13, i2 %res_1445_0" [firmware/nnet_utils/nnet_activation.h:50]   --->   Operation 460 'insertvalue' 'mrv_14' <Predicate = true> <Delay = 0.00>
ST_2 : Operation 461 [1/1] (0.00ns)   --->   "%mrv_15 = insertvalue i34 %mrv_14, i2 %res_15_0" [firmware/nnet_utils/nnet_activation.h:50]   --->   Operation 461 'insertvalue' 'mrv_15' <Predicate = true> <Delay = 0.00>
ST_2 : Operation 462 [1/1] (0.00ns)   --->   "%mrv_16 = insertvalue i34 %mrv_15, i2 %res_16_0" [firmware/nnet_utils/nnet_activation.h:50]   --->   Operation 462 'insertvalue' 'mrv_16' <Predicate = true> <Delay = 0.00>
ST_2 : Operation 463 [1/1] (0.00ns)   --->   "%ret_ln50 = ret i34 %mrv_16" [firmware/nnet_utils/nnet_activation.h:50]   --->   Operation 463 'ret' 'ret_ln50' <Predicate = true> <Delay = 0.00>


============================================================
+ Verbose Summary: Binding
============================================================
STG Binding: 
---------------- STG Properties BEGIN ----------------
- Is combinational: 0
- Is one-state seq: 0
- Is datapath-only: 0
- Is pipelined: 1
- Is top level: 0
Port [ Return ] is wired: 1; IO mode=ap_ctrl_hs:ce=0
Port [ data_0_val]:  wired=1; compound=0; hidden=0; nouse=0; global=0; static=0; extern=0; dir=0; type=0; pingpong=0; private_global=0; IO mode=ap_none:ce=0
Port [ data_1_val]:  wired=1; compound=0; hidden=0; nouse=0; global=0; static=0; extern=0; dir=0; type=0; pingpong=0; private_global=0; IO mode=ap_none:ce=0
Port [ data_2_val]:  wired=1; compound=0; hidden=0; nouse=0; global=0; static=0; extern=0; dir=0; type=0; pingpong=0; private_global=0; IO mode=ap_none:ce=0
Port [ data_3_val]:  wired=1; compound=0; hidden=0; nouse=0; global=0; static=0; extern=0; dir=0; type=0; pingpong=0; private_global=0; IO mode=ap_none:ce=0
Port [ data_4_val]:  wired=1; compound=0; hidden=0; nouse=0; global=0; static=0; extern=0; dir=0; type=0; pingpong=0; private_global=0; IO mode=ap_none:ce=0
Port [ data_5_val]:  wired=1; compound=0; hidden=0; nouse=0; global=0; static=0; extern=0; dir=0; type=0; pingpong=0; private_global=0; IO mode=ap_none:ce=0
Port [ data_6_val]:  wired=1; compound=0; hidden=0; nouse=0; global=0; static=0; extern=0; dir=0; type=0; pingpong=0; private_global=0; IO mode=ap_none:ce=0
Port [ data_7_val]:  wired=1; compound=0; hidden=0; nouse=0; global=0; static=0; extern=0; dir=0; type=0; pingpong=0; private_global=0; IO mode=ap_none:ce=0
Port [ data_8_val]:  wired=1; compound=0; hidden=0; nouse=0; global=0; static=0; extern=0; dir=0; type=0; pingpong=0; private_global=0; IO mode=ap_none:ce=0
Port [ data_9_val]:  wired=1; compound=0; hidden=0; nouse=0; global=0; static=0; extern=0; dir=0; type=0; pingpong=0; private_global=0; IO mode=ap_none:ce=0
Port [ data_10_val]:  wired=1; compound=0; hidden=0; nouse=0; global=0; static=0; extern=0; dir=0; type=0; pingpong=0; private_global=0; IO mode=ap_none:ce=0
Port [ data_11_val]:  wired=1; compound=0; hidden=0; nouse=0; global=0; static=0; extern=0; dir=0; type=0; pingpong=0; private_global=0; IO mode=ap_none:ce=0
Port [ data_12_val]:  wired=1; compound=0; hidden=0; nouse=0; global=0; static=0; extern=0; dir=0; type=0; pingpong=0; private_global=0; IO mode=ap_none:ce=0
Port [ data_13_val]:  wired=1; compound=0; hidden=0; nouse=0; global=0; static=0; extern=0; dir=0; type=0; pingpong=0; private_global=0; IO mode=ap_none:ce=0
Port [ data_14_val]:  wired=1; compound=0; hidden=0; nouse=0; global=0; static=0; extern=0; dir=0; type=0; pingpong=0; private_global=0; IO mode=ap_none:ce=0
Port [ data_15_val]:  wired=1; compound=0; hidden=0; nouse=0; global=0; static=0; extern=0; dir=0; type=0; pingpong=0; private_global=0; IO mode=ap_none:ce=0
Port [ data_16_val]:  wired=1; compound=0; hidden=0; nouse=0; global=0; static=0; extern=0; dir=0; type=0; pingpong=0; private_global=0; IO mode=ap_none:ce=0
---------------- STG Properties END ------------------

---------------- Datapath Model BEGIN ----------------

<LifeTime>
<method=bitvector/>
data_16_val_read  (read        ) [ 011]
data_15_val_read  (read        ) [ 011]
data_14_val_read  (read        ) [ 011]
data_13_val_read  (read        ) [ 011]
data_12_val_read  (read        ) [ 011]
data_11_val_read  (read        ) [ 011]
data_10_val_read  (read        ) [ 011]
data_9_val_read   (read        ) [ 011]
data_8_val_read   (read        ) [ 011]
data_7_val_read   (read        ) [ 011]
data_6_val_read   (read        ) [ 011]
data_5_val_read   (read        ) [ 011]
data_4_val_read   (read        ) [ 011]
data_3_val_read   (read        ) [ 011]
data_2_val_read   (read        ) [ 011]
data_1_val_read   (read        ) [ 011]
data_0_val_read   (read        ) [ 011]
tmp               (bitselect   ) [ 011]
trunc_ln          (partselect  ) [ 000]
tmp_119           (bitselect   ) [ 000]
trunc_ln46        (trunc       ) [ 000]
icmp_ln46         (icmp        ) [ 000]
tmp_121           (bitselect   ) [ 000]
or_ln46           (or          ) [ 000]
and_ln46          (and         ) [ 000]
zext_ln46         (zext        ) [ 000]
add_ln46          (add         ) [ 011]
tmp_s             (partselect  ) [ 000]
icmp_ln46_40      (icmp        ) [ 011]
tmp_123           (bitselect   ) [ 011]
trunc_ln46_s      (partselect  ) [ 000]
tmp_124           (bitselect   ) [ 000]
trunc_ln46_38     (trunc       ) [ 000]
icmp_ln46_41      (icmp        ) [ 000]
tmp_126           (bitselect   ) [ 000]
or_ln46_62        (or          ) [ 000]
and_ln46_39       (and         ) [ 000]
zext_ln46_20      (zext        ) [ 000]
add_ln46_20       (add         ) [ 011]
tmp_118           (partselect  ) [ 000]
icmp_ln46_42      (icmp        ) [ 011]
tmp_128           (bitselect   ) [ 011]
trunc_ln46_19     (partselect  ) [ 000]
tmp_129           (bitselect   ) [ 000]
trunc_ln46_39     (trunc       ) [ 000]
icmp_ln46_43      (icmp        ) [ 000]
tmp_131           (bitselect   ) [ 000]
or_ln46_65        (or          ) [ 000]
and_ln46_41       (and         ) [ 000]
zext_ln46_21      (zext        ) [ 000]
add_ln46_21       (add         ) [ 011]
tmp_132           (partselect  ) [ 000]
icmp_ln46_44      (icmp        ) [ 011]
tmp_134           (bitselect   ) [ 011]
trunc_ln46_20     (partselect  ) [ 000]
tmp_135           (bitselect   ) [ 000]
trunc_ln46_40     (trunc       ) [ 000]
icmp_ln46_45      (icmp        ) [ 000]
tmp_137           (bitselect   ) [ 000]
or_ln46_68        (or          ) [ 000]
and_ln46_43       (and         ) [ 000]
zext_ln46_22      (zext        ) [ 000]
add_ln46_22       (add         ) [ 011]
tmp_138           (partselect  ) [ 000]
icmp_ln46_46      (icmp        ) [ 011]
tmp_140           (bitselect   ) [ 011]
trunc_ln46_21     (partselect  ) [ 000]
tmp_141           (bitselect   ) [ 000]
trunc_ln46_41     (trunc       ) [ 000]
icmp_ln46_47      (icmp        ) [ 000]
tmp_143           (bitselect   ) [ 000]
or_ln46_71        (or          ) [ 000]
and_ln46_45       (and         ) [ 000]
zext_ln46_23      (zext        ) [ 000]
add_ln46_23       (add         ) [ 011]
tmp_144           (partselect  ) [ 000]
icmp_ln46_48      (icmp        ) [ 011]
tmp_146           (bitselect   ) [ 011]
trunc_ln46_22     (partselect  ) [ 000]
tmp_147           (bitselect   ) [ 000]
trunc_ln46_42     (trunc       ) [ 000]
icmp_ln46_49      (icmp        ) [ 000]
tmp_149           (bitselect   ) [ 000]
or_ln46_74        (or          ) [ 000]
and_ln46_47       (and         ) [ 000]
zext_ln46_24      (zext        ) [ 000]
add_ln46_24       (add         ) [ 011]
tmp_150           (partselect  ) [ 000]
icmp_ln46_50      (icmp        ) [ 011]
tmp_152           (bitselect   ) [ 011]
trunc_ln46_23     (partselect  ) [ 000]
tmp_153           (bitselect   ) [ 000]
trunc_ln46_43     (trunc       ) [ 000]
icmp_ln46_51      (icmp        ) [ 000]
tmp_155           (bitselect   ) [ 000]
or_ln46_77        (or          ) [ 000]
and_ln46_49       (and         ) [ 000]
zext_ln46_25      (zext        ) [ 000]
add_ln46_25       (add         ) [ 011]
tmp_156           (partselect  ) [ 000]
icmp_ln46_52      (icmp        ) [ 011]
tmp_158           (bitselect   ) [ 011]
trunc_ln46_24     (partselect  ) [ 000]
tmp_159           (bitselect   ) [ 000]
trunc_ln46_44     (trunc       ) [ 000]
icmp_ln46_53      (icmp        ) [ 000]
tmp_161           (bitselect   ) [ 000]
or_ln46_80        (or          ) [ 000]
and_ln46_51       (and         ) [ 000]
zext_ln46_26      (zext        ) [ 000]
add_ln46_26       (add         ) [ 011]
tmp_162           (partselect  ) [ 000]
icmp_ln46_54      (icmp        ) [ 011]
tmp_164           (bitselect   ) [ 011]
trunc_ln46_25     (partselect  ) [ 000]
tmp_165           (bitselect   ) [ 000]
trunc_ln46_45     (trunc       ) [ 000]
icmp_ln46_55      (icmp        ) [ 000]
tmp_167           (bitselect   ) [ 000]
or_ln46_83        (or          ) [ 000]
and_ln46_53       (and         ) [ 000]
zext_ln46_27      (zext        ) [ 000]
add_ln46_27       (add         ) [ 011]
tmp_168           (partselect  ) [ 000]
icmp_ln46_56      (icmp        ) [ 011]
tmp_170           (bitselect   ) [ 011]
trunc_ln46_26     (partselect  ) [ 000]
tmp_171           (bitselect   ) [ 000]
trunc_ln46_46     (trunc       ) [ 000]
icmp_ln46_57      (icmp        ) [ 000]
tmp_173           (bitselect   ) [ 000]
or_ln46_86        (or          ) [ 000]
and_ln46_55       (and         ) [ 000]
zext_ln46_28      (zext        ) [ 000]
add_ln46_28       (add         ) [ 011]
tmp_174           (partselect  ) [ 000]
icmp_ln46_58      (icmp        ) [ 011]
tmp_176           (bitselect   ) [ 011]
trunc_ln46_27     (partselect  ) [ 000]
tmp_177           (bitselect   ) [ 000]
trunc_ln46_47     (trunc       ) [ 000]
icmp_ln46_59      (icmp        ) [ 000]
tmp_179           (bitselect   ) [ 000]
or_ln46_89        (or          ) [ 000]
and_ln46_57       (and         ) [ 000]
zext_ln46_29      (zext        ) [ 000]
add_ln46_29       (add         ) [ 011]
tmp_180           (partselect  ) [ 000]
icmp_ln46_60      (icmp        ) [ 011]
tmp_182           (bitselect   ) [ 011]
trunc_ln46_28     (partselect  ) [ 000]
tmp_183           (bitselect   ) [ 000]
trunc_ln46_48     (trunc       ) [ 000]
icmp_ln46_61      (icmp        ) [ 000]
tmp_185           (bitselect   ) [ 000]
or_ln46_92        (or          ) [ 000]
and_ln46_59       (and         ) [ 000]
zext_ln46_30      (zext        ) [ 000]
add_ln46_30       (add         ) [ 011]
tmp_186           (partselect  ) [ 000]
icmp_ln46_62      (icmp        ) [ 011]
tmp_188           (bitselect   ) [ 011]
trunc_ln46_29     (partselect  ) [ 000]
tmp_189           (bitselect   ) [ 000]
trunc_ln46_49     (trunc       ) [ 000]
icmp_ln46_63      (icmp        ) [ 000]
tmp_191           (bitselect   ) [ 000]
or_ln46_95        (or          ) [ 000]
and_ln46_61       (and         ) [ 000]
zext_ln46_31      (zext        ) [ 000]
add_ln46_31       (add         ) [ 011]
tmp_192           (partselect  ) [ 000]
icmp_ln46_64      (icmp        ) [ 011]
tmp_194           (bitselect   ) [ 011]
trunc_ln46_30     (partselect  ) [ 000]
tmp_195           (bitselect   ) [ 000]
trunc_ln46_50     (trunc       ) [ 000]
icmp_ln46_65      (icmp        ) [ 000]
tmp_197           (bitselect   ) [ 000]
or_ln46_98        (or          ) [ 000]
and_ln46_63       (and         ) [ 000]
zext_ln46_32      (zext        ) [ 000]
add_ln46_32       (add         ) [ 011]
tmp_198           (partselect  ) [ 000]
icmp_ln46_66      (icmp        ) [ 011]
tmp_200           (bitselect   ) [ 011]
trunc_ln46_31     (partselect  ) [ 000]
tmp_201           (bitselect   ) [ 000]
trunc_ln46_51     (trunc       ) [ 000]
icmp_ln46_67      (icmp        ) [ 000]
tmp_203           (bitselect   ) [ 000]
or_ln46_101       (or          ) [ 000]
and_ln46_65       (and         ) [ 000]
zext_ln46_33      (zext        ) [ 000]
add_ln46_33       (add         ) [ 011]
tmp_204           (partselect  ) [ 000]
icmp_ln46_68      (icmp        ) [ 011]
tmp_206           (bitselect   ) [ 011]
trunc_ln46_32     (partselect  ) [ 000]
tmp_207           (bitselect   ) [ 000]
trunc_ln46_52     (trunc       ) [ 000]
icmp_ln46_69      (icmp        ) [ 000]
tmp_209           (bitselect   ) [ 000]
or_ln46_104       (or          ) [ 000]
and_ln46_67       (and         ) [ 000]
zext_ln46_34      (zext        ) [ 000]
add_ln46_34       (add         ) [ 011]
tmp_210           (partselect  ) [ 000]
icmp_ln46_70      (icmp        ) [ 011]
tmp_212           (bitselect   ) [ 011]
trunc_ln46_33     (partselect  ) [ 000]
tmp_213           (bitselect   ) [ 000]
trunc_ln46_53     (trunc       ) [ 000]
icmp_ln46_71      (icmp        ) [ 000]
tmp_215           (bitselect   ) [ 000]
or_ln46_107       (or          ) [ 000]
and_ln46_69       (and         ) [ 000]
zext_ln46_35      (zext        ) [ 000]
add_ln46_35       (add         ) [ 011]
tmp_216           (partselect  ) [ 000]
icmp_ln46_72      (icmp        ) [ 011]
specpipeline_ln42 (specpipeline) [ 000]
icmp_ln45         (icmp        ) [ 000]
tmp_120           (bitselect   ) [ 000]
tmp_122           (bitselect   ) [ 000]
not_tmp_140       (xor         ) [ 000]
and_ln46_40       (or          ) [ 000]
empty             (and         ) [ 000]
or_ln46_60        (or          ) [ 000]
xor_ln46          (xor         ) [ 000]
or_ln46_61        (or          ) [ 000]
select_ln46       (select      ) [ 000]
select_ln46_60    (select      ) [ 000]
select_ln46_61    (select      ) [ 000]
res_0_0           (select      ) [ 000]
icmp_ln45_20      (icmp        ) [ 000]
tmp_125           (bitselect   ) [ 000]
tmp_127           (bitselect   ) [ 000]
not_tmp_147       (xor         ) [ 000]
and_ln46_42       (or          ) [ 000]
empty_30          (and         ) [ 000]
or_ln46_63        (or          ) [ 000]
xor_ln46_20       (xor         ) [ 000]
or_ln46_64        (or          ) [ 000]
select_ln46_62    (select      ) [ 000]
select_ln46_63    (select      ) [ 000]
select_ln46_64    (select      ) [ 000]
res_1_0           (select      ) [ 000]
icmp_ln45_21      (icmp        ) [ 000]
tmp_130           (bitselect   ) [ 000]
tmp_133           (bitselect   ) [ 000]
not_tmp_154       (xor         ) [ 000]
and_ln46_44       (or          ) [ 000]
empty_31          (and         ) [ 000]
or_ln46_66        (or          ) [ 000]
xor_ln46_21       (xor         ) [ 000]
or_ln46_67        (or          ) [ 000]
select_ln46_65    (select      ) [ 000]
select_ln46_66    (select      ) [ 000]
select_ln46_67    (select      ) [ 000]
res_2_0           (select      ) [ 000]
icmp_ln45_22      (icmp        ) [ 000]
tmp_136           (bitselect   ) [ 000]
tmp_139           (bitselect   ) [ 000]
not_tmp_161       (xor         ) [ 000]
and_ln46_46       (or          ) [ 000]
empty_32          (and         ) [ 000]
or_ln46_69        (or          ) [ 000]
xor_ln46_22       (xor         ) [ 000]
or_ln46_70        (or          ) [ 000]
select_ln46_68    (select      ) [ 000]
select_ln46_69    (select      ) [ 000]
select_ln46_70    (select      ) [ 000]
res_3_0           (select      ) [ 000]
icmp_ln45_23      (icmp        ) [ 000]
tmp_142           (bitselect   ) [ 000]
tmp_145           (bitselect   ) [ 000]
not_tmp_168       (xor         ) [ 000]
and_ln46_48       (or          ) [ 000]
empty_33          (and         ) [ 000]
or_ln46_72        (or          ) [ 000]
xor_ln46_23       (xor         ) [ 000]
or_ln46_73        (or          ) [ 000]
select_ln46_71    (select      ) [ 000]
select_ln46_72    (select      ) [ 000]
select_ln46_73    (select      ) [ 000]
res_4_0           (select      ) [ 000]
icmp_ln45_24      (icmp        ) [ 000]
tmp_148           (bitselect   ) [ 000]
tmp_151           (bitselect   ) [ 000]
not_tmp_175       (xor         ) [ 000]
and_ln46_50       (or          ) [ 000]
empty_34          (and         ) [ 000]
or_ln46_75        (or          ) [ 000]
xor_ln46_24       (xor         ) [ 000]
or_ln46_76        (or          ) [ 000]
select_ln46_74    (select      ) [ 000]
select_ln46_75    (select      ) [ 000]
select_ln46_76    (select      ) [ 000]
res_5_0           (select      ) [ 000]
icmp_ln45_25      (icmp        ) [ 000]
tmp_154           (bitselect   ) [ 000]
tmp_157           (bitselect   ) [ 000]
not_tmp_182       (xor         ) [ 000]
and_ln46_52       (or          ) [ 000]
empty_35          (and         ) [ 000]
or_ln46_78        (or          ) [ 000]
xor_ln46_25       (xor         ) [ 000]
or_ln46_79        (or          ) [ 000]
select_ln46_77    (select      ) [ 000]
select_ln46_78    (select      ) [ 000]
select_ln46_79    (select      ) [ 000]
res_6_0           (select      ) [ 000]
icmp_ln45_26      (icmp        ) [ 000]
tmp_160           (bitselect   ) [ 000]
tmp_163           (bitselect   ) [ 000]
not_tmp_189       (xor         ) [ 000]
and_ln46_54       (or          ) [ 000]
empty_36          (and         ) [ 000]
or_ln46_81        (or          ) [ 000]
xor_ln46_26       (xor         ) [ 000]
or_ln46_82        (or          ) [ 000]
select_ln46_80    (select      ) [ 000]
select_ln46_81    (select      ) [ 000]
select_ln46_82    (select      ) [ 000]
res_7_0           (select      ) [ 000]
icmp_ln45_27      (icmp        ) [ 000]
tmp_166           (bitselect   ) [ 000]
tmp_169           (bitselect   ) [ 000]
not_tmp_196       (xor         ) [ 000]
and_ln46_56       (or          ) [ 000]
empty_37          (and         ) [ 000]
or_ln46_84        (or          ) [ 000]
xor_ln46_27       (xor         ) [ 000]
or_ln46_85        (or          ) [ 000]
select_ln46_83    (select      ) [ 000]
select_ln46_84    (select      ) [ 000]
select_ln46_85    (select      ) [ 000]
res_8_0           (select      ) [ 000]
icmp_ln45_28      (icmp        ) [ 000]
tmp_172           (bitselect   ) [ 000]
tmp_175           (bitselect   ) [ 000]
not_tmp_203       (xor         ) [ 000]
and_ln46_58       (or          ) [ 000]
empty_38          (and         ) [ 000]
or_ln46_87        (or          ) [ 000]
xor_ln46_28       (xor         ) [ 000]
or_ln46_88        (or          ) [ 000]
select_ln46_86    (select      ) [ 000]
select_ln46_87    (select      ) [ 000]
select_ln46_88    (select      ) [ 000]
res_9_0           (select      ) [ 000]
icmp_ln45_29      (icmp        ) [ 000]
tmp_178           (bitselect   ) [ 000]
tmp_181           (bitselect   ) [ 000]
not_tmp_210       (xor         ) [ 000]
and_ln46_60       (or          ) [ 000]
empty_39          (and         ) [ 000]
or_ln46_90        (or          ) [ 000]
xor_ln46_29       (xor         ) [ 000]
or_ln46_91        (or          ) [ 000]
select_ln46_89    (select      ) [ 000]
select_ln46_90    (select      ) [ 000]
select_ln46_91    (select      ) [ 000]
res_10_0          (select      ) [ 000]
icmp_ln45_30      (icmp        ) [ 000]
tmp_184           (bitselect   ) [ 000]
tmp_187           (bitselect   ) [ 000]
not_tmp_217       (xor         ) [ 000]
and_ln46_62       (or          ) [ 000]
empty_40          (and         ) [ 000]
or_ln46_93        (or          ) [ 000]
xor_ln46_30       (xor         ) [ 000]
or_ln46_94        (or          ) [ 000]
select_ln46_92    (select      ) [ 000]
select_ln46_93    (select      ) [ 000]
select_ln46_94    (select      ) [ 000]
res_11_0          (select      ) [ 000]
icmp_ln45_31      (icmp        ) [ 000]
tmp_190           (bitselect   ) [ 000]
tmp_193           (bitselect   ) [ 000]
not_tmp_224       (xor         ) [ 000]
and_ln46_64       (or          ) [ 000]
empty_41          (and         ) [ 000]
or_ln46_96        (or          ) [ 000]
xor_ln46_31       (xor         ) [ 000]
or_ln46_97        (or          ) [ 000]
select_ln46_95    (select      ) [ 000]
select_ln46_96    (select      ) [ 000]
select_ln46_97    (select      ) [ 000]
res_12_0          (select      ) [ 000]
icmp_ln45_32      (icmp        ) [ 000]
tmp_196           (bitselect   ) [ 000]
tmp_199           (bitselect   ) [ 000]
not_tmp_231       (xor         ) [ 000]
and_ln46_66       (or          ) [ 000]
empty_42          (and         ) [ 000]
or_ln46_99        (or          ) [ 000]
xor_ln46_32       (xor         ) [ 000]
or_ln46_100       (or          ) [ 000]
select_ln46_98    (select      ) [ 000]
select_ln46_99    (select      ) [ 000]
select_ln46_100   (select      ) [ 000]
res_13_0          (select      ) [ 000]
icmp_ln45_33      (icmp        ) [ 000]
tmp_202           (bitselect   ) [ 000]
tmp_205           (bitselect   ) [ 000]
not_tmp_238       (xor         ) [ 000]
and_ln46_68       (or          ) [ 000]
empty_43          (and         ) [ 000]
or_ln46_102       (or          ) [ 000]
xor_ln46_33       (xor         ) [ 000]
or_ln46_103       (or          ) [ 000]
select_ln46_101   (select      ) [ 000]
select_ln46_102   (select      ) [ 000]
select_ln46_103   (select      ) [ 000]
res_1445_0        (select      ) [ 000]
icmp_ln45_34      (icmp        ) [ 000]
tmp_208           (bitselect   ) [ 000]
tmp_211           (bitselect   ) [ 000]
not_tmp_245       (xor         ) [ 000]
and_ln46_70       (or          ) [ 000]
empty_44          (and         ) [ 000]
or_ln46_105       (or          ) [ 000]
xor_ln46_34       (xor         ) [ 000]
or_ln46_106       (or          ) [ 000]
select_ln46_104   (select      ) [ 000]
select_ln46_105   (select      ) [ 000]
select_ln46_106   (select      ) [ 000]
res_15_0          (select      ) [ 000]
icmp_ln45_35      (icmp        ) [ 000]
tmp_214           (bitselect   ) [ 000]
tmp_217           (bitselect   ) [ 000]
not_tmp_252       (xor         ) [ 000]
and_ln46_72       (or          ) [ 000]
empty_45          (and         ) [ 000]
or_ln46_108       (or          ) [ 000]
xor_ln46_35       (xor         ) [ 000]
or_ln46_109       (or          ) [ 000]
select_ln46_107   (select      ) [ 000]
select_ln46_108   (select      ) [ 000]
select_ln46_109   (select      ) [ 000]
res_16_0          (select      ) [ 000]
mrv               (insertvalue ) [ 000]
mrv_1             (insertvalue ) [ 000]
mrv_2             (insertvalue ) [ 000]
mrv_3             (insertvalue ) [ 000]
mrv_4             (insertvalue ) [ 000]
mrv_5             (insertvalue ) [ 000]
mrv_6             (insertvalue ) [ 000]
mrv_7             (insertvalue ) [ 000]
mrv_8             (insertvalue ) [ 000]
mrv_9             (insertvalue ) [ 000]
mrv_10            (insertvalue ) [ 000]
mrv_11            (insertvalue ) [ 000]
mrv_12            (insertvalue ) [ 000]
mrv_13            (insertvalue ) [ 000]
mrv_14            (insertvalue ) [ 000]
mrv_15            (insertvalue ) [ 000]
mrv_16            (insertvalue ) [ 000]
ret_ln50          (ret         ) [ 000]
</LifeTime>

<model>

<comp_list>
<comp id="0" class="1000" name="data_0_val">
<pin_list>
<pin id="1" dir="1" index="0" bw="1" slack="0"/>
</pin_list>
<bind>
<StgValue><ssdm name="data_0_val"/></StgValue>
</bind>
</comp>

<comp id="2" class="1000" name="data_1_val">
<pin_list>
<pin id="3" dir="1" index="0" bw="1" slack="0"/>
</pin_list>
<bind>
<StgValue><ssdm name="data_1_val"/></StgValue>
</bind>
</comp>

<comp id="4" class="1000" name="data_2_val">
<pin_list>
<pin id="5" dir="1" index="0" bw="1" slack="0"/>
</pin_list>
<bind>
<StgValue><ssdm name="data_2_val"/></StgValue>
</bind>
</comp>

<comp id="6" class="1000" name="data_3_val">
<pin_list>
<pin id="7" dir="1" index="0" bw="1" slack="0"/>
</pin_list>
<bind>
<StgValue><ssdm name="data_3_val"/></StgValue>
</bind>
</comp>

<comp id="8" class="1000" name="data_4_val">
<pin_list>
<pin id="9" dir="1" index="0" bw="1" slack="0"/>
</pin_list>
<bind>
<StgValue><ssdm name="data_4_val"/></StgValue>
</bind>
</comp>

<comp id="10" class="1000" name="data_5_val">
<pin_list>
<pin id="11" dir="1" index="0" bw="1" slack="0"/>
</pin_list>
<bind>
<StgValue><ssdm name="data_5_val"/></StgValue>
</bind>
</comp>

<comp id="12" class="1000" name="data_6_val">
<pin_list>
<pin id="13" dir="1" index="0" bw="1" slack="0"/>
</pin_list>
<bind>
<StgValue><ssdm name="data_6_val"/></StgValue>
</bind>
</comp>

<comp id="14" class="1000" name="data_7_val">
<pin_list>
<pin id="15" dir="1" index="0" bw="1" slack="0"/>
</pin_list>
<bind>
<StgValue><ssdm name="data_7_val"/></StgValue>
</bind>
</comp>

<comp id="16" class="1000" name="data_8_val">
<pin_list>
<pin id="17" dir="1" index="0" bw="1" slack="0"/>
</pin_list>
<bind>
<StgValue><ssdm name="data_8_val"/></StgValue>
</bind>
</comp>

<comp id="18" class="1000" name="data_9_val">
<pin_list>
<pin id="19" dir="1" index="0" bw="1" slack="0"/>
</pin_list>
<bind>
<StgValue><ssdm name="data_9_val"/></StgValue>
</bind>
</comp>

<comp id="20" class="1000" name="data_10_val">
<pin_list>
<pin id="21" dir="1" index="0" bw="1" slack="0"/>
</pin_list>
<bind>
<StgValue><ssdm name="data_10_val"/></StgValue>
</bind>
</comp>

<comp id="22" class="1000" name="data_11_val">
<pin_list>
<pin id="23" dir="1" index="0" bw="1" slack="0"/>
</pin_list>
<bind>
<StgValue><ssdm name="data_11_val"/></StgValue>
</bind>
</comp>

<comp id="24" class="1000" name="data_12_val">
<pin_list>
<pin id="25" dir="1" index="0" bw="1" slack="0"/>
</pin_list>
<bind>
<StgValue><ssdm name="data_12_val"/></StgValue>
</bind>
</comp>

<comp id="26" class="1000" name="data_13_val">
<pin_list>
<pin id="27" dir="1" index="0" bw="1" slack="0"/>
</pin_list>
<bind>
<StgValue><ssdm name="data_13_val"/></StgValue>
</bind>
</comp>

<comp id="28" class="1000" name="data_14_val">
<pin_list>
<pin id="29" dir="1" index="0" bw="1" slack="0"/>
</pin_list>
<bind>
<StgValue><ssdm name="data_14_val"/></StgValue>
</bind>
</comp>

<comp id="30" class="1000" name="data_15_val">
<pin_list>
<pin id="31" dir="1" index="0" bw="1" slack="0"/>
</pin_list>
<bind>
<StgValue><ssdm name="data_15_val"/></StgValue>
</bind>
</comp>

<comp id="32" class="1000" name="data_16_val">
<pin_list>
<pin id="33" dir="1" index="0" bw="1" slack="0"/>
</pin_list>
<bind>
<StgValue><ssdm name="data_16_val"/></StgValue>
</bind>
</comp>

<comp id="34" class="1001" name="const_34">
<pin_list>
<pin id="35" dir="1" index="0" bw="1" slack="0"/>
</pin_list>
<bind>
<StgValue><ssdm name="_ssdm_op_Read.ap_auto.i16"/></StgValue>
</bind>
</comp>

<comp id="36" class="1001" name="const_36">
<pin_list>
<pin id="37" dir="1" index="0" bw="1" slack="0"/>
</pin_list>
<bind>
<StgValue><ssdm name="_ssdm_op_BitSelect.i1.i16.i32"/></StgValue>
</bind>
</comp>

<comp id="38" class="1001" name="const_38">
<pin_list>
<pin id="39" dir="1" index="0" bw="1" slack="0"/>
</pin_list>
<bind>
<StgValue><ssdm name=""/></StgValue>
</bind>
</comp>

<comp id="40" class="1001" name="const_40">
<pin_list>
<pin id="41" dir="1" index="0" bw="1" slack="0"/>
</pin_list>
<bind>
<StgValue><ssdm name="_ssdm_op_PartSelect.i2.i16.i32.i32"/></StgValue>
</bind>
</comp>

<comp id="42" class="1001" name="const_42">
<pin_list>
<pin id="43" dir="1" index="0" bw="1" slack="0"/>
</pin_list>
<bind>
<StgValue><ssdm name=""/></StgValue>
</bind>
</comp>

<comp id="44" class="1001" name="const_44">
<pin_list>
<pin id="45" dir="1" index="0" bw="1" slack="0"/>
</pin_list>
<bind>
<StgValue><ssdm name=""/></StgValue>
</bind>
</comp>

<comp id="46" class="1001" name="const_46">
<pin_list>
<pin id="47" dir="1" index="0" bw="1" slack="0"/>
</pin_list>
<bind>
<StgValue><ssdm name=""/></StgValue>
</bind>
</comp>

<comp id="48" class="1001" name="const_48">
<pin_list>
<pin id="49" dir="1" index="0" bw="1" slack="0"/>
</pin_list>
<bind>
<StgValue><ssdm name=""/></StgValue>
</bind>
</comp>

<comp id="50" class="1001" name="const_50">
<pin_list>
<pin id="51" dir="1" index="0" bw="1" slack="0"/>
</pin_list>
<bind>
<StgValue><ssdm name="_ssdm_op_PartSelect.i6.i16.i32.i32"/></StgValue>
</bind>
</comp>

<comp id="52" class="1001" name="const_52">
<pin_list>
<pin id="53" dir="1" index="0" bw="1" slack="0"/>
</pin_list>
<bind>
<StgValue><ssdm name=""/></StgValue>
</bind>
</comp>

<comp id="54" class="1001" name="const_54">
<pin_list>
<pin id="55" dir="1" index="0" bw="1" slack="0"/>
</pin_list>
<bind>
<StgValue><ssdm name=""/></StgValue>
</bind>
</comp>

<comp id="56" class="1001" name="const_56">
<pin_list>
<pin id="57" dir="1" index="0" bw="1" slack="2147483647"/>
</pin_list>
<bind>
<StgValue><ssdm name="_ssdm_op_SpecPipeline"/></StgValue>
</bind>
</comp>

<comp id="58" class="1001" name="const_58">
<pin_list>
<pin id="59" dir="1" index="0" bw="1" slack="2147483647"/>
</pin_list>
<bind>
<StgValue><ssdm name=""/></StgValue>
</bind>
</comp>

<comp id="60" class="1001" name="const_60">
<pin_list>
<pin id="61" dir="1" index="0" bw="1" slack="2147483647"/>
</pin_list>
<bind>
<StgValue><ssdm name=""/></StgValue>
</bind>
</comp>

<comp id="62" class="1001" name="const_62">
<pin_list>
<pin id="63" dir="1" index="0" bw="1" slack="2147483647"/>
</pin_list>
<bind>
<StgValue><ssdm name="empty_0"/></StgValue>
</bind>
</comp>

<comp id="64" class="1001" name="const_64">
<pin_list>
<pin id="65" dir="1" index="0" bw="1" slack="0"/>
</pin_list>
<bind>
<StgValue><ssdm name=""/></StgValue>
</bind>
</comp>

<comp id="66" class="1001" name="const_66">
<pin_list>
<pin id="67" dir="1" index="0" bw="1" slack="0"/>
</pin_list>
<bind>
<StgValue><ssdm name="_ssdm_op_BitSelect.i1.i2.i32"/></StgValue>
</bind>
</comp>

<comp id="68" class="1001" name="const_68">
<pin_list>
<pin id="69" dir="1" index="0" bw="1" slack="0"/>
</pin_list>
<bind>
<StgValue><ssdm name=""/></StgValue>
</bind>
</comp>

<comp id="70" class="1001" name="const_70">
<pin_list>
<pin id="71" dir="1" index="0" bw="1" slack="0"/>
</pin_list>
<bind>
<StgValue><ssdm name=""/></StgValue>
</bind>
</comp>

<comp id="72" class="1001" name="const_72">
<pin_list>
<pin id="73" dir="1" index="0" bw="1" slack="0"/>
</pin_list>
<bind>
<StgValue><ssdm name=""/></StgValue>
</bind>
</comp>

<comp id="74" class="1001" name="const_74">
<pin_list>
<pin id="75" dir="1" index="0" bw="1" slack="0"/>
</pin_list>
<bind>
<StgValue><ssdm name=""/></StgValue>
</bind>
</comp>

<comp id="76" class="1001" name="const_76">
<pin_list>
<pin id="77" dir="1" index="0" bw="1" slack="0"/>
</pin_list>
<bind>
<StgValue><ssdm name=""/></StgValue>
</bind>
</comp>

<comp id="78" class="1004" name="data_16_val_read_read_fu_78">
<pin_list>
<pin id="79" dir="0" index="0" bw="16" slack="0"/>
<pin id="80" dir="0" index="1" bw="16" slack="0"/>
<pin id="81" dir="1" index="2" bw="16" slack="0"/>
</pin_list>
<bind>
<opcode="read(1150) " fcode="read"/>
<opset="data_16_val_read/1 "/>
</bind>
</comp>

<comp id="84" class="1004" name="data_15_val_read_read_fu_84">
<pin_list>
<pin id="85" dir="0" index="0" bw="16" slack="0"/>
<pin id="86" dir="0" index="1" bw="16" slack="0"/>
<pin id="87" dir="1" index="2" bw="16" slack="0"/>
</pin_list>
<bind>
<opcode="read(1150) " fcode="read"/>
<opset="data_15_val_read/1 "/>
</bind>
</comp>

<comp id="90" class="1004" name="data_14_val_read_read_fu_90">
<pin_list>
<pin id="91" dir="0" index="0" bw="16" slack="0"/>
<pin id="92" dir="0" index="1" bw="16" slack="0"/>
<pin id="93" dir="1" index="2" bw="16" slack="0"/>
</pin_list>
<bind>
<opcode="read(1150) " fcode="read"/>
<opset="data_14_val_read/1 "/>
</bind>
</comp>

<comp id="96" class="1004" name="data_13_val_read_read_fu_96">
<pin_list>
<pin id="97" dir="0" index="0" bw="16" slack="0"/>
<pin id="98" dir="0" index="1" bw="16" slack="0"/>
<pin id="99" dir="1" index="2" bw="16" slack="0"/>
</pin_list>
<bind>
<opcode="read(1150) " fcode="read"/>
<opset="data_13_val_read/1 "/>
</bind>
</comp>

<comp id="102" class="1004" name="data_12_val_read_read_fu_102">
<pin_list>
<pin id="103" dir="0" index="0" bw="16" slack="0"/>
<pin id="104" dir="0" index="1" bw="16" slack="0"/>
<pin id="105" dir="1" index="2" bw="16" slack="0"/>
</pin_list>
<bind>
<opcode="read(1150) " fcode="read"/>
<opset="data_12_val_read/1 "/>
</bind>
</comp>

<comp id="108" class="1004" name="data_11_val_read_read_fu_108">
<pin_list>
<pin id="109" dir="0" index="0" bw="16" slack="0"/>
<pin id="110" dir="0" index="1" bw="16" slack="0"/>
<pin id="111" dir="1" index="2" bw="16" slack="0"/>
</pin_list>
<bind>
<opcode="read(1150) " fcode="read"/>
<opset="data_11_val_read/1 "/>
</bind>
</comp>

<comp id="114" class="1004" name="data_10_val_read_read_fu_114">
<pin_list>
<pin id="115" dir="0" index="0" bw="16" slack="0"/>
<pin id="116" dir="0" index="1" bw="16" slack="0"/>
<pin id="117" dir="1" index="2" bw="16" slack="0"/>
</pin_list>
<bind>
<opcode="read(1150) " fcode="read"/>
<opset="data_10_val_read/1 "/>
</bind>
</comp>

<comp id="120" class="1004" name="data_9_val_read_read_fu_120">
<pin_list>
<pin id="121" dir="0" index="0" bw="16" slack="0"/>
<pin id="122" dir="0" index="1" bw="16" slack="0"/>
<pin id="123" dir="1" index="2" bw="16" slack="0"/>
</pin_list>
<bind>
<opcode="read(1150) " fcode="read"/>
<opset="data_9_val_read/1 "/>
</bind>
</comp>

<comp id="126" class="1004" name="data_8_val_read_read_fu_126">
<pin_list>
<pin id="127" dir="0" index="0" bw="16" slack="0"/>
<pin id="128" dir="0" index="1" bw="16" slack="0"/>
<pin id="129" dir="1" index="2" bw="16" slack="0"/>
</pin_list>
<bind>
<opcode="read(1150) " fcode="read"/>
<opset="data_8_val_read/1 "/>
</bind>
</comp>

<comp id="132" class="1004" name="data_7_val_read_read_fu_132">
<pin_list>
<pin id="133" dir="0" index="0" bw="16" slack="0"/>
<pin id="134" dir="0" index="1" bw="16" slack="0"/>
<pin id="135" dir="1" index="2" bw="16" slack="0"/>
</pin_list>
<bind>
<opcode="read(1150) " fcode="read"/>
<opset="data_7_val_read/1 "/>
</bind>
</comp>

<comp id="138" class="1004" name="data_6_val_read_read_fu_138">
<pin_list>
<pin id="139" dir="0" index="0" bw="16" slack="0"/>
<pin id="140" dir="0" index="1" bw="16" slack="0"/>
<pin id="141" dir="1" index="2" bw="16" slack="0"/>
</pin_list>
<bind>
<opcode="read(1150) " fcode="read"/>
<opset="data_6_val_read/1 "/>
</bind>
</comp>

<comp id="144" class="1004" name="data_5_val_read_read_fu_144">
<pin_list>
<pin id="145" dir="0" index="0" bw="16" slack="0"/>
<pin id="146" dir="0" index="1" bw="16" slack="0"/>
<pin id="147" dir="1" index="2" bw="16" slack="0"/>
</pin_list>
<bind>
<opcode="read(1150) " fcode="read"/>
<opset="data_5_val_read/1 "/>
</bind>
</comp>

<comp id="150" class="1004" name="data_4_val_read_read_fu_150">
<pin_list>
<pin id="151" dir="0" index="0" bw="16" slack="0"/>
<pin id="152" dir="0" index="1" bw="16" slack="0"/>
<pin id="153" dir="1" index="2" bw="16" slack="0"/>
</pin_list>
<bind>
<opcode="read(1150) " fcode="read"/>
<opset="data_4_val_read/1 "/>
</bind>
</comp>

<comp id="156" class="1004" name="data_3_val_read_read_fu_156">
<pin_list>
<pin id="157" dir="0" index="0" bw="16" slack="0"/>
<pin id="158" dir="0" index="1" bw="16" slack="0"/>
<pin id="159" dir="1" index="2" bw="16" slack="0"/>
</pin_list>
<bind>
<opcode="read(1150) " fcode="read"/>
<opset="data_3_val_read/1 "/>
</bind>
</comp>

<comp id="162" class="1004" name="data_2_val_read_read_fu_162">
<pin_list>
<pin id="163" dir="0" index="0" bw="16" slack="0"/>
<pin id="164" dir="0" index="1" bw="16" slack="0"/>
<pin id="165" dir="1" index="2" bw="16" slack="0"/>
</pin_list>
<bind>
<opcode="read(1150) " fcode="read"/>
<opset="data_2_val_read/1 "/>
</bind>
</comp>

<comp id="168" class="1004" name="data_1_val_read_read_fu_168">
<pin_list>
<pin id="169" dir="0" index="0" bw="16" slack="0"/>
<pin id="170" dir="0" index="1" bw="16" slack="0"/>
<pin id="171" dir="1" index="2" bw="16" slack="0"/>
</pin_list>
<bind>
<opcode="read(1150) " fcode="read"/>
<opset="data_1_val_read/1 "/>
</bind>
</comp>

<comp id="174" class="1004" name="data_0_val_read_read_fu_174">
<pin_list>
<pin id="175" dir="0" index="0" bw="16" slack="0"/>
<pin id="176" dir="0" index="1" bw="16" slack="0"/>
<pin id="177" dir="1" index="2" bw="16" slack="0"/>
</pin_list>
<bind>
<opcode="read(1150) " fcode="read"/>
<opset="data_0_val_read/1 "/>
</bind>
</comp>

<comp id="180" class="1004" name="tmp_fu_180">
<pin_list>
<pin id="181" dir="0" index="0" bw="1" slack="0"/>
<pin id="182" dir="0" index="1" bw="16" slack="0"/>
<pin id="183" dir="0" index="2" bw="5" slack="0"/>
<pin id="184" dir="1" index="3" bw="1" slack="1"/>
</pin_list>
<bind>
<opcode="bitselect(1000) " fcode="bitselect"/>
<opset="tmp/1 "/>
</bind>
</comp>

<comp id="188" class="1004" name="trunc_ln_fu_188">
<pin_list>
<pin id="189" dir="0" index="0" bw="2" slack="0"/>
<pin id="190" dir="0" index="1" bw="16" slack="0"/>
<pin id="191" dir="0" index="2" bw="5" slack="0"/>
<pin id="192" dir="0" index="3" bw="5" slack="0"/>
<pin id="193" dir="1" index="4" bw="2" slack="0"/>
</pin_list>
<bind>
<opcode="partselect(1002) " fcode="partselect"/>
<opset="trunc_ln/1 "/>
</bind>
</comp>

<comp id="198" class="1004" name="tmp_119_fu_198">
<pin_list>
<pin id="199" dir="0" index="0" bw="1" slack="0"/>
<pin id="200" dir="0" index="1" bw="16" slack="0"/>
<pin id="201" dir="0" index="2" bw="4" slack="0"/>
<pin id="202" dir="1" index="3" bw="1" slack="0"/>
</pin_list>
<bind>
<opcode="bitselect(1000) " fcode="bitselect"/>
<opset="tmp_119/1 "/>
</bind>
</comp>

<comp id="206" class="1004" name="trunc_ln46_fu_206">
<pin_list>
<pin id="207" dir="0" index="0" bw="16" slack="0"/>
<pin id="208" dir="1" index="1" bw="7" slack="0"/>
</pin_list>
<bind>
<opcode="trunc(33) " fcode="trunc"/>
<opset="trunc_ln46/1 "/>
</bind>
</comp>

<comp id="210" class="1004" name="icmp_ln46_fu_210">
<pin_list>
<pin id="211" dir="0" index="0" bw="7" slack="0"/>
<pin id="212" dir="0" index="1" bw="1" slack="0"/>
<pin id="213" dir="1" index="2" bw="1" slack="0"/>
</pin_list>
<bind>
<opcode="icmp(45) " fcode="icmp"/>
<opset="icmp_ln46/1 "/>
</bind>
</comp>

<comp id="216" class="1004" name="tmp_121_fu_216">
<pin_list>
<pin id="217" dir="0" index="0" bw="1" slack="0"/>
<pin id="218" dir="0" index="1" bw="16" slack="0"/>
<pin id="219" dir="0" index="2" bw="5" slack="0"/>
<pin id="220" dir="1" index="3" bw="1" slack="0"/>
</pin_list>
<bind>
<opcode="bitselect(1000) " fcode="bitselect"/>
<opset="tmp_121/1 "/>
</bind>
</comp>

<comp id="224" class="1004" name="or_ln46_fu_224">
<pin_list>
<pin id="225" dir="0" index="0" bw="1" slack="0"/>
<pin id="226" dir="0" index="1" bw="1" slack="0"/>
<pin id="227" dir="1" index="2" bw="1" slack="0"/>
</pin_list>
<bind>
<opcode="or(24) " fcode="or"/>
<opset="or_ln46/1 "/>
</bind>
</comp>

<comp id="230" class="1004" name="and_ln46_fu_230">
<pin_list>
<pin id="231" dir="0" index="0" bw="1" slack="0"/>
<pin id="232" dir="0" index="1" bw="1" slack="0"/>
<pin id="233" dir="1" index="2" bw="1" slack="0"/>
</pin_list>
<bind>
<opcode="and(23) " fcode="and"/>
<opset="and_ln46/1 "/>
</bind>
</comp>

<comp id="236" class="1004" name="zext_ln46_fu_236">
<pin_list>
<pin id="237" dir="0" index="0" bw="1" slack="0"/>
<pin id="238" dir="1" index="1" bw="2" slack="0"/>
</pin_list>
<bind>
<opcode="zext(34) " fcode="zext"/>
<opset="zext_ln46/1 "/>
</bind>
</comp>

<comp id="240" class="1004" name="add_ln46_fu_240">
<pin_list>
<pin id="241" dir="0" index="0" bw="2" slack="0"/>
<pin id="242" dir="0" index="1" bw="1" slack="0"/>
<pin id="243" dir="1" index="2" bw="2" slack="1"/>
</pin_list>
<bind>
<opcode="add(8) " fcode="add"/>
<opset="add_ln46/1 "/>
</bind>
</comp>

<comp id="246" class="1004" name="tmp_s_fu_246">
<pin_list>
<pin id="247" dir="0" index="0" bw="6" slack="0"/>
<pin id="248" dir="0" index="1" bw="16" slack="0"/>
<pin id="249" dir="0" index="2" bw="5" slack="0"/>
<pin id="250" dir="0" index="3" bw="5" slack="0"/>
<pin id="251" dir="1" index="4" bw="6" slack="0"/>
</pin_list>
<bind>
<opcode="partselect(1002) " fcode="partselect"/>
<opset="tmp_s/1 "/>
</bind>
</comp>

<comp id="256" class="1004" name="icmp_ln46_40_fu_256">
<pin_list>
<pin id="257" dir="0" index="0" bw="6" slack="0"/>
<pin id="258" dir="0" index="1" bw="1" slack="0"/>
<pin id="259" dir="1" index="2" bw="1" slack="1"/>
</pin_list>
<bind>
<opcode="icmp(45) " fcode="icmp"/>
<opset="icmp_ln46_40/1 "/>
</bind>
</comp>

<comp id="262" class="1004" name="tmp_123_fu_262">
<pin_list>
<pin id="263" dir="0" index="0" bw="1" slack="0"/>
<pin id="264" dir="0" index="1" bw="16" slack="0"/>
<pin id="265" dir="0" index="2" bw="5" slack="0"/>
<pin id="266" dir="1" index="3" bw="1" slack="1"/>
</pin_list>
<bind>
<opcode="bitselect(1000) " fcode="bitselect"/>
<opset="tmp_123/1 "/>
</bind>
</comp>

<comp id="270" class="1004" name="trunc_ln46_s_fu_270">
<pin_list>
<pin id="271" dir="0" index="0" bw="2" slack="0"/>
<pin id="272" dir="0" index="1" bw="16" slack="0"/>
<pin id="273" dir="0" index="2" bw="5" slack="0"/>
<pin id="274" dir="0" index="3" bw="5" slack="0"/>
<pin id="275" dir="1" index="4" bw="2" slack="0"/>
</pin_list>
<bind>
<opcode="partselect(1002) " fcode="partselect"/>
<opset="trunc_ln46_s/1 "/>
</bind>
</comp>

<comp id="280" class="1004" name="tmp_124_fu_280">
<pin_list>
<pin id="281" dir="0" index="0" bw="1" slack="0"/>
<pin id="282" dir="0" index="1" bw="16" slack="0"/>
<pin id="283" dir="0" index="2" bw="4" slack="0"/>
<pin id="284" dir="1" index="3" bw="1" slack="0"/>
</pin_list>
<bind>
<opcode="bitselect(1000) " fcode="bitselect"/>
<opset="tmp_124/1 "/>
</bind>
</comp>

<comp id="288" class="1004" name="trunc_ln46_38_fu_288">
<pin_list>
<pin id="289" dir="0" index="0" bw="16" slack="0"/>
<pin id="290" dir="1" index="1" bw="7" slack="0"/>
</pin_list>
<bind>
<opcode="trunc(33) " fcode="trunc"/>
<opset="trunc_ln46_38/1 "/>
</bind>
</comp>

<comp id="292" class="1004" name="icmp_ln46_41_fu_292">
<pin_list>
<pin id="293" dir="0" index="0" bw="7" slack="0"/>
<pin id="294" dir="0" index="1" bw="1" slack="0"/>
<pin id="295" dir="1" index="2" bw="1" slack="0"/>
</pin_list>
<bind>
<opcode="icmp(45) " fcode="icmp"/>
<opset="icmp_ln46_41/1 "/>
</bind>
</comp>

<comp id="298" class="1004" name="tmp_126_fu_298">
<pin_list>
<pin id="299" dir="0" index="0" bw="1" slack="0"/>
<pin id="300" dir="0" index="1" bw="16" slack="0"/>
<pin id="301" dir="0" index="2" bw="5" slack="0"/>
<pin id="302" dir="1" index="3" bw="1" slack="0"/>
</pin_list>
<bind>
<opcode="bitselect(1000) " fcode="bitselect"/>
<opset="tmp_126/1 "/>
</bind>
</comp>

<comp id="306" class="1004" name="or_ln46_62_fu_306">
<pin_list>
<pin id="307" dir="0" index="0" bw="1" slack="0"/>
<pin id="308" dir="0" index="1" bw="1" slack="0"/>
<pin id="309" dir="1" index="2" bw="1" slack="0"/>
</pin_list>
<bind>
<opcode="or(24) " fcode="or"/>
<opset="or_ln46_62/1 "/>
</bind>
</comp>

<comp id="312" class="1004" name="and_ln46_39_fu_312">
<pin_list>
<pin id="313" dir="0" index="0" bw="1" slack="0"/>
<pin id="314" dir="0" index="1" bw="1" slack="0"/>
<pin id="315" dir="1" index="2" bw="1" slack="0"/>
</pin_list>
<bind>
<opcode="and(23) " fcode="and"/>
<opset="and_ln46_39/1 "/>
</bind>
</comp>

<comp id="318" class="1004" name="zext_ln46_20_fu_318">
<pin_list>
<pin id="319" dir="0" index="0" bw="1" slack="0"/>
<pin id="320" dir="1" index="1" bw="2" slack="0"/>
</pin_list>
<bind>
<opcode="zext(34) " fcode="zext"/>
<opset="zext_ln46_20/1 "/>
</bind>
</comp>

<comp id="322" class="1004" name="add_ln46_20_fu_322">
<pin_list>
<pin id="323" dir="0" index="0" bw="2" slack="0"/>
<pin id="324" dir="0" index="1" bw="1" slack="0"/>
<pin id="325" dir="1" index="2" bw="2" slack="1"/>
</pin_list>
<bind>
<opcode="add(8) " fcode="add"/>
<opset="add_ln46_20/1 "/>
</bind>
</comp>

<comp id="328" class="1004" name="tmp_118_fu_328">
<pin_list>
<pin id="329" dir="0" index="0" bw="6" slack="0"/>
<pin id="330" dir="0" index="1" bw="16" slack="0"/>
<pin id="331" dir="0" index="2" bw="5" slack="0"/>
<pin id="332" dir="0" index="3" bw="5" slack="0"/>
<pin id="333" dir="1" index="4" bw="6" slack="0"/>
</pin_list>
<bind>
<opcode="partselect(1002) " fcode="partselect"/>
<opset="tmp_118/1 "/>
</bind>
</comp>

<comp id="338" class="1004" name="icmp_ln46_42_fu_338">
<pin_list>
<pin id="339" dir="0" index="0" bw="6" slack="0"/>
<pin id="340" dir="0" index="1" bw="1" slack="0"/>
<pin id="341" dir="1" index="2" bw="1" slack="1"/>
</pin_list>
<bind>
<opcode="icmp(45) " fcode="icmp"/>
<opset="icmp_ln46_42/1 "/>
</bind>
</comp>

<comp id="344" class="1004" name="tmp_128_fu_344">
<pin_list>
<pin id="345" dir="0" index="0" bw="1" slack="0"/>
<pin id="346" dir="0" index="1" bw="16" slack="0"/>
<pin id="347" dir="0" index="2" bw="5" slack="0"/>
<pin id="348" dir="1" index="3" bw="1" slack="1"/>
</pin_list>
<bind>
<opcode="bitselect(1000) " fcode="bitselect"/>
<opset="tmp_128/1 "/>
</bind>
</comp>

<comp id="352" class="1004" name="trunc_ln46_19_fu_352">
<pin_list>
<pin id="353" dir="0" index="0" bw="2" slack="0"/>
<pin id="354" dir="0" index="1" bw="16" slack="0"/>
<pin id="355" dir="0" index="2" bw="5" slack="0"/>
<pin id="356" dir="0" index="3" bw="5" slack="0"/>
<pin id="357" dir="1" index="4" bw="2" slack="0"/>
</pin_list>
<bind>
<opcode="partselect(1002) " fcode="partselect"/>
<opset="trunc_ln46_19/1 "/>
</bind>
</comp>

<comp id="362" class="1004" name="tmp_129_fu_362">
<pin_list>
<pin id="363" dir="0" index="0" bw="1" slack="0"/>
<pin id="364" dir="0" index="1" bw="16" slack="0"/>
<pin id="365" dir="0" index="2" bw="4" slack="0"/>
<pin id="366" dir="1" index="3" bw="1" slack="0"/>
</pin_list>
<bind>
<opcode="bitselect(1000) " fcode="bitselect"/>
<opset="tmp_129/1 "/>
</bind>
</comp>

<comp id="370" class="1004" name="trunc_ln46_39_fu_370">
<pin_list>
<pin id="371" dir="0" index="0" bw="16" slack="0"/>
<pin id="372" dir="1" index="1" bw="7" slack="0"/>
</pin_list>
<bind>
<opcode="trunc(33) " fcode="trunc"/>
<opset="trunc_ln46_39/1 "/>
</bind>
</comp>

<comp id="374" class="1004" name="icmp_ln46_43_fu_374">
<pin_list>
<pin id="375" dir="0" index="0" bw="7" slack="0"/>
<pin id="376" dir="0" index="1" bw="1" slack="0"/>
<pin id="377" dir="1" index="2" bw="1" slack="0"/>
</pin_list>
<bind>
<opcode="icmp(45) " fcode="icmp"/>
<opset="icmp_ln46_43/1 "/>
</bind>
</comp>

<comp id="380" class="1004" name="tmp_131_fu_380">
<pin_list>
<pin id="381" dir="0" index="0" bw="1" slack="0"/>
<pin id="382" dir="0" index="1" bw="16" slack="0"/>
<pin id="383" dir="0" index="2" bw="5" slack="0"/>
<pin id="384" dir="1" index="3" bw="1" slack="0"/>
</pin_list>
<bind>
<opcode="bitselect(1000) " fcode="bitselect"/>
<opset="tmp_131/1 "/>
</bind>
</comp>

<comp id="388" class="1004" name="or_ln46_65_fu_388">
<pin_list>
<pin id="389" dir="0" index="0" bw="1" slack="0"/>
<pin id="390" dir="0" index="1" bw="1" slack="0"/>
<pin id="391" dir="1" index="2" bw="1" slack="0"/>
</pin_list>
<bind>
<opcode="or(24) " fcode="or"/>
<opset="or_ln46_65/1 "/>
</bind>
</comp>

<comp id="394" class="1004" name="and_ln46_41_fu_394">
<pin_list>
<pin id="395" dir="0" index="0" bw="1" slack="0"/>
<pin id="396" dir="0" index="1" bw="1" slack="0"/>
<pin id="397" dir="1" index="2" bw="1" slack="0"/>
</pin_list>
<bind>
<opcode="and(23) " fcode="and"/>
<opset="and_ln46_41/1 "/>
</bind>
</comp>

<comp id="400" class="1004" name="zext_ln46_21_fu_400">
<pin_list>
<pin id="401" dir="0" index="0" bw="1" slack="0"/>
<pin id="402" dir="1" index="1" bw="2" slack="0"/>
</pin_list>
<bind>
<opcode="zext(34) " fcode="zext"/>
<opset="zext_ln46_21/1 "/>
</bind>
</comp>

<comp id="404" class="1004" name="add_ln46_21_fu_404">
<pin_list>
<pin id="405" dir="0" index="0" bw="2" slack="0"/>
<pin id="406" dir="0" index="1" bw="1" slack="0"/>
<pin id="407" dir="1" index="2" bw="2" slack="1"/>
</pin_list>
<bind>
<opcode="add(8) " fcode="add"/>
<opset="add_ln46_21/1 "/>
</bind>
</comp>

<comp id="410" class="1004" name="tmp_132_fu_410">
<pin_list>
<pin id="411" dir="0" index="0" bw="6" slack="0"/>
<pin id="412" dir="0" index="1" bw="16" slack="0"/>
<pin id="413" dir="0" index="2" bw="5" slack="0"/>
<pin id="414" dir="0" index="3" bw="5" slack="0"/>
<pin id="415" dir="1" index="4" bw="6" slack="0"/>
</pin_list>
<bind>
<opcode="partselect(1002) " fcode="partselect"/>
<opset="tmp_132/1 "/>
</bind>
</comp>

<comp id="420" class="1004" name="icmp_ln46_44_fu_420">
<pin_list>
<pin id="421" dir="0" index="0" bw="6" slack="0"/>
<pin id="422" dir="0" index="1" bw="1" slack="0"/>
<pin id="423" dir="1" index="2" bw="1" slack="1"/>
</pin_list>
<bind>
<opcode="icmp(45) " fcode="icmp"/>
<opset="icmp_ln46_44/1 "/>
</bind>
</comp>

<comp id="426" class="1004" name="tmp_134_fu_426">
<pin_list>
<pin id="427" dir="0" index="0" bw="1" slack="0"/>
<pin id="428" dir="0" index="1" bw="16" slack="0"/>
<pin id="429" dir="0" index="2" bw="5" slack="0"/>
<pin id="430" dir="1" index="3" bw="1" slack="1"/>
</pin_list>
<bind>
<opcode="bitselect(1000) " fcode="bitselect"/>
<opset="tmp_134/1 "/>
</bind>
</comp>

<comp id="434" class="1004" name="trunc_ln46_20_fu_434">
<pin_list>
<pin id="435" dir="0" index="0" bw="2" slack="0"/>
<pin id="436" dir="0" index="1" bw="16" slack="0"/>
<pin id="437" dir="0" index="2" bw="5" slack="0"/>
<pin id="438" dir="0" index="3" bw="5" slack="0"/>
<pin id="439" dir="1" index="4" bw="2" slack="0"/>
</pin_list>
<bind>
<opcode="partselect(1002) " fcode="partselect"/>
<opset="trunc_ln46_20/1 "/>
</bind>
</comp>

<comp id="444" class="1004" name="tmp_135_fu_444">
<pin_list>
<pin id="445" dir="0" index="0" bw="1" slack="0"/>
<pin id="446" dir="0" index="1" bw="16" slack="0"/>
<pin id="447" dir="0" index="2" bw="4" slack="0"/>
<pin id="448" dir="1" index="3" bw="1" slack="0"/>
</pin_list>
<bind>
<opcode="bitselect(1000) " fcode="bitselect"/>
<opset="tmp_135/1 "/>
</bind>
</comp>

<comp id="452" class="1004" name="trunc_ln46_40_fu_452">
<pin_list>
<pin id="453" dir="0" index="0" bw="16" slack="0"/>
<pin id="454" dir="1" index="1" bw="7" slack="0"/>
</pin_list>
<bind>
<opcode="trunc(33) " fcode="trunc"/>
<opset="trunc_ln46_40/1 "/>
</bind>
</comp>

<comp id="456" class="1004" name="icmp_ln46_45_fu_456">
<pin_list>
<pin id="457" dir="0" index="0" bw="7" slack="0"/>
<pin id="458" dir="0" index="1" bw="1" slack="0"/>
<pin id="459" dir="1" index="2" bw="1" slack="0"/>
</pin_list>
<bind>
<opcode="icmp(45) " fcode="icmp"/>
<opset="icmp_ln46_45/1 "/>
</bind>
</comp>

<comp id="462" class="1004" name="tmp_137_fu_462">
<pin_list>
<pin id="463" dir="0" index="0" bw="1" slack="0"/>
<pin id="464" dir="0" index="1" bw="16" slack="0"/>
<pin id="465" dir="0" index="2" bw="5" slack="0"/>
<pin id="466" dir="1" index="3" bw="1" slack="0"/>
</pin_list>
<bind>
<opcode="bitselect(1000) " fcode="bitselect"/>
<opset="tmp_137/1 "/>
</bind>
</comp>

<comp id="470" class="1004" name="or_ln46_68_fu_470">
<pin_list>
<pin id="471" dir="0" index="0" bw="1" slack="0"/>
<pin id="472" dir="0" index="1" bw="1" slack="0"/>
<pin id="473" dir="1" index="2" bw="1" slack="0"/>
</pin_list>
<bind>
<opcode="or(24) " fcode="or"/>
<opset="or_ln46_68/1 "/>
</bind>
</comp>

<comp id="476" class="1004" name="and_ln46_43_fu_476">
<pin_list>
<pin id="477" dir="0" index="0" bw="1" slack="0"/>
<pin id="478" dir="0" index="1" bw="1" slack="0"/>
<pin id="479" dir="1" index="2" bw="1" slack="0"/>
</pin_list>
<bind>
<opcode="and(23) " fcode="and"/>
<opset="and_ln46_43/1 "/>
</bind>
</comp>

<comp id="482" class="1004" name="zext_ln46_22_fu_482">
<pin_list>
<pin id="483" dir="0" index="0" bw="1" slack="0"/>
<pin id="484" dir="1" index="1" bw="2" slack="0"/>
</pin_list>
<bind>
<opcode="zext(34) " fcode="zext"/>
<opset="zext_ln46_22/1 "/>
</bind>
</comp>

<comp id="486" class="1004" name="add_ln46_22_fu_486">
<pin_list>
<pin id="487" dir="0" index="0" bw="2" slack="0"/>
<pin id="488" dir="0" index="1" bw="1" slack="0"/>
<pin id="489" dir="1" index="2" bw="2" slack="1"/>
</pin_list>
<bind>
<opcode="add(8) " fcode="add"/>
<opset="add_ln46_22/1 "/>
</bind>
</comp>

<comp id="492" class="1004" name="tmp_138_fu_492">
<pin_list>
<pin id="493" dir="0" index="0" bw="6" slack="0"/>
<pin id="494" dir="0" index="1" bw="16" slack="0"/>
<pin id="495" dir="0" index="2" bw="5" slack="0"/>
<pin id="496" dir="0" index="3" bw="5" slack="0"/>
<pin id="497" dir="1" index="4" bw="6" slack="0"/>
</pin_list>
<bind>
<opcode="partselect(1002) " fcode="partselect"/>
<opset="tmp_138/1 "/>
</bind>
</comp>

<comp id="502" class="1004" name="icmp_ln46_46_fu_502">
<pin_list>
<pin id="503" dir="0" index="0" bw="6" slack="0"/>
<pin id="504" dir="0" index="1" bw="1" slack="0"/>
<pin id="505" dir="1" index="2" bw="1" slack="1"/>
</pin_list>
<bind>
<opcode="icmp(45) " fcode="icmp"/>
<opset="icmp_ln46_46/1 "/>
</bind>
</comp>

<comp id="508" class="1004" name="tmp_140_fu_508">
<pin_list>
<pin id="509" dir="0" index="0" bw="1" slack="0"/>
<pin id="510" dir="0" index="1" bw="16" slack="0"/>
<pin id="511" dir="0" index="2" bw="5" slack="0"/>
<pin id="512" dir="1" index="3" bw="1" slack="1"/>
</pin_list>
<bind>
<opcode="bitselect(1000) " fcode="bitselect"/>
<opset="tmp_140/1 "/>
</bind>
</comp>

<comp id="516" class="1004" name="trunc_ln46_21_fu_516">
<pin_list>
<pin id="517" dir="0" index="0" bw="2" slack="0"/>
<pin id="518" dir="0" index="1" bw="16" slack="0"/>
<pin id="519" dir="0" index="2" bw="5" slack="0"/>
<pin id="520" dir="0" index="3" bw="5" slack="0"/>
<pin id="521" dir="1" index="4" bw="2" slack="0"/>
</pin_list>
<bind>
<opcode="partselect(1002) " fcode="partselect"/>
<opset="trunc_ln46_21/1 "/>
</bind>
</comp>

<comp id="526" class="1004" name="tmp_141_fu_526">
<pin_list>
<pin id="527" dir="0" index="0" bw="1" slack="0"/>
<pin id="528" dir="0" index="1" bw="16" slack="0"/>
<pin id="529" dir="0" index="2" bw="4" slack="0"/>
<pin id="530" dir="1" index="3" bw="1" slack="0"/>
</pin_list>
<bind>
<opcode="bitselect(1000) " fcode="bitselect"/>
<opset="tmp_141/1 "/>
</bind>
</comp>

<comp id="534" class="1004" name="trunc_ln46_41_fu_534">
<pin_list>
<pin id="535" dir="0" index="0" bw="16" slack="0"/>
<pin id="536" dir="1" index="1" bw="7" slack="0"/>
</pin_list>
<bind>
<opcode="trunc(33) " fcode="trunc"/>
<opset="trunc_ln46_41/1 "/>
</bind>
</comp>

<comp id="538" class="1004" name="icmp_ln46_47_fu_538">
<pin_list>
<pin id="539" dir="0" index="0" bw="7" slack="0"/>
<pin id="540" dir="0" index="1" bw="1" slack="0"/>
<pin id="541" dir="1" index="2" bw="1" slack="0"/>
</pin_list>
<bind>
<opcode="icmp(45) " fcode="icmp"/>
<opset="icmp_ln46_47/1 "/>
</bind>
</comp>

<comp id="544" class="1004" name="tmp_143_fu_544">
<pin_list>
<pin id="545" dir="0" index="0" bw="1" slack="0"/>
<pin id="546" dir="0" index="1" bw="16" slack="0"/>
<pin id="547" dir="0" index="2" bw="5" slack="0"/>
<pin id="548" dir="1" index="3" bw="1" slack="0"/>
</pin_list>
<bind>
<opcode="bitselect(1000) " fcode="bitselect"/>
<opset="tmp_143/1 "/>
</bind>
</comp>

<comp id="552" class="1004" name="or_ln46_71_fu_552">
<pin_list>
<pin id="553" dir="0" index="0" bw="1" slack="0"/>
<pin id="554" dir="0" index="1" bw="1" slack="0"/>
<pin id="555" dir="1" index="2" bw="1" slack="0"/>
</pin_list>
<bind>
<opcode="or(24) " fcode="or"/>
<opset="or_ln46_71/1 "/>
</bind>
</comp>

<comp id="558" class="1004" name="and_ln46_45_fu_558">
<pin_list>
<pin id="559" dir="0" index="0" bw="1" slack="0"/>
<pin id="560" dir="0" index="1" bw="1" slack="0"/>
<pin id="561" dir="1" index="2" bw="1" slack="0"/>
</pin_list>
<bind>
<opcode="and(23) " fcode="and"/>
<opset="and_ln46_45/1 "/>
</bind>
</comp>

<comp id="564" class="1004" name="zext_ln46_23_fu_564">
<pin_list>
<pin id="565" dir="0" index="0" bw="1" slack="0"/>
<pin id="566" dir="1" index="1" bw="2" slack="0"/>
</pin_list>
<bind>
<opcode="zext(34) " fcode="zext"/>
<opset="zext_ln46_23/1 "/>
</bind>
</comp>

<comp id="568" class="1004" name="add_ln46_23_fu_568">
<pin_list>
<pin id="569" dir="0" index="0" bw="2" slack="0"/>
<pin id="570" dir="0" index="1" bw="1" slack="0"/>
<pin id="571" dir="1" index="2" bw="2" slack="1"/>
</pin_list>
<bind>
<opcode="add(8) " fcode="add"/>
<opset="add_ln46_23/1 "/>
</bind>
</comp>

<comp id="574" class="1004" name="tmp_144_fu_574">
<pin_list>
<pin id="575" dir="0" index="0" bw="6" slack="0"/>
<pin id="576" dir="0" index="1" bw="16" slack="0"/>
<pin id="577" dir="0" index="2" bw="5" slack="0"/>
<pin id="578" dir="0" index="3" bw="5" slack="0"/>
<pin id="579" dir="1" index="4" bw="6" slack="0"/>
</pin_list>
<bind>
<opcode="partselect(1002) " fcode="partselect"/>
<opset="tmp_144/1 "/>
</bind>
</comp>

<comp id="584" class="1004" name="icmp_ln46_48_fu_584">
<pin_list>
<pin id="585" dir="0" index="0" bw="6" slack="0"/>
<pin id="586" dir="0" index="1" bw="1" slack="0"/>
<pin id="587" dir="1" index="2" bw="1" slack="1"/>
</pin_list>
<bind>
<opcode="icmp(45) " fcode="icmp"/>
<opset="icmp_ln46_48/1 "/>
</bind>
</comp>

<comp id="590" class="1004" name="tmp_146_fu_590">
<pin_list>
<pin id="591" dir="0" index="0" bw="1" slack="0"/>
<pin id="592" dir="0" index="1" bw="16" slack="0"/>
<pin id="593" dir="0" index="2" bw="5" slack="0"/>
<pin id="594" dir="1" index="3" bw="1" slack="1"/>
</pin_list>
<bind>
<opcode="bitselect(1000) " fcode="bitselect"/>
<opset="tmp_146/1 "/>
</bind>
</comp>

<comp id="598" class="1004" name="trunc_ln46_22_fu_598">
<pin_list>
<pin id="599" dir="0" index="0" bw="2" slack="0"/>
<pin id="600" dir="0" index="1" bw="16" slack="0"/>
<pin id="601" dir="0" index="2" bw="5" slack="0"/>
<pin id="602" dir="0" index="3" bw="5" slack="0"/>
<pin id="603" dir="1" index="4" bw="2" slack="0"/>
</pin_list>
<bind>
<opcode="partselect(1002) " fcode="partselect"/>
<opset="trunc_ln46_22/1 "/>
</bind>
</comp>

<comp id="608" class="1004" name="tmp_147_fu_608">
<pin_list>
<pin id="609" dir="0" index="0" bw="1" slack="0"/>
<pin id="610" dir="0" index="1" bw="16" slack="0"/>
<pin id="611" dir="0" index="2" bw="4" slack="0"/>
<pin id="612" dir="1" index="3" bw="1" slack="0"/>
</pin_list>
<bind>
<opcode="bitselect(1000) " fcode="bitselect"/>
<opset="tmp_147/1 "/>
</bind>
</comp>

<comp id="616" class="1004" name="trunc_ln46_42_fu_616">
<pin_list>
<pin id="617" dir="0" index="0" bw="16" slack="0"/>
<pin id="618" dir="1" index="1" bw="7" slack="0"/>
</pin_list>
<bind>
<opcode="trunc(33) " fcode="trunc"/>
<opset="trunc_ln46_42/1 "/>
</bind>
</comp>

<comp id="620" class="1004" name="icmp_ln46_49_fu_620">
<pin_list>
<pin id="621" dir="0" index="0" bw="7" slack="0"/>
<pin id="622" dir="0" index="1" bw="1" slack="0"/>
<pin id="623" dir="1" index="2" bw="1" slack="0"/>
</pin_list>
<bind>
<opcode="icmp(45) " fcode="icmp"/>
<opset="icmp_ln46_49/1 "/>
</bind>
</comp>

<comp id="626" class="1004" name="tmp_149_fu_626">
<pin_list>
<pin id="627" dir="0" index="0" bw="1" slack="0"/>
<pin id="628" dir="0" index="1" bw="16" slack="0"/>
<pin id="629" dir="0" index="2" bw="5" slack="0"/>
<pin id="630" dir="1" index="3" bw="1" slack="0"/>
</pin_list>
<bind>
<opcode="bitselect(1000) " fcode="bitselect"/>
<opset="tmp_149/1 "/>
</bind>
</comp>

<comp id="634" class="1004" name="or_ln46_74_fu_634">
<pin_list>
<pin id="635" dir="0" index="0" bw="1" slack="0"/>
<pin id="636" dir="0" index="1" bw="1" slack="0"/>
<pin id="637" dir="1" index="2" bw="1" slack="0"/>
</pin_list>
<bind>
<opcode="or(24) " fcode="or"/>
<opset="or_ln46_74/1 "/>
</bind>
</comp>

<comp id="640" class="1004" name="and_ln46_47_fu_640">
<pin_list>
<pin id="641" dir="0" index="0" bw="1" slack="0"/>
<pin id="642" dir="0" index="1" bw="1" slack="0"/>
<pin id="643" dir="1" index="2" bw="1" slack="0"/>
</pin_list>
<bind>
<opcode="and(23) " fcode="and"/>
<opset="and_ln46_47/1 "/>
</bind>
</comp>

<comp id="646" class="1004" name="zext_ln46_24_fu_646">
<pin_list>
<pin id="647" dir="0" index="0" bw="1" slack="0"/>
<pin id="648" dir="1" index="1" bw="2" slack="0"/>
</pin_list>
<bind>
<opcode="zext(34) " fcode="zext"/>
<opset="zext_ln46_24/1 "/>
</bind>
</comp>

<comp id="650" class="1004" name="add_ln46_24_fu_650">
<pin_list>
<pin id="651" dir="0" index="0" bw="2" slack="0"/>
<pin id="652" dir="0" index="1" bw="1" slack="0"/>
<pin id="653" dir="1" index="2" bw="2" slack="1"/>
</pin_list>
<bind>
<opcode="add(8) " fcode="add"/>
<opset="add_ln46_24/1 "/>
</bind>
</comp>

<comp id="656" class="1004" name="tmp_150_fu_656">
<pin_list>
<pin id="657" dir="0" index="0" bw="6" slack="0"/>
<pin id="658" dir="0" index="1" bw="16" slack="0"/>
<pin id="659" dir="0" index="2" bw="5" slack="0"/>
<pin id="660" dir="0" index="3" bw="5" slack="0"/>
<pin id="661" dir="1" index="4" bw="6" slack="0"/>
</pin_list>
<bind>
<opcode="partselect(1002) " fcode="partselect"/>
<opset="tmp_150/1 "/>
</bind>
</comp>

<comp id="666" class="1004" name="icmp_ln46_50_fu_666">
<pin_list>
<pin id="667" dir="0" index="0" bw="6" slack="0"/>
<pin id="668" dir="0" index="1" bw="1" slack="0"/>
<pin id="669" dir="1" index="2" bw="1" slack="1"/>
</pin_list>
<bind>
<opcode="icmp(45) " fcode="icmp"/>
<opset="icmp_ln46_50/1 "/>
</bind>
</comp>

<comp id="672" class="1004" name="tmp_152_fu_672">
<pin_list>
<pin id="673" dir="0" index="0" bw="1" slack="0"/>
<pin id="674" dir="0" index="1" bw="16" slack="0"/>
<pin id="675" dir="0" index="2" bw="5" slack="0"/>
<pin id="676" dir="1" index="3" bw="1" slack="1"/>
</pin_list>
<bind>
<opcode="bitselect(1000) " fcode="bitselect"/>
<opset="tmp_152/1 "/>
</bind>
</comp>

<comp id="680" class="1004" name="trunc_ln46_23_fu_680">
<pin_list>
<pin id="681" dir="0" index="0" bw="2" slack="0"/>
<pin id="682" dir="0" index="1" bw="16" slack="0"/>
<pin id="683" dir="0" index="2" bw="5" slack="0"/>
<pin id="684" dir="0" index="3" bw="5" slack="0"/>
<pin id="685" dir="1" index="4" bw="2" slack="0"/>
</pin_list>
<bind>
<opcode="partselect(1002) " fcode="partselect"/>
<opset="trunc_ln46_23/1 "/>
</bind>
</comp>

<comp id="690" class="1004" name="tmp_153_fu_690">
<pin_list>
<pin id="691" dir="0" index="0" bw="1" slack="0"/>
<pin id="692" dir="0" index="1" bw="16" slack="0"/>
<pin id="693" dir="0" index="2" bw="4" slack="0"/>
<pin id="694" dir="1" index="3" bw="1" slack="0"/>
</pin_list>
<bind>
<opcode="bitselect(1000) " fcode="bitselect"/>
<opset="tmp_153/1 "/>
</bind>
</comp>

<comp id="698" class="1004" name="trunc_ln46_43_fu_698">
<pin_list>
<pin id="699" dir="0" index="0" bw="16" slack="0"/>
<pin id="700" dir="1" index="1" bw="7" slack="0"/>
</pin_list>
<bind>
<opcode="trunc(33) " fcode="trunc"/>
<opset="trunc_ln46_43/1 "/>
</bind>
</comp>

<comp id="702" class="1004" name="icmp_ln46_51_fu_702">
<pin_list>
<pin id="703" dir="0" index="0" bw="7" slack="0"/>
<pin id="704" dir="0" index="1" bw="1" slack="0"/>
<pin id="705" dir="1" index="2" bw="1" slack="0"/>
</pin_list>
<bind>
<opcode="icmp(45) " fcode="icmp"/>
<opset="icmp_ln46_51/1 "/>
</bind>
</comp>

<comp id="708" class="1004" name="tmp_155_fu_708">
<pin_list>
<pin id="709" dir="0" index="0" bw="1" slack="0"/>
<pin id="710" dir="0" index="1" bw="16" slack="0"/>
<pin id="711" dir="0" index="2" bw="5" slack="0"/>
<pin id="712" dir="1" index="3" bw="1" slack="0"/>
</pin_list>
<bind>
<opcode="bitselect(1000) " fcode="bitselect"/>
<opset="tmp_155/1 "/>
</bind>
</comp>

<comp id="716" class="1004" name="or_ln46_77_fu_716">
<pin_list>
<pin id="717" dir="0" index="0" bw="1" slack="0"/>
<pin id="718" dir="0" index="1" bw="1" slack="0"/>
<pin id="719" dir="1" index="2" bw="1" slack="0"/>
</pin_list>
<bind>
<opcode="or(24) " fcode="or"/>
<opset="or_ln46_77/1 "/>
</bind>
</comp>

<comp id="722" class="1004" name="and_ln46_49_fu_722">
<pin_list>
<pin id="723" dir="0" index="0" bw="1" slack="0"/>
<pin id="724" dir="0" index="1" bw="1" slack="0"/>
<pin id="725" dir="1" index="2" bw="1" slack="0"/>
</pin_list>
<bind>
<opcode="and(23) " fcode="and"/>
<opset="and_ln46_49/1 "/>
</bind>
</comp>

<comp id="728" class="1004" name="zext_ln46_25_fu_728">
<pin_list>
<pin id="729" dir="0" index="0" bw="1" slack="0"/>
<pin id="730" dir="1" index="1" bw="2" slack="0"/>
</pin_list>
<bind>
<opcode="zext(34) " fcode="zext"/>
<opset="zext_ln46_25/1 "/>
</bind>
</comp>

<comp id="732" class="1004" name="add_ln46_25_fu_732">
<pin_list>
<pin id="733" dir="0" index="0" bw="2" slack="0"/>
<pin id="734" dir="0" index="1" bw="1" slack="0"/>
<pin id="735" dir="1" index="2" bw="2" slack="1"/>
</pin_list>
<bind>
<opcode="add(8) " fcode="add"/>
<opset="add_ln46_25/1 "/>
</bind>
</comp>

<comp id="738" class="1004" name="tmp_156_fu_738">
<pin_list>
<pin id="739" dir="0" index="0" bw="6" slack="0"/>
<pin id="740" dir="0" index="1" bw="16" slack="0"/>
<pin id="741" dir="0" index="2" bw="5" slack="0"/>
<pin id="742" dir="0" index="3" bw="5" slack="0"/>
<pin id="743" dir="1" index="4" bw="6" slack="0"/>
</pin_list>
<bind>
<opcode="partselect(1002) " fcode="partselect"/>
<opset="tmp_156/1 "/>
</bind>
</comp>

<comp id="748" class="1004" name="icmp_ln46_52_fu_748">
<pin_list>
<pin id="749" dir="0" index="0" bw="6" slack="0"/>
<pin id="750" dir="0" index="1" bw="1" slack="0"/>
<pin id="751" dir="1" index="2" bw="1" slack="1"/>
</pin_list>
<bind>
<opcode="icmp(45) " fcode="icmp"/>
<opset="icmp_ln46_52/1 "/>
</bind>
</comp>

<comp id="754" class="1004" name="tmp_158_fu_754">
<pin_list>
<pin id="755" dir="0" index="0" bw="1" slack="0"/>
<pin id="756" dir="0" index="1" bw="16" slack="0"/>
<pin id="757" dir="0" index="2" bw="5" slack="0"/>
<pin id="758" dir="1" index="3" bw="1" slack="1"/>
</pin_list>
<bind>
<opcode="bitselect(1000) " fcode="bitselect"/>
<opset="tmp_158/1 "/>
</bind>
</comp>

<comp id="762" class="1004" name="trunc_ln46_24_fu_762">
<pin_list>
<pin id="763" dir="0" index="0" bw="2" slack="0"/>
<pin id="764" dir="0" index="1" bw="16" slack="0"/>
<pin id="765" dir="0" index="2" bw="5" slack="0"/>
<pin id="766" dir="0" index="3" bw="5" slack="0"/>
<pin id="767" dir="1" index="4" bw="2" slack="0"/>
</pin_list>
<bind>
<opcode="partselect(1002) " fcode="partselect"/>
<opset="trunc_ln46_24/1 "/>
</bind>
</comp>

<comp id="772" class="1004" name="tmp_159_fu_772">
<pin_list>
<pin id="773" dir="0" index="0" bw="1" slack="0"/>
<pin id="774" dir="0" index="1" bw="16" slack="0"/>
<pin id="775" dir="0" index="2" bw="4" slack="0"/>
<pin id="776" dir="1" index="3" bw="1" slack="0"/>
</pin_list>
<bind>
<opcode="bitselect(1000) " fcode="bitselect"/>
<opset="tmp_159/1 "/>
</bind>
</comp>

<comp id="780" class="1004" name="trunc_ln46_44_fu_780">
<pin_list>
<pin id="781" dir="0" index="0" bw="16" slack="0"/>
<pin id="782" dir="1" index="1" bw="7" slack="0"/>
</pin_list>
<bind>
<opcode="trunc(33) " fcode="trunc"/>
<opset="trunc_ln46_44/1 "/>
</bind>
</comp>

<comp id="784" class="1004" name="icmp_ln46_53_fu_784">
<pin_list>
<pin id="785" dir="0" index="0" bw="7" slack="0"/>
<pin id="786" dir="0" index="1" bw="1" slack="0"/>
<pin id="787" dir="1" index="2" bw="1" slack="0"/>
</pin_list>
<bind>
<opcode="icmp(45) " fcode="icmp"/>
<opset="icmp_ln46_53/1 "/>
</bind>
</comp>

<comp id="790" class="1004" name="tmp_161_fu_790">
<pin_list>
<pin id="791" dir="0" index="0" bw="1" slack="0"/>
<pin id="792" dir="0" index="1" bw="16" slack="0"/>
<pin id="793" dir="0" index="2" bw="5" slack="0"/>
<pin id="794" dir="1" index="3" bw="1" slack="0"/>
</pin_list>
<bind>
<opcode="bitselect(1000) " fcode="bitselect"/>
<opset="tmp_161/1 "/>
</bind>
</comp>

<comp id="798" class="1004" name="or_ln46_80_fu_798">
<pin_list>
<pin id="799" dir="0" index="0" bw="1" slack="0"/>
<pin id="800" dir="0" index="1" bw="1" slack="0"/>
<pin id="801" dir="1" index="2" bw="1" slack="0"/>
</pin_list>
<bind>
<opcode="or(24) " fcode="or"/>
<opset="or_ln46_80/1 "/>
</bind>
</comp>

<comp id="804" class="1004" name="and_ln46_51_fu_804">
<pin_list>
<pin id="805" dir="0" index="0" bw="1" slack="0"/>
<pin id="806" dir="0" index="1" bw="1" slack="0"/>
<pin id="807" dir="1" index="2" bw="1" slack="0"/>
</pin_list>
<bind>
<opcode="and(23) " fcode="and"/>
<opset="and_ln46_51/1 "/>
</bind>
</comp>

<comp id="810" class="1004" name="zext_ln46_26_fu_810">
<pin_list>
<pin id="811" dir="0" index="0" bw="1" slack="0"/>
<pin id="812" dir="1" index="1" bw="2" slack="0"/>
</pin_list>
<bind>
<opcode="zext(34) " fcode="zext"/>
<opset="zext_ln46_26/1 "/>
</bind>
</comp>

<comp id="814" class="1004" name="add_ln46_26_fu_814">
<pin_list>
<pin id="815" dir="0" index="0" bw="2" slack="0"/>
<pin id="816" dir="0" index="1" bw="1" slack="0"/>
<pin id="817" dir="1" index="2" bw="2" slack="1"/>
</pin_list>
<bind>
<opcode="add(8) " fcode="add"/>
<opset="add_ln46_26/1 "/>
</bind>
</comp>

<comp id="820" class="1004" name="tmp_162_fu_820">
<pin_list>
<pin id="821" dir="0" index="0" bw="6" slack="0"/>
<pin id="822" dir="0" index="1" bw="16" slack="0"/>
<pin id="823" dir="0" index="2" bw="5" slack="0"/>
<pin id="824" dir="0" index="3" bw="5" slack="0"/>
<pin id="825" dir="1" index="4" bw="6" slack="0"/>
</pin_list>
<bind>
<opcode="partselect(1002) " fcode="partselect"/>
<opset="tmp_162/1 "/>
</bind>
</comp>

<comp id="830" class="1004" name="icmp_ln46_54_fu_830">
<pin_list>
<pin id="831" dir="0" index="0" bw="6" slack="0"/>
<pin id="832" dir="0" index="1" bw="1" slack="0"/>
<pin id="833" dir="1" index="2" bw="1" slack="1"/>
</pin_list>
<bind>
<opcode="icmp(45) " fcode="icmp"/>
<opset="icmp_ln46_54/1 "/>
</bind>
</comp>

<comp id="836" class="1004" name="tmp_164_fu_836">
<pin_list>
<pin id="837" dir="0" index="0" bw="1" slack="0"/>
<pin id="838" dir="0" index="1" bw="16" slack="0"/>
<pin id="839" dir="0" index="2" bw="5" slack="0"/>
<pin id="840" dir="1" index="3" bw="1" slack="1"/>
</pin_list>
<bind>
<opcode="bitselect(1000) " fcode="bitselect"/>
<opset="tmp_164/1 "/>
</bind>
</comp>

<comp id="844" class="1004" name="trunc_ln46_25_fu_844">
<pin_list>
<pin id="845" dir="0" index="0" bw="2" slack="0"/>
<pin id="846" dir="0" index="1" bw="16" slack="0"/>
<pin id="847" dir="0" index="2" bw="5" slack="0"/>
<pin id="848" dir="0" index="3" bw="5" slack="0"/>
<pin id="849" dir="1" index="4" bw="2" slack="0"/>
</pin_list>
<bind>
<opcode="partselect(1002) " fcode="partselect"/>
<opset="trunc_ln46_25/1 "/>
</bind>
</comp>

<comp id="854" class="1004" name="tmp_165_fu_854">
<pin_list>
<pin id="855" dir="0" index="0" bw="1" slack="0"/>
<pin id="856" dir="0" index="1" bw="16" slack="0"/>
<pin id="857" dir="0" index="2" bw="4" slack="0"/>
<pin id="858" dir="1" index="3" bw="1" slack="0"/>
</pin_list>
<bind>
<opcode="bitselect(1000) " fcode="bitselect"/>
<opset="tmp_165/1 "/>
</bind>
</comp>

<comp id="862" class="1004" name="trunc_ln46_45_fu_862">
<pin_list>
<pin id="863" dir="0" index="0" bw="16" slack="0"/>
<pin id="864" dir="1" index="1" bw="7" slack="0"/>
</pin_list>
<bind>
<opcode="trunc(33) " fcode="trunc"/>
<opset="trunc_ln46_45/1 "/>
</bind>
</comp>

<comp id="866" class="1004" name="icmp_ln46_55_fu_866">
<pin_list>
<pin id="867" dir="0" index="0" bw="7" slack="0"/>
<pin id="868" dir="0" index="1" bw="1" slack="0"/>
<pin id="869" dir="1" index="2" bw="1" slack="0"/>
</pin_list>
<bind>
<opcode="icmp(45) " fcode="icmp"/>
<opset="icmp_ln46_55/1 "/>
</bind>
</comp>

<comp id="872" class="1004" name="tmp_167_fu_872">
<pin_list>
<pin id="873" dir="0" index="0" bw="1" slack="0"/>
<pin id="874" dir="0" index="1" bw="16" slack="0"/>
<pin id="875" dir="0" index="2" bw="5" slack="0"/>
<pin id="876" dir="1" index="3" bw="1" slack="0"/>
</pin_list>
<bind>
<opcode="bitselect(1000) " fcode="bitselect"/>
<opset="tmp_167/1 "/>
</bind>
</comp>

<comp id="880" class="1004" name="or_ln46_83_fu_880">
<pin_list>
<pin id="881" dir="0" index="0" bw="1" slack="0"/>
<pin id="882" dir="0" index="1" bw="1" slack="0"/>
<pin id="883" dir="1" index="2" bw="1" slack="0"/>
</pin_list>
<bind>
<opcode="or(24) " fcode="or"/>
<opset="or_ln46_83/1 "/>
</bind>
</comp>

<comp id="886" class="1004" name="and_ln46_53_fu_886">
<pin_list>
<pin id="887" dir="0" index="0" bw="1" slack="0"/>
<pin id="888" dir="0" index="1" bw="1" slack="0"/>
<pin id="889" dir="1" index="2" bw="1" slack="0"/>
</pin_list>
<bind>
<opcode="and(23) " fcode="and"/>
<opset="and_ln46_53/1 "/>
</bind>
</comp>

<comp id="892" class="1004" name="zext_ln46_27_fu_892">
<pin_list>
<pin id="893" dir="0" index="0" bw="1" slack="0"/>
<pin id="894" dir="1" index="1" bw="2" slack="0"/>
</pin_list>
<bind>
<opcode="zext(34) " fcode="zext"/>
<opset="zext_ln46_27/1 "/>
</bind>
</comp>

<comp id="896" class="1004" name="add_ln46_27_fu_896">
<pin_list>
<pin id="897" dir="0" index="0" bw="2" slack="0"/>
<pin id="898" dir="0" index="1" bw="1" slack="0"/>
<pin id="899" dir="1" index="2" bw="2" slack="1"/>
</pin_list>
<bind>
<opcode="add(8) " fcode="add"/>
<opset="add_ln46_27/1 "/>
</bind>
</comp>

<comp id="902" class="1004" name="tmp_168_fu_902">
<pin_list>
<pin id="903" dir="0" index="0" bw="6" slack="0"/>
<pin id="904" dir="0" index="1" bw="16" slack="0"/>
<pin id="905" dir="0" index="2" bw="5" slack="0"/>
<pin id="906" dir="0" index="3" bw="5" slack="0"/>
<pin id="907" dir="1" index="4" bw="6" slack="0"/>
</pin_list>
<bind>
<opcode="partselect(1002) " fcode="partselect"/>
<opset="tmp_168/1 "/>
</bind>
</comp>

<comp id="912" class="1004" name="icmp_ln46_56_fu_912">
<pin_list>
<pin id="913" dir="0" index="0" bw="6" slack="0"/>
<pin id="914" dir="0" index="1" bw="1" slack="0"/>
<pin id="915" dir="1" index="2" bw="1" slack="1"/>
</pin_list>
<bind>
<opcode="icmp(45) " fcode="icmp"/>
<opset="icmp_ln46_56/1 "/>
</bind>
</comp>

<comp id="918" class="1004" name="tmp_170_fu_918">
<pin_list>
<pin id="919" dir="0" index="0" bw="1" slack="0"/>
<pin id="920" dir="0" index="1" bw="16" slack="0"/>
<pin id="921" dir="0" index="2" bw="5" slack="0"/>
<pin id="922" dir="1" index="3" bw="1" slack="1"/>
</pin_list>
<bind>
<opcode="bitselect(1000) " fcode="bitselect"/>
<opset="tmp_170/1 "/>
</bind>
</comp>

<comp id="926" class="1004" name="trunc_ln46_26_fu_926">
<pin_list>
<pin id="927" dir="0" index="0" bw="2" slack="0"/>
<pin id="928" dir="0" index="1" bw="16" slack="0"/>
<pin id="929" dir="0" index="2" bw="5" slack="0"/>
<pin id="930" dir="0" index="3" bw="5" slack="0"/>
<pin id="931" dir="1" index="4" bw="2" slack="0"/>
</pin_list>
<bind>
<opcode="partselect(1002) " fcode="partselect"/>
<opset="trunc_ln46_26/1 "/>
</bind>
</comp>

<comp id="936" class="1004" name="tmp_171_fu_936">
<pin_list>
<pin id="937" dir="0" index="0" bw="1" slack="0"/>
<pin id="938" dir="0" index="1" bw="16" slack="0"/>
<pin id="939" dir="0" index="2" bw="4" slack="0"/>
<pin id="940" dir="1" index="3" bw="1" slack="0"/>
</pin_list>
<bind>
<opcode="bitselect(1000) " fcode="bitselect"/>
<opset="tmp_171/1 "/>
</bind>
</comp>

<comp id="944" class="1004" name="trunc_ln46_46_fu_944">
<pin_list>
<pin id="945" dir="0" index="0" bw="16" slack="0"/>
<pin id="946" dir="1" index="1" bw="7" slack="0"/>
</pin_list>
<bind>
<opcode="trunc(33) " fcode="trunc"/>
<opset="trunc_ln46_46/1 "/>
</bind>
</comp>

<comp id="948" class="1004" name="icmp_ln46_57_fu_948">
<pin_list>
<pin id="949" dir="0" index="0" bw="7" slack="0"/>
<pin id="950" dir="0" index="1" bw="1" slack="0"/>
<pin id="951" dir="1" index="2" bw="1" slack="0"/>
</pin_list>
<bind>
<opcode="icmp(45) " fcode="icmp"/>
<opset="icmp_ln46_57/1 "/>
</bind>
</comp>

<comp id="954" class="1004" name="tmp_173_fu_954">
<pin_list>
<pin id="955" dir="0" index="0" bw="1" slack="0"/>
<pin id="956" dir="0" index="1" bw="16" slack="0"/>
<pin id="957" dir="0" index="2" bw="5" slack="0"/>
<pin id="958" dir="1" index="3" bw="1" slack="0"/>
</pin_list>
<bind>
<opcode="bitselect(1000) " fcode="bitselect"/>
<opset="tmp_173/1 "/>
</bind>
</comp>

<comp id="962" class="1004" name="or_ln46_86_fu_962">
<pin_list>
<pin id="963" dir="0" index="0" bw="1" slack="0"/>
<pin id="964" dir="0" index="1" bw="1" slack="0"/>
<pin id="965" dir="1" index="2" bw="1" slack="0"/>
</pin_list>
<bind>
<opcode="or(24) " fcode="or"/>
<opset="or_ln46_86/1 "/>
</bind>
</comp>

<comp id="968" class="1004" name="and_ln46_55_fu_968">
<pin_list>
<pin id="969" dir="0" index="0" bw="1" slack="0"/>
<pin id="970" dir="0" index="1" bw="1" slack="0"/>
<pin id="971" dir="1" index="2" bw="1" slack="0"/>
</pin_list>
<bind>
<opcode="and(23) " fcode="and"/>
<opset="and_ln46_55/1 "/>
</bind>
</comp>

<comp id="974" class="1004" name="zext_ln46_28_fu_974">
<pin_list>
<pin id="975" dir="0" index="0" bw="1" slack="0"/>
<pin id="976" dir="1" index="1" bw="2" slack="0"/>
</pin_list>
<bind>
<opcode="zext(34) " fcode="zext"/>
<opset="zext_ln46_28/1 "/>
</bind>
</comp>

<comp id="978" class="1004" name="add_ln46_28_fu_978">
<pin_list>
<pin id="979" dir="0" index="0" bw="2" slack="0"/>
<pin id="980" dir="0" index="1" bw="1" slack="0"/>
<pin id="981" dir="1" index="2" bw="2" slack="1"/>
</pin_list>
<bind>
<opcode="add(8) " fcode="add"/>
<opset="add_ln46_28/1 "/>
</bind>
</comp>

<comp id="984" class="1004" name="tmp_174_fu_984">
<pin_list>
<pin id="985" dir="0" index="0" bw="6" slack="0"/>
<pin id="986" dir="0" index="1" bw="16" slack="0"/>
<pin id="987" dir="0" index="2" bw="5" slack="0"/>
<pin id="988" dir="0" index="3" bw="5" slack="0"/>
<pin id="989" dir="1" index="4" bw="6" slack="0"/>
</pin_list>
<bind>
<opcode="partselect(1002) " fcode="partselect"/>
<opset="tmp_174/1 "/>
</bind>
</comp>

<comp id="994" class="1004" name="icmp_ln46_58_fu_994">
<pin_list>
<pin id="995" dir="0" index="0" bw="6" slack="0"/>
<pin id="996" dir="0" index="1" bw="1" slack="0"/>
<pin id="997" dir="1" index="2" bw="1" slack="1"/>
</pin_list>
<bind>
<opcode="icmp(45) " fcode="icmp"/>
<opset="icmp_ln46_58/1 "/>
</bind>
</comp>

<comp id="1000" class="1004" name="tmp_176_fu_1000">
<pin_list>
<pin id="1001" dir="0" index="0" bw="1" slack="0"/>
<pin id="1002" dir="0" index="1" bw="16" slack="0"/>
<pin id="1003" dir="0" index="2" bw="5" slack="0"/>
<pin id="1004" dir="1" index="3" bw="1" slack="1"/>
</pin_list>
<bind>
<opcode="bitselect(1000) " fcode="bitselect"/>
<opset="tmp_176/1 "/>
</bind>
</comp>

<comp id="1008" class="1004" name="trunc_ln46_27_fu_1008">
<pin_list>
<pin id="1009" dir="0" index="0" bw="2" slack="0"/>
<pin id="1010" dir="0" index="1" bw="16" slack="0"/>
<pin id="1011" dir="0" index="2" bw="5" slack="0"/>
<pin id="1012" dir="0" index="3" bw="5" slack="0"/>
<pin id="1013" dir="1" index="4" bw="2" slack="0"/>
</pin_list>
<bind>
<opcode="partselect(1002) " fcode="partselect"/>
<opset="trunc_ln46_27/1 "/>
</bind>
</comp>

<comp id="1018" class="1004" name="tmp_177_fu_1018">
<pin_list>
<pin id="1019" dir="0" index="0" bw="1" slack="0"/>
<pin id="1020" dir="0" index="1" bw="16" slack="0"/>
<pin id="1021" dir="0" index="2" bw="4" slack="0"/>
<pin id="1022" dir="1" index="3" bw="1" slack="0"/>
</pin_list>
<bind>
<opcode="bitselect(1000) " fcode="bitselect"/>
<opset="tmp_177/1 "/>
</bind>
</comp>

<comp id="1026" class="1004" name="trunc_ln46_47_fu_1026">
<pin_list>
<pin id="1027" dir="0" index="0" bw="16" slack="0"/>
<pin id="1028" dir="1" index="1" bw="7" slack="0"/>
</pin_list>
<bind>
<opcode="trunc(33) " fcode="trunc"/>
<opset="trunc_ln46_47/1 "/>
</bind>
</comp>

<comp id="1030" class="1004" name="icmp_ln46_59_fu_1030">
<pin_list>
<pin id="1031" dir="0" index="0" bw="7" slack="0"/>
<pin id="1032" dir="0" index="1" bw="1" slack="0"/>
<pin id="1033" dir="1" index="2" bw="1" slack="0"/>
</pin_list>
<bind>
<opcode="icmp(45) " fcode="icmp"/>
<opset="icmp_ln46_59/1 "/>
</bind>
</comp>

<comp id="1036" class="1004" name="tmp_179_fu_1036">
<pin_list>
<pin id="1037" dir="0" index="0" bw="1" slack="0"/>
<pin id="1038" dir="0" index="1" bw="16" slack="0"/>
<pin id="1039" dir="0" index="2" bw="5" slack="0"/>
<pin id="1040" dir="1" index="3" bw="1" slack="0"/>
</pin_list>
<bind>
<opcode="bitselect(1000) " fcode="bitselect"/>
<opset="tmp_179/1 "/>
</bind>
</comp>

<comp id="1044" class="1004" name="or_ln46_89_fu_1044">
<pin_list>
<pin id="1045" dir="0" index="0" bw="1" slack="0"/>
<pin id="1046" dir="0" index="1" bw="1" slack="0"/>
<pin id="1047" dir="1" index="2" bw="1" slack="0"/>
</pin_list>
<bind>
<opcode="or(24) " fcode="or"/>
<opset="or_ln46_89/1 "/>
</bind>
</comp>

<comp id="1050" class="1004" name="and_ln46_57_fu_1050">
<pin_list>
<pin id="1051" dir="0" index="0" bw="1" slack="0"/>
<pin id="1052" dir="0" index="1" bw="1" slack="0"/>
<pin id="1053" dir="1" index="2" bw="1" slack="0"/>
</pin_list>
<bind>
<opcode="and(23) " fcode="and"/>
<opset="and_ln46_57/1 "/>
</bind>
</comp>

<comp id="1056" class="1004" name="zext_ln46_29_fu_1056">
<pin_list>
<pin id="1057" dir="0" index="0" bw="1" slack="0"/>
<pin id="1058" dir="1" index="1" bw="2" slack="0"/>
</pin_list>
<bind>
<opcode="zext(34) " fcode="zext"/>
<opset="zext_ln46_29/1 "/>
</bind>
</comp>

<comp id="1060" class="1004" name="add_ln46_29_fu_1060">
<pin_list>
<pin id="1061" dir="0" index="0" bw="2" slack="0"/>
<pin id="1062" dir="0" index="1" bw="1" slack="0"/>
<pin id="1063" dir="1" index="2" bw="2" slack="1"/>
</pin_list>
<bind>
<opcode="add(8) " fcode="add"/>
<opset="add_ln46_29/1 "/>
</bind>
</comp>

<comp id="1066" class="1004" name="tmp_180_fu_1066">
<pin_list>
<pin id="1067" dir="0" index="0" bw="6" slack="0"/>
<pin id="1068" dir="0" index="1" bw="16" slack="0"/>
<pin id="1069" dir="0" index="2" bw="5" slack="0"/>
<pin id="1070" dir="0" index="3" bw="5" slack="0"/>
<pin id="1071" dir="1" index="4" bw="6" slack="0"/>
</pin_list>
<bind>
<opcode="partselect(1002) " fcode="partselect"/>
<opset="tmp_180/1 "/>
</bind>
</comp>

<comp id="1076" class="1004" name="icmp_ln46_60_fu_1076">
<pin_list>
<pin id="1077" dir="0" index="0" bw="6" slack="0"/>
<pin id="1078" dir="0" index="1" bw="1" slack="0"/>
<pin id="1079" dir="1" index="2" bw="1" slack="1"/>
</pin_list>
<bind>
<opcode="icmp(45) " fcode="icmp"/>
<opset="icmp_ln46_60/1 "/>
</bind>
</comp>

<comp id="1082" class="1004" name="tmp_182_fu_1082">
<pin_list>
<pin id="1083" dir="0" index="0" bw="1" slack="0"/>
<pin id="1084" dir="0" index="1" bw="16" slack="0"/>
<pin id="1085" dir="0" index="2" bw="5" slack="0"/>
<pin id="1086" dir="1" index="3" bw="1" slack="1"/>
</pin_list>
<bind>
<opcode="bitselect(1000) " fcode="bitselect"/>
<opset="tmp_182/1 "/>
</bind>
</comp>

<comp id="1090" class="1004" name="trunc_ln46_28_fu_1090">
<pin_list>
<pin id="1091" dir="0" index="0" bw="2" slack="0"/>
<pin id="1092" dir="0" index="1" bw="16" slack="0"/>
<pin id="1093" dir="0" index="2" bw="5" slack="0"/>
<pin id="1094" dir="0" index="3" bw="5" slack="0"/>
<pin id="1095" dir="1" index="4" bw="2" slack="0"/>
</pin_list>
<bind>
<opcode="partselect(1002) " fcode="partselect"/>
<opset="trunc_ln46_28/1 "/>
</bind>
</comp>

<comp id="1100" class="1004" name="tmp_183_fu_1100">
<pin_list>
<pin id="1101" dir="0" index="0" bw="1" slack="0"/>
<pin id="1102" dir="0" index="1" bw="16" slack="0"/>
<pin id="1103" dir="0" index="2" bw="4" slack="0"/>
<pin id="1104" dir="1" index="3" bw="1" slack="0"/>
</pin_list>
<bind>
<opcode="bitselect(1000) " fcode="bitselect"/>
<opset="tmp_183/1 "/>
</bind>
</comp>

<comp id="1108" class="1004" name="trunc_ln46_48_fu_1108">
<pin_list>
<pin id="1109" dir="0" index="0" bw="16" slack="0"/>
<pin id="1110" dir="1" index="1" bw="7" slack="0"/>
</pin_list>
<bind>
<opcode="trunc(33) " fcode="trunc"/>
<opset="trunc_ln46_48/1 "/>
</bind>
</comp>

<comp id="1112" class="1004" name="icmp_ln46_61_fu_1112">
<pin_list>
<pin id="1113" dir="0" index="0" bw="7" slack="0"/>
<pin id="1114" dir="0" index="1" bw="1" slack="0"/>
<pin id="1115" dir="1" index="2" bw="1" slack="0"/>
</pin_list>
<bind>
<opcode="icmp(45) " fcode="icmp"/>
<opset="icmp_ln46_61/1 "/>
</bind>
</comp>

<comp id="1118" class="1004" name="tmp_185_fu_1118">
<pin_list>
<pin id="1119" dir="0" index="0" bw="1" slack="0"/>
<pin id="1120" dir="0" index="1" bw="16" slack="0"/>
<pin id="1121" dir="0" index="2" bw="5" slack="0"/>
<pin id="1122" dir="1" index="3" bw="1" slack="0"/>
</pin_list>
<bind>
<opcode="bitselect(1000) " fcode="bitselect"/>
<opset="tmp_185/1 "/>
</bind>
</comp>

<comp id="1126" class="1004" name="or_ln46_92_fu_1126">
<pin_list>
<pin id="1127" dir="0" index="0" bw="1" slack="0"/>
<pin id="1128" dir="0" index="1" bw="1" slack="0"/>
<pin id="1129" dir="1" index="2" bw="1" slack="0"/>
</pin_list>
<bind>
<opcode="or(24) " fcode="or"/>
<opset="or_ln46_92/1 "/>
</bind>
</comp>

<comp id="1132" class="1004" name="and_ln46_59_fu_1132">
<pin_list>
<pin id="1133" dir="0" index="0" bw="1" slack="0"/>
<pin id="1134" dir="0" index="1" bw="1" slack="0"/>
<pin id="1135" dir="1" index="2" bw="1" slack="0"/>
</pin_list>
<bind>
<opcode="and(23) " fcode="and"/>
<opset="and_ln46_59/1 "/>
</bind>
</comp>

<comp id="1138" class="1004" name="zext_ln46_30_fu_1138">
<pin_list>
<pin id="1139" dir="0" index="0" bw="1" slack="0"/>
<pin id="1140" dir="1" index="1" bw="2" slack="0"/>
</pin_list>
<bind>
<opcode="zext(34) " fcode="zext"/>
<opset="zext_ln46_30/1 "/>
</bind>
</comp>

<comp id="1142" class="1004" name="add_ln46_30_fu_1142">
<pin_list>
<pin id="1143" dir="0" index="0" bw="2" slack="0"/>
<pin id="1144" dir="0" index="1" bw="1" slack="0"/>
<pin id="1145" dir="1" index="2" bw="2" slack="1"/>
</pin_list>
<bind>
<opcode="add(8) " fcode="add"/>
<opset="add_ln46_30/1 "/>
</bind>
</comp>

<comp id="1148" class="1004" name="tmp_186_fu_1148">
<pin_list>
<pin id="1149" dir="0" index="0" bw="6" slack="0"/>
<pin id="1150" dir="0" index="1" bw="16" slack="0"/>
<pin id="1151" dir="0" index="2" bw="5" slack="0"/>
<pin id="1152" dir="0" index="3" bw="5" slack="0"/>
<pin id="1153" dir="1" index="4" bw="6" slack="0"/>
</pin_list>
<bind>
<opcode="partselect(1002) " fcode="partselect"/>
<opset="tmp_186/1 "/>
</bind>
</comp>

<comp id="1158" class="1004" name="icmp_ln46_62_fu_1158">
<pin_list>
<pin id="1159" dir="0" index="0" bw="6" slack="0"/>
<pin id="1160" dir="0" index="1" bw="1" slack="0"/>
<pin id="1161" dir="1" index="2" bw="1" slack="1"/>
</pin_list>
<bind>
<opcode="icmp(45) " fcode="icmp"/>
<opset="icmp_ln46_62/1 "/>
</bind>
</comp>

<comp id="1164" class="1004" name="tmp_188_fu_1164">
<pin_list>
<pin id="1165" dir="0" index="0" bw="1" slack="0"/>
<pin id="1166" dir="0" index="1" bw="16" slack="0"/>
<pin id="1167" dir="0" index="2" bw="5" slack="0"/>
<pin id="1168" dir="1" index="3" bw="1" slack="1"/>
</pin_list>
<bind>
<opcode="bitselect(1000) " fcode="bitselect"/>
<opset="tmp_188/1 "/>
</bind>
</comp>

<comp id="1172" class="1004" name="trunc_ln46_29_fu_1172">
<pin_list>
<pin id="1173" dir="0" index="0" bw="2" slack="0"/>
<pin id="1174" dir="0" index="1" bw="16" slack="0"/>
<pin id="1175" dir="0" index="2" bw="5" slack="0"/>
<pin id="1176" dir="0" index="3" bw="5" slack="0"/>
<pin id="1177" dir="1" index="4" bw="2" slack="0"/>
</pin_list>
<bind>
<opcode="partselect(1002) " fcode="partselect"/>
<opset="trunc_ln46_29/1 "/>
</bind>
</comp>

<comp id="1182" class="1004" name="tmp_189_fu_1182">
<pin_list>
<pin id="1183" dir="0" index="0" bw="1" slack="0"/>
<pin id="1184" dir="0" index="1" bw="16" slack="0"/>
<pin id="1185" dir="0" index="2" bw="4" slack="0"/>
<pin id="1186" dir="1" index="3" bw="1" slack="0"/>
</pin_list>
<bind>
<opcode="bitselect(1000) " fcode="bitselect"/>
<opset="tmp_189/1 "/>
</bind>
</comp>

<comp id="1190" class="1004" name="trunc_ln46_49_fu_1190">
<pin_list>
<pin id="1191" dir="0" index="0" bw="16" slack="0"/>
<pin id="1192" dir="1" index="1" bw="7" slack="0"/>
</pin_list>
<bind>
<opcode="trunc(33) " fcode="trunc"/>
<opset="trunc_ln46_49/1 "/>
</bind>
</comp>

<comp id="1194" class="1004" name="icmp_ln46_63_fu_1194">
<pin_list>
<pin id="1195" dir="0" index="0" bw="7" slack="0"/>
<pin id="1196" dir="0" index="1" bw="1" slack="0"/>
<pin id="1197" dir="1" index="2" bw="1" slack="0"/>
</pin_list>
<bind>
<opcode="icmp(45) " fcode="icmp"/>
<opset="icmp_ln46_63/1 "/>
</bind>
</comp>

<comp id="1200" class="1004" name="tmp_191_fu_1200">
<pin_list>
<pin id="1201" dir="0" index="0" bw="1" slack="0"/>
<pin id="1202" dir="0" index="1" bw="16" slack="0"/>
<pin id="1203" dir="0" index="2" bw="5" slack="0"/>
<pin id="1204" dir="1" index="3" bw="1" slack="0"/>
</pin_list>
<bind>
<opcode="bitselect(1000) " fcode="bitselect"/>
<opset="tmp_191/1 "/>
</bind>
</comp>

<comp id="1208" class="1004" name="or_ln46_95_fu_1208">
<pin_list>
<pin id="1209" dir="0" index="0" bw="1" slack="0"/>
<pin id="1210" dir="0" index="1" bw="1" slack="0"/>
<pin id="1211" dir="1" index="2" bw="1" slack="0"/>
</pin_list>
<bind>
<opcode="or(24) " fcode="or"/>
<opset="or_ln46_95/1 "/>
</bind>
</comp>

<comp id="1214" class="1004" name="and_ln46_61_fu_1214">
<pin_list>
<pin id="1215" dir="0" index="0" bw="1" slack="0"/>
<pin id="1216" dir="0" index="1" bw="1" slack="0"/>
<pin id="1217" dir="1" index="2" bw="1" slack="0"/>
</pin_list>
<bind>
<opcode="and(23) " fcode="and"/>
<opset="and_ln46_61/1 "/>
</bind>
</comp>

<comp id="1220" class="1004" name="zext_ln46_31_fu_1220">
<pin_list>
<pin id="1221" dir="0" index="0" bw="1" slack="0"/>
<pin id="1222" dir="1" index="1" bw="2" slack="0"/>
</pin_list>
<bind>
<opcode="zext(34) " fcode="zext"/>
<opset="zext_ln46_31/1 "/>
</bind>
</comp>

<comp id="1224" class="1004" name="add_ln46_31_fu_1224">
<pin_list>
<pin id="1225" dir="0" index="0" bw="2" slack="0"/>
<pin id="1226" dir="0" index="1" bw="1" slack="0"/>
<pin id="1227" dir="1" index="2" bw="2" slack="1"/>
</pin_list>
<bind>
<opcode="add(8) " fcode="add"/>
<opset="add_ln46_31/1 "/>
</bind>
</comp>

<comp id="1230" class="1004" name="tmp_192_fu_1230">
<pin_list>
<pin id="1231" dir="0" index="0" bw="6" slack="0"/>
<pin id="1232" dir="0" index="1" bw="16" slack="0"/>
<pin id="1233" dir="0" index="2" bw="5" slack="0"/>
<pin id="1234" dir="0" index="3" bw="5" slack="0"/>
<pin id="1235" dir="1" index="4" bw="6" slack="0"/>
</pin_list>
<bind>
<opcode="partselect(1002) " fcode="partselect"/>
<opset="tmp_192/1 "/>
</bind>
</comp>

<comp id="1240" class="1004" name="icmp_ln46_64_fu_1240">
<pin_list>
<pin id="1241" dir="0" index="0" bw="6" slack="0"/>
<pin id="1242" dir="0" index="1" bw="1" slack="0"/>
<pin id="1243" dir="1" index="2" bw="1" slack="1"/>
</pin_list>
<bind>
<opcode="icmp(45) " fcode="icmp"/>
<opset="icmp_ln46_64/1 "/>
</bind>
</comp>

<comp id="1246" class="1004" name="tmp_194_fu_1246">
<pin_list>
<pin id="1247" dir="0" index="0" bw="1" slack="0"/>
<pin id="1248" dir="0" index="1" bw="16" slack="0"/>
<pin id="1249" dir="0" index="2" bw="5" slack="0"/>
<pin id="1250" dir="1" index="3" bw="1" slack="1"/>
</pin_list>
<bind>
<opcode="bitselect(1000) " fcode="bitselect"/>
<opset="tmp_194/1 "/>
</bind>
</comp>

<comp id="1254" class="1004" name="trunc_ln46_30_fu_1254">
<pin_list>
<pin id="1255" dir="0" index="0" bw="2" slack="0"/>
<pin id="1256" dir="0" index="1" bw="16" slack="0"/>
<pin id="1257" dir="0" index="2" bw="5" slack="0"/>
<pin id="1258" dir="0" index="3" bw="5" slack="0"/>
<pin id="1259" dir="1" index="4" bw="2" slack="0"/>
</pin_list>
<bind>
<opcode="partselect(1002) " fcode="partselect"/>
<opset="trunc_ln46_30/1 "/>
</bind>
</comp>

<comp id="1264" class="1004" name="tmp_195_fu_1264">
<pin_list>
<pin id="1265" dir="0" index="0" bw="1" slack="0"/>
<pin id="1266" dir="0" index="1" bw="16" slack="0"/>
<pin id="1267" dir="0" index="2" bw="4" slack="0"/>
<pin id="1268" dir="1" index="3" bw="1" slack="0"/>
</pin_list>
<bind>
<opcode="bitselect(1000) " fcode="bitselect"/>
<opset="tmp_195/1 "/>
</bind>
</comp>

<comp id="1272" class="1004" name="trunc_ln46_50_fu_1272">
<pin_list>
<pin id="1273" dir="0" index="0" bw="16" slack="0"/>
<pin id="1274" dir="1" index="1" bw="7" slack="0"/>
</pin_list>
<bind>
<opcode="trunc(33) " fcode="trunc"/>
<opset="trunc_ln46_50/1 "/>
</bind>
</comp>

<comp id="1276" class="1004" name="icmp_ln46_65_fu_1276">
<pin_list>
<pin id="1277" dir="0" index="0" bw="7" slack="0"/>
<pin id="1278" dir="0" index="1" bw="1" slack="0"/>
<pin id="1279" dir="1" index="2" bw="1" slack="0"/>
</pin_list>
<bind>
<opcode="icmp(45) " fcode="icmp"/>
<opset="icmp_ln46_65/1 "/>
</bind>
</comp>

<comp id="1282" class="1004" name="tmp_197_fu_1282">
<pin_list>
<pin id="1283" dir="0" index="0" bw="1" slack="0"/>
<pin id="1284" dir="0" index="1" bw="16" slack="0"/>
<pin id="1285" dir="0" index="2" bw="5" slack="0"/>
<pin id="1286" dir="1" index="3" bw="1" slack="0"/>
</pin_list>
<bind>
<opcode="bitselect(1000) " fcode="bitselect"/>
<opset="tmp_197/1 "/>
</bind>
</comp>

<comp id="1290" class="1004" name="or_ln46_98_fu_1290">
<pin_list>
<pin id="1291" dir="0" index="0" bw="1" slack="0"/>
<pin id="1292" dir="0" index="1" bw="1" slack="0"/>
<pin id="1293" dir="1" index="2" bw="1" slack="0"/>
</pin_list>
<bind>
<opcode="or(24) " fcode="or"/>
<opset="or_ln46_98/1 "/>
</bind>
</comp>

<comp id="1296" class="1004" name="and_ln46_63_fu_1296">
<pin_list>
<pin id="1297" dir="0" index="0" bw="1" slack="0"/>
<pin id="1298" dir="0" index="1" bw="1" slack="0"/>
<pin id="1299" dir="1" index="2" bw="1" slack="0"/>
</pin_list>
<bind>
<opcode="and(23) " fcode="and"/>
<opset="and_ln46_63/1 "/>
</bind>
</comp>

<comp id="1302" class="1004" name="zext_ln46_32_fu_1302">
<pin_list>
<pin id="1303" dir="0" index="0" bw="1" slack="0"/>
<pin id="1304" dir="1" index="1" bw="2" slack="0"/>
</pin_list>
<bind>
<opcode="zext(34) " fcode="zext"/>
<opset="zext_ln46_32/1 "/>
</bind>
</comp>

<comp id="1306" class="1004" name="add_ln46_32_fu_1306">
<pin_list>
<pin id="1307" dir="0" index="0" bw="2" slack="0"/>
<pin id="1308" dir="0" index="1" bw="1" slack="0"/>
<pin id="1309" dir="1" index="2" bw="2" slack="1"/>
</pin_list>
<bind>
<opcode="add(8) " fcode="add"/>
<opset="add_ln46_32/1 "/>
</bind>
</comp>

<comp id="1312" class="1004" name="tmp_198_fu_1312">
<pin_list>
<pin id="1313" dir="0" index="0" bw="6" slack="0"/>
<pin id="1314" dir="0" index="1" bw="16" slack="0"/>
<pin id="1315" dir="0" index="2" bw="5" slack="0"/>
<pin id="1316" dir="0" index="3" bw="5" slack="0"/>
<pin id="1317" dir="1" index="4" bw="6" slack="0"/>
</pin_list>
<bind>
<opcode="partselect(1002) " fcode="partselect"/>
<opset="tmp_198/1 "/>
</bind>
</comp>

<comp id="1322" class="1004" name="icmp_ln46_66_fu_1322">
<pin_list>
<pin id="1323" dir="0" index="0" bw="6" slack="0"/>
<pin id="1324" dir="0" index="1" bw="1" slack="0"/>
<pin id="1325" dir="1" index="2" bw="1" slack="1"/>
</pin_list>
<bind>
<opcode="icmp(45) " fcode="icmp"/>
<opset="icmp_ln46_66/1 "/>
</bind>
</comp>

<comp id="1328" class="1004" name="tmp_200_fu_1328">
<pin_list>
<pin id="1329" dir="0" index="0" bw="1" slack="0"/>
<pin id="1330" dir="0" index="1" bw="16" slack="0"/>
<pin id="1331" dir="0" index="2" bw="5" slack="0"/>
<pin id="1332" dir="1" index="3" bw="1" slack="1"/>
</pin_list>
<bind>
<opcode="bitselect(1000) " fcode="bitselect"/>
<opset="tmp_200/1 "/>
</bind>
</comp>

<comp id="1336" class="1004" name="trunc_ln46_31_fu_1336">
<pin_list>
<pin id="1337" dir="0" index="0" bw="2" slack="0"/>
<pin id="1338" dir="0" index="1" bw="16" slack="0"/>
<pin id="1339" dir="0" index="2" bw="5" slack="0"/>
<pin id="1340" dir="0" index="3" bw="5" slack="0"/>
<pin id="1341" dir="1" index="4" bw="2" slack="0"/>
</pin_list>
<bind>
<opcode="partselect(1002) " fcode="partselect"/>
<opset="trunc_ln46_31/1 "/>
</bind>
</comp>

<comp id="1346" class="1004" name="tmp_201_fu_1346">
<pin_list>
<pin id="1347" dir="0" index="0" bw="1" slack="0"/>
<pin id="1348" dir="0" index="1" bw="16" slack="0"/>
<pin id="1349" dir="0" index="2" bw="4" slack="0"/>
<pin id="1350" dir="1" index="3" bw="1" slack="0"/>
</pin_list>
<bind>
<opcode="bitselect(1000) " fcode="bitselect"/>
<opset="tmp_201/1 "/>
</bind>
</comp>

<comp id="1354" class="1004" name="trunc_ln46_51_fu_1354">
<pin_list>
<pin id="1355" dir="0" index="0" bw="16" slack="0"/>
<pin id="1356" dir="1" index="1" bw="7" slack="0"/>
</pin_list>
<bind>
<opcode="trunc(33) " fcode="trunc"/>
<opset="trunc_ln46_51/1 "/>
</bind>
</comp>

<comp id="1358" class="1004" name="icmp_ln46_67_fu_1358">
<pin_list>
<pin id="1359" dir="0" index="0" bw="7" slack="0"/>
<pin id="1360" dir="0" index="1" bw="1" slack="0"/>
<pin id="1361" dir="1" index="2" bw="1" slack="0"/>
</pin_list>
<bind>
<opcode="icmp(45) " fcode="icmp"/>
<opset="icmp_ln46_67/1 "/>
</bind>
</comp>

<comp id="1364" class="1004" name="tmp_203_fu_1364">
<pin_list>
<pin id="1365" dir="0" index="0" bw="1" slack="0"/>
<pin id="1366" dir="0" index="1" bw="16" slack="0"/>
<pin id="1367" dir="0" index="2" bw="5" slack="0"/>
<pin id="1368" dir="1" index="3" bw="1" slack="0"/>
</pin_list>
<bind>
<opcode="bitselect(1000) " fcode="bitselect"/>
<opset="tmp_203/1 "/>
</bind>
</comp>

<comp id="1372" class="1004" name="or_ln46_101_fu_1372">
<pin_list>
<pin id="1373" dir="0" index="0" bw="1" slack="0"/>
<pin id="1374" dir="0" index="1" bw="1" slack="0"/>
<pin id="1375" dir="1" index="2" bw="1" slack="0"/>
</pin_list>
<bind>
<opcode="or(24) " fcode="or"/>
<opset="or_ln46_101/1 "/>
</bind>
</comp>

<comp id="1378" class="1004" name="and_ln46_65_fu_1378">
<pin_list>
<pin id="1379" dir="0" index="0" bw="1" slack="0"/>
<pin id="1380" dir="0" index="1" bw="1" slack="0"/>
<pin id="1381" dir="1" index="2" bw="1" slack="0"/>
</pin_list>
<bind>
<opcode="and(23) " fcode="and"/>
<opset="and_ln46_65/1 "/>
</bind>
</comp>

<comp id="1384" class="1004" name="zext_ln46_33_fu_1384">
<pin_list>
<pin id="1385" dir="0" index="0" bw="1" slack="0"/>
<pin id="1386" dir="1" index="1" bw="2" slack="0"/>
</pin_list>
<bind>
<opcode="zext(34) " fcode="zext"/>
<opset="zext_ln46_33/1 "/>
</bind>
</comp>

<comp id="1388" class="1004" name="add_ln46_33_fu_1388">
<pin_list>
<pin id="1389" dir="0" index="0" bw="2" slack="0"/>
<pin id="1390" dir="0" index="1" bw="1" slack="0"/>
<pin id="1391" dir="1" index="2" bw="2" slack="1"/>
</pin_list>
<bind>
<opcode="add(8) " fcode="add"/>
<opset="add_ln46_33/1 "/>
</bind>
</comp>

<comp id="1394" class="1004" name="tmp_204_fu_1394">
<pin_list>
<pin id="1395" dir="0" index="0" bw="6" slack="0"/>
<pin id="1396" dir="0" index="1" bw="16" slack="0"/>
<pin id="1397" dir="0" index="2" bw="5" slack="0"/>
<pin id="1398" dir="0" index="3" bw="5" slack="0"/>
<pin id="1399" dir="1" index="4" bw="6" slack="0"/>
</pin_list>
<bind>
<opcode="partselect(1002) " fcode="partselect"/>
<opset="tmp_204/1 "/>
</bind>
</comp>

<comp id="1404" class="1004" name="icmp_ln46_68_fu_1404">
<pin_list>
<pin id="1405" dir="0" index="0" bw="6" slack="0"/>
<pin id="1406" dir="0" index="1" bw="1" slack="0"/>
<pin id="1407" dir="1" index="2" bw="1" slack="1"/>
</pin_list>
<bind>
<opcode="icmp(45) " fcode="icmp"/>
<opset="icmp_ln46_68/1 "/>
</bind>
</comp>

<comp id="1410" class="1004" name="tmp_206_fu_1410">
<pin_list>
<pin id="1411" dir="0" index="0" bw="1" slack="0"/>
<pin id="1412" dir="0" index="1" bw="16" slack="0"/>
<pin id="1413" dir="0" index="2" bw="5" slack="0"/>
<pin id="1414" dir="1" index="3" bw="1" slack="1"/>
</pin_list>
<bind>
<opcode="bitselect(1000) " fcode="bitselect"/>
<opset="tmp_206/1 "/>
</bind>
</comp>

<comp id="1418" class="1004" name="trunc_ln46_32_fu_1418">
<pin_list>
<pin id="1419" dir="0" index="0" bw="2" slack="0"/>
<pin id="1420" dir="0" index="1" bw="16" slack="0"/>
<pin id="1421" dir="0" index="2" bw="5" slack="0"/>
<pin id="1422" dir="0" index="3" bw="5" slack="0"/>
<pin id="1423" dir="1" index="4" bw="2" slack="0"/>
</pin_list>
<bind>
<opcode="partselect(1002) " fcode="partselect"/>
<opset="trunc_ln46_32/1 "/>
</bind>
</comp>

<comp id="1428" class="1004" name="tmp_207_fu_1428">
<pin_list>
<pin id="1429" dir="0" index="0" bw="1" slack="0"/>
<pin id="1430" dir="0" index="1" bw="16" slack="0"/>
<pin id="1431" dir="0" index="2" bw="4" slack="0"/>
<pin id="1432" dir="1" index="3" bw="1" slack="0"/>
</pin_list>
<bind>
<opcode="bitselect(1000) " fcode="bitselect"/>
<opset="tmp_207/1 "/>
</bind>
</comp>

<comp id="1436" class="1004" name="trunc_ln46_52_fu_1436">
<pin_list>
<pin id="1437" dir="0" index="0" bw="16" slack="0"/>
<pin id="1438" dir="1" index="1" bw="7" slack="0"/>
</pin_list>
<bind>
<opcode="trunc(33) " fcode="trunc"/>
<opset="trunc_ln46_52/1 "/>
</bind>
</comp>

<comp id="1440" class="1004" name="icmp_ln46_69_fu_1440">
<pin_list>
<pin id="1441" dir="0" index="0" bw="7" slack="0"/>
<pin id="1442" dir="0" index="1" bw="1" slack="0"/>
<pin id="1443" dir="1" index="2" bw="1" slack="0"/>
</pin_list>
<bind>
<opcode="icmp(45) " fcode="icmp"/>
<opset="icmp_ln46_69/1 "/>
</bind>
</comp>

<comp id="1446" class="1004" name="tmp_209_fu_1446">
<pin_list>
<pin id="1447" dir="0" index="0" bw="1" slack="0"/>
<pin id="1448" dir="0" index="1" bw="16" slack="0"/>
<pin id="1449" dir="0" index="2" bw="5" slack="0"/>
<pin id="1450" dir="1" index="3" bw="1" slack="0"/>
</pin_list>
<bind>
<opcode="bitselect(1000) " fcode="bitselect"/>
<opset="tmp_209/1 "/>
</bind>
</comp>

<comp id="1454" class="1004" name="or_ln46_104_fu_1454">
<pin_list>
<pin id="1455" dir="0" index="0" bw="1" slack="0"/>
<pin id="1456" dir="0" index="1" bw="1" slack="0"/>
<pin id="1457" dir="1" index="2" bw="1" slack="0"/>
</pin_list>
<bind>
<opcode="or(24) " fcode="or"/>
<opset="or_ln46_104/1 "/>
</bind>
</comp>

<comp id="1460" class="1004" name="and_ln46_67_fu_1460">
<pin_list>
<pin id="1461" dir="0" index="0" bw="1" slack="0"/>
<pin id="1462" dir="0" index="1" bw="1" slack="0"/>
<pin id="1463" dir="1" index="2" bw="1" slack="0"/>
</pin_list>
<bind>
<opcode="and(23) " fcode="and"/>
<opset="and_ln46_67/1 "/>
</bind>
</comp>

<comp id="1466" class="1004" name="zext_ln46_34_fu_1466">
<pin_list>
<pin id="1467" dir="0" index="0" bw="1" slack="0"/>
<pin id="1468" dir="1" index="1" bw="2" slack="0"/>
</pin_list>
<bind>
<opcode="zext(34) " fcode="zext"/>
<opset="zext_ln46_34/1 "/>
</bind>
</comp>

<comp id="1470" class="1004" name="add_ln46_34_fu_1470">
<pin_list>
<pin id="1471" dir="0" index="0" bw="2" slack="0"/>
<pin id="1472" dir="0" index="1" bw="1" slack="0"/>
<pin id="1473" dir="1" index="2" bw="2" slack="1"/>
</pin_list>
<bind>
<opcode="add(8) " fcode="add"/>
<opset="add_ln46_34/1 "/>
</bind>
</comp>

<comp id="1476" class="1004" name="tmp_210_fu_1476">
<pin_list>
<pin id="1477" dir="0" index="0" bw="6" slack="0"/>
<pin id="1478" dir="0" index="1" bw="16" slack="0"/>
<pin id="1479" dir="0" index="2" bw="5" slack="0"/>
<pin id="1480" dir="0" index="3" bw="5" slack="0"/>
<pin id="1481" dir="1" index="4" bw="6" slack="0"/>
</pin_list>
<bind>
<opcode="partselect(1002) " fcode="partselect"/>
<opset="tmp_210/1 "/>
</bind>
</comp>

<comp id="1486" class="1004" name="icmp_ln46_70_fu_1486">
<pin_list>
<pin id="1487" dir="0" index="0" bw="6" slack="0"/>
<pin id="1488" dir="0" index="1" bw="1" slack="0"/>
<pin id="1489" dir="1" index="2" bw="1" slack="1"/>
</pin_list>
<bind>
<opcode="icmp(45) " fcode="icmp"/>
<opset="icmp_ln46_70/1 "/>
</bind>
</comp>

<comp id="1492" class="1004" name="tmp_212_fu_1492">
<pin_list>
<pin id="1493" dir="0" index="0" bw="1" slack="0"/>
<pin id="1494" dir="0" index="1" bw="16" slack="0"/>
<pin id="1495" dir="0" index="2" bw="5" slack="0"/>
<pin id="1496" dir="1" index="3" bw="1" slack="1"/>
</pin_list>
<bind>
<opcode="bitselect(1000) " fcode="bitselect"/>
<opset="tmp_212/1 "/>
</bind>
</comp>

<comp id="1500" class="1004" name="trunc_ln46_33_fu_1500">
<pin_list>
<pin id="1501" dir="0" index="0" bw="2" slack="0"/>
<pin id="1502" dir="0" index="1" bw="16" slack="0"/>
<pin id="1503" dir="0" index="2" bw="5" slack="0"/>
<pin id="1504" dir="0" index="3" bw="5" slack="0"/>
<pin id="1505" dir="1" index="4" bw="2" slack="0"/>
</pin_list>
<bind>
<opcode="partselect(1002) " fcode="partselect"/>
<opset="trunc_ln46_33/1 "/>
</bind>
</comp>

<comp id="1510" class="1004" name="tmp_213_fu_1510">
<pin_list>
<pin id="1511" dir="0" index="0" bw="1" slack="0"/>
<pin id="1512" dir="0" index="1" bw="16" slack="0"/>
<pin id="1513" dir="0" index="2" bw="4" slack="0"/>
<pin id="1514" dir="1" index="3" bw="1" slack="0"/>
</pin_list>
<bind>
<opcode="bitselect(1000) " fcode="bitselect"/>
<opset="tmp_213/1 "/>
</bind>
</comp>

<comp id="1518" class="1004" name="trunc_ln46_53_fu_1518">
<pin_list>
<pin id="1519" dir="0" index="0" bw="16" slack="0"/>
<pin id="1520" dir="1" index="1" bw="7" slack="0"/>
</pin_list>
<bind>
<opcode="trunc(33) " fcode="trunc"/>
<opset="trunc_ln46_53/1 "/>
</bind>
</comp>

<comp id="1522" class="1004" name="icmp_ln46_71_fu_1522">
<pin_list>
<pin id="1523" dir="0" index="0" bw="7" slack="0"/>
<pin id="1524" dir="0" index="1" bw="1" slack="0"/>
<pin id="1525" dir="1" index="2" bw="1" slack="0"/>
</pin_list>
<bind>
<opcode="icmp(45) " fcode="icmp"/>
<opset="icmp_ln46_71/1 "/>
</bind>
</comp>

<comp id="1528" class="1004" name="tmp_215_fu_1528">
<pin_list>
<pin id="1529" dir="0" index="0" bw="1" slack="0"/>
<pin id="1530" dir="0" index="1" bw="16" slack="0"/>
<pin id="1531" dir="0" index="2" bw="5" slack="0"/>
<pin id="1532" dir="1" index="3" bw="1" slack="0"/>
</pin_list>
<bind>
<opcode="bitselect(1000) " fcode="bitselect"/>
<opset="tmp_215/1 "/>
</bind>
</comp>

<comp id="1536" class="1004" name="or_ln46_107_fu_1536">
<pin_list>
<pin id="1537" dir="0" index="0" bw="1" slack="0"/>
<pin id="1538" dir="0" index="1" bw="1" slack="0"/>
<pin id="1539" dir="1" index="2" bw="1" slack="0"/>
</pin_list>
<bind>
<opcode="or(24) " fcode="or"/>
<opset="or_ln46_107/1 "/>
</bind>
</comp>

<comp id="1542" class="1004" name="and_ln46_69_fu_1542">
<pin_list>
<pin id="1543" dir="0" index="0" bw="1" slack="0"/>
<pin id="1544" dir="0" index="1" bw="1" slack="0"/>
<pin id="1545" dir="1" index="2" bw="1" slack="0"/>
</pin_list>
<bind>
<opcode="and(23) " fcode="and"/>
<opset="and_ln46_69/1 "/>
</bind>
</comp>

<comp id="1548" class="1004" name="zext_ln46_35_fu_1548">
<pin_list>
<pin id="1549" dir="0" index="0" bw="1" slack="0"/>
<pin id="1550" dir="1" index="1" bw="2" slack="0"/>
</pin_list>
<bind>
<opcode="zext(34) " fcode="zext"/>
<opset="zext_ln46_35/1 "/>
</bind>
</comp>

<comp id="1552" class="1004" name="add_ln46_35_fu_1552">
<pin_list>
<pin id="1553" dir="0" index="0" bw="2" slack="0"/>
<pin id="1554" dir="0" index="1" bw="1" slack="0"/>
<pin id="1555" dir="1" index="2" bw="2" slack="1"/>
</pin_list>
<bind>
<opcode="add(8) " fcode="add"/>
<opset="add_ln46_35/1 "/>
</bind>
</comp>

<comp id="1558" class="1004" name="tmp_216_fu_1558">
<pin_list>
<pin id="1559" dir="0" index="0" bw="6" slack="0"/>
<pin id="1560" dir="0" index="1" bw="16" slack="0"/>
<pin id="1561" dir="0" index="2" bw="5" slack="0"/>
<pin id="1562" dir="0" index="3" bw="5" slack="0"/>
<pin id="1563" dir="1" index="4" bw="6" slack="0"/>
</pin_list>
<bind>
<opcode="partselect(1002) " fcode="partselect"/>
<opset="tmp_216/1 "/>
</bind>
</comp>

<comp id="1568" class="1004" name="icmp_ln46_72_fu_1568">
<pin_list>
<pin id="1569" dir="0" index="0" bw="6" slack="0"/>
<pin id="1570" dir="0" index="1" bw="1" slack="0"/>
<pin id="1571" dir="1" index="2" bw="1" slack="1"/>
</pin_list>
<bind>
<opcode="icmp(45) " fcode="icmp"/>
<opset="icmp_ln46_72/1 "/>
</bind>
</comp>

<comp id="1574" class="1004" name="icmp_ln45_fu_1574">
<pin_list>
<pin id="1575" dir="0" index="0" bw="16" slack="1"/>
<pin id="1576" dir="0" index="1" bw="1" slack="0"/>
<pin id="1577" dir="1" index="2" bw="1" slack="0"/>
</pin_list>
<bind>
<opcode="icmp(45) " fcode="icmp"/>
<opset="icmp_ln45/2 "/>
</bind>
</comp>

<comp id="1579" class="1004" name="tmp_120_fu_1579">
<pin_list>
<pin id="1580" dir="0" index="0" bw="1" slack="0"/>
<pin id="1581" dir="0" index="1" bw="16" slack="1"/>
<pin id="1582" dir="0" index="2" bw="5" slack="0"/>
<pin id="1583" dir="1" index="3" bw="1" slack="0"/>
</pin_list>
<bind>
<opcode="bitselect(1000) " fcode="bitselect"/>
<opset="tmp_120/2 "/>
</bind>
</comp>

<comp id="1586" class="1004" name="tmp_122_fu_1586">
<pin_list>
<pin id="1587" dir="0" index="0" bw="1" slack="0"/>
<pin id="1588" dir="0" index="1" bw="2" slack="1"/>
<pin id="1589" dir="0" index="2" bw="1" slack="0"/>
<pin id="1590" dir="1" index="3" bw="1" slack="0"/>
</pin_list>
<bind>
<opcode="bitselect(1000) " fcode="bitselect"/>
<opset="tmp_122/2 "/>
</bind>
</comp>

<comp id="1593" class="1004" name="not_tmp_140_fu_1593">
<pin_list>
<pin id="1594" dir="0" index="0" bw="1" slack="0"/>
<pin id="1595" dir="0" index="1" bw="1" slack="0"/>
<pin id="1596" dir="1" index="2" bw="1" slack="0"/>
</pin_list>
<bind>
<opcode="xor(25) " fcode="xor"/>
<opset="not_tmp_140/2 "/>
</bind>
</comp>

<comp id="1599" class="1004" name="and_ln46_40_fu_1599">
<pin_list>
<pin id="1600" dir="0" index="0" bw="1" slack="0"/>
<pin id="1601" dir="0" index="1" bw="1" slack="0"/>
<pin id="1602" dir="1" index="2" bw="1" slack="0"/>
</pin_list>
<bind>
<opcode="or(24) " fcode="or"/>
<opset="and_ln46_40/2 "/>
</bind>
</comp>

<comp id="1605" class="1004" name="empty_fu_1605">
<pin_list>
<pin id="1606" dir="0" index="0" bw="1" slack="1"/>
<pin id="1607" dir="0" index="1" bw="1" slack="0"/>
<pin id="1608" dir="1" index="2" bw="1" slack="0"/>
</pin_list>
<bind>
<opcode="and(23) " fcode="and"/>
<opset="empty/2 "/>
</bind>
</comp>

<comp id="1610" class="1004" name="or_ln46_60_fu_1610">
<pin_list>
<pin id="1611" dir="0" index="0" bw="1" slack="0"/>
<pin id="1612" dir="0" index="1" bw="1" slack="1"/>
<pin id="1613" dir="1" index="2" bw="1" slack="0"/>
</pin_list>
<bind>
<opcode="or(24) " fcode="or"/>
<opset="or_ln46_60/2 "/>
</bind>
</comp>

<comp id="1615" class="1004" name="xor_ln46_fu_1615">
<pin_list>
<pin id="1616" dir="0" index="0" bw="1" slack="0"/>
<pin id="1617" dir="0" index="1" bw="1" slack="0"/>
<pin id="1618" dir="1" index="2" bw="1" slack="0"/>
</pin_list>
<bind>
<opcode="xor(25) " fcode="xor"/>
<opset="xor_ln46/2 "/>
</bind>
</comp>

<comp id="1621" class="1004" name="or_ln46_61_fu_1621">
<pin_list>
<pin id="1622" dir="0" index="0" bw="1" slack="1"/>
<pin id="1623" dir="0" index="1" bw="1" slack="0"/>
<pin id="1624" dir="1" index="2" bw="1" slack="0"/>
</pin_list>
<bind>
<opcode="or(24) " fcode="or"/>
<opset="or_ln46_61/2 "/>
</bind>
</comp>

<comp id="1626" class="1004" name="select_ln46_fu_1626">
<pin_list>
<pin id="1627" dir="0" index="0" bw="1" slack="1"/>
<pin id="1628" dir="0" index="1" bw="1" slack="0"/>
<pin id="1629" dir="0" index="2" bw="2" slack="1"/>
<pin id="1630" dir="1" index="3" bw="2" slack="0"/>
</pin_list>
<bind>
<opcode="select(49) " fcode="select"/>
<opset="select_ln46/2 "/>
</bind>
</comp>

<comp id="1632" class="1004" name="select_ln46_60_fu_1632">
<pin_list>
<pin id="1633" dir="0" index="0" bw="1" slack="0"/>
<pin id="1634" dir="0" index="1" bw="2" slack="0"/>
<pin id="1635" dir="0" index="2" bw="1" slack="0"/>
<pin id="1636" dir="1" index="3" bw="2" slack="0"/>
</pin_list>
<bind>
<opcode="select(49) " fcode="select"/>
<opset="select_ln46_60/2 "/>
</bind>
</comp>

<comp id="1640" class="1004" name="select_ln46_61_fu_1640">
<pin_list>
<pin id="1641" dir="0" index="0" bw="1" slack="0"/>
<pin id="1642" dir="0" index="1" bw="2" slack="0"/>
<pin id="1643" dir="0" index="2" bw="2" slack="1"/>
<pin id="1644" dir="1" index="3" bw="2" slack="0"/>
</pin_list>
<bind>
<opcode="select(49) " fcode="select"/>
<opset="select_ln46_61/2 "/>
</bind>
</comp>

<comp id="1647" class="1004" name="res_0_0_fu_1647">
<pin_list>
<pin id="1648" dir="0" index="0" bw="1" slack="0"/>
<pin id="1649" dir="0" index="1" bw="2" slack="0"/>
<pin id="1650" dir="0" index="2" bw="1" slack="0"/>
<pin id="1651" dir="1" index="3" bw="2" slack="0"/>
</pin_list>
<bind>
<opcode="select(49) " fcode="select"/>
<opset="res_0_0/2 "/>
</bind>
</comp>

<comp id="1655" class="1004" name="icmp_ln45_20_fu_1655">
<pin_list>
<pin id="1656" dir="0" index="0" bw="16" slack="1"/>
<pin id="1657" dir="0" index="1" bw="1" slack="0"/>
<pin id="1658" dir="1" index="2" bw="1" slack="0"/>
</pin_list>
<bind>
<opcode="icmp(45) " fcode="icmp"/>
<opset="icmp_ln45_20/2 "/>
</bind>
</comp>

<comp id="1660" class="1004" name="tmp_125_fu_1660">
<pin_list>
<pin id="1661" dir="0" index="0" bw="1" slack="0"/>
<pin id="1662" dir="0" index="1" bw="16" slack="1"/>
<pin id="1663" dir="0" index="2" bw="5" slack="0"/>
<pin id="1664" dir="1" index="3" bw="1" slack="0"/>
</pin_list>
<bind>
<opcode="bitselect(1000) " fcode="bitselect"/>
<opset="tmp_125/2 "/>
</bind>
</comp>

<comp id="1667" class="1004" name="tmp_127_fu_1667">
<pin_list>
<pin id="1668" dir="0" index="0" bw="1" slack="0"/>
<pin id="1669" dir="0" index="1" bw="2" slack="1"/>
<pin id="1670" dir="0" index="2" bw="1" slack="0"/>
<pin id="1671" dir="1" index="3" bw="1" slack="0"/>
</pin_list>
<bind>
<opcode="bitselect(1000) " fcode="bitselect"/>
<opset="tmp_127/2 "/>
</bind>
</comp>

<comp id="1674" class="1004" name="not_tmp_147_fu_1674">
<pin_list>
<pin id="1675" dir="0" index="0" bw="1" slack="0"/>
<pin id="1676" dir="0" index="1" bw="1" slack="0"/>
<pin id="1677" dir="1" index="2" bw="1" slack="0"/>
</pin_list>
<bind>
<opcode="xor(25) " fcode="xor"/>
<opset="not_tmp_147/2 "/>
</bind>
</comp>

<comp id="1680" class="1004" name="and_ln46_42_fu_1680">
<pin_list>
<pin id="1681" dir="0" index="0" bw="1" slack="0"/>
<pin id="1682" dir="0" index="1" bw="1" slack="0"/>
<pin id="1683" dir="1" index="2" bw="1" slack="0"/>
</pin_list>
<bind>
<opcode="or(24) " fcode="or"/>
<opset="and_ln46_42/2 "/>
</bind>
</comp>

<comp id="1686" class="1004" name="empty_30_fu_1686">
<pin_list>
<pin id="1687" dir="0" index="0" bw="1" slack="1"/>
<pin id="1688" dir="0" index="1" bw="1" slack="0"/>
<pin id="1689" dir="1" index="2" bw="1" slack="0"/>
</pin_list>
<bind>
<opcode="and(23) " fcode="and"/>
<opset="empty_30/2 "/>
</bind>
</comp>

<comp id="1691" class="1004" name="or_ln46_63_fu_1691">
<pin_list>
<pin id="1692" dir="0" index="0" bw="1" slack="0"/>
<pin id="1693" dir="0" index="1" bw="1" slack="1"/>
<pin id="1694" dir="1" index="2" bw="1" slack="0"/>
</pin_list>
<bind>
<opcode="or(24) " fcode="or"/>
<opset="or_ln46_63/2 "/>
</bind>
</comp>

<comp id="1696" class="1004" name="xor_ln46_20_fu_1696">
<pin_list>
<pin id="1697" dir="0" index="0" bw="1" slack="0"/>
<pin id="1698" dir="0" index="1" bw="1" slack="0"/>
<pin id="1699" dir="1" index="2" bw="1" slack="0"/>
</pin_list>
<bind>
<opcode="xor(25) " fcode="xor"/>
<opset="xor_ln46_20/2 "/>
</bind>
</comp>

<comp id="1702" class="1004" name="or_ln46_64_fu_1702">
<pin_list>
<pin id="1703" dir="0" index="0" bw="1" slack="1"/>
<pin id="1704" dir="0" index="1" bw="1" slack="0"/>
<pin id="1705" dir="1" index="2" bw="1" slack="0"/>
</pin_list>
<bind>
<opcode="or(24) " fcode="or"/>
<opset="or_ln46_64/2 "/>
</bind>
</comp>

<comp id="1707" class="1004" name="select_ln46_62_fu_1707">
<pin_list>
<pin id="1708" dir="0" index="0" bw="1" slack="1"/>
<pin id="1709" dir="0" index="1" bw="1" slack="0"/>
<pin id="1710" dir="0" index="2" bw="2" slack="1"/>
<pin id="1711" dir="1" index="3" bw="2" slack="0"/>
</pin_list>
<bind>
<opcode="select(49) " fcode="select"/>
<opset="select_ln46_62/2 "/>
</bind>
</comp>

<comp id="1713" class="1004" name="select_ln46_63_fu_1713">
<pin_list>
<pin id="1714" dir="0" index="0" bw="1" slack="0"/>
<pin id="1715" dir="0" index="1" bw="2" slack="0"/>
<pin id="1716" dir="0" index="2" bw="1" slack="0"/>
<pin id="1717" dir="1" index="3" bw="2" slack="0"/>
</pin_list>
<bind>
<opcode="select(49) " fcode="select"/>
<opset="select_ln46_63/2 "/>
</bind>
</comp>

<comp id="1721" class="1004" name="select_ln46_64_fu_1721">
<pin_list>
<pin id="1722" dir="0" index="0" bw="1" slack="0"/>
<pin id="1723" dir="0" index="1" bw="2" slack="0"/>
<pin id="1724" dir="0" index="2" bw="2" slack="1"/>
<pin id="1725" dir="1" index="3" bw="2" slack="0"/>
</pin_list>
<bind>
<opcode="select(49) " fcode="select"/>
<opset="select_ln46_64/2 "/>
</bind>
</comp>

<comp id="1728" class="1004" name="res_1_0_fu_1728">
<pin_list>
<pin id="1729" dir="0" index="0" bw="1" slack="0"/>
<pin id="1730" dir="0" index="1" bw="2" slack="0"/>
<pin id="1731" dir="0" index="2" bw="1" slack="0"/>
<pin id="1732" dir="1" index="3" bw="2" slack="0"/>
</pin_list>
<bind>
<opcode="select(49) " fcode="select"/>
<opset="res_1_0/2 "/>
</bind>
</comp>

<comp id="1736" class="1004" name="icmp_ln45_21_fu_1736">
<pin_list>
<pin id="1737" dir="0" index="0" bw="16" slack="1"/>
<pin id="1738" dir="0" index="1" bw="1" slack="0"/>
<pin id="1739" dir="1" index="2" bw="1" slack="0"/>
</pin_list>
<bind>
<opcode="icmp(45) " fcode="icmp"/>
<opset="icmp_ln45_21/2 "/>
</bind>
</comp>

<comp id="1741" class="1004" name="tmp_130_fu_1741">
<pin_list>
<pin id="1742" dir="0" index="0" bw="1" slack="0"/>
<pin id="1743" dir="0" index="1" bw="16" slack="1"/>
<pin id="1744" dir="0" index="2" bw="5" slack="0"/>
<pin id="1745" dir="1" index="3" bw="1" slack="0"/>
</pin_list>
<bind>
<opcode="bitselect(1000) " fcode="bitselect"/>
<opset="tmp_130/2 "/>
</bind>
</comp>

<comp id="1748" class="1004" name="tmp_133_fu_1748">
<pin_list>
<pin id="1749" dir="0" index="0" bw="1" slack="0"/>
<pin id="1750" dir="0" index="1" bw="2" slack="1"/>
<pin id="1751" dir="0" index="2" bw="1" slack="0"/>
<pin id="1752" dir="1" index="3" bw="1" slack="0"/>
</pin_list>
<bind>
<opcode="bitselect(1000) " fcode="bitselect"/>
<opset="tmp_133/2 "/>
</bind>
</comp>

<comp id="1755" class="1004" name="not_tmp_154_fu_1755">
<pin_list>
<pin id="1756" dir="0" index="0" bw="1" slack="0"/>
<pin id="1757" dir="0" index="1" bw="1" slack="0"/>
<pin id="1758" dir="1" index="2" bw="1" slack="0"/>
</pin_list>
<bind>
<opcode="xor(25) " fcode="xor"/>
<opset="not_tmp_154/2 "/>
</bind>
</comp>

<comp id="1761" class="1004" name="and_ln46_44_fu_1761">
<pin_list>
<pin id="1762" dir="0" index="0" bw="1" slack="0"/>
<pin id="1763" dir="0" index="1" bw="1" slack="0"/>
<pin id="1764" dir="1" index="2" bw="1" slack="0"/>
</pin_list>
<bind>
<opcode="or(24) " fcode="or"/>
<opset="and_ln46_44/2 "/>
</bind>
</comp>

<comp id="1767" class="1004" name="empty_31_fu_1767">
<pin_list>
<pin id="1768" dir="0" index="0" bw="1" slack="1"/>
<pin id="1769" dir="0" index="1" bw="1" slack="0"/>
<pin id="1770" dir="1" index="2" bw="1" slack="0"/>
</pin_list>
<bind>
<opcode="and(23) " fcode="and"/>
<opset="empty_31/2 "/>
</bind>
</comp>

<comp id="1772" class="1004" name="or_ln46_66_fu_1772">
<pin_list>
<pin id="1773" dir="0" index="0" bw="1" slack="0"/>
<pin id="1774" dir="0" index="1" bw="1" slack="1"/>
<pin id="1775" dir="1" index="2" bw="1" slack="0"/>
</pin_list>
<bind>
<opcode="or(24) " fcode="or"/>
<opset="or_ln46_66/2 "/>
</bind>
</comp>

<comp id="1777" class="1004" name="xor_ln46_21_fu_1777">
<pin_list>
<pin id="1778" dir="0" index="0" bw="1" slack="0"/>
<pin id="1779" dir="0" index="1" bw="1" slack="0"/>
<pin id="1780" dir="1" index="2" bw="1" slack="0"/>
</pin_list>
<bind>
<opcode="xor(25) " fcode="xor"/>
<opset="xor_ln46_21/2 "/>
</bind>
</comp>

<comp id="1783" class="1004" name="or_ln46_67_fu_1783">
<pin_list>
<pin id="1784" dir="0" index="0" bw="1" slack="1"/>
<pin id="1785" dir="0" index="1" bw="1" slack="0"/>
<pin id="1786" dir="1" index="2" bw="1" slack="0"/>
</pin_list>
<bind>
<opcode="or(24) " fcode="or"/>
<opset="or_ln46_67/2 "/>
</bind>
</comp>

<comp id="1788" class="1004" name="select_ln46_65_fu_1788">
<pin_list>
<pin id="1789" dir="0" index="0" bw="1" slack="1"/>
<pin id="1790" dir="0" index="1" bw="1" slack="0"/>
<pin id="1791" dir="0" index="2" bw="2" slack="1"/>
<pin id="1792" dir="1" index="3" bw="2" slack="0"/>
</pin_list>
<bind>
<opcode="select(49) " fcode="select"/>
<opset="select_ln46_65/2 "/>
</bind>
</comp>

<comp id="1794" class="1004" name="select_ln46_66_fu_1794">
<pin_list>
<pin id="1795" dir="0" index="0" bw="1" slack="0"/>
<pin id="1796" dir="0" index="1" bw="2" slack="0"/>
<pin id="1797" dir="0" index="2" bw="1" slack="0"/>
<pin id="1798" dir="1" index="3" bw="2" slack="0"/>
</pin_list>
<bind>
<opcode="select(49) " fcode="select"/>
<opset="select_ln46_66/2 "/>
</bind>
</comp>

<comp id="1802" class="1004" name="select_ln46_67_fu_1802">
<pin_list>
<pin id="1803" dir="0" index="0" bw="1" slack="0"/>
<pin id="1804" dir="0" index="1" bw="2" slack="0"/>
<pin id="1805" dir="0" index="2" bw="2" slack="1"/>
<pin id="1806" dir="1" index="3" bw="2" slack="0"/>
</pin_list>
<bind>
<opcode="select(49) " fcode="select"/>
<opset="select_ln46_67/2 "/>
</bind>
</comp>

<comp id="1809" class="1004" name="res_2_0_fu_1809">
<pin_list>
<pin id="1810" dir="0" index="0" bw="1" slack="0"/>
<pin id="1811" dir="0" index="1" bw="2" slack="0"/>
<pin id="1812" dir="0" index="2" bw="1" slack="0"/>
<pin id="1813" dir="1" index="3" bw="2" slack="0"/>
</pin_list>
<bind>
<opcode="select(49) " fcode="select"/>
<opset="res_2_0/2 "/>
</bind>
</comp>

<comp id="1817" class="1004" name="icmp_ln45_22_fu_1817">
<pin_list>
<pin id="1818" dir="0" index="0" bw="16" slack="1"/>
<pin id="1819" dir="0" index="1" bw="1" slack="0"/>
<pin id="1820" dir="1" index="2" bw="1" slack="0"/>
</pin_list>
<bind>
<opcode="icmp(45) " fcode="icmp"/>
<opset="icmp_ln45_22/2 "/>
</bind>
</comp>

<comp id="1822" class="1004" name="tmp_136_fu_1822">
<pin_list>
<pin id="1823" dir="0" index="0" bw="1" slack="0"/>
<pin id="1824" dir="0" index="1" bw="16" slack="1"/>
<pin id="1825" dir="0" index="2" bw="5" slack="0"/>
<pin id="1826" dir="1" index="3" bw="1" slack="0"/>
</pin_list>
<bind>
<opcode="bitselect(1000) " fcode="bitselect"/>
<opset="tmp_136/2 "/>
</bind>
</comp>

<comp id="1829" class="1004" name="tmp_139_fu_1829">
<pin_list>
<pin id="1830" dir="0" index="0" bw="1" slack="0"/>
<pin id="1831" dir="0" index="1" bw="2" slack="1"/>
<pin id="1832" dir="0" index="2" bw="1" slack="0"/>
<pin id="1833" dir="1" index="3" bw="1" slack="0"/>
</pin_list>
<bind>
<opcode="bitselect(1000) " fcode="bitselect"/>
<opset="tmp_139/2 "/>
</bind>
</comp>

<comp id="1836" class="1004" name="not_tmp_161_fu_1836">
<pin_list>
<pin id="1837" dir="0" index="0" bw="1" slack="0"/>
<pin id="1838" dir="0" index="1" bw="1" slack="0"/>
<pin id="1839" dir="1" index="2" bw="1" slack="0"/>
</pin_list>
<bind>
<opcode="xor(25) " fcode="xor"/>
<opset="not_tmp_161/2 "/>
</bind>
</comp>

<comp id="1842" class="1004" name="and_ln46_46_fu_1842">
<pin_list>
<pin id="1843" dir="0" index="0" bw="1" slack="0"/>
<pin id="1844" dir="0" index="1" bw="1" slack="0"/>
<pin id="1845" dir="1" index="2" bw="1" slack="0"/>
</pin_list>
<bind>
<opcode="or(24) " fcode="or"/>
<opset="and_ln46_46/2 "/>
</bind>
</comp>

<comp id="1848" class="1004" name="empty_32_fu_1848">
<pin_list>
<pin id="1849" dir="0" index="0" bw="1" slack="1"/>
<pin id="1850" dir="0" index="1" bw="1" slack="0"/>
<pin id="1851" dir="1" index="2" bw="1" slack="0"/>
</pin_list>
<bind>
<opcode="and(23) " fcode="and"/>
<opset="empty_32/2 "/>
</bind>
</comp>

<comp id="1853" class="1004" name="or_ln46_69_fu_1853">
<pin_list>
<pin id="1854" dir="0" index="0" bw="1" slack="0"/>
<pin id="1855" dir="0" index="1" bw="1" slack="1"/>
<pin id="1856" dir="1" index="2" bw="1" slack="0"/>
</pin_list>
<bind>
<opcode="or(24) " fcode="or"/>
<opset="or_ln46_69/2 "/>
</bind>
</comp>

<comp id="1858" class="1004" name="xor_ln46_22_fu_1858">
<pin_list>
<pin id="1859" dir="0" index="0" bw="1" slack="0"/>
<pin id="1860" dir="0" index="1" bw="1" slack="0"/>
<pin id="1861" dir="1" index="2" bw="1" slack="0"/>
</pin_list>
<bind>
<opcode="xor(25) " fcode="xor"/>
<opset="xor_ln46_22/2 "/>
</bind>
</comp>

<comp id="1864" class="1004" name="or_ln46_70_fu_1864">
<pin_list>
<pin id="1865" dir="0" index="0" bw="1" slack="1"/>
<pin id="1866" dir="0" index="1" bw="1" slack="0"/>
<pin id="1867" dir="1" index="2" bw="1" slack="0"/>
</pin_list>
<bind>
<opcode="or(24) " fcode="or"/>
<opset="or_ln46_70/2 "/>
</bind>
</comp>

<comp id="1869" class="1004" name="select_ln46_68_fu_1869">
<pin_list>
<pin id="1870" dir="0" index="0" bw="1" slack="1"/>
<pin id="1871" dir="0" index="1" bw="1" slack="0"/>
<pin id="1872" dir="0" index="2" bw="2" slack="1"/>
<pin id="1873" dir="1" index="3" bw="2" slack="0"/>
</pin_list>
<bind>
<opcode="select(49) " fcode="select"/>
<opset="select_ln46_68/2 "/>
</bind>
</comp>

<comp id="1875" class="1004" name="select_ln46_69_fu_1875">
<pin_list>
<pin id="1876" dir="0" index="0" bw="1" slack="0"/>
<pin id="1877" dir="0" index="1" bw="2" slack="0"/>
<pin id="1878" dir="0" index="2" bw="1" slack="0"/>
<pin id="1879" dir="1" index="3" bw="2" slack="0"/>
</pin_list>
<bind>
<opcode="select(49) " fcode="select"/>
<opset="select_ln46_69/2 "/>
</bind>
</comp>

<comp id="1883" class="1004" name="select_ln46_70_fu_1883">
<pin_list>
<pin id="1884" dir="0" index="0" bw="1" slack="0"/>
<pin id="1885" dir="0" index="1" bw="2" slack="0"/>
<pin id="1886" dir="0" index="2" bw="2" slack="1"/>
<pin id="1887" dir="1" index="3" bw="2" slack="0"/>
</pin_list>
<bind>
<opcode="select(49) " fcode="select"/>
<opset="select_ln46_70/2 "/>
</bind>
</comp>

<comp id="1890" class="1004" name="res_3_0_fu_1890">
<pin_list>
<pin id="1891" dir="0" index="0" bw="1" slack="0"/>
<pin id="1892" dir="0" index="1" bw="2" slack="0"/>
<pin id="1893" dir="0" index="2" bw="1" slack="0"/>
<pin id="1894" dir="1" index="3" bw="2" slack="0"/>
</pin_list>
<bind>
<opcode="select(49) " fcode="select"/>
<opset="res_3_0/2 "/>
</bind>
</comp>

<comp id="1898" class="1004" name="icmp_ln45_23_fu_1898">
<pin_list>
<pin id="1899" dir="0" index="0" bw="16" slack="1"/>
<pin id="1900" dir="0" index="1" bw="1" slack="0"/>
<pin id="1901" dir="1" index="2" bw="1" slack="0"/>
</pin_list>
<bind>
<opcode="icmp(45) " fcode="icmp"/>
<opset="icmp_ln45_23/2 "/>
</bind>
</comp>

<comp id="1903" class="1004" name="tmp_142_fu_1903">
<pin_list>
<pin id="1904" dir="0" index="0" bw="1" slack="0"/>
<pin id="1905" dir="0" index="1" bw="16" slack="1"/>
<pin id="1906" dir="0" index="2" bw="5" slack="0"/>
<pin id="1907" dir="1" index="3" bw="1" slack="0"/>
</pin_list>
<bind>
<opcode="bitselect(1000) " fcode="bitselect"/>
<opset="tmp_142/2 "/>
</bind>
</comp>

<comp id="1910" class="1004" name="tmp_145_fu_1910">
<pin_list>
<pin id="1911" dir="0" index="0" bw="1" slack="0"/>
<pin id="1912" dir="0" index="1" bw="2" slack="1"/>
<pin id="1913" dir="0" index="2" bw="1" slack="0"/>
<pin id="1914" dir="1" index="3" bw="1" slack="0"/>
</pin_list>
<bind>
<opcode="bitselect(1000) " fcode="bitselect"/>
<opset="tmp_145/2 "/>
</bind>
</comp>

<comp id="1917" class="1004" name="not_tmp_168_fu_1917">
<pin_list>
<pin id="1918" dir="0" index="0" bw="1" slack="0"/>
<pin id="1919" dir="0" index="1" bw="1" slack="0"/>
<pin id="1920" dir="1" index="2" bw="1" slack="0"/>
</pin_list>
<bind>
<opcode="xor(25) " fcode="xor"/>
<opset="not_tmp_168/2 "/>
</bind>
</comp>

<comp id="1923" class="1004" name="and_ln46_48_fu_1923">
<pin_list>
<pin id="1924" dir="0" index="0" bw="1" slack="0"/>
<pin id="1925" dir="0" index="1" bw="1" slack="0"/>
<pin id="1926" dir="1" index="2" bw="1" slack="0"/>
</pin_list>
<bind>
<opcode="or(24) " fcode="or"/>
<opset="and_ln46_48/2 "/>
</bind>
</comp>

<comp id="1929" class="1004" name="empty_33_fu_1929">
<pin_list>
<pin id="1930" dir="0" index="0" bw="1" slack="1"/>
<pin id="1931" dir="0" index="1" bw="1" slack="0"/>
<pin id="1932" dir="1" index="2" bw="1" slack="0"/>
</pin_list>
<bind>
<opcode="and(23) " fcode="and"/>
<opset="empty_33/2 "/>
</bind>
</comp>

<comp id="1934" class="1004" name="or_ln46_72_fu_1934">
<pin_list>
<pin id="1935" dir="0" index="0" bw="1" slack="0"/>
<pin id="1936" dir="0" index="1" bw="1" slack="1"/>
<pin id="1937" dir="1" index="2" bw="1" slack="0"/>
</pin_list>
<bind>
<opcode="or(24) " fcode="or"/>
<opset="or_ln46_72/2 "/>
</bind>
</comp>

<comp id="1939" class="1004" name="xor_ln46_23_fu_1939">
<pin_list>
<pin id="1940" dir="0" index="0" bw="1" slack="0"/>
<pin id="1941" dir="0" index="1" bw="1" slack="0"/>
<pin id="1942" dir="1" index="2" bw="1" slack="0"/>
</pin_list>
<bind>
<opcode="xor(25) " fcode="xor"/>
<opset="xor_ln46_23/2 "/>
</bind>
</comp>

<comp id="1945" class="1004" name="or_ln46_73_fu_1945">
<pin_list>
<pin id="1946" dir="0" index="0" bw="1" slack="1"/>
<pin id="1947" dir="0" index="1" bw="1" slack="0"/>
<pin id="1948" dir="1" index="2" bw="1" slack="0"/>
</pin_list>
<bind>
<opcode="or(24) " fcode="or"/>
<opset="or_ln46_73/2 "/>
</bind>
</comp>

<comp id="1950" class="1004" name="select_ln46_71_fu_1950">
<pin_list>
<pin id="1951" dir="0" index="0" bw="1" slack="1"/>
<pin id="1952" dir="0" index="1" bw="1" slack="0"/>
<pin id="1953" dir="0" index="2" bw="2" slack="1"/>
<pin id="1954" dir="1" index="3" bw="2" slack="0"/>
</pin_list>
<bind>
<opcode="select(49) " fcode="select"/>
<opset="select_ln46_71/2 "/>
</bind>
</comp>

<comp id="1956" class="1004" name="select_ln46_72_fu_1956">
<pin_list>
<pin id="1957" dir="0" index="0" bw="1" slack="0"/>
<pin id="1958" dir="0" index="1" bw="2" slack="0"/>
<pin id="1959" dir="0" index="2" bw="1" slack="0"/>
<pin id="1960" dir="1" index="3" bw="2" slack="0"/>
</pin_list>
<bind>
<opcode="select(49) " fcode="select"/>
<opset="select_ln46_72/2 "/>
</bind>
</comp>

<comp id="1964" class="1004" name="select_ln46_73_fu_1964">
<pin_list>
<pin id="1965" dir="0" index="0" bw="1" slack="0"/>
<pin id="1966" dir="0" index="1" bw="2" slack="0"/>
<pin id="1967" dir="0" index="2" bw="2" slack="1"/>
<pin id="1968" dir="1" index="3" bw="2" slack="0"/>
</pin_list>
<bind>
<opcode="select(49) " fcode="select"/>
<opset="select_ln46_73/2 "/>
</bind>
</comp>

<comp id="1971" class="1004" name="res_4_0_fu_1971">
<pin_list>
<pin id="1972" dir="0" index="0" bw="1" slack="0"/>
<pin id="1973" dir="0" index="1" bw="2" slack="0"/>
<pin id="1974" dir="0" index="2" bw="1" slack="0"/>
<pin id="1975" dir="1" index="3" bw="2" slack="0"/>
</pin_list>
<bind>
<opcode="select(49) " fcode="select"/>
<opset="res_4_0/2 "/>
</bind>
</comp>

<comp id="1979" class="1004" name="icmp_ln45_24_fu_1979">
<pin_list>
<pin id="1980" dir="0" index="0" bw="16" slack="1"/>
<pin id="1981" dir="0" index="1" bw="1" slack="0"/>
<pin id="1982" dir="1" index="2" bw="1" slack="0"/>
</pin_list>
<bind>
<opcode="icmp(45) " fcode="icmp"/>
<opset="icmp_ln45_24/2 "/>
</bind>
</comp>

<comp id="1984" class="1004" name="tmp_148_fu_1984">
<pin_list>
<pin id="1985" dir="0" index="0" bw="1" slack="0"/>
<pin id="1986" dir="0" index="1" bw="16" slack="1"/>
<pin id="1987" dir="0" index="2" bw="5" slack="0"/>
<pin id="1988" dir="1" index="3" bw="1" slack="0"/>
</pin_list>
<bind>
<opcode="bitselect(1000) " fcode="bitselect"/>
<opset="tmp_148/2 "/>
</bind>
</comp>

<comp id="1991" class="1004" name="tmp_151_fu_1991">
<pin_list>
<pin id="1992" dir="0" index="0" bw="1" slack="0"/>
<pin id="1993" dir="0" index="1" bw="2" slack="1"/>
<pin id="1994" dir="0" index="2" bw="1" slack="0"/>
<pin id="1995" dir="1" index="3" bw="1" slack="0"/>
</pin_list>
<bind>
<opcode="bitselect(1000) " fcode="bitselect"/>
<opset="tmp_151/2 "/>
</bind>
</comp>

<comp id="1998" class="1004" name="not_tmp_175_fu_1998">
<pin_list>
<pin id="1999" dir="0" index="0" bw="1" slack="0"/>
<pin id="2000" dir="0" index="1" bw="1" slack="0"/>
<pin id="2001" dir="1" index="2" bw="1" slack="0"/>
</pin_list>
<bind>
<opcode="xor(25) " fcode="xor"/>
<opset="not_tmp_175/2 "/>
</bind>
</comp>

<comp id="2004" class="1004" name="and_ln46_50_fu_2004">
<pin_list>
<pin id="2005" dir="0" index="0" bw="1" slack="0"/>
<pin id="2006" dir="0" index="1" bw="1" slack="0"/>
<pin id="2007" dir="1" index="2" bw="1" slack="0"/>
</pin_list>
<bind>
<opcode="or(24) " fcode="or"/>
<opset="and_ln46_50/2 "/>
</bind>
</comp>

<comp id="2010" class="1004" name="empty_34_fu_2010">
<pin_list>
<pin id="2011" dir="0" index="0" bw="1" slack="1"/>
<pin id="2012" dir="0" index="1" bw="1" slack="0"/>
<pin id="2013" dir="1" index="2" bw="1" slack="0"/>
</pin_list>
<bind>
<opcode="and(23) " fcode="and"/>
<opset="empty_34/2 "/>
</bind>
</comp>

<comp id="2015" class="1004" name="or_ln46_75_fu_2015">
<pin_list>
<pin id="2016" dir="0" index="0" bw="1" slack="0"/>
<pin id="2017" dir="0" index="1" bw="1" slack="1"/>
<pin id="2018" dir="1" index="2" bw="1" slack="0"/>
</pin_list>
<bind>
<opcode="or(24) " fcode="or"/>
<opset="or_ln46_75/2 "/>
</bind>
</comp>

<comp id="2020" class="1004" name="xor_ln46_24_fu_2020">
<pin_list>
<pin id="2021" dir="0" index="0" bw="1" slack="0"/>
<pin id="2022" dir="0" index="1" bw="1" slack="0"/>
<pin id="2023" dir="1" index="2" bw="1" slack="0"/>
</pin_list>
<bind>
<opcode="xor(25) " fcode="xor"/>
<opset="xor_ln46_24/2 "/>
</bind>
</comp>

<comp id="2026" class="1004" name="or_ln46_76_fu_2026">
<pin_list>
<pin id="2027" dir="0" index="0" bw="1" slack="1"/>
<pin id="2028" dir="0" index="1" bw="1" slack="0"/>
<pin id="2029" dir="1" index="2" bw="1" slack="0"/>
</pin_list>
<bind>
<opcode="or(24) " fcode="or"/>
<opset="or_ln46_76/2 "/>
</bind>
</comp>

<comp id="2031" class="1004" name="select_ln46_74_fu_2031">
<pin_list>
<pin id="2032" dir="0" index="0" bw="1" slack="1"/>
<pin id="2033" dir="0" index="1" bw="1" slack="0"/>
<pin id="2034" dir="0" index="2" bw="2" slack="1"/>
<pin id="2035" dir="1" index="3" bw="2" slack="0"/>
</pin_list>
<bind>
<opcode="select(49) " fcode="select"/>
<opset="select_ln46_74/2 "/>
</bind>
</comp>

<comp id="2037" class="1004" name="select_ln46_75_fu_2037">
<pin_list>
<pin id="2038" dir="0" index="0" bw="1" slack="0"/>
<pin id="2039" dir="0" index="1" bw="2" slack="0"/>
<pin id="2040" dir="0" index="2" bw="1" slack="0"/>
<pin id="2041" dir="1" index="3" bw="2" slack="0"/>
</pin_list>
<bind>
<opcode="select(49) " fcode="select"/>
<opset="select_ln46_75/2 "/>
</bind>
</comp>

<comp id="2045" class="1004" name="select_ln46_76_fu_2045">
<pin_list>
<pin id="2046" dir="0" index="0" bw="1" slack="0"/>
<pin id="2047" dir="0" index="1" bw="2" slack="0"/>
<pin id="2048" dir="0" index="2" bw="2" slack="1"/>
<pin id="2049" dir="1" index="3" bw="2" slack="0"/>
</pin_list>
<bind>
<opcode="select(49) " fcode="select"/>
<opset="select_ln46_76/2 "/>
</bind>
</comp>

<comp id="2052" class="1004" name="res_5_0_fu_2052">
<pin_list>
<pin id="2053" dir="0" index="0" bw="1" slack="0"/>
<pin id="2054" dir="0" index="1" bw="2" slack="0"/>
<pin id="2055" dir="0" index="2" bw="1" slack="0"/>
<pin id="2056" dir="1" index="3" bw="2" slack="0"/>
</pin_list>
<bind>
<opcode="select(49) " fcode="select"/>
<opset="res_5_0/2 "/>
</bind>
</comp>

<comp id="2060" class="1004" name="icmp_ln45_25_fu_2060">
<pin_list>
<pin id="2061" dir="0" index="0" bw="16" slack="1"/>
<pin id="2062" dir="0" index="1" bw="1" slack="0"/>
<pin id="2063" dir="1" index="2" bw="1" slack="0"/>
</pin_list>
<bind>
<opcode="icmp(45) " fcode="icmp"/>
<opset="icmp_ln45_25/2 "/>
</bind>
</comp>

<comp id="2065" class="1004" name="tmp_154_fu_2065">
<pin_list>
<pin id="2066" dir="0" index="0" bw="1" slack="0"/>
<pin id="2067" dir="0" index="1" bw="16" slack="1"/>
<pin id="2068" dir="0" index="2" bw="5" slack="0"/>
<pin id="2069" dir="1" index="3" bw="1" slack="0"/>
</pin_list>
<bind>
<opcode="bitselect(1000) " fcode="bitselect"/>
<opset="tmp_154/2 "/>
</bind>
</comp>

<comp id="2072" class="1004" name="tmp_157_fu_2072">
<pin_list>
<pin id="2073" dir="0" index="0" bw="1" slack="0"/>
<pin id="2074" dir="0" index="1" bw="2" slack="1"/>
<pin id="2075" dir="0" index="2" bw="1" slack="0"/>
<pin id="2076" dir="1" index="3" bw="1" slack="0"/>
</pin_list>
<bind>
<opcode="bitselect(1000) " fcode="bitselect"/>
<opset="tmp_157/2 "/>
</bind>
</comp>

<comp id="2079" class="1004" name="not_tmp_182_fu_2079">
<pin_list>
<pin id="2080" dir="0" index="0" bw="1" slack="0"/>
<pin id="2081" dir="0" index="1" bw="1" slack="0"/>
<pin id="2082" dir="1" index="2" bw="1" slack="0"/>
</pin_list>
<bind>
<opcode="xor(25) " fcode="xor"/>
<opset="not_tmp_182/2 "/>
</bind>
</comp>

<comp id="2085" class="1004" name="and_ln46_52_fu_2085">
<pin_list>
<pin id="2086" dir="0" index="0" bw="1" slack="0"/>
<pin id="2087" dir="0" index="1" bw="1" slack="0"/>
<pin id="2088" dir="1" index="2" bw="1" slack="0"/>
</pin_list>
<bind>
<opcode="or(24) " fcode="or"/>
<opset="and_ln46_52/2 "/>
</bind>
</comp>

<comp id="2091" class="1004" name="empty_35_fu_2091">
<pin_list>
<pin id="2092" dir="0" index="0" bw="1" slack="1"/>
<pin id="2093" dir="0" index="1" bw="1" slack="0"/>
<pin id="2094" dir="1" index="2" bw="1" slack="0"/>
</pin_list>
<bind>
<opcode="and(23) " fcode="and"/>
<opset="empty_35/2 "/>
</bind>
</comp>

<comp id="2096" class="1004" name="or_ln46_78_fu_2096">
<pin_list>
<pin id="2097" dir="0" index="0" bw="1" slack="0"/>
<pin id="2098" dir="0" index="1" bw="1" slack="1"/>
<pin id="2099" dir="1" index="2" bw="1" slack="0"/>
</pin_list>
<bind>
<opcode="or(24) " fcode="or"/>
<opset="or_ln46_78/2 "/>
</bind>
</comp>

<comp id="2101" class="1004" name="xor_ln46_25_fu_2101">
<pin_list>
<pin id="2102" dir="0" index="0" bw="1" slack="0"/>
<pin id="2103" dir="0" index="1" bw="1" slack="0"/>
<pin id="2104" dir="1" index="2" bw="1" slack="0"/>
</pin_list>
<bind>
<opcode="xor(25) " fcode="xor"/>
<opset="xor_ln46_25/2 "/>
</bind>
</comp>

<comp id="2107" class="1004" name="or_ln46_79_fu_2107">
<pin_list>
<pin id="2108" dir="0" index="0" bw="1" slack="1"/>
<pin id="2109" dir="0" index="1" bw="1" slack="0"/>
<pin id="2110" dir="1" index="2" bw="1" slack="0"/>
</pin_list>
<bind>
<opcode="or(24) " fcode="or"/>
<opset="or_ln46_79/2 "/>
</bind>
</comp>

<comp id="2112" class="1004" name="select_ln46_77_fu_2112">
<pin_list>
<pin id="2113" dir="0" index="0" bw="1" slack="1"/>
<pin id="2114" dir="0" index="1" bw="1" slack="0"/>
<pin id="2115" dir="0" index="2" bw="2" slack="1"/>
<pin id="2116" dir="1" index="3" bw="2" slack="0"/>
</pin_list>
<bind>
<opcode="select(49) " fcode="select"/>
<opset="select_ln46_77/2 "/>
</bind>
</comp>

<comp id="2118" class="1004" name="select_ln46_78_fu_2118">
<pin_list>
<pin id="2119" dir="0" index="0" bw="1" slack="0"/>
<pin id="2120" dir="0" index="1" bw="2" slack="0"/>
<pin id="2121" dir="0" index="2" bw="1" slack="0"/>
<pin id="2122" dir="1" index="3" bw="2" slack="0"/>
</pin_list>
<bind>
<opcode="select(49) " fcode="select"/>
<opset="select_ln46_78/2 "/>
</bind>
</comp>

<comp id="2126" class="1004" name="select_ln46_79_fu_2126">
<pin_list>
<pin id="2127" dir="0" index="0" bw="1" slack="0"/>
<pin id="2128" dir="0" index="1" bw="2" slack="0"/>
<pin id="2129" dir="0" index="2" bw="2" slack="1"/>
<pin id="2130" dir="1" index="3" bw="2" slack="0"/>
</pin_list>
<bind>
<opcode="select(49) " fcode="select"/>
<opset="select_ln46_79/2 "/>
</bind>
</comp>

<comp id="2133" class="1004" name="res_6_0_fu_2133">
<pin_list>
<pin id="2134" dir="0" index="0" bw="1" slack="0"/>
<pin id="2135" dir="0" index="1" bw="2" slack="0"/>
<pin id="2136" dir="0" index="2" bw="1" slack="0"/>
<pin id="2137" dir="1" index="3" bw="2" slack="0"/>
</pin_list>
<bind>
<opcode="select(49) " fcode="select"/>
<opset="res_6_0/2 "/>
</bind>
</comp>

<comp id="2141" class="1004" name="icmp_ln45_26_fu_2141">
<pin_list>
<pin id="2142" dir="0" index="0" bw="16" slack="1"/>
<pin id="2143" dir="0" index="1" bw="1" slack="0"/>
<pin id="2144" dir="1" index="2" bw="1" slack="0"/>
</pin_list>
<bind>
<opcode="icmp(45) " fcode="icmp"/>
<opset="icmp_ln45_26/2 "/>
</bind>
</comp>

<comp id="2146" class="1004" name="tmp_160_fu_2146">
<pin_list>
<pin id="2147" dir="0" index="0" bw="1" slack="0"/>
<pin id="2148" dir="0" index="1" bw="16" slack="1"/>
<pin id="2149" dir="0" index="2" bw="5" slack="0"/>
<pin id="2150" dir="1" index="3" bw="1" slack="0"/>
</pin_list>
<bind>
<opcode="bitselect(1000) " fcode="bitselect"/>
<opset="tmp_160/2 "/>
</bind>
</comp>

<comp id="2153" class="1004" name="tmp_163_fu_2153">
<pin_list>
<pin id="2154" dir="0" index="0" bw="1" slack="0"/>
<pin id="2155" dir="0" index="1" bw="2" slack="1"/>
<pin id="2156" dir="0" index="2" bw="1" slack="0"/>
<pin id="2157" dir="1" index="3" bw="1" slack="0"/>
</pin_list>
<bind>
<opcode="bitselect(1000) " fcode="bitselect"/>
<opset="tmp_163/2 "/>
</bind>
</comp>

<comp id="2160" class="1004" name="not_tmp_189_fu_2160">
<pin_list>
<pin id="2161" dir="0" index="0" bw="1" slack="0"/>
<pin id="2162" dir="0" index="1" bw="1" slack="0"/>
<pin id="2163" dir="1" index="2" bw="1" slack="0"/>
</pin_list>
<bind>
<opcode="xor(25) " fcode="xor"/>
<opset="not_tmp_189/2 "/>
</bind>
</comp>

<comp id="2166" class="1004" name="and_ln46_54_fu_2166">
<pin_list>
<pin id="2167" dir="0" index="0" bw="1" slack="0"/>
<pin id="2168" dir="0" index="1" bw="1" slack="0"/>
<pin id="2169" dir="1" index="2" bw="1" slack="0"/>
</pin_list>
<bind>
<opcode="or(24) " fcode="or"/>
<opset="and_ln46_54/2 "/>
</bind>
</comp>

<comp id="2172" class="1004" name="empty_36_fu_2172">
<pin_list>
<pin id="2173" dir="0" index="0" bw="1" slack="1"/>
<pin id="2174" dir="0" index="1" bw="1" slack="0"/>
<pin id="2175" dir="1" index="2" bw="1" slack="0"/>
</pin_list>
<bind>
<opcode="and(23) " fcode="and"/>
<opset="empty_36/2 "/>
</bind>
</comp>

<comp id="2177" class="1004" name="or_ln46_81_fu_2177">
<pin_list>
<pin id="2178" dir="0" index="0" bw="1" slack="0"/>
<pin id="2179" dir="0" index="1" bw="1" slack="1"/>
<pin id="2180" dir="1" index="2" bw="1" slack="0"/>
</pin_list>
<bind>
<opcode="or(24) " fcode="or"/>
<opset="or_ln46_81/2 "/>
</bind>
</comp>

<comp id="2182" class="1004" name="xor_ln46_26_fu_2182">
<pin_list>
<pin id="2183" dir="0" index="0" bw="1" slack="0"/>
<pin id="2184" dir="0" index="1" bw="1" slack="0"/>
<pin id="2185" dir="1" index="2" bw="1" slack="0"/>
</pin_list>
<bind>
<opcode="xor(25) " fcode="xor"/>
<opset="xor_ln46_26/2 "/>
</bind>
</comp>

<comp id="2188" class="1004" name="or_ln46_82_fu_2188">
<pin_list>
<pin id="2189" dir="0" index="0" bw="1" slack="1"/>
<pin id="2190" dir="0" index="1" bw="1" slack="0"/>
<pin id="2191" dir="1" index="2" bw="1" slack="0"/>
</pin_list>
<bind>
<opcode="or(24) " fcode="or"/>
<opset="or_ln46_82/2 "/>
</bind>
</comp>

<comp id="2193" class="1004" name="select_ln46_80_fu_2193">
<pin_list>
<pin id="2194" dir="0" index="0" bw="1" slack="1"/>
<pin id="2195" dir="0" index="1" bw="1" slack="0"/>
<pin id="2196" dir="0" index="2" bw="2" slack="1"/>
<pin id="2197" dir="1" index="3" bw="2" slack="0"/>
</pin_list>
<bind>
<opcode="select(49) " fcode="select"/>
<opset="select_ln46_80/2 "/>
</bind>
</comp>

<comp id="2199" class="1004" name="select_ln46_81_fu_2199">
<pin_list>
<pin id="2200" dir="0" index="0" bw="1" slack="0"/>
<pin id="2201" dir="0" index="1" bw="2" slack="0"/>
<pin id="2202" dir="0" index="2" bw="1" slack="0"/>
<pin id="2203" dir="1" index="3" bw="2" slack="0"/>
</pin_list>
<bind>
<opcode="select(49) " fcode="select"/>
<opset="select_ln46_81/2 "/>
</bind>
</comp>

<comp id="2207" class="1004" name="select_ln46_82_fu_2207">
<pin_list>
<pin id="2208" dir="0" index="0" bw="1" slack="0"/>
<pin id="2209" dir="0" index="1" bw="2" slack="0"/>
<pin id="2210" dir="0" index="2" bw="2" slack="1"/>
<pin id="2211" dir="1" index="3" bw="2" slack="0"/>
</pin_list>
<bind>
<opcode="select(49) " fcode="select"/>
<opset="select_ln46_82/2 "/>
</bind>
</comp>

<comp id="2214" class="1004" name="res_7_0_fu_2214">
<pin_list>
<pin id="2215" dir="0" index="0" bw="1" slack="0"/>
<pin id="2216" dir="0" index="1" bw="2" slack="0"/>
<pin id="2217" dir="0" index="2" bw="1" slack="0"/>
<pin id="2218" dir="1" index="3" bw="2" slack="0"/>
</pin_list>
<bind>
<opcode="select(49) " fcode="select"/>
<opset="res_7_0/2 "/>
</bind>
</comp>

<comp id="2222" class="1004" name="icmp_ln45_27_fu_2222">
<pin_list>
<pin id="2223" dir="0" index="0" bw="16" slack="1"/>
<pin id="2224" dir="0" index="1" bw="1" slack="0"/>
<pin id="2225" dir="1" index="2" bw="1" slack="0"/>
</pin_list>
<bind>
<opcode="icmp(45) " fcode="icmp"/>
<opset="icmp_ln45_27/2 "/>
</bind>
</comp>

<comp id="2227" class="1004" name="tmp_166_fu_2227">
<pin_list>
<pin id="2228" dir="0" index="0" bw="1" slack="0"/>
<pin id="2229" dir="0" index="1" bw="16" slack="1"/>
<pin id="2230" dir="0" index="2" bw="5" slack="0"/>
<pin id="2231" dir="1" index="3" bw="1" slack="0"/>
</pin_list>
<bind>
<opcode="bitselect(1000) " fcode="bitselect"/>
<opset="tmp_166/2 "/>
</bind>
</comp>

<comp id="2234" class="1004" name="tmp_169_fu_2234">
<pin_list>
<pin id="2235" dir="0" index="0" bw="1" slack="0"/>
<pin id="2236" dir="0" index="1" bw="2" slack="1"/>
<pin id="2237" dir="0" index="2" bw="1" slack="0"/>
<pin id="2238" dir="1" index="3" bw="1" slack="0"/>
</pin_list>
<bind>
<opcode="bitselect(1000) " fcode="bitselect"/>
<opset="tmp_169/2 "/>
</bind>
</comp>

<comp id="2241" class="1004" name="not_tmp_196_fu_2241">
<pin_list>
<pin id="2242" dir="0" index="0" bw="1" slack="0"/>
<pin id="2243" dir="0" index="1" bw="1" slack="0"/>
<pin id="2244" dir="1" index="2" bw="1" slack="0"/>
</pin_list>
<bind>
<opcode="xor(25) " fcode="xor"/>
<opset="not_tmp_196/2 "/>
</bind>
</comp>

<comp id="2247" class="1004" name="and_ln46_56_fu_2247">
<pin_list>
<pin id="2248" dir="0" index="0" bw="1" slack="0"/>
<pin id="2249" dir="0" index="1" bw="1" slack="0"/>
<pin id="2250" dir="1" index="2" bw="1" slack="0"/>
</pin_list>
<bind>
<opcode="or(24) " fcode="or"/>
<opset="and_ln46_56/2 "/>
</bind>
</comp>

<comp id="2253" class="1004" name="empty_37_fu_2253">
<pin_list>
<pin id="2254" dir="0" index="0" bw="1" slack="1"/>
<pin id="2255" dir="0" index="1" bw="1" slack="0"/>
<pin id="2256" dir="1" index="2" bw="1" slack="0"/>
</pin_list>
<bind>
<opcode="and(23) " fcode="and"/>
<opset="empty_37/2 "/>
</bind>
</comp>

<comp id="2258" class="1004" name="or_ln46_84_fu_2258">
<pin_list>
<pin id="2259" dir="0" index="0" bw="1" slack="0"/>
<pin id="2260" dir="0" index="1" bw="1" slack="1"/>
<pin id="2261" dir="1" index="2" bw="1" slack="0"/>
</pin_list>
<bind>
<opcode="or(24) " fcode="or"/>
<opset="or_ln46_84/2 "/>
</bind>
</comp>

<comp id="2263" class="1004" name="xor_ln46_27_fu_2263">
<pin_list>
<pin id="2264" dir="0" index="0" bw="1" slack="0"/>
<pin id="2265" dir="0" index="1" bw="1" slack="0"/>
<pin id="2266" dir="1" index="2" bw="1" slack="0"/>
</pin_list>
<bind>
<opcode="xor(25) " fcode="xor"/>
<opset="xor_ln46_27/2 "/>
</bind>
</comp>

<comp id="2269" class="1004" name="or_ln46_85_fu_2269">
<pin_list>
<pin id="2270" dir="0" index="0" bw="1" slack="1"/>
<pin id="2271" dir="0" index="1" bw="1" slack="0"/>
<pin id="2272" dir="1" index="2" bw="1" slack="0"/>
</pin_list>
<bind>
<opcode="or(24) " fcode="or"/>
<opset="or_ln46_85/2 "/>
</bind>
</comp>

<comp id="2274" class="1004" name="select_ln46_83_fu_2274">
<pin_list>
<pin id="2275" dir="0" index="0" bw="1" slack="1"/>
<pin id="2276" dir="0" index="1" bw="1" slack="0"/>
<pin id="2277" dir="0" index="2" bw="2" slack="1"/>
<pin id="2278" dir="1" index="3" bw="2" slack="0"/>
</pin_list>
<bind>
<opcode="select(49) " fcode="select"/>
<opset="select_ln46_83/2 "/>
</bind>
</comp>

<comp id="2280" class="1004" name="select_ln46_84_fu_2280">
<pin_list>
<pin id="2281" dir="0" index="0" bw="1" slack="0"/>
<pin id="2282" dir="0" index="1" bw="2" slack="0"/>
<pin id="2283" dir="0" index="2" bw="1" slack="0"/>
<pin id="2284" dir="1" index="3" bw="2" slack="0"/>
</pin_list>
<bind>
<opcode="select(49) " fcode="select"/>
<opset="select_ln46_84/2 "/>
</bind>
</comp>

<comp id="2288" class="1004" name="select_ln46_85_fu_2288">
<pin_list>
<pin id="2289" dir="0" index="0" bw="1" slack="0"/>
<pin id="2290" dir="0" index="1" bw="2" slack="0"/>
<pin id="2291" dir="0" index="2" bw="2" slack="1"/>
<pin id="2292" dir="1" index="3" bw="2" slack="0"/>
</pin_list>
<bind>
<opcode="select(49) " fcode="select"/>
<opset="select_ln46_85/2 "/>
</bind>
</comp>

<comp id="2295" class="1004" name="res_8_0_fu_2295">
<pin_list>
<pin id="2296" dir="0" index="0" bw="1" slack="0"/>
<pin id="2297" dir="0" index="1" bw="2" slack="0"/>
<pin id="2298" dir="0" index="2" bw="1" slack="0"/>
<pin id="2299" dir="1" index="3" bw="2" slack="0"/>
</pin_list>
<bind>
<opcode="select(49) " fcode="select"/>
<opset="res_8_0/2 "/>
</bind>
</comp>

<comp id="2303" class="1004" name="icmp_ln45_28_fu_2303">
<pin_list>
<pin id="2304" dir="0" index="0" bw="16" slack="1"/>
<pin id="2305" dir="0" index="1" bw="1" slack="0"/>
<pin id="2306" dir="1" index="2" bw="1" slack="0"/>
</pin_list>
<bind>
<opcode="icmp(45) " fcode="icmp"/>
<opset="icmp_ln45_28/2 "/>
</bind>
</comp>

<comp id="2308" class="1004" name="tmp_172_fu_2308">
<pin_list>
<pin id="2309" dir="0" index="0" bw="1" slack="0"/>
<pin id="2310" dir="0" index="1" bw="16" slack="1"/>
<pin id="2311" dir="0" index="2" bw="5" slack="0"/>
<pin id="2312" dir="1" index="3" bw="1" slack="0"/>
</pin_list>
<bind>
<opcode="bitselect(1000) " fcode="bitselect"/>
<opset="tmp_172/2 "/>
</bind>
</comp>

<comp id="2315" class="1004" name="tmp_175_fu_2315">
<pin_list>
<pin id="2316" dir="0" index="0" bw="1" slack="0"/>
<pin id="2317" dir="0" index="1" bw="2" slack="1"/>
<pin id="2318" dir="0" index="2" bw="1" slack="0"/>
<pin id="2319" dir="1" index="3" bw="1" slack="0"/>
</pin_list>
<bind>
<opcode="bitselect(1000) " fcode="bitselect"/>
<opset="tmp_175/2 "/>
</bind>
</comp>

<comp id="2322" class="1004" name="not_tmp_203_fu_2322">
<pin_list>
<pin id="2323" dir="0" index="0" bw="1" slack="0"/>
<pin id="2324" dir="0" index="1" bw="1" slack="0"/>
<pin id="2325" dir="1" index="2" bw="1" slack="0"/>
</pin_list>
<bind>
<opcode="xor(25) " fcode="xor"/>
<opset="not_tmp_203/2 "/>
</bind>
</comp>

<comp id="2328" class="1004" name="and_ln46_58_fu_2328">
<pin_list>
<pin id="2329" dir="0" index="0" bw="1" slack="0"/>
<pin id="2330" dir="0" index="1" bw="1" slack="0"/>
<pin id="2331" dir="1" index="2" bw="1" slack="0"/>
</pin_list>
<bind>
<opcode="or(24) " fcode="or"/>
<opset="and_ln46_58/2 "/>
</bind>
</comp>

<comp id="2334" class="1004" name="empty_38_fu_2334">
<pin_list>
<pin id="2335" dir="0" index="0" bw="1" slack="1"/>
<pin id="2336" dir="0" index="1" bw="1" slack="0"/>
<pin id="2337" dir="1" index="2" bw="1" slack="0"/>
</pin_list>
<bind>
<opcode="and(23) " fcode="and"/>
<opset="empty_38/2 "/>
</bind>
</comp>

<comp id="2339" class="1004" name="or_ln46_87_fu_2339">
<pin_list>
<pin id="2340" dir="0" index="0" bw="1" slack="0"/>
<pin id="2341" dir="0" index="1" bw="1" slack="1"/>
<pin id="2342" dir="1" index="2" bw="1" slack="0"/>
</pin_list>
<bind>
<opcode="or(24) " fcode="or"/>
<opset="or_ln46_87/2 "/>
</bind>
</comp>

<comp id="2344" class="1004" name="xor_ln46_28_fu_2344">
<pin_list>
<pin id="2345" dir="0" index="0" bw="1" slack="0"/>
<pin id="2346" dir="0" index="1" bw="1" slack="0"/>
<pin id="2347" dir="1" index="2" bw="1" slack="0"/>
</pin_list>
<bind>
<opcode="xor(25) " fcode="xor"/>
<opset="xor_ln46_28/2 "/>
</bind>
</comp>

<comp id="2350" class="1004" name="or_ln46_88_fu_2350">
<pin_list>
<pin id="2351" dir="0" index="0" bw="1" slack="1"/>
<pin id="2352" dir="0" index="1" bw="1" slack="0"/>
<pin id="2353" dir="1" index="2" bw="1" slack="0"/>
</pin_list>
<bind>
<opcode="or(24) " fcode="or"/>
<opset="or_ln46_88/2 "/>
</bind>
</comp>

<comp id="2355" class="1004" name="select_ln46_86_fu_2355">
<pin_list>
<pin id="2356" dir="0" index="0" bw="1" slack="1"/>
<pin id="2357" dir="0" index="1" bw="1" slack="0"/>
<pin id="2358" dir="0" index="2" bw="2" slack="1"/>
<pin id="2359" dir="1" index="3" bw="2" slack="0"/>
</pin_list>
<bind>
<opcode="select(49) " fcode="select"/>
<opset="select_ln46_86/2 "/>
</bind>
</comp>

<comp id="2361" class="1004" name="select_ln46_87_fu_2361">
<pin_list>
<pin id="2362" dir="0" index="0" bw="1" slack="0"/>
<pin id="2363" dir="0" index="1" bw="2" slack="0"/>
<pin id="2364" dir="0" index="2" bw="1" slack="0"/>
<pin id="2365" dir="1" index="3" bw="2" slack="0"/>
</pin_list>
<bind>
<opcode="select(49) " fcode="select"/>
<opset="select_ln46_87/2 "/>
</bind>
</comp>

<comp id="2369" class="1004" name="select_ln46_88_fu_2369">
<pin_list>
<pin id="2370" dir="0" index="0" bw="1" slack="0"/>
<pin id="2371" dir="0" index="1" bw="2" slack="0"/>
<pin id="2372" dir="0" index="2" bw="2" slack="1"/>
<pin id="2373" dir="1" index="3" bw="2" slack="0"/>
</pin_list>
<bind>
<opcode="select(49) " fcode="select"/>
<opset="select_ln46_88/2 "/>
</bind>
</comp>

<comp id="2376" class="1004" name="res_9_0_fu_2376">
<pin_list>
<pin id="2377" dir="0" index="0" bw="1" slack="0"/>
<pin id="2378" dir="0" index="1" bw="2" slack="0"/>
<pin id="2379" dir="0" index="2" bw="1" slack="0"/>
<pin id="2380" dir="1" index="3" bw="2" slack="0"/>
</pin_list>
<bind>
<opcode="select(49) " fcode="select"/>
<opset="res_9_0/2 "/>
</bind>
</comp>

<comp id="2384" class="1004" name="icmp_ln45_29_fu_2384">
<pin_list>
<pin id="2385" dir="0" index="0" bw="16" slack="1"/>
<pin id="2386" dir="0" index="1" bw="1" slack="0"/>
<pin id="2387" dir="1" index="2" bw="1" slack="0"/>
</pin_list>
<bind>
<opcode="icmp(45) " fcode="icmp"/>
<opset="icmp_ln45_29/2 "/>
</bind>
</comp>

<comp id="2389" class="1004" name="tmp_178_fu_2389">
<pin_list>
<pin id="2390" dir="0" index="0" bw="1" slack="0"/>
<pin id="2391" dir="0" index="1" bw="16" slack="1"/>
<pin id="2392" dir="0" index="2" bw="5" slack="0"/>
<pin id="2393" dir="1" index="3" bw="1" slack="0"/>
</pin_list>
<bind>
<opcode="bitselect(1000) " fcode="bitselect"/>
<opset="tmp_178/2 "/>
</bind>
</comp>

<comp id="2396" class="1004" name="tmp_181_fu_2396">
<pin_list>
<pin id="2397" dir="0" index="0" bw="1" slack="0"/>
<pin id="2398" dir="0" index="1" bw="2" slack="1"/>
<pin id="2399" dir="0" index="2" bw="1" slack="0"/>
<pin id="2400" dir="1" index="3" bw="1" slack="0"/>
</pin_list>
<bind>
<opcode="bitselect(1000) " fcode="bitselect"/>
<opset="tmp_181/2 "/>
</bind>
</comp>

<comp id="2403" class="1004" name="not_tmp_210_fu_2403">
<pin_list>
<pin id="2404" dir="0" index="0" bw="1" slack="0"/>
<pin id="2405" dir="0" index="1" bw="1" slack="0"/>
<pin id="2406" dir="1" index="2" bw="1" slack="0"/>
</pin_list>
<bind>
<opcode="xor(25) " fcode="xor"/>
<opset="not_tmp_210/2 "/>
</bind>
</comp>

<comp id="2409" class="1004" name="and_ln46_60_fu_2409">
<pin_list>
<pin id="2410" dir="0" index="0" bw="1" slack="0"/>
<pin id="2411" dir="0" index="1" bw="1" slack="0"/>
<pin id="2412" dir="1" index="2" bw="1" slack="0"/>
</pin_list>
<bind>
<opcode="or(24) " fcode="or"/>
<opset="and_ln46_60/2 "/>
</bind>
</comp>

<comp id="2415" class="1004" name="empty_39_fu_2415">
<pin_list>
<pin id="2416" dir="0" index="0" bw="1" slack="1"/>
<pin id="2417" dir="0" index="1" bw="1" slack="0"/>
<pin id="2418" dir="1" index="2" bw="1" slack="0"/>
</pin_list>
<bind>
<opcode="and(23) " fcode="and"/>
<opset="empty_39/2 "/>
</bind>
</comp>

<comp id="2420" class="1004" name="or_ln46_90_fu_2420">
<pin_list>
<pin id="2421" dir="0" index="0" bw="1" slack="0"/>
<pin id="2422" dir="0" index="1" bw="1" slack="1"/>
<pin id="2423" dir="1" index="2" bw="1" slack="0"/>
</pin_list>
<bind>
<opcode="or(24) " fcode="or"/>
<opset="or_ln46_90/2 "/>
</bind>
</comp>

<comp id="2425" class="1004" name="xor_ln46_29_fu_2425">
<pin_list>
<pin id="2426" dir="0" index="0" bw="1" slack="0"/>
<pin id="2427" dir="0" index="1" bw="1" slack="0"/>
<pin id="2428" dir="1" index="2" bw="1" slack="0"/>
</pin_list>
<bind>
<opcode="xor(25) " fcode="xor"/>
<opset="xor_ln46_29/2 "/>
</bind>
</comp>

<comp id="2431" class="1004" name="or_ln46_91_fu_2431">
<pin_list>
<pin id="2432" dir="0" index="0" bw="1" slack="1"/>
<pin id="2433" dir="0" index="1" bw="1" slack="0"/>
<pin id="2434" dir="1" index="2" bw="1" slack="0"/>
</pin_list>
<bind>
<opcode="or(24) " fcode="or"/>
<opset="or_ln46_91/2 "/>
</bind>
</comp>

<comp id="2436" class="1004" name="select_ln46_89_fu_2436">
<pin_list>
<pin id="2437" dir="0" index="0" bw="1" slack="1"/>
<pin id="2438" dir="0" index="1" bw="1" slack="0"/>
<pin id="2439" dir="0" index="2" bw="2" slack="1"/>
<pin id="2440" dir="1" index="3" bw="2" slack="0"/>
</pin_list>
<bind>
<opcode="select(49) " fcode="select"/>
<opset="select_ln46_89/2 "/>
</bind>
</comp>

<comp id="2442" class="1004" name="select_ln46_90_fu_2442">
<pin_list>
<pin id="2443" dir="0" index="0" bw="1" slack="0"/>
<pin id="2444" dir="0" index="1" bw="2" slack="0"/>
<pin id="2445" dir="0" index="2" bw="1" slack="0"/>
<pin id="2446" dir="1" index="3" bw="2" slack="0"/>
</pin_list>
<bind>
<opcode="select(49) " fcode="select"/>
<opset="select_ln46_90/2 "/>
</bind>
</comp>

<comp id="2450" class="1004" name="select_ln46_91_fu_2450">
<pin_list>
<pin id="2451" dir="0" index="0" bw="1" slack="0"/>
<pin id="2452" dir="0" index="1" bw="2" slack="0"/>
<pin id="2453" dir="0" index="2" bw="2" slack="1"/>
<pin id="2454" dir="1" index="3" bw="2" slack="0"/>
</pin_list>
<bind>
<opcode="select(49) " fcode="select"/>
<opset="select_ln46_91/2 "/>
</bind>
</comp>

<comp id="2457" class="1004" name="res_10_0_fu_2457">
<pin_list>
<pin id="2458" dir="0" index="0" bw="1" slack="0"/>
<pin id="2459" dir="0" index="1" bw="2" slack="0"/>
<pin id="2460" dir="0" index="2" bw="1" slack="0"/>
<pin id="2461" dir="1" index="3" bw="2" slack="0"/>
</pin_list>
<bind>
<opcode="select(49) " fcode="select"/>
<opset="res_10_0/2 "/>
</bind>
</comp>

<comp id="2465" class="1004" name="icmp_ln45_30_fu_2465">
<pin_list>
<pin id="2466" dir="0" index="0" bw="16" slack="1"/>
<pin id="2467" dir="0" index="1" bw="1" slack="0"/>
<pin id="2468" dir="1" index="2" bw="1" slack="0"/>
</pin_list>
<bind>
<opcode="icmp(45) " fcode="icmp"/>
<opset="icmp_ln45_30/2 "/>
</bind>
</comp>

<comp id="2470" class="1004" name="tmp_184_fu_2470">
<pin_list>
<pin id="2471" dir="0" index="0" bw="1" slack="0"/>
<pin id="2472" dir="0" index="1" bw="16" slack="1"/>
<pin id="2473" dir="0" index="2" bw="5" slack="0"/>
<pin id="2474" dir="1" index="3" bw="1" slack="0"/>
</pin_list>
<bind>
<opcode="bitselect(1000) " fcode="bitselect"/>
<opset="tmp_184/2 "/>
</bind>
</comp>

<comp id="2477" class="1004" name="tmp_187_fu_2477">
<pin_list>
<pin id="2478" dir="0" index="0" bw="1" slack="0"/>
<pin id="2479" dir="0" index="1" bw="2" slack="1"/>
<pin id="2480" dir="0" index="2" bw="1" slack="0"/>
<pin id="2481" dir="1" index="3" bw="1" slack="0"/>
</pin_list>
<bind>
<opcode="bitselect(1000) " fcode="bitselect"/>
<opset="tmp_187/2 "/>
</bind>
</comp>

<comp id="2484" class="1004" name="not_tmp_217_fu_2484">
<pin_list>
<pin id="2485" dir="0" index="0" bw="1" slack="0"/>
<pin id="2486" dir="0" index="1" bw="1" slack="0"/>
<pin id="2487" dir="1" index="2" bw="1" slack="0"/>
</pin_list>
<bind>
<opcode="xor(25) " fcode="xor"/>
<opset="not_tmp_217/2 "/>
</bind>
</comp>

<comp id="2490" class="1004" name="and_ln46_62_fu_2490">
<pin_list>
<pin id="2491" dir="0" index="0" bw="1" slack="0"/>
<pin id="2492" dir="0" index="1" bw="1" slack="0"/>
<pin id="2493" dir="1" index="2" bw="1" slack="0"/>
</pin_list>
<bind>
<opcode="or(24) " fcode="or"/>
<opset="and_ln46_62/2 "/>
</bind>
</comp>

<comp id="2496" class="1004" name="empty_40_fu_2496">
<pin_list>
<pin id="2497" dir="0" index="0" bw="1" slack="1"/>
<pin id="2498" dir="0" index="1" bw="1" slack="0"/>
<pin id="2499" dir="1" index="2" bw="1" slack="0"/>
</pin_list>
<bind>
<opcode="and(23) " fcode="and"/>
<opset="empty_40/2 "/>
</bind>
</comp>

<comp id="2501" class="1004" name="or_ln46_93_fu_2501">
<pin_list>
<pin id="2502" dir="0" index="0" bw="1" slack="0"/>
<pin id="2503" dir="0" index="1" bw="1" slack="1"/>
<pin id="2504" dir="1" index="2" bw="1" slack="0"/>
</pin_list>
<bind>
<opcode="or(24) " fcode="or"/>
<opset="or_ln46_93/2 "/>
</bind>
</comp>

<comp id="2506" class="1004" name="xor_ln46_30_fu_2506">
<pin_list>
<pin id="2507" dir="0" index="0" bw="1" slack="0"/>
<pin id="2508" dir="0" index="1" bw="1" slack="0"/>
<pin id="2509" dir="1" index="2" bw="1" slack="0"/>
</pin_list>
<bind>
<opcode="xor(25) " fcode="xor"/>
<opset="xor_ln46_30/2 "/>
</bind>
</comp>

<comp id="2512" class="1004" name="or_ln46_94_fu_2512">
<pin_list>
<pin id="2513" dir="0" index="0" bw="1" slack="1"/>
<pin id="2514" dir="0" index="1" bw="1" slack="0"/>
<pin id="2515" dir="1" index="2" bw="1" slack="0"/>
</pin_list>
<bind>
<opcode="or(24) " fcode="or"/>
<opset="or_ln46_94/2 "/>
</bind>
</comp>

<comp id="2517" class="1004" name="select_ln46_92_fu_2517">
<pin_list>
<pin id="2518" dir="0" index="0" bw="1" slack="1"/>
<pin id="2519" dir="0" index="1" bw="1" slack="0"/>
<pin id="2520" dir="0" index="2" bw="2" slack="1"/>
<pin id="2521" dir="1" index="3" bw="2" slack="0"/>
</pin_list>
<bind>
<opcode="select(49) " fcode="select"/>
<opset="select_ln46_92/2 "/>
</bind>
</comp>

<comp id="2523" class="1004" name="select_ln46_93_fu_2523">
<pin_list>
<pin id="2524" dir="0" index="0" bw="1" slack="0"/>
<pin id="2525" dir="0" index="1" bw="2" slack="0"/>
<pin id="2526" dir="0" index="2" bw="1" slack="0"/>
<pin id="2527" dir="1" index="3" bw="2" slack="0"/>
</pin_list>
<bind>
<opcode="select(49) " fcode="select"/>
<opset="select_ln46_93/2 "/>
</bind>
</comp>

<comp id="2531" class="1004" name="select_ln46_94_fu_2531">
<pin_list>
<pin id="2532" dir="0" index="0" bw="1" slack="0"/>
<pin id="2533" dir="0" index="1" bw="2" slack="0"/>
<pin id="2534" dir="0" index="2" bw="2" slack="1"/>
<pin id="2535" dir="1" index="3" bw="2" slack="0"/>
</pin_list>
<bind>
<opcode="select(49) " fcode="select"/>
<opset="select_ln46_94/2 "/>
</bind>
</comp>

<comp id="2538" class="1004" name="res_11_0_fu_2538">
<pin_list>
<pin id="2539" dir="0" index="0" bw="1" slack="0"/>
<pin id="2540" dir="0" index="1" bw="2" slack="0"/>
<pin id="2541" dir="0" index="2" bw="1" slack="0"/>
<pin id="2542" dir="1" index="3" bw="2" slack="0"/>
</pin_list>
<bind>
<opcode="select(49) " fcode="select"/>
<opset="res_11_0/2 "/>
</bind>
</comp>

<comp id="2546" class="1004" name="icmp_ln45_31_fu_2546">
<pin_list>
<pin id="2547" dir="0" index="0" bw="16" slack="1"/>
<pin id="2548" dir="0" index="1" bw="1" slack="0"/>
<pin id="2549" dir="1" index="2" bw="1" slack="0"/>
</pin_list>
<bind>
<opcode="icmp(45) " fcode="icmp"/>
<opset="icmp_ln45_31/2 "/>
</bind>
</comp>

<comp id="2551" class="1004" name="tmp_190_fu_2551">
<pin_list>
<pin id="2552" dir="0" index="0" bw="1" slack="0"/>
<pin id="2553" dir="0" index="1" bw="16" slack="1"/>
<pin id="2554" dir="0" index="2" bw="5" slack="0"/>
<pin id="2555" dir="1" index="3" bw="1" slack="0"/>
</pin_list>
<bind>
<opcode="bitselect(1000) " fcode="bitselect"/>
<opset="tmp_190/2 "/>
</bind>
</comp>

<comp id="2558" class="1004" name="tmp_193_fu_2558">
<pin_list>
<pin id="2559" dir="0" index="0" bw="1" slack="0"/>
<pin id="2560" dir="0" index="1" bw="2" slack="1"/>
<pin id="2561" dir="0" index="2" bw="1" slack="0"/>
<pin id="2562" dir="1" index="3" bw="1" slack="0"/>
</pin_list>
<bind>
<opcode="bitselect(1000) " fcode="bitselect"/>
<opset="tmp_193/2 "/>
</bind>
</comp>

<comp id="2565" class="1004" name="not_tmp_224_fu_2565">
<pin_list>
<pin id="2566" dir="0" index="0" bw="1" slack="0"/>
<pin id="2567" dir="0" index="1" bw="1" slack="0"/>
<pin id="2568" dir="1" index="2" bw="1" slack="0"/>
</pin_list>
<bind>
<opcode="xor(25) " fcode="xor"/>
<opset="not_tmp_224/2 "/>
</bind>
</comp>

<comp id="2571" class="1004" name="and_ln46_64_fu_2571">
<pin_list>
<pin id="2572" dir="0" index="0" bw="1" slack="0"/>
<pin id="2573" dir="0" index="1" bw="1" slack="0"/>
<pin id="2574" dir="1" index="2" bw="1" slack="0"/>
</pin_list>
<bind>
<opcode="or(24) " fcode="or"/>
<opset="and_ln46_64/2 "/>
</bind>
</comp>

<comp id="2577" class="1004" name="empty_41_fu_2577">
<pin_list>
<pin id="2578" dir="0" index="0" bw="1" slack="1"/>
<pin id="2579" dir="0" index="1" bw="1" slack="0"/>
<pin id="2580" dir="1" index="2" bw="1" slack="0"/>
</pin_list>
<bind>
<opcode="and(23) " fcode="and"/>
<opset="empty_41/2 "/>
</bind>
</comp>

<comp id="2582" class="1004" name="or_ln46_96_fu_2582">
<pin_list>
<pin id="2583" dir="0" index="0" bw="1" slack="0"/>
<pin id="2584" dir="0" index="1" bw="1" slack="1"/>
<pin id="2585" dir="1" index="2" bw="1" slack="0"/>
</pin_list>
<bind>
<opcode="or(24) " fcode="or"/>
<opset="or_ln46_96/2 "/>
</bind>
</comp>

<comp id="2587" class="1004" name="xor_ln46_31_fu_2587">
<pin_list>
<pin id="2588" dir="0" index="0" bw="1" slack="0"/>
<pin id="2589" dir="0" index="1" bw="1" slack="0"/>
<pin id="2590" dir="1" index="2" bw="1" slack="0"/>
</pin_list>
<bind>
<opcode="xor(25) " fcode="xor"/>
<opset="xor_ln46_31/2 "/>
</bind>
</comp>

<comp id="2593" class="1004" name="or_ln46_97_fu_2593">
<pin_list>
<pin id="2594" dir="0" index="0" bw="1" slack="1"/>
<pin id="2595" dir="0" index="1" bw="1" slack="0"/>
<pin id="2596" dir="1" index="2" bw="1" slack="0"/>
</pin_list>
<bind>
<opcode="or(24) " fcode="or"/>
<opset="or_ln46_97/2 "/>
</bind>
</comp>

<comp id="2598" class="1004" name="select_ln46_95_fu_2598">
<pin_list>
<pin id="2599" dir="0" index="0" bw="1" slack="1"/>
<pin id="2600" dir="0" index="1" bw="1" slack="0"/>
<pin id="2601" dir="0" index="2" bw="2" slack="1"/>
<pin id="2602" dir="1" index="3" bw="2" slack="0"/>
</pin_list>
<bind>
<opcode="select(49) " fcode="select"/>
<opset="select_ln46_95/2 "/>
</bind>
</comp>

<comp id="2604" class="1004" name="select_ln46_96_fu_2604">
<pin_list>
<pin id="2605" dir="0" index="0" bw="1" slack="0"/>
<pin id="2606" dir="0" index="1" bw="2" slack="0"/>
<pin id="2607" dir="0" index="2" bw="1" slack="0"/>
<pin id="2608" dir="1" index="3" bw="2" slack="0"/>
</pin_list>
<bind>
<opcode="select(49) " fcode="select"/>
<opset="select_ln46_96/2 "/>
</bind>
</comp>

<comp id="2612" class="1004" name="select_ln46_97_fu_2612">
<pin_list>
<pin id="2613" dir="0" index="0" bw="1" slack="0"/>
<pin id="2614" dir="0" index="1" bw="2" slack="0"/>
<pin id="2615" dir="0" index="2" bw="2" slack="1"/>
<pin id="2616" dir="1" index="3" bw="2" slack="0"/>
</pin_list>
<bind>
<opcode="select(49) " fcode="select"/>
<opset="select_ln46_97/2 "/>
</bind>
</comp>

<comp id="2619" class="1004" name="res_12_0_fu_2619">
<pin_list>
<pin id="2620" dir="0" index="0" bw="1" slack="0"/>
<pin id="2621" dir="0" index="1" bw="2" slack="0"/>
<pin id="2622" dir="0" index="2" bw="1" slack="0"/>
<pin id="2623" dir="1" index="3" bw="2" slack="0"/>
</pin_list>
<bind>
<opcode="select(49) " fcode="select"/>
<opset="res_12_0/2 "/>
</bind>
</comp>

<comp id="2627" class="1004" name="icmp_ln45_32_fu_2627">
<pin_list>
<pin id="2628" dir="0" index="0" bw="16" slack="1"/>
<pin id="2629" dir="0" index="1" bw="1" slack="0"/>
<pin id="2630" dir="1" index="2" bw="1" slack="0"/>
</pin_list>
<bind>
<opcode="icmp(45) " fcode="icmp"/>
<opset="icmp_ln45_32/2 "/>
</bind>
</comp>

<comp id="2632" class="1004" name="tmp_196_fu_2632">
<pin_list>
<pin id="2633" dir="0" index="0" bw="1" slack="0"/>
<pin id="2634" dir="0" index="1" bw="16" slack="1"/>
<pin id="2635" dir="0" index="2" bw="5" slack="0"/>
<pin id="2636" dir="1" index="3" bw="1" slack="0"/>
</pin_list>
<bind>
<opcode="bitselect(1000) " fcode="bitselect"/>
<opset="tmp_196/2 "/>
</bind>
</comp>

<comp id="2639" class="1004" name="tmp_199_fu_2639">
<pin_list>
<pin id="2640" dir="0" index="0" bw="1" slack="0"/>
<pin id="2641" dir="0" index="1" bw="2" slack="1"/>
<pin id="2642" dir="0" index="2" bw="1" slack="0"/>
<pin id="2643" dir="1" index="3" bw="1" slack="0"/>
</pin_list>
<bind>
<opcode="bitselect(1000) " fcode="bitselect"/>
<opset="tmp_199/2 "/>
</bind>
</comp>

<comp id="2646" class="1004" name="not_tmp_231_fu_2646">
<pin_list>
<pin id="2647" dir="0" index="0" bw="1" slack="0"/>
<pin id="2648" dir="0" index="1" bw="1" slack="0"/>
<pin id="2649" dir="1" index="2" bw="1" slack="0"/>
</pin_list>
<bind>
<opcode="xor(25) " fcode="xor"/>
<opset="not_tmp_231/2 "/>
</bind>
</comp>

<comp id="2652" class="1004" name="and_ln46_66_fu_2652">
<pin_list>
<pin id="2653" dir="0" index="0" bw="1" slack="0"/>
<pin id="2654" dir="0" index="1" bw="1" slack="0"/>
<pin id="2655" dir="1" index="2" bw="1" slack="0"/>
</pin_list>
<bind>
<opcode="or(24) " fcode="or"/>
<opset="and_ln46_66/2 "/>
</bind>
</comp>

<comp id="2658" class="1004" name="empty_42_fu_2658">
<pin_list>
<pin id="2659" dir="0" index="0" bw="1" slack="1"/>
<pin id="2660" dir="0" index="1" bw="1" slack="0"/>
<pin id="2661" dir="1" index="2" bw="1" slack="0"/>
</pin_list>
<bind>
<opcode="and(23) " fcode="and"/>
<opset="empty_42/2 "/>
</bind>
</comp>

<comp id="2663" class="1004" name="or_ln46_99_fu_2663">
<pin_list>
<pin id="2664" dir="0" index="0" bw="1" slack="0"/>
<pin id="2665" dir="0" index="1" bw="1" slack="1"/>
<pin id="2666" dir="1" index="2" bw="1" slack="0"/>
</pin_list>
<bind>
<opcode="or(24) " fcode="or"/>
<opset="or_ln46_99/2 "/>
</bind>
</comp>

<comp id="2668" class="1004" name="xor_ln46_32_fu_2668">
<pin_list>
<pin id="2669" dir="0" index="0" bw="1" slack="0"/>
<pin id="2670" dir="0" index="1" bw="1" slack="0"/>
<pin id="2671" dir="1" index="2" bw="1" slack="0"/>
</pin_list>
<bind>
<opcode="xor(25) " fcode="xor"/>
<opset="xor_ln46_32/2 "/>
</bind>
</comp>

<comp id="2674" class="1004" name="or_ln46_100_fu_2674">
<pin_list>
<pin id="2675" dir="0" index="0" bw="1" slack="1"/>
<pin id="2676" dir="0" index="1" bw="1" slack="0"/>
<pin id="2677" dir="1" index="2" bw="1" slack="0"/>
</pin_list>
<bind>
<opcode="or(24) " fcode="or"/>
<opset="or_ln46_100/2 "/>
</bind>
</comp>

<comp id="2679" class="1004" name="select_ln46_98_fu_2679">
<pin_list>
<pin id="2680" dir="0" index="0" bw="1" slack="1"/>
<pin id="2681" dir="0" index="1" bw="1" slack="0"/>
<pin id="2682" dir="0" index="2" bw="2" slack="1"/>
<pin id="2683" dir="1" index="3" bw="2" slack="0"/>
</pin_list>
<bind>
<opcode="select(49) " fcode="select"/>
<opset="select_ln46_98/2 "/>
</bind>
</comp>

<comp id="2685" class="1004" name="select_ln46_99_fu_2685">
<pin_list>
<pin id="2686" dir="0" index="0" bw="1" slack="0"/>
<pin id="2687" dir="0" index="1" bw="2" slack="0"/>
<pin id="2688" dir="0" index="2" bw="1" slack="0"/>
<pin id="2689" dir="1" index="3" bw="2" slack="0"/>
</pin_list>
<bind>
<opcode="select(49) " fcode="select"/>
<opset="select_ln46_99/2 "/>
</bind>
</comp>

<comp id="2693" class="1004" name="select_ln46_100_fu_2693">
<pin_list>
<pin id="2694" dir="0" index="0" bw="1" slack="0"/>
<pin id="2695" dir="0" index="1" bw="2" slack="0"/>
<pin id="2696" dir="0" index="2" bw="2" slack="1"/>
<pin id="2697" dir="1" index="3" bw="2" slack="0"/>
</pin_list>
<bind>
<opcode="select(49) " fcode="select"/>
<opset="select_ln46_100/2 "/>
</bind>
</comp>

<comp id="2700" class="1004" name="res_13_0_fu_2700">
<pin_list>
<pin id="2701" dir="0" index="0" bw="1" slack="0"/>
<pin id="2702" dir="0" index="1" bw="2" slack="0"/>
<pin id="2703" dir="0" index="2" bw="1" slack="0"/>
<pin id="2704" dir="1" index="3" bw="2" slack="0"/>
</pin_list>
<bind>
<opcode="select(49) " fcode="select"/>
<opset="res_13_0/2 "/>
</bind>
</comp>

<comp id="2708" class="1004" name="icmp_ln45_33_fu_2708">
<pin_list>
<pin id="2709" dir="0" index="0" bw="16" slack="1"/>
<pin id="2710" dir="0" index="1" bw="1" slack="0"/>
<pin id="2711" dir="1" index="2" bw="1" slack="0"/>
</pin_list>
<bind>
<opcode="icmp(45) " fcode="icmp"/>
<opset="icmp_ln45_33/2 "/>
</bind>
</comp>

<comp id="2713" class="1004" name="tmp_202_fu_2713">
<pin_list>
<pin id="2714" dir="0" index="0" bw="1" slack="0"/>
<pin id="2715" dir="0" index="1" bw="16" slack="1"/>
<pin id="2716" dir="0" index="2" bw="5" slack="0"/>
<pin id="2717" dir="1" index="3" bw="1" slack="0"/>
</pin_list>
<bind>
<opcode="bitselect(1000) " fcode="bitselect"/>
<opset="tmp_202/2 "/>
</bind>
</comp>

<comp id="2720" class="1004" name="tmp_205_fu_2720">
<pin_list>
<pin id="2721" dir="0" index="0" bw="1" slack="0"/>
<pin id="2722" dir="0" index="1" bw="2" slack="1"/>
<pin id="2723" dir="0" index="2" bw="1" slack="0"/>
<pin id="2724" dir="1" index="3" bw="1" slack="0"/>
</pin_list>
<bind>
<opcode="bitselect(1000) " fcode="bitselect"/>
<opset="tmp_205/2 "/>
</bind>
</comp>

<comp id="2727" class="1004" name="not_tmp_238_fu_2727">
<pin_list>
<pin id="2728" dir="0" index="0" bw="1" slack="0"/>
<pin id="2729" dir="0" index="1" bw="1" slack="0"/>
<pin id="2730" dir="1" index="2" bw="1" slack="0"/>
</pin_list>
<bind>
<opcode="xor(25) " fcode="xor"/>
<opset="not_tmp_238/2 "/>
</bind>
</comp>

<comp id="2733" class="1004" name="and_ln46_68_fu_2733">
<pin_list>
<pin id="2734" dir="0" index="0" bw="1" slack="0"/>
<pin id="2735" dir="0" index="1" bw="1" slack="0"/>
<pin id="2736" dir="1" index="2" bw="1" slack="0"/>
</pin_list>
<bind>
<opcode="or(24) " fcode="or"/>
<opset="and_ln46_68/2 "/>
</bind>
</comp>

<comp id="2739" class="1004" name="empty_43_fu_2739">
<pin_list>
<pin id="2740" dir="0" index="0" bw="1" slack="1"/>
<pin id="2741" dir="0" index="1" bw="1" slack="0"/>
<pin id="2742" dir="1" index="2" bw="1" slack="0"/>
</pin_list>
<bind>
<opcode="and(23) " fcode="and"/>
<opset="empty_43/2 "/>
</bind>
</comp>

<comp id="2744" class="1004" name="or_ln46_102_fu_2744">
<pin_list>
<pin id="2745" dir="0" index="0" bw="1" slack="0"/>
<pin id="2746" dir="0" index="1" bw="1" slack="1"/>
<pin id="2747" dir="1" index="2" bw="1" slack="0"/>
</pin_list>
<bind>
<opcode="or(24) " fcode="or"/>
<opset="or_ln46_102/2 "/>
</bind>
</comp>

<comp id="2749" class="1004" name="xor_ln46_33_fu_2749">
<pin_list>
<pin id="2750" dir="0" index="0" bw="1" slack="0"/>
<pin id="2751" dir="0" index="1" bw="1" slack="0"/>
<pin id="2752" dir="1" index="2" bw="1" slack="0"/>
</pin_list>
<bind>
<opcode="xor(25) " fcode="xor"/>
<opset="xor_ln46_33/2 "/>
</bind>
</comp>

<comp id="2755" class="1004" name="or_ln46_103_fu_2755">
<pin_list>
<pin id="2756" dir="0" index="0" bw="1" slack="1"/>
<pin id="2757" dir="0" index="1" bw="1" slack="0"/>
<pin id="2758" dir="1" index="2" bw="1" slack="0"/>
</pin_list>
<bind>
<opcode="or(24) " fcode="or"/>
<opset="or_ln46_103/2 "/>
</bind>
</comp>

<comp id="2760" class="1004" name="select_ln46_101_fu_2760">
<pin_list>
<pin id="2761" dir="0" index="0" bw="1" slack="1"/>
<pin id="2762" dir="0" index="1" bw="1" slack="0"/>
<pin id="2763" dir="0" index="2" bw="2" slack="1"/>
<pin id="2764" dir="1" index="3" bw="2" slack="0"/>
</pin_list>
<bind>
<opcode="select(49) " fcode="select"/>
<opset="select_ln46_101/2 "/>
</bind>
</comp>

<comp id="2766" class="1004" name="select_ln46_102_fu_2766">
<pin_list>
<pin id="2767" dir="0" index="0" bw="1" slack="0"/>
<pin id="2768" dir="0" index="1" bw="2" slack="0"/>
<pin id="2769" dir="0" index="2" bw="1" slack="0"/>
<pin id="2770" dir="1" index="3" bw="2" slack="0"/>
</pin_list>
<bind>
<opcode="select(49) " fcode="select"/>
<opset="select_ln46_102/2 "/>
</bind>
</comp>

<comp id="2774" class="1004" name="select_ln46_103_fu_2774">
<pin_list>
<pin id="2775" dir="0" index="0" bw="1" slack="0"/>
<pin id="2776" dir="0" index="1" bw="2" slack="0"/>
<pin id="2777" dir="0" index="2" bw="2" slack="1"/>
<pin id="2778" dir="1" index="3" bw="2" slack="0"/>
</pin_list>
<bind>
<opcode="select(49) " fcode="select"/>
<opset="select_ln46_103/2 "/>
</bind>
</comp>

<comp id="2781" class="1004" name="res_1445_0_fu_2781">
<pin_list>
<pin id="2782" dir="0" index="0" bw="1" slack="0"/>
<pin id="2783" dir="0" index="1" bw="2" slack="0"/>
<pin id="2784" dir="0" index="2" bw="1" slack="0"/>
<pin id="2785" dir="1" index="3" bw="2" slack="0"/>
</pin_list>
<bind>
<opcode="select(49) " fcode="select"/>
<opset="res_1445_0/2 "/>
</bind>
</comp>

<comp id="2789" class="1004" name="icmp_ln45_34_fu_2789">
<pin_list>
<pin id="2790" dir="0" index="0" bw="16" slack="1"/>
<pin id="2791" dir="0" index="1" bw="1" slack="0"/>
<pin id="2792" dir="1" index="2" bw="1" slack="0"/>
</pin_list>
<bind>
<opcode="icmp(45) " fcode="icmp"/>
<opset="icmp_ln45_34/2 "/>
</bind>
</comp>

<comp id="2794" class="1004" name="tmp_208_fu_2794">
<pin_list>
<pin id="2795" dir="0" index="0" bw="1" slack="0"/>
<pin id="2796" dir="0" index="1" bw="16" slack="1"/>
<pin id="2797" dir="0" index="2" bw="5" slack="0"/>
<pin id="2798" dir="1" index="3" bw="1" slack="0"/>
</pin_list>
<bind>
<opcode="bitselect(1000) " fcode="bitselect"/>
<opset="tmp_208/2 "/>
</bind>
</comp>

<comp id="2801" class="1004" name="tmp_211_fu_2801">
<pin_list>
<pin id="2802" dir="0" index="0" bw="1" slack="0"/>
<pin id="2803" dir="0" index="1" bw="2" slack="1"/>
<pin id="2804" dir="0" index="2" bw="1" slack="0"/>
<pin id="2805" dir="1" index="3" bw="1" slack="0"/>
</pin_list>
<bind>
<opcode="bitselect(1000) " fcode="bitselect"/>
<opset="tmp_211/2 "/>
</bind>
</comp>

<comp id="2808" class="1004" name="not_tmp_245_fu_2808">
<pin_list>
<pin id="2809" dir="0" index="0" bw="1" slack="0"/>
<pin id="2810" dir="0" index="1" bw="1" slack="0"/>
<pin id="2811" dir="1" index="2" bw="1" slack="0"/>
</pin_list>
<bind>
<opcode="xor(25) " fcode="xor"/>
<opset="not_tmp_245/2 "/>
</bind>
</comp>

<comp id="2814" class="1004" name="and_ln46_70_fu_2814">
<pin_list>
<pin id="2815" dir="0" index="0" bw="1" slack="0"/>
<pin id="2816" dir="0" index="1" bw="1" slack="0"/>
<pin id="2817" dir="1" index="2" bw="1" slack="0"/>
</pin_list>
<bind>
<opcode="or(24) " fcode="or"/>
<opset="and_ln46_70/2 "/>
</bind>
</comp>

<comp id="2820" class="1004" name="empty_44_fu_2820">
<pin_list>
<pin id="2821" dir="0" index="0" bw="1" slack="1"/>
<pin id="2822" dir="0" index="1" bw="1" slack="0"/>
<pin id="2823" dir="1" index="2" bw="1" slack="0"/>
</pin_list>
<bind>
<opcode="and(23) " fcode="and"/>
<opset="empty_44/2 "/>
</bind>
</comp>

<comp id="2825" class="1004" name="or_ln46_105_fu_2825">
<pin_list>
<pin id="2826" dir="0" index="0" bw="1" slack="0"/>
<pin id="2827" dir="0" index="1" bw="1" slack="1"/>
<pin id="2828" dir="1" index="2" bw="1" slack="0"/>
</pin_list>
<bind>
<opcode="or(24) " fcode="or"/>
<opset="or_ln46_105/2 "/>
</bind>
</comp>

<comp id="2830" class="1004" name="xor_ln46_34_fu_2830">
<pin_list>
<pin id="2831" dir="0" index="0" bw="1" slack="0"/>
<pin id="2832" dir="0" index="1" bw="1" slack="0"/>
<pin id="2833" dir="1" index="2" bw="1" slack="0"/>
</pin_list>
<bind>
<opcode="xor(25) " fcode="xor"/>
<opset="xor_ln46_34/2 "/>
</bind>
</comp>

<comp id="2836" class="1004" name="or_ln46_106_fu_2836">
<pin_list>
<pin id="2837" dir="0" index="0" bw="1" slack="1"/>
<pin id="2838" dir="0" index="1" bw="1" slack="0"/>
<pin id="2839" dir="1" index="2" bw="1" slack="0"/>
</pin_list>
<bind>
<opcode="or(24) " fcode="or"/>
<opset="or_ln46_106/2 "/>
</bind>
</comp>

<comp id="2841" class="1004" name="select_ln46_104_fu_2841">
<pin_list>
<pin id="2842" dir="0" index="0" bw="1" slack="1"/>
<pin id="2843" dir="0" index="1" bw="1" slack="0"/>
<pin id="2844" dir="0" index="2" bw="2" slack="1"/>
<pin id="2845" dir="1" index="3" bw="2" slack="0"/>
</pin_list>
<bind>
<opcode="select(49) " fcode="select"/>
<opset="select_ln46_104/2 "/>
</bind>
</comp>

<comp id="2847" class="1004" name="select_ln46_105_fu_2847">
<pin_list>
<pin id="2848" dir="0" index="0" bw="1" slack="0"/>
<pin id="2849" dir="0" index="1" bw="2" slack="0"/>
<pin id="2850" dir="0" index="2" bw="1" slack="0"/>
<pin id="2851" dir="1" index="3" bw="2" slack="0"/>
</pin_list>
<bind>
<opcode="select(49) " fcode="select"/>
<opset="select_ln46_105/2 "/>
</bind>
</comp>

<comp id="2855" class="1004" name="select_ln46_106_fu_2855">
<pin_list>
<pin id="2856" dir="0" index="0" bw="1" slack="0"/>
<pin id="2857" dir="0" index="1" bw="2" slack="0"/>
<pin id="2858" dir="0" index="2" bw="2" slack="1"/>
<pin id="2859" dir="1" index="3" bw="2" slack="0"/>
</pin_list>
<bind>
<opcode="select(49) " fcode="select"/>
<opset="select_ln46_106/2 "/>
</bind>
</comp>

<comp id="2862" class="1004" name="res_15_0_fu_2862">
<pin_list>
<pin id="2863" dir="0" index="0" bw="1" slack="0"/>
<pin id="2864" dir="0" index="1" bw="2" slack="0"/>
<pin id="2865" dir="0" index="2" bw="1" slack="0"/>
<pin id="2866" dir="1" index="3" bw="2" slack="0"/>
</pin_list>
<bind>
<opcode="select(49) " fcode="select"/>
<opset="res_15_0/2 "/>
</bind>
</comp>

<comp id="2870" class="1004" name="icmp_ln45_35_fu_2870">
<pin_list>
<pin id="2871" dir="0" index="0" bw="16" slack="1"/>
<pin id="2872" dir="0" index="1" bw="1" slack="0"/>
<pin id="2873" dir="1" index="2" bw="1" slack="0"/>
</pin_list>
<bind>
<opcode="icmp(45) " fcode="icmp"/>
<opset="icmp_ln45_35/2 "/>
</bind>
</comp>

<comp id="2875" class="1004" name="tmp_214_fu_2875">
<pin_list>
<pin id="2876" dir="0" index="0" bw="1" slack="0"/>
<pin id="2877" dir="0" index="1" bw="16" slack="1"/>
<pin id="2878" dir="0" index="2" bw="5" slack="0"/>
<pin id="2879" dir="1" index="3" bw="1" slack="0"/>
</pin_list>
<bind>
<opcode="bitselect(1000) " fcode="bitselect"/>
<opset="tmp_214/2 "/>
</bind>
</comp>

<comp id="2882" class="1004" name="tmp_217_fu_2882">
<pin_list>
<pin id="2883" dir="0" index="0" bw="1" slack="0"/>
<pin id="2884" dir="0" index="1" bw="2" slack="1"/>
<pin id="2885" dir="0" index="2" bw="1" slack="0"/>
<pin id="2886" dir="1" index="3" bw="1" slack="0"/>
</pin_list>
<bind>
<opcode="bitselect(1000) " fcode="bitselect"/>
<opset="tmp_217/2 "/>
</bind>
</comp>

<comp id="2889" class="1004" name="not_tmp_252_fu_2889">
<pin_list>
<pin id="2890" dir="0" index="0" bw="1" slack="0"/>
<pin id="2891" dir="0" index="1" bw="1" slack="0"/>
<pin id="2892" dir="1" index="2" bw="1" slack="0"/>
</pin_list>
<bind>
<opcode="xor(25) " fcode="xor"/>
<opset="not_tmp_252/2 "/>
</bind>
</comp>

<comp id="2895" class="1004" name="and_ln46_72_fu_2895">
<pin_list>
<pin id="2896" dir="0" index="0" bw="1" slack="0"/>
<pin id="2897" dir="0" index="1" bw="1" slack="0"/>
<pin id="2898" dir="1" index="2" bw="1" slack="0"/>
</pin_list>
<bind>
<opcode="or(24) " fcode="or"/>
<opset="and_ln46_72/2 "/>
</bind>
</comp>

<comp id="2901" class="1004" name="empty_45_fu_2901">
<pin_list>
<pin id="2902" dir="0" index="0" bw="1" slack="1"/>
<pin id="2903" dir="0" index="1" bw="1" slack="0"/>
<pin id="2904" dir="1" index="2" bw="1" slack="0"/>
</pin_list>
<bind>
<opcode="and(23) " fcode="and"/>
<opset="empty_45/2 "/>
</bind>
</comp>

<comp id="2906" class="1004" name="or_ln46_108_fu_2906">
<pin_list>
<pin id="2907" dir="0" index="0" bw="1" slack="0"/>
<pin id="2908" dir="0" index="1" bw="1" slack="1"/>
<pin id="2909" dir="1" index="2" bw="1" slack="0"/>
</pin_list>
<bind>
<opcode="or(24) " fcode="or"/>
<opset="or_ln46_108/2 "/>
</bind>
</comp>

<comp id="2911" class="1004" name="xor_ln46_35_fu_2911">
<pin_list>
<pin id="2912" dir="0" index="0" bw="1" slack="0"/>
<pin id="2913" dir="0" index="1" bw="1" slack="0"/>
<pin id="2914" dir="1" index="2" bw="1" slack="0"/>
</pin_list>
<bind>
<opcode="xor(25) " fcode="xor"/>
<opset="xor_ln46_35/2 "/>
</bind>
</comp>

<comp id="2917" class="1004" name="or_ln46_109_fu_2917">
<pin_list>
<pin id="2918" dir="0" index="0" bw="1" slack="1"/>
<pin id="2919" dir="0" index="1" bw="1" slack="0"/>
<pin id="2920" dir="1" index="2" bw="1" slack="0"/>
</pin_list>
<bind>
<opcode="or(24) " fcode="or"/>
<opset="or_ln46_109/2 "/>
</bind>
</comp>

<comp id="2922" class="1004" name="select_ln46_107_fu_2922">
<pin_list>
<pin id="2923" dir="0" index="0" bw="1" slack="1"/>
<pin id="2924" dir="0" index="1" bw="1" slack="0"/>
<pin id="2925" dir="0" index="2" bw="2" slack="1"/>
<pin id="2926" dir="1" index="3" bw="2" slack="0"/>
</pin_list>
<bind>
<opcode="select(49) " fcode="select"/>
<opset="select_ln46_107/2 "/>
</bind>
</comp>

<comp id="2928" class="1004" name="select_ln46_108_fu_2928">
<pin_list>
<pin id="2929" dir="0" index="0" bw="1" slack="0"/>
<pin id="2930" dir="0" index="1" bw="2" slack="0"/>
<pin id="2931" dir="0" index="2" bw="1" slack="0"/>
<pin id="2932" dir="1" index="3" bw="2" slack="0"/>
</pin_list>
<bind>
<opcode="select(49) " fcode="select"/>
<opset="select_ln46_108/2 "/>
</bind>
</comp>

<comp id="2936" class="1004" name="select_ln46_109_fu_2936">
<pin_list>
<pin id="2937" dir="0" index="0" bw="1" slack="0"/>
<pin id="2938" dir="0" index="1" bw="2" slack="0"/>
<pin id="2939" dir="0" index="2" bw="2" slack="1"/>
<pin id="2940" dir="1" index="3" bw="2" slack="0"/>
</pin_list>
<bind>
<opcode="select(49) " fcode="select"/>
<opset="select_ln46_109/2 "/>
</bind>
</comp>

<comp id="2943" class="1004" name="res_16_0_fu_2943">
<pin_list>
<pin id="2944" dir="0" index="0" bw="1" slack="0"/>
<pin id="2945" dir="0" index="1" bw="2" slack="0"/>
<pin id="2946" dir="0" index="2" bw="1" slack="0"/>
<pin id="2947" dir="1" index="3" bw="2" slack="0"/>
</pin_list>
<bind>
<opcode="select(49) " fcode="select"/>
<opset="res_16_0/2 "/>
</bind>
</comp>

<comp id="2951" class="1004" name="mrv_fu_2951">
<pin_list>
<pin id="2952" dir="0" index="0" bw="34" slack="0"/>
<pin id="2953" dir="0" index="1" bw="2" slack="0"/>
<pin id="2954" dir="1" index="2" bw="34" slack="0"/>
</pin_list>
<bind>
<opcode="insertvalue(57) " fcode="insertvalue"/>
<opset="mrv/2 "/>
</bind>
</comp>

<comp id="2957" class="1004" name="mrv_1_fu_2957">
<pin_list>
<pin id="2958" dir="0" index="0" bw="34" slack="0"/>
<pin id="2959" dir="0" index="1" bw="2" slack="0"/>
<pin id="2960" dir="1" index="2" bw="34" slack="0"/>
</pin_list>
<bind>
<opcode="insertvalue(57) " fcode="insertvalue"/>
<opset="mrv_1/2 "/>
</bind>
</comp>

<comp id="2963" class="1004" name="mrv_2_fu_2963">
<pin_list>
<pin id="2964" dir="0" index="0" bw="34" slack="0"/>
<pin id="2965" dir="0" index="1" bw="2" slack="0"/>
<pin id="2966" dir="1" index="2" bw="34" slack="0"/>
</pin_list>
<bind>
<opcode="insertvalue(57) " fcode="insertvalue"/>
<opset="mrv_2/2 "/>
</bind>
</comp>

<comp id="2969" class="1004" name="mrv_3_fu_2969">
<pin_list>
<pin id="2970" dir="0" index="0" bw="34" slack="0"/>
<pin id="2971" dir="0" index="1" bw="2" slack="0"/>
<pin id="2972" dir="1" index="2" bw="34" slack="0"/>
</pin_list>
<bind>
<opcode="insertvalue(57) " fcode="insertvalue"/>
<opset="mrv_3/2 "/>
</bind>
</comp>

<comp id="2975" class="1004" name="mrv_4_fu_2975">
<pin_list>
<pin id="2976" dir="0" index="0" bw="34" slack="0"/>
<pin id="2977" dir="0" index="1" bw="2" slack="0"/>
<pin id="2978" dir="1" index="2" bw="34" slack="0"/>
</pin_list>
<bind>
<opcode="insertvalue(57) " fcode="insertvalue"/>
<opset="mrv_4/2 "/>
</bind>
</comp>

<comp id="2981" class="1004" name="mrv_5_fu_2981">
<pin_list>
<pin id="2982" dir="0" index="0" bw="34" slack="0"/>
<pin id="2983" dir="0" index="1" bw="2" slack="0"/>
<pin id="2984" dir="1" index="2" bw="34" slack="0"/>
</pin_list>
<bind>
<opcode="insertvalue(57) " fcode="insertvalue"/>
<opset="mrv_5/2 "/>
</bind>
</comp>

<comp id="2987" class="1004" name="mrv_6_fu_2987">
<pin_list>
<pin id="2988" dir="0" index="0" bw="34" slack="0"/>
<pin id="2989" dir="0" index="1" bw="2" slack="0"/>
<pin id="2990" dir="1" index="2" bw="34" slack="0"/>
</pin_list>
<bind>
<opcode="insertvalue(57) " fcode="insertvalue"/>
<opset="mrv_6/2 "/>
</bind>
</comp>

<comp id="2993" class="1004" name="mrv_7_fu_2993">
<pin_list>
<pin id="2994" dir="0" index="0" bw="34" slack="0"/>
<pin id="2995" dir="0" index="1" bw="2" slack="0"/>
<pin id="2996" dir="1" index="2" bw="34" slack="0"/>
</pin_list>
<bind>
<opcode="insertvalue(57) " fcode="insertvalue"/>
<opset="mrv_7/2 "/>
</bind>
</comp>

<comp id="2999" class="1004" name="mrv_8_fu_2999">
<pin_list>
<pin id="3000" dir="0" index="0" bw="34" slack="0"/>
<pin id="3001" dir="0" index="1" bw="2" slack="0"/>
<pin id="3002" dir="1" index="2" bw="34" slack="0"/>
</pin_list>
<bind>
<opcode="insertvalue(57) " fcode="insertvalue"/>
<opset="mrv_8/2 "/>
</bind>
</comp>

<comp id="3005" class="1004" name="mrv_9_fu_3005">
<pin_list>
<pin id="3006" dir="0" index="0" bw="34" slack="0"/>
<pin id="3007" dir="0" index="1" bw="2" slack="0"/>
<pin id="3008" dir="1" index="2" bw="34" slack="0"/>
</pin_list>
<bind>
<opcode="insertvalue(57) " fcode="insertvalue"/>
<opset="mrv_9/2 "/>
</bind>
</comp>

<comp id="3011" class="1004" name="mrv_10_fu_3011">
<pin_list>
<pin id="3012" dir="0" index="0" bw="34" slack="0"/>
<pin id="3013" dir="0" index="1" bw="2" slack="0"/>
<pin id="3014" dir="1" index="2" bw="34" slack="0"/>
</pin_list>
<bind>
<opcode="insertvalue(57) " fcode="insertvalue"/>
<opset="mrv_10/2 "/>
</bind>
</comp>

<comp id="3017" class="1004" name="mrv_11_fu_3017">
<pin_list>
<pin id="3018" dir="0" index="0" bw="34" slack="0"/>
<pin id="3019" dir="0" index="1" bw="2" slack="0"/>
<pin id="3020" dir="1" index="2" bw="34" slack="0"/>
</pin_list>
<bind>
<opcode="insertvalue(57) " fcode="insertvalue"/>
<opset="mrv_11/2 "/>
</bind>
</comp>

<comp id="3023" class="1004" name="mrv_12_fu_3023">
<pin_list>
<pin id="3024" dir="0" index="0" bw="34" slack="0"/>
<pin id="3025" dir="0" index="1" bw="2" slack="0"/>
<pin id="3026" dir="1" index="2" bw="34" slack="0"/>
</pin_list>
<bind>
<opcode="insertvalue(57) " fcode="insertvalue"/>
<opset="mrv_12/2 "/>
</bind>
</comp>

<comp id="3029" class="1004" name="mrv_13_fu_3029">
<pin_list>
<pin id="3030" dir="0" index="0" bw="34" slack="0"/>
<pin id="3031" dir="0" index="1" bw="2" slack="0"/>
<pin id="3032" dir="1" index="2" bw="34" slack="0"/>
</pin_list>
<bind>
<opcode="insertvalue(57) " fcode="insertvalue"/>
<opset="mrv_13/2 "/>
</bind>
</comp>

<comp id="3035" class="1004" name="mrv_14_fu_3035">
<pin_list>
<pin id="3036" dir="0" index="0" bw="34" slack="0"/>
<pin id="3037" dir="0" index="1" bw="2" slack="0"/>
<pin id="3038" dir="1" index="2" bw="34" slack="0"/>
</pin_list>
<bind>
<opcode="insertvalue(57) " fcode="insertvalue"/>
<opset="mrv_14/2 "/>
</bind>
</comp>

<comp id="3041" class="1004" name="mrv_15_fu_3041">
<pin_list>
<pin id="3042" dir="0" index="0" bw="34" slack="0"/>
<pin id="3043" dir="0" index="1" bw="2" slack="0"/>
<pin id="3044" dir="1" index="2" bw="34" slack="0"/>
</pin_list>
<bind>
<opcode="insertvalue(57) " fcode="insertvalue"/>
<opset="mrv_15/2 "/>
</bind>
</comp>

<comp id="3047" class="1004" name="mrv_16_fu_3047">
<pin_list>
<pin id="3048" dir="0" index="0" bw="34" slack="0"/>
<pin id="3049" dir="0" index="1" bw="2" slack="0"/>
<pin id="3050" dir="1" index="2" bw="34" slack="2147483647"/>
</pin_list>
<bind>
<opcode="insertvalue(57) " fcode="insertvalue"/>
<opset="mrv_16/2 "/>
</bind>
</comp>

<comp id="3053" class="1005" name="data_16_val_read_reg_3053">
<pin_list>
<pin id="3054" dir="0" index="0" bw="16" slack="1"/>
<pin id="3055" dir="1" index="1" bw="16" slack="1"/>
</pin_list>
<bind>
<opset="data_16_val_read "/>
</bind>
</comp>

<comp id="3059" class="1005" name="data_15_val_read_reg_3059">
<pin_list>
<pin id="3060" dir="0" index="0" bw="16" slack="1"/>
<pin id="3061" dir="1" index="1" bw="16" slack="1"/>
</pin_list>
<bind>
<opset="data_15_val_read "/>
</bind>
</comp>

<comp id="3065" class="1005" name="data_14_val_read_reg_3065">
<pin_list>
<pin id="3066" dir="0" index="0" bw="16" slack="1"/>
<pin id="3067" dir="1" index="1" bw="16" slack="1"/>
</pin_list>
<bind>
<opset="data_14_val_read "/>
</bind>
</comp>

<comp id="3071" class="1005" name="data_13_val_read_reg_3071">
<pin_list>
<pin id="3072" dir="0" index="0" bw="16" slack="1"/>
<pin id="3073" dir="1" index="1" bw="16" slack="1"/>
</pin_list>
<bind>
<opset="data_13_val_read "/>
</bind>
</comp>

<comp id="3077" class="1005" name="data_12_val_read_reg_3077">
<pin_list>
<pin id="3078" dir="0" index="0" bw="16" slack="1"/>
<pin id="3079" dir="1" index="1" bw="16" slack="1"/>
</pin_list>
<bind>
<opset="data_12_val_read "/>
</bind>
</comp>

<comp id="3083" class="1005" name="data_11_val_read_reg_3083">
<pin_list>
<pin id="3084" dir="0" index="0" bw="16" slack="1"/>
<pin id="3085" dir="1" index="1" bw="16" slack="1"/>
</pin_list>
<bind>
<opset="data_11_val_read "/>
</bind>
</comp>

<comp id="3089" class="1005" name="data_10_val_read_reg_3089">
<pin_list>
<pin id="3090" dir="0" index="0" bw="16" slack="1"/>
<pin id="3091" dir="1" index="1" bw="16" slack="1"/>
</pin_list>
<bind>
<opset="data_10_val_read "/>
</bind>
</comp>

<comp id="3095" class="1005" name="data_9_val_read_reg_3095">
<pin_list>
<pin id="3096" dir="0" index="0" bw="16" slack="1"/>
<pin id="3097" dir="1" index="1" bw="16" slack="1"/>
</pin_list>
<bind>
<opset="data_9_val_read "/>
</bind>
</comp>

<comp id="3101" class="1005" name="data_8_val_read_reg_3101">
<pin_list>
<pin id="3102" dir="0" index="0" bw="16" slack="1"/>
<pin id="3103" dir="1" index="1" bw="16" slack="1"/>
</pin_list>
<bind>
<opset="data_8_val_read "/>
</bind>
</comp>

<comp id="3107" class="1005" name="data_7_val_read_reg_3107">
<pin_list>
<pin id="3108" dir="0" index="0" bw="16" slack="1"/>
<pin id="3109" dir="1" index="1" bw="16" slack="1"/>
</pin_list>
<bind>
<opset="data_7_val_read "/>
</bind>
</comp>

<comp id="3113" class="1005" name="data_6_val_read_reg_3113">
<pin_list>
<pin id="3114" dir="0" index="0" bw="16" slack="1"/>
<pin id="3115" dir="1" index="1" bw="16" slack="1"/>
</pin_list>
<bind>
<opset="data_6_val_read "/>
</bind>
</comp>

<comp id="3119" class="1005" name="data_5_val_read_reg_3119">
<pin_list>
<pin id="3120" dir="0" index="0" bw="16" slack="1"/>
<pin id="3121" dir="1" index="1" bw="16" slack="1"/>
</pin_list>
<bind>
<opset="data_5_val_read "/>
</bind>
</comp>

<comp id="3125" class="1005" name="data_4_val_read_reg_3125">
<pin_list>
<pin id="3126" dir="0" index="0" bw="16" slack="1"/>
<pin id="3127" dir="1" index="1" bw="16" slack="1"/>
</pin_list>
<bind>
<opset="data_4_val_read "/>
</bind>
</comp>

<comp id="3131" class="1005" name="data_3_val_read_reg_3131">
<pin_list>
<pin id="3132" dir="0" index="0" bw="16" slack="1"/>
<pin id="3133" dir="1" index="1" bw="16" slack="1"/>
</pin_list>
<bind>
<opset="data_3_val_read "/>
</bind>
</comp>

<comp id="3137" class="1005" name="data_2_val_read_reg_3137">
<pin_list>
<pin id="3138" dir="0" index="0" bw="16" slack="1"/>
<pin id="3139" dir="1" index="1" bw="16" slack="1"/>
</pin_list>
<bind>
<opset="data_2_val_read "/>
</bind>
</comp>

<comp id="3143" class="1005" name="data_1_val_read_reg_3143">
<pin_list>
<pin id="3144" dir="0" index="0" bw="16" slack="1"/>
<pin id="3145" dir="1" index="1" bw="16" slack="1"/>
</pin_list>
<bind>
<opset="data_1_val_read "/>
</bind>
</comp>

<comp id="3149" class="1005" name="data_0_val_read_reg_3149">
<pin_list>
<pin id="3150" dir="0" index="0" bw="16" slack="1"/>
<pin id="3151" dir="1" index="1" bw="16" slack="1"/>
</pin_list>
<bind>
<opset="data_0_val_read "/>
</bind>
</comp>

<comp id="3155" class="1005" name="tmp_reg_3155">
<pin_list>
<pin id="3156" dir="0" index="0" bw="1" slack="1"/>
<pin id="3157" dir="1" index="1" bw="1" slack="1"/>
</pin_list>
<bind>
<opset="tmp "/>
</bind>
</comp>

<comp id="3162" class="1005" name="add_ln46_reg_3162">
<pin_list>
<pin id="3163" dir="0" index="0" bw="2" slack="1"/>
<pin id="3164" dir="1" index="1" bw="2" slack="1"/>
</pin_list>
<bind>
<opset="add_ln46 "/>
</bind>
</comp>

<comp id="3169" class="1005" name="icmp_ln46_40_reg_3169">
<pin_list>
<pin id="3170" dir="0" index="0" bw="1" slack="1"/>
<pin id="3171" dir="1" index="1" bw="1" slack="1"/>
</pin_list>
<bind>
<opset="icmp_ln46_40 "/>
</bind>
</comp>

<comp id="3174" class="1005" name="tmp_123_reg_3174">
<pin_list>
<pin id="3175" dir="0" index="0" bw="1" slack="1"/>
<pin id="3176" dir="1" index="1" bw="1" slack="1"/>
</pin_list>
<bind>
<opset="tmp_123 "/>
</bind>
</comp>

<comp id="3181" class="1005" name="add_ln46_20_reg_3181">
<pin_list>
<pin id="3182" dir="0" index="0" bw="2" slack="1"/>
<pin id="3183" dir="1" index="1" bw="2" slack="1"/>
</pin_list>
<bind>
<opset="add_ln46_20 "/>
</bind>
</comp>

<comp id="3188" class="1005" name="icmp_ln46_42_reg_3188">
<pin_list>
<pin id="3189" dir="0" index="0" bw="1" slack="1"/>
<pin id="3190" dir="1" index="1" bw="1" slack="1"/>
</pin_list>
<bind>
<opset="icmp_ln46_42 "/>
</bind>
</comp>

<comp id="3193" class="1005" name="tmp_128_reg_3193">
<pin_list>
<pin id="3194" dir="0" index="0" bw="1" slack="1"/>
<pin id="3195" dir="1" index="1" bw="1" slack="1"/>
</pin_list>
<bind>
<opset="tmp_128 "/>
</bind>
</comp>

<comp id="3200" class="1005" name="add_ln46_21_reg_3200">
<pin_list>
<pin id="3201" dir="0" index="0" bw="2" slack="1"/>
<pin id="3202" dir="1" index="1" bw="2" slack="1"/>
</pin_list>
<bind>
<opset="add_ln46_21 "/>
</bind>
</comp>

<comp id="3207" class="1005" name="icmp_ln46_44_reg_3207">
<pin_list>
<pin id="3208" dir="0" index="0" bw="1" slack="1"/>
<pin id="3209" dir="1" index="1" bw="1" slack="1"/>
</pin_list>
<bind>
<opset="icmp_ln46_44 "/>
</bind>
</comp>

<comp id="3212" class="1005" name="tmp_134_reg_3212">
<pin_list>
<pin id="3213" dir="0" index="0" bw="1" slack="1"/>
<pin id="3214" dir="1" index="1" bw="1" slack="1"/>
</pin_list>
<bind>
<opset="tmp_134 "/>
</bind>
</comp>

<comp id="3219" class="1005" name="add_ln46_22_reg_3219">
<pin_list>
<pin id="3220" dir="0" index="0" bw="2" slack="1"/>
<pin id="3221" dir="1" index="1" bw="2" slack="1"/>
</pin_list>
<bind>
<opset="add_ln46_22 "/>
</bind>
</comp>

<comp id="3226" class="1005" name="icmp_ln46_46_reg_3226">
<pin_list>
<pin id="3227" dir="0" index="0" bw="1" slack="1"/>
<pin id="3228" dir="1" index="1" bw="1" slack="1"/>
</pin_list>
<bind>
<opset="icmp_ln46_46 "/>
</bind>
</comp>

<comp id="3231" class="1005" name="tmp_140_reg_3231">
<pin_list>
<pin id="3232" dir="0" index="0" bw="1" slack="1"/>
<pin id="3233" dir="1" index="1" bw="1" slack="1"/>
</pin_list>
<bind>
<opset="tmp_140 "/>
</bind>
</comp>

<comp id="3238" class="1005" name="add_ln46_23_reg_3238">
<pin_list>
<pin id="3239" dir="0" index="0" bw="2" slack="1"/>
<pin id="3240" dir="1" index="1" bw="2" slack="1"/>
</pin_list>
<bind>
<opset="add_ln46_23 "/>
</bind>
</comp>

<comp id="3245" class="1005" name="icmp_ln46_48_reg_3245">
<pin_list>
<pin id="3246" dir="0" index="0" bw="1" slack="1"/>
<pin id="3247" dir="1" index="1" bw="1" slack="1"/>
</pin_list>
<bind>
<opset="icmp_ln46_48 "/>
</bind>
</comp>

<comp id="3250" class="1005" name="tmp_146_reg_3250">
<pin_list>
<pin id="3251" dir="0" index="0" bw="1" slack="1"/>
<pin id="3252" dir="1" index="1" bw="1" slack="1"/>
</pin_list>
<bind>
<opset="tmp_146 "/>
</bind>
</comp>

<comp id="3257" class="1005" name="add_ln46_24_reg_3257">
<pin_list>
<pin id="3258" dir="0" index="0" bw="2" slack="1"/>
<pin id="3259" dir="1" index="1" bw="2" slack="1"/>
</pin_list>
<bind>
<opset="add_ln46_24 "/>
</bind>
</comp>

<comp id="3264" class="1005" name="icmp_ln46_50_reg_3264">
<pin_list>
<pin id="3265" dir="0" index="0" bw="1" slack="1"/>
<pin id="3266" dir="1" index="1" bw="1" slack="1"/>
</pin_list>
<bind>
<opset="icmp_ln46_50 "/>
</bind>
</comp>

<comp id="3269" class="1005" name="tmp_152_reg_3269">
<pin_list>
<pin id="3270" dir="0" index="0" bw="1" slack="1"/>
<pin id="3271" dir="1" index="1" bw="1" slack="1"/>
</pin_list>
<bind>
<opset="tmp_152 "/>
</bind>
</comp>

<comp id="3276" class="1005" name="add_ln46_25_reg_3276">
<pin_list>
<pin id="3277" dir="0" index="0" bw="2" slack="1"/>
<pin id="3278" dir="1" index="1" bw="2" slack="1"/>
</pin_list>
<bind>
<opset="add_ln46_25 "/>
</bind>
</comp>

<comp id="3283" class="1005" name="icmp_ln46_52_reg_3283">
<pin_list>
<pin id="3284" dir="0" index="0" bw="1" slack="1"/>
<pin id="3285" dir="1" index="1" bw="1" slack="1"/>
</pin_list>
<bind>
<opset="icmp_ln46_52 "/>
</bind>
</comp>

<comp id="3288" class="1005" name="tmp_158_reg_3288">
<pin_list>
<pin id="3289" dir="0" index="0" bw="1" slack="1"/>
<pin id="3290" dir="1" index="1" bw="1" slack="1"/>
</pin_list>
<bind>
<opset="tmp_158 "/>
</bind>
</comp>

<comp id="3295" class="1005" name="add_ln46_26_reg_3295">
<pin_list>
<pin id="3296" dir="0" index="0" bw="2" slack="1"/>
<pin id="3297" dir="1" index="1" bw="2" slack="1"/>
</pin_list>
<bind>
<opset="add_ln46_26 "/>
</bind>
</comp>

<comp id="3302" class="1005" name="icmp_ln46_54_reg_3302">
<pin_list>
<pin id="3303" dir="0" index="0" bw="1" slack="1"/>
<pin id="3304" dir="1" index="1" bw="1" slack="1"/>
</pin_list>
<bind>
<opset="icmp_ln46_54 "/>
</bind>
</comp>

<comp id="3307" class="1005" name="tmp_164_reg_3307">
<pin_list>
<pin id="3308" dir="0" index="0" bw="1" slack="1"/>
<pin id="3309" dir="1" index="1" bw="1" slack="1"/>
</pin_list>
<bind>
<opset="tmp_164 "/>
</bind>
</comp>

<comp id="3314" class="1005" name="add_ln46_27_reg_3314">
<pin_list>
<pin id="3315" dir="0" index="0" bw="2" slack="1"/>
<pin id="3316" dir="1" index="1" bw="2" slack="1"/>
</pin_list>
<bind>
<opset="add_ln46_27 "/>
</bind>
</comp>

<comp id="3321" class="1005" name="icmp_ln46_56_reg_3321">
<pin_list>
<pin id="3322" dir="0" index="0" bw="1" slack="1"/>
<pin id="3323" dir="1" index="1" bw="1" slack="1"/>
</pin_list>
<bind>
<opset="icmp_ln46_56 "/>
</bind>
</comp>

<comp id="3326" class="1005" name="tmp_170_reg_3326">
<pin_list>
<pin id="3327" dir="0" index="0" bw="1" slack="1"/>
<pin id="3328" dir="1" index="1" bw="1" slack="1"/>
</pin_list>
<bind>
<opset="tmp_170 "/>
</bind>
</comp>

<comp id="3333" class="1005" name="add_ln46_28_reg_3333">
<pin_list>
<pin id="3334" dir="0" index="0" bw="2" slack="1"/>
<pin id="3335" dir="1" index="1" bw="2" slack="1"/>
</pin_list>
<bind>
<opset="add_ln46_28 "/>
</bind>
</comp>

<comp id="3340" class="1005" name="icmp_ln46_58_reg_3340">
<pin_list>
<pin id="3341" dir="0" index="0" bw="1" slack="1"/>
<pin id="3342" dir="1" index="1" bw="1" slack="1"/>
</pin_list>
<bind>
<opset="icmp_ln46_58 "/>
</bind>
</comp>

<comp id="3345" class="1005" name="tmp_176_reg_3345">
<pin_list>
<pin id="3346" dir="0" index="0" bw="1" slack="1"/>
<pin id="3347" dir="1" index="1" bw="1" slack="1"/>
</pin_list>
<bind>
<opset="tmp_176 "/>
</bind>
</comp>

<comp id="3352" class="1005" name="add_ln46_29_reg_3352">
<pin_list>
<pin id="3353" dir="0" index="0" bw="2" slack="1"/>
<pin id="3354" dir="1" index="1" bw="2" slack="1"/>
</pin_list>
<bind>
<opset="add_ln46_29 "/>
</bind>
</comp>

<comp id="3359" class="1005" name="icmp_ln46_60_reg_3359">
<pin_list>
<pin id="3360" dir="0" index="0" bw="1" slack="1"/>
<pin id="3361" dir="1" index="1" bw="1" slack="1"/>
</pin_list>
<bind>
<opset="icmp_ln46_60 "/>
</bind>
</comp>

<comp id="3364" class="1005" name="tmp_182_reg_3364">
<pin_list>
<pin id="3365" dir="0" index="0" bw="1" slack="1"/>
<pin id="3366" dir="1" index="1" bw="1" slack="1"/>
</pin_list>
<bind>
<opset="tmp_182 "/>
</bind>
</comp>

<comp id="3371" class="1005" name="add_ln46_30_reg_3371">
<pin_list>
<pin id="3372" dir="0" index="0" bw="2" slack="1"/>
<pin id="3373" dir="1" index="1" bw="2" slack="1"/>
</pin_list>
<bind>
<opset="add_ln46_30 "/>
</bind>
</comp>

<comp id="3378" class="1005" name="icmp_ln46_62_reg_3378">
<pin_list>
<pin id="3379" dir="0" index="0" bw="1" slack="1"/>
<pin id="3380" dir="1" index="1" bw="1" slack="1"/>
</pin_list>
<bind>
<opset="icmp_ln46_62 "/>
</bind>
</comp>

<comp id="3383" class="1005" name="tmp_188_reg_3383">
<pin_list>
<pin id="3384" dir="0" index="0" bw="1" slack="1"/>
<pin id="3385" dir="1" index="1" bw="1" slack="1"/>
</pin_list>
<bind>
<opset="tmp_188 "/>
</bind>
</comp>

<comp id="3390" class="1005" name="add_ln46_31_reg_3390">
<pin_list>
<pin id="3391" dir="0" index="0" bw="2" slack="1"/>
<pin id="3392" dir="1" index="1" bw="2" slack="1"/>
</pin_list>
<bind>
<opset="add_ln46_31 "/>
</bind>
</comp>

<comp id="3397" class="1005" name="icmp_ln46_64_reg_3397">
<pin_list>
<pin id="3398" dir="0" index="0" bw="1" slack="1"/>
<pin id="3399" dir="1" index="1" bw="1" slack="1"/>
</pin_list>
<bind>
<opset="icmp_ln46_64 "/>
</bind>
</comp>

<comp id="3402" class="1005" name="tmp_194_reg_3402">
<pin_list>
<pin id="3403" dir="0" index="0" bw="1" slack="1"/>
<pin id="3404" dir="1" index="1" bw="1" slack="1"/>
</pin_list>
<bind>
<opset="tmp_194 "/>
</bind>
</comp>

<comp id="3409" class="1005" name="add_ln46_32_reg_3409">
<pin_list>
<pin id="3410" dir="0" index="0" bw="2" slack="1"/>
<pin id="3411" dir="1" index="1" bw="2" slack="1"/>
</pin_list>
<bind>
<opset="add_ln46_32 "/>
</bind>
</comp>

<comp id="3416" class="1005" name="icmp_ln46_66_reg_3416">
<pin_list>
<pin id="3417" dir="0" index="0" bw="1" slack="1"/>
<pin id="3418" dir="1" index="1" bw="1" slack="1"/>
</pin_list>
<bind>
<opset="icmp_ln46_66 "/>
</bind>
</comp>

<comp id="3421" class="1005" name="tmp_200_reg_3421">
<pin_list>
<pin id="3422" dir="0" index="0" bw="1" slack="1"/>
<pin id="3423" dir="1" index="1" bw="1" slack="1"/>
</pin_list>
<bind>
<opset="tmp_200 "/>
</bind>
</comp>

<comp id="3428" class="1005" name="add_ln46_33_reg_3428">
<pin_list>
<pin id="3429" dir="0" index="0" bw="2" slack="1"/>
<pin id="3430" dir="1" index="1" bw="2" slack="1"/>
</pin_list>
<bind>
<opset="add_ln46_33 "/>
</bind>
</comp>

<comp id="3435" class="1005" name="icmp_ln46_68_reg_3435">
<pin_list>
<pin id="3436" dir="0" index="0" bw="1" slack="1"/>
<pin id="3437" dir="1" index="1" bw="1" slack="1"/>
</pin_list>
<bind>
<opset="icmp_ln46_68 "/>
</bind>
</comp>

<comp id="3440" class="1005" name="tmp_206_reg_3440">
<pin_list>
<pin id="3441" dir="0" index="0" bw="1" slack="1"/>
<pin id="3442" dir="1" index="1" bw="1" slack="1"/>
</pin_list>
<bind>
<opset="tmp_206 "/>
</bind>
</comp>

<comp id="3447" class="1005" name="add_ln46_34_reg_3447">
<pin_list>
<pin id="3448" dir="0" index="0" bw="2" slack="1"/>
<pin id="3449" dir="1" index="1" bw="2" slack="1"/>
</pin_list>
<bind>
<opset="add_ln46_34 "/>
</bind>
</comp>

<comp id="3454" class="1005" name="icmp_ln46_70_reg_3454">
<pin_list>
<pin id="3455" dir="0" index="0" bw="1" slack="1"/>
<pin id="3456" dir="1" index="1" bw="1" slack="1"/>
</pin_list>
<bind>
<opset="icmp_ln46_70 "/>
</bind>
</comp>

<comp id="3459" class="1005" name="tmp_212_reg_3459">
<pin_list>
<pin id="3460" dir="0" index="0" bw="1" slack="1"/>
<pin id="3461" dir="1" index="1" bw="1" slack="1"/>
</pin_list>
<bind>
<opset="tmp_212 "/>
</bind>
</comp>

<comp id="3466" class="1005" name="add_ln46_35_reg_3466">
<pin_list>
<pin id="3467" dir="0" index="0" bw="2" slack="1"/>
<pin id="3468" dir="1" index="1" bw="2" slack="1"/>
</pin_list>
<bind>
<opset="add_ln46_35 "/>
</bind>
</comp>

<comp id="3473" class="1005" name="icmp_ln46_72_reg_3473">
<pin_list>
<pin id="3474" dir="0" index="0" bw="1" slack="1"/>
<pin id="3475" dir="1" index="1" bw="1" slack="1"/>
</pin_list>
<bind>
<opset="icmp_ln46_72 "/>
</bind>
</comp>

</comp_list>

<net_list>
<net id="82"><net_src comp="34" pin="0"/><net_sink comp="78" pin=0"/></net>

<net id="83"><net_src comp="32" pin="0"/><net_sink comp="78" pin=1"/></net>

<net id="88"><net_src comp="34" pin="0"/><net_sink comp="84" pin=0"/></net>

<net id="89"><net_src comp="30" pin="0"/><net_sink comp="84" pin=1"/></net>

<net id="94"><net_src comp="34" pin="0"/><net_sink comp="90" pin=0"/></net>

<net id="95"><net_src comp="28" pin="0"/><net_sink comp="90" pin=1"/></net>

<net id="100"><net_src comp="34" pin="0"/><net_sink comp="96" pin=0"/></net>

<net id="101"><net_src comp="26" pin="0"/><net_sink comp="96" pin=1"/></net>

<net id="106"><net_src comp="34" pin="0"/><net_sink comp="102" pin=0"/></net>

<net id="107"><net_src comp="24" pin="0"/><net_sink comp="102" pin=1"/></net>

<net id="112"><net_src comp="34" pin="0"/><net_sink comp="108" pin=0"/></net>

<net id="113"><net_src comp="22" pin="0"/><net_sink comp="108" pin=1"/></net>

<net id="118"><net_src comp="34" pin="0"/><net_sink comp="114" pin=0"/></net>

<net id="119"><net_src comp="20" pin="0"/><net_sink comp="114" pin=1"/></net>

<net id="124"><net_src comp="34" pin="0"/><net_sink comp="120" pin=0"/></net>

<net id="125"><net_src comp="18" pin="0"/><net_sink comp="120" pin=1"/></net>

<net id="130"><net_src comp="34" pin="0"/><net_sink comp="126" pin=0"/></net>

<net id="131"><net_src comp="16" pin="0"/><net_sink comp="126" pin=1"/></net>

<net id="136"><net_src comp="34" pin="0"/><net_sink comp="132" pin=0"/></net>

<net id="137"><net_src comp="14" pin="0"/><net_sink comp="132" pin=1"/></net>

<net id="142"><net_src comp="34" pin="0"/><net_sink comp="138" pin=0"/></net>

<net id="143"><net_src comp="12" pin="0"/><net_sink comp="138" pin=1"/></net>

<net id="148"><net_src comp="34" pin="0"/><net_sink comp="144" pin=0"/></net>

<net id="149"><net_src comp="10" pin="0"/><net_sink comp="144" pin=1"/></net>

<net id="154"><net_src comp="34" pin="0"/><net_sink comp="150" pin=0"/></net>

<net id="155"><net_src comp="8" pin="0"/><net_sink comp="150" pin=1"/></net>

<net id="160"><net_src comp="34" pin="0"/><net_sink comp="156" pin=0"/></net>

<net id="161"><net_src comp="6" pin="0"/><net_sink comp="156" pin=1"/></net>

<net id="166"><net_src comp="34" pin="0"/><net_sink comp="162" pin=0"/></net>

<net id="167"><net_src comp="4" pin="0"/><net_sink comp="162" pin=1"/></net>

<net id="172"><net_src comp="34" pin="0"/><net_sink comp="168" pin=0"/></net>

<net id="173"><net_src comp="2" pin="0"/><net_sink comp="168" pin=1"/></net>

<net id="178"><net_src comp="34" pin="0"/><net_sink comp="174" pin=0"/></net>

<net id="179"><net_src comp="0" pin="0"/><net_sink comp="174" pin=1"/></net>

<net id="185"><net_src comp="36" pin="0"/><net_sink comp="180" pin=0"/></net>

<net id="186"><net_src comp="174" pin="2"/><net_sink comp="180" pin=1"/></net>

<net id="187"><net_src comp="38" pin="0"/><net_sink comp="180" pin=2"/></net>

<net id="194"><net_src comp="40" pin="0"/><net_sink comp="188" pin=0"/></net>

<net id="195"><net_src comp="174" pin="2"/><net_sink comp="188" pin=1"/></net>

<net id="196"><net_src comp="42" pin="0"/><net_sink comp="188" pin=2"/></net>

<net id="197"><net_src comp="44" pin="0"/><net_sink comp="188" pin=3"/></net>

<net id="203"><net_src comp="36" pin="0"/><net_sink comp="198" pin=0"/></net>

<net id="204"><net_src comp="174" pin="2"/><net_sink comp="198" pin=1"/></net>

<net id="205"><net_src comp="46" pin="0"/><net_sink comp="198" pin=2"/></net>

<net id="209"><net_src comp="174" pin="2"/><net_sink comp="206" pin=0"/></net>

<net id="214"><net_src comp="206" pin="1"/><net_sink comp="210" pin=0"/></net>

<net id="215"><net_src comp="48" pin="0"/><net_sink comp="210" pin=1"/></net>

<net id="221"><net_src comp="36" pin="0"/><net_sink comp="216" pin=0"/></net>

<net id="222"><net_src comp="174" pin="2"/><net_sink comp="216" pin=1"/></net>

<net id="223"><net_src comp="42" pin="0"/><net_sink comp="216" pin=2"/></net>

<net id="228"><net_src comp="216" pin="3"/><net_sink comp="224" pin=0"/></net>

<net id="229"><net_src comp="210" pin="2"/><net_sink comp="224" pin=1"/></net>

<net id="234"><net_src comp="224" pin="2"/><net_sink comp="230" pin=0"/></net>

<net id="235"><net_src comp="198" pin="3"/><net_sink comp="230" pin=1"/></net>

<net id="239"><net_src comp="230" pin="2"/><net_sink comp="236" pin=0"/></net>

<net id="244"><net_src comp="188" pin="4"/><net_sink comp="240" pin=0"/></net>

<net id="245"><net_src comp="236" pin="1"/><net_sink comp="240" pin=1"/></net>

<net id="252"><net_src comp="50" pin="0"/><net_sink comp="246" pin=0"/></net>

<net id="253"><net_src comp="174" pin="2"/><net_sink comp="246" pin=1"/></net>

<net id="254"><net_src comp="52" pin="0"/><net_sink comp="246" pin=2"/></net>

<net id="255"><net_src comp="38" pin="0"/><net_sink comp="246" pin=3"/></net>

<net id="260"><net_src comp="246" pin="4"/><net_sink comp="256" pin=0"/></net>

<net id="261"><net_src comp="54" pin="0"/><net_sink comp="256" pin=1"/></net>

<net id="267"><net_src comp="36" pin="0"/><net_sink comp="262" pin=0"/></net>

<net id="268"><net_src comp="168" pin="2"/><net_sink comp="262" pin=1"/></net>

<net id="269"><net_src comp="38" pin="0"/><net_sink comp="262" pin=2"/></net>

<net id="276"><net_src comp="40" pin="0"/><net_sink comp="270" pin=0"/></net>

<net id="277"><net_src comp="168" pin="2"/><net_sink comp="270" pin=1"/></net>

<net id="278"><net_src comp="42" pin="0"/><net_sink comp="270" pin=2"/></net>

<net id="279"><net_src comp="44" pin="0"/><net_sink comp="270" pin=3"/></net>

<net id="285"><net_src comp="36" pin="0"/><net_sink comp="280" pin=0"/></net>

<net id="286"><net_src comp="168" pin="2"/><net_sink comp="280" pin=1"/></net>

<net id="287"><net_src comp="46" pin="0"/><net_sink comp="280" pin=2"/></net>

<net id="291"><net_src comp="168" pin="2"/><net_sink comp="288" pin=0"/></net>

<net id="296"><net_src comp="288" pin="1"/><net_sink comp="292" pin=0"/></net>

<net id="297"><net_src comp="48" pin="0"/><net_sink comp="292" pin=1"/></net>

<net id="303"><net_src comp="36" pin="0"/><net_sink comp="298" pin=0"/></net>

<net id="304"><net_src comp="168" pin="2"/><net_sink comp="298" pin=1"/></net>

<net id="305"><net_src comp="42" pin="0"/><net_sink comp="298" pin=2"/></net>

<net id="310"><net_src comp="298" pin="3"/><net_sink comp="306" pin=0"/></net>

<net id="311"><net_src comp="292" pin="2"/><net_sink comp="306" pin=1"/></net>

<net id="316"><net_src comp="306" pin="2"/><net_sink comp="312" pin=0"/></net>

<net id="317"><net_src comp="280" pin="3"/><net_sink comp="312" pin=1"/></net>

<net id="321"><net_src comp="312" pin="2"/><net_sink comp="318" pin=0"/></net>

<net id="326"><net_src comp="270" pin="4"/><net_sink comp="322" pin=0"/></net>

<net id="327"><net_src comp="318" pin="1"/><net_sink comp="322" pin=1"/></net>

<net id="334"><net_src comp="50" pin="0"/><net_sink comp="328" pin=0"/></net>

<net id="335"><net_src comp="168" pin="2"/><net_sink comp="328" pin=1"/></net>

<net id="336"><net_src comp="52" pin="0"/><net_sink comp="328" pin=2"/></net>

<net id="337"><net_src comp="38" pin="0"/><net_sink comp="328" pin=3"/></net>

<net id="342"><net_src comp="328" pin="4"/><net_sink comp="338" pin=0"/></net>

<net id="343"><net_src comp="54" pin="0"/><net_sink comp="338" pin=1"/></net>

<net id="349"><net_src comp="36" pin="0"/><net_sink comp="344" pin=0"/></net>

<net id="350"><net_src comp="162" pin="2"/><net_sink comp="344" pin=1"/></net>

<net id="351"><net_src comp="38" pin="0"/><net_sink comp="344" pin=2"/></net>

<net id="358"><net_src comp="40" pin="0"/><net_sink comp="352" pin=0"/></net>

<net id="359"><net_src comp="162" pin="2"/><net_sink comp="352" pin=1"/></net>

<net id="360"><net_src comp="42" pin="0"/><net_sink comp="352" pin=2"/></net>

<net id="361"><net_src comp="44" pin="0"/><net_sink comp="352" pin=3"/></net>

<net id="367"><net_src comp="36" pin="0"/><net_sink comp="362" pin=0"/></net>

<net id="368"><net_src comp="162" pin="2"/><net_sink comp="362" pin=1"/></net>

<net id="369"><net_src comp="46" pin="0"/><net_sink comp="362" pin=2"/></net>

<net id="373"><net_src comp="162" pin="2"/><net_sink comp="370" pin=0"/></net>

<net id="378"><net_src comp="370" pin="1"/><net_sink comp="374" pin=0"/></net>

<net id="379"><net_src comp="48" pin="0"/><net_sink comp="374" pin=1"/></net>

<net id="385"><net_src comp="36" pin="0"/><net_sink comp="380" pin=0"/></net>

<net id="386"><net_src comp="162" pin="2"/><net_sink comp="380" pin=1"/></net>

<net id="387"><net_src comp="42" pin="0"/><net_sink comp="380" pin=2"/></net>

<net id="392"><net_src comp="380" pin="3"/><net_sink comp="388" pin=0"/></net>

<net id="393"><net_src comp="374" pin="2"/><net_sink comp="388" pin=1"/></net>

<net id="398"><net_src comp="388" pin="2"/><net_sink comp="394" pin=0"/></net>

<net id="399"><net_src comp="362" pin="3"/><net_sink comp="394" pin=1"/></net>

<net id="403"><net_src comp="394" pin="2"/><net_sink comp="400" pin=0"/></net>

<net id="408"><net_src comp="352" pin="4"/><net_sink comp="404" pin=0"/></net>

<net id="409"><net_src comp="400" pin="1"/><net_sink comp="404" pin=1"/></net>

<net id="416"><net_src comp="50" pin="0"/><net_sink comp="410" pin=0"/></net>

<net id="417"><net_src comp="162" pin="2"/><net_sink comp="410" pin=1"/></net>

<net id="418"><net_src comp="52" pin="0"/><net_sink comp="410" pin=2"/></net>

<net id="419"><net_src comp="38" pin="0"/><net_sink comp="410" pin=3"/></net>

<net id="424"><net_src comp="410" pin="4"/><net_sink comp="420" pin=0"/></net>

<net id="425"><net_src comp="54" pin="0"/><net_sink comp="420" pin=1"/></net>

<net id="431"><net_src comp="36" pin="0"/><net_sink comp="426" pin=0"/></net>

<net id="432"><net_src comp="156" pin="2"/><net_sink comp="426" pin=1"/></net>

<net id="433"><net_src comp="38" pin="0"/><net_sink comp="426" pin=2"/></net>

<net id="440"><net_src comp="40" pin="0"/><net_sink comp="434" pin=0"/></net>

<net id="441"><net_src comp="156" pin="2"/><net_sink comp="434" pin=1"/></net>

<net id="442"><net_src comp="42" pin="0"/><net_sink comp="434" pin=2"/></net>

<net id="443"><net_src comp="44" pin="0"/><net_sink comp="434" pin=3"/></net>

<net id="449"><net_src comp="36" pin="0"/><net_sink comp="444" pin=0"/></net>

<net id="450"><net_src comp="156" pin="2"/><net_sink comp="444" pin=1"/></net>

<net id="451"><net_src comp="46" pin="0"/><net_sink comp="444" pin=2"/></net>

<net id="455"><net_src comp="156" pin="2"/><net_sink comp="452" pin=0"/></net>

<net id="460"><net_src comp="452" pin="1"/><net_sink comp="456" pin=0"/></net>

<net id="461"><net_src comp="48" pin="0"/><net_sink comp="456" pin=1"/></net>

<net id="467"><net_src comp="36" pin="0"/><net_sink comp="462" pin=0"/></net>

<net id="468"><net_src comp="156" pin="2"/><net_sink comp="462" pin=1"/></net>

<net id="469"><net_src comp="42" pin="0"/><net_sink comp="462" pin=2"/></net>

<net id="474"><net_src comp="462" pin="3"/><net_sink comp="470" pin=0"/></net>

<net id="475"><net_src comp="456" pin="2"/><net_sink comp="470" pin=1"/></net>

<net id="480"><net_src comp="470" pin="2"/><net_sink comp="476" pin=0"/></net>

<net id="481"><net_src comp="444" pin="3"/><net_sink comp="476" pin=1"/></net>

<net id="485"><net_src comp="476" pin="2"/><net_sink comp="482" pin=0"/></net>

<net id="490"><net_src comp="434" pin="4"/><net_sink comp="486" pin=0"/></net>

<net id="491"><net_src comp="482" pin="1"/><net_sink comp="486" pin=1"/></net>

<net id="498"><net_src comp="50" pin="0"/><net_sink comp="492" pin=0"/></net>

<net id="499"><net_src comp="156" pin="2"/><net_sink comp="492" pin=1"/></net>

<net id="500"><net_src comp="52" pin="0"/><net_sink comp="492" pin=2"/></net>

<net id="501"><net_src comp="38" pin="0"/><net_sink comp="492" pin=3"/></net>

<net id="506"><net_src comp="492" pin="4"/><net_sink comp="502" pin=0"/></net>

<net id="507"><net_src comp="54" pin="0"/><net_sink comp="502" pin=1"/></net>

<net id="513"><net_src comp="36" pin="0"/><net_sink comp="508" pin=0"/></net>

<net id="514"><net_src comp="150" pin="2"/><net_sink comp="508" pin=1"/></net>

<net id="515"><net_src comp="38" pin="0"/><net_sink comp="508" pin=2"/></net>

<net id="522"><net_src comp="40" pin="0"/><net_sink comp="516" pin=0"/></net>

<net id="523"><net_src comp="150" pin="2"/><net_sink comp="516" pin=1"/></net>

<net id="524"><net_src comp="42" pin="0"/><net_sink comp="516" pin=2"/></net>

<net id="525"><net_src comp="44" pin="0"/><net_sink comp="516" pin=3"/></net>

<net id="531"><net_src comp="36" pin="0"/><net_sink comp="526" pin=0"/></net>

<net id="532"><net_src comp="150" pin="2"/><net_sink comp="526" pin=1"/></net>

<net id="533"><net_src comp="46" pin="0"/><net_sink comp="526" pin=2"/></net>

<net id="537"><net_src comp="150" pin="2"/><net_sink comp="534" pin=0"/></net>

<net id="542"><net_src comp="534" pin="1"/><net_sink comp="538" pin=0"/></net>

<net id="543"><net_src comp="48" pin="0"/><net_sink comp="538" pin=1"/></net>

<net id="549"><net_src comp="36" pin="0"/><net_sink comp="544" pin=0"/></net>

<net id="550"><net_src comp="150" pin="2"/><net_sink comp="544" pin=1"/></net>

<net id="551"><net_src comp="42" pin="0"/><net_sink comp="544" pin=2"/></net>

<net id="556"><net_src comp="544" pin="3"/><net_sink comp="552" pin=0"/></net>

<net id="557"><net_src comp="538" pin="2"/><net_sink comp="552" pin=1"/></net>

<net id="562"><net_src comp="552" pin="2"/><net_sink comp="558" pin=0"/></net>

<net id="563"><net_src comp="526" pin="3"/><net_sink comp="558" pin=1"/></net>

<net id="567"><net_src comp="558" pin="2"/><net_sink comp="564" pin=0"/></net>

<net id="572"><net_src comp="516" pin="4"/><net_sink comp="568" pin=0"/></net>

<net id="573"><net_src comp="564" pin="1"/><net_sink comp="568" pin=1"/></net>

<net id="580"><net_src comp="50" pin="0"/><net_sink comp="574" pin=0"/></net>

<net id="581"><net_src comp="150" pin="2"/><net_sink comp="574" pin=1"/></net>

<net id="582"><net_src comp="52" pin="0"/><net_sink comp="574" pin=2"/></net>

<net id="583"><net_src comp="38" pin="0"/><net_sink comp="574" pin=3"/></net>

<net id="588"><net_src comp="574" pin="4"/><net_sink comp="584" pin=0"/></net>

<net id="589"><net_src comp="54" pin="0"/><net_sink comp="584" pin=1"/></net>

<net id="595"><net_src comp="36" pin="0"/><net_sink comp="590" pin=0"/></net>

<net id="596"><net_src comp="144" pin="2"/><net_sink comp="590" pin=1"/></net>

<net id="597"><net_src comp="38" pin="0"/><net_sink comp="590" pin=2"/></net>

<net id="604"><net_src comp="40" pin="0"/><net_sink comp="598" pin=0"/></net>

<net id="605"><net_src comp="144" pin="2"/><net_sink comp="598" pin=1"/></net>

<net id="606"><net_src comp="42" pin="0"/><net_sink comp="598" pin=2"/></net>

<net id="607"><net_src comp="44" pin="0"/><net_sink comp="598" pin=3"/></net>

<net id="613"><net_src comp="36" pin="0"/><net_sink comp="608" pin=0"/></net>

<net id="614"><net_src comp="144" pin="2"/><net_sink comp="608" pin=1"/></net>

<net id="615"><net_src comp="46" pin="0"/><net_sink comp="608" pin=2"/></net>

<net id="619"><net_src comp="144" pin="2"/><net_sink comp="616" pin=0"/></net>

<net id="624"><net_src comp="616" pin="1"/><net_sink comp="620" pin=0"/></net>

<net id="625"><net_src comp="48" pin="0"/><net_sink comp="620" pin=1"/></net>

<net id="631"><net_src comp="36" pin="0"/><net_sink comp="626" pin=0"/></net>

<net id="632"><net_src comp="144" pin="2"/><net_sink comp="626" pin=1"/></net>

<net id="633"><net_src comp="42" pin="0"/><net_sink comp="626" pin=2"/></net>

<net id="638"><net_src comp="626" pin="3"/><net_sink comp="634" pin=0"/></net>

<net id="639"><net_src comp="620" pin="2"/><net_sink comp="634" pin=1"/></net>

<net id="644"><net_src comp="634" pin="2"/><net_sink comp="640" pin=0"/></net>

<net id="645"><net_src comp="608" pin="3"/><net_sink comp="640" pin=1"/></net>

<net id="649"><net_src comp="640" pin="2"/><net_sink comp="646" pin=0"/></net>

<net id="654"><net_src comp="598" pin="4"/><net_sink comp="650" pin=0"/></net>

<net id="655"><net_src comp="646" pin="1"/><net_sink comp="650" pin=1"/></net>

<net id="662"><net_src comp="50" pin="0"/><net_sink comp="656" pin=0"/></net>

<net id="663"><net_src comp="144" pin="2"/><net_sink comp="656" pin=1"/></net>

<net id="664"><net_src comp="52" pin="0"/><net_sink comp="656" pin=2"/></net>

<net id="665"><net_src comp="38" pin="0"/><net_sink comp="656" pin=3"/></net>

<net id="670"><net_src comp="656" pin="4"/><net_sink comp="666" pin=0"/></net>

<net id="671"><net_src comp="54" pin="0"/><net_sink comp="666" pin=1"/></net>

<net id="677"><net_src comp="36" pin="0"/><net_sink comp="672" pin=0"/></net>

<net id="678"><net_src comp="138" pin="2"/><net_sink comp="672" pin=1"/></net>

<net id="679"><net_src comp="38" pin="0"/><net_sink comp="672" pin=2"/></net>

<net id="686"><net_src comp="40" pin="0"/><net_sink comp="680" pin=0"/></net>

<net id="687"><net_src comp="138" pin="2"/><net_sink comp="680" pin=1"/></net>

<net id="688"><net_src comp="42" pin="0"/><net_sink comp="680" pin=2"/></net>

<net id="689"><net_src comp="44" pin="0"/><net_sink comp="680" pin=3"/></net>

<net id="695"><net_src comp="36" pin="0"/><net_sink comp="690" pin=0"/></net>

<net id="696"><net_src comp="138" pin="2"/><net_sink comp="690" pin=1"/></net>

<net id="697"><net_src comp="46" pin="0"/><net_sink comp="690" pin=2"/></net>

<net id="701"><net_src comp="138" pin="2"/><net_sink comp="698" pin=0"/></net>

<net id="706"><net_src comp="698" pin="1"/><net_sink comp="702" pin=0"/></net>

<net id="707"><net_src comp="48" pin="0"/><net_sink comp="702" pin=1"/></net>

<net id="713"><net_src comp="36" pin="0"/><net_sink comp="708" pin=0"/></net>

<net id="714"><net_src comp="138" pin="2"/><net_sink comp="708" pin=1"/></net>

<net id="715"><net_src comp="42" pin="0"/><net_sink comp="708" pin=2"/></net>

<net id="720"><net_src comp="708" pin="3"/><net_sink comp="716" pin=0"/></net>

<net id="721"><net_src comp="702" pin="2"/><net_sink comp="716" pin=1"/></net>

<net id="726"><net_src comp="716" pin="2"/><net_sink comp="722" pin=0"/></net>

<net id="727"><net_src comp="690" pin="3"/><net_sink comp="722" pin=1"/></net>

<net id="731"><net_src comp="722" pin="2"/><net_sink comp="728" pin=0"/></net>

<net id="736"><net_src comp="680" pin="4"/><net_sink comp="732" pin=0"/></net>

<net id="737"><net_src comp="728" pin="1"/><net_sink comp="732" pin=1"/></net>

<net id="744"><net_src comp="50" pin="0"/><net_sink comp="738" pin=0"/></net>

<net id="745"><net_src comp="138" pin="2"/><net_sink comp="738" pin=1"/></net>

<net id="746"><net_src comp="52" pin="0"/><net_sink comp="738" pin=2"/></net>

<net id="747"><net_src comp="38" pin="0"/><net_sink comp="738" pin=3"/></net>

<net id="752"><net_src comp="738" pin="4"/><net_sink comp="748" pin=0"/></net>

<net id="753"><net_src comp="54" pin="0"/><net_sink comp="748" pin=1"/></net>

<net id="759"><net_src comp="36" pin="0"/><net_sink comp="754" pin=0"/></net>

<net id="760"><net_src comp="132" pin="2"/><net_sink comp="754" pin=1"/></net>

<net id="761"><net_src comp="38" pin="0"/><net_sink comp="754" pin=2"/></net>

<net id="768"><net_src comp="40" pin="0"/><net_sink comp="762" pin=0"/></net>

<net id="769"><net_src comp="132" pin="2"/><net_sink comp="762" pin=1"/></net>

<net id="770"><net_src comp="42" pin="0"/><net_sink comp="762" pin=2"/></net>

<net id="771"><net_src comp="44" pin="0"/><net_sink comp="762" pin=3"/></net>

<net id="777"><net_src comp="36" pin="0"/><net_sink comp="772" pin=0"/></net>

<net id="778"><net_src comp="132" pin="2"/><net_sink comp="772" pin=1"/></net>

<net id="779"><net_src comp="46" pin="0"/><net_sink comp="772" pin=2"/></net>

<net id="783"><net_src comp="132" pin="2"/><net_sink comp="780" pin=0"/></net>

<net id="788"><net_src comp="780" pin="1"/><net_sink comp="784" pin=0"/></net>

<net id="789"><net_src comp="48" pin="0"/><net_sink comp="784" pin=1"/></net>

<net id="795"><net_src comp="36" pin="0"/><net_sink comp="790" pin=0"/></net>

<net id="796"><net_src comp="132" pin="2"/><net_sink comp="790" pin=1"/></net>

<net id="797"><net_src comp="42" pin="0"/><net_sink comp="790" pin=2"/></net>

<net id="802"><net_src comp="790" pin="3"/><net_sink comp="798" pin=0"/></net>

<net id="803"><net_src comp="784" pin="2"/><net_sink comp="798" pin=1"/></net>

<net id="808"><net_src comp="798" pin="2"/><net_sink comp="804" pin=0"/></net>

<net id="809"><net_src comp="772" pin="3"/><net_sink comp="804" pin=1"/></net>

<net id="813"><net_src comp="804" pin="2"/><net_sink comp="810" pin=0"/></net>

<net id="818"><net_src comp="762" pin="4"/><net_sink comp="814" pin=0"/></net>

<net id="819"><net_src comp="810" pin="1"/><net_sink comp="814" pin=1"/></net>

<net id="826"><net_src comp="50" pin="0"/><net_sink comp="820" pin=0"/></net>

<net id="827"><net_src comp="132" pin="2"/><net_sink comp="820" pin=1"/></net>

<net id="828"><net_src comp="52" pin="0"/><net_sink comp="820" pin=2"/></net>

<net id="829"><net_src comp="38" pin="0"/><net_sink comp="820" pin=3"/></net>

<net id="834"><net_src comp="820" pin="4"/><net_sink comp="830" pin=0"/></net>

<net id="835"><net_src comp="54" pin="0"/><net_sink comp="830" pin=1"/></net>

<net id="841"><net_src comp="36" pin="0"/><net_sink comp="836" pin=0"/></net>

<net id="842"><net_src comp="126" pin="2"/><net_sink comp="836" pin=1"/></net>

<net id="843"><net_src comp="38" pin="0"/><net_sink comp="836" pin=2"/></net>

<net id="850"><net_src comp="40" pin="0"/><net_sink comp="844" pin=0"/></net>

<net id="851"><net_src comp="126" pin="2"/><net_sink comp="844" pin=1"/></net>

<net id="852"><net_src comp="42" pin="0"/><net_sink comp="844" pin=2"/></net>

<net id="853"><net_src comp="44" pin="0"/><net_sink comp="844" pin=3"/></net>

<net id="859"><net_src comp="36" pin="0"/><net_sink comp="854" pin=0"/></net>

<net id="860"><net_src comp="126" pin="2"/><net_sink comp="854" pin=1"/></net>

<net id="861"><net_src comp="46" pin="0"/><net_sink comp="854" pin=2"/></net>

<net id="865"><net_src comp="126" pin="2"/><net_sink comp="862" pin=0"/></net>

<net id="870"><net_src comp="862" pin="1"/><net_sink comp="866" pin=0"/></net>

<net id="871"><net_src comp="48" pin="0"/><net_sink comp="866" pin=1"/></net>

<net id="877"><net_src comp="36" pin="0"/><net_sink comp="872" pin=0"/></net>

<net id="878"><net_src comp="126" pin="2"/><net_sink comp="872" pin=1"/></net>

<net id="879"><net_src comp="42" pin="0"/><net_sink comp="872" pin=2"/></net>

<net id="884"><net_src comp="872" pin="3"/><net_sink comp="880" pin=0"/></net>

<net id="885"><net_src comp="866" pin="2"/><net_sink comp="880" pin=1"/></net>

<net id="890"><net_src comp="880" pin="2"/><net_sink comp="886" pin=0"/></net>

<net id="891"><net_src comp="854" pin="3"/><net_sink comp="886" pin=1"/></net>

<net id="895"><net_src comp="886" pin="2"/><net_sink comp="892" pin=0"/></net>

<net id="900"><net_src comp="844" pin="4"/><net_sink comp="896" pin=0"/></net>

<net id="901"><net_src comp="892" pin="1"/><net_sink comp="896" pin=1"/></net>

<net id="908"><net_src comp="50" pin="0"/><net_sink comp="902" pin=0"/></net>

<net id="909"><net_src comp="126" pin="2"/><net_sink comp="902" pin=1"/></net>

<net id="910"><net_src comp="52" pin="0"/><net_sink comp="902" pin=2"/></net>

<net id="911"><net_src comp="38" pin="0"/><net_sink comp="902" pin=3"/></net>

<net id="916"><net_src comp="902" pin="4"/><net_sink comp="912" pin=0"/></net>

<net id="917"><net_src comp="54" pin="0"/><net_sink comp="912" pin=1"/></net>

<net id="923"><net_src comp="36" pin="0"/><net_sink comp="918" pin=0"/></net>

<net id="924"><net_src comp="120" pin="2"/><net_sink comp="918" pin=1"/></net>

<net id="925"><net_src comp="38" pin="0"/><net_sink comp="918" pin=2"/></net>

<net id="932"><net_src comp="40" pin="0"/><net_sink comp="926" pin=0"/></net>

<net id="933"><net_src comp="120" pin="2"/><net_sink comp="926" pin=1"/></net>

<net id="934"><net_src comp="42" pin="0"/><net_sink comp="926" pin=2"/></net>

<net id="935"><net_src comp="44" pin="0"/><net_sink comp="926" pin=3"/></net>

<net id="941"><net_src comp="36" pin="0"/><net_sink comp="936" pin=0"/></net>

<net id="942"><net_src comp="120" pin="2"/><net_sink comp="936" pin=1"/></net>

<net id="943"><net_src comp="46" pin="0"/><net_sink comp="936" pin=2"/></net>

<net id="947"><net_src comp="120" pin="2"/><net_sink comp="944" pin=0"/></net>

<net id="952"><net_src comp="944" pin="1"/><net_sink comp="948" pin=0"/></net>

<net id="953"><net_src comp="48" pin="0"/><net_sink comp="948" pin=1"/></net>

<net id="959"><net_src comp="36" pin="0"/><net_sink comp="954" pin=0"/></net>

<net id="960"><net_src comp="120" pin="2"/><net_sink comp="954" pin=1"/></net>

<net id="961"><net_src comp="42" pin="0"/><net_sink comp="954" pin=2"/></net>

<net id="966"><net_src comp="954" pin="3"/><net_sink comp="962" pin=0"/></net>

<net id="967"><net_src comp="948" pin="2"/><net_sink comp="962" pin=1"/></net>

<net id="972"><net_src comp="962" pin="2"/><net_sink comp="968" pin=0"/></net>

<net id="973"><net_src comp="936" pin="3"/><net_sink comp="968" pin=1"/></net>

<net id="977"><net_src comp="968" pin="2"/><net_sink comp="974" pin=0"/></net>

<net id="982"><net_src comp="926" pin="4"/><net_sink comp="978" pin=0"/></net>

<net id="983"><net_src comp="974" pin="1"/><net_sink comp="978" pin=1"/></net>

<net id="990"><net_src comp="50" pin="0"/><net_sink comp="984" pin=0"/></net>

<net id="991"><net_src comp="120" pin="2"/><net_sink comp="984" pin=1"/></net>

<net id="992"><net_src comp="52" pin="0"/><net_sink comp="984" pin=2"/></net>

<net id="993"><net_src comp="38" pin="0"/><net_sink comp="984" pin=3"/></net>

<net id="998"><net_src comp="984" pin="4"/><net_sink comp="994" pin=0"/></net>

<net id="999"><net_src comp="54" pin="0"/><net_sink comp="994" pin=1"/></net>

<net id="1005"><net_src comp="36" pin="0"/><net_sink comp="1000" pin=0"/></net>

<net id="1006"><net_src comp="114" pin="2"/><net_sink comp="1000" pin=1"/></net>

<net id="1007"><net_src comp="38" pin="0"/><net_sink comp="1000" pin=2"/></net>

<net id="1014"><net_src comp="40" pin="0"/><net_sink comp="1008" pin=0"/></net>

<net id="1015"><net_src comp="114" pin="2"/><net_sink comp="1008" pin=1"/></net>

<net id="1016"><net_src comp="42" pin="0"/><net_sink comp="1008" pin=2"/></net>

<net id="1017"><net_src comp="44" pin="0"/><net_sink comp="1008" pin=3"/></net>

<net id="1023"><net_src comp="36" pin="0"/><net_sink comp="1018" pin=0"/></net>

<net id="1024"><net_src comp="114" pin="2"/><net_sink comp="1018" pin=1"/></net>

<net id="1025"><net_src comp="46" pin="0"/><net_sink comp="1018" pin=2"/></net>

<net id="1029"><net_src comp="114" pin="2"/><net_sink comp="1026" pin=0"/></net>

<net id="1034"><net_src comp="1026" pin="1"/><net_sink comp="1030" pin=0"/></net>

<net id="1035"><net_src comp="48" pin="0"/><net_sink comp="1030" pin=1"/></net>

<net id="1041"><net_src comp="36" pin="0"/><net_sink comp="1036" pin=0"/></net>

<net id="1042"><net_src comp="114" pin="2"/><net_sink comp="1036" pin=1"/></net>

<net id="1043"><net_src comp="42" pin="0"/><net_sink comp="1036" pin=2"/></net>

<net id="1048"><net_src comp="1036" pin="3"/><net_sink comp="1044" pin=0"/></net>

<net id="1049"><net_src comp="1030" pin="2"/><net_sink comp="1044" pin=1"/></net>

<net id="1054"><net_src comp="1044" pin="2"/><net_sink comp="1050" pin=0"/></net>

<net id="1055"><net_src comp="1018" pin="3"/><net_sink comp="1050" pin=1"/></net>

<net id="1059"><net_src comp="1050" pin="2"/><net_sink comp="1056" pin=0"/></net>

<net id="1064"><net_src comp="1008" pin="4"/><net_sink comp="1060" pin=0"/></net>

<net id="1065"><net_src comp="1056" pin="1"/><net_sink comp="1060" pin=1"/></net>

<net id="1072"><net_src comp="50" pin="0"/><net_sink comp="1066" pin=0"/></net>

<net id="1073"><net_src comp="114" pin="2"/><net_sink comp="1066" pin=1"/></net>

<net id="1074"><net_src comp="52" pin="0"/><net_sink comp="1066" pin=2"/></net>

<net id="1075"><net_src comp="38" pin="0"/><net_sink comp="1066" pin=3"/></net>

<net id="1080"><net_src comp="1066" pin="4"/><net_sink comp="1076" pin=0"/></net>

<net id="1081"><net_src comp="54" pin="0"/><net_sink comp="1076" pin=1"/></net>

<net id="1087"><net_src comp="36" pin="0"/><net_sink comp="1082" pin=0"/></net>

<net id="1088"><net_src comp="108" pin="2"/><net_sink comp="1082" pin=1"/></net>

<net id="1089"><net_src comp="38" pin="0"/><net_sink comp="1082" pin=2"/></net>

<net id="1096"><net_src comp="40" pin="0"/><net_sink comp="1090" pin=0"/></net>

<net id="1097"><net_src comp="108" pin="2"/><net_sink comp="1090" pin=1"/></net>

<net id="1098"><net_src comp="42" pin="0"/><net_sink comp="1090" pin=2"/></net>

<net id="1099"><net_src comp="44" pin="0"/><net_sink comp="1090" pin=3"/></net>

<net id="1105"><net_src comp="36" pin="0"/><net_sink comp="1100" pin=0"/></net>

<net id="1106"><net_src comp="108" pin="2"/><net_sink comp="1100" pin=1"/></net>

<net id="1107"><net_src comp="46" pin="0"/><net_sink comp="1100" pin=2"/></net>

<net id="1111"><net_src comp="108" pin="2"/><net_sink comp="1108" pin=0"/></net>

<net id="1116"><net_src comp="1108" pin="1"/><net_sink comp="1112" pin=0"/></net>

<net id="1117"><net_src comp="48" pin="0"/><net_sink comp="1112" pin=1"/></net>

<net id="1123"><net_src comp="36" pin="0"/><net_sink comp="1118" pin=0"/></net>

<net id="1124"><net_src comp="108" pin="2"/><net_sink comp="1118" pin=1"/></net>

<net id="1125"><net_src comp="42" pin="0"/><net_sink comp="1118" pin=2"/></net>

<net id="1130"><net_src comp="1118" pin="3"/><net_sink comp="1126" pin=0"/></net>

<net id="1131"><net_src comp="1112" pin="2"/><net_sink comp="1126" pin=1"/></net>

<net id="1136"><net_src comp="1126" pin="2"/><net_sink comp="1132" pin=0"/></net>

<net id="1137"><net_src comp="1100" pin="3"/><net_sink comp="1132" pin=1"/></net>

<net id="1141"><net_src comp="1132" pin="2"/><net_sink comp="1138" pin=0"/></net>

<net id="1146"><net_src comp="1090" pin="4"/><net_sink comp="1142" pin=0"/></net>

<net id="1147"><net_src comp="1138" pin="1"/><net_sink comp="1142" pin=1"/></net>

<net id="1154"><net_src comp="50" pin="0"/><net_sink comp="1148" pin=0"/></net>

<net id="1155"><net_src comp="108" pin="2"/><net_sink comp="1148" pin=1"/></net>

<net id="1156"><net_src comp="52" pin="0"/><net_sink comp="1148" pin=2"/></net>

<net id="1157"><net_src comp="38" pin="0"/><net_sink comp="1148" pin=3"/></net>

<net id="1162"><net_src comp="1148" pin="4"/><net_sink comp="1158" pin=0"/></net>

<net id="1163"><net_src comp="54" pin="0"/><net_sink comp="1158" pin=1"/></net>

<net id="1169"><net_src comp="36" pin="0"/><net_sink comp="1164" pin=0"/></net>

<net id="1170"><net_src comp="102" pin="2"/><net_sink comp="1164" pin=1"/></net>

<net id="1171"><net_src comp="38" pin="0"/><net_sink comp="1164" pin=2"/></net>

<net id="1178"><net_src comp="40" pin="0"/><net_sink comp="1172" pin=0"/></net>

<net id="1179"><net_src comp="102" pin="2"/><net_sink comp="1172" pin=1"/></net>

<net id="1180"><net_src comp="42" pin="0"/><net_sink comp="1172" pin=2"/></net>

<net id="1181"><net_src comp="44" pin="0"/><net_sink comp="1172" pin=3"/></net>

<net id="1187"><net_src comp="36" pin="0"/><net_sink comp="1182" pin=0"/></net>

<net id="1188"><net_src comp="102" pin="2"/><net_sink comp="1182" pin=1"/></net>

<net id="1189"><net_src comp="46" pin="0"/><net_sink comp="1182" pin=2"/></net>

<net id="1193"><net_src comp="102" pin="2"/><net_sink comp="1190" pin=0"/></net>

<net id="1198"><net_src comp="1190" pin="1"/><net_sink comp="1194" pin=0"/></net>

<net id="1199"><net_src comp="48" pin="0"/><net_sink comp="1194" pin=1"/></net>

<net id="1205"><net_src comp="36" pin="0"/><net_sink comp="1200" pin=0"/></net>

<net id="1206"><net_src comp="102" pin="2"/><net_sink comp="1200" pin=1"/></net>

<net id="1207"><net_src comp="42" pin="0"/><net_sink comp="1200" pin=2"/></net>

<net id="1212"><net_src comp="1200" pin="3"/><net_sink comp="1208" pin=0"/></net>

<net id="1213"><net_src comp="1194" pin="2"/><net_sink comp="1208" pin=1"/></net>

<net id="1218"><net_src comp="1208" pin="2"/><net_sink comp="1214" pin=0"/></net>

<net id="1219"><net_src comp="1182" pin="3"/><net_sink comp="1214" pin=1"/></net>

<net id="1223"><net_src comp="1214" pin="2"/><net_sink comp="1220" pin=0"/></net>

<net id="1228"><net_src comp="1172" pin="4"/><net_sink comp="1224" pin=0"/></net>

<net id="1229"><net_src comp="1220" pin="1"/><net_sink comp="1224" pin=1"/></net>

<net id="1236"><net_src comp="50" pin="0"/><net_sink comp="1230" pin=0"/></net>

<net id="1237"><net_src comp="102" pin="2"/><net_sink comp="1230" pin=1"/></net>

<net id="1238"><net_src comp="52" pin="0"/><net_sink comp="1230" pin=2"/></net>

<net id="1239"><net_src comp="38" pin="0"/><net_sink comp="1230" pin=3"/></net>

<net id="1244"><net_src comp="1230" pin="4"/><net_sink comp="1240" pin=0"/></net>

<net id="1245"><net_src comp="54" pin="0"/><net_sink comp="1240" pin=1"/></net>

<net id="1251"><net_src comp="36" pin="0"/><net_sink comp="1246" pin=0"/></net>

<net id="1252"><net_src comp="96" pin="2"/><net_sink comp="1246" pin=1"/></net>

<net id="1253"><net_src comp="38" pin="0"/><net_sink comp="1246" pin=2"/></net>

<net id="1260"><net_src comp="40" pin="0"/><net_sink comp="1254" pin=0"/></net>

<net id="1261"><net_src comp="96" pin="2"/><net_sink comp="1254" pin=1"/></net>

<net id="1262"><net_src comp="42" pin="0"/><net_sink comp="1254" pin=2"/></net>

<net id="1263"><net_src comp="44" pin="0"/><net_sink comp="1254" pin=3"/></net>

<net id="1269"><net_src comp="36" pin="0"/><net_sink comp="1264" pin=0"/></net>

<net id="1270"><net_src comp="96" pin="2"/><net_sink comp="1264" pin=1"/></net>

<net id="1271"><net_src comp="46" pin="0"/><net_sink comp="1264" pin=2"/></net>

<net id="1275"><net_src comp="96" pin="2"/><net_sink comp="1272" pin=0"/></net>

<net id="1280"><net_src comp="1272" pin="1"/><net_sink comp="1276" pin=0"/></net>

<net id="1281"><net_src comp="48" pin="0"/><net_sink comp="1276" pin=1"/></net>

<net id="1287"><net_src comp="36" pin="0"/><net_sink comp="1282" pin=0"/></net>

<net id="1288"><net_src comp="96" pin="2"/><net_sink comp="1282" pin=1"/></net>

<net id="1289"><net_src comp="42" pin="0"/><net_sink comp="1282" pin=2"/></net>

<net id="1294"><net_src comp="1282" pin="3"/><net_sink comp="1290" pin=0"/></net>

<net id="1295"><net_src comp="1276" pin="2"/><net_sink comp="1290" pin=1"/></net>

<net id="1300"><net_src comp="1290" pin="2"/><net_sink comp="1296" pin=0"/></net>

<net id="1301"><net_src comp="1264" pin="3"/><net_sink comp="1296" pin=1"/></net>

<net id="1305"><net_src comp="1296" pin="2"/><net_sink comp="1302" pin=0"/></net>

<net id="1310"><net_src comp="1254" pin="4"/><net_sink comp="1306" pin=0"/></net>

<net id="1311"><net_src comp="1302" pin="1"/><net_sink comp="1306" pin=1"/></net>

<net id="1318"><net_src comp="50" pin="0"/><net_sink comp="1312" pin=0"/></net>

<net id="1319"><net_src comp="96" pin="2"/><net_sink comp="1312" pin=1"/></net>

<net id="1320"><net_src comp="52" pin="0"/><net_sink comp="1312" pin=2"/></net>

<net id="1321"><net_src comp="38" pin="0"/><net_sink comp="1312" pin=3"/></net>

<net id="1326"><net_src comp="1312" pin="4"/><net_sink comp="1322" pin=0"/></net>

<net id="1327"><net_src comp="54" pin="0"/><net_sink comp="1322" pin=1"/></net>

<net id="1333"><net_src comp="36" pin="0"/><net_sink comp="1328" pin=0"/></net>

<net id="1334"><net_src comp="90" pin="2"/><net_sink comp="1328" pin=1"/></net>

<net id="1335"><net_src comp="38" pin="0"/><net_sink comp="1328" pin=2"/></net>

<net id="1342"><net_src comp="40" pin="0"/><net_sink comp="1336" pin=0"/></net>

<net id="1343"><net_src comp="90" pin="2"/><net_sink comp="1336" pin=1"/></net>

<net id="1344"><net_src comp="42" pin="0"/><net_sink comp="1336" pin=2"/></net>

<net id="1345"><net_src comp="44" pin="0"/><net_sink comp="1336" pin=3"/></net>

<net id="1351"><net_src comp="36" pin="0"/><net_sink comp="1346" pin=0"/></net>

<net id="1352"><net_src comp="90" pin="2"/><net_sink comp="1346" pin=1"/></net>

<net id="1353"><net_src comp="46" pin="0"/><net_sink comp="1346" pin=2"/></net>

<net id="1357"><net_src comp="90" pin="2"/><net_sink comp="1354" pin=0"/></net>

<net id="1362"><net_src comp="1354" pin="1"/><net_sink comp="1358" pin=0"/></net>

<net id="1363"><net_src comp="48" pin="0"/><net_sink comp="1358" pin=1"/></net>

<net id="1369"><net_src comp="36" pin="0"/><net_sink comp="1364" pin=0"/></net>

<net id="1370"><net_src comp="90" pin="2"/><net_sink comp="1364" pin=1"/></net>

<net id="1371"><net_src comp="42" pin="0"/><net_sink comp="1364" pin=2"/></net>

<net id="1376"><net_src comp="1364" pin="3"/><net_sink comp="1372" pin=0"/></net>

<net id="1377"><net_src comp="1358" pin="2"/><net_sink comp="1372" pin=1"/></net>

<net id="1382"><net_src comp="1372" pin="2"/><net_sink comp="1378" pin=0"/></net>

<net id="1383"><net_src comp="1346" pin="3"/><net_sink comp="1378" pin=1"/></net>

<net id="1387"><net_src comp="1378" pin="2"/><net_sink comp="1384" pin=0"/></net>

<net id="1392"><net_src comp="1336" pin="4"/><net_sink comp="1388" pin=0"/></net>

<net id="1393"><net_src comp="1384" pin="1"/><net_sink comp="1388" pin=1"/></net>

<net id="1400"><net_src comp="50" pin="0"/><net_sink comp="1394" pin=0"/></net>

<net id="1401"><net_src comp="90" pin="2"/><net_sink comp="1394" pin=1"/></net>

<net id="1402"><net_src comp="52" pin="0"/><net_sink comp="1394" pin=2"/></net>

<net id="1403"><net_src comp="38" pin="0"/><net_sink comp="1394" pin=3"/></net>

<net id="1408"><net_src comp="1394" pin="4"/><net_sink comp="1404" pin=0"/></net>

<net id="1409"><net_src comp="54" pin="0"/><net_sink comp="1404" pin=1"/></net>

<net id="1415"><net_src comp="36" pin="0"/><net_sink comp="1410" pin=0"/></net>

<net id="1416"><net_src comp="84" pin="2"/><net_sink comp="1410" pin=1"/></net>

<net id="1417"><net_src comp="38" pin="0"/><net_sink comp="1410" pin=2"/></net>

<net id="1424"><net_src comp="40" pin="0"/><net_sink comp="1418" pin=0"/></net>

<net id="1425"><net_src comp="84" pin="2"/><net_sink comp="1418" pin=1"/></net>

<net id="1426"><net_src comp="42" pin="0"/><net_sink comp="1418" pin=2"/></net>

<net id="1427"><net_src comp="44" pin="0"/><net_sink comp="1418" pin=3"/></net>

<net id="1433"><net_src comp="36" pin="0"/><net_sink comp="1428" pin=0"/></net>

<net id="1434"><net_src comp="84" pin="2"/><net_sink comp="1428" pin=1"/></net>

<net id="1435"><net_src comp="46" pin="0"/><net_sink comp="1428" pin=2"/></net>

<net id="1439"><net_src comp="84" pin="2"/><net_sink comp="1436" pin=0"/></net>

<net id="1444"><net_src comp="1436" pin="1"/><net_sink comp="1440" pin=0"/></net>

<net id="1445"><net_src comp="48" pin="0"/><net_sink comp="1440" pin=1"/></net>

<net id="1451"><net_src comp="36" pin="0"/><net_sink comp="1446" pin=0"/></net>

<net id="1452"><net_src comp="84" pin="2"/><net_sink comp="1446" pin=1"/></net>

<net id="1453"><net_src comp="42" pin="0"/><net_sink comp="1446" pin=2"/></net>

<net id="1458"><net_src comp="1446" pin="3"/><net_sink comp="1454" pin=0"/></net>

<net id="1459"><net_src comp="1440" pin="2"/><net_sink comp="1454" pin=1"/></net>

<net id="1464"><net_src comp="1454" pin="2"/><net_sink comp="1460" pin=0"/></net>

<net id="1465"><net_src comp="1428" pin="3"/><net_sink comp="1460" pin=1"/></net>

<net id="1469"><net_src comp="1460" pin="2"/><net_sink comp="1466" pin=0"/></net>

<net id="1474"><net_src comp="1418" pin="4"/><net_sink comp="1470" pin=0"/></net>

<net id="1475"><net_src comp="1466" pin="1"/><net_sink comp="1470" pin=1"/></net>

<net id="1482"><net_src comp="50" pin="0"/><net_sink comp="1476" pin=0"/></net>

<net id="1483"><net_src comp="84" pin="2"/><net_sink comp="1476" pin=1"/></net>

<net id="1484"><net_src comp="52" pin="0"/><net_sink comp="1476" pin=2"/></net>

<net id="1485"><net_src comp="38" pin="0"/><net_sink comp="1476" pin=3"/></net>

<net id="1490"><net_src comp="1476" pin="4"/><net_sink comp="1486" pin=0"/></net>

<net id="1491"><net_src comp="54" pin="0"/><net_sink comp="1486" pin=1"/></net>

<net id="1497"><net_src comp="36" pin="0"/><net_sink comp="1492" pin=0"/></net>

<net id="1498"><net_src comp="78" pin="2"/><net_sink comp="1492" pin=1"/></net>

<net id="1499"><net_src comp="38" pin="0"/><net_sink comp="1492" pin=2"/></net>

<net id="1506"><net_src comp="40" pin="0"/><net_sink comp="1500" pin=0"/></net>

<net id="1507"><net_src comp="78" pin="2"/><net_sink comp="1500" pin=1"/></net>

<net id="1508"><net_src comp="42" pin="0"/><net_sink comp="1500" pin=2"/></net>

<net id="1509"><net_src comp="44" pin="0"/><net_sink comp="1500" pin=3"/></net>

<net id="1515"><net_src comp="36" pin="0"/><net_sink comp="1510" pin=0"/></net>

<net id="1516"><net_src comp="78" pin="2"/><net_sink comp="1510" pin=1"/></net>

<net id="1517"><net_src comp="46" pin="0"/><net_sink comp="1510" pin=2"/></net>

<net id="1521"><net_src comp="78" pin="2"/><net_sink comp="1518" pin=0"/></net>

<net id="1526"><net_src comp="1518" pin="1"/><net_sink comp="1522" pin=0"/></net>

<net id="1527"><net_src comp="48" pin="0"/><net_sink comp="1522" pin=1"/></net>

<net id="1533"><net_src comp="36" pin="0"/><net_sink comp="1528" pin=0"/></net>

<net id="1534"><net_src comp="78" pin="2"/><net_sink comp="1528" pin=1"/></net>

<net id="1535"><net_src comp="42" pin="0"/><net_sink comp="1528" pin=2"/></net>

<net id="1540"><net_src comp="1528" pin="3"/><net_sink comp="1536" pin=0"/></net>

<net id="1541"><net_src comp="1522" pin="2"/><net_sink comp="1536" pin=1"/></net>

<net id="1546"><net_src comp="1536" pin="2"/><net_sink comp="1542" pin=0"/></net>

<net id="1547"><net_src comp="1510" pin="3"/><net_sink comp="1542" pin=1"/></net>

<net id="1551"><net_src comp="1542" pin="2"/><net_sink comp="1548" pin=0"/></net>

<net id="1556"><net_src comp="1500" pin="4"/><net_sink comp="1552" pin=0"/></net>

<net id="1557"><net_src comp="1548" pin="1"/><net_sink comp="1552" pin=1"/></net>

<net id="1564"><net_src comp="50" pin="0"/><net_sink comp="1558" pin=0"/></net>

<net id="1565"><net_src comp="78" pin="2"/><net_sink comp="1558" pin=1"/></net>

<net id="1566"><net_src comp="52" pin="0"/><net_sink comp="1558" pin=2"/></net>

<net id="1567"><net_src comp="38" pin="0"/><net_sink comp="1558" pin=3"/></net>

<net id="1572"><net_src comp="1558" pin="4"/><net_sink comp="1568" pin=0"/></net>

<net id="1573"><net_src comp="54" pin="0"/><net_sink comp="1568" pin=1"/></net>

<net id="1578"><net_src comp="64" pin="0"/><net_sink comp="1574" pin=1"/></net>

<net id="1584"><net_src comp="36" pin="0"/><net_sink comp="1579" pin=0"/></net>

<net id="1585"><net_src comp="44" pin="0"/><net_sink comp="1579" pin=2"/></net>

<net id="1591"><net_src comp="66" pin="0"/><net_sink comp="1586" pin=0"/></net>

<net id="1592"><net_src comp="68" pin="0"/><net_sink comp="1586" pin=2"/></net>

<net id="1597"><net_src comp="1579" pin="3"/><net_sink comp="1593" pin=0"/></net>

<net id="1598"><net_src comp="70" pin="0"/><net_sink comp="1593" pin=1"/></net>

<net id="1603"><net_src comp="1586" pin="3"/><net_sink comp="1599" pin=0"/></net>

<net id="1604"><net_src comp="1593" pin="2"/><net_sink comp="1599" pin=1"/></net>

<net id="1609"><net_src comp="1599" pin="2"/><net_sink comp="1605" pin=1"/></net>

<net id="1614"><net_src comp="1605" pin="2"/><net_sink comp="1610" pin=0"/></net>

<net id="1619"><net_src comp="1605" pin="2"/><net_sink comp="1615" pin=0"/></net>

<net id="1620"><net_src comp="70" pin="0"/><net_sink comp="1615" pin=1"/></net>

<net id="1625"><net_src comp="1615" pin="2"/><net_sink comp="1621" pin=1"/></net>

<net id="1631"><net_src comp="72" pin="0"/><net_sink comp="1626" pin=1"/></net>

<net id="1637"><net_src comp="1610" pin="2"/><net_sink comp="1632" pin=0"/></net>

<net id="1638"><net_src comp="1626" pin="3"/><net_sink comp="1632" pin=1"/></net>

<net id="1639"><net_src comp="74" pin="0"/><net_sink comp="1632" pin=2"/></net>

<net id="1645"><net_src comp="1621" pin="2"/><net_sink comp="1640" pin=0"/></net>

<net id="1646"><net_src comp="1632" pin="3"/><net_sink comp="1640" pin=1"/></net>

<net id="1652"><net_src comp="1574" pin="2"/><net_sink comp="1647" pin=0"/></net>

<net id="1653"><net_src comp="1640" pin="3"/><net_sink comp="1647" pin=1"/></net>

<net id="1654"><net_src comp="72" pin="0"/><net_sink comp="1647" pin=2"/></net>

<net id="1659"><net_src comp="64" pin="0"/><net_sink comp="1655" pin=1"/></net>

<net id="1665"><net_src comp="36" pin="0"/><net_sink comp="1660" pin=0"/></net>

<net id="1666"><net_src comp="44" pin="0"/><net_sink comp="1660" pin=2"/></net>

<net id="1672"><net_src comp="66" pin="0"/><net_sink comp="1667" pin=0"/></net>

<net id="1673"><net_src comp="68" pin="0"/><net_sink comp="1667" pin=2"/></net>

<net id="1678"><net_src comp="1660" pin="3"/><net_sink comp="1674" pin=0"/></net>

<net id="1679"><net_src comp="70" pin="0"/><net_sink comp="1674" pin=1"/></net>

<net id="1684"><net_src comp="1667" pin="3"/><net_sink comp="1680" pin=0"/></net>

<net id="1685"><net_src comp="1674" pin="2"/><net_sink comp="1680" pin=1"/></net>

<net id="1690"><net_src comp="1680" pin="2"/><net_sink comp="1686" pin=1"/></net>

<net id="1695"><net_src comp="1686" pin="2"/><net_sink comp="1691" pin=0"/></net>

<net id="1700"><net_src comp="1686" pin="2"/><net_sink comp="1696" pin=0"/></net>

<net id="1701"><net_src comp="70" pin="0"/><net_sink comp="1696" pin=1"/></net>

<net id="1706"><net_src comp="1696" pin="2"/><net_sink comp="1702" pin=1"/></net>

<net id="1712"><net_src comp="72" pin="0"/><net_sink comp="1707" pin=1"/></net>

<net id="1718"><net_src comp="1691" pin="2"/><net_sink comp="1713" pin=0"/></net>

<net id="1719"><net_src comp="1707" pin="3"/><net_sink comp="1713" pin=1"/></net>

<net id="1720"><net_src comp="74" pin="0"/><net_sink comp="1713" pin=2"/></net>

<net id="1726"><net_src comp="1702" pin="2"/><net_sink comp="1721" pin=0"/></net>

<net id="1727"><net_src comp="1713" pin="3"/><net_sink comp="1721" pin=1"/></net>

<net id="1733"><net_src comp="1655" pin="2"/><net_sink comp="1728" pin=0"/></net>

<net id="1734"><net_src comp="1721" pin="3"/><net_sink comp="1728" pin=1"/></net>

<net id="1735"><net_src comp="72" pin="0"/><net_sink comp="1728" pin=2"/></net>

<net id="1740"><net_src comp="64" pin="0"/><net_sink comp="1736" pin=1"/></net>

<net id="1746"><net_src comp="36" pin="0"/><net_sink comp="1741" pin=0"/></net>

<net id="1747"><net_src comp="44" pin="0"/><net_sink comp="1741" pin=2"/></net>

<net id="1753"><net_src comp="66" pin="0"/><net_sink comp="1748" pin=0"/></net>

<net id="1754"><net_src comp="68" pin="0"/><net_sink comp="1748" pin=2"/></net>

<net id="1759"><net_src comp="1741" pin="3"/><net_sink comp="1755" pin=0"/></net>

<net id="1760"><net_src comp="70" pin="0"/><net_sink comp="1755" pin=1"/></net>

<net id="1765"><net_src comp="1748" pin="3"/><net_sink comp="1761" pin=0"/></net>

<net id="1766"><net_src comp="1755" pin="2"/><net_sink comp="1761" pin=1"/></net>

<net id="1771"><net_src comp="1761" pin="2"/><net_sink comp="1767" pin=1"/></net>

<net id="1776"><net_src comp="1767" pin="2"/><net_sink comp="1772" pin=0"/></net>

<net id="1781"><net_src comp="1767" pin="2"/><net_sink comp="1777" pin=0"/></net>

<net id="1782"><net_src comp="70" pin="0"/><net_sink comp="1777" pin=1"/></net>

<net id="1787"><net_src comp="1777" pin="2"/><net_sink comp="1783" pin=1"/></net>

<net id="1793"><net_src comp="72" pin="0"/><net_sink comp="1788" pin=1"/></net>

<net id="1799"><net_src comp="1772" pin="2"/><net_sink comp="1794" pin=0"/></net>

<net id="1800"><net_src comp="1788" pin="3"/><net_sink comp="1794" pin=1"/></net>

<net id="1801"><net_src comp="74" pin="0"/><net_sink comp="1794" pin=2"/></net>

<net id="1807"><net_src comp="1783" pin="2"/><net_sink comp="1802" pin=0"/></net>

<net id="1808"><net_src comp="1794" pin="3"/><net_sink comp="1802" pin=1"/></net>

<net id="1814"><net_src comp="1736" pin="2"/><net_sink comp="1809" pin=0"/></net>

<net id="1815"><net_src comp="1802" pin="3"/><net_sink comp="1809" pin=1"/></net>

<net id="1816"><net_src comp="72" pin="0"/><net_sink comp="1809" pin=2"/></net>

<net id="1821"><net_src comp="64" pin="0"/><net_sink comp="1817" pin=1"/></net>

<net id="1827"><net_src comp="36" pin="0"/><net_sink comp="1822" pin=0"/></net>

<net id="1828"><net_src comp="44" pin="0"/><net_sink comp="1822" pin=2"/></net>

<net id="1834"><net_src comp="66" pin="0"/><net_sink comp="1829" pin=0"/></net>

<net id="1835"><net_src comp="68" pin="0"/><net_sink comp="1829" pin=2"/></net>

<net id="1840"><net_src comp="1822" pin="3"/><net_sink comp="1836" pin=0"/></net>

<net id="1841"><net_src comp="70" pin="0"/><net_sink comp="1836" pin=1"/></net>

<net id="1846"><net_src comp="1829" pin="3"/><net_sink comp="1842" pin=0"/></net>

<net id="1847"><net_src comp="1836" pin="2"/><net_sink comp="1842" pin=1"/></net>

<net id="1852"><net_src comp="1842" pin="2"/><net_sink comp="1848" pin=1"/></net>

<net id="1857"><net_src comp="1848" pin="2"/><net_sink comp="1853" pin=0"/></net>

<net id="1862"><net_src comp="1848" pin="2"/><net_sink comp="1858" pin=0"/></net>

<net id="1863"><net_src comp="70" pin="0"/><net_sink comp="1858" pin=1"/></net>

<net id="1868"><net_src comp="1858" pin="2"/><net_sink comp="1864" pin=1"/></net>

<net id="1874"><net_src comp="72" pin="0"/><net_sink comp="1869" pin=1"/></net>

<net id="1880"><net_src comp="1853" pin="2"/><net_sink comp="1875" pin=0"/></net>

<net id="1881"><net_src comp="1869" pin="3"/><net_sink comp="1875" pin=1"/></net>

<net id="1882"><net_src comp="74" pin="0"/><net_sink comp="1875" pin=2"/></net>

<net id="1888"><net_src comp="1864" pin="2"/><net_sink comp="1883" pin=0"/></net>

<net id="1889"><net_src comp="1875" pin="3"/><net_sink comp="1883" pin=1"/></net>

<net id="1895"><net_src comp="1817" pin="2"/><net_sink comp="1890" pin=0"/></net>

<net id="1896"><net_src comp="1883" pin="3"/><net_sink comp="1890" pin=1"/></net>

<net id="1897"><net_src comp="72" pin="0"/><net_sink comp="1890" pin=2"/></net>

<net id="1902"><net_src comp="64" pin="0"/><net_sink comp="1898" pin=1"/></net>

<net id="1908"><net_src comp="36" pin="0"/><net_sink comp="1903" pin=0"/></net>

<net id="1909"><net_src comp="44" pin="0"/><net_sink comp="1903" pin=2"/></net>

<net id="1915"><net_src comp="66" pin="0"/><net_sink comp="1910" pin=0"/></net>

<net id="1916"><net_src comp="68" pin="0"/><net_sink comp="1910" pin=2"/></net>

<net id="1921"><net_src comp="1903" pin="3"/><net_sink comp="1917" pin=0"/></net>

<net id="1922"><net_src comp="70" pin="0"/><net_sink comp="1917" pin=1"/></net>

<net id="1927"><net_src comp="1910" pin="3"/><net_sink comp="1923" pin=0"/></net>

<net id="1928"><net_src comp="1917" pin="2"/><net_sink comp="1923" pin=1"/></net>

<net id="1933"><net_src comp="1923" pin="2"/><net_sink comp="1929" pin=1"/></net>

<net id="1938"><net_src comp="1929" pin="2"/><net_sink comp="1934" pin=0"/></net>

<net id="1943"><net_src comp="1929" pin="2"/><net_sink comp="1939" pin=0"/></net>

<net id="1944"><net_src comp="70" pin="0"/><net_sink comp="1939" pin=1"/></net>

<net id="1949"><net_src comp="1939" pin="2"/><net_sink comp="1945" pin=1"/></net>

<net id="1955"><net_src comp="72" pin="0"/><net_sink comp="1950" pin=1"/></net>

<net id="1961"><net_src comp="1934" pin="2"/><net_sink comp="1956" pin=0"/></net>

<net id="1962"><net_src comp="1950" pin="3"/><net_sink comp="1956" pin=1"/></net>

<net id="1963"><net_src comp="74" pin="0"/><net_sink comp="1956" pin=2"/></net>

<net id="1969"><net_src comp="1945" pin="2"/><net_sink comp="1964" pin=0"/></net>

<net id="1970"><net_src comp="1956" pin="3"/><net_sink comp="1964" pin=1"/></net>

<net id="1976"><net_src comp="1898" pin="2"/><net_sink comp="1971" pin=0"/></net>

<net id="1977"><net_src comp="1964" pin="3"/><net_sink comp="1971" pin=1"/></net>

<net id="1978"><net_src comp="72" pin="0"/><net_sink comp="1971" pin=2"/></net>

<net id="1983"><net_src comp="64" pin="0"/><net_sink comp="1979" pin=1"/></net>

<net id="1989"><net_src comp="36" pin="0"/><net_sink comp="1984" pin=0"/></net>

<net id="1990"><net_src comp="44" pin="0"/><net_sink comp="1984" pin=2"/></net>

<net id="1996"><net_src comp="66" pin="0"/><net_sink comp="1991" pin=0"/></net>

<net id="1997"><net_src comp="68" pin="0"/><net_sink comp="1991" pin=2"/></net>

<net id="2002"><net_src comp="1984" pin="3"/><net_sink comp="1998" pin=0"/></net>

<net id="2003"><net_src comp="70" pin="0"/><net_sink comp="1998" pin=1"/></net>

<net id="2008"><net_src comp="1991" pin="3"/><net_sink comp="2004" pin=0"/></net>

<net id="2009"><net_src comp="1998" pin="2"/><net_sink comp="2004" pin=1"/></net>

<net id="2014"><net_src comp="2004" pin="2"/><net_sink comp="2010" pin=1"/></net>

<net id="2019"><net_src comp="2010" pin="2"/><net_sink comp="2015" pin=0"/></net>

<net id="2024"><net_src comp="2010" pin="2"/><net_sink comp="2020" pin=0"/></net>

<net id="2025"><net_src comp="70" pin="0"/><net_sink comp="2020" pin=1"/></net>

<net id="2030"><net_src comp="2020" pin="2"/><net_sink comp="2026" pin=1"/></net>

<net id="2036"><net_src comp="72" pin="0"/><net_sink comp="2031" pin=1"/></net>

<net id="2042"><net_src comp="2015" pin="2"/><net_sink comp="2037" pin=0"/></net>

<net id="2043"><net_src comp="2031" pin="3"/><net_sink comp="2037" pin=1"/></net>

<net id="2044"><net_src comp="74" pin="0"/><net_sink comp="2037" pin=2"/></net>

<net id="2050"><net_src comp="2026" pin="2"/><net_sink comp="2045" pin=0"/></net>

<net id="2051"><net_src comp="2037" pin="3"/><net_sink comp="2045" pin=1"/></net>

<net id="2057"><net_src comp="1979" pin="2"/><net_sink comp="2052" pin=0"/></net>

<net id="2058"><net_src comp="2045" pin="3"/><net_sink comp="2052" pin=1"/></net>

<net id="2059"><net_src comp="72" pin="0"/><net_sink comp="2052" pin=2"/></net>

<net id="2064"><net_src comp="64" pin="0"/><net_sink comp="2060" pin=1"/></net>

<net id="2070"><net_src comp="36" pin="0"/><net_sink comp="2065" pin=0"/></net>

<net id="2071"><net_src comp="44" pin="0"/><net_sink comp="2065" pin=2"/></net>

<net id="2077"><net_src comp="66" pin="0"/><net_sink comp="2072" pin=0"/></net>

<net id="2078"><net_src comp="68" pin="0"/><net_sink comp="2072" pin=2"/></net>

<net id="2083"><net_src comp="2065" pin="3"/><net_sink comp="2079" pin=0"/></net>

<net id="2084"><net_src comp="70" pin="0"/><net_sink comp="2079" pin=1"/></net>

<net id="2089"><net_src comp="2072" pin="3"/><net_sink comp="2085" pin=0"/></net>

<net id="2090"><net_src comp="2079" pin="2"/><net_sink comp="2085" pin=1"/></net>

<net id="2095"><net_src comp="2085" pin="2"/><net_sink comp="2091" pin=1"/></net>

<net id="2100"><net_src comp="2091" pin="2"/><net_sink comp="2096" pin=0"/></net>

<net id="2105"><net_src comp="2091" pin="2"/><net_sink comp="2101" pin=0"/></net>

<net id="2106"><net_src comp="70" pin="0"/><net_sink comp="2101" pin=1"/></net>

<net id="2111"><net_src comp="2101" pin="2"/><net_sink comp="2107" pin=1"/></net>

<net id="2117"><net_src comp="72" pin="0"/><net_sink comp="2112" pin=1"/></net>

<net id="2123"><net_src comp="2096" pin="2"/><net_sink comp="2118" pin=0"/></net>

<net id="2124"><net_src comp="2112" pin="3"/><net_sink comp="2118" pin=1"/></net>

<net id="2125"><net_src comp="74" pin="0"/><net_sink comp="2118" pin=2"/></net>

<net id="2131"><net_src comp="2107" pin="2"/><net_sink comp="2126" pin=0"/></net>

<net id="2132"><net_src comp="2118" pin="3"/><net_sink comp="2126" pin=1"/></net>

<net id="2138"><net_src comp="2060" pin="2"/><net_sink comp="2133" pin=0"/></net>

<net id="2139"><net_src comp="2126" pin="3"/><net_sink comp="2133" pin=1"/></net>

<net id="2140"><net_src comp="72" pin="0"/><net_sink comp="2133" pin=2"/></net>

<net id="2145"><net_src comp="64" pin="0"/><net_sink comp="2141" pin=1"/></net>

<net id="2151"><net_src comp="36" pin="0"/><net_sink comp="2146" pin=0"/></net>

<net id="2152"><net_src comp="44" pin="0"/><net_sink comp="2146" pin=2"/></net>

<net id="2158"><net_src comp="66" pin="0"/><net_sink comp="2153" pin=0"/></net>

<net id="2159"><net_src comp="68" pin="0"/><net_sink comp="2153" pin=2"/></net>

<net id="2164"><net_src comp="2146" pin="3"/><net_sink comp="2160" pin=0"/></net>

<net id="2165"><net_src comp="70" pin="0"/><net_sink comp="2160" pin=1"/></net>

<net id="2170"><net_src comp="2153" pin="3"/><net_sink comp="2166" pin=0"/></net>

<net id="2171"><net_src comp="2160" pin="2"/><net_sink comp="2166" pin=1"/></net>

<net id="2176"><net_src comp="2166" pin="2"/><net_sink comp="2172" pin=1"/></net>

<net id="2181"><net_src comp="2172" pin="2"/><net_sink comp="2177" pin=0"/></net>

<net id="2186"><net_src comp="2172" pin="2"/><net_sink comp="2182" pin=0"/></net>

<net id="2187"><net_src comp="70" pin="0"/><net_sink comp="2182" pin=1"/></net>

<net id="2192"><net_src comp="2182" pin="2"/><net_sink comp="2188" pin=1"/></net>

<net id="2198"><net_src comp="72" pin="0"/><net_sink comp="2193" pin=1"/></net>

<net id="2204"><net_src comp="2177" pin="2"/><net_sink comp="2199" pin=0"/></net>

<net id="2205"><net_src comp="2193" pin="3"/><net_sink comp="2199" pin=1"/></net>

<net id="2206"><net_src comp="74" pin="0"/><net_sink comp="2199" pin=2"/></net>

<net id="2212"><net_src comp="2188" pin="2"/><net_sink comp="2207" pin=0"/></net>

<net id="2213"><net_src comp="2199" pin="3"/><net_sink comp="2207" pin=1"/></net>

<net id="2219"><net_src comp="2141" pin="2"/><net_sink comp="2214" pin=0"/></net>

<net id="2220"><net_src comp="2207" pin="3"/><net_sink comp="2214" pin=1"/></net>

<net id="2221"><net_src comp="72" pin="0"/><net_sink comp="2214" pin=2"/></net>

<net id="2226"><net_src comp="64" pin="0"/><net_sink comp="2222" pin=1"/></net>

<net id="2232"><net_src comp="36" pin="0"/><net_sink comp="2227" pin=0"/></net>

<net id="2233"><net_src comp="44" pin="0"/><net_sink comp="2227" pin=2"/></net>

<net id="2239"><net_src comp="66" pin="0"/><net_sink comp="2234" pin=0"/></net>

<net id="2240"><net_src comp="68" pin="0"/><net_sink comp="2234" pin=2"/></net>

<net id="2245"><net_src comp="2227" pin="3"/><net_sink comp="2241" pin=0"/></net>

<net id="2246"><net_src comp="70" pin="0"/><net_sink comp="2241" pin=1"/></net>

<net id="2251"><net_src comp="2234" pin="3"/><net_sink comp="2247" pin=0"/></net>

<net id="2252"><net_src comp="2241" pin="2"/><net_sink comp="2247" pin=1"/></net>

<net id="2257"><net_src comp="2247" pin="2"/><net_sink comp="2253" pin=1"/></net>

<net id="2262"><net_src comp="2253" pin="2"/><net_sink comp="2258" pin=0"/></net>

<net id="2267"><net_src comp="2253" pin="2"/><net_sink comp="2263" pin=0"/></net>

<net id="2268"><net_src comp="70" pin="0"/><net_sink comp="2263" pin=1"/></net>

<net id="2273"><net_src comp="2263" pin="2"/><net_sink comp="2269" pin=1"/></net>

<net id="2279"><net_src comp="72" pin="0"/><net_sink comp="2274" pin=1"/></net>

<net id="2285"><net_src comp="2258" pin="2"/><net_sink comp="2280" pin=0"/></net>

<net id="2286"><net_src comp="2274" pin="3"/><net_sink comp="2280" pin=1"/></net>

<net id="2287"><net_src comp="74" pin="0"/><net_sink comp="2280" pin=2"/></net>

<net id="2293"><net_src comp="2269" pin="2"/><net_sink comp="2288" pin=0"/></net>

<net id="2294"><net_src comp="2280" pin="3"/><net_sink comp="2288" pin=1"/></net>

<net id="2300"><net_src comp="2222" pin="2"/><net_sink comp="2295" pin=0"/></net>

<net id="2301"><net_src comp="2288" pin="3"/><net_sink comp="2295" pin=1"/></net>

<net id="2302"><net_src comp="72" pin="0"/><net_sink comp="2295" pin=2"/></net>

<net id="2307"><net_src comp="64" pin="0"/><net_sink comp="2303" pin=1"/></net>

<net id="2313"><net_src comp="36" pin="0"/><net_sink comp="2308" pin=0"/></net>

<net id="2314"><net_src comp="44" pin="0"/><net_sink comp="2308" pin=2"/></net>

<net id="2320"><net_src comp="66" pin="0"/><net_sink comp="2315" pin=0"/></net>

<net id="2321"><net_src comp="68" pin="0"/><net_sink comp="2315" pin=2"/></net>

<net id="2326"><net_src comp="2308" pin="3"/><net_sink comp="2322" pin=0"/></net>

<net id="2327"><net_src comp="70" pin="0"/><net_sink comp="2322" pin=1"/></net>

<net id="2332"><net_src comp="2315" pin="3"/><net_sink comp="2328" pin=0"/></net>

<net id="2333"><net_src comp="2322" pin="2"/><net_sink comp="2328" pin=1"/></net>

<net id="2338"><net_src comp="2328" pin="2"/><net_sink comp="2334" pin=1"/></net>

<net id="2343"><net_src comp="2334" pin="2"/><net_sink comp="2339" pin=0"/></net>

<net id="2348"><net_src comp="2334" pin="2"/><net_sink comp="2344" pin=0"/></net>

<net id="2349"><net_src comp="70" pin="0"/><net_sink comp="2344" pin=1"/></net>

<net id="2354"><net_src comp="2344" pin="2"/><net_sink comp="2350" pin=1"/></net>

<net id="2360"><net_src comp="72" pin="0"/><net_sink comp="2355" pin=1"/></net>

<net id="2366"><net_src comp="2339" pin="2"/><net_sink comp="2361" pin=0"/></net>

<net id="2367"><net_src comp="2355" pin="3"/><net_sink comp="2361" pin=1"/></net>

<net id="2368"><net_src comp="74" pin="0"/><net_sink comp="2361" pin=2"/></net>

<net id="2374"><net_src comp="2350" pin="2"/><net_sink comp="2369" pin=0"/></net>

<net id="2375"><net_src comp="2361" pin="3"/><net_sink comp="2369" pin=1"/></net>

<net id="2381"><net_src comp="2303" pin="2"/><net_sink comp="2376" pin=0"/></net>

<net id="2382"><net_src comp="2369" pin="3"/><net_sink comp="2376" pin=1"/></net>

<net id="2383"><net_src comp="72" pin="0"/><net_sink comp="2376" pin=2"/></net>

<net id="2388"><net_src comp="64" pin="0"/><net_sink comp="2384" pin=1"/></net>

<net id="2394"><net_src comp="36" pin="0"/><net_sink comp="2389" pin=0"/></net>

<net id="2395"><net_src comp="44" pin="0"/><net_sink comp="2389" pin=2"/></net>

<net id="2401"><net_src comp="66" pin="0"/><net_sink comp="2396" pin=0"/></net>

<net id="2402"><net_src comp="68" pin="0"/><net_sink comp="2396" pin=2"/></net>

<net id="2407"><net_src comp="2389" pin="3"/><net_sink comp="2403" pin=0"/></net>

<net id="2408"><net_src comp="70" pin="0"/><net_sink comp="2403" pin=1"/></net>

<net id="2413"><net_src comp="2396" pin="3"/><net_sink comp="2409" pin=0"/></net>

<net id="2414"><net_src comp="2403" pin="2"/><net_sink comp="2409" pin=1"/></net>

<net id="2419"><net_src comp="2409" pin="2"/><net_sink comp="2415" pin=1"/></net>

<net id="2424"><net_src comp="2415" pin="2"/><net_sink comp="2420" pin=0"/></net>

<net id="2429"><net_src comp="2415" pin="2"/><net_sink comp="2425" pin=0"/></net>

<net id="2430"><net_src comp="70" pin="0"/><net_sink comp="2425" pin=1"/></net>

<net id="2435"><net_src comp="2425" pin="2"/><net_sink comp="2431" pin=1"/></net>

<net id="2441"><net_src comp="72" pin="0"/><net_sink comp="2436" pin=1"/></net>

<net id="2447"><net_src comp="2420" pin="2"/><net_sink comp="2442" pin=0"/></net>

<net id="2448"><net_src comp="2436" pin="3"/><net_sink comp="2442" pin=1"/></net>

<net id="2449"><net_src comp="74" pin="0"/><net_sink comp="2442" pin=2"/></net>

<net id="2455"><net_src comp="2431" pin="2"/><net_sink comp="2450" pin=0"/></net>

<net id="2456"><net_src comp="2442" pin="3"/><net_sink comp="2450" pin=1"/></net>

<net id="2462"><net_src comp="2384" pin="2"/><net_sink comp="2457" pin=0"/></net>

<net id="2463"><net_src comp="2450" pin="3"/><net_sink comp="2457" pin=1"/></net>

<net id="2464"><net_src comp="72" pin="0"/><net_sink comp="2457" pin=2"/></net>

<net id="2469"><net_src comp="64" pin="0"/><net_sink comp="2465" pin=1"/></net>

<net id="2475"><net_src comp="36" pin="0"/><net_sink comp="2470" pin=0"/></net>

<net id="2476"><net_src comp="44" pin="0"/><net_sink comp="2470" pin=2"/></net>

<net id="2482"><net_src comp="66" pin="0"/><net_sink comp="2477" pin=0"/></net>

<net id="2483"><net_src comp="68" pin="0"/><net_sink comp="2477" pin=2"/></net>

<net id="2488"><net_src comp="2470" pin="3"/><net_sink comp="2484" pin=0"/></net>

<net id="2489"><net_src comp="70" pin="0"/><net_sink comp="2484" pin=1"/></net>

<net id="2494"><net_src comp="2477" pin="3"/><net_sink comp="2490" pin=0"/></net>

<net id="2495"><net_src comp="2484" pin="2"/><net_sink comp="2490" pin=1"/></net>

<net id="2500"><net_src comp="2490" pin="2"/><net_sink comp="2496" pin=1"/></net>

<net id="2505"><net_src comp="2496" pin="2"/><net_sink comp="2501" pin=0"/></net>

<net id="2510"><net_src comp="2496" pin="2"/><net_sink comp="2506" pin=0"/></net>

<net id="2511"><net_src comp="70" pin="0"/><net_sink comp="2506" pin=1"/></net>

<net id="2516"><net_src comp="2506" pin="2"/><net_sink comp="2512" pin=1"/></net>

<net id="2522"><net_src comp="72" pin="0"/><net_sink comp="2517" pin=1"/></net>

<net id="2528"><net_src comp="2501" pin="2"/><net_sink comp="2523" pin=0"/></net>

<net id="2529"><net_src comp="2517" pin="3"/><net_sink comp="2523" pin=1"/></net>

<net id="2530"><net_src comp="74" pin="0"/><net_sink comp="2523" pin=2"/></net>

<net id="2536"><net_src comp="2512" pin="2"/><net_sink comp="2531" pin=0"/></net>

<net id="2537"><net_src comp="2523" pin="3"/><net_sink comp="2531" pin=1"/></net>

<net id="2543"><net_src comp="2465" pin="2"/><net_sink comp="2538" pin=0"/></net>

<net id="2544"><net_src comp="2531" pin="3"/><net_sink comp="2538" pin=1"/></net>

<net id="2545"><net_src comp="72" pin="0"/><net_sink comp="2538" pin=2"/></net>

<net id="2550"><net_src comp="64" pin="0"/><net_sink comp="2546" pin=1"/></net>

<net id="2556"><net_src comp="36" pin="0"/><net_sink comp="2551" pin=0"/></net>

<net id="2557"><net_src comp="44" pin="0"/><net_sink comp="2551" pin=2"/></net>

<net id="2563"><net_src comp="66" pin="0"/><net_sink comp="2558" pin=0"/></net>

<net id="2564"><net_src comp="68" pin="0"/><net_sink comp="2558" pin=2"/></net>

<net id="2569"><net_src comp="2551" pin="3"/><net_sink comp="2565" pin=0"/></net>

<net id="2570"><net_src comp="70" pin="0"/><net_sink comp="2565" pin=1"/></net>

<net id="2575"><net_src comp="2558" pin="3"/><net_sink comp="2571" pin=0"/></net>

<net id="2576"><net_src comp="2565" pin="2"/><net_sink comp="2571" pin=1"/></net>

<net id="2581"><net_src comp="2571" pin="2"/><net_sink comp="2577" pin=1"/></net>

<net id="2586"><net_src comp="2577" pin="2"/><net_sink comp="2582" pin=0"/></net>

<net id="2591"><net_src comp="2577" pin="2"/><net_sink comp="2587" pin=0"/></net>

<net id="2592"><net_src comp="70" pin="0"/><net_sink comp="2587" pin=1"/></net>

<net id="2597"><net_src comp="2587" pin="2"/><net_sink comp="2593" pin=1"/></net>

<net id="2603"><net_src comp="72" pin="0"/><net_sink comp="2598" pin=1"/></net>

<net id="2609"><net_src comp="2582" pin="2"/><net_sink comp="2604" pin=0"/></net>

<net id="2610"><net_src comp="2598" pin="3"/><net_sink comp="2604" pin=1"/></net>

<net id="2611"><net_src comp="74" pin="0"/><net_sink comp="2604" pin=2"/></net>

<net id="2617"><net_src comp="2593" pin="2"/><net_sink comp="2612" pin=0"/></net>

<net id="2618"><net_src comp="2604" pin="3"/><net_sink comp="2612" pin=1"/></net>

<net id="2624"><net_src comp="2546" pin="2"/><net_sink comp="2619" pin=0"/></net>

<net id="2625"><net_src comp="2612" pin="3"/><net_sink comp="2619" pin=1"/></net>

<net id="2626"><net_src comp="72" pin="0"/><net_sink comp="2619" pin=2"/></net>

<net id="2631"><net_src comp="64" pin="0"/><net_sink comp="2627" pin=1"/></net>

<net id="2637"><net_src comp="36" pin="0"/><net_sink comp="2632" pin=0"/></net>

<net id="2638"><net_src comp="44" pin="0"/><net_sink comp="2632" pin=2"/></net>

<net id="2644"><net_src comp="66" pin="0"/><net_sink comp="2639" pin=0"/></net>

<net id="2645"><net_src comp="68" pin="0"/><net_sink comp="2639" pin=2"/></net>

<net id="2650"><net_src comp="2632" pin="3"/><net_sink comp="2646" pin=0"/></net>

<net id="2651"><net_src comp="70" pin="0"/><net_sink comp="2646" pin=1"/></net>

<net id="2656"><net_src comp="2639" pin="3"/><net_sink comp="2652" pin=0"/></net>

<net id="2657"><net_src comp="2646" pin="2"/><net_sink comp="2652" pin=1"/></net>

<net id="2662"><net_src comp="2652" pin="2"/><net_sink comp="2658" pin=1"/></net>

<net id="2667"><net_src comp="2658" pin="2"/><net_sink comp="2663" pin=0"/></net>

<net id="2672"><net_src comp="2658" pin="2"/><net_sink comp="2668" pin=0"/></net>

<net id="2673"><net_src comp="70" pin="0"/><net_sink comp="2668" pin=1"/></net>

<net id="2678"><net_src comp="2668" pin="2"/><net_sink comp="2674" pin=1"/></net>

<net id="2684"><net_src comp="72" pin="0"/><net_sink comp="2679" pin=1"/></net>

<net id="2690"><net_src comp="2663" pin="2"/><net_sink comp="2685" pin=0"/></net>

<net id="2691"><net_src comp="2679" pin="3"/><net_sink comp="2685" pin=1"/></net>

<net id="2692"><net_src comp="74" pin="0"/><net_sink comp="2685" pin=2"/></net>

<net id="2698"><net_src comp="2674" pin="2"/><net_sink comp="2693" pin=0"/></net>

<net id="2699"><net_src comp="2685" pin="3"/><net_sink comp="2693" pin=1"/></net>

<net id="2705"><net_src comp="2627" pin="2"/><net_sink comp="2700" pin=0"/></net>

<net id="2706"><net_src comp="2693" pin="3"/><net_sink comp="2700" pin=1"/></net>

<net id="2707"><net_src comp="72" pin="0"/><net_sink comp="2700" pin=2"/></net>

<net id="2712"><net_src comp="64" pin="0"/><net_sink comp="2708" pin=1"/></net>

<net id="2718"><net_src comp="36" pin="0"/><net_sink comp="2713" pin=0"/></net>

<net id="2719"><net_src comp="44" pin="0"/><net_sink comp="2713" pin=2"/></net>

<net id="2725"><net_src comp="66" pin="0"/><net_sink comp="2720" pin=0"/></net>

<net id="2726"><net_src comp="68" pin="0"/><net_sink comp="2720" pin=2"/></net>

<net id="2731"><net_src comp="2713" pin="3"/><net_sink comp="2727" pin=0"/></net>

<net id="2732"><net_src comp="70" pin="0"/><net_sink comp="2727" pin=1"/></net>

<net id="2737"><net_src comp="2720" pin="3"/><net_sink comp="2733" pin=0"/></net>

<net id="2738"><net_src comp="2727" pin="2"/><net_sink comp="2733" pin=1"/></net>

<net id="2743"><net_src comp="2733" pin="2"/><net_sink comp="2739" pin=1"/></net>

<net id="2748"><net_src comp="2739" pin="2"/><net_sink comp="2744" pin=0"/></net>

<net id="2753"><net_src comp="2739" pin="2"/><net_sink comp="2749" pin=0"/></net>

<net id="2754"><net_src comp="70" pin="0"/><net_sink comp="2749" pin=1"/></net>

<net id="2759"><net_src comp="2749" pin="2"/><net_sink comp="2755" pin=1"/></net>

<net id="2765"><net_src comp="72" pin="0"/><net_sink comp="2760" pin=1"/></net>

<net id="2771"><net_src comp="2744" pin="2"/><net_sink comp="2766" pin=0"/></net>

<net id="2772"><net_src comp="2760" pin="3"/><net_sink comp="2766" pin=1"/></net>

<net id="2773"><net_src comp="74" pin="0"/><net_sink comp="2766" pin=2"/></net>

<net id="2779"><net_src comp="2755" pin="2"/><net_sink comp="2774" pin=0"/></net>

<net id="2780"><net_src comp="2766" pin="3"/><net_sink comp="2774" pin=1"/></net>

<net id="2786"><net_src comp="2708" pin="2"/><net_sink comp="2781" pin=0"/></net>

<net id="2787"><net_src comp="2774" pin="3"/><net_sink comp="2781" pin=1"/></net>

<net id="2788"><net_src comp="72" pin="0"/><net_sink comp="2781" pin=2"/></net>

<net id="2793"><net_src comp="64" pin="0"/><net_sink comp="2789" pin=1"/></net>

<net id="2799"><net_src comp="36" pin="0"/><net_sink comp="2794" pin=0"/></net>

<net id="2800"><net_src comp="44" pin="0"/><net_sink comp="2794" pin=2"/></net>

<net id="2806"><net_src comp="66" pin="0"/><net_sink comp="2801" pin=0"/></net>

<net id="2807"><net_src comp="68" pin="0"/><net_sink comp="2801" pin=2"/></net>

<net id="2812"><net_src comp="2794" pin="3"/><net_sink comp="2808" pin=0"/></net>

<net id="2813"><net_src comp="70" pin="0"/><net_sink comp="2808" pin=1"/></net>

<net id="2818"><net_src comp="2801" pin="3"/><net_sink comp="2814" pin=0"/></net>

<net id="2819"><net_src comp="2808" pin="2"/><net_sink comp="2814" pin=1"/></net>

<net id="2824"><net_src comp="2814" pin="2"/><net_sink comp="2820" pin=1"/></net>

<net id="2829"><net_src comp="2820" pin="2"/><net_sink comp="2825" pin=0"/></net>

<net id="2834"><net_src comp="2820" pin="2"/><net_sink comp="2830" pin=0"/></net>

<net id="2835"><net_src comp="70" pin="0"/><net_sink comp="2830" pin=1"/></net>

<net id="2840"><net_src comp="2830" pin="2"/><net_sink comp="2836" pin=1"/></net>

<net id="2846"><net_src comp="72" pin="0"/><net_sink comp="2841" pin=1"/></net>

<net id="2852"><net_src comp="2825" pin="2"/><net_sink comp="2847" pin=0"/></net>

<net id="2853"><net_src comp="2841" pin="3"/><net_sink comp="2847" pin=1"/></net>

<net id="2854"><net_src comp="74" pin="0"/><net_sink comp="2847" pin=2"/></net>

<net id="2860"><net_src comp="2836" pin="2"/><net_sink comp="2855" pin=0"/></net>

<net id="2861"><net_src comp="2847" pin="3"/><net_sink comp="2855" pin=1"/></net>

<net id="2867"><net_src comp="2789" pin="2"/><net_sink comp="2862" pin=0"/></net>

<net id="2868"><net_src comp="2855" pin="3"/><net_sink comp="2862" pin=1"/></net>

<net id="2869"><net_src comp="72" pin="0"/><net_sink comp="2862" pin=2"/></net>

<net id="2874"><net_src comp="64" pin="0"/><net_sink comp="2870" pin=1"/></net>

<net id="2880"><net_src comp="36" pin="0"/><net_sink comp="2875" pin=0"/></net>

<net id="2881"><net_src comp="44" pin="0"/><net_sink comp="2875" pin=2"/></net>

<net id="2887"><net_src comp="66" pin="0"/><net_sink comp="2882" pin=0"/></net>

<net id="2888"><net_src comp="68" pin="0"/><net_sink comp="2882" pin=2"/></net>

<net id="2893"><net_src comp="2875" pin="3"/><net_sink comp="2889" pin=0"/></net>

<net id="2894"><net_src comp="70" pin="0"/><net_sink comp="2889" pin=1"/></net>

<net id="2899"><net_src comp="2882" pin="3"/><net_sink comp="2895" pin=0"/></net>

<net id="2900"><net_src comp="2889" pin="2"/><net_sink comp="2895" pin=1"/></net>

<net id="2905"><net_src comp="2895" pin="2"/><net_sink comp="2901" pin=1"/></net>

<net id="2910"><net_src comp="2901" pin="2"/><net_sink comp="2906" pin=0"/></net>

<net id="2915"><net_src comp="2901" pin="2"/><net_sink comp="2911" pin=0"/></net>

<net id="2916"><net_src comp="70" pin="0"/><net_sink comp="2911" pin=1"/></net>

<net id="2921"><net_src comp="2911" pin="2"/><net_sink comp="2917" pin=1"/></net>

<net id="2927"><net_src comp="72" pin="0"/><net_sink comp="2922" pin=1"/></net>

<net id="2933"><net_src comp="2906" pin="2"/><net_sink comp="2928" pin=0"/></net>

<net id="2934"><net_src comp="2922" pin="3"/><net_sink comp="2928" pin=1"/></net>

<net id="2935"><net_src comp="74" pin="0"/><net_sink comp="2928" pin=2"/></net>

<net id="2941"><net_src comp="2917" pin="2"/><net_sink comp="2936" pin=0"/></net>

<net id="2942"><net_src comp="2928" pin="3"/><net_sink comp="2936" pin=1"/></net>

<net id="2948"><net_src comp="2870" pin="2"/><net_sink comp="2943" pin=0"/></net>

<net id="2949"><net_src comp="2936" pin="3"/><net_sink comp="2943" pin=1"/></net>

<net id="2950"><net_src comp="72" pin="0"/><net_sink comp="2943" pin=2"/></net>

<net id="2955"><net_src comp="76" pin="0"/><net_sink comp="2951" pin=0"/></net>

<net id="2956"><net_src comp="1647" pin="3"/><net_sink comp="2951" pin=1"/></net>

<net id="2961"><net_src comp="2951" pin="2"/><net_sink comp="2957" pin=0"/></net>

<net id="2962"><net_src comp="1728" pin="3"/><net_sink comp="2957" pin=1"/></net>

<net id="2967"><net_src comp="2957" pin="2"/><net_sink comp="2963" pin=0"/></net>

<net id="2968"><net_src comp="1809" pin="3"/><net_sink comp="2963" pin=1"/></net>

<net id="2973"><net_src comp="2963" pin="2"/><net_sink comp="2969" pin=0"/></net>

<net id="2974"><net_src comp="1890" pin="3"/><net_sink comp="2969" pin=1"/></net>

<net id="2979"><net_src comp="2969" pin="2"/><net_sink comp="2975" pin=0"/></net>

<net id="2980"><net_src comp="1971" pin="3"/><net_sink comp="2975" pin=1"/></net>

<net id="2985"><net_src comp="2975" pin="2"/><net_sink comp="2981" pin=0"/></net>

<net id="2986"><net_src comp="2052" pin="3"/><net_sink comp="2981" pin=1"/></net>

<net id="2991"><net_src comp="2981" pin="2"/><net_sink comp="2987" pin=0"/></net>

<net id="2992"><net_src comp="2133" pin="3"/><net_sink comp="2987" pin=1"/></net>

<net id="2997"><net_src comp="2987" pin="2"/><net_sink comp="2993" pin=0"/></net>

<net id="2998"><net_src comp="2214" pin="3"/><net_sink comp="2993" pin=1"/></net>

<net id="3003"><net_src comp="2993" pin="2"/><net_sink comp="2999" pin=0"/></net>

<net id="3004"><net_src comp="2295" pin="3"/><net_sink comp="2999" pin=1"/></net>

<net id="3009"><net_src comp="2999" pin="2"/><net_sink comp="3005" pin=0"/></net>

<net id="3010"><net_src comp="2376" pin="3"/><net_sink comp="3005" pin=1"/></net>

<net id="3015"><net_src comp="3005" pin="2"/><net_sink comp="3011" pin=0"/></net>

<net id="3016"><net_src comp="2457" pin="3"/><net_sink comp="3011" pin=1"/></net>

<net id="3021"><net_src comp="3011" pin="2"/><net_sink comp="3017" pin=0"/></net>

<net id="3022"><net_src comp="2538" pin="3"/><net_sink comp="3017" pin=1"/></net>

<net id="3027"><net_src comp="3017" pin="2"/><net_sink comp="3023" pin=0"/></net>

<net id="3028"><net_src comp="2619" pin="3"/><net_sink comp="3023" pin=1"/></net>

<net id="3033"><net_src comp="3023" pin="2"/><net_sink comp="3029" pin=0"/></net>

<net id="3034"><net_src comp="2700" pin="3"/><net_sink comp="3029" pin=1"/></net>

<net id="3039"><net_src comp="3029" pin="2"/><net_sink comp="3035" pin=0"/></net>

<net id="3040"><net_src comp="2781" pin="3"/><net_sink comp="3035" pin=1"/></net>

<net id="3045"><net_src comp="3035" pin="2"/><net_sink comp="3041" pin=0"/></net>

<net id="3046"><net_src comp="2862" pin="3"/><net_sink comp="3041" pin=1"/></net>

<net id="3051"><net_src comp="3041" pin="2"/><net_sink comp="3047" pin=0"/></net>

<net id="3052"><net_src comp="2943" pin="3"/><net_sink comp="3047" pin=1"/></net>

<net id="3056"><net_src comp="78" pin="2"/><net_sink comp="3053" pin=0"/></net>

<net id="3057"><net_src comp="3053" pin="1"/><net_sink comp="2870" pin=0"/></net>

<net id="3058"><net_src comp="3053" pin="1"/><net_sink comp="2875" pin=1"/></net>

<net id="3062"><net_src comp="84" pin="2"/><net_sink comp="3059" pin=0"/></net>

<net id="3063"><net_src comp="3059" pin="1"/><net_sink comp="2789" pin=0"/></net>

<net id="3064"><net_src comp="3059" pin="1"/><net_sink comp="2794" pin=1"/></net>

<net id="3068"><net_src comp="90" pin="2"/><net_sink comp="3065" pin=0"/></net>

<net id="3069"><net_src comp="3065" pin="1"/><net_sink comp="2708" pin=0"/></net>

<net id="3070"><net_src comp="3065" pin="1"/><net_sink comp="2713" pin=1"/></net>

<net id="3074"><net_src comp="96" pin="2"/><net_sink comp="3071" pin=0"/></net>

<net id="3075"><net_src comp="3071" pin="1"/><net_sink comp="2627" pin=0"/></net>

<net id="3076"><net_src comp="3071" pin="1"/><net_sink comp="2632" pin=1"/></net>

<net id="3080"><net_src comp="102" pin="2"/><net_sink comp="3077" pin=0"/></net>

<net id="3081"><net_src comp="3077" pin="1"/><net_sink comp="2546" pin=0"/></net>

<net id="3082"><net_src comp="3077" pin="1"/><net_sink comp="2551" pin=1"/></net>

<net id="3086"><net_src comp="108" pin="2"/><net_sink comp="3083" pin=0"/></net>

<net id="3087"><net_src comp="3083" pin="1"/><net_sink comp="2465" pin=0"/></net>

<net id="3088"><net_src comp="3083" pin="1"/><net_sink comp="2470" pin=1"/></net>

<net id="3092"><net_src comp="114" pin="2"/><net_sink comp="3089" pin=0"/></net>

<net id="3093"><net_src comp="3089" pin="1"/><net_sink comp="2384" pin=0"/></net>

<net id="3094"><net_src comp="3089" pin="1"/><net_sink comp="2389" pin=1"/></net>

<net id="3098"><net_src comp="120" pin="2"/><net_sink comp="3095" pin=0"/></net>

<net id="3099"><net_src comp="3095" pin="1"/><net_sink comp="2303" pin=0"/></net>

<net id="3100"><net_src comp="3095" pin="1"/><net_sink comp="2308" pin=1"/></net>

<net id="3104"><net_src comp="126" pin="2"/><net_sink comp="3101" pin=0"/></net>

<net id="3105"><net_src comp="3101" pin="1"/><net_sink comp="2222" pin=0"/></net>

<net id="3106"><net_src comp="3101" pin="1"/><net_sink comp="2227" pin=1"/></net>

<net id="3110"><net_src comp="132" pin="2"/><net_sink comp="3107" pin=0"/></net>

<net id="3111"><net_src comp="3107" pin="1"/><net_sink comp="2141" pin=0"/></net>

<net id="3112"><net_src comp="3107" pin="1"/><net_sink comp="2146" pin=1"/></net>

<net id="3116"><net_src comp="138" pin="2"/><net_sink comp="3113" pin=0"/></net>

<net id="3117"><net_src comp="3113" pin="1"/><net_sink comp="2060" pin=0"/></net>

<net id="3118"><net_src comp="3113" pin="1"/><net_sink comp="2065" pin=1"/></net>

<net id="3122"><net_src comp="144" pin="2"/><net_sink comp="3119" pin=0"/></net>

<net id="3123"><net_src comp="3119" pin="1"/><net_sink comp="1979" pin=0"/></net>

<net id="3124"><net_src comp="3119" pin="1"/><net_sink comp="1984" pin=1"/></net>

<net id="3128"><net_src comp="150" pin="2"/><net_sink comp="3125" pin=0"/></net>

<net id="3129"><net_src comp="3125" pin="1"/><net_sink comp="1898" pin=0"/></net>

<net id="3130"><net_src comp="3125" pin="1"/><net_sink comp="1903" pin=1"/></net>

<net id="3134"><net_src comp="156" pin="2"/><net_sink comp="3131" pin=0"/></net>

<net id="3135"><net_src comp="3131" pin="1"/><net_sink comp="1817" pin=0"/></net>

<net id="3136"><net_src comp="3131" pin="1"/><net_sink comp="1822" pin=1"/></net>

<net id="3140"><net_src comp="162" pin="2"/><net_sink comp="3137" pin=0"/></net>

<net id="3141"><net_src comp="3137" pin="1"/><net_sink comp="1736" pin=0"/></net>

<net id="3142"><net_src comp="3137" pin="1"/><net_sink comp="1741" pin=1"/></net>

<net id="3146"><net_src comp="168" pin="2"/><net_sink comp="3143" pin=0"/></net>

<net id="3147"><net_src comp="3143" pin="1"/><net_sink comp="1655" pin=0"/></net>

<net id="3148"><net_src comp="3143" pin="1"/><net_sink comp="1660" pin=1"/></net>

<net id="3152"><net_src comp="174" pin="2"/><net_sink comp="3149" pin=0"/></net>

<net id="3153"><net_src comp="3149" pin="1"/><net_sink comp="1574" pin=0"/></net>

<net id="3154"><net_src comp="3149" pin="1"/><net_sink comp="1579" pin=1"/></net>

<net id="3158"><net_src comp="180" pin="3"/><net_sink comp="3155" pin=0"/></net>

<net id="3159"><net_src comp="3155" pin="1"/><net_sink comp="1610" pin=1"/></net>

<net id="3160"><net_src comp="3155" pin="1"/><net_sink comp="1621" pin=0"/></net>

<net id="3161"><net_src comp="3155" pin="1"/><net_sink comp="1626" pin=0"/></net>

<net id="3165"><net_src comp="240" pin="2"/><net_sink comp="3162" pin=0"/></net>

<net id="3166"><net_src comp="3162" pin="1"/><net_sink comp="1586" pin=1"/></net>

<net id="3167"><net_src comp="3162" pin="1"/><net_sink comp="1626" pin=2"/></net>

<net id="3168"><net_src comp="3162" pin="1"/><net_sink comp="1640" pin=2"/></net>

<net id="3172"><net_src comp="256" pin="2"/><net_sink comp="3169" pin=0"/></net>

<net id="3173"><net_src comp="3169" pin="1"/><net_sink comp="1605" pin=0"/></net>

<net id="3177"><net_src comp="262" pin="3"/><net_sink comp="3174" pin=0"/></net>

<net id="3178"><net_src comp="3174" pin="1"/><net_sink comp="1691" pin=1"/></net>

<net id="3179"><net_src comp="3174" pin="1"/><net_sink comp="1702" pin=0"/></net>

<net id="3180"><net_src comp="3174" pin="1"/><net_sink comp="1707" pin=0"/></net>

<net id="3184"><net_src comp="322" pin="2"/><net_sink comp="3181" pin=0"/></net>

<net id="3185"><net_src comp="3181" pin="1"/><net_sink comp="1667" pin=1"/></net>

<net id="3186"><net_src comp="3181" pin="1"/><net_sink comp="1707" pin=2"/></net>

<net id="3187"><net_src comp="3181" pin="1"/><net_sink comp="1721" pin=2"/></net>

<net id="3191"><net_src comp="338" pin="2"/><net_sink comp="3188" pin=0"/></net>

<net id="3192"><net_src comp="3188" pin="1"/><net_sink comp="1686" pin=0"/></net>

<net id="3196"><net_src comp="344" pin="3"/><net_sink comp="3193" pin=0"/></net>

<net id="3197"><net_src comp="3193" pin="1"/><net_sink comp="1772" pin=1"/></net>

<net id="3198"><net_src comp="3193" pin="1"/><net_sink comp="1783" pin=0"/></net>

<net id="3199"><net_src comp="3193" pin="1"/><net_sink comp="1788" pin=0"/></net>

<net id="3203"><net_src comp="404" pin="2"/><net_sink comp="3200" pin=0"/></net>

<net id="3204"><net_src comp="3200" pin="1"/><net_sink comp="1748" pin=1"/></net>

<net id="3205"><net_src comp="3200" pin="1"/><net_sink comp="1788" pin=2"/></net>

<net id="3206"><net_src comp="3200" pin="1"/><net_sink comp="1802" pin=2"/></net>

<net id="3210"><net_src comp="420" pin="2"/><net_sink comp="3207" pin=0"/></net>

<net id="3211"><net_src comp="3207" pin="1"/><net_sink comp="1767" pin=0"/></net>

<net id="3215"><net_src comp="426" pin="3"/><net_sink comp="3212" pin=0"/></net>

<net id="3216"><net_src comp="3212" pin="1"/><net_sink comp="1853" pin=1"/></net>

<net id="3217"><net_src comp="3212" pin="1"/><net_sink comp="1864" pin=0"/></net>

<net id="3218"><net_src comp="3212" pin="1"/><net_sink comp="1869" pin=0"/></net>

<net id="3222"><net_src comp="486" pin="2"/><net_sink comp="3219" pin=0"/></net>

<net id="3223"><net_src comp="3219" pin="1"/><net_sink comp="1829" pin=1"/></net>

<net id="3224"><net_src comp="3219" pin="1"/><net_sink comp="1869" pin=2"/></net>

<net id="3225"><net_src comp="3219" pin="1"/><net_sink comp="1883" pin=2"/></net>

<net id="3229"><net_src comp="502" pin="2"/><net_sink comp="3226" pin=0"/></net>

<net id="3230"><net_src comp="3226" pin="1"/><net_sink comp="1848" pin=0"/></net>

<net id="3234"><net_src comp="508" pin="3"/><net_sink comp="3231" pin=0"/></net>

<net id="3235"><net_src comp="3231" pin="1"/><net_sink comp="1934" pin=1"/></net>

<net id="3236"><net_src comp="3231" pin="1"/><net_sink comp="1945" pin=0"/></net>

<net id="3237"><net_src comp="3231" pin="1"/><net_sink comp="1950" pin=0"/></net>

<net id="3241"><net_src comp="568" pin="2"/><net_sink comp="3238" pin=0"/></net>

<net id="3242"><net_src comp="3238" pin="1"/><net_sink comp="1910" pin=1"/></net>

<net id="3243"><net_src comp="3238" pin="1"/><net_sink comp="1950" pin=2"/></net>

<net id="3244"><net_src comp="3238" pin="1"/><net_sink comp="1964" pin=2"/></net>

<net id="3248"><net_src comp="584" pin="2"/><net_sink comp="3245" pin=0"/></net>

<net id="3249"><net_src comp="3245" pin="1"/><net_sink comp="1929" pin=0"/></net>

<net id="3253"><net_src comp="590" pin="3"/><net_sink comp="3250" pin=0"/></net>

<net id="3254"><net_src comp="3250" pin="1"/><net_sink comp="2015" pin=1"/></net>

<net id="3255"><net_src comp="3250" pin="1"/><net_sink comp="2026" pin=0"/></net>

<net id="3256"><net_src comp="3250" pin="1"/><net_sink comp="2031" pin=0"/></net>

<net id="3260"><net_src comp="650" pin="2"/><net_sink comp="3257" pin=0"/></net>

<net id="3261"><net_src comp="3257" pin="1"/><net_sink comp="1991" pin=1"/></net>

<net id="3262"><net_src comp="3257" pin="1"/><net_sink comp="2031" pin=2"/></net>

<net id="3263"><net_src comp="3257" pin="1"/><net_sink comp="2045" pin=2"/></net>

<net id="3267"><net_src comp="666" pin="2"/><net_sink comp="3264" pin=0"/></net>

<net id="3268"><net_src comp="3264" pin="1"/><net_sink comp="2010" pin=0"/></net>

<net id="3272"><net_src comp="672" pin="3"/><net_sink comp="3269" pin=0"/></net>

<net id="3273"><net_src comp="3269" pin="1"/><net_sink comp="2096" pin=1"/></net>

<net id="3274"><net_src comp="3269" pin="1"/><net_sink comp="2107" pin=0"/></net>

<net id="3275"><net_src comp="3269" pin="1"/><net_sink comp="2112" pin=0"/></net>

<net id="3279"><net_src comp="732" pin="2"/><net_sink comp="3276" pin=0"/></net>

<net id="3280"><net_src comp="3276" pin="1"/><net_sink comp="2072" pin=1"/></net>

<net id="3281"><net_src comp="3276" pin="1"/><net_sink comp="2112" pin=2"/></net>

<net id="3282"><net_src comp="3276" pin="1"/><net_sink comp="2126" pin=2"/></net>

<net id="3286"><net_src comp="748" pin="2"/><net_sink comp="3283" pin=0"/></net>

<net id="3287"><net_src comp="3283" pin="1"/><net_sink comp="2091" pin=0"/></net>

<net id="3291"><net_src comp="754" pin="3"/><net_sink comp="3288" pin=0"/></net>

<net id="3292"><net_src comp="3288" pin="1"/><net_sink comp="2177" pin=1"/></net>

<net id="3293"><net_src comp="3288" pin="1"/><net_sink comp="2188" pin=0"/></net>

<net id="3294"><net_src comp="3288" pin="1"/><net_sink comp="2193" pin=0"/></net>

<net id="3298"><net_src comp="814" pin="2"/><net_sink comp="3295" pin=0"/></net>

<net id="3299"><net_src comp="3295" pin="1"/><net_sink comp="2153" pin=1"/></net>

<net id="3300"><net_src comp="3295" pin="1"/><net_sink comp="2193" pin=2"/></net>

<net id="3301"><net_src comp="3295" pin="1"/><net_sink comp="2207" pin=2"/></net>

<net id="3305"><net_src comp="830" pin="2"/><net_sink comp="3302" pin=0"/></net>

<net id="3306"><net_src comp="3302" pin="1"/><net_sink comp="2172" pin=0"/></net>

<net id="3310"><net_src comp="836" pin="3"/><net_sink comp="3307" pin=0"/></net>

<net id="3311"><net_src comp="3307" pin="1"/><net_sink comp="2258" pin=1"/></net>

<net id="3312"><net_src comp="3307" pin="1"/><net_sink comp="2269" pin=0"/></net>

<net id="3313"><net_src comp="3307" pin="1"/><net_sink comp="2274" pin=0"/></net>

<net id="3317"><net_src comp="896" pin="2"/><net_sink comp="3314" pin=0"/></net>

<net id="3318"><net_src comp="3314" pin="1"/><net_sink comp="2234" pin=1"/></net>

<net id="3319"><net_src comp="3314" pin="1"/><net_sink comp="2274" pin=2"/></net>

<net id="3320"><net_src comp="3314" pin="1"/><net_sink comp="2288" pin=2"/></net>

<net id="3324"><net_src comp="912" pin="2"/><net_sink comp="3321" pin=0"/></net>

<net id="3325"><net_src comp="3321" pin="1"/><net_sink comp="2253" pin=0"/></net>

<net id="3329"><net_src comp="918" pin="3"/><net_sink comp="3326" pin=0"/></net>

<net id="3330"><net_src comp="3326" pin="1"/><net_sink comp="2339" pin=1"/></net>

<net id="3331"><net_src comp="3326" pin="1"/><net_sink comp="2350" pin=0"/></net>

<net id="3332"><net_src comp="3326" pin="1"/><net_sink comp="2355" pin=0"/></net>

<net id="3336"><net_src comp="978" pin="2"/><net_sink comp="3333" pin=0"/></net>

<net id="3337"><net_src comp="3333" pin="1"/><net_sink comp="2315" pin=1"/></net>

<net id="3338"><net_src comp="3333" pin="1"/><net_sink comp="2355" pin=2"/></net>

<net id="3339"><net_src comp="3333" pin="1"/><net_sink comp="2369" pin=2"/></net>

<net id="3343"><net_src comp="994" pin="2"/><net_sink comp="3340" pin=0"/></net>

<net id="3344"><net_src comp="3340" pin="1"/><net_sink comp="2334" pin=0"/></net>

<net id="3348"><net_src comp="1000" pin="3"/><net_sink comp="3345" pin=0"/></net>

<net id="3349"><net_src comp="3345" pin="1"/><net_sink comp="2420" pin=1"/></net>

<net id="3350"><net_src comp="3345" pin="1"/><net_sink comp="2431" pin=0"/></net>

<net id="3351"><net_src comp="3345" pin="1"/><net_sink comp="2436" pin=0"/></net>

<net id="3355"><net_src comp="1060" pin="2"/><net_sink comp="3352" pin=0"/></net>

<net id="3356"><net_src comp="3352" pin="1"/><net_sink comp="2396" pin=1"/></net>

<net id="3357"><net_src comp="3352" pin="1"/><net_sink comp="2436" pin=2"/></net>

<net id="3358"><net_src comp="3352" pin="1"/><net_sink comp="2450" pin=2"/></net>

<net id="3362"><net_src comp="1076" pin="2"/><net_sink comp="3359" pin=0"/></net>

<net id="3363"><net_src comp="3359" pin="1"/><net_sink comp="2415" pin=0"/></net>

<net id="3367"><net_src comp="1082" pin="3"/><net_sink comp="3364" pin=0"/></net>

<net id="3368"><net_src comp="3364" pin="1"/><net_sink comp="2501" pin=1"/></net>

<net id="3369"><net_src comp="3364" pin="1"/><net_sink comp="2512" pin=0"/></net>

<net id="3370"><net_src comp="3364" pin="1"/><net_sink comp="2517" pin=0"/></net>

<net id="3374"><net_src comp="1142" pin="2"/><net_sink comp="3371" pin=0"/></net>

<net id="3375"><net_src comp="3371" pin="1"/><net_sink comp="2477" pin=1"/></net>

<net id="3376"><net_src comp="3371" pin="1"/><net_sink comp="2517" pin=2"/></net>

<net id="3377"><net_src comp="3371" pin="1"/><net_sink comp="2531" pin=2"/></net>

<net id="3381"><net_src comp="1158" pin="2"/><net_sink comp="3378" pin=0"/></net>

<net id="3382"><net_src comp="3378" pin="1"/><net_sink comp="2496" pin=0"/></net>

<net id="3386"><net_src comp="1164" pin="3"/><net_sink comp="3383" pin=0"/></net>

<net id="3387"><net_src comp="3383" pin="1"/><net_sink comp="2582" pin=1"/></net>

<net id="3388"><net_src comp="3383" pin="1"/><net_sink comp="2593" pin=0"/></net>

<net id="3389"><net_src comp="3383" pin="1"/><net_sink comp="2598" pin=0"/></net>

<net id="3393"><net_src comp="1224" pin="2"/><net_sink comp="3390" pin=0"/></net>

<net id="3394"><net_src comp="3390" pin="1"/><net_sink comp="2558" pin=1"/></net>

<net id="3395"><net_src comp="3390" pin="1"/><net_sink comp="2598" pin=2"/></net>

<net id="3396"><net_src comp="3390" pin="1"/><net_sink comp="2612" pin=2"/></net>

<net id="3400"><net_src comp="1240" pin="2"/><net_sink comp="3397" pin=0"/></net>

<net id="3401"><net_src comp="3397" pin="1"/><net_sink comp="2577" pin=0"/></net>

<net id="3405"><net_src comp="1246" pin="3"/><net_sink comp="3402" pin=0"/></net>

<net id="3406"><net_src comp="3402" pin="1"/><net_sink comp="2663" pin=1"/></net>

<net id="3407"><net_src comp="3402" pin="1"/><net_sink comp="2674" pin=0"/></net>

<net id="3408"><net_src comp="3402" pin="1"/><net_sink comp="2679" pin=0"/></net>

<net id="3412"><net_src comp="1306" pin="2"/><net_sink comp="3409" pin=0"/></net>

<net id="3413"><net_src comp="3409" pin="1"/><net_sink comp="2639" pin=1"/></net>

<net id="3414"><net_src comp="3409" pin="1"/><net_sink comp="2679" pin=2"/></net>

<net id="3415"><net_src comp="3409" pin="1"/><net_sink comp="2693" pin=2"/></net>

<net id="3419"><net_src comp="1322" pin="2"/><net_sink comp="3416" pin=0"/></net>

<net id="3420"><net_src comp="3416" pin="1"/><net_sink comp="2658" pin=0"/></net>

<net id="3424"><net_src comp="1328" pin="3"/><net_sink comp="3421" pin=0"/></net>

<net id="3425"><net_src comp="3421" pin="1"/><net_sink comp="2744" pin=1"/></net>

<net id="3426"><net_src comp="3421" pin="1"/><net_sink comp="2755" pin=0"/></net>

<net id="3427"><net_src comp="3421" pin="1"/><net_sink comp="2760" pin=0"/></net>

<net id="3431"><net_src comp="1388" pin="2"/><net_sink comp="3428" pin=0"/></net>

<net id="3432"><net_src comp="3428" pin="1"/><net_sink comp="2720" pin=1"/></net>

<net id="3433"><net_src comp="3428" pin="1"/><net_sink comp="2760" pin=2"/></net>

<net id="3434"><net_src comp="3428" pin="1"/><net_sink comp="2774" pin=2"/></net>

<net id="3438"><net_src comp="1404" pin="2"/><net_sink comp="3435" pin=0"/></net>

<net id="3439"><net_src comp="3435" pin="1"/><net_sink comp="2739" pin=0"/></net>

<net id="3443"><net_src comp="1410" pin="3"/><net_sink comp="3440" pin=0"/></net>

<net id="3444"><net_src comp="3440" pin="1"/><net_sink comp="2825" pin=1"/></net>

<net id="3445"><net_src comp="3440" pin="1"/><net_sink comp="2836" pin=0"/></net>

<net id="3446"><net_src comp="3440" pin="1"/><net_sink comp="2841" pin=0"/></net>

<net id="3450"><net_src comp="1470" pin="2"/><net_sink comp="3447" pin=0"/></net>

<net id="3451"><net_src comp="3447" pin="1"/><net_sink comp="2801" pin=1"/></net>

<net id="3452"><net_src comp="3447" pin="1"/><net_sink comp="2841" pin=2"/></net>

<net id="3453"><net_src comp="3447" pin="1"/><net_sink comp="2855" pin=2"/></net>

<net id="3457"><net_src comp="1486" pin="2"/><net_sink comp="3454" pin=0"/></net>

<net id="3458"><net_src comp="3454" pin="1"/><net_sink comp="2820" pin=0"/></net>

<net id="3462"><net_src comp="1492" pin="3"/><net_sink comp="3459" pin=0"/></net>

<net id="3463"><net_src comp="3459" pin="1"/><net_sink comp="2906" pin=1"/></net>

<net id="3464"><net_src comp="3459" pin="1"/><net_sink comp="2917" pin=0"/></net>

<net id="3465"><net_src comp="3459" pin="1"/><net_sink comp="2922" pin=0"/></net>

<net id="3469"><net_src comp="1552" pin="2"/><net_sink comp="3466" pin=0"/></net>

<net id="3470"><net_src comp="3466" pin="1"/><net_sink comp="2882" pin=1"/></net>

<net id="3471"><net_src comp="3466" pin="1"/><net_sink comp="2922" pin=2"/></net>

<net id="3472"><net_src comp="3466" pin="1"/><net_sink comp="2936" pin=2"/></net>

<net id="3476"><net_src comp="1568" pin="2"/><net_sink comp="3473" pin=0"/></net>

<net id="3477"><net_src comp="3473" pin="1"/><net_sink comp="2901" pin=0"/></net>

</net_list>

</model> 
---------------- Datapath Model END ------------------

* FSMD analyzer results:
  - Output states:
 - Input state : 
	Port: relu<ap_fixed<16, 6, 5, 3, 0>, ap_ufixed<2, 0, 4, 0, 0>, relu_config6> : data_0_val | {1 }
	Port: relu<ap_fixed<16, 6, 5, 3, 0>, ap_ufixed<2, 0, 4, 0, 0>, relu_config6> : data_1_val | {1 }
	Port: relu<ap_fixed<16, 6, 5, 3, 0>, ap_ufixed<2, 0, 4, 0, 0>, relu_config6> : data_2_val | {1 }
	Port: relu<ap_fixed<16, 6, 5, 3, 0>, ap_ufixed<2, 0, 4, 0, 0>, relu_config6> : data_3_val | {1 }
	Port: relu<ap_fixed<16, 6, 5, 3, 0>, ap_ufixed<2, 0, 4, 0, 0>, relu_config6> : data_4_val | {1 }
	Port: relu<ap_fixed<16, 6, 5, 3, 0>, ap_ufixed<2, 0, 4, 0, 0>, relu_config6> : data_5_val | {1 }
	Port: relu<ap_fixed<16, 6, 5, 3, 0>, ap_ufixed<2, 0, 4, 0, 0>, relu_config6> : data_6_val | {1 }
	Port: relu<ap_fixed<16, 6, 5, 3, 0>, ap_ufixed<2, 0, 4, 0, 0>, relu_config6> : data_7_val | {1 }
	Port: relu<ap_fixed<16, 6, 5, 3, 0>, ap_ufixed<2, 0, 4, 0, 0>, relu_config6> : data_8_val | {1 }
	Port: relu<ap_fixed<16, 6, 5, 3, 0>, ap_ufixed<2, 0, 4, 0, 0>, relu_config6> : data_9_val | {1 }
	Port: relu<ap_fixed<16, 6, 5, 3, 0>, ap_ufixed<2, 0, 4, 0, 0>, relu_config6> : data_10_val | {1 }
	Port: relu<ap_fixed<16, 6, 5, 3, 0>, ap_ufixed<2, 0, 4, 0, 0>, relu_config6> : data_11_val | {1 }
	Port: relu<ap_fixed<16, 6, 5, 3, 0>, ap_ufixed<2, 0, 4, 0, 0>, relu_config6> : data_12_val | {1 }
	Port: relu<ap_fixed<16, 6, 5, 3, 0>, ap_ufixed<2, 0, 4, 0, 0>, relu_config6> : data_13_val | {1 }
	Port: relu<ap_fixed<16, 6, 5, 3, 0>, ap_ufixed<2, 0, 4, 0, 0>, relu_config6> : data_14_val | {1 }
	Port: relu<ap_fixed<16, 6, 5, 3, 0>, ap_ufixed<2, 0, 4, 0, 0>, relu_config6> : data_15_val | {1 }
	Port: relu<ap_fixed<16, 6, 5, 3, 0>, ap_ufixed<2, 0, 4, 0, 0>, relu_config6> : data_16_val | {1 }
  - Chain level:
	State 1
		icmp_ln46 : 1
		or_ln46 : 2
		and_ln46 : 2
		zext_ln46 : 2
		add_ln46 : 3
		icmp_ln46_40 : 1
		icmp_ln46_41 : 1
		or_ln46_62 : 2
		and_ln46_39 : 2
		zext_ln46_20 : 2
		add_ln46_20 : 3
		icmp_ln46_42 : 1
		icmp_ln46_43 : 1
		or_ln46_65 : 2
		and_ln46_41 : 2
		zext_ln46_21 : 2
		add_ln46_21 : 3
		icmp_ln46_44 : 1
		icmp_ln46_45 : 1
		or_ln46_68 : 2
		and_ln46_43 : 2
		zext_ln46_22 : 2
		add_ln46_22 : 3
		icmp_ln46_46 : 1
		icmp_ln46_47 : 1
		or_ln46_71 : 2
		and_ln46_45 : 2
		zext_ln46_23 : 2
		add_ln46_23 : 3
		icmp_ln46_48 : 1
		icmp_ln46_49 : 1
		or_ln46_74 : 2
		and_ln46_47 : 2
		zext_ln46_24 : 2
		add_ln46_24 : 3
		icmp_ln46_50 : 1
		icmp_ln46_51 : 1
		or_ln46_77 : 2
		and_ln46_49 : 2
		zext_ln46_25 : 2
		add_ln46_25 : 3
		icmp_ln46_52 : 1
		icmp_ln46_53 : 1
		or_ln46_80 : 2
		and_ln46_51 : 2
		zext_ln46_26 : 2
		add_ln46_26 : 3
		icmp_ln46_54 : 1
		icmp_ln46_55 : 1
		or_ln46_83 : 2
		and_ln46_53 : 2
		zext_ln46_27 : 2
		add_ln46_27 : 3
		icmp_ln46_56 : 1
		icmp_ln46_57 : 1
		or_ln46_86 : 2
		and_ln46_55 : 2
		zext_ln46_28 : 2
		add_ln46_28 : 3
		icmp_ln46_58 : 1
		icmp_ln46_59 : 1
		or_ln46_89 : 2
		and_ln46_57 : 2
		zext_ln46_29 : 2
		add_ln46_29 : 3
		icmp_ln46_60 : 1
		icmp_ln46_61 : 1
		or_ln46_92 : 2
		and_ln46_59 : 2
		zext_ln46_30 : 2
		add_ln46_30 : 3
		icmp_ln46_62 : 1
		icmp_ln46_63 : 1
		or_ln46_95 : 2
		and_ln46_61 : 2
		zext_ln46_31 : 2
		add_ln46_31 : 3
		icmp_ln46_64 : 1
		icmp_ln46_65 : 1
		or_ln46_98 : 2
		and_ln46_63 : 2
		zext_ln46_32 : 2
		add_ln46_32 : 3
		icmp_ln46_66 : 1
		icmp_ln46_67 : 1
		or_ln46_101 : 2
		and_ln46_65 : 2
		zext_ln46_33 : 2
		add_ln46_33 : 3
		icmp_ln46_68 : 1
		icmp_ln46_69 : 1
		or_ln46_104 : 2
		and_ln46_67 : 2
		zext_ln46_34 : 2
		add_ln46_34 : 3
		icmp_ln46_70 : 1
		icmp_ln46_71 : 1
		or_ln46_107 : 2
		and_ln46_69 : 2
		zext_ln46_35 : 2
		add_ln46_35 : 3
		icmp_ln46_72 : 1
	State 2
		not_tmp_140 : 1
		and_ln46_40 : 1
		empty : 1
		or_ln46_60 : 1
		xor_ln46 : 1
		or_ln46_61 : 1
		select_ln46_60 : 1
		select_ln46_61 : 1
		res_0_0 : 2
		not_tmp_147 : 1
		and_ln46_42 : 1
		empty_30 : 1
		or_ln46_63 : 1
		xor_ln46_20 : 1
		or_ln46_64 : 1
		select_ln46_63 : 1
		select_ln46_64 : 1
		res_1_0 : 2
		not_tmp_154 : 1
		and_ln46_44 : 1
		empty_31 : 1
		or_ln46_66 : 1
		xor_ln46_21 : 1
		or_ln46_67 : 1
		select_ln46_66 : 1
		select_ln46_67 : 1
		res_2_0 : 2
		not_tmp_161 : 1
		and_ln46_46 : 1
		empty_32 : 1
		or_ln46_69 : 1
		xor_ln46_22 : 1
		or_ln46_70 : 1
		select_ln46_69 : 1
		select_ln46_70 : 1
		res_3_0 : 2
		not_tmp_168 : 1
		and_ln46_48 : 1
		empty_33 : 1
		or_ln46_72 : 1
		xor_ln46_23 : 1
		or_ln46_73 : 1
		select_ln46_72 : 1
		select_ln46_73 : 1
		res_4_0 : 2
		not_tmp_175 : 1
		and_ln46_50 : 1
		empty_34 : 1
		or_ln46_75 : 1
		xor_ln46_24 : 1
		or_ln46_76 : 1
		select_ln46_75 : 1
		select_ln46_76 : 1
		res_5_0 : 2
		not_tmp_182 : 1
		and_ln46_52 : 1
		empty_35 : 1
		or_ln46_78 : 1
		xor_ln46_25 : 1
		or_ln46_79 : 1
		select_ln46_78 : 1
		select_ln46_79 : 1
		res_6_0 : 2
		not_tmp_189 : 1
		and_ln46_54 : 1
		empty_36 : 1
		or_ln46_81 : 1
		xor_ln46_26 : 1
		or_ln46_82 : 1
		select_ln46_81 : 1
		select_ln46_82 : 1
		res_7_0 : 2
		not_tmp_196 : 1
		and_ln46_56 : 1
		empty_37 : 1
		or_ln46_84 : 1
		xor_ln46_27 : 1
		or_ln46_85 : 1
		select_ln46_84 : 1
		select_ln46_85 : 1
		res_8_0 : 2
		not_tmp_203 : 1
		and_ln46_58 : 1
		empty_38 : 1
		or_ln46_87 : 1
		xor_ln46_28 : 1
		or_ln46_88 : 1
		select_ln46_87 : 1
		select_ln46_88 : 1
		res_9_0 : 2
		not_tmp_210 : 1
		and_ln46_60 : 1
		empty_39 : 1
		or_ln46_90 : 1
		xor_ln46_29 : 1
		or_ln46_91 : 1
		select_ln46_90 : 1
		select_ln46_91 : 1
		res_10_0 : 2
		not_tmp_217 : 1
		and_ln46_62 : 1
		empty_40 : 1
		or_ln46_93 : 1
		xor_ln46_30 : 1
		or_ln46_94 : 1
		select_ln46_93 : 1
		select_ln46_94 : 1
		res_11_0 : 2
		not_tmp_224 : 1
		and_ln46_64 : 1
		empty_41 : 1
		or_ln46_96 : 1
		xor_ln46_31 : 1
		or_ln46_97 : 1
		select_ln46_96 : 1
		select_ln46_97 : 1
		res_12_0 : 2
		not_tmp_231 : 1
		and_ln46_66 : 1
		empty_42 : 1
		or_ln46_99 : 1
		xor_ln46_32 : 1
		or_ln46_100 : 1
		select_ln46_99 : 1
		select_ln46_100 : 1
		res_13_0 : 2
		not_tmp_238 : 1
		and_ln46_68 : 1
		empty_43 : 1
		or_ln46_102 : 1
		xor_ln46_33 : 1
		or_ln46_103 : 1
		select_ln46_102 : 1
		select_ln46_103 : 1
		res_1445_0 : 2
		not_tmp_245 : 1
		and_ln46_70 : 1
		empty_44 : 1
		or_ln46_105 : 1
		xor_ln46_34 : 1
		or_ln46_106 : 1
		select_ln46_105 : 1
		select_ln46_106 : 1
		res_15_0 : 2
		not_tmp_252 : 1
		and_ln46_72 : 1
		empty_45 : 1
		or_ln46_108 : 1
		xor_ln46_35 : 1
		or_ln46_109 : 1
		select_ln46_108 : 1
		select_ln46_109 : 1
		res_16_0 : 2
		mrv : 3
		mrv_1 : 4
		mrv_2 : 5
		mrv_3 : 6
		mrv_4 : 7
		mrv_5 : 8
		mrv_6 : 9
		mrv_7 : 10
		mrv_8 : 11
		mrv_9 : 12
		mrv_10 : 13
		mrv_11 : 14
		mrv_12 : 15
		mrv_13 : 16
		mrv_14 : 17
		mrv_15 : 18
		mrv_16 : 19
		ret_ln50 : 20


============================================================
+ Verbose Summary: Datapath Resource usage 
============================================================

* Functional unit list:
|----------|------------------------------|---------|---------|
| Operation|        Functional Unit       |    FF   |   LUT   |
|----------|------------------------------|---------|---------|
|          |       icmp_ln46_fu_210       |    0    |    14   |
|          |      icmp_ln46_40_fu_256     |    0    |    14   |
|          |      icmp_ln46_41_fu_292     |    0    |    14   |
|          |      icmp_ln46_42_fu_338     |    0    |    14   |
|          |      icmp_ln46_43_fu_374     |    0    |    14   |
|          |      icmp_ln46_44_fu_420     |    0    |    14   |
|          |      icmp_ln46_45_fu_456     |    0    |    14   |
|          |      icmp_ln46_46_fu_502     |    0    |    14   |
|          |      icmp_ln46_47_fu_538     |    0    |    14   |
|          |      icmp_ln46_48_fu_584     |    0    |    14   |
|          |      icmp_ln46_49_fu_620     |    0    |    14   |
|          |      icmp_ln46_50_fu_666     |    0    |    14   |
|          |      icmp_ln46_51_fu_702     |    0    |    14   |
|          |      icmp_ln46_52_fu_748     |    0    |    14   |
|          |      icmp_ln46_53_fu_784     |    0    |    14   |
|          |      icmp_ln46_54_fu_830     |    0    |    14   |
|          |      icmp_ln46_55_fu_866     |    0    |    14   |
|          |      icmp_ln46_56_fu_912     |    0    |    14   |
|          |      icmp_ln46_57_fu_948     |    0    |    14   |
|          |      icmp_ln46_58_fu_994     |    0    |    14   |
|          |     icmp_ln46_59_fu_1030     |    0    |    14   |
|          |     icmp_ln46_60_fu_1076     |    0    |    14   |
|          |     icmp_ln46_61_fu_1112     |    0    |    14   |
|          |     icmp_ln46_62_fu_1158     |    0    |    14   |
|          |     icmp_ln46_63_fu_1194     |    0    |    14   |
|   icmp   |     icmp_ln46_64_fu_1240     |    0    |    14   |
|          |     icmp_ln46_65_fu_1276     |    0    |    14   |
|          |     icmp_ln46_66_fu_1322     |    0    |    14   |
|          |     icmp_ln46_67_fu_1358     |    0    |    14   |
|          |     icmp_ln46_68_fu_1404     |    0    |    14   |
|          |     icmp_ln46_69_fu_1440     |    0    |    14   |
|          |     icmp_ln46_70_fu_1486     |    0    |    14   |
|          |     icmp_ln46_71_fu_1522     |    0    |    14   |
|          |     icmp_ln46_72_fu_1568     |    0    |    14   |
|          |       icmp_ln45_fu_1574      |    0    |    23   |
|          |     icmp_ln45_20_fu_1655     |    0    |    23   |
|          |     icmp_ln45_21_fu_1736     |    0    |    23   |
|          |     icmp_ln45_22_fu_1817     |    0    |    23   |
|          |     icmp_ln45_23_fu_1898     |    0    |    23   |
|          |     icmp_ln45_24_fu_1979     |    0    |    23   |
|          |     icmp_ln45_25_fu_2060     |    0    |    23   |
|          |     icmp_ln45_26_fu_2141     |    0    |    23   |
|          |     icmp_ln45_27_fu_2222     |    0    |    23   |
|          |     icmp_ln45_28_fu_2303     |    0    |    23   |
|          |     icmp_ln45_29_fu_2384     |    0    |    23   |
|          |     icmp_ln45_30_fu_2465     |    0    |    23   |
|          |     icmp_ln45_31_fu_2546     |    0    |    23   |
|          |     icmp_ln45_32_fu_2627     |    0    |    23   |
|          |     icmp_ln45_33_fu_2708     |    0    |    23   |
|          |     icmp_ln45_34_fu_2789     |    0    |    23   |
|          |     icmp_ln45_35_fu_2870     |    0    |    23   |
|----------|------------------------------|---------|---------|
|          |        add_ln46_fu_240       |    0    |    10   |
|          |      add_ln46_20_fu_322      |    0    |    10   |
|          |      add_ln46_21_fu_404      |    0    |    10   |
|          |      add_ln46_22_fu_486      |    0    |    10   |
|          |      add_ln46_23_fu_568      |    0    |    10   |
|          |      add_ln46_24_fu_650      |    0    |    10   |
|          |      add_ln46_25_fu_732      |    0    |    10   |
|          |      add_ln46_26_fu_814      |    0    |    10   |
|    add   |      add_ln46_27_fu_896      |    0    |    10   |
|          |      add_ln46_28_fu_978      |    0    |    10   |
|          |      add_ln46_29_fu_1060     |    0    |    10   |
|          |      add_ln46_30_fu_1142     |    0    |    10   |
|          |      add_ln46_31_fu_1224     |    0    |    10   |
|          |      add_ln46_32_fu_1306     |    0    |    10   |
|          |      add_ln46_33_fu_1388     |    0    |    10   |
|          |      add_ln46_34_fu_1470     |    0    |    10   |
|          |      add_ln46_35_fu_1552     |    0    |    10   |
|----------|------------------------------|---------|---------|
|          |        or_ln46_fu_224        |    0    |    2    |
|          |       or_ln46_62_fu_306      |    0    |    2    |
|          |       or_ln46_65_fu_388      |    0    |    2    |
|          |       or_ln46_68_fu_470      |    0    |    2    |
|          |       or_ln46_71_fu_552      |    0    |    2    |
|          |       or_ln46_74_fu_634      |    0    |    2    |
|          |       or_ln46_77_fu_716      |    0    |    2    |
|          |       or_ln46_80_fu_798      |    0    |    2    |
|          |       or_ln46_83_fu_880      |    0    |    2    |
|          |       or_ln46_86_fu_962      |    0    |    2    |
|          |      or_ln46_89_fu_1044      |    0    |    2    |
|          |      or_ln46_92_fu_1126      |    0    |    2    |
|          |      or_ln46_95_fu_1208      |    0    |    2    |
|          |      or_ln46_98_fu_1290      |    0    |    2    |
|          |      or_ln46_101_fu_1372     |    0    |    2    |
|          |      or_ln46_104_fu_1454     |    0    |    2    |
|          |      or_ln46_107_fu_1536     |    0    |    2    |
|          |      and_ln46_40_fu_1599     |    0    |    2    |
|          |      or_ln46_60_fu_1610      |    0    |    2    |
|          |      or_ln46_61_fu_1621      |    0    |    2    |
|          |      and_ln46_42_fu_1680     |    0    |    2    |
|          |      or_ln46_63_fu_1691      |    0    |    2    |
|          |      or_ln46_64_fu_1702      |    0    |    2    |
|          |      and_ln46_44_fu_1761     |    0    |    2    |
|          |      or_ln46_66_fu_1772      |    0    |    2    |
|          |      or_ln46_67_fu_1783      |    0    |    2    |
|          |      and_ln46_46_fu_1842     |    0    |    2    |
|          |      or_ln46_69_fu_1853      |    0    |    2    |
|          |      or_ln46_70_fu_1864      |    0    |    2    |
|          |      and_ln46_48_fu_1923     |    0    |    2    |
|          |      or_ln46_72_fu_1934      |    0    |    2    |
|          |      or_ln46_73_fu_1945      |    0    |    2    |
|          |      and_ln46_50_fu_2004     |    0    |    2    |
|    or    |      or_ln46_75_fu_2015      |    0    |    2    |
|          |      or_ln46_76_fu_2026      |    0    |    2    |
|          |      and_ln46_52_fu_2085     |    0    |    2    |
|          |      or_ln46_78_fu_2096      |    0    |    2    |
|          |      or_ln46_79_fu_2107      |    0    |    2    |
|          |      and_ln46_54_fu_2166     |    0    |    2    |
|          |      or_ln46_81_fu_2177      |    0    |    2    |
|          |      or_ln46_82_fu_2188      |    0    |    2    |
|          |      and_ln46_56_fu_2247     |    0    |    2    |
|          |      or_ln46_84_fu_2258      |    0    |    2    |
|          |      or_ln46_85_fu_2269      |    0    |    2    |
|          |      and_ln46_58_fu_2328     |    0    |    2    |
|          |      or_ln46_87_fu_2339      |    0    |    2    |
|          |      or_ln46_88_fu_2350      |    0    |    2    |
|          |      and_ln46_60_fu_2409     |    0    |    2    |
|          |      or_ln46_90_fu_2420      |    0    |    2    |
|          |      or_ln46_91_fu_2431      |    0    |    2    |
|          |      and_ln46_62_fu_2490     |    0    |    2    |
|          |      or_ln46_93_fu_2501      |    0    |    2    |
|          |      or_ln46_94_fu_2512      |    0    |    2    |
|          |      and_ln46_64_fu_2571     |    0    |    2    |
|          |      or_ln46_96_fu_2582      |    0    |    2    |
|          |      or_ln46_97_fu_2593      |    0    |    2    |
|          |      and_ln46_66_fu_2652     |    0    |    2    |
|          |      or_ln46_99_fu_2663      |    0    |    2    |
|          |      or_ln46_100_fu_2674     |    0    |    2    |
|          |      and_ln46_68_fu_2733     |    0    |    2    |
|          |      or_ln46_102_fu_2744     |    0    |    2    |
|          |      or_ln46_103_fu_2755     |    0    |    2    |
|          |      and_ln46_70_fu_2814     |    0    |    2    |
|          |      or_ln46_105_fu_2825     |    0    |    2    |
|          |      or_ln46_106_fu_2836     |    0    |    2    |
|          |      and_ln46_72_fu_2895     |    0    |    2    |
|          |      or_ln46_108_fu_2906     |    0    |    2    |
|          |      or_ln46_109_fu_2917     |    0    |    2    |
|----------|------------------------------|---------|---------|
|          |      select_ln46_fu_1626     |    0    |    2    |
|          |    select_ln46_60_fu_1632    |    0    |    2    |
|          |    select_ln46_61_fu_1640    |    0    |    2    |
|          |        res_0_0_fu_1647       |    0    |    2    |
|          |    select_ln46_62_fu_1707    |    0    |    2    |
|          |    select_ln46_63_fu_1713    |    0    |    2    |
|          |    select_ln46_64_fu_1721    |    0    |    2    |
|          |        res_1_0_fu_1728       |    0    |    2    |
|          |    select_ln46_65_fu_1788    |    0    |    2    |
|          |    select_ln46_66_fu_1794    |    0    |    2    |
|          |    select_ln46_67_fu_1802    |    0    |    2    |
|          |        res_2_0_fu_1809       |    0    |    2    |
|          |    select_ln46_68_fu_1869    |    0    |    2    |
|          |    select_ln46_69_fu_1875    |    0    |    2    |
|          |    select_ln46_70_fu_1883    |    0    |    2    |
|          |        res_3_0_fu_1890       |    0    |    2    |
|          |    select_ln46_71_fu_1950    |    0    |    2    |
|          |    select_ln46_72_fu_1956    |    0    |    2    |
|          |    select_ln46_73_fu_1964    |    0    |    2    |
|          |        res_4_0_fu_1971       |    0    |    2    |
|          |    select_ln46_74_fu_2031    |    0    |    2    |
|          |    select_ln46_75_fu_2037    |    0    |    2    |
|          |    select_ln46_76_fu_2045    |    0    |    2    |
|          |        res_5_0_fu_2052       |    0    |    2    |
|          |    select_ln46_77_fu_2112    |    0    |    2    |
|          |    select_ln46_78_fu_2118    |    0    |    2    |
|          |    select_ln46_79_fu_2126    |    0    |    2    |
|          |        res_6_0_fu_2133       |    0    |    2    |
|          |    select_ln46_80_fu_2193    |    0    |    2    |
|          |    select_ln46_81_fu_2199    |    0    |    2    |
|          |    select_ln46_82_fu_2207    |    0    |    2    |
|          |        res_7_0_fu_2214       |    0    |    2    |
|          |    select_ln46_83_fu_2274    |    0    |    2    |
|  select  |    select_ln46_84_fu_2280    |    0    |    2    |
|          |    select_ln46_85_fu_2288    |    0    |    2    |
|          |        res_8_0_fu_2295       |    0    |    2    |
|          |    select_ln46_86_fu_2355    |    0    |    2    |
|          |    select_ln46_87_fu_2361    |    0    |    2    |
|          |    select_ln46_88_fu_2369    |    0    |    2    |
|          |        res_9_0_fu_2376       |    0    |    2    |
|          |    select_ln46_89_fu_2436    |    0    |    2    |
|          |    select_ln46_90_fu_2442    |    0    |    2    |
|          |    select_ln46_91_fu_2450    |    0    |    2    |
|          |       res_10_0_fu_2457       |    0    |    2    |
|          |    select_ln46_92_fu_2517    |    0    |    2    |
|          |    select_ln46_93_fu_2523    |    0    |    2    |
|          |    select_ln46_94_fu_2531    |    0    |    2    |
|          |       res_11_0_fu_2538       |    0    |    2    |
|          |    select_ln46_95_fu_2598    |    0    |    2    |
|          |    select_ln46_96_fu_2604    |    0    |    2    |
|          |    select_ln46_97_fu_2612    |    0    |    2    |
|          |       res_12_0_fu_2619       |    0    |    2    |
|          |    select_ln46_98_fu_2679    |    0    |    2    |
|          |    select_ln46_99_fu_2685    |    0    |    2    |
|          |    select_ln46_100_fu_2693   |    0    |    2    |
|          |       res_13_0_fu_2700       |    0    |    2    |
|          |    select_ln46_101_fu_2760   |    0    |    2    |
|          |    select_ln46_102_fu_2766   |    0    |    2    |
|          |    select_ln46_103_fu_2774   |    0    |    2    |
|          |      res_1445_0_fu_2781      |    0    |    2    |
|          |    select_ln46_104_fu_2841   |    0    |    2    |
|          |    select_ln46_105_fu_2847   |    0    |    2    |
|          |    select_ln46_106_fu_2855   |    0    |    2    |
|          |       res_15_0_fu_2862       |    0    |    2    |
|          |    select_ln46_107_fu_2922   |    0    |    2    |
|          |    select_ln46_108_fu_2928   |    0    |    2    |
|          |    select_ln46_109_fu_2936   |    0    |    2    |
|          |       res_16_0_fu_2943       |    0    |    2    |
|----------|------------------------------|---------|---------|
|          |        and_ln46_fu_230       |    0    |    2    |
|          |      and_ln46_39_fu_312      |    0    |    2    |
|          |      and_ln46_41_fu_394      |    0    |    2    |
|          |      and_ln46_43_fu_476      |    0    |    2    |
|          |      and_ln46_45_fu_558      |    0    |    2    |
|          |      and_ln46_47_fu_640      |    0    |    2    |
|          |      and_ln46_49_fu_722      |    0    |    2    |
|          |      and_ln46_51_fu_804      |    0    |    2    |
|          |      and_ln46_53_fu_886      |    0    |    2    |
|          |      and_ln46_55_fu_968      |    0    |    2    |
|          |      and_ln46_57_fu_1050     |    0    |    2    |
|          |      and_ln46_59_fu_1132     |    0    |    2    |
|          |      and_ln46_61_fu_1214     |    0    |    2    |
|          |      and_ln46_63_fu_1296     |    0    |    2    |
|          |      and_ln46_65_fu_1378     |    0    |    2    |
|          |      and_ln46_67_fu_1460     |    0    |    2    |
|    and   |      and_ln46_69_fu_1542     |    0    |    2    |
|          |         empty_fu_1605        |    0    |    2    |
|          |       empty_30_fu_1686       |    0    |    2    |
|          |       empty_31_fu_1767       |    0    |    2    |
|          |       empty_32_fu_1848       |    0    |    2    |
|          |       empty_33_fu_1929       |    0    |    2    |
|          |       empty_34_fu_2010       |    0    |    2    |
|          |       empty_35_fu_2091       |    0    |    2    |
|          |       empty_36_fu_2172       |    0    |    2    |
|          |       empty_37_fu_2253       |    0    |    2    |
|          |       empty_38_fu_2334       |    0    |    2    |
|          |       empty_39_fu_2415       |    0    |    2    |
|          |       empty_40_fu_2496       |    0    |    2    |
|          |       empty_41_fu_2577       |    0    |    2    |
|          |       empty_42_fu_2658       |    0    |    2    |
|          |       empty_43_fu_2739       |    0    |    2    |
|          |       empty_44_fu_2820       |    0    |    2    |
|          |       empty_45_fu_2901       |    0    |    2    |
|----------|------------------------------|---------|---------|
|          |      not_tmp_140_fu_1593     |    0    |    2    |
|          |       xor_ln46_fu_1615       |    0    |    2    |
|          |      not_tmp_147_fu_1674     |    0    |    2    |
|          |      xor_ln46_20_fu_1696     |    0    |    2    |
|          |      not_tmp_154_fu_1755     |    0    |    2    |
|          |      xor_ln46_21_fu_1777     |    0    |    2    |
|          |      not_tmp_161_fu_1836     |    0    |    2    |
|          |      xor_ln46_22_fu_1858     |    0    |    2    |
|          |      not_tmp_168_fu_1917     |    0    |    2    |
|          |      xor_ln46_23_fu_1939     |    0    |    2    |
|          |      not_tmp_175_fu_1998     |    0    |    2    |
|          |      xor_ln46_24_fu_2020     |    0    |    2    |
|          |      not_tmp_182_fu_2079     |    0    |    2    |
|          |      xor_ln46_25_fu_2101     |    0    |    2    |
|          |      not_tmp_189_fu_2160     |    0    |    2    |
|          |      xor_ln46_26_fu_2182     |    0    |    2    |
|    xor   |      not_tmp_196_fu_2241     |    0    |    2    |
|          |      xor_ln46_27_fu_2263     |    0    |    2    |
|          |      not_tmp_203_fu_2322     |    0    |    2    |
|          |      xor_ln46_28_fu_2344     |    0    |    2    |
|          |      not_tmp_210_fu_2403     |    0    |    2    |
|          |      xor_ln46_29_fu_2425     |    0    |    2    |
|          |      not_tmp_217_fu_2484     |    0    |    2    |
|          |      xor_ln46_30_fu_2506     |    0    |    2    |
|          |      not_tmp_224_fu_2565     |    0    |    2    |
|          |      xor_ln46_31_fu_2587     |    0    |    2    |
|          |      not_tmp_231_fu_2646     |    0    |    2    |
|          |      xor_ln46_32_fu_2668     |    0    |    2    |
|          |      not_tmp_238_fu_2727     |    0    |    2    |
|          |      xor_ln46_33_fu_2749     |    0    |    2    |
|          |      not_tmp_245_fu_2808     |    0    |    2    |
|          |      xor_ln46_34_fu_2830     |    0    |    2    |
|          |      not_tmp_252_fu_2889     |    0    |    2    |
|          |      xor_ln46_35_fu_2911     |    0    |    2    |
|----------|------------------------------|---------|---------|
|          |  data_16_val_read_read_fu_78 |    0    |    0    |
|          |  data_15_val_read_read_fu_84 |    0    |    0    |
|          |  data_14_val_read_read_fu_90 |    0    |    0    |
|          |  data_13_val_read_read_fu_96 |    0    |    0    |
|          | data_12_val_read_read_fu_102 |    0    |    0    |
|          | data_11_val_read_read_fu_108 |    0    |    0    |
|          | data_10_val_read_read_fu_114 |    0    |    0    |
|          |  data_9_val_read_read_fu_120 |    0    |    0    |
|   read   |  data_8_val_read_read_fu_126 |    0    |    0    |
|          |  data_7_val_read_read_fu_132 |    0    |    0    |
|          |  data_6_val_read_read_fu_138 |    0    |    0    |
|          |  data_5_val_read_read_fu_144 |    0    |    0    |
|          |  data_4_val_read_read_fu_150 |    0    |    0    |
|          |  data_3_val_read_read_fu_156 |    0    |    0    |
|          |  data_2_val_read_read_fu_162 |    0    |    0    |
|          |  data_1_val_read_read_fu_168 |    0    |    0    |
|          |  data_0_val_read_read_fu_174 |    0    |    0    |
|----------|------------------------------|---------|---------|
|          |          tmp_fu_180          |    0    |    0    |
|          |        tmp_119_fu_198        |    0    |    0    |
|          |        tmp_121_fu_216        |    0    |    0    |
|          |        tmp_123_fu_262        |    0    |    0    |
|          |        tmp_124_fu_280        |    0    |    0    |
|          |        tmp_126_fu_298        |    0    |    0    |
|          |        tmp_128_fu_344        |    0    |    0    |
|          |        tmp_129_fu_362        |    0    |    0    |
|          |        tmp_131_fu_380        |    0    |    0    |
|          |        tmp_134_fu_426        |    0    |    0    |
|          |        tmp_135_fu_444        |    0    |    0    |
|          |        tmp_137_fu_462        |    0    |    0    |
|          |        tmp_140_fu_508        |    0    |    0    |
|          |        tmp_141_fu_526        |    0    |    0    |
|          |        tmp_143_fu_544        |    0    |    0    |
|          |        tmp_146_fu_590        |    0    |    0    |
|          |        tmp_147_fu_608        |    0    |    0    |
|          |        tmp_149_fu_626        |    0    |    0    |
|          |        tmp_152_fu_672        |    0    |    0    |
|          |        tmp_153_fu_690        |    0    |    0    |
|          |        tmp_155_fu_708        |    0    |    0    |
|          |        tmp_158_fu_754        |    0    |    0    |
|          |        tmp_159_fu_772        |    0    |    0    |
|          |        tmp_161_fu_790        |    0    |    0    |
|          |        tmp_164_fu_836        |    0    |    0    |
|          |        tmp_165_fu_854        |    0    |    0    |
|          |        tmp_167_fu_872        |    0    |    0    |
|          |        tmp_170_fu_918        |    0    |    0    |
|          |        tmp_171_fu_936        |    0    |    0    |
|          |        tmp_173_fu_954        |    0    |    0    |
|          |        tmp_176_fu_1000       |    0    |    0    |
|          |        tmp_177_fu_1018       |    0    |    0    |
|          |        tmp_179_fu_1036       |    0    |    0    |
|          |        tmp_182_fu_1082       |    0    |    0    |
|          |        tmp_183_fu_1100       |    0    |    0    |
|          |        tmp_185_fu_1118       |    0    |    0    |
|          |        tmp_188_fu_1164       |    0    |    0    |
|          |        tmp_189_fu_1182       |    0    |    0    |
|          |        tmp_191_fu_1200       |    0    |    0    |
|          |        tmp_194_fu_1246       |    0    |    0    |
|          |        tmp_195_fu_1264       |    0    |    0    |
|          |        tmp_197_fu_1282       |    0    |    0    |
| bitselect|        tmp_200_fu_1328       |    0    |    0    |
|          |        tmp_201_fu_1346       |    0    |    0    |
|          |        tmp_203_fu_1364       |    0    |    0    |
|          |        tmp_206_fu_1410       |    0    |    0    |
|          |        tmp_207_fu_1428       |    0    |    0    |
|          |        tmp_209_fu_1446       |    0    |    0    |
|          |        tmp_212_fu_1492       |    0    |    0    |
|          |        tmp_213_fu_1510       |    0    |    0    |
|          |        tmp_215_fu_1528       |    0    |    0    |
|          |        tmp_120_fu_1579       |    0    |    0    |
|          |        tmp_122_fu_1586       |    0    |    0    |
|          |        tmp_125_fu_1660       |    0    |    0    |
|          |        tmp_127_fu_1667       |    0    |    0    |
|          |        tmp_130_fu_1741       |    0    |    0    |
|          |        tmp_133_fu_1748       |    0    |    0    |
|          |        tmp_136_fu_1822       |    0    |    0    |
|          |        tmp_139_fu_1829       |    0    |    0    |
|          |        tmp_142_fu_1903       |    0    |    0    |
|          |        tmp_145_fu_1910       |    0    |    0    |
|          |        tmp_148_fu_1984       |    0    |    0    |
|          |        tmp_151_fu_1991       |    0    |    0    |
|          |        tmp_154_fu_2065       |    0    |    0    |
|          |        tmp_157_fu_2072       |    0    |    0    |
|          |        tmp_160_fu_2146       |    0    |    0    |
|          |        tmp_163_fu_2153       |    0    |    0    |
|          |        tmp_166_fu_2227       |    0    |    0    |
|          |        tmp_169_fu_2234       |    0    |    0    |
|          |        tmp_172_fu_2308       |    0    |    0    |
|          |        tmp_175_fu_2315       |    0    |    0    |
|          |        tmp_178_fu_2389       |    0    |    0    |
|          |        tmp_181_fu_2396       |    0    |    0    |
|          |        tmp_184_fu_2470       |    0    |    0    |
|          |        tmp_187_fu_2477       |    0    |    0    |
|          |        tmp_190_fu_2551       |    0    |    0    |
|          |        tmp_193_fu_2558       |    0    |    0    |
|          |        tmp_196_fu_2632       |    0    |    0    |
|          |        tmp_199_fu_2639       |    0    |    0    |
|          |        tmp_202_fu_2713       |    0    |    0    |
|          |        tmp_205_fu_2720       |    0    |    0    |
|          |        tmp_208_fu_2794       |    0    |    0    |
|          |        tmp_211_fu_2801       |    0    |    0    |
|          |        tmp_214_fu_2875       |    0    |    0    |
|          |        tmp_217_fu_2882       |    0    |    0    |
|----------|------------------------------|---------|---------|
|          |        trunc_ln_fu_188       |    0    |    0    |
|          |         tmp_s_fu_246         |    0    |    0    |
|          |      trunc_ln46_s_fu_270     |    0    |    0    |
|          |        tmp_118_fu_328        |    0    |    0    |
|          |     trunc_ln46_19_fu_352     |    0    |    0    |
|          |        tmp_132_fu_410        |    0    |    0    |
|          |     trunc_ln46_20_fu_434     |    0    |    0    |
|          |        tmp_138_fu_492        |    0    |    0    |
|          |     trunc_ln46_21_fu_516     |    0    |    0    |
|          |        tmp_144_fu_574        |    0    |    0    |
|          |     trunc_ln46_22_fu_598     |    0    |    0    |
|          |        tmp_150_fu_656        |    0    |    0    |
|          |     trunc_ln46_23_fu_680     |    0    |    0    |
|          |        tmp_156_fu_738        |    0    |    0    |
|          |     trunc_ln46_24_fu_762     |    0    |    0    |
|          |        tmp_162_fu_820        |    0    |    0    |
|partselect|     trunc_ln46_25_fu_844     |    0    |    0    |
|          |        tmp_168_fu_902        |    0    |    0    |
|          |     trunc_ln46_26_fu_926     |    0    |    0    |
|          |        tmp_174_fu_984        |    0    |    0    |
|          |     trunc_ln46_27_fu_1008    |    0    |    0    |
|          |        tmp_180_fu_1066       |    0    |    0    |
|          |     trunc_ln46_28_fu_1090    |    0    |    0    |
|          |        tmp_186_fu_1148       |    0    |    0    |
|          |     trunc_ln46_29_fu_1172    |    0    |    0    |
|          |        tmp_192_fu_1230       |    0    |    0    |
|          |     trunc_ln46_30_fu_1254    |    0    |    0    |
|          |        tmp_198_fu_1312       |    0    |    0    |
|          |     trunc_ln46_31_fu_1336    |    0    |    0    |
|          |        tmp_204_fu_1394       |    0    |    0    |
|          |     trunc_ln46_32_fu_1418    |    0    |    0    |
|          |        tmp_210_fu_1476       |    0    |    0    |
|          |     trunc_ln46_33_fu_1500    |    0    |    0    |
|          |        tmp_216_fu_1558       |    0    |    0    |
|----------|------------------------------|---------|---------|
|          |       trunc_ln46_fu_206      |    0    |    0    |
|          |     trunc_ln46_38_fu_288     |    0    |    0    |
|          |     trunc_ln46_39_fu_370     |    0    |    0    |
|          |     trunc_ln46_40_fu_452     |    0    |    0    |
|          |     trunc_ln46_41_fu_534     |    0    |    0    |
|          |     trunc_ln46_42_fu_616     |    0    |    0    |
|          |     trunc_ln46_43_fu_698     |    0    |    0    |
|          |     trunc_ln46_44_fu_780     |    0    |    0    |
|   trunc  |     trunc_ln46_45_fu_862     |    0    |    0    |
|          |     trunc_ln46_46_fu_944     |    0    |    0    |
|          |     trunc_ln46_47_fu_1026    |    0    |    0    |
|          |     trunc_ln46_48_fu_1108    |    0    |    0    |
|          |     trunc_ln46_49_fu_1190    |    0    |    0    |
|          |     trunc_ln46_50_fu_1272    |    0    |    0    |
|          |     trunc_ln46_51_fu_1354    |    0    |    0    |
|          |     trunc_ln46_52_fu_1436    |    0    |    0    |
|          |     trunc_ln46_53_fu_1518    |    0    |    0    |
|----------|------------------------------|---------|---------|
|          |       zext_ln46_fu_236       |    0    |    0    |
|          |      zext_ln46_20_fu_318     |    0    |    0    |
|          |      zext_ln46_21_fu_400     |    0    |    0    |
|          |      zext_ln46_22_fu_482     |    0    |    0    |
|          |      zext_ln46_23_fu_564     |    0    |    0    |
|          |      zext_ln46_24_fu_646     |    0    |    0    |
|          |      zext_ln46_25_fu_728     |    0    |    0    |
|          |      zext_ln46_26_fu_810     |    0    |    0    |
|   zext   |      zext_ln46_27_fu_892     |    0    |    0    |
|          |      zext_ln46_28_fu_974     |    0    |    0    |
|          |     zext_ln46_29_fu_1056     |    0    |    0    |
|          |     zext_ln46_30_fu_1138     |    0    |    0    |
|          |     zext_ln46_31_fu_1220     |    0    |    0    |
|          |     zext_ln46_32_fu_1302     |    0    |    0    |
|          |     zext_ln46_33_fu_1384     |    0    |    0    |
|          |     zext_ln46_34_fu_1466     |    0    |    0    |
|          |     zext_ln46_35_fu_1548     |    0    |    0    |
|----------|------------------------------|---------|---------|
|          |          mrv_fu_2951         |    0    |    0    |
|          |         mrv_1_fu_2957        |    0    |    0    |
|          |         mrv_2_fu_2963        |    0    |    0    |
|          |         mrv_3_fu_2969        |    0    |    0    |
|          |         mrv_4_fu_2975        |    0    |    0    |
|          |         mrv_5_fu_2981        |    0    |    0    |
|          |         mrv_6_fu_2987        |    0    |    0    |
|          |         mrv_7_fu_2993        |    0    |    0    |
|insertvalue|         mrv_8_fu_2999        |    0    |    0    |
|          |         mrv_9_fu_3005        |    0    |    0    |
|          |        mrv_10_fu_3011        |    0    |    0    |
|          |        mrv_11_fu_3017        |    0    |    0    |
|          |        mrv_12_fu_3023        |    0    |    0    |
|          |        mrv_13_fu_3029        |    0    |    0    |
|          |        mrv_14_fu_3035        |    0    |    0    |
|          |        mrv_15_fu_3041        |    0    |    0    |
|          |        mrv_16_fu_3047        |    0    |    0    |
|----------|------------------------------|---------|---------|
|   Total  |                              |    0    |   1445  |
|----------|------------------------------|---------|---------|

Memories:
N/A

* Register list:
+-------------------------+--------+
|                         |   FF   |
+-------------------------+--------+
|   add_ln46_20_reg_3181  |    2   |
|   add_ln46_21_reg_3200  |    2   |
|   add_ln46_22_reg_3219  |    2   |
|   add_ln46_23_reg_3238  |    2   |
|   add_ln46_24_reg_3257  |    2   |
|   add_ln46_25_reg_3276  |    2   |
|   add_ln46_26_reg_3295  |    2   |
|   add_ln46_27_reg_3314  |    2   |
|   add_ln46_28_reg_3333  |    2   |
|   add_ln46_29_reg_3352  |    2   |
|   add_ln46_30_reg_3371  |    2   |
|   add_ln46_31_reg_3390  |    2   |
|   add_ln46_32_reg_3409  |    2   |
|   add_ln46_33_reg_3428  |    2   |
|   add_ln46_34_reg_3447  |    2   |
|   add_ln46_35_reg_3466  |    2   |
|    add_ln46_reg_3162    |    2   |
| data_0_val_read_reg_3149|   16   |
|data_10_val_read_reg_3089|   16   |
|data_11_val_read_reg_3083|   16   |
|data_12_val_read_reg_3077|   16   |
|data_13_val_read_reg_3071|   16   |
|data_14_val_read_reg_3065|   16   |
|data_15_val_read_reg_3059|   16   |
|data_16_val_read_reg_3053|   16   |
| data_1_val_read_reg_3143|   16   |
| data_2_val_read_reg_3137|   16   |
| data_3_val_read_reg_3131|   16   |
| data_4_val_read_reg_3125|   16   |
| data_5_val_read_reg_3119|   16   |
| data_6_val_read_reg_3113|   16   |
| data_7_val_read_reg_3107|   16   |
| data_8_val_read_reg_3101|   16   |
| data_9_val_read_reg_3095|   16   |
|  icmp_ln46_40_reg_3169  |    1   |
|  icmp_ln46_42_reg_3188  |    1   |
|  icmp_ln46_44_reg_3207  |    1   |
|  icmp_ln46_46_reg_3226  |    1   |
|  icmp_ln46_48_reg_3245  |    1   |
|  icmp_ln46_50_reg_3264  |    1   |
|  icmp_ln46_52_reg_3283  |    1   |
|  icmp_ln46_54_reg_3302  |    1   |
|  icmp_ln46_56_reg_3321  |    1   |
|  icmp_ln46_58_reg_3340  |    1   |
|  icmp_ln46_60_reg_3359  |    1   |
|  icmp_ln46_62_reg_3378  |    1   |
|  icmp_ln46_64_reg_3397  |    1   |
|  icmp_ln46_66_reg_3416  |    1   |
|  icmp_ln46_68_reg_3435  |    1   |
|  icmp_ln46_70_reg_3454  |    1   |
|  icmp_ln46_72_reg_3473  |    1   |
|     tmp_123_reg_3174    |    1   |
|     tmp_128_reg_3193    |    1   |
|     tmp_134_reg_3212    |    1   |
|     tmp_140_reg_3231    |    1   |
|     tmp_146_reg_3250    |    1   |
|     tmp_152_reg_3269    |    1   |
|     tmp_158_reg_3288    |    1   |
|     tmp_164_reg_3307    |    1   |
|     tmp_170_reg_3326    |    1   |
|     tmp_176_reg_3345    |    1   |
|     tmp_182_reg_3364    |    1   |
|     tmp_188_reg_3383    |    1   |
|     tmp_194_reg_3402    |    1   |
|     tmp_200_reg_3421    |    1   |
|     tmp_206_reg_3440    |    1   |
|     tmp_212_reg_3459    |    1   |
|       tmp_reg_3155      |    1   |
+-------------------------+--------+
|          Total          |   340  |
+-------------------------+--------+

* Multiplexer (MUX) list: 
|--------|------|------|------|--------|
|  Comp  |  Pin | Size |  BW  | S x BW |
|--------|------|------|------|--------|
|  Total |      |      |      |    0   |
|--------|------|------|------|--------|



* Summary:
+-----------+--------+--------+
|           |   FF   |   LUT  |
+-----------+--------+--------+
|  Function |    0   |  1445  |
|   Memory  |    -   |    -   |
|Multiplexer|    -   |    -   |
|  Register |   340  |    -   |
+-----------+--------+--------+
|   Total   |   340  |  1445  |
+-----------+--------+--------+
