

================================================================
== Vitis HLS Report for 'relu_ap_fixed_16_6_5_3_0_ap_ufixed_2_0_4_0_0_relu_config15_s'
================================================================
* Date:           Mon Oct 20 15:01:56 2025

* Version:        2024.1 (Build 5069499 on May 21 2024)
* Project:        myproject_prj
* Solution:       solution1 (Vivado IP Flow Target)
* Product family: zynq
* Target device:  xc7z020-clg400-1


================================================================
== Performance Estimates
================================================================
+ Timing: 
    * Summary: 
    +--------+---------+----------+------------+
    |  Clock |  Target | Estimated| Uncertainty|
    +--------+---------+----------+------------+
    |ap_clk  |  5.00 ns|  3.435 ns|     0.62 ns|
    +--------+---------+----------+------------+

+ Latency: 
    * Summary: 
    +---------+---------+----------+----------+-----+-----+---------+
    |  Latency (cycles) |  Latency (absolute) |  Interval | Pipeline|
    |   min   |   max   |    min   |    max   | min | max |   Type  |
    +---------+---------+----------+----------+-----+-----+---------+
    |        1|        1|  5.000 ns|  5.000 ns|    1|    1|      yes|
    +---------+---------+----------+----------+-----+-----+---------+

    + Detail: 
        * Instance: 
        N/A

        * Loop: 
        N/A

============================================================
+ Verbose Summary: Synthesis Manager
============================================================
InlineROM: 1
ExposeGlobal: 0
============================================================
+ Verbose Summary: CDFG Model
============================================================
IsTopModel: 0
ResetActiveHigh: 1
IsCombinational: 0
IsDatapathOnly: 0
HasWiredReturn: 1
HasMFsm: 2
HasVarLatency: 0
IsPipeline: 1
IsRtlPipelined: 1
IsInstanceOverlapped: 0
IsDontTouch: 0
HasImplIP: 0
IsGatedGlobalClock: 0

+ Individual pipeline summary: 
  * Pipeline-0: initiation interval (II) = 1, depth = 2


============================================================
+ Verbose Summary: Schedule
============================================================
* Number of FSM states : 2
* Pipeline : 1
  Pipeline-0 : II = 1, D = 2, States = { 1 2 }
* Dataflow Pipeline: 0

* FSM state transitions: 
1 --> 2 
2 --> 

* FSM state operations: 

State 1 <SV = 0> <Delay = 3.43>
ST_1 : Operation 3 [1/1] (0.00ns)   --->   "%data_15_val_read = read i16 @_ssdm_op_Read.ap_auto.i16, i16 %data_15_val" [firmware/nnet_utils/nnet_activation.h:42]   --->   Operation 3 'read' 'data_15_val_read' <Predicate = true> <Delay = 0.00>
ST_1 : Operation 4 [1/1] (0.00ns)   --->   "%data_14_val_read = read i16 @_ssdm_op_Read.ap_auto.i16, i16 %data_14_val" [firmware/nnet_utils/nnet_activation.h:42]   --->   Operation 4 'read' 'data_14_val_read' <Predicate = true> <Delay = 0.00>
ST_1 : Operation 5 [1/1] (0.00ns)   --->   "%data_13_val_read = read i16 @_ssdm_op_Read.ap_auto.i16, i16 %data_13_val" [firmware/nnet_utils/nnet_activation.h:42]   --->   Operation 5 'read' 'data_13_val_read' <Predicate = true> <Delay = 0.00>
ST_1 : Operation 6 [1/1] (0.00ns)   --->   "%data_12_val_read = read i16 @_ssdm_op_Read.ap_auto.i16, i16 %data_12_val" [firmware/nnet_utils/nnet_activation.h:42]   --->   Operation 6 'read' 'data_12_val_read' <Predicate = true> <Delay = 0.00>
ST_1 : Operation 7 [1/1] (0.00ns)   --->   "%data_11_val_read = read i16 @_ssdm_op_Read.ap_auto.i16, i16 %data_11_val" [firmware/nnet_utils/nnet_activation.h:42]   --->   Operation 7 'read' 'data_11_val_read' <Predicate = true> <Delay = 0.00>
ST_1 : Operation 8 [1/1] (0.00ns)   --->   "%data_10_val_read = read i16 @_ssdm_op_Read.ap_auto.i16, i16 %data_10_val" [firmware/nnet_utils/nnet_activation.h:42]   --->   Operation 8 'read' 'data_10_val_read' <Predicate = true> <Delay = 0.00>
ST_1 : Operation 9 [1/1] (0.00ns)   --->   "%data_9_val_read = read i16 @_ssdm_op_Read.ap_auto.i16, i16 %data_9_val" [firmware/nnet_utils/nnet_activation.h:42]   --->   Operation 9 'read' 'data_9_val_read' <Predicate = true> <Delay = 0.00>
ST_1 : Operation 10 [1/1] (0.00ns)   --->   "%data_8_val_read = read i16 @_ssdm_op_Read.ap_auto.i16, i16 %data_8_val" [firmware/nnet_utils/nnet_activation.h:42]   --->   Operation 10 'read' 'data_8_val_read' <Predicate = true> <Delay = 0.00>
ST_1 : Operation 11 [1/1] (0.00ns)   --->   "%data_7_val_read = read i16 @_ssdm_op_Read.ap_auto.i16, i16 %data_7_val" [firmware/nnet_utils/nnet_activation.h:42]   --->   Operation 11 'read' 'data_7_val_read' <Predicate = true> <Delay = 0.00>
ST_1 : Operation 12 [1/1] (0.00ns)   --->   "%data_6_val_read = read i16 @_ssdm_op_Read.ap_auto.i16, i16 %data_6_val" [firmware/nnet_utils/nnet_activation.h:42]   --->   Operation 12 'read' 'data_6_val_read' <Predicate = true> <Delay = 0.00>
ST_1 : Operation 13 [1/1] (0.00ns)   --->   "%data_5_val_read = read i16 @_ssdm_op_Read.ap_auto.i16, i16 %data_5_val" [firmware/nnet_utils/nnet_activation.h:42]   --->   Operation 13 'read' 'data_5_val_read' <Predicate = true> <Delay = 0.00>
ST_1 : Operation 14 [1/1] (0.00ns)   --->   "%data_4_val_read = read i16 @_ssdm_op_Read.ap_auto.i16, i16 %data_4_val" [firmware/nnet_utils/nnet_activation.h:42]   --->   Operation 14 'read' 'data_4_val_read' <Predicate = true> <Delay = 0.00>
ST_1 : Operation 15 [1/1] (0.00ns)   --->   "%data_3_val_read = read i16 @_ssdm_op_Read.ap_auto.i16, i16 %data_3_val" [firmware/nnet_utils/nnet_activation.h:42]   --->   Operation 15 'read' 'data_3_val_read' <Predicate = true> <Delay = 0.00>
ST_1 : Operation 16 [1/1] (0.00ns)   --->   "%data_2_val_read = read i16 @_ssdm_op_Read.ap_auto.i16, i16 %data_2_val" [firmware/nnet_utils/nnet_activation.h:42]   --->   Operation 16 'read' 'data_2_val_read' <Predicate = true> <Delay = 0.00>
ST_1 : Operation 17 [1/1] (0.00ns)   --->   "%data_1_val_read = read i16 @_ssdm_op_Read.ap_auto.i16, i16 %data_1_val" [firmware/nnet_utils/nnet_activation.h:42]   --->   Operation 17 'read' 'data_1_val_read' <Predicate = true> <Delay = 0.00>
ST_1 : Operation 18 [1/1] (0.00ns)   --->   "%data_0_val_read = read i16 @_ssdm_op_Read.ap_auto.i16, i16 %data_0_val" [firmware/nnet_utils/nnet_activation.h:42]   --->   Operation 18 'read' 'data_0_val_read' <Predicate = true> <Delay = 0.00>
ST_1 : Operation 19 [1/1] (0.00ns)   --->   "%tmp = bitselect i1 @_ssdm_op_BitSelect.i1.i16.i32, i16 %data_0_val_read, i32 15" [firmware/nnet_utils/nnet_activation.h:46]   --->   Operation 19 'bitselect' 'tmp' <Predicate = true> <Delay = 0.00>
ST_1 : Operation 20 [1/1] (0.00ns) (grouped into LUT with out node add_ln46)   --->   "%trunc_ln = partselect i2 @_ssdm_op_PartSelect.i2.i16.i32.i32, i16 %data_0_val_read, i32 8, i32 9" [firmware/nnet_utils/nnet_activation.h:46]   --->   Operation 20 'partselect' 'trunc_ln' <Predicate = true> <Delay = 0.00>
ST_1 : Operation 21 [1/1] (0.00ns) (grouped into LUT with out node add_ln46)   --->   "%tmp_245 = bitselect i1 @_ssdm_op_BitSelect.i1.i16.i32, i16 %data_0_val_read, i32 7" [firmware/nnet_utils/nnet_activation.h:46]   --->   Operation 21 'bitselect' 'tmp_245' <Predicate = true> <Delay = 0.00>
ST_1 : Operation 22 [1/1] (0.00ns)   --->   "%trunc_ln46 = trunc i16 %data_0_val_read" [firmware/nnet_utils/nnet_activation.h:46]   --->   Operation 22 'trunc' 'trunc_ln46' <Predicate = true> <Delay = 0.00>
ST_1 : Operation 23 [1/1] (1.87ns)   --->   "%icmp_ln46 = icmp_ne  i7 %trunc_ln46, i7 0" [firmware/nnet_utils/nnet_activation.h:46]   --->   Operation 23 'icmp' 'icmp_ln46' <Predicate = true> <Delay = 1.87> <CoreInst = "Cmp">   --->   Core 9 'Cmp' <Latency = 0> <II = 1> <Delay = 1.87> <FuncUnit> <Opcode : 'seteq' 'setne' 'setle' 'setge' 'setlt' 'setgt'> <InPorts = 2> <OutPorts = 1>
ST_1 : Operation 24 [1/1] (0.00ns) (grouped into LUT with out node add_ln46)   --->   "%tmp_247 = bitselect i1 @_ssdm_op_BitSelect.i1.i16.i32, i16 %data_0_val_read, i32 8" [firmware/nnet_utils/nnet_activation.h:46]   --->   Operation 24 'bitselect' 'tmp_247' <Predicate = true> <Delay = 0.00>
ST_1 : Operation 25 [1/1] (0.00ns) (grouped into LUT with out node add_ln46)   --->   "%or_ln46 = or i1 %tmp_247, i1 %icmp_ln46" [firmware/nnet_utils/nnet_activation.h:46]   --->   Operation 25 'or' 'or_ln46' <Predicate = true> <Delay = 0.00> <CoreInst = "LogicGate">   --->   Core 74 'LogicGate' <Latency = 0> <II = 1> <Delay = 0.97> <FuncUnit> <Opcode : 'and' 'or' 'xor'> <InPorts = 2> <OutPorts = 1>
ST_1 : Operation 26 [1/1] (0.00ns) (grouped into LUT with out node add_ln46)   --->   "%and_ln46 = and i1 %or_ln46, i1 %tmp_245" [firmware/nnet_utils/nnet_activation.h:46]   --->   Operation 26 'and' 'and_ln46' <Predicate = true> <Delay = 0.00> <CoreInst = "LogicGate">   --->   Core 74 'LogicGate' <Latency = 0> <II = 1> <Delay = 0.97> <FuncUnit> <Opcode : 'and' 'or' 'xor'> <InPorts = 2> <OutPorts = 1>
ST_1 : Operation 27 [1/1] (0.00ns) (grouped into LUT with out node add_ln46)   --->   "%zext_ln46 = zext i1 %and_ln46" [firmware/nnet_utils/nnet_activation.h:46]   --->   Operation 27 'zext' 'zext_ln46' <Predicate = true> <Delay = 0.00>
ST_1 : Operation 28 [1/1] (1.56ns) (out node of the LUT)   --->   "%add_ln46 = add i2 %trunc_ln, i2 %zext_ln46" [firmware/nnet_utils/nnet_activation.h:46]   --->   Operation 28 'add' 'add_ln46' <Predicate = true> <Delay = 1.56> <CoreInst = "Adder">   --->   Core 1 'Adder' <Latency = 0> <II = 1> <Delay = 1.56> <FuncUnit> <Opcode : 'add' 'sub'> <InPorts = 2> <OutPorts = 1>
ST_1 : Operation 29 [1/1] (0.00ns)   --->   "%tmp_s = partselect i6 @_ssdm_op_PartSelect.i6.i16.i32.i32, i16 %data_0_val_read, i32 10, i32 15" [firmware/nnet_utils/nnet_activation.h:46]   --->   Operation 29 'partselect' 'tmp_s' <Predicate = true> <Delay = 0.00>
ST_1 : Operation 30 [1/1] (1.82ns)   --->   "%icmp_ln46_82 = icmp_eq  i6 %tmp_s, i6 0" [firmware/nnet_utils/nnet_activation.h:46]   --->   Operation 30 'icmp' 'icmp_ln46_82' <Predicate = true> <Delay = 1.82> <CoreInst = "Cmp">   --->   Core 9 'Cmp' <Latency = 0> <II = 1> <Delay = 1.82> <FuncUnit> <Opcode : 'seteq' 'setne' 'setle' 'setge' 'setlt' 'setgt'> <InPorts = 2> <OutPorts = 1>
ST_1 : Operation 31 [1/1] (0.00ns)   --->   "%tmp_249 = bitselect i1 @_ssdm_op_BitSelect.i1.i16.i32, i16 %data_1_val_read, i32 15" [firmware/nnet_utils/nnet_activation.h:46]   --->   Operation 31 'bitselect' 'tmp_249' <Predicate = true> <Delay = 0.00>
ST_1 : Operation 32 [1/1] (0.00ns) (grouped into LUT with out node add_ln46_40)   --->   "%trunc_ln46_s = partselect i2 @_ssdm_op_PartSelect.i2.i16.i32.i32, i16 %data_1_val_read, i32 8, i32 9" [firmware/nnet_utils/nnet_activation.h:46]   --->   Operation 32 'partselect' 'trunc_ln46_s' <Predicate = true> <Delay = 0.00>
ST_1 : Operation 33 [1/1] (0.00ns) (grouped into LUT with out node add_ln46_40)   --->   "%tmp_250 = bitselect i1 @_ssdm_op_BitSelect.i1.i16.i32, i16 %data_1_val_read, i32 7" [firmware/nnet_utils/nnet_activation.h:46]   --->   Operation 33 'bitselect' 'tmp_250' <Predicate = true> <Delay = 0.00>
ST_1 : Operation 34 [1/1] (0.00ns)   --->   "%trunc_ln46_58 = trunc i16 %data_1_val_read" [firmware/nnet_utils/nnet_activation.h:46]   --->   Operation 34 'trunc' 'trunc_ln46_58' <Predicate = true> <Delay = 0.00>
ST_1 : Operation 35 [1/1] (1.87ns)   --->   "%icmp_ln46_83 = icmp_ne  i7 %trunc_ln46_58, i7 0" [firmware/nnet_utils/nnet_activation.h:46]   --->   Operation 35 'icmp' 'icmp_ln46_83' <Predicate = true> <Delay = 1.87> <CoreInst = "Cmp">   --->   Core 9 'Cmp' <Latency = 0> <II = 1> <Delay = 1.87> <FuncUnit> <Opcode : 'seteq' 'setne' 'setle' 'setge' 'setlt' 'setgt'> <InPorts = 2> <OutPorts = 1>
ST_1 : Operation 36 [1/1] (0.00ns) (grouped into LUT with out node add_ln46_40)   --->   "%tmp_252 = bitselect i1 @_ssdm_op_BitSelect.i1.i16.i32, i16 %data_1_val_read, i32 8" [firmware/nnet_utils/nnet_activation.h:46]   --->   Operation 36 'bitselect' 'tmp_252' <Predicate = true> <Delay = 0.00>
ST_1 : Operation 37 [1/1] (0.00ns) (grouped into LUT with out node add_ln46_40)   --->   "%or_ln46_126 = or i1 %tmp_252, i1 %icmp_ln46_83" [firmware/nnet_utils/nnet_activation.h:46]   --->   Operation 37 'or' 'or_ln46_126' <Predicate = true> <Delay = 0.00> <CoreInst = "LogicGate">   --->   Core 74 'LogicGate' <Latency = 0> <II = 1> <Delay = 0.97> <FuncUnit> <Opcode : 'and' 'or' 'xor'> <InPorts = 2> <OutPorts = 1>
ST_1 : Operation 38 [1/1] (0.00ns) (grouped into LUT with out node add_ln46_40)   --->   "%and_ln46_75 = and i1 %or_ln46_126, i1 %tmp_250" [firmware/nnet_utils/nnet_activation.h:46]   --->   Operation 38 'and' 'and_ln46_75' <Predicate = true> <Delay = 0.00> <CoreInst = "LogicGate">   --->   Core 74 'LogicGate' <Latency = 0> <II = 1> <Delay = 0.97> <FuncUnit> <Opcode : 'and' 'or' 'xor'> <InPorts = 2> <OutPorts = 1>
ST_1 : Operation 39 [1/1] (0.00ns) (grouped into LUT with out node add_ln46_40)   --->   "%zext_ln46_40 = zext i1 %and_ln46_75" [firmware/nnet_utils/nnet_activation.h:46]   --->   Operation 39 'zext' 'zext_ln46_40' <Predicate = true> <Delay = 0.00>
ST_1 : Operation 40 [1/1] (1.56ns) (out node of the LUT)   --->   "%add_ln46_40 = add i2 %trunc_ln46_s, i2 %zext_ln46_40" [firmware/nnet_utils/nnet_activation.h:46]   --->   Operation 40 'add' 'add_ln46_40' <Predicate = true> <Delay = 1.56> <CoreInst = "Adder">   --->   Core 1 'Adder' <Latency = 0> <II = 1> <Delay = 1.56> <FuncUnit> <Opcode : 'add' 'sub'> <InPorts = 2> <OutPorts = 1>
ST_1 : Operation 41 [1/1] (0.00ns)   --->   "%tmp_244 = partselect i6 @_ssdm_op_PartSelect.i6.i16.i32.i32, i16 %data_1_val_read, i32 10, i32 15" [firmware/nnet_utils/nnet_activation.h:46]   --->   Operation 41 'partselect' 'tmp_244' <Predicate = true> <Delay = 0.00>
ST_1 : Operation 42 [1/1] (1.82ns)   --->   "%icmp_ln46_84 = icmp_eq  i6 %tmp_244, i6 0" [firmware/nnet_utils/nnet_activation.h:46]   --->   Operation 42 'icmp' 'icmp_ln46_84' <Predicate = true> <Delay = 1.82> <CoreInst = "Cmp">   --->   Core 9 'Cmp' <Latency = 0> <II = 1> <Delay = 1.82> <FuncUnit> <Opcode : 'seteq' 'setne' 'setle' 'setge' 'setlt' 'setgt'> <InPorts = 2> <OutPorts = 1>
ST_1 : Operation 43 [1/1] (0.00ns)   --->   "%tmp_254 = bitselect i1 @_ssdm_op_BitSelect.i1.i16.i32, i16 %data_2_val_read, i32 15" [firmware/nnet_utils/nnet_activation.h:46]   --->   Operation 43 'bitselect' 'tmp_254' <Predicate = true> <Delay = 0.00>
ST_1 : Operation 44 [1/1] (0.00ns) (grouped into LUT with out node add_ln46_41)   --->   "%trunc_ln46_37 = partselect i2 @_ssdm_op_PartSelect.i2.i16.i32.i32, i16 %data_2_val_read, i32 8, i32 9" [firmware/nnet_utils/nnet_activation.h:46]   --->   Operation 44 'partselect' 'trunc_ln46_37' <Predicate = true> <Delay = 0.00>
ST_1 : Operation 45 [1/1] (0.00ns) (grouped into LUT with out node add_ln46_41)   --->   "%tmp_255 = bitselect i1 @_ssdm_op_BitSelect.i1.i16.i32, i16 %data_2_val_read, i32 7" [firmware/nnet_utils/nnet_activation.h:46]   --->   Operation 45 'bitselect' 'tmp_255' <Predicate = true> <Delay = 0.00>
ST_1 : Operation 46 [1/1] (0.00ns)   --->   "%trunc_ln46_59 = trunc i16 %data_2_val_read" [firmware/nnet_utils/nnet_activation.h:46]   --->   Operation 46 'trunc' 'trunc_ln46_59' <Predicate = true> <Delay = 0.00>
ST_1 : Operation 47 [1/1] (1.87ns)   --->   "%icmp_ln46_85 = icmp_ne  i7 %trunc_ln46_59, i7 0" [firmware/nnet_utils/nnet_activation.h:46]   --->   Operation 47 'icmp' 'icmp_ln46_85' <Predicate = true> <Delay = 1.87> <CoreInst = "Cmp">   --->   Core 9 'Cmp' <Latency = 0> <II = 1> <Delay = 1.87> <FuncUnit> <Opcode : 'seteq' 'setne' 'setle' 'setge' 'setlt' 'setgt'> <InPorts = 2> <OutPorts = 1>
ST_1 : Operation 48 [1/1] (0.00ns) (grouped into LUT with out node add_ln46_41)   --->   "%tmp_257 = bitselect i1 @_ssdm_op_BitSelect.i1.i16.i32, i16 %data_2_val_read, i32 8" [firmware/nnet_utils/nnet_activation.h:46]   --->   Operation 48 'bitselect' 'tmp_257' <Predicate = true> <Delay = 0.00>
ST_1 : Operation 49 [1/1] (0.00ns) (grouped into LUT with out node add_ln46_41)   --->   "%or_ln46_129 = or i1 %tmp_257, i1 %icmp_ln46_85" [firmware/nnet_utils/nnet_activation.h:46]   --->   Operation 49 'or' 'or_ln46_129' <Predicate = true> <Delay = 0.00> <CoreInst = "LogicGate">   --->   Core 74 'LogicGate' <Latency = 0> <II = 1> <Delay = 0.97> <FuncUnit> <Opcode : 'and' 'or' 'xor'> <InPorts = 2> <OutPorts = 1>
ST_1 : Operation 50 [1/1] (0.00ns) (grouped into LUT with out node add_ln46_41)   --->   "%and_ln46_76 = and i1 %or_ln46_129, i1 %tmp_255" [firmware/nnet_utils/nnet_activation.h:46]   --->   Operation 50 'and' 'and_ln46_76' <Predicate = true> <Delay = 0.00> <CoreInst = "LogicGate">   --->   Core 74 'LogicGate' <Latency = 0> <II = 1> <Delay = 0.97> <FuncUnit> <Opcode : 'and' 'or' 'xor'> <InPorts = 2> <OutPorts = 1>
ST_1 : Operation 51 [1/1] (0.00ns) (grouped into LUT with out node add_ln46_41)   --->   "%zext_ln46_41 = zext i1 %and_ln46_76" [firmware/nnet_utils/nnet_activation.h:46]   --->   Operation 51 'zext' 'zext_ln46_41' <Predicate = true> <Delay = 0.00>
ST_1 : Operation 52 [1/1] (1.56ns) (out node of the LUT)   --->   "%add_ln46_41 = add i2 %trunc_ln46_37, i2 %zext_ln46_41" [firmware/nnet_utils/nnet_activation.h:46]   --->   Operation 52 'add' 'add_ln46_41' <Predicate = true> <Delay = 1.56> <CoreInst = "Adder">   --->   Core 1 'Adder' <Latency = 0> <II = 1> <Delay = 1.56> <FuncUnit> <Opcode : 'add' 'sub'> <InPorts = 2> <OutPorts = 1>
ST_1 : Operation 53 [1/1] (0.00ns)   --->   "%tmp_258 = partselect i6 @_ssdm_op_PartSelect.i6.i16.i32.i32, i16 %data_2_val_read, i32 10, i32 15" [firmware/nnet_utils/nnet_activation.h:46]   --->   Operation 53 'partselect' 'tmp_258' <Predicate = true> <Delay = 0.00>
ST_1 : Operation 54 [1/1] (1.82ns)   --->   "%icmp_ln46_86 = icmp_eq  i6 %tmp_258, i6 0" [firmware/nnet_utils/nnet_activation.h:46]   --->   Operation 54 'icmp' 'icmp_ln46_86' <Predicate = true> <Delay = 1.82> <CoreInst = "Cmp">   --->   Core 9 'Cmp' <Latency = 0> <II = 1> <Delay = 1.82> <FuncUnit> <Opcode : 'seteq' 'setne' 'setle' 'setge' 'setlt' 'setgt'> <InPorts = 2> <OutPorts = 1>
ST_1 : Operation 55 [1/1] (0.00ns)   --->   "%tmp_260 = bitselect i1 @_ssdm_op_BitSelect.i1.i16.i32, i16 %data_3_val_read, i32 15" [firmware/nnet_utils/nnet_activation.h:46]   --->   Operation 55 'bitselect' 'tmp_260' <Predicate = true> <Delay = 0.00>
ST_1 : Operation 56 [1/1] (0.00ns) (grouped into LUT with out node add_ln46_42)   --->   "%trunc_ln46_38 = partselect i2 @_ssdm_op_PartSelect.i2.i16.i32.i32, i16 %data_3_val_read, i32 8, i32 9" [firmware/nnet_utils/nnet_activation.h:46]   --->   Operation 56 'partselect' 'trunc_ln46_38' <Predicate = true> <Delay = 0.00>
ST_1 : Operation 57 [1/1] (0.00ns) (grouped into LUT with out node add_ln46_42)   --->   "%tmp_261 = bitselect i1 @_ssdm_op_BitSelect.i1.i16.i32, i16 %data_3_val_read, i32 7" [firmware/nnet_utils/nnet_activation.h:46]   --->   Operation 57 'bitselect' 'tmp_261' <Predicate = true> <Delay = 0.00>
ST_1 : Operation 58 [1/1] (0.00ns)   --->   "%trunc_ln46_60 = trunc i16 %data_3_val_read" [firmware/nnet_utils/nnet_activation.h:46]   --->   Operation 58 'trunc' 'trunc_ln46_60' <Predicate = true> <Delay = 0.00>
ST_1 : Operation 59 [1/1] (1.87ns)   --->   "%icmp_ln46_87 = icmp_ne  i7 %trunc_ln46_60, i7 0" [firmware/nnet_utils/nnet_activation.h:46]   --->   Operation 59 'icmp' 'icmp_ln46_87' <Predicate = true> <Delay = 1.87> <CoreInst = "Cmp">   --->   Core 9 'Cmp' <Latency = 0> <II = 1> <Delay = 1.87> <FuncUnit> <Opcode : 'seteq' 'setne' 'setle' 'setge' 'setlt' 'setgt'> <InPorts = 2> <OutPorts = 1>
ST_1 : Operation 60 [1/1] (0.00ns) (grouped into LUT with out node add_ln46_42)   --->   "%tmp_263 = bitselect i1 @_ssdm_op_BitSelect.i1.i16.i32, i16 %data_3_val_read, i32 8" [firmware/nnet_utils/nnet_activation.h:46]   --->   Operation 60 'bitselect' 'tmp_263' <Predicate = true> <Delay = 0.00>
ST_1 : Operation 61 [1/1] (0.00ns) (grouped into LUT with out node add_ln46_42)   --->   "%or_ln46_132 = or i1 %tmp_263, i1 %icmp_ln46_87" [firmware/nnet_utils/nnet_activation.h:46]   --->   Operation 61 'or' 'or_ln46_132' <Predicate = true> <Delay = 0.00> <CoreInst = "LogicGate">   --->   Core 74 'LogicGate' <Latency = 0> <II = 1> <Delay = 0.97> <FuncUnit> <Opcode : 'and' 'or' 'xor'> <InPorts = 2> <OutPorts = 1>
ST_1 : Operation 62 [1/1] (0.00ns) (grouped into LUT with out node add_ln46_42)   --->   "%and_ln46_77 = and i1 %or_ln46_132, i1 %tmp_261" [firmware/nnet_utils/nnet_activation.h:46]   --->   Operation 62 'and' 'and_ln46_77' <Predicate = true> <Delay = 0.00> <CoreInst = "LogicGate">   --->   Core 74 'LogicGate' <Latency = 0> <II = 1> <Delay = 0.97> <FuncUnit> <Opcode : 'and' 'or' 'xor'> <InPorts = 2> <OutPorts = 1>
ST_1 : Operation 63 [1/1] (0.00ns) (grouped into LUT with out node add_ln46_42)   --->   "%zext_ln46_42 = zext i1 %and_ln46_77" [firmware/nnet_utils/nnet_activation.h:46]   --->   Operation 63 'zext' 'zext_ln46_42' <Predicate = true> <Delay = 0.00>
ST_1 : Operation 64 [1/1] (1.56ns) (out node of the LUT)   --->   "%add_ln46_42 = add i2 %trunc_ln46_38, i2 %zext_ln46_42" [firmware/nnet_utils/nnet_activation.h:46]   --->   Operation 64 'add' 'add_ln46_42' <Predicate = true> <Delay = 1.56> <CoreInst = "Adder">   --->   Core 1 'Adder' <Latency = 0> <II = 1> <Delay = 1.56> <FuncUnit> <Opcode : 'add' 'sub'> <InPorts = 2> <OutPorts = 1>
ST_1 : Operation 65 [1/1] (0.00ns)   --->   "%tmp_264 = partselect i6 @_ssdm_op_PartSelect.i6.i16.i32.i32, i16 %data_3_val_read, i32 10, i32 15" [firmware/nnet_utils/nnet_activation.h:46]   --->   Operation 65 'partselect' 'tmp_264' <Predicate = true> <Delay = 0.00>
ST_1 : Operation 66 [1/1] (1.82ns)   --->   "%icmp_ln46_88 = icmp_eq  i6 %tmp_264, i6 0" [firmware/nnet_utils/nnet_activation.h:46]   --->   Operation 66 'icmp' 'icmp_ln46_88' <Predicate = true> <Delay = 1.82> <CoreInst = "Cmp">   --->   Core 9 'Cmp' <Latency = 0> <II = 1> <Delay = 1.82> <FuncUnit> <Opcode : 'seteq' 'setne' 'setle' 'setge' 'setlt' 'setgt'> <InPorts = 2> <OutPorts = 1>
ST_1 : Operation 67 [1/1] (0.00ns)   --->   "%tmp_266 = bitselect i1 @_ssdm_op_BitSelect.i1.i16.i32, i16 %data_4_val_read, i32 15" [firmware/nnet_utils/nnet_activation.h:46]   --->   Operation 67 'bitselect' 'tmp_266' <Predicate = true> <Delay = 0.00>
ST_1 : Operation 68 [1/1] (0.00ns) (grouped into LUT with out node add_ln46_43)   --->   "%trunc_ln46_39 = partselect i2 @_ssdm_op_PartSelect.i2.i16.i32.i32, i16 %data_4_val_read, i32 8, i32 9" [firmware/nnet_utils/nnet_activation.h:46]   --->   Operation 68 'partselect' 'trunc_ln46_39' <Predicate = true> <Delay = 0.00>
ST_1 : Operation 69 [1/1] (0.00ns) (grouped into LUT with out node add_ln46_43)   --->   "%tmp_267 = bitselect i1 @_ssdm_op_BitSelect.i1.i16.i32, i16 %data_4_val_read, i32 7" [firmware/nnet_utils/nnet_activation.h:46]   --->   Operation 69 'bitselect' 'tmp_267' <Predicate = true> <Delay = 0.00>
ST_1 : Operation 70 [1/1] (0.00ns)   --->   "%trunc_ln46_61 = trunc i16 %data_4_val_read" [firmware/nnet_utils/nnet_activation.h:46]   --->   Operation 70 'trunc' 'trunc_ln46_61' <Predicate = true> <Delay = 0.00>
ST_1 : Operation 71 [1/1] (1.87ns)   --->   "%icmp_ln46_89 = icmp_ne  i7 %trunc_ln46_61, i7 0" [firmware/nnet_utils/nnet_activation.h:46]   --->   Operation 71 'icmp' 'icmp_ln46_89' <Predicate = true> <Delay = 1.87> <CoreInst = "Cmp">   --->   Core 9 'Cmp' <Latency = 0> <II = 1> <Delay = 1.87> <FuncUnit> <Opcode : 'seteq' 'setne' 'setle' 'setge' 'setlt' 'setgt'> <InPorts = 2> <OutPorts = 1>
ST_1 : Operation 72 [1/1] (0.00ns) (grouped into LUT with out node add_ln46_43)   --->   "%tmp_269 = bitselect i1 @_ssdm_op_BitSelect.i1.i16.i32, i16 %data_4_val_read, i32 8" [firmware/nnet_utils/nnet_activation.h:46]   --->   Operation 72 'bitselect' 'tmp_269' <Predicate = true> <Delay = 0.00>
ST_1 : Operation 73 [1/1] (0.00ns) (grouped into LUT with out node add_ln46_43)   --->   "%or_ln46_135 = or i1 %tmp_269, i1 %icmp_ln46_89" [firmware/nnet_utils/nnet_activation.h:46]   --->   Operation 73 'or' 'or_ln46_135' <Predicate = true> <Delay = 0.00> <CoreInst = "LogicGate">   --->   Core 74 'LogicGate' <Latency = 0> <II = 1> <Delay = 0.97> <FuncUnit> <Opcode : 'and' 'or' 'xor'> <InPorts = 2> <OutPorts = 1>
ST_1 : Operation 74 [1/1] (0.00ns) (grouped into LUT with out node add_ln46_43)   --->   "%and_ln46_78 = and i1 %or_ln46_135, i1 %tmp_267" [firmware/nnet_utils/nnet_activation.h:46]   --->   Operation 74 'and' 'and_ln46_78' <Predicate = true> <Delay = 0.00> <CoreInst = "LogicGate">   --->   Core 74 'LogicGate' <Latency = 0> <II = 1> <Delay = 0.97> <FuncUnit> <Opcode : 'and' 'or' 'xor'> <InPorts = 2> <OutPorts = 1>
ST_1 : Operation 75 [1/1] (0.00ns) (grouped into LUT with out node add_ln46_43)   --->   "%zext_ln46_43 = zext i1 %and_ln46_78" [firmware/nnet_utils/nnet_activation.h:46]   --->   Operation 75 'zext' 'zext_ln46_43' <Predicate = true> <Delay = 0.00>
ST_1 : Operation 76 [1/1] (1.56ns) (out node of the LUT)   --->   "%add_ln46_43 = add i2 %trunc_ln46_39, i2 %zext_ln46_43" [firmware/nnet_utils/nnet_activation.h:46]   --->   Operation 76 'add' 'add_ln46_43' <Predicate = true> <Delay = 1.56> <CoreInst = "Adder">   --->   Core 1 'Adder' <Latency = 0> <II = 1> <Delay = 1.56> <FuncUnit> <Opcode : 'add' 'sub'> <InPorts = 2> <OutPorts = 1>
ST_1 : Operation 77 [1/1] (0.00ns)   --->   "%tmp_270 = partselect i6 @_ssdm_op_PartSelect.i6.i16.i32.i32, i16 %data_4_val_read, i32 10, i32 15" [firmware/nnet_utils/nnet_activation.h:46]   --->   Operation 77 'partselect' 'tmp_270' <Predicate = true> <Delay = 0.00>
ST_1 : Operation 78 [1/1] (1.82ns)   --->   "%icmp_ln46_90 = icmp_eq  i6 %tmp_270, i6 0" [firmware/nnet_utils/nnet_activation.h:46]   --->   Operation 78 'icmp' 'icmp_ln46_90' <Predicate = true> <Delay = 1.82> <CoreInst = "Cmp">   --->   Core 9 'Cmp' <Latency = 0> <II = 1> <Delay = 1.82> <FuncUnit> <Opcode : 'seteq' 'setne' 'setle' 'setge' 'setlt' 'setgt'> <InPorts = 2> <OutPorts = 1>
ST_1 : Operation 79 [1/1] (0.00ns)   --->   "%tmp_272 = bitselect i1 @_ssdm_op_BitSelect.i1.i16.i32, i16 %data_5_val_read, i32 15" [firmware/nnet_utils/nnet_activation.h:46]   --->   Operation 79 'bitselect' 'tmp_272' <Predicate = true> <Delay = 0.00>
ST_1 : Operation 80 [1/1] (0.00ns) (grouped into LUT with out node add_ln46_44)   --->   "%trunc_ln46_40 = partselect i2 @_ssdm_op_PartSelect.i2.i16.i32.i32, i16 %data_5_val_read, i32 8, i32 9" [firmware/nnet_utils/nnet_activation.h:46]   --->   Operation 80 'partselect' 'trunc_ln46_40' <Predicate = true> <Delay = 0.00>
ST_1 : Operation 81 [1/1] (0.00ns) (grouped into LUT with out node add_ln46_44)   --->   "%tmp_273 = bitselect i1 @_ssdm_op_BitSelect.i1.i16.i32, i16 %data_5_val_read, i32 7" [firmware/nnet_utils/nnet_activation.h:46]   --->   Operation 81 'bitselect' 'tmp_273' <Predicate = true> <Delay = 0.00>
ST_1 : Operation 82 [1/1] (0.00ns)   --->   "%trunc_ln46_62 = trunc i16 %data_5_val_read" [firmware/nnet_utils/nnet_activation.h:46]   --->   Operation 82 'trunc' 'trunc_ln46_62' <Predicate = true> <Delay = 0.00>
ST_1 : Operation 83 [1/1] (1.87ns)   --->   "%icmp_ln46_91 = icmp_ne  i7 %trunc_ln46_62, i7 0" [firmware/nnet_utils/nnet_activation.h:46]   --->   Operation 83 'icmp' 'icmp_ln46_91' <Predicate = true> <Delay = 1.87> <CoreInst = "Cmp">   --->   Core 9 'Cmp' <Latency = 0> <II = 1> <Delay = 1.87> <FuncUnit> <Opcode : 'seteq' 'setne' 'setle' 'setge' 'setlt' 'setgt'> <InPorts = 2> <OutPorts = 1>
ST_1 : Operation 84 [1/1] (0.00ns) (grouped into LUT with out node add_ln46_44)   --->   "%tmp_275 = bitselect i1 @_ssdm_op_BitSelect.i1.i16.i32, i16 %data_5_val_read, i32 8" [firmware/nnet_utils/nnet_activation.h:46]   --->   Operation 84 'bitselect' 'tmp_275' <Predicate = true> <Delay = 0.00>
ST_1 : Operation 85 [1/1] (0.00ns) (grouped into LUT with out node add_ln46_44)   --->   "%or_ln46_138 = or i1 %tmp_275, i1 %icmp_ln46_91" [firmware/nnet_utils/nnet_activation.h:46]   --->   Operation 85 'or' 'or_ln46_138' <Predicate = true> <Delay = 0.00> <CoreInst = "LogicGate">   --->   Core 74 'LogicGate' <Latency = 0> <II = 1> <Delay = 0.97> <FuncUnit> <Opcode : 'and' 'or' 'xor'> <InPorts = 2> <OutPorts = 1>
ST_1 : Operation 86 [1/1] (0.00ns) (grouped into LUT with out node add_ln46_44)   --->   "%and_ln46_79 = and i1 %or_ln46_138, i1 %tmp_273" [firmware/nnet_utils/nnet_activation.h:46]   --->   Operation 86 'and' 'and_ln46_79' <Predicate = true> <Delay = 0.00> <CoreInst = "LogicGate">   --->   Core 74 'LogicGate' <Latency = 0> <II = 1> <Delay = 0.97> <FuncUnit> <Opcode : 'and' 'or' 'xor'> <InPorts = 2> <OutPorts = 1>
ST_1 : Operation 87 [1/1] (0.00ns) (grouped into LUT with out node add_ln46_44)   --->   "%zext_ln46_44 = zext i1 %and_ln46_79" [firmware/nnet_utils/nnet_activation.h:46]   --->   Operation 87 'zext' 'zext_ln46_44' <Predicate = true> <Delay = 0.00>
ST_1 : Operation 88 [1/1] (1.56ns) (out node of the LUT)   --->   "%add_ln46_44 = add i2 %trunc_ln46_40, i2 %zext_ln46_44" [firmware/nnet_utils/nnet_activation.h:46]   --->   Operation 88 'add' 'add_ln46_44' <Predicate = true> <Delay = 1.56> <CoreInst = "Adder">   --->   Core 1 'Adder' <Latency = 0> <II = 1> <Delay = 1.56> <FuncUnit> <Opcode : 'add' 'sub'> <InPorts = 2> <OutPorts = 1>
ST_1 : Operation 89 [1/1] (0.00ns)   --->   "%tmp_276 = partselect i6 @_ssdm_op_PartSelect.i6.i16.i32.i32, i16 %data_5_val_read, i32 10, i32 15" [firmware/nnet_utils/nnet_activation.h:46]   --->   Operation 89 'partselect' 'tmp_276' <Predicate = true> <Delay = 0.00>
ST_1 : Operation 90 [1/1] (1.82ns)   --->   "%icmp_ln46_92 = icmp_eq  i6 %tmp_276, i6 0" [firmware/nnet_utils/nnet_activation.h:46]   --->   Operation 90 'icmp' 'icmp_ln46_92' <Predicate = true> <Delay = 1.82> <CoreInst = "Cmp">   --->   Core 9 'Cmp' <Latency = 0> <II = 1> <Delay = 1.82> <FuncUnit> <Opcode : 'seteq' 'setne' 'setle' 'setge' 'setlt' 'setgt'> <InPorts = 2> <OutPorts = 1>
ST_1 : Operation 91 [1/1] (0.00ns)   --->   "%tmp_278 = bitselect i1 @_ssdm_op_BitSelect.i1.i16.i32, i16 %data_6_val_read, i32 15" [firmware/nnet_utils/nnet_activation.h:46]   --->   Operation 91 'bitselect' 'tmp_278' <Predicate = true> <Delay = 0.00>
ST_1 : Operation 92 [1/1] (0.00ns) (grouped into LUT with out node add_ln46_45)   --->   "%trunc_ln46_41 = partselect i2 @_ssdm_op_PartSelect.i2.i16.i32.i32, i16 %data_6_val_read, i32 8, i32 9" [firmware/nnet_utils/nnet_activation.h:46]   --->   Operation 92 'partselect' 'trunc_ln46_41' <Predicate = true> <Delay = 0.00>
ST_1 : Operation 93 [1/1] (0.00ns) (grouped into LUT with out node add_ln46_45)   --->   "%tmp_279 = bitselect i1 @_ssdm_op_BitSelect.i1.i16.i32, i16 %data_6_val_read, i32 7" [firmware/nnet_utils/nnet_activation.h:46]   --->   Operation 93 'bitselect' 'tmp_279' <Predicate = true> <Delay = 0.00>
ST_1 : Operation 94 [1/1] (0.00ns)   --->   "%trunc_ln46_63 = trunc i16 %data_6_val_read" [firmware/nnet_utils/nnet_activation.h:46]   --->   Operation 94 'trunc' 'trunc_ln46_63' <Predicate = true> <Delay = 0.00>
ST_1 : Operation 95 [1/1] (1.87ns)   --->   "%icmp_ln46_93 = icmp_ne  i7 %trunc_ln46_63, i7 0" [firmware/nnet_utils/nnet_activation.h:46]   --->   Operation 95 'icmp' 'icmp_ln46_93' <Predicate = true> <Delay = 1.87> <CoreInst = "Cmp">   --->   Core 9 'Cmp' <Latency = 0> <II = 1> <Delay = 1.87> <FuncUnit> <Opcode : 'seteq' 'setne' 'setle' 'setge' 'setlt' 'setgt'> <InPorts = 2> <OutPorts = 1>
ST_1 : Operation 96 [1/1] (0.00ns) (grouped into LUT with out node add_ln46_45)   --->   "%tmp_281 = bitselect i1 @_ssdm_op_BitSelect.i1.i16.i32, i16 %data_6_val_read, i32 8" [firmware/nnet_utils/nnet_activation.h:46]   --->   Operation 96 'bitselect' 'tmp_281' <Predicate = true> <Delay = 0.00>
ST_1 : Operation 97 [1/1] (0.00ns) (grouped into LUT with out node add_ln46_45)   --->   "%or_ln46_141 = or i1 %tmp_281, i1 %icmp_ln46_93" [firmware/nnet_utils/nnet_activation.h:46]   --->   Operation 97 'or' 'or_ln46_141' <Predicate = true> <Delay = 0.00> <CoreInst = "LogicGate">   --->   Core 74 'LogicGate' <Latency = 0> <II = 1> <Delay = 0.97> <FuncUnit> <Opcode : 'and' 'or' 'xor'> <InPorts = 2> <OutPorts = 1>
ST_1 : Operation 98 [1/1] (0.00ns) (grouped into LUT with out node add_ln46_45)   --->   "%and_ln46_80 = and i1 %or_ln46_141, i1 %tmp_279" [firmware/nnet_utils/nnet_activation.h:46]   --->   Operation 98 'and' 'and_ln46_80' <Predicate = true> <Delay = 0.00> <CoreInst = "LogicGate">   --->   Core 74 'LogicGate' <Latency = 0> <II = 1> <Delay = 0.97> <FuncUnit> <Opcode : 'and' 'or' 'xor'> <InPorts = 2> <OutPorts = 1>
ST_1 : Operation 99 [1/1] (0.00ns) (grouped into LUT with out node add_ln46_45)   --->   "%zext_ln46_45 = zext i1 %and_ln46_80" [firmware/nnet_utils/nnet_activation.h:46]   --->   Operation 99 'zext' 'zext_ln46_45' <Predicate = true> <Delay = 0.00>
ST_1 : Operation 100 [1/1] (1.56ns) (out node of the LUT)   --->   "%add_ln46_45 = add i2 %trunc_ln46_41, i2 %zext_ln46_45" [firmware/nnet_utils/nnet_activation.h:46]   --->   Operation 100 'add' 'add_ln46_45' <Predicate = true> <Delay = 1.56> <CoreInst = "Adder">   --->   Core 1 'Adder' <Latency = 0> <II = 1> <Delay = 1.56> <FuncUnit> <Opcode : 'add' 'sub'> <InPorts = 2> <OutPorts = 1>
ST_1 : Operation 101 [1/1] (0.00ns)   --->   "%tmp_282 = partselect i6 @_ssdm_op_PartSelect.i6.i16.i32.i32, i16 %data_6_val_read, i32 10, i32 15" [firmware/nnet_utils/nnet_activation.h:46]   --->   Operation 101 'partselect' 'tmp_282' <Predicate = true> <Delay = 0.00>
ST_1 : Operation 102 [1/1] (1.82ns)   --->   "%icmp_ln46_94 = icmp_eq  i6 %tmp_282, i6 0" [firmware/nnet_utils/nnet_activation.h:46]   --->   Operation 102 'icmp' 'icmp_ln46_94' <Predicate = true> <Delay = 1.82> <CoreInst = "Cmp">   --->   Core 9 'Cmp' <Latency = 0> <II = 1> <Delay = 1.82> <FuncUnit> <Opcode : 'seteq' 'setne' 'setle' 'setge' 'setlt' 'setgt'> <InPorts = 2> <OutPorts = 1>
ST_1 : Operation 103 [1/1] (0.00ns)   --->   "%tmp_284 = bitselect i1 @_ssdm_op_BitSelect.i1.i16.i32, i16 %data_7_val_read, i32 15" [firmware/nnet_utils/nnet_activation.h:46]   --->   Operation 103 'bitselect' 'tmp_284' <Predicate = true> <Delay = 0.00>
ST_1 : Operation 104 [1/1] (0.00ns) (grouped into LUT with out node add_ln46_46)   --->   "%trunc_ln46_42 = partselect i2 @_ssdm_op_PartSelect.i2.i16.i32.i32, i16 %data_7_val_read, i32 8, i32 9" [firmware/nnet_utils/nnet_activation.h:46]   --->   Operation 104 'partselect' 'trunc_ln46_42' <Predicate = true> <Delay = 0.00>
ST_1 : Operation 105 [1/1] (0.00ns) (grouped into LUT with out node add_ln46_46)   --->   "%tmp_285 = bitselect i1 @_ssdm_op_BitSelect.i1.i16.i32, i16 %data_7_val_read, i32 7" [firmware/nnet_utils/nnet_activation.h:46]   --->   Operation 105 'bitselect' 'tmp_285' <Predicate = true> <Delay = 0.00>
ST_1 : Operation 106 [1/1] (0.00ns)   --->   "%trunc_ln46_64 = trunc i16 %data_7_val_read" [firmware/nnet_utils/nnet_activation.h:46]   --->   Operation 106 'trunc' 'trunc_ln46_64' <Predicate = true> <Delay = 0.00>
ST_1 : Operation 107 [1/1] (1.87ns)   --->   "%icmp_ln46_95 = icmp_ne  i7 %trunc_ln46_64, i7 0" [firmware/nnet_utils/nnet_activation.h:46]   --->   Operation 107 'icmp' 'icmp_ln46_95' <Predicate = true> <Delay = 1.87> <CoreInst = "Cmp">   --->   Core 9 'Cmp' <Latency = 0> <II = 1> <Delay = 1.87> <FuncUnit> <Opcode : 'seteq' 'setne' 'setle' 'setge' 'setlt' 'setgt'> <InPorts = 2> <OutPorts = 1>
ST_1 : Operation 108 [1/1] (0.00ns) (grouped into LUT with out node add_ln46_46)   --->   "%tmp_287 = bitselect i1 @_ssdm_op_BitSelect.i1.i16.i32, i16 %data_7_val_read, i32 8" [firmware/nnet_utils/nnet_activation.h:46]   --->   Operation 108 'bitselect' 'tmp_287' <Predicate = true> <Delay = 0.00>
ST_1 : Operation 109 [1/1] (0.00ns) (grouped into LUT with out node add_ln46_46)   --->   "%or_ln46_144 = or i1 %tmp_287, i1 %icmp_ln46_95" [firmware/nnet_utils/nnet_activation.h:46]   --->   Operation 109 'or' 'or_ln46_144' <Predicate = true> <Delay = 0.00> <CoreInst = "LogicGate">   --->   Core 74 'LogicGate' <Latency = 0> <II = 1> <Delay = 0.97> <FuncUnit> <Opcode : 'and' 'or' 'xor'> <InPorts = 2> <OutPorts = 1>
ST_1 : Operation 110 [1/1] (0.00ns) (grouped into LUT with out node add_ln46_46)   --->   "%and_ln46_81 = and i1 %or_ln46_144, i1 %tmp_285" [firmware/nnet_utils/nnet_activation.h:46]   --->   Operation 110 'and' 'and_ln46_81' <Predicate = true> <Delay = 0.00> <CoreInst = "LogicGate">   --->   Core 74 'LogicGate' <Latency = 0> <II = 1> <Delay = 0.97> <FuncUnit> <Opcode : 'and' 'or' 'xor'> <InPorts = 2> <OutPorts = 1>
ST_1 : Operation 111 [1/1] (0.00ns) (grouped into LUT with out node add_ln46_46)   --->   "%zext_ln46_46 = zext i1 %and_ln46_81" [firmware/nnet_utils/nnet_activation.h:46]   --->   Operation 111 'zext' 'zext_ln46_46' <Predicate = true> <Delay = 0.00>
ST_1 : Operation 112 [1/1] (1.56ns) (out node of the LUT)   --->   "%add_ln46_46 = add i2 %trunc_ln46_42, i2 %zext_ln46_46" [firmware/nnet_utils/nnet_activation.h:46]   --->   Operation 112 'add' 'add_ln46_46' <Predicate = true> <Delay = 1.56> <CoreInst = "Adder">   --->   Core 1 'Adder' <Latency = 0> <II = 1> <Delay = 1.56> <FuncUnit> <Opcode : 'add' 'sub'> <InPorts = 2> <OutPorts = 1>
ST_1 : Operation 113 [1/1] (0.00ns)   --->   "%tmp_288 = partselect i6 @_ssdm_op_PartSelect.i6.i16.i32.i32, i16 %data_7_val_read, i32 10, i32 15" [firmware/nnet_utils/nnet_activation.h:46]   --->   Operation 113 'partselect' 'tmp_288' <Predicate = true> <Delay = 0.00>
ST_1 : Operation 114 [1/1] (1.82ns)   --->   "%icmp_ln46_96 = icmp_eq  i6 %tmp_288, i6 0" [firmware/nnet_utils/nnet_activation.h:46]   --->   Operation 114 'icmp' 'icmp_ln46_96' <Predicate = true> <Delay = 1.82> <CoreInst = "Cmp">   --->   Core 9 'Cmp' <Latency = 0> <II = 1> <Delay = 1.82> <FuncUnit> <Opcode : 'seteq' 'setne' 'setle' 'setge' 'setlt' 'setgt'> <InPorts = 2> <OutPorts = 1>
ST_1 : Operation 115 [1/1] (0.00ns)   --->   "%tmp_290 = bitselect i1 @_ssdm_op_BitSelect.i1.i16.i32, i16 %data_8_val_read, i32 15" [firmware/nnet_utils/nnet_activation.h:46]   --->   Operation 115 'bitselect' 'tmp_290' <Predicate = true> <Delay = 0.00>
ST_1 : Operation 116 [1/1] (0.00ns) (grouped into LUT with out node add_ln46_47)   --->   "%trunc_ln46_43 = partselect i2 @_ssdm_op_PartSelect.i2.i16.i32.i32, i16 %data_8_val_read, i32 8, i32 9" [firmware/nnet_utils/nnet_activation.h:46]   --->   Operation 116 'partselect' 'trunc_ln46_43' <Predicate = true> <Delay = 0.00>
ST_1 : Operation 117 [1/1] (0.00ns) (grouped into LUT with out node add_ln46_47)   --->   "%tmp_291 = bitselect i1 @_ssdm_op_BitSelect.i1.i16.i32, i16 %data_8_val_read, i32 7" [firmware/nnet_utils/nnet_activation.h:46]   --->   Operation 117 'bitselect' 'tmp_291' <Predicate = true> <Delay = 0.00>
ST_1 : Operation 118 [1/1] (0.00ns)   --->   "%trunc_ln46_65 = trunc i16 %data_8_val_read" [firmware/nnet_utils/nnet_activation.h:46]   --->   Operation 118 'trunc' 'trunc_ln46_65' <Predicate = true> <Delay = 0.00>
ST_1 : Operation 119 [1/1] (1.87ns)   --->   "%icmp_ln46_97 = icmp_ne  i7 %trunc_ln46_65, i7 0" [firmware/nnet_utils/nnet_activation.h:46]   --->   Operation 119 'icmp' 'icmp_ln46_97' <Predicate = true> <Delay = 1.87> <CoreInst = "Cmp">   --->   Core 9 'Cmp' <Latency = 0> <II = 1> <Delay = 1.87> <FuncUnit> <Opcode : 'seteq' 'setne' 'setle' 'setge' 'setlt' 'setgt'> <InPorts = 2> <OutPorts = 1>
ST_1 : Operation 120 [1/1] (0.00ns) (grouped into LUT with out node add_ln46_47)   --->   "%tmp_293 = bitselect i1 @_ssdm_op_BitSelect.i1.i16.i32, i16 %data_8_val_read, i32 8" [firmware/nnet_utils/nnet_activation.h:46]   --->   Operation 120 'bitselect' 'tmp_293' <Predicate = true> <Delay = 0.00>
ST_1 : Operation 121 [1/1] (0.00ns) (grouped into LUT with out node add_ln46_47)   --->   "%or_ln46_147 = or i1 %tmp_293, i1 %icmp_ln46_97" [firmware/nnet_utils/nnet_activation.h:46]   --->   Operation 121 'or' 'or_ln46_147' <Predicate = true> <Delay = 0.00> <CoreInst = "LogicGate">   --->   Core 74 'LogicGate' <Latency = 0> <II = 1> <Delay = 0.97> <FuncUnit> <Opcode : 'and' 'or' 'xor'> <InPorts = 2> <OutPorts = 1>
ST_1 : Operation 122 [1/1] (0.00ns) (grouped into LUT with out node add_ln46_47)   --->   "%and_ln46_83 = and i1 %or_ln46_147, i1 %tmp_291" [firmware/nnet_utils/nnet_activation.h:46]   --->   Operation 122 'and' 'and_ln46_83' <Predicate = true> <Delay = 0.00> <CoreInst = "LogicGate">   --->   Core 74 'LogicGate' <Latency = 0> <II = 1> <Delay = 0.97> <FuncUnit> <Opcode : 'and' 'or' 'xor'> <InPorts = 2> <OutPorts = 1>
ST_1 : Operation 123 [1/1] (0.00ns) (grouped into LUT with out node add_ln46_47)   --->   "%zext_ln46_47 = zext i1 %and_ln46_83" [firmware/nnet_utils/nnet_activation.h:46]   --->   Operation 123 'zext' 'zext_ln46_47' <Predicate = true> <Delay = 0.00>
ST_1 : Operation 124 [1/1] (1.56ns) (out node of the LUT)   --->   "%add_ln46_47 = add i2 %trunc_ln46_43, i2 %zext_ln46_47" [firmware/nnet_utils/nnet_activation.h:46]   --->   Operation 124 'add' 'add_ln46_47' <Predicate = true> <Delay = 1.56> <CoreInst = "Adder">   --->   Core 1 'Adder' <Latency = 0> <II = 1> <Delay = 1.56> <FuncUnit> <Opcode : 'add' 'sub'> <InPorts = 2> <OutPorts = 1>
ST_1 : Operation 125 [1/1] (0.00ns)   --->   "%tmp_294 = partselect i6 @_ssdm_op_PartSelect.i6.i16.i32.i32, i16 %data_8_val_read, i32 10, i32 15" [firmware/nnet_utils/nnet_activation.h:46]   --->   Operation 125 'partselect' 'tmp_294' <Predicate = true> <Delay = 0.00>
ST_1 : Operation 126 [1/1] (1.82ns)   --->   "%icmp_ln46_98 = icmp_eq  i6 %tmp_294, i6 0" [firmware/nnet_utils/nnet_activation.h:46]   --->   Operation 126 'icmp' 'icmp_ln46_98' <Predicate = true> <Delay = 1.82> <CoreInst = "Cmp">   --->   Core 9 'Cmp' <Latency = 0> <II = 1> <Delay = 1.82> <FuncUnit> <Opcode : 'seteq' 'setne' 'setle' 'setge' 'setlt' 'setgt'> <InPorts = 2> <OutPorts = 1>
ST_1 : Operation 127 [1/1] (0.00ns)   --->   "%tmp_296 = bitselect i1 @_ssdm_op_BitSelect.i1.i16.i32, i16 %data_9_val_read, i32 15" [firmware/nnet_utils/nnet_activation.h:46]   --->   Operation 127 'bitselect' 'tmp_296' <Predicate = true> <Delay = 0.00>
ST_1 : Operation 128 [1/1] (0.00ns) (grouped into LUT with out node add_ln46_48)   --->   "%trunc_ln46_44 = partselect i2 @_ssdm_op_PartSelect.i2.i16.i32.i32, i16 %data_9_val_read, i32 8, i32 9" [firmware/nnet_utils/nnet_activation.h:46]   --->   Operation 128 'partselect' 'trunc_ln46_44' <Predicate = true> <Delay = 0.00>
ST_1 : Operation 129 [1/1] (0.00ns) (grouped into LUT with out node add_ln46_48)   --->   "%tmp_297 = bitselect i1 @_ssdm_op_BitSelect.i1.i16.i32, i16 %data_9_val_read, i32 7" [firmware/nnet_utils/nnet_activation.h:46]   --->   Operation 129 'bitselect' 'tmp_297' <Predicate = true> <Delay = 0.00>
ST_1 : Operation 130 [1/1] (0.00ns)   --->   "%trunc_ln46_66 = trunc i16 %data_9_val_read" [firmware/nnet_utils/nnet_activation.h:46]   --->   Operation 130 'trunc' 'trunc_ln46_66' <Predicate = true> <Delay = 0.00>
ST_1 : Operation 131 [1/1] (1.87ns)   --->   "%icmp_ln46_99 = icmp_ne  i7 %trunc_ln46_66, i7 0" [firmware/nnet_utils/nnet_activation.h:46]   --->   Operation 131 'icmp' 'icmp_ln46_99' <Predicate = true> <Delay = 1.87> <CoreInst = "Cmp">   --->   Core 9 'Cmp' <Latency = 0> <II = 1> <Delay = 1.87> <FuncUnit> <Opcode : 'seteq' 'setne' 'setle' 'setge' 'setlt' 'setgt'> <InPorts = 2> <OutPorts = 1>
ST_1 : Operation 132 [1/1] (0.00ns) (grouped into LUT with out node add_ln46_48)   --->   "%tmp_299 = bitselect i1 @_ssdm_op_BitSelect.i1.i16.i32, i16 %data_9_val_read, i32 8" [firmware/nnet_utils/nnet_activation.h:46]   --->   Operation 132 'bitselect' 'tmp_299' <Predicate = true> <Delay = 0.00>
ST_1 : Operation 133 [1/1] (0.00ns) (grouped into LUT with out node add_ln46_48)   --->   "%or_ln46_150 = or i1 %tmp_299, i1 %icmp_ln46_99" [firmware/nnet_utils/nnet_activation.h:46]   --->   Operation 133 'or' 'or_ln46_150' <Predicate = true> <Delay = 0.00> <CoreInst = "LogicGate">   --->   Core 74 'LogicGate' <Latency = 0> <II = 1> <Delay = 0.97> <FuncUnit> <Opcode : 'and' 'or' 'xor'> <InPorts = 2> <OutPorts = 1>
ST_1 : Operation 134 [1/1] (0.00ns) (grouped into LUT with out node add_ln46_48)   --->   "%and_ln46_85 = and i1 %or_ln46_150, i1 %tmp_297" [firmware/nnet_utils/nnet_activation.h:46]   --->   Operation 134 'and' 'and_ln46_85' <Predicate = true> <Delay = 0.00> <CoreInst = "LogicGate">   --->   Core 74 'LogicGate' <Latency = 0> <II = 1> <Delay = 0.97> <FuncUnit> <Opcode : 'and' 'or' 'xor'> <InPorts = 2> <OutPorts = 1>
ST_1 : Operation 135 [1/1] (0.00ns) (grouped into LUT with out node add_ln46_48)   --->   "%zext_ln46_48 = zext i1 %and_ln46_85" [firmware/nnet_utils/nnet_activation.h:46]   --->   Operation 135 'zext' 'zext_ln46_48' <Predicate = true> <Delay = 0.00>
ST_1 : Operation 136 [1/1] (1.56ns) (out node of the LUT)   --->   "%add_ln46_48 = add i2 %trunc_ln46_44, i2 %zext_ln46_48" [firmware/nnet_utils/nnet_activation.h:46]   --->   Operation 136 'add' 'add_ln46_48' <Predicate = true> <Delay = 1.56> <CoreInst = "Adder">   --->   Core 1 'Adder' <Latency = 0> <II = 1> <Delay = 1.56> <FuncUnit> <Opcode : 'add' 'sub'> <InPorts = 2> <OutPorts = 1>
ST_1 : Operation 137 [1/1] (0.00ns)   --->   "%tmp_300 = partselect i6 @_ssdm_op_PartSelect.i6.i16.i32.i32, i16 %data_9_val_read, i32 10, i32 15" [firmware/nnet_utils/nnet_activation.h:46]   --->   Operation 137 'partselect' 'tmp_300' <Predicate = true> <Delay = 0.00>
ST_1 : Operation 138 [1/1] (1.82ns)   --->   "%icmp_ln46_100 = icmp_eq  i6 %tmp_300, i6 0" [firmware/nnet_utils/nnet_activation.h:46]   --->   Operation 138 'icmp' 'icmp_ln46_100' <Predicate = true> <Delay = 1.82> <CoreInst = "Cmp">   --->   Core 9 'Cmp' <Latency = 0> <II = 1> <Delay = 1.82> <FuncUnit> <Opcode : 'seteq' 'setne' 'setle' 'setge' 'setlt' 'setgt'> <InPorts = 2> <OutPorts = 1>
ST_1 : Operation 139 [1/1] (0.00ns)   --->   "%tmp_302 = bitselect i1 @_ssdm_op_BitSelect.i1.i16.i32, i16 %data_10_val_read, i32 15" [firmware/nnet_utils/nnet_activation.h:46]   --->   Operation 139 'bitselect' 'tmp_302' <Predicate = true> <Delay = 0.00>
ST_1 : Operation 140 [1/1] (0.00ns) (grouped into LUT with out node add_ln46_49)   --->   "%trunc_ln46_45 = partselect i2 @_ssdm_op_PartSelect.i2.i16.i32.i32, i16 %data_10_val_read, i32 8, i32 9" [firmware/nnet_utils/nnet_activation.h:46]   --->   Operation 140 'partselect' 'trunc_ln46_45' <Predicate = true> <Delay = 0.00>
ST_1 : Operation 141 [1/1] (0.00ns) (grouped into LUT with out node add_ln46_49)   --->   "%tmp_303 = bitselect i1 @_ssdm_op_BitSelect.i1.i16.i32, i16 %data_10_val_read, i32 7" [firmware/nnet_utils/nnet_activation.h:46]   --->   Operation 141 'bitselect' 'tmp_303' <Predicate = true> <Delay = 0.00>
ST_1 : Operation 142 [1/1] (0.00ns)   --->   "%trunc_ln46_67 = trunc i16 %data_10_val_read" [firmware/nnet_utils/nnet_activation.h:46]   --->   Operation 142 'trunc' 'trunc_ln46_67' <Predicate = true> <Delay = 0.00>
ST_1 : Operation 143 [1/1] (1.87ns)   --->   "%icmp_ln46_101 = icmp_ne  i7 %trunc_ln46_67, i7 0" [firmware/nnet_utils/nnet_activation.h:46]   --->   Operation 143 'icmp' 'icmp_ln46_101' <Predicate = true> <Delay = 1.87> <CoreInst = "Cmp">   --->   Core 9 'Cmp' <Latency = 0> <II = 1> <Delay = 1.87> <FuncUnit> <Opcode : 'seteq' 'setne' 'setle' 'setge' 'setlt' 'setgt'> <InPorts = 2> <OutPorts = 1>
ST_1 : Operation 144 [1/1] (0.00ns) (grouped into LUT with out node add_ln46_49)   --->   "%tmp_305 = bitselect i1 @_ssdm_op_BitSelect.i1.i16.i32, i16 %data_10_val_read, i32 8" [firmware/nnet_utils/nnet_activation.h:46]   --->   Operation 144 'bitselect' 'tmp_305' <Predicate = true> <Delay = 0.00>
ST_1 : Operation 145 [1/1] (0.00ns) (grouped into LUT with out node add_ln46_49)   --->   "%or_ln46_153 = or i1 %tmp_305, i1 %icmp_ln46_101" [firmware/nnet_utils/nnet_activation.h:46]   --->   Operation 145 'or' 'or_ln46_153' <Predicate = true> <Delay = 0.00> <CoreInst = "LogicGate">   --->   Core 74 'LogicGate' <Latency = 0> <II = 1> <Delay = 0.97> <FuncUnit> <Opcode : 'and' 'or' 'xor'> <InPorts = 2> <OutPorts = 1>
ST_1 : Operation 146 [1/1] (0.00ns) (grouped into LUT with out node add_ln46_49)   --->   "%and_ln46_87 = and i1 %or_ln46_153, i1 %tmp_303" [firmware/nnet_utils/nnet_activation.h:46]   --->   Operation 146 'and' 'and_ln46_87' <Predicate = true> <Delay = 0.00> <CoreInst = "LogicGate">   --->   Core 74 'LogicGate' <Latency = 0> <II = 1> <Delay = 0.97> <FuncUnit> <Opcode : 'and' 'or' 'xor'> <InPorts = 2> <OutPorts = 1>
ST_1 : Operation 147 [1/1] (0.00ns) (grouped into LUT with out node add_ln46_49)   --->   "%zext_ln46_49 = zext i1 %and_ln46_87" [firmware/nnet_utils/nnet_activation.h:46]   --->   Operation 147 'zext' 'zext_ln46_49' <Predicate = true> <Delay = 0.00>
ST_1 : Operation 148 [1/1] (1.56ns) (out node of the LUT)   --->   "%add_ln46_49 = add i2 %trunc_ln46_45, i2 %zext_ln46_49" [firmware/nnet_utils/nnet_activation.h:46]   --->   Operation 148 'add' 'add_ln46_49' <Predicate = true> <Delay = 1.56> <CoreInst = "Adder">   --->   Core 1 'Adder' <Latency = 0> <II = 1> <Delay = 1.56> <FuncUnit> <Opcode : 'add' 'sub'> <InPorts = 2> <OutPorts = 1>
ST_1 : Operation 149 [1/1] (0.00ns)   --->   "%tmp_306 = partselect i6 @_ssdm_op_PartSelect.i6.i16.i32.i32, i16 %data_10_val_read, i32 10, i32 15" [firmware/nnet_utils/nnet_activation.h:46]   --->   Operation 149 'partselect' 'tmp_306' <Predicate = true> <Delay = 0.00>
ST_1 : Operation 150 [1/1] (1.82ns)   --->   "%icmp_ln46_102 = icmp_eq  i6 %tmp_306, i6 0" [firmware/nnet_utils/nnet_activation.h:46]   --->   Operation 150 'icmp' 'icmp_ln46_102' <Predicate = true> <Delay = 1.82> <CoreInst = "Cmp">   --->   Core 9 'Cmp' <Latency = 0> <II = 1> <Delay = 1.82> <FuncUnit> <Opcode : 'seteq' 'setne' 'setle' 'setge' 'setlt' 'setgt'> <InPorts = 2> <OutPorts = 1>
ST_1 : Operation 151 [1/1] (0.00ns)   --->   "%tmp_308 = bitselect i1 @_ssdm_op_BitSelect.i1.i16.i32, i16 %data_11_val_read, i32 15" [firmware/nnet_utils/nnet_activation.h:46]   --->   Operation 151 'bitselect' 'tmp_308' <Predicate = true> <Delay = 0.00>
ST_1 : Operation 152 [1/1] (0.00ns) (grouped into LUT with out node add_ln46_50)   --->   "%trunc_ln46_46 = partselect i2 @_ssdm_op_PartSelect.i2.i16.i32.i32, i16 %data_11_val_read, i32 8, i32 9" [firmware/nnet_utils/nnet_activation.h:46]   --->   Operation 152 'partselect' 'trunc_ln46_46' <Predicate = true> <Delay = 0.00>
ST_1 : Operation 153 [1/1] (0.00ns) (grouped into LUT with out node add_ln46_50)   --->   "%tmp_309 = bitselect i1 @_ssdm_op_BitSelect.i1.i16.i32, i16 %data_11_val_read, i32 7" [firmware/nnet_utils/nnet_activation.h:46]   --->   Operation 153 'bitselect' 'tmp_309' <Predicate = true> <Delay = 0.00>
ST_1 : Operation 154 [1/1] (0.00ns)   --->   "%trunc_ln46_68 = trunc i16 %data_11_val_read" [firmware/nnet_utils/nnet_activation.h:46]   --->   Operation 154 'trunc' 'trunc_ln46_68' <Predicate = true> <Delay = 0.00>
ST_1 : Operation 155 [1/1] (1.87ns)   --->   "%icmp_ln46_103 = icmp_ne  i7 %trunc_ln46_68, i7 0" [firmware/nnet_utils/nnet_activation.h:46]   --->   Operation 155 'icmp' 'icmp_ln46_103' <Predicate = true> <Delay = 1.87> <CoreInst = "Cmp">   --->   Core 9 'Cmp' <Latency = 0> <II = 1> <Delay = 1.87> <FuncUnit> <Opcode : 'seteq' 'setne' 'setle' 'setge' 'setlt' 'setgt'> <InPorts = 2> <OutPorts = 1>
ST_1 : Operation 156 [1/1] (0.00ns) (grouped into LUT with out node add_ln46_50)   --->   "%tmp_311 = bitselect i1 @_ssdm_op_BitSelect.i1.i16.i32, i16 %data_11_val_read, i32 8" [firmware/nnet_utils/nnet_activation.h:46]   --->   Operation 156 'bitselect' 'tmp_311' <Predicate = true> <Delay = 0.00>
ST_1 : Operation 157 [1/1] (0.00ns) (grouped into LUT with out node add_ln46_50)   --->   "%or_ln46_156 = or i1 %tmp_311, i1 %icmp_ln46_103" [firmware/nnet_utils/nnet_activation.h:46]   --->   Operation 157 'or' 'or_ln46_156' <Predicate = true> <Delay = 0.00> <CoreInst = "LogicGate">   --->   Core 74 'LogicGate' <Latency = 0> <II = 1> <Delay = 0.97> <FuncUnit> <Opcode : 'and' 'or' 'xor'> <InPorts = 2> <OutPorts = 1>
ST_1 : Operation 158 [1/1] (0.00ns) (grouped into LUT with out node add_ln46_50)   --->   "%and_ln46_89 = and i1 %or_ln46_156, i1 %tmp_309" [firmware/nnet_utils/nnet_activation.h:46]   --->   Operation 158 'and' 'and_ln46_89' <Predicate = true> <Delay = 0.00> <CoreInst = "LogicGate">   --->   Core 74 'LogicGate' <Latency = 0> <II = 1> <Delay = 0.97> <FuncUnit> <Opcode : 'and' 'or' 'xor'> <InPorts = 2> <OutPorts = 1>
ST_1 : Operation 159 [1/1] (0.00ns) (grouped into LUT with out node add_ln46_50)   --->   "%zext_ln46_50 = zext i1 %and_ln46_89" [firmware/nnet_utils/nnet_activation.h:46]   --->   Operation 159 'zext' 'zext_ln46_50' <Predicate = true> <Delay = 0.00>
ST_1 : Operation 160 [1/1] (1.56ns) (out node of the LUT)   --->   "%add_ln46_50 = add i2 %trunc_ln46_46, i2 %zext_ln46_50" [firmware/nnet_utils/nnet_activation.h:46]   --->   Operation 160 'add' 'add_ln46_50' <Predicate = true> <Delay = 1.56> <CoreInst = "Adder">   --->   Core 1 'Adder' <Latency = 0> <II = 1> <Delay = 1.56> <FuncUnit> <Opcode : 'add' 'sub'> <InPorts = 2> <OutPorts = 1>
ST_1 : Operation 161 [1/1] (0.00ns)   --->   "%tmp_312 = partselect i6 @_ssdm_op_PartSelect.i6.i16.i32.i32, i16 %data_11_val_read, i32 10, i32 15" [firmware/nnet_utils/nnet_activation.h:46]   --->   Operation 161 'partselect' 'tmp_312' <Predicate = true> <Delay = 0.00>
ST_1 : Operation 162 [1/1] (1.82ns)   --->   "%icmp_ln46_104 = icmp_eq  i6 %tmp_312, i6 0" [firmware/nnet_utils/nnet_activation.h:46]   --->   Operation 162 'icmp' 'icmp_ln46_104' <Predicate = true> <Delay = 1.82> <CoreInst = "Cmp">   --->   Core 9 'Cmp' <Latency = 0> <II = 1> <Delay = 1.82> <FuncUnit> <Opcode : 'seteq' 'setne' 'setle' 'setge' 'setlt' 'setgt'> <InPorts = 2> <OutPorts = 1>
ST_1 : Operation 163 [1/1] (0.00ns)   --->   "%tmp_314 = bitselect i1 @_ssdm_op_BitSelect.i1.i16.i32, i16 %data_12_val_read, i32 15" [firmware/nnet_utils/nnet_activation.h:46]   --->   Operation 163 'bitselect' 'tmp_314' <Predicate = true> <Delay = 0.00>
ST_1 : Operation 164 [1/1] (0.00ns) (grouped into LUT with out node add_ln46_51)   --->   "%trunc_ln46_47 = partselect i2 @_ssdm_op_PartSelect.i2.i16.i32.i32, i16 %data_12_val_read, i32 8, i32 9" [firmware/nnet_utils/nnet_activation.h:46]   --->   Operation 164 'partselect' 'trunc_ln46_47' <Predicate = true> <Delay = 0.00>
ST_1 : Operation 165 [1/1] (0.00ns) (grouped into LUT with out node add_ln46_51)   --->   "%tmp_315 = bitselect i1 @_ssdm_op_BitSelect.i1.i16.i32, i16 %data_12_val_read, i32 7" [firmware/nnet_utils/nnet_activation.h:46]   --->   Operation 165 'bitselect' 'tmp_315' <Predicate = true> <Delay = 0.00>
ST_1 : Operation 166 [1/1] (0.00ns)   --->   "%trunc_ln46_69 = trunc i16 %data_12_val_read" [firmware/nnet_utils/nnet_activation.h:46]   --->   Operation 166 'trunc' 'trunc_ln46_69' <Predicate = true> <Delay = 0.00>
ST_1 : Operation 167 [1/1] (1.87ns)   --->   "%icmp_ln46_105 = icmp_ne  i7 %trunc_ln46_69, i7 0" [firmware/nnet_utils/nnet_activation.h:46]   --->   Operation 167 'icmp' 'icmp_ln46_105' <Predicate = true> <Delay = 1.87> <CoreInst = "Cmp">   --->   Core 9 'Cmp' <Latency = 0> <II = 1> <Delay = 1.87> <FuncUnit> <Opcode : 'seteq' 'setne' 'setle' 'setge' 'setlt' 'setgt'> <InPorts = 2> <OutPorts = 1>
ST_1 : Operation 168 [1/1] (0.00ns) (grouped into LUT with out node add_ln46_51)   --->   "%tmp_317 = bitselect i1 @_ssdm_op_BitSelect.i1.i16.i32, i16 %data_12_val_read, i32 8" [firmware/nnet_utils/nnet_activation.h:46]   --->   Operation 168 'bitselect' 'tmp_317' <Predicate = true> <Delay = 0.00>
ST_1 : Operation 169 [1/1] (0.00ns) (grouped into LUT with out node add_ln46_51)   --->   "%or_ln46_159 = or i1 %tmp_317, i1 %icmp_ln46_105" [firmware/nnet_utils/nnet_activation.h:46]   --->   Operation 169 'or' 'or_ln46_159' <Predicate = true> <Delay = 0.00> <CoreInst = "LogicGate">   --->   Core 74 'LogicGate' <Latency = 0> <II = 1> <Delay = 0.97> <FuncUnit> <Opcode : 'and' 'or' 'xor'> <InPorts = 2> <OutPorts = 1>
ST_1 : Operation 170 [1/1] (0.00ns) (grouped into LUT with out node add_ln46_51)   --->   "%and_ln46_91 = and i1 %or_ln46_159, i1 %tmp_315" [firmware/nnet_utils/nnet_activation.h:46]   --->   Operation 170 'and' 'and_ln46_91' <Predicate = true> <Delay = 0.00> <CoreInst = "LogicGate">   --->   Core 74 'LogicGate' <Latency = 0> <II = 1> <Delay = 0.97> <FuncUnit> <Opcode : 'and' 'or' 'xor'> <InPorts = 2> <OutPorts = 1>
ST_1 : Operation 171 [1/1] (0.00ns) (grouped into LUT with out node add_ln46_51)   --->   "%zext_ln46_51 = zext i1 %and_ln46_91" [firmware/nnet_utils/nnet_activation.h:46]   --->   Operation 171 'zext' 'zext_ln46_51' <Predicate = true> <Delay = 0.00>
ST_1 : Operation 172 [1/1] (1.56ns) (out node of the LUT)   --->   "%add_ln46_51 = add i2 %trunc_ln46_47, i2 %zext_ln46_51" [firmware/nnet_utils/nnet_activation.h:46]   --->   Operation 172 'add' 'add_ln46_51' <Predicate = true> <Delay = 1.56> <CoreInst = "Adder">   --->   Core 1 'Adder' <Latency = 0> <II = 1> <Delay = 1.56> <FuncUnit> <Opcode : 'add' 'sub'> <InPorts = 2> <OutPorts = 1>
ST_1 : Operation 173 [1/1] (0.00ns)   --->   "%tmp_318 = partselect i6 @_ssdm_op_PartSelect.i6.i16.i32.i32, i16 %data_12_val_read, i32 10, i32 15" [firmware/nnet_utils/nnet_activation.h:46]   --->   Operation 173 'partselect' 'tmp_318' <Predicate = true> <Delay = 0.00>
ST_1 : Operation 174 [1/1] (1.82ns)   --->   "%icmp_ln46_106 = icmp_eq  i6 %tmp_318, i6 0" [firmware/nnet_utils/nnet_activation.h:46]   --->   Operation 174 'icmp' 'icmp_ln46_106' <Predicate = true> <Delay = 1.82> <CoreInst = "Cmp">   --->   Core 9 'Cmp' <Latency = 0> <II = 1> <Delay = 1.82> <FuncUnit> <Opcode : 'seteq' 'setne' 'setle' 'setge' 'setlt' 'setgt'> <InPorts = 2> <OutPorts = 1>
ST_1 : Operation 175 [1/1] (0.00ns)   --->   "%tmp_320 = bitselect i1 @_ssdm_op_BitSelect.i1.i16.i32, i16 %data_13_val_read, i32 15" [firmware/nnet_utils/nnet_activation.h:46]   --->   Operation 175 'bitselect' 'tmp_320' <Predicate = true> <Delay = 0.00>
ST_1 : Operation 176 [1/1] (0.00ns) (grouped into LUT with out node add_ln46_52)   --->   "%trunc_ln46_48 = partselect i2 @_ssdm_op_PartSelect.i2.i16.i32.i32, i16 %data_13_val_read, i32 8, i32 9" [firmware/nnet_utils/nnet_activation.h:46]   --->   Operation 176 'partselect' 'trunc_ln46_48' <Predicate = true> <Delay = 0.00>
ST_1 : Operation 177 [1/1] (0.00ns) (grouped into LUT with out node add_ln46_52)   --->   "%tmp_321 = bitselect i1 @_ssdm_op_BitSelect.i1.i16.i32, i16 %data_13_val_read, i32 7" [firmware/nnet_utils/nnet_activation.h:46]   --->   Operation 177 'bitselect' 'tmp_321' <Predicate = true> <Delay = 0.00>
ST_1 : Operation 178 [1/1] (0.00ns)   --->   "%trunc_ln46_70 = trunc i16 %data_13_val_read" [firmware/nnet_utils/nnet_activation.h:46]   --->   Operation 178 'trunc' 'trunc_ln46_70' <Predicate = true> <Delay = 0.00>
ST_1 : Operation 179 [1/1] (1.87ns)   --->   "%icmp_ln46_107 = icmp_ne  i7 %trunc_ln46_70, i7 0" [firmware/nnet_utils/nnet_activation.h:46]   --->   Operation 179 'icmp' 'icmp_ln46_107' <Predicate = true> <Delay = 1.87> <CoreInst = "Cmp">   --->   Core 9 'Cmp' <Latency = 0> <II = 1> <Delay = 1.87> <FuncUnit> <Opcode : 'seteq' 'setne' 'setle' 'setge' 'setlt' 'setgt'> <InPorts = 2> <OutPorts = 1>
ST_1 : Operation 180 [1/1] (0.00ns) (grouped into LUT with out node add_ln46_52)   --->   "%tmp_323 = bitselect i1 @_ssdm_op_BitSelect.i1.i16.i32, i16 %data_13_val_read, i32 8" [firmware/nnet_utils/nnet_activation.h:46]   --->   Operation 180 'bitselect' 'tmp_323' <Predicate = true> <Delay = 0.00>
ST_1 : Operation 181 [1/1] (0.00ns) (grouped into LUT with out node add_ln46_52)   --->   "%or_ln46_162 = or i1 %tmp_323, i1 %icmp_ln46_107" [firmware/nnet_utils/nnet_activation.h:46]   --->   Operation 181 'or' 'or_ln46_162' <Predicate = true> <Delay = 0.00> <CoreInst = "LogicGate">   --->   Core 74 'LogicGate' <Latency = 0> <II = 1> <Delay = 0.97> <FuncUnit> <Opcode : 'and' 'or' 'xor'> <InPorts = 2> <OutPorts = 1>
ST_1 : Operation 182 [1/1] (0.00ns) (grouped into LUT with out node add_ln46_52)   --->   "%and_ln46_93 = and i1 %or_ln46_162, i1 %tmp_321" [firmware/nnet_utils/nnet_activation.h:46]   --->   Operation 182 'and' 'and_ln46_93' <Predicate = true> <Delay = 0.00> <CoreInst = "LogicGate">   --->   Core 74 'LogicGate' <Latency = 0> <II = 1> <Delay = 0.97> <FuncUnit> <Opcode : 'and' 'or' 'xor'> <InPorts = 2> <OutPorts = 1>
ST_1 : Operation 183 [1/1] (0.00ns) (grouped into LUT with out node add_ln46_52)   --->   "%zext_ln46_52 = zext i1 %and_ln46_93" [firmware/nnet_utils/nnet_activation.h:46]   --->   Operation 183 'zext' 'zext_ln46_52' <Predicate = true> <Delay = 0.00>
ST_1 : Operation 184 [1/1] (1.56ns) (out node of the LUT)   --->   "%add_ln46_52 = add i2 %trunc_ln46_48, i2 %zext_ln46_52" [firmware/nnet_utils/nnet_activation.h:46]   --->   Operation 184 'add' 'add_ln46_52' <Predicate = true> <Delay = 1.56> <CoreInst = "Adder">   --->   Core 1 'Adder' <Latency = 0> <II = 1> <Delay = 1.56> <FuncUnit> <Opcode : 'add' 'sub'> <InPorts = 2> <OutPorts = 1>
ST_1 : Operation 185 [1/1] (0.00ns)   --->   "%tmp_324 = partselect i6 @_ssdm_op_PartSelect.i6.i16.i32.i32, i16 %data_13_val_read, i32 10, i32 15" [firmware/nnet_utils/nnet_activation.h:46]   --->   Operation 185 'partselect' 'tmp_324' <Predicate = true> <Delay = 0.00>
ST_1 : Operation 186 [1/1] (1.82ns)   --->   "%icmp_ln46_108 = icmp_eq  i6 %tmp_324, i6 0" [firmware/nnet_utils/nnet_activation.h:46]   --->   Operation 186 'icmp' 'icmp_ln46_108' <Predicate = true> <Delay = 1.82> <CoreInst = "Cmp">   --->   Core 9 'Cmp' <Latency = 0> <II = 1> <Delay = 1.82> <FuncUnit> <Opcode : 'seteq' 'setne' 'setle' 'setge' 'setlt' 'setgt'> <InPorts = 2> <OutPorts = 1>
ST_1 : Operation 187 [1/1] (0.00ns)   --->   "%tmp_326 = bitselect i1 @_ssdm_op_BitSelect.i1.i16.i32, i16 %data_14_val_read, i32 15" [firmware/nnet_utils/nnet_activation.h:46]   --->   Operation 187 'bitselect' 'tmp_326' <Predicate = true> <Delay = 0.00>
ST_1 : Operation 188 [1/1] (0.00ns) (grouped into LUT with out node add_ln46_53)   --->   "%trunc_ln46_49 = partselect i2 @_ssdm_op_PartSelect.i2.i16.i32.i32, i16 %data_14_val_read, i32 8, i32 9" [firmware/nnet_utils/nnet_activation.h:46]   --->   Operation 188 'partselect' 'trunc_ln46_49' <Predicate = true> <Delay = 0.00>
ST_1 : Operation 189 [1/1] (0.00ns) (grouped into LUT with out node add_ln46_53)   --->   "%tmp_327 = bitselect i1 @_ssdm_op_BitSelect.i1.i16.i32, i16 %data_14_val_read, i32 7" [firmware/nnet_utils/nnet_activation.h:46]   --->   Operation 189 'bitselect' 'tmp_327' <Predicate = true> <Delay = 0.00>
ST_1 : Operation 190 [1/1] (0.00ns)   --->   "%trunc_ln46_71 = trunc i16 %data_14_val_read" [firmware/nnet_utils/nnet_activation.h:46]   --->   Operation 190 'trunc' 'trunc_ln46_71' <Predicate = true> <Delay = 0.00>
ST_1 : Operation 191 [1/1] (1.87ns)   --->   "%icmp_ln46_109 = icmp_ne  i7 %trunc_ln46_71, i7 0" [firmware/nnet_utils/nnet_activation.h:46]   --->   Operation 191 'icmp' 'icmp_ln46_109' <Predicate = true> <Delay = 1.87> <CoreInst = "Cmp">   --->   Core 9 'Cmp' <Latency = 0> <II = 1> <Delay = 1.87> <FuncUnit> <Opcode : 'seteq' 'setne' 'setle' 'setge' 'setlt' 'setgt'> <InPorts = 2> <OutPorts = 1>
ST_1 : Operation 192 [1/1] (0.00ns) (grouped into LUT with out node add_ln46_53)   --->   "%tmp_329 = bitselect i1 @_ssdm_op_BitSelect.i1.i16.i32, i16 %data_14_val_read, i32 8" [firmware/nnet_utils/nnet_activation.h:46]   --->   Operation 192 'bitselect' 'tmp_329' <Predicate = true> <Delay = 0.00>
ST_1 : Operation 193 [1/1] (0.00ns) (grouped into LUT with out node add_ln46_53)   --->   "%or_ln46_165 = or i1 %tmp_329, i1 %icmp_ln46_109" [firmware/nnet_utils/nnet_activation.h:46]   --->   Operation 193 'or' 'or_ln46_165' <Predicate = true> <Delay = 0.00> <CoreInst = "LogicGate">   --->   Core 74 'LogicGate' <Latency = 0> <II = 1> <Delay = 0.97> <FuncUnit> <Opcode : 'and' 'or' 'xor'> <InPorts = 2> <OutPorts = 1>
ST_1 : Operation 194 [1/1] (0.00ns) (grouped into LUT with out node add_ln46_53)   --->   "%and_ln46_95 = and i1 %or_ln46_165, i1 %tmp_327" [firmware/nnet_utils/nnet_activation.h:46]   --->   Operation 194 'and' 'and_ln46_95' <Predicate = true> <Delay = 0.00> <CoreInst = "LogicGate">   --->   Core 74 'LogicGate' <Latency = 0> <II = 1> <Delay = 0.97> <FuncUnit> <Opcode : 'and' 'or' 'xor'> <InPorts = 2> <OutPorts = 1>
ST_1 : Operation 195 [1/1] (0.00ns) (grouped into LUT with out node add_ln46_53)   --->   "%zext_ln46_53 = zext i1 %and_ln46_95" [firmware/nnet_utils/nnet_activation.h:46]   --->   Operation 195 'zext' 'zext_ln46_53' <Predicate = true> <Delay = 0.00>
ST_1 : Operation 196 [1/1] (1.56ns) (out node of the LUT)   --->   "%add_ln46_53 = add i2 %trunc_ln46_49, i2 %zext_ln46_53" [firmware/nnet_utils/nnet_activation.h:46]   --->   Operation 196 'add' 'add_ln46_53' <Predicate = true> <Delay = 1.56> <CoreInst = "Adder">   --->   Core 1 'Adder' <Latency = 0> <II = 1> <Delay = 1.56> <FuncUnit> <Opcode : 'add' 'sub'> <InPorts = 2> <OutPorts = 1>
ST_1 : Operation 197 [1/1] (0.00ns)   --->   "%tmp_330 = partselect i6 @_ssdm_op_PartSelect.i6.i16.i32.i32, i16 %data_14_val_read, i32 10, i32 15" [firmware/nnet_utils/nnet_activation.h:46]   --->   Operation 197 'partselect' 'tmp_330' <Predicate = true> <Delay = 0.00>
ST_1 : Operation 198 [1/1] (1.82ns)   --->   "%icmp_ln46_110 = icmp_eq  i6 %tmp_330, i6 0" [firmware/nnet_utils/nnet_activation.h:46]   --->   Operation 198 'icmp' 'icmp_ln46_110' <Predicate = true> <Delay = 1.82> <CoreInst = "Cmp">   --->   Core 9 'Cmp' <Latency = 0> <II = 1> <Delay = 1.82> <FuncUnit> <Opcode : 'seteq' 'setne' 'setle' 'setge' 'setlt' 'setgt'> <InPorts = 2> <OutPorts = 1>
ST_1 : Operation 199 [1/1] (0.00ns)   --->   "%tmp_332 = bitselect i1 @_ssdm_op_BitSelect.i1.i16.i32, i16 %data_15_val_read, i32 15" [firmware/nnet_utils/nnet_activation.h:46]   --->   Operation 199 'bitselect' 'tmp_332' <Predicate = true> <Delay = 0.00>
ST_1 : Operation 200 [1/1] (0.00ns) (grouped into LUT with out node add_ln46_54)   --->   "%trunc_ln46_50 = partselect i2 @_ssdm_op_PartSelect.i2.i16.i32.i32, i16 %data_15_val_read, i32 8, i32 9" [firmware/nnet_utils/nnet_activation.h:46]   --->   Operation 200 'partselect' 'trunc_ln46_50' <Predicate = true> <Delay = 0.00>
ST_1 : Operation 201 [1/1] (0.00ns) (grouped into LUT with out node add_ln46_54)   --->   "%tmp_333 = bitselect i1 @_ssdm_op_BitSelect.i1.i16.i32, i16 %data_15_val_read, i32 7" [firmware/nnet_utils/nnet_activation.h:46]   --->   Operation 201 'bitselect' 'tmp_333' <Predicate = true> <Delay = 0.00>
ST_1 : Operation 202 [1/1] (0.00ns)   --->   "%trunc_ln46_72 = trunc i16 %data_15_val_read" [firmware/nnet_utils/nnet_activation.h:46]   --->   Operation 202 'trunc' 'trunc_ln46_72' <Predicate = true> <Delay = 0.00>
ST_1 : Operation 203 [1/1] (1.87ns)   --->   "%icmp_ln46_111 = icmp_ne  i7 %trunc_ln46_72, i7 0" [firmware/nnet_utils/nnet_activation.h:46]   --->   Operation 203 'icmp' 'icmp_ln46_111' <Predicate = true> <Delay = 1.87> <CoreInst = "Cmp">   --->   Core 9 'Cmp' <Latency = 0> <II = 1> <Delay = 1.87> <FuncUnit> <Opcode : 'seteq' 'setne' 'setle' 'setge' 'setlt' 'setgt'> <InPorts = 2> <OutPorts = 1>
ST_1 : Operation 204 [1/1] (0.00ns) (grouped into LUT with out node add_ln46_54)   --->   "%tmp_335 = bitselect i1 @_ssdm_op_BitSelect.i1.i16.i32, i16 %data_15_val_read, i32 8" [firmware/nnet_utils/nnet_activation.h:46]   --->   Operation 204 'bitselect' 'tmp_335' <Predicate = true> <Delay = 0.00>
ST_1 : Operation 205 [1/1] (0.00ns) (grouped into LUT with out node add_ln46_54)   --->   "%or_ln46_168 = or i1 %tmp_335, i1 %icmp_ln46_111" [firmware/nnet_utils/nnet_activation.h:46]   --->   Operation 205 'or' 'or_ln46_168' <Predicate = true> <Delay = 0.00> <CoreInst = "LogicGate">   --->   Core 74 'LogicGate' <Latency = 0> <II = 1> <Delay = 0.97> <FuncUnit> <Opcode : 'and' 'or' 'xor'> <InPorts = 2> <OutPorts = 1>
ST_1 : Operation 206 [1/1] (0.00ns) (grouped into LUT with out node add_ln46_54)   --->   "%and_ln46_97 = and i1 %or_ln46_168, i1 %tmp_333" [firmware/nnet_utils/nnet_activation.h:46]   --->   Operation 206 'and' 'and_ln46_97' <Predicate = true> <Delay = 0.00> <CoreInst = "LogicGate">   --->   Core 74 'LogicGate' <Latency = 0> <II = 1> <Delay = 0.97> <FuncUnit> <Opcode : 'and' 'or' 'xor'> <InPorts = 2> <OutPorts = 1>
ST_1 : Operation 207 [1/1] (0.00ns) (grouped into LUT with out node add_ln46_54)   --->   "%zext_ln46_54 = zext i1 %and_ln46_97" [firmware/nnet_utils/nnet_activation.h:46]   --->   Operation 207 'zext' 'zext_ln46_54' <Predicate = true> <Delay = 0.00>
ST_1 : Operation 208 [1/1] (1.56ns) (out node of the LUT)   --->   "%add_ln46_54 = add i2 %trunc_ln46_50, i2 %zext_ln46_54" [firmware/nnet_utils/nnet_activation.h:46]   --->   Operation 208 'add' 'add_ln46_54' <Predicate = true> <Delay = 1.56> <CoreInst = "Adder">   --->   Core 1 'Adder' <Latency = 0> <II = 1> <Delay = 1.56> <FuncUnit> <Opcode : 'add' 'sub'> <InPorts = 2> <OutPorts = 1>
ST_1 : Operation 209 [1/1] (0.00ns)   --->   "%tmp_336 = partselect i6 @_ssdm_op_PartSelect.i6.i16.i32.i32, i16 %data_15_val_read, i32 10, i32 15" [firmware/nnet_utils/nnet_activation.h:46]   --->   Operation 209 'partselect' 'tmp_336' <Predicate = true> <Delay = 0.00>
ST_1 : Operation 210 [1/1] (1.82ns)   --->   "%icmp_ln46_112 = icmp_eq  i6 %tmp_336, i6 0" [firmware/nnet_utils/nnet_activation.h:46]   --->   Operation 210 'icmp' 'icmp_ln46_112' <Predicate = true> <Delay = 1.82> <CoreInst = "Cmp">   --->   Core 9 'Cmp' <Latency = 0> <II = 1> <Delay = 1.82> <FuncUnit> <Opcode : 'seteq' 'setne' 'setle' 'setge' 'setlt' 'setgt'> <InPorts = 2> <OutPorts = 1>

State 2 <SV = 1> <Delay = 3.07>
ST_2 : Operation 211 [1/1] (0.00ns)   --->   "%specpipeline_ln42 = specpipeline void @_ssdm_op_SpecPipeline, i32 4294967295, i32 0, i32 0, i32 0, void @empty_0" [firmware/nnet_utils/nnet_activation.h:42]   --->   Operation 211 'specpipeline' 'specpipeline_ln42' <Predicate = true> <Delay = 0.00>
ST_2 : Operation 212 [1/1] (2.07ns)   --->   "%icmp_ln45 = icmp_sgt  i16 %data_0_val_read, i16 0" [firmware/nnet_utils/nnet_activation.h:45]   --->   Operation 212 'icmp' 'icmp_ln45' <Predicate = true> <Delay = 2.07> <CoreInst = "Cmp">   --->   Core 9 'Cmp' <Latency = 0> <II = 1> <Delay = 2.07> <FuncUnit> <Opcode : 'seteq' 'setne' 'setle' 'setge' 'setlt' 'setgt'> <InPorts = 2> <OutPorts = 1>
ST_2 : Operation 213 [1/1] (0.00ns) (grouped into LUT with out node empty)   --->   "%tmp_246 = bitselect i1 @_ssdm_op_BitSelect.i1.i16.i32, i16 %data_0_val_read, i32 9" [firmware/nnet_utils/nnet_activation.h:46]   --->   Operation 213 'bitselect' 'tmp_246' <Predicate = true> <Delay = 0.00>
ST_2 : Operation 214 [1/1] (0.00ns) (grouped into LUT with out node empty)   --->   "%tmp_248 = bitselect i1 @_ssdm_op_BitSelect.i1.i2.i32, i2 %add_ln46, i32 1" [firmware/nnet_utils/nnet_activation.h:46]   --->   Operation 214 'bitselect' 'tmp_248' <Predicate = true> <Delay = 0.00>
ST_2 : Operation 215 [1/1] (0.00ns) (grouped into LUT with out node empty)   --->   "%not_tmp_290 = xor i1 %tmp_246, i1 1" [firmware/nnet_utils/nnet_activation.h:46]   --->   Operation 215 'xor' 'not_tmp_290' <Predicate = true> <Delay = 0.00> <CoreInst = "LogicGate">   --->   Core 74 'LogicGate' <Latency = 0> <II = 1> <Delay = 0.97> <FuncUnit> <Opcode : 'and' 'or' 'xor'> <InPorts = 2> <OutPorts = 1>
ST_2 : Operation 216 [1/1] (0.00ns) (grouped into LUT with out node empty)   --->   "%and_ln46_82 = or i1 %tmp_248, i1 %not_tmp_290" [firmware/nnet_utils/nnet_activation.h:46]   --->   Operation 216 'or' 'and_ln46_82' <Predicate = true> <Delay = 0.00> <CoreInst = "LogicGate">   --->   Core 74 'LogicGate' <Latency = 0> <II = 1> <Delay = 0.97> <FuncUnit> <Opcode : 'and' 'or' 'xor'> <InPorts = 2> <OutPorts = 1>
ST_2 : Operation 217 [1/1] (0.97ns) (out node of the LUT)   --->   "%empty = and i1 %icmp_ln46_82, i1 %and_ln46_82" [firmware/nnet_utils/nnet_activation.h:46]   --->   Operation 217 'and' 'empty' <Predicate = true> <Delay = 0.97> <CoreInst = "LogicGate">   --->   Core 74 'LogicGate' <Latency = 0> <II = 1> <Delay = 0.97> <FuncUnit> <Opcode : 'and' 'or' 'xor'> <InPorts = 2> <OutPorts = 1>
ST_2 : Operation 218 [1/1] (0.00ns) (grouped into LUT with out node select_ln46_124)   --->   "%or_ln46_124 = or i1 %empty, i1 %tmp" [firmware/nnet_utils/nnet_activation.h:46]   --->   Operation 218 'or' 'or_ln46_124' <Predicate = true> <Delay = 0.00> <CoreInst = "LogicGate">   --->   Core 74 'LogicGate' <Latency = 0> <II = 1> <Delay = 0.97> <FuncUnit> <Opcode : 'and' 'or' 'xor'> <InPorts = 2> <OutPorts = 1>
ST_2 : Operation 219 [1/1] (0.00ns) (grouped into LUT with out node res_0_0)   --->   "%xor_ln46 = xor i1 %empty, i1 1" [firmware/nnet_utils/nnet_activation.h:46]   --->   Operation 219 'xor' 'xor_ln46' <Predicate = true> <Delay = 0.00> <CoreInst = "LogicGate">   --->   Core 74 'LogicGate' <Latency = 0> <II = 1> <Delay = 0.97> <FuncUnit> <Opcode : 'and' 'or' 'xor'> <InPorts = 2> <OutPorts = 1>
ST_2 : Operation 220 [1/1] (0.00ns) (grouped into LUT with out node res_0_0)   --->   "%or_ln46_125 = or i1 %tmp, i1 %xor_ln46" [firmware/nnet_utils/nnet_activation.h:46]   --->   Operation 220 'or' 'or_ln46_125' <Predicate = true> <Delay = 0.00> <CoreInst = "LogicGate">   --->   Core 74 'LogicGate' <Latency = 0> <II = 1> <Delay = 0.97> <FuncUnit> <Opcode : 'and' 'or' 'xor'> <InPorts = 2> <OutPorts = 1>
ST_2 : Operation 221 [1/1] (0.00ns) (grouped into LUT with out node select_ln46_124)   --->   "%select_ln46 = select i1 %tmp, i2 0, i2 %add_ln46" [firmware/nnet_utils/nnet_activation.h:46]   --->   Operation 221 'select' 'select_ln46' <Predicate = true> <Delay = 0.00> <CoreInst = "Sel">   --->   Core 73 'Sel' <Latency = 0> <II = 1> <Delay = 0.99> <FuncUnit> <Opcode : 'select'> <InPorts = 3> <OutPorts = 1>
ST_2 : Operation 222 [1/1] (0.99ns) (out node of the LUT)   --->   "%select_ln46_124 = select i1 %or_ln46_124, i2 %select_ln46, i2 3" [firmware/nnet_utils/nnet_activation.h:46]   --->   Operation 222 'select' 'select_ln46_124' <Predicate = true> <Delay = 0.99> <CoreInst = "Sel">   --->   Core 73 'Sel' <Latency = 0> <II = 1> <Delay = 0.99> <FuncUnit> <Opcode : 'select'> <InPorts = 3> <OutPorts = 1>
ST_2 : Operation 223 [1/1] (0.00ns) (grouped into LUT with out node res_0_0)   --->   "%select_ln46_125 = select i1 %or_ln46_125, i2 %select_ln46_124, i2 %add_ln46" [firmware/nnet_utils/nnet_activation.h:46]   --->   Operation 223 'select' 'select_ln46_125' <Predicate = true> <Delay = 0.00> <CoreInst = "Sel">   --->   Core 73 'Sel' <Latency = 0> <II = 1> <Delay = 0.99> <FuncUnit> <Opcode : 'select'> <InPorts = 3> <OutPorts = 1>
ST_2 : Operation 224 [1/1] (0.99ns) (out node of the LUT)   --->   "%res_0_0 = select i1 %icmp_ln45, i2 %select_ln46_125, i2 0" [firmware/nnet_utils/nnet_activation.h:45]   --->   Operation 224 'select' 'res_0_0' <Predicate = true> <Delay = 0.99> <CoreInst = "Sel">   --->   Core 73 'Sel' <Latency = 0> <II = 1> <Delay = 0.99> <FuncUnit> <Opcode : 'select'> <InPorts = 3> <OutPorts = 1>
ST_2 : Operation 225 [1/1] (2.07ns)   --->   "%icmp_ln45_40 = icmp_sgt  i16 %data_1_val_read, i16 0" [firmware/nnet_utils/nnet_activation.h:45]   --->   Operation 225 'icmp' 'icmp_ln45_40' <Predicate = true> <Delay = 2.07> <CoreInst = "Cmp">   --->   Core 9 'Cmp' <Latency = 0> <II = 1> <Delay = 2.07> <FuncUnit> <Opcode : 'seteq' 'setne' 'setle' 'setge' 'setlt' 'setgt'> <InPorts = 2> <OutPorts = 1>
ST_2 : Operation 226 [1/1] (0.00ns) (grouped into LUT with out node empty_50)   --->   "%tmp_251 = bitselect i1 @_ssdm_op_BitSelect.i1.i16.i32, i16 %data_1_val_read, i32 9" [firmware/nnet_utils/nnet_activation.h:46]   --->   Operation 226 'bitselect' 'tmp_251' <Predicate = true> <Delay = 0.00>
ST_2 : Operation 227 [1/1] (0.00ns) (grouped into LUT with out node empty_50)   --->   "%tmp_253 = bitselect i1 @_ssdm_op_BitSelect.i1.i2.i32, i2 %add_ln46_40, i32 1" [firmware/nnet_utils/nnet_activation.h:46]   --->   Operation 227 'bitselect' 'tmp_253' <Predicate = true> <Delay = 0.00>
ST_2 : Operation 228 [1/1] (0.00ns) (grouped into LUT with out node empty_50)   --->   "%not_tmp_297 = xor i1 %tmp_251, i1 1" [firmware/nnet_utils/nnet_activation.h:46]   --->   Operation 228 'xor' 'not_tmp_297' <Predicate = true> <Delay = 0.00> <CoreInst = "LogicGate">   --->   Core 74 'LogicGate' <Latency = 0> <II = 1> <Delay = 0.97> <FuncUnit> <Opcode : 'and' 'or' 'xor'> <InPorts = 2> <OutPorts = 1>
ST_2 : Operation 229 [1/1] (0.00ns) (grouped into LUT with out node empty_50)   --->   "%and_ln46_84 = or i1 %tmp_253, i1 %not_tmp_297" [firmware/nnet_utils/nnet_activation.h:46]   --->   Operation 229 'or' 'and_ln46_84' <Predicate = true> <Delay = 0.00> <CoreInst = "LogicGate">   --->   Core 74 'LogicGate' <Latency = 0> <II = 1> <Delay = 0.97> <FuncUnit> <Opcode : 'and' 'or' 'xor'> <InPorts = 2> <OutPorts = 1>
ST_2 : Operation 230 [1/1] (0.97ns) (out node of the LUT)   --->   "%empty_50 = and i1 %icmp_ln46_84, i1 %and_ln46_84" [firmware/nnet_utils/nnet_activation.h:46]   --->   Operation 230 'and' 'empty_50' <Predicate = true> <Delay = 0.97> <CoreInst = "LogicGate">   --->   Core 74 'LogicGate' <Latency = 0> <II = 1> <Delay = 0.97> <FuncUnit> <Opcode : 'and' 'or' 'xor'> <InPorts = 2> <OutPorts = 1>
ST_2 : Operation 231 [1/1] (0.00ns) (grouped into LUT with out node select_ln46_127)   --->   "%or_ln46_127 = or i1 %empty_50, i1 %tmp_249" [firmware/nnet_utils/nnet_activation.h:46]   --->   Operation 231 'or' 'or_ln46_127' <Predicate = true> <Delay = 0.00> <CoreInst = "LogicGate">   --->   Core 74 'LogicGate' <Latency = 0> <II = 1> <Delay = 0.97> <FuncUnit> <Opcode : 'and' 'or' 'xor'> <InPorts = 2> <OutPorts = 1>
ST_2 : Operation 232 [1/1] (0.00ns) (grouped into LUT with out node res_1_0)   --->   "%xor_ln46_40 = xor i1 %empty_50, i1 1" [firmware/nnet_utils/nnet_activation.h:46]   --->   Operation 232 'xor' 'xor_ln46_40' <Predicate = true> <Delay = 0.00> <CoreInst = "LogicGate">   --->   Core 74 'LogicGate' <Latency = 0> <II = 1> <Delay = 0.97> <FuncUnit> <Opcode : 'and' 'or' 'xor'> <InPorts = 2> <OutPorts = 1>
ST_2 : Operation 233 [1/1] (0.00ns) (grouped into LUT with out node res_1_0)   --->   "%or_ln46_128 = or i1 %tmp_249, i1 %xor_ln46_40" [firmware/nnet_utils/nnet_activation.h:46]   --->   Operation 233 'or' 'or_ln46_128' <Predicate = true> <Delay = 0.00> <CoreInst = "LogicGate">   --->   Core 74 'LogicGate' <Latency = 0> <II = 1> <Delay = 0.97> <FuncUnit> <Opcode : 'and' 'or' 'xor'> <InPorts = 2> <OutPorts = 1>
ST_2 : Operation 234 [1/1] (0.00ns) (grouped into LUT with out node select_ln46_127)   --->   "%select_ln46_126 = select i1 %tmp_249, i2 0, i2 %add_ln46_40" [firmware/nnet_utils/nnet_activation.h:46]   --->   Operation 234 'select' 'select_ln46_126' <Predicate = true> <Delay = 0.00> <CoreInst = "Sel">   --->   Core 73 'Sel' <Latency = 0> <II = 1> <Delay = 0.99> <FuncUnit> <Opcode : 'select'> <InPorts = 3> <OutPorts = 1>
ST_2 : Operation 235 [1/1] (0.99ns) (out node of the LUT)   --->   "%select_ln46_127 = select i1 %or_ln46_127, i2 %select_ln46_126, i2 3" [firmware/nnet_utils/nnet_activation.h:46]   --->   Operation 235 'select' 'select_ln46_127' <Predicate = true> <Delay = 0.99> <CoreInst = "Sel">   --->   Core 73 'Sel' <Latency = 0> <II = 1> <Delay = 0.99> <FuncUnit> <Opcode : 'select'> <InPorts = 3> <OutPorts = 1>
ST_2 : Operation 236 [1/1] (0.00ns) (grouped into LUT with out node res_1_0)   --->   "%select_ln46_128 = select i1 %or_ln46_128, i2 %select_ln46_127, i2 %add_ln46_40" [firmware/nnet_utils/nnet_activation.h:46]   --->   Operation 236 'select' 'select_ln46_128' <Predicate = true> <Delay = 0.00> <CoreInst = "Sel">   --->   Core 73 'Sel' <Latency = 0> <II = 1> <Delay = 0.99> <FuncUnit> <Opcode : 'select'> <InPorts = 3> <OutPorts = 1>
ST_2 : Operation 237 [1/1] (0.99ns) (out node of the LUT)   --->   "%res_1_0 = select i1 %icmp_ln45_40, i2 %select_ln46_128, i2 0" [firmware/nnet_utils/nnet_activation.h:45]   --->   Operation 237 'select' 'res_1_0' <Predicate = true> <Delay = 0.99> <CoreInst = "Sel">   --->   Core 73 'Sel' <Latency = 0> <II = 1> <Delay = 0.99> <FuncUnit> <Opcode : 'select'> <InPorts = 3> <OutPorts = 1>
ST_2 : Operation 238 [1/1] (2.07ns)   --->   "%icmp_ln45_41 = icmp_sgt  i16 %data_2_val_read, i16 0" [firmware/nnet_utils/nnet_activation.h:45]   --->   Operation 238 'icmp' 'icmp_ln45_41' <Predicate = true> <Delay = 2.07> <CoreInst = "Cmp">   --->   Core 9 'Cmp' <Latency = 0> <II = 1> <Delay = 2.07> <FuncUnit> <Opcode : 'seteq' 'setne' 'setle' 'setge' 'setlt' 'setgt'> <InPorts = 2> <OutPorts = 1>
ST_2 : Operation 239 [1/1] (0.00ns) (grouped into LUT with out node empty_51)   --->   "%tmp_256 = bitselect i1 @_ssdm_op_BitSelect.i1.i16.i32, i16 %data_2_val_read, i32 9" [firmware/nnet_utils/nnet_activation.h:46]   --->   Operation 239 'bitselect' 'tmp_256' <Predicate = true> <Delay = 0.00>
ST_2 : Operation 240 [1/1] (0.00ns) (grouped into LUT with out node empty_51)   --->   "%tmp_259 = bitselect i1 @_ssdm_op_BitSelect.i1.i2.i32, i2 %add_ln46_41, i32 1" [firmware/nnet_utils/nnet_activation.h:46]   --->   Operation 240 'bitselect' 'tmp_259' <Predicate = true> <Delay = 0.00>
ST_2 : Operation 241 [1/1] (0.00ns) (grouped into LUT with out node empty_51)   --->   "%not_tmp_304 = xor i1 %tmp_256, i1 1" [firmware/nnet_utils/nnet_activation.h:46]   --->   Operation 241 'xor' 'not_tmp_304' <Predicate = true> <Delay = 0.00> <CoreInst = "LogicGate">   --->   Core 74 'LogicGate' <Latency = 0> <II = 1> <Delay = 0.97> <FuncUnit> <Opcode : 'and' 'or' 'xor'> <InPorts = 2> <OutPorts = 1>
ST_2 : Operation 242 [1/1] (0.00ns) (grouped into LUT with out node empty_51)   --->   "%and_ln46_86 = or i1 %tmp_259, i1 %not_tmp_304" [firmware/nnet_utils/nnet_activation.h:46]   --->   Operation 242 'or' 'and_ln46_86' <Predicate = true> <Delay = 0.00> <CoreInst = "LogicGate">   --->   Core 74 'LogicGate' <Latency = 0> <II = 1> <Delay = 0.97> <FuncUnit> <Opcode : 'and' 'or' 'xor'> <InPorts = 2> <OutPorts = 1>
ST_2 : Operation 243 [1/1] (0.97ns) (out node of the LUT)   --->   "%empty_51 = and i1 %icmp_ln46_86, i1 %and_ln46_86" [firmware/nnet_utils/nnet_activation.h:46]   --->   Operation 243 'and' 'empty_51' <Predicate = true> <Delay = 0.97> <CoreInst = "LogicGate">   --->   Core 74 'LogicGate' <Latency = 0> <II = 1> <Delay = 0.97> <FuncUnit> <Opcode : 'and' 'or' 'xor'> <InPorts = 2> <OutPorts = 1>
ST_2 : Operation 244 [1/1] (0.00ns) (grouped into LUT with out node select_ln46_130)   --->   "%or_ln46_130 = or i1 %empty_51, i1 %tmp_254" [firmware/nnet_utils/nnet_activation.h:46]   --->   Operation 244 'or' 'or_ln46_130' <Predicate = true> <Delay = 0.00> <CoreInst = "LogicGate">   --->   Core 74 'LogicGate' <Latency = 0> <II = 1> <Delay = 0.97> <FuncUnit> <Opcode : 'and' 'or' 'xor'> <InPorts = 2> <OutPorts = 1>
ST_2 : Operation 245 [1/1] (0.00ns) (grouped into LUT with out node res_2_0)   --->   "%xor_ln46_41 = xor i1 %empty_51, i1 1" [firmware/nnet_utils/nnet_activation.h:46]   --->   Operation 245 'xor' 'xor_ln46_41' <Predicate = true> <Delay = 0.00> <CoreInst = "LogicGate">   --->   Core 74 'LogicGate' <Latency = 0> <II = 1> <Delay = 0.97> <FuncUnit> <Opcode : 'and' 'or' 'xor'> <InPorts = 2> <OutPorts = 1>
ST_2 : Operation 246 [1/1] (0.00ns) (grouped into LUT with out node res_2_0)   --->   "%or_ln46_131 = or i1 %tmp_254, i1 %xor_ln46_41" [firmware/nnet_utils/nnet_activation.h:46]   --->   Operation 246 'or' 'or_ln46_131' <Predicate = true> <Delay = 0.00> <CoreInst = "LogicGate">   --->   Core 74 'LogicGate' <Latency = 0> <II = 1> <Delay = 0.97> <FuncUnit> <Opcode : 'and' 'or' 'xor'> <InPorts = 2> <OutPorts = 1>
ST_2 : Operation 247 [1/1] (0.00ns) (grouped into LUT with out node select_ln46_130)   --->   "%select_ln46_129 = select i1 %tmp_254, i2 0, i2 %add_ln46_41" [firmware/nnet_utils/nnet_activation.h:46]   --->   Operation 247 'select' 'select_ln46_129' <Predicate = true> <Delay = 0.00> <CoreInst = "Sel">   --->   Core 73 'Sel' <Latency = 0> <II = 1> <Delay = 0.99> <FuncUnit> <Opcode : 'select'> <InPorts = 3> <OutPorts = 1>
ST_2 : Operation 248 [1/1] (0.99ns) (out node of the LUT)   --->   "%select_ln46_130 = select i1 %or_ln46_130, i2 %select_ln46_129, i2 3" [firmware/nnet_utils/nnet_activation.h:46]   --->   Operation 248 'select' 'select_ln46_130' <Predicate = true> <Delay = 0.99> <CoreInst = "Sel">   --->   Core 73 'Sel' <Latency = 0> <II = 1> <Delay = 0.99> <FuncUnit> <Opcode : 'select'> <InPorts = 3> <OutPorts = 1>
ST_2 : Operation 249 [1/1] (0.00ns) (grouped into LUT with out node res_2_0)   --->   "%select_ln46_131 = select i1 %or_ln46_131, i2 %select_ln46_130, i2 %add_ln46_41" [firmware/nnet_utils/nnet_activation.h:46]   --->   Operation 249 'select' 'select_ln46_131' <Predicate = true> <Delay = 0.00> <CoreInst = "Sel">   --->   Core 73 'Sel' <Latency = 0> <II = 1> <Delay = 0.99> <FuncUnit> <Opcode : 'select'> <InPorts = 3> <OutPorts = 1>
ST_2 : Operation 250 [1/1] (0.99ns) (out node of the LUT)   --->   "%res_2_0 = select i1 %icmp_ln45_41, i2 %select_ln46_131, i2 0" [firmware/nnet_utils/nnet_activation.h:45]   --->   Operation 250 'select' 'res_2_0' <Predicate = true> <Delay = 0.99> <CoreInst = "Sel">   --->   Core 73 'Sel' <Latency = 0> <II = 1> <Delay = 0.99> <FuncUnit> <Opcode : 'select'> <InPorts = 3> <OutPorts = 1>
ST_2 : Operation 251 [1/1] (2.07ns)   --->   "%icmp_ln45_42 = icmp_sgt  i16 %data_3_val_read, i16 0" [firmware/nnet_utils/nnet_activation.h:45]   --->   Operation 251 'icmp' 'icmp_ln45_42' <Predicate = true> <Delay = 2.07> <CoreInst = "Cmp">   --->   Core 9 'Cmp' <Latency = 0> <II = 1> <Delay = 2.07> <FuncUnit> <Opcode : 'seteq' 'setne' 'setle' 'setge' 'setlt' 'setgt'> <InPorts = 2> <OutPorts = 1>
ST_2 : Operation 252 [1/1] (0.00ns) (grouped into LUT with out node empty_52)   --->   "%tmp_262 = bitselect i1 @_ssdm_op_BitSelect.i1.i16.i32, i16 %data_3_val_read, i32 9" [firmware/nnet_utils/nnet_activation.h:46]   --->   Operation 252 'bitselect' 'tmp_262' <Predicate = true> <Delay = 0.00>
ST_2 : Operation 253 [1/1] (0.00ns) (grouped into LUT with out node empty_52)   --->   "%tmp_265 = bitselect i1 @_ssdm_op_BitSelect.i1.i2.i32, i2 %add_ln46_42, i32 1" [firmware/nnet_utils/nnet_activation.h:46]   --->   Operation 253 'bitselect' 'tmp_265' <Predicate = true> <Delay = 0.00>
ST_2 : Operation 254 [1/1] (0.00ns) (grouped into LUT with out node empty_52)   --->   "%not_tmp_311 = xor i1 %tmp_262, i1 1" [firmware/nnet_utils/nnet_activation.h:46]   --->   Operation 254 'xor' 'not_tmp_311' <Predicate = true> <Delay = 0.00> <CoreInst = "LogicGate">   --->   Core 74 'LogicGate' <Latency = 0> <II = 1> <Delay = 0.97> <FuncUnit> <Opcode : 'and' 'or' 'xor'> <InPorts = 2> <OutPorts = 1>
ST_2 : Operation 255 [1/1] (0.00ns) (grouped into LUT with out node empty_52)   --->   "%and_ln46_88 = or i1 %tmp_265, i1 %not_tmp_311" [firmware/nnet_utils/nnet_activation.h:46]   --->   Operation 255 'or' 'and_ln46_88' <Predicate = true> <Delay = 0.00> <CoreInst = "LogicGate">   --->   Core 74 'LogicGate' <Latency = 0> <II = 1> <Delay = 0.97> <FuncUnit> <Opcode : 'and' 'or' 'xor'> <InPorts = 2> <OutPorts = 1>
ST_2 : Operation 256 [1/1] (0.97ns) (out node of the LUT)   --->   "%empty_52 = and i1 %icmp_ln46_88, i1 %and_ln46_88" [firmware/nnet_utils/nnet_activation.h:46]   --->   Operation 256 'and' 'empty_52' <Predicate = true> <Delay = 0.97> <CoreInst = "LogicGate">   --->   Core 74 'LogicGate' <Latency = 0> <II = 1> <Delay = 0.97> <FuncUnit> <Opcode : 'and' 'or' 'xor'> <InPorts = 2> <OutPorts = 1>
ST_2 : Operation 257 [1/1] (0.00ns) (grouped into LUT with out node select_ln46_133)   --->   "%or_ln46_133 = or i1 %empty_52, i1 %tmp_260" [firmware/nnet_utils/nnet_activation.h:46]   --->   Operation 257 'or' 'or_ln46_133' <Predicate = true> <Delay = 0.00> <CoreInst = "LogicGate">   --->   Core 74 'LogicGate' <Latency = 0> <II = 1> <Delay = 0.97> <FuncUnit> <Opcode : 'and' 'or' 'xor'> <InPorts = 2> <OutPorts = 1>
ST_2 : Operation 258 [1/1] (0.00ns) (grouped into LUT with out node res_3_0)   --->   "%xor_ln46_42 = xor i1 %empty_52, i1 1" [firmware/nnet_utils/nnet_activation.h:46]   --->   Operation 258 'xor' 'xor_ln46_42' <Predicate = true> <Delay = 0.00> <CoreInst = "LogicGate">   --->   Core 74 'LogicGate' <Latency = 0> <II = 1> <Delay = 0.97> <FuncUnit> <Opcode : 'and' 'or' 'xor'> <InPorts = 2> <OutPorts = 1>
ST_2 : Operation 259 [1/1] (0.00ns) (grouped into LUT with out node res_3_0)   --->   "%or_ln46_134 = or i1 %tmp_260, i1 %xor_ln46_42" [firmware/nnet_utils/nnet_activation.h:46]   --->   Operation 259 'or' 'or_ln46_134' <Predicate = true> <Delay = 0.00> <CoreInst = "LogicGate">   --->   Core 74 'LogicGate' <Latency = 0> <II = 1> <Delay = 0.97> <FuncUnit> <Opcode : 'and' 'or' 'xor'> <InPorts = 2> <OutPorts = 1>
ST_2 : Operation 260 [1/1] (0.00ns) (grouped into LUT with out node select_ln46_133)   --->   "%select_ln46_132 = select i1 %tmp_260, i2 0, i2 %add_ln46_42" [firmware/nnet_utils/nnet_activation.h:46]   --->   Operation 260 'select' 'select_ln46_132' <Predicate = true> <Delay = 0.00> <CoreInst = "Sel">   --->   Core 73 'Sel' <Latency = 0> <II = 1> <Delay = 0.99> <FuncUnit> <Opcode : 'select'> <InPorts = 3> <OutPorts = 1>
ST_2 : Operation 261 [1/1] (0.99ns) (out node of the LUT)   --->   "%select_ln46_133 = select i1 %or_ln46_133, i2 %select_ln46_132, i2 3" [firmware/nnet_utils/nnet_activation.h:46]   --->   Operation 261 'select' 'select_ln46_133' <Predicate = true> <Delay = 0.99> <CoreInst = "Sel">   --->   Core 73 'Sel' <Latency = 0> <II = 1> <Delay = 0.99> <FuncUnit> <Opcode : 'select'> <InPorts = 3> <OutPorts = 1>
ST_2 : Operation 262 [1/1] (0.00ns) (grouped into LUT with out node res_3_0)   --->   "%select_ln46_134 = select i1 %or_ln46_134, i2 %select_ln46_133, i2 %add_ln46_42" [firmware/nnet_utils/nnet_activation.h:46]   --->   Operation 262 'select' 'select_ln46_134' <Predicate = true> <Delay = 0.00> <CoreInst = "Sel">   --->   Core 73 'Sel' <Latency = 0> <II = 1> <Delay = 0.99> <FuncUnit> <Opcode : 'select'> <InPorts = 3> <OutPorts = 1>
ST_2 : Operation 263 [1/1] (0.99ns) (out node of the LUT)   --->   "%res_3_0 = select i1 %icmp_ln45_42, i2 %select_ln46_134, i2 0" [firmware/nnet_utils/nnet_activation.h:45]   --->   Operation 263 'select' 'res_3_0' <Predicate = true> <Delay = 0.99> <CoreInst = "Sel">   --->   Core 73 'Sel' <Latency = 0> <II = 1> <Delay = 0.99> <FuncUnit> <Opcode : 'select'> <InPorts = 3> <OutPorts = 1>
ST_2 : Operation 264 [1/1] (2.07ns)   --->   "%icmp_ln45_43 = icmp_sgt  i16 %data_4_val_read, i16 0" [firmware/nnet_utils/nnet_activation.h:45]   --->   Operation 264 'icmp' 'icmp_ln45_43' <Predicate = true> <Delay = 2.07> <CoreInst = "Cmp">   --->   Core 9 'Cmp' <Latency = 0> <II = 1> <Delay = 2.07> <FuncUnit> <Opcode : 'seteq' 'setne' 'setle' 'setge' 'setlt' 'setgt'> <InPorts = 2> <OutPorts = 1>
ST_2 : Operation 265 [1/1] (0.00ns) (grouped into LUT with out node empty_53)   --->   "%tmp_268 = bitselect i1 @_ssdm_op_BitSelect.i1.i16.i32, i16 %data_4_val_read, i32 9" [firmware/nnet_utils/nnet_activation.h:46]   --->   Operation 265 'bitselect' 'tmp_268' <Predicate = true> <Delay = 0.00>
ST_2 : Operation 266 [1/1] (0.00ns) (grouped into LUT with out node empty_53)   --->   "%tmp_271 = bitselect i1 @_ssdm_op_BitSelect.i1.i2.i32, i2 %add_ln46_43, i32 1" [firmware/nnet_utils/nnet_activation.h:46]   --->   Operation 266 'bitselect' 'tmp_271' <Predicate = true> <Delay = 0.00>
ST_2 : Operation 267 [1/1] (0.00ns) (grouped into LUT with out node empty_53)   --->   "%not_tmp_318 = xor i1 %tmp_268, i1 1" [firmware/nnet_utils/nnet_activation.h:46]   --->   Operation 267 'xor' 'not_tmp_318' <Predicate = true> <Delay = 0.00> <CoreInst = "LogicGate">   --->   Core 74 'LogicGate' <Latency = 0> <II = 1> <Delay = 0.97> <FuncUnit> <Opcode : 'and' 'or' 'xor'> <InPorts = 2> <OutPorts = 1>
ST_2 : Operation 268 [1/1] (0.00ns) (grouped into LUT with out node empty_53)   --->   "%and_ln46_90 = or i1 %tmp_271, i1 %not_tmp_318" [firmware/nnet_utils/nnet_activation.h:46]   --->   Operation 268 'or' 'and_ln46_90' <Predicate = true> <Delay = 0.00> <CoreInst = "LogicGate">   --->   Core 74 'LogicGate' <Latency = 0> <II = 1> <Delay = 0.97> <FuncUnit> <Opcode : 'and' 'or' 'xor'> <InPorts = 2> <OutPorts = 1>
ST_2 : Operation 269 [1/1] (0.97ns) (out node of the LUT)   --->   "%empty_53 = and i1 %icmp_ln46_90, i1 %and_ln46_90" [firmware/nnet_utils/nnet_activation.h:46]   --->   Operation 269 'and' 'empty_53' <Predicate = true> <Delay = 0.97> <CoreInst = "LogicGate">   --->   Core 74 'LogicGate' <Latency = 0> <II = 1> <Delay = 0.97> <FuncUnit> <Opcode : 'and' 'or' 'xor'> <InPorts = 2> <OutPorts = 1>
ST_2 : Operation 270 [1/1] (0.00ns) (grouped into LUT with out node select_ln46_136)   --->   "%or_ln46_136 = or i1 %empty_53, i1 %tmp_266" [firmware/nnet_utils/nnet_activation.h:46]   --->   Operation 270 'or' 'or_ln46_136' <Predicate = true> <Delay = 0.00> <CoreInst = "LogicGate">   --->   Core 74 'LogicGate' <Latency = 0> <II = 1> <Delay = 0.97> <FuncUnit> <Opcode : 'and' 'or' 'xor'> <InPorts = 2> <OutPorts = 1>
ST_2 : Operation 271 [1/1] (0.00ns) (grouped into LUT with out node res_4_0)   --->   "%xor_ln46_43 = xor i1 %empty_53, i1 1" [firmware/nnet_utils/nnet_activation.h:46]   --->   Operation 271 'xor' 'xor_ln46_43' <Predicate = true> <Delay = 0.00> <CoreInst = "LogicGate">   --->   Core 74 'LogicGate' <Latency = 0> <II = 1> <Delay = 0.97> <FuncUnit> <Opcode : 'and' 'or' 'xor'> <InPorts = 2> <OutPorts = 1>
ST_2 : Operation 272 [1/1] (0.00ns) (grouped into LUT with out node res_4_0)   --->   "%or_ln46_137 = or i1 %tmp_266, i1 %xor_ln46_43" [firmware/nnet_utils/nnet_activation.h:46]   --->   Operation 272 'or' 'or_ln46_137' <Predicate = true> <Delay = 0.00> <CoreInst = "LogicGate">   --->   Core 74 'LogicGate' <Latency = 0> <II = 1> <Delay = 0.97> <FuncUnit> <Opcode : 'and' 'or' 'xor'> <InPorts = 2> <OutPorts = 1>
ST_2 : Operation 273 [1/1] (0.00ns) (grouped into LUT with out node select_ln46_136)   --->   "%select_ln46_135 = select i1 %tmp_266, i2 0, i2 %add_ln46_43" [firmware/nnet_utils/nnet_activation.h:46]   --->   Operation 273 'select' 'select_ln46_135' <Predicate = true> <Delay = 0.00> <CoreInst = "Sel">   --->   Core 73 'Sel' <Latency = 0> <II = 1> <Delay = 0.99> <FuncUnit> <Opcode : 'select'> <InPorts = 3> <OutPorts = 1>
ST_2 : Operation 274 [1/1] (0.99ns) (out node of the LUT)   --->   "%select_ln46_136 = select i1 %or_ln46_136, i2 %select_ln46_135, i2 3" [firmware/nnet_utils/nnet_activation.h:46]   --->   Operation 274 'select' 'select_ln46_136' <Predicate = true> <Delay = 0.99> <CoreInst = "Sel">   --->   Core 73 'Sel' <Latency = 0> <II = 1> <Delay = 0.99> <FuncUnit> <Opcode : 'select'> <InPorts = 3> <OutPorts = 1>
ST_2 : Operation 275 [1/1] (0.00ns) (grouped into LUT with out node res_4_0)   --->   "%select_ln46_137 = select i1 %or_ln46_137, i2 %select_ln46_136, i2 %add_ln46_43" [firmware/nnet_utils/nnet_activation.h:46]   --->   Operation 275 'select' 'select_ln46_137' <Predicate = true> <Delay = 0.00> <CoreInst = "Sel">   --->   Core 73 'Sel' <Latency = 0> <II = 1> <Delay = 0.99> <FuncUnit> <Opcode : 'select'> <InPorts = 3> <OutPorts = 1>
ST_2 : Operation 276 [1/1] (0.99ns) (out node of the LUT)   --->   "%res_4_0 = select i1 %icmp_ln45_43, i2 %select_ln46_137, i2 0" [firmware/nnet_utils/nnet_activation.h:45]   --->   Operation 276 'select' 'res_4_0' <Predicate = true> <Delay = 0.99> <CoreInst = "Sel">   --->   Core 73 'Sel' <Latency = 0> <II = 1> <Delay = 0.99> <FuncUnit> <Opcode : 'select'> <InPorts = 3> <OutPorts = 1>
ST_2 : Operation 277 [1/1] (2.07ns)   --->   "%icmp_ln45_44 = icmp_sgt  i16 %data_5_val_read, i16 0" [firmware/nnet_utils/nnet_activation.h:45]   --->   Operation 277 'icmp' 'icmp_ln45_44' <Predicate = true> <Delay = 2.07> <CoreInst = "Cmp">   --->   Core 9 'Cmp' <Latency = 0> <II = 1> <Delay = 2.07> <FuncUnit> <Opcode : 'seteq' 'setne' 'setle' 'setge' 'setlt' 'setgt'> <InPorts = 2> <OutPorts = 1>
ST_2 : Operation 278 [1/1] (0.00ns) (grouped into LUT with out node empty_54)   --->   "%tmp_274 = bitselect i1 @_ssdm_op_BitSelect.i1.i16.i32, i16 %data_5_val_read, i32 9" [firmware/nnet_utils/nnet_activation.h:46]   --->   Operation 278 'bitselect' 'tmp_274' <Predicate = true> <Delay = 0.00>
ST_2 : Operation 279 [1/1] (0.00ns) (grouped into LUT with out node empty_54)   --->   "%tmp_277 = bitselect i1 @_ssdm_op_BitSelect.i1.i2.i32, i2 %add_ln46_44, i32 1" [firmware/nnet_utils/nnet_activation.h:46]   --->   Operation 279 'bitselect' 'tmp_277' <Predicate = true> <Delay = 0.00>
ST_2 : Operation 280 [1/1] (0.00ns) (grouped into LUT with out node empty_54)   --->   "%not_tmp_325 = xor i1 %tmp_274, i1 1" [firmware/nnet_utils/nnet_activation.h:46]   --->   Operation 280 'xor' 'not_tmp_325' <Predicate = true> <Delay = 0.00> <CoreInst = "LogicGate">   --->   Core 74 'LogicGate' <Latency = 0> <II = 1> <Delay = 0.97> <FuncUnit> <Opcode : 'and' 'or' 'xor'> <InPorts = 2> <OutPorts = 1>
ST_2 : Operation 281 [1/1] (0.00ns) (grouped into LUT with out node empty_54)   --->   "%and_ln46_92 = or i1 %tmp_277, i1 %not_tmp_325" [firmware/nnet_utils/nnet_activation.h:46]   --->   Operation 281 'or' 'and_ln46_92' <Predicate = true> <Delay = 0.00> <CoreInst = "LogicGate">   --->   Core 74 'LogicGate' <Latency = 0> <II = 1> <Delay = 0.97> <FuncUnit> <Opcode : 'and' 'or' 'xor'> <InPorts = 2> <OutPorts = 1>
ST_2 : Operation 282 [1/1] (0.97ns) (out node of the LUT)   --->   "%empty_54 = and i1 %icmp_ln46_92, i1 %and_ln46_92" [firmware/nnet_utils/nnet_activation.h:46]   --->   Operation 282 'and' 'empty_54' <Predicate = true> <Delay = 0.97> <CoreInst = "LogicGate">   --->   Core 74 'LogicGate' <Latency = 0> <II = 1> <Delay = 0.97> <FuncUnit> <Opcode : 'and' 'or' 'xor'> <InPorts = 2> <OutPorts = 1>
ST_2 : Operation 283 [1/1] (0.00ns) (grouped into LUT with out node select_ln46_139)   --->   "%or_ln46_139 = or i1 %empty_54, i1 %tmp_272" [firmware/nnet_utils/nnet_activation.h:46]   --->   Operation 283 'or' 'or_ln46_139' <Predicate = true> <Delay = 0.00> <CoreInst = "LogicGate">   --->   Core 74 'LogicGate' <Latency = 0> <II = 1> <Delay = 0.97> <FuncUnit> <Opcode : 'and' 'or' 'xor'> <InPorts = 2> <OutPorts = 1>
ST_2 : Operation 284 [1/1] (0.00ns) (grouped into LUT with out node res_5_0)   --->   "%xor_ln46_44 = xor i1 %empty_54, i1 1" [firmware/nnet_utils/nnet_activation.h:46]   --->   Operation 284 'xor' 'xor_ln46_44' <Predicate = true> <Delay = 0.00> <CoreInst = "LogicGate">   --->   Core 74 'LogicGate' <Latency = 0> <II = 1> <Delay = 0.97> <FuncUnit> <Opcode : 'and' 'or' 'xor'> <InPorts = 2> <OutPorts = 1>
ST_2 : Operation 285 [1/1] (0.00ns) (grouped into LUT with out node res_5_0)   --->   "%or_ln46_140 = or i1 %tmp_272, i1 %xor_ln46_44" [firmware/nnet_utils/nnet_activation.h:46]   --->   Operation 285 'or' 'or_ln46_140' <Predicate = true> <Delay = 0.00> <CoreInst = "LogicGate">   --->   Core 74 'LogicGate' <Latency = 0> <II = 1> <Delay = 0.97> <FuncUnit> <Opcode : 'and' 'or' 'xor'> <InPorts = 2> <OutPorts = 1>
ST_2 : Operation 286 [1/1] (0.00ns) (grouped into LUT with out node select_ln46_139)   --->   "%select_ln46_138 = select i1 %tmp_272, i2 0, i2 %add_ln46_44" [firmware/nnet_utils/nnet_activation.h:46]   --->   Operation 286 'select' 'select_ln46_138' <Predicate = true> <Delay = 0.00> <CoreInst = "Sel">   --->   Core 73 'Sel' <Latency = 0> <II = 1> <Delay = 0.99> <FuncUnit> <Opcode : 'select'> <InPorts = 3> <OutPorts = 1>
ST_2 : Operation 287 [1/1] (0.99ns) (out node of the LUT)   --->   "%select_ln46_139 = select i1 %or_ln46_139, i2 %select_ln46_138, i2 3" [firmware/nnet_utils/nnet_activation.h:46]   --->   Operation 287 'select' 'select_ln46_139' <Predicate = true> <Delay = 0.99> <CoreInst = "Sel">   --->   Core 73 'Sel' <Latency = 0> <II = 1> <Delay = 0.99> <FuncUnit> <Opcode : 'select'> <InPorts = 3> <OutPorts = 1>
ST_2 : Operation 288 [1/1] (0.00ns) (grouped into LUT with out node res_5_0)   --->   "%select_ln46_140 = select i1 %or_ln46_140, i2 %select_ln46_139, i2 %add_ln46_44" [firmware/nnet_utils/nnet_activation.h:46]   --->   Operation 288 'select' 'select_ln46_140' <Predicate = true> <Delay = 0.00> <CoreInst = "Sel">   --->   Core 73 'Sel' <Latency = 0> <II = 1> <Delay = 0.99> <FuncUnit> <Opcode : 'select'> <InPorts = 3> <OutPorts = 1>
ST_2 : Operation 289 [1/1] (0.99ns) (out node of the LUT)   --->   "%res_5_0 = select i1 %icmp_ln45_44, i2 %select_ln46_140, i2 0" [firmware/nnet_utils/nnet_activation.h:45]   --->   Operation 289 'select' 'res_5_0' <Predicate = true> <Delay = 0.99> <CoreInst = "Sel">   --->   Core 73 'Sel' <Latency = 0> <II = 1> <Delay = 0.99> <FuncUnit> <Opcode : 'select'> <InPorts = 3> <OutPorts = 1>
ST_2 : Operation 290 [1/1] (2.07ns)   --->   "%icmp_ln45_45 = icmp_sgt  i16 %data_6_val_read, i16 0" [firmware/nnet_utils/nnet_activation.h:45]   --->   Operation 290 'icmp' 'icmp_ln45_45' <Predicate = true> <Delay = 2.07> <CoreInst = "Cmp">   --->   Core 9 'Cmp' <Latency = 0> <II = 1> <Delay = 2.07> <FuncUnit> <Opcode : 'seteq' 'setne' 'setle' 'setge' 'setlt' 'setgt'> <InPorts = 2> <OutPorts = 1>
ST_2 : Operation 291 [1/1] (0.00ns) (grouped into LUT with out node empty_55)   --->   "%tmp_280 = bitselect i1 @_ssdm_op_BitSelect.i1.i16.i32, i16 %data_6_val_read, i32 9" [firmware/nnet_utils/nnet_activation.h:46]   --->   Operation 291 'bitselect' 'tmp_280' <Predicate = true> <Delay = 0.00>
ST_2 : Operation 292 [1/1] (0.00ns) (grouped into LUT with out node empty_55)   --->   "%tmp_283 = bitselect i1 @_ssdm_op_BitSelect.i1.i2.i32, i2 %add_ln46_45, i32 1" [firmware/nnet_utils/nnet_activation.h:46]   --->   Operation 292 'bitselect' 'tmp_283' <Predicate = true> <Delay = 0.00>
ST_2 : Operation 293 [1/1] (0.00ns) (grouped into LUT with out node empty_55)   --->   "%not_tmp_332 = xor i1 %tmp_280, i1 1" [firmware/nnet_utils/nnet_activation.h:46]   --->   Operation 293 'xor' 'not_tmp_332' <Predicate = true> <Delay = 0.00> <CoreInst = "LogicGate">   --->   Core 74 'LogicGate' <Latency = 0> <II = 1> <Delay = 0.97> <FuncUnit> <Opcode : 'and' 'or' 'xor'> <InPorts = 2> <OutPorts = 1>
ST_2 : Operation 294 [1/1] (0.00ns) (grouped into LUT with out node empty_55)   --->   "%and_ln46_94 = or i1 %tmp_283, i1 %not_tmp_332" [firmware/nnet_utils/nnet_activation.h:46]   --->   Operation 294 'or' 'and_ln46_94' <Predicate = true> <Delay = 0.00> <CoreInst = "LogicGate">   --->   Core 74 'LogicGate' <Latency = 0> <II = 1> <Delay = 0.97> <FuncUnit> <Opcode : 'and' 'or' 'xor'> <InPorts = 2> <OutPorts = 1>
ST_2 : Operation 295 [1/1] (0.97ns) (out node of the LUT)   --->   "%empty_55 = and i1 %icmp_ln46_94, i1 %and_ln46_94" [firmware/nnet_utils/nnet_activation.h:46]   --->   Operation 295 'and' 'empty_55' <Predicate = true> <Delay = 0.97> <CoreInst = "LogicGate">   --->   Core 74 'LogicGate' <Latency = 0> <II = 1> <Delay = 0.97> <FuncUnit> <Opcode : 'and' 'or' 'xor'> <InPorts = 2> <OutPorts = 1>
ST_2 : Operation 296 [1/1] (0.00ns) (grouped into LUT with out node select_ln46_142)   --->   "%or_ln46_142 = or i1 %empty_55, i1 %tmp_278" [firmware/nnet_utils/nnet_activation.h:46]   --->   Operation 296 'or' 'or_ln46_142' <Predicate = true> <Delay = 0.00> <CoreInst = "LogicGate">   --->   Core 74 'LogicGate' <Latency = 0> <II = 1> <Delay = 0.97> <FuncUnit> <Opcode : 'and' 'or' 'xor'> <InPorts = 2> <OutPorts = 1>
ST_2 : Operation 297 [1/1] (0.00ns) (grouped into LUT with out node res_6_0)   --->   "%xor_ln46_45 = xor i1 %empty_55, i1 1" [firmware/nnet_utils/nnet_activation.h:46]   --->   Operation 297 'xor' 'xor_ln46_45' <Predicate = true> <Delay = 0.00> <CoreInst = "LogicGate">   --->   Core 74 'LogicGate' <Latency = 0> <II = 1> <Delay = 0.97> <FuncUnit> <Opcode : 'and' 'or' 'xor'> <InPorts = 2> <OutPorts = 1>
ST_2 : Operation 298 [1/1] (0.00ns) (grouped into LUT with out node res_6_0)   --->   "%or_ln46_143 = or i1 %tmp_278, i1 %xor_ln46_45" [firmware/nnet_utils/nnet_activation.h:46]   --->   Operation 298 'or' 'or_ln46_143' <Predicate = true> <Delay = 0.00> <CoreInst = "LogicGate">   --->   Core 74 'LogicGate' <Latency = 0> <II = 1> <Delay = 0.97> <FuncUnit> <Opcode : 'and' 'or' 'xor'> <InPorts = 2> <OutPorts = 1>
ST_2 : Operation 299 [1/1] (0.00ns) (grouped into LUT with out node select_ln46_142)   --->   "%select_ln46_141 = select i1 %tmp_278, i2 0, i2 %add_ln46_45" [firmware/nnet_utils/nnet_activation.h:46]   --->   Operation 299 'select' 'select_ln46_141' <Predicate = true> <Delay = 0.00> <CoreInst = "Sel">   --->   Core 73 'Sel' <Latency = 0> <II = 1> <Delay = 0.99> <FuncUnit> <Opcode : 'select'> <InPorts = 3> <OutPorts = 1>
ST_2 : Operation 300 [1/1] (0.99ns) (out node of the LUT)   --->   "%select_ln46_142 = select i1 %or_ln46_142, i2 %select_ln46_141, i2 3" [firmware/nnet_utils/nnet_activation.h:46]   --->   Operation 300 'select' 'select_ln46_142' <Predicate = true> <Delay = 0.99> <CoreInst = "Sel">   --->   Core 73 'Sel' <Latency = 0> <II = 1> <Delay = 0.99> <FuncUnit> <Opcode : 'select'> <InPorts = 3> <OutPorts = 1>
ST_2 : Operation 301 [1/1] (0.00ns) (grouped into LUT with out node res_6_0)   --->   "%select_ln46_143 = select i1 %or_ln46_143, i2 %select_ln46_142, i2 %add_ln46_45" [firmware/nnet_utils/nnet_activation.h:46]   --->   Operation 301 'select' 'select_ln46_143' <Predicate = true> <Delay = 0.00> <CoreInst = "Sel">   --->   Core 73 'Sel' <Latency = 0> <II = 1> <Delay = 0.99> <FuncUnit> <Opcode : 'select'> <InPorts = 3> <OutPorts = 1>
ST_2 : Operation 302 [1/1] (0.99ns) (out node of the LUT)   --->   "%res_6_0 = select i1 %icmp_ln45_45, i2 %select_ln46_143, i2 0" [firmware/nnet_utils/nnet_activation.h:45]   --->   Operation 302 'select' 'res_6_0' <Predicate = true> <Delay = 0.99> <CoreInst = "Sel">   --->   Core 73 'Sel' <Latency = 0> <II = 1> <Delay = 0.99> <FuncUnit> <Opcode : 'select'> <InPorts = 3> <OutPorts = 1>
ST_2 : Operation 303 [1/1] (2.07ns)   --->   "%icmp_ln45_46 = icmp_sgt  i16 %data_7_val_read, i16 0" [firmware/nnet_utils/nnet_activation.h:45]   --->   Operation 303 'icmp' 'icmp_ln45_46' <Predicate = true> <Delay = 2.07> <CoreInst = "Cmp">   --->   Core 9 'Cmp' <Latency = 0> <II = 1> <Delay = 2.07> <FuncUnit> <Opcode : 'seteq' 'setne' 'setle' 'setge' 'setlt' 'setgt'> <InPorts = 2> <OutPorts = 1>
ST_2 : Operation 304 [1/1] (0.00ns) (grouped into LUT with out node empty_56)   --->   "%tmp_286 = bitselect i1 @_ssdm_op_BitSelect.i1.i16.i32, i16 %data_7_val_read, i32 9" [firmware/nnet_utils/nnet_activation.h:46]   --->   Operation 304 'bitselect' 'tmp_286' <Predicate = true> <Delay = 0.00>
ST_2 : Operation 305 [1/1] (0.00ns) (grouped into LUT with out node empty_56)   --->   "%tmp_289 = bitselect i1 @_ssdm_op_BitSelect.i1.i2.i32, i2 %add_ln46_46, i32 1" [firmware/nnet_utils/nnet_activation.h:46]   --->   Operation 305 'bitselect' 'tmp_289' <Predicate = true> <Delay = 0.00>
ST_2 : Operation 306 [1/1] (0.00ns) (grouped into LUT with out node empty_56)   --->   "%not_tmp_339 = xor i1 %tmp_286, i1 1" [firmware/nnet_utils/nnet_activation.h:46]   --->   Operation 306 'xor' 'not_tmp_339' <Predicate = true> <Delay = 0.00> <CoreInst = "LogicGate">   --->   Core 74 'LogicGate' <Latency = 0> <II = 1> <Delay = 0.97> <FuncUnit> <Opcode : 'and' 'or' 'xor'> <InPorts = 2> <OutPorts = 1>
ST_2 : Operation 307 [1/1] (0.00ns) (grouped into LUT with out node empty_56)   --->   "%and_ln46_96 = or i1 %tmp_289, i1 %not_tmp_339" [firmware/nnet_utils/nnet_activation.h:46]   --->   Operation 307 'or' 'and_ln46_96' <Predicate = true> <Delay = 0.00> <CoreInst = "LogicGate">   --->   Core 74 'LogicGate' <Latency = 0> <II = 1> <Delay = 0.97> <FuncUnit> <Opcode : 'and' 'or' 'xor'> <InPorts = 2> <OutPorts = 1>
ST_2 : Operation 308 [1/1] (0.97ns) (out node of the LUT)   --->   "%empty_56 = and i1 %icmp_ln46_96, i1 %and_ln46_96" [firmware/nnet_utils/nnet_activation.h:46]   --->   Operation 308 'and' 'empty_56' <Predicate = true> <Delay = 0.97> <CoreInst = "LogicGate">   --->   Core 74 'LogicGate' <Latency = 0> <II = 1> <Delay = 0.97> <FuncUnit> <Opcode : 'and' 'or' 'xor'> <InPorts = 2> <OutPorts = 1>
ST_2 : Operation 309 [1/1] (0.00ns) (grouped into LUT with out node select_ln46_145)   --->   "%or_ln46_145 = or i1 %empty_56, i1 %tmp_284" [firmware/nnet_utils/nnet_activation.h:46]   --->   Operation 309 'or' 'or_ln46_145' <Predicate = true> <Delay = 0.00> <CoreInst = "LogicGate">   --->   Core 74 'LogicGate' <Latency = 0> <II = 1> <Delay = 0.97> <FuncUnit> <Opcode : 'and' 'or' 'xor'> <InPorts = 2> <OutPorts = 1>
ST_2 : Operation 310 [1/1] (0.00ns) (grouped into LUT with out node res_7_0)   --->   "%xor_ln46_46 = xor i1 %empty_56, i1 1" [firmware/nnet_utils/nnet_activation.h:46]   --->   Operation 310 'xor' 'xor_ln46_46' <Predicate = true> <Delay = 0.00> <CoreInst = "LogicGate">   --->   Core 74 'LogicGate' <Latency = 0> <II = 1> <Delay = 0.97> <FuncUnit> <Opcode : 'and' 'or' 'xor'> <InPorts = 2> <OutPorts = 1>
ST_2 : Operation 311 [1/1] (0.00ns) (grouped into LUT with out node res_7_0)   --->   "%or_ln46_146 = or i1 %tmp_284, i1 %xor_ln46_46" [firmware/nnet_utils/nnet_activation.h:46]   --->   Operation 311 'or' 'or_ln46_146' <Predicate = true> <Delay = 0.00> <CoreInst = "LogicGate">   --->   Core 74 'LogicGate' <Latency = 0> <II = 1> <Delay = 0.97> <FuncUnit> <Opcode : 'and' 'or' 'xor'> <InPorts = 2> <OutPorts = 1>
ST_2 : Operation 312 [1/1] (0.00ns) (grouped into LUT with out node select_ln46_145)   --->   "%select_ln46_144 = select i1 %tmp_284, i2 0, i2 %add_ln46_46" [firmware/nnet_utils/nnet_activation.h:46]   --->   Operation 312 'select' 'select_ln46_144' <Predicate = true> <Delay = 0.00> <CoreInst = "Sel">   --->   Core 73 'Sel' <Latency = 0> <II = 1> <Delay = 0.99> <FuncUnit> <Opcode : 'select'> <InPorts = 3> <OutPorts = 1>
ST_2 : Operation 313 [1/1] (0.99ns) (out node of the LUT)   --->   "%select_ln46_145 = select i1 %or_ln46_145, i2 %select_ln46_144, i2 3" [firmware/nnet_utils/nnet_activation.h:46]   --->   Operation 313 'select' 'select_ln46_145' <Predicate = true> <Delay = 0.99> <CoreInst = "Sel">   --->   Core 73 'Sel' <Latency = 0> <II = 1> <Delay = 0.99> <FuncUnit> <Opcode : 'select'> <InPorts = 3> <OutPorts = 1>
ST_2 : Operation 314 [1/1] (0.00ns) (grouped into LUT with out node res_7_0)   --->   "%select_ln46_146 = select i1 %or_ln46_146, i2 %select_ln46_145, i2 %add_ln46_46" [firmware/nnet_utils/nnet_activation.h:46]   --->   Operation 314 'select' 'select_ln46_146' <Predicate = true> <Delay = 0.00> <CoreInst = "Sel">   --->   Core 73 'Sel' <Latency = 0> <II = 1> <Delay = 0.99> <FuncUnit> <Opcode : 'select'> <InPorts = 3> <OutPorts = 1>
ST_2 : Operation 315 [1/1] (0.99ns) (out node of the LUT)   --->   "%res_7_0 = select i1 %icmp_ln45_46, i2 %select_ln46_146, i2 0" [firmware/nnet_utils/nnet_activation.h:45]   --->   Operation 315 'select' 'res_7_0' <Predicate = true> <Delay = 0.99> <CoreInst = "Sel">   --->   Core 73 'Sel' <Latency = 0> <II = 1> <Delay = 0.99> <FuncUnit> <Opcode : 'select'> <InPorts = 3> <OutPorts = 1>
ST_2 : Operation 316 [1/1] (2.07ns)   --->   "%icmp_ln45_47 = icmp_sgt  i16 %data_8_val_read, i16 0" [firmware/nnet_utils/nnet_activation.h:45]   --->   Operation 316 'icmp' 'icmp_ln45_47' <Predicate = true> <Delay = 2.07> <CoreInst = "Cmp">   --->   Core 9 'Cmp' <Latency = 0> <II = 1> <Delay = 2.07> <FuncUnit> <Opcode : 'seteq' 'setne' 'setle' 'setge' 'setlt' 'setgt'> <InPorts = 2> <OutPorts = 1>
ST_2 : Operation 317 [1/1] (0.00ns) (grouped into LUT with out node empty_57)   --->   "%tmp_292 = bitselect i1 @_ssdm_op_BitSelect.i1.i16.i32, i16 %data_8_val_read, i32 9" [firmware/nnet_utils/nnet_activation.h:46]   --->   Operation 317 'bitselect' 'tmp_292' <Predicate = true> <Delay = 0.00>
ST_2 : Operation 318 [1/1] (0.00ns) (grouped into LUT with out node empty_57)   --->   "%tmp_295 = bitselect i1 @_ssdm_op_BitSelect.i1.i2.i32, i2 %add_ln46_47, i32 1" [firmware/nnet_utils/nnet_activation.h:46]   --->   Operation 318 'bitselect' 'tmp_295' <Predicate = true> <Delay = 0.00>
ST_2 : Operation 319 [1/1] (0.00ns) (grouped into LUT with out node empty_57)   --->   "%not_tmp_346 = xor i1 %tmp_292, i1 1" [firmware/nnet_utils/nnet_activation.h:46]   --->   Operation 319 'xor' 'not_tmp_346' <Predicate = true> <Delay = 0.00> <CoreInst = "LogicGate">   --->   Core 74 'LogicGate' <Latency = 0> <II = 1> <Delay = 0.97> <FuncUnit> <Opcode : 'and' 'or' 'xor'> <InPorts = 2> <OutPorts = 1>
ST_2 : Operation 320 [1/1] (0.00ns) (grouped into LUT with out node empty_57)   --->   "%and_ln46_98 = or i1 %tmp_295, i1 %not_tmp_346" [firmware/nnet_utils/nnet_activation.h:46]   --->   Operation 320 'or' 'and_ln46_98' <Predicate = true> <Delay = 0.00> <CoreInst = "LogicGate">   --->   Core 74 'LogicGate' <Latency = 0> <II = 1> <Delay = 0.97> <FuncUnit> <Opcode : 'and' 'or' 'xor'> <InPorts = 2> <OutPorts = 1>
ST_2 : Operation 321 [1/1] (0.97ns) (out node of the LUT)   --->   "%empty_57 = and i1 %icmp_ln46_98, i1 %and_ln46_98" [firmware/nnet_utils/nnet_activation.h:46]   --->   Operation 321 'and' 'empty_57' <Predicate = true> <Delay = 0.97> <CoreInst = "LogicGate">   --->   Core 74 'LogicGate' <Latency = 0> <II = 1> <Delay = 0.97> <FuncUnit> <Opcode : 'and' 'or' 'xor'> <InPorts = 2> <OutPorts = 1>
ST_2 : Operation 322 [1/1] (0.00ns) (grouped into LUT with out node select_ln46_148)   --->   "%or_ln46_148 = or i1 %empty_57, i1 %tmp_290" [firmware/nnet_utils/nnet_activation.h:46]   --->   Operation 322 'or' 'or_ln46_148' <Predicate = true> <Delay = 0.00> <CoreInst = "LogicGate">   --->   Core 74 'LogicGate' <Latency = 0> <II = 1> <Delay = 0.97> <FuncUnit> <Opcode : 'and' 'or' 'xor'> <InPorts = 2> <OutPorts = 1>
ST_2 : Operation 323 [1/1] (0.00ns) (grouped into LUT with out node res_8_0)   --->   "%xor_ln46_47 = xor i1 %empty_57, i1 1" [firmware/nnet_utils/nnet_activation.h:46]   --->   Operation 323 'xor' 'xor_ln46_47' <Predicate = true> <Delay = 0.00> <CoreInst = "LogicGate">   --->   Core 74 'LogicGate' <Latency = 0> <II = 1> <Delay = 0.97> <FuncUnit> <Opcode : 'and' 'or' 'xor'> <InPorts = 2> <OutPorts = 1>
ST_2 : Operation 324 [1/1] (0.00ns) (grouped into LUT with out node res_8_0)   --->   "%or_ln46_149 = or i1 %tmp_290, i1 %xor_ln46_47" [firmware/nnet_utils/nnet_activation.h:46]   --->   Operation 324 'or' 'or_ln46_149' <Predicate = true> <Delay = 0.00> <CoreInst = "LogicGate">   --->   Core 74 'LogicGate' <Latency = 0> <II = 1> <Delay = 0.97> <FuncUnit> <Opcode : 'and' 'or' 'xor'> <InPorts = 2> <OutPorts = 1>
ST_2 : Operation 325 [1/1] (0.00ns) (grouped into LUT with out node select_ln46_148)   --->   "%select_ln46_147 = select i1 %tmp_290, i2 0, i2 %add_ln46_47" [firmware/nnet_utils/nnet_activation.h:46]   --->   Operation 325 'select' 'select_ln46_147' <Predicate = true> <Delay = 0.00> <CoreInst = "Sel">   --->   Core 73 'Sel' <Latency = 0> <II = 1> <Delay = 0.99> <FuncUnit> <Opcode : 'select'> <InPorts = 3> <OutPorts = 1>
ST_2 : Operation 326 [1/1] (0.99ns) (out node of the LUT)   --->   "%select_ln46_148 = select i1 %or_ln46_148, i2 %select_ln46_147, i2 3" [firmware/nnet_utils/nnet_activation.h:46]   --->   Operation 326 'select' 'select_ln46_148' <Predicate = true> <Delay = 0.99> <CoreInst = "Sel">   --->   Core 73 'Sel' <Latency = 0> <II = 1> <Delay = 0.99> <FuncUnit> <Opcode : 'select'> <InPorts = 3> <OutPorts = 1>
ST_2 : Operation 327 [1/1] (0.00ns) (grouped into LUT with out node res_8_0)   --->   "%select_ln46_149 = select i1 %or_ln46_149, i2 %select_ln46_148, i2 %add_ln46_47" [firmware/nnet_utils/nnet_activation.h:46]   --->   Operation 327 'select' 'select_ln46_149' <Predicate = true> <Delay = 0.00> <CoreInst = "Sel">   --->   Core 73 'Sel' <Latency = 0> <II = 1> <Delay = 0.99> <FuncUnit> <Opcode : 'select'> <InPorts = 3> <OutPorts = 1>
ST_2 : Operation 328 [1/1] (0.99ns) (out node of the LUT)   --->   "%res_8_0 = select i1 %icmp_ln45_47, i2 %select_ln46_149, i2 0" [firmware/nnet_utils/nnet_activation.h:45]   --->   Operation 328 'select' 'res_8_0' <Predicate = true> <Delay = 0.99> <CoreInst = "Sel">   --->   Core 73 'Sel' <Latency = 0> <II = 1> <Delay = 0.99> <FuncUnit> <Opcode : 'select'> <InPorts = 3> <OutPorts = 1>
ST_2 : Operation 329 [1/1] (2.07ns)   --->   "%icmp_ln45_48 = icmp_sgt  i16 %data_9_val_read, i16 0" [firmware/nnet_utils/nnet_activation.h:45]   --->   Operation 329 'icmp' 'icmp_ln45_48' <Predicate = true> <Delay = 2.07> <CoreInst = "Cmp">   --->   Core 9 'Cmp' <Latency = 0> <II = 1> <Delay = 2.07> <FuncUnit> <Opcode : 'seteq' 'setne' 'setle' 'setge' 'setlt' 'setgt'> <InPorts = 2> <OutPorts = 1>
ST_2 : Operation 330 [1/1] (0.00ns) (grouped into LUT with out node empty_58)   --->   "%tmp_298 = bitselect i1 @_ssdm_op_BitSelect.i1.i16.i32, i16 %data_9_val_read, i32 9" [firmware/nnet_utils/nnet_activation.h:46]   --->   Operation 330 'bitselect' 'tmp_298' <Predicate = true> <Delay = 0.00>
ST_2 : Operation 331 [1/1] (0.00ns) (grouped into LUT with out node empty_58)   --->   "%tmp_301 = bitselect i1 @_ssdm_op_BitSelect.i1.i2.i32, i2 %add_ln46_48, i32 1" [firmware/nnet_utils/nnet_activation.h:46]   --->   Operation 331 'bitselect' 'tmp_301' <Predicate = true> <Delay = 0.00>
ST_2 : Operation 332 [1/1] (0.00ns) (grouped into LUT with out node empty_58)   --->   "%not_tmp_353 = xor i1 %tmp_298, i1 1" [firmware/nnet_utils/nnet_activation.h:46]   --->   Operation 332 'xor' 'not_tmp_353' <Predicate = true> <Delay = 0.00> <CoreInst = "LogicGate">   --->   Core 74 'LogicGate' <Latency = 0> <II = 1> <Delay = 0.97> <FuncUnit> <Opcode : 'and' 'or' 'xor'> <InPorts = 2> <OutPorts = 1>
ST_2 : Operation 333 [1/1] (0.00ns) (grouped into LUT with out node empty_58)   --->   "%and_ln46_100 = or i1 %tmp_301, i1 %not_tmp_353" [firmware/nnet_utils/nnet_activation.h:46]   --->   Operation 333 'or' 'and_ln46_100' <Predicate = true> <Delay = 0.00> <CoreInst = "LogicGate">   --->   Core 74 'LogicGate' <Latency = 0> <II = 1> <Delay = 0.97> <FuncUnit> <Opcode : 'and' 'or' 'xor'> <InPorts = 2> <OutPorts = 1>
ST_2 : Operation 334 [1/1] (0.97ns) (out node of the LUT)   --->   "%empty_58 = and i1 %icmp_ln46_100, i1 %and_ln46_100" [firmware/nnet_utils/nnet_activation.h:46]   --->   Operation 334 'and' 'empty_58' <Predicate = true> <Delay = 0.97> <CoreInst = "LogicGate">   --->   Core 74 'LogicGate' <Latency = 0> <II = 1> <Delay = 0.97> <FuncUnit> <Opcode : 'and' 'or' 'xor'> <InPorts = 2> <OutPorts = 1>
ST_2 : Operation 335 [1/1] (0.00ns) (grouped into LUT with out node select_ln46_151)   --->   "%or_ln46_151 = or i1 %empty_58, i1 %tmp_296" [firmware/nnet_utils/nnet_activation.h:46]   --->   Operation 335 'or' 'or_ln46_151' <Predicate = true> <Delay = 0.00> <CoreInst = "LogicGate">   --->   Core 74 'LogicGate' <Latency = 0> <II = 1> <Delay = 0.97> <FuncUnit> <Opcode : 'and' 'or' 'xor'> <InPorts = 2> <OutPorts = 1>
ST_2 : Operation 336 [1/1] (0.00ns) (grouped into LUT with out node res_9_0)   --->   "%xor_ln46_48 = xor i1 %empty_58, i1 1" [firmware/nnet_utils/nnet_activation.h:46]   --->   Operation 336 'xor' 'xor_ln46_48' <Predicate = true> <Delay = 0.00> <CoreInst = "LogicGate">   --->   Core 74 'LogicGate' <Latency = 0> <II = 1> <Delay = 0.97> <FuncUnit> <Opcode : 'and' 'or' 'xor'> <InPorts = 2> <OutPorts = 1>
ST_2 : Operation 337 [1/1] (0.00ns) (grouped into LUT with out node res_9_0)   --->   "%or_ln46_152 = or i1 %tmp_296, i1 %xor_ln46_48" [firmware/nnet_utils/nnet_activation.h:46]   --->   Operation 337 'or' 'or_ln46_152' <Predicate = true> <Delay = 0.00> <CoreInst = "LogicGate">   --->   Core 74 'LogicGate' <Latency = 0> <II = 1> <Delay = 0.97> <FuncUnit> <Opcode : 'and' 'or' 'xor'> <InPorts = 2> <OutPorts = 1>
ST_2 : Operation 338 [1/1] (0.00ns) (grouped into LUT with out node select_ln46_151)   --->   "%select_ln46_150 = select i1 %tmp_296, i2 0, i2 %add_ln46_48" [firmware/nnet_utils/nnet_activation.h:46]   --->   Operation 338 'select' 'select_ln46_150' <Predicate = true> <Delay = 0.00> <CoreInst = "Sel">   --->   Core 73 'Sel' <Latency = 0> <II = 1> <Delay = 0.99> <FuncUnit> <Opcode : 'select'> <InPorts = 3> <OutPorts = 1>
ST_2 : Operation 339 [1/1] (0.99ns) (out node of the LUT)   --->   "%select_ln46_151 = select i1 %or_ln46_151, i2 %select_ln46_150, i2 3" [firmware/nnet_utils/nnet_activation.h:46]   --->   Operation 339 'select' 'select_ln46_151' <Predicate = true> <Delay = 0.99> <CoreInst = "Sel">   --->   Core 73 'Sel' <Latency = 0> <II = 1> <Delay = 0.99> <FuncUnit> <Opcode : 'select'> <InPorts = 3> <OutPorts = 1>
ST_2 : Operation 340 [1/1] (0.00ns) (grouped into LUT with out node res_9_0)   --->   "%select_ln46_152 = select i1 %or_ln46_152, i2 %select_ln46_151, i2 %add_ln46_48" [firmware/nnet_utils/nnet_activation.h:46]   --->   Operation 340 'select' 'select_ln46_152' <Predicate = true> <Delay = 0.00> <CoreInst = "Sel">   --->   Core 73 'Sel' <Latency = 0> <II = 1> <Delay = 0.99> <FuncUnit> <Opcode : 'select'> <InPorts = 3> <OutPorts = 1>
ST_2 : Operation 341 [1/1] (0.99ns) (out node of the LUT)   --->   "%res_9_0 = select i1 %icmp_ln45_48, i2 %select_ln46_152, i2 0" [firmware/nnet_utils/nnet_activation.h:45]   --->   Operation 341 'select' 'res_9_0' <Predicate = true> <Delay = 0.99> <CoreInst = "Sel">   --->   Core 73 'Sel' <Latency = 0> <II = 1> <Delay = 0.99> <FuncUnit> <Opcode : 'select'> <InPorts = 3> <OutPorts = 1>
ST_2 : Operation 342 [1/1] (2.07ns)   --->   "%icmp_ln45_49 = icmp_sgt  i16 %data_10_val_read, i16 0" [firmware/nnet_utils/nnet_activation.h:45]   --->   Operation 342 'icmp' 'icmp_ln45_49' <Predicate = true> <Delay = 2.07> <CoreInst = "Cmp">   --->   Core 9 'Cmp' <Latency = 0> <II = 1> <Delay = 2.07> <FuncUnit> <Opcode : 'seteq' 'setne' 'setle' 'setge' 'setlt' 'setgt'> <InPorts = 2> <OutPorts = 1>
ST_2 : Operation 343 [1/1] (0.00ns) (grouped into LUT with out node empty_59)   --->   "%tmp_304 = bitselect i1 @_ssdm_op_BitSelect.i1.i16.i32, i16 %data_10_val_read, i32 9" [firmware/nnet_utils/nnet_activation.h:46]   --->   Operation 343 'bitselect' 'tmp_304' <Predicate = true> <Delay = 0.00>
ST_2 : Operation 344 [1/1] (0.00ns) (grouped into LUT with out node empty_59)   --->   "%tmp_307 = bitselect i1 @_ssdm_op_BitSelect.i1.i2.i32, i2 %add_ln46_49, i32 1" [firmware/nnet_utils/nnet_activation.h:46]   --->   Operation 344 'bitselect' 'tmp_307' <Predicate = true> <Delay = 0.00>
ST_2 : Operation 345 [1/1] (0.00ns) (grouped into LUT with out node empty_59)   --->   "%not_tmp_360 = xor i1 %tmp_304, i1 1" [firmware/nnet_utils/nnet_activation.h:46]   --->   Operation 345 'xor' 'not_tmp_360' <Predicate = true> <Delay = 0.00> <CoreInst = "LogicGate">   --->   Core 74 'LogicGate' <Latency = 0> <II = 1> <Delay = 0.97> <FuncUnit> <Opcode : 'and' 'or' 'xor'> <InPorts = 2> <OutPorts = 1>
ST_2 : Operation 346 [1/1] (0.00ns) (grouped into LUT with out node empty_59)   --->   "%and_ln46_102 = or i1 %tmp_307, i1 %not_tmp_360" [firmware/nnet_utils/nnet_activation.h:46]   --->   Operation 346 'or' 'and_ln46_102' <Predicate = true> <Delay = 0.00> <CoreInst = "LogicGate">   --->   Core 74 'LogicGate' <Latency = 0> <II = 1> <Delay = 0.97> <FuncUnit> <Opcode : 'and' 'or' 'xor'> <InPorts = 2> <OutPorts = 1>
ST_2 : Operation 347 [1/1] (0.97ns) (out node of the LUT)   --->   "%empty_59 = and i1 %icmp_ln46_102, i1 %and_ln46_102" [firmware/nnet_utils/nnet_activation.h:46]   --->   Operation 347 'and' 'empty_59' <Predicate = true> <Delay = 0.97> <CoreInst = "LogicGate">   --->   Core 74 'LogicGate' <Latency = 0> <II = 1> <Delay = 0.97> <FuncUnit> <Opcode : 'and' 'or' 'xor'> <InPorts = 2> <OutPorts = 1>
ST_2 : Operation 348 [1/1] (0.00ns) (grouped into LUT with out node select_ln46_154)   --->   "%or_ln46_154 = or i1 %empty_59, i1 %tmp_302" [firmware/nnet_utils/nnet_activation.h:46]   --->   Operation 348 'or' 'or_ln46_154' <Predicate = true> <Delay = 0.00> <CoreInst = "LogicGate">   --->   Core 74 'LogicGate' <Latency = 0> <II = 1> <Delay = 0.97> <FuncUnit> <Opcode : 'and' 'or' 'xor'> <InPorts = 2> <OutPorts = 1>
ST_2 : Operation 349 [1/1] (0.00ns) (grouped into LUT with out node res_10_0)   --->   "%xor_ln46_49 = xor i1 %empty_59, i1 1" [firmware/nnet_utils/nnet_activation.h:46]   --->   Operation 349 'xor' 'xor_ln46_49' <Predicate = true> <Delay = 0.00> <CoreInst = "LogicGate">   --->   Core 74 'LogicGate' <Latency = 0> <II = 1> <Delay = 0.97> <FuncUnit> <Opcode : 'and' 'or' 'xor'> <InPorts = 2> <OutPorts = 1>
ST_2 : Operation 350 [1/1] (0.00ns) (grouped into LUT with out node res_10_0)   --->   "%or_ln46_155 = or i1 %tmp_302, i1 %xor_ln46_49" [firmware/nnet_utils/nnet_activation.h:46]   --->   Operation 350 'or' 'or_ln46_155' <Predicate = true> <Delay = 0.00> <CoreInst = "LogicGate">   --->   Core 74 'LogicGate' <Latency = 0> <II = 1> <Delay = 0.97> <FuncUnit> <Opcode : 'and' 'or' 'xor'> <InPorts = 2> <OutPorts = 1>
ST_2 : Operation 351 [1/1] (0.00ns) (grouped into LUT with out node select_ln46_154)   --->   "%select_ln46_153 = select i1 %tmp_302, i2 0, i2 %add_ln46_49" [firmware/nnet_utils/nnet_activation.h:46]   --->   Operation 351 'select' 'select_ln46_153' <Predicate = true> <Delay = 0.00> <CoreInst = "Sel">   --->   Core 73 'Sel' <Latency = 0> <II = 1> <Delay = 0.99> <FuncUnit> <Opcode : 'select'> <InPorts = 3> <OutPorts = 1>
ST_2 : Operation 352 [1/1] (0.99ns) (out node of the LUT)   --->   "%select_ln46_154 = select i1 %or_ln46_154, i2 %select_ln46_153, i2 3" [firmware/nnet_utils/nnet_activation.h:46]   --->   Operation 352 'select' 'select_ln46_154' <Predicate = true> <Delay = 0.99> <CoreInst = "Sel">   --->   Core 73 'Sel' <Latency = 0> <II = 1> <Delay = 0.99> <FuncUnit> <Opcode : 'select'> <InPorts = 3> <OutPorts = 1>
ST_2 : Operation 353 [1/1] (0.00ns) (grouped into LUT with out node res_10_0)   --->   "%select_ln46_155 = select i1 %or_ln46_155, i2 %select_ln46_154, i2 %add_ln46_49" [firmware/nnet_utils/nnet_activation.h:46]   --->   Operation 353 'select' 'select_ln46_155' <Predicate = true> <Delay = 0.00> <CoreInst = "Sel">   --->   Core 73 'Sel' <Latency = 0> <II = 1> <Delay = 0.99> <FuncUnit> <Opcode : 'select'> <InPorts = 3> <OutPorts = 1>
ST_2 : Operation 354 [1/1] (0.99ns) (out node of the LUT)   --->   "%res_10_0 = select i1 %icmp_ln45_49, i2 %select_ln46_155, i2 0" [firmware/nnet_utils/nnet_activation.h:45]   --->   Operation 354 'select' 'res_10_0' <Predicate = true> <Delay = 0.99> <CoreInst = "Sel">   --->   Core 73 'Sel' <Latency = 0> <II = 1> <Delay = 0.99> <FuncUnit> <Opcode : 'select'> <InPorts = 3> <OutPorts = 1>
ST_2 : Operation 355 [1/1] (2.07ns)   --->   "%icmp_ln45_50 = icmp_sgt  i16 %data_11_val_read, i16 0" [firmware/nnet_utils/nnet_activation.h:45]   --->   Operation 355 'icmp' 'icmp_ln45_50' <Predicate = true> <Delay = 2.07> <CoreInst = "Cmp">   --->   Core 9 'Cmp' <Latency = 0> <II = 1> <Delay = 2.07> <FuncUnit> <Opcode : 'seteq' 'setne' 'setle' 'setge' 'setlt' 'setgt'> <InPorts = 2> <OutPorts = 1>
ST_2 : Operation 356 [1/1] (0.00ns) (grouped into LUT with out node empty_60)   --->   "%tmp_310 = bitselect i1 @_ssdm_op_BitSelect.i1.i16.i32, i16 %data_11_val_read, i32 9" [firmware/nnet_utils/nnet_activation.h:46]   --->   Operation 356 'bitselect' 'tmp_310' <Predicate = true> <Delay = 0.00>
ST_2 : Operation 357 [1/1] (0.00ns) (grouped into LUT with out node empty_60)   --->   "%tmp_313 = bitselect i1 @_ssdm_op_BitSelect.i1.i2.i32, i2 %add_ln46_50, i32 1" [firmware/nnet_utils/nnet_activation.h:46]   --->   Operation 357 'bitselect' 'tmp_313' <Predicate = true> <Delay = 0.00>
ST_2 : Operation 358 [1/1] (0.00ns) (grouped into LUT with out node empty_60)   --->   "%not_tmp_367 = xor i1 %tmp_310, i1 1" [firmware/nnet_utils/nnet_activation.h:46]   --->   Operation 358 'xor' 'not_tmp_367' <Predicate = true> <Delay = 0.00> <CoreInst = "LogicGate">   --->   Core 74 'LogicGate' <Latency = 0> <II = 1> <Delay = 0.97> <FuncUnit> <Opcode : 'and' 'or' 'xor'> <InPorts = 2> <OutPorts = 1>
ST_2 : Operation 359 [1/1] (0.00ns) (grouped into LUT with out node empty_60)   --->   "%and_ln46_104 = or i1 %tmp_313, i1 %not_tmp_367" [firmware/nnet_utils/nnet_activation.h:46]   --->   Operation 359 'or' 'and_ln46_104' <Predicate = true> <Delay = 0.00> <CoreInst = "LogicGate">   --->   Core 74 'LogicGate' <Latency = 0> <II = 1> <Delay = 0.97> <FuncUnit> <Opcode : 'and' 'or' 'xor'> <InPorts = 2> <OutPorts = 1>
ST_2 : Operation 360 [1/1] (0.97ns) (out node of the LUT)   --->   "%empty_60 = and i1 %icmp_ln46_104, i1 %and_ln46_104" [firmware/nnet_utils/nnet_activation.h:46]   --->   Operation 360 'and' 'empty_60' <Predicate = true> <Delay = 0.97> <CoreInst = "LogicGate">   --->   Core 74 'LogicGate' <Latency = 0> <II = 1> <Delay = 0.97> <FuncUnit> <Opcode : 'and' 'or' 'xor'> <InPorts = 2> <OutPorts = 1>
ST_2 : Operation 361 [1/1] (0.00ns) (grouped into LUT with out node select_ln46_157)   --->   "%or_ln46_157 = or i1 %empty_60, i1 %tmp_308" [firmware/nnet_utils/nnet_activation.h:46]   --->   Operation 361 'or' 'or_ln46_157' <Predicate = true> <Delay = 0.00> <CoreInst = "LogicGate">   --->   Core 74 'LogicGate' <Latency = 0> <II = 1> <Delay = 0.97> <FuncUnit> <Opcode : 'and' 'or' 'xor'> <InPorts = 2> <OutPorts = 1>
ST_2 : Operation 362 [1/1] (0.00ns) (grouped into LUT with out node res_11_0)   --->   "%xor_ln46_50 = xor i1 %empty_60, i1 1" [firmware/nnet_utils/nnet_activation.h:46]   --->   Operation 362 'xor' 'xor_ln46_50' <Predicate = true> <Delay = 0.00> <CoreInst = "LogicGate">   --->   Core 74 'LogicGate' <Latency = 0> <II = 1> <Delay = 0.97> <FuncUnit> <Opcode : 'and' 'or' 'xor'> <InPorts = 2> <OutPorts = 1>
ST_2 : Operation 363 [1/1] (0.00ns) (grouped into LUT with out node res_11_0)   --->   "%or_ln46_158 = or i1 %tmp_308, i1 %xor_ln46_50" [firmware/nnet_utils/nnet_activation.h:46]   --->   Operation 363 'or' 'or_ln46_158' <Predicate = true> <Delay = 0.00> <CoreInst = "LogicGate">   --->   Core 74 'LogicGate' <Latency = 0> <II = 1> <Delay = 0.97> <FuncUnit> <Opcode : 'and' 'or' 'xor'> <InPorts = 2> <OutPorts = 1>
ST_2 : Operation 364 [1/1] (0.00ns) (grouped into LUT with out node select_ln46_157)   --->   "%select_ln46_156 = select i1 %tmp_308, i2 0, i2 %add_ln46_50" [firmware/nnet_utils/nnet_activation.h:46]   --->   Operation 364 'select' 'select_ln46_156' <Predicate = true> <Delay = 0.00> <CoreInst = "Sel">   --->   Core 73 'Sel' <Latency = 0> <II = 1> <Delay = 0.99> <FuncUnit> <Opcode : 'select'> <InPorts = 3> <OutPorts = 1>
ST_2 : Operation 365 [1/1] (0.99ns) (out node of the LUT)   --->   "%select_ln46_157 = select i1 %or_ln46_157, i2 %select_ln46_156, i2 3" [firmware/nnet_utils/nnet_activation.h:46]   --->   Operation 365 'select' 'select_ln46_157' <Predicate = true> <Delay = 0.99> <CoreInst = "Sel">   --->   Core 73 'Sel' <Latency = 0> <II = 1> <Delay = 0.99> <FuncUnit> <Opcode : 'select'> <InPorts = 3> <OutPorts = 1>
ST_2 : Operation 366 [1/1] (0.00ns) (grouped into LUT with out node res_11_0)   --->   "%select_ln46_158 = select i1 %or_ln46_158, i2 %select_ln46_157, i2 %add_ln46_50" [firmware/nnet_utils/nnet_activation.h:46]   --->   Operation 366 'select' 'select_ln46_158' <Predicate = true> <Delay = 0.00> <CoreInst = "Sel">   --->   Core 73 'Sel' <Latency = 0> <II = 1> <Delay = 0.99> <FuncUnit> <Opcode : 'select'> <InPorts = 3> <OutPorts = 1>
ST_2 : Operation 367 [1/1] (0.99ns) (out node of the LUT)   --->   "%res_11_0 = select i1 %icmp_ln45_50, i2 %select_ln46_158, i2 0" [firmware/nnet_utils/nnet_activation.h:45]   --->   Operation 367 'select' 'res_11_0' <Predicate = true> <Delay = 0.99> <CoreInst = "Sel">   --->   Core 73 'Sel' <Latency = 0> <II = 1> <Delay = 0.99> <FuncUnit> <Opcode : 'select'> <InPorts = 3> <OutPorts = 1>
ST_2 : Operation 368 [1/1] (2.07ns)   --->   "%icmp_ln45_51 = icmp_sgt  i16 %data_12_val_read, i16 0" [firmware/nnet_utils/nnet_activation.h:45]   --->   Operation 368 'icmp' 'icmp_ln45_51' <Predicate = true> <Delay = 2.07> <CoreInst = "Cmp">   --->   Core 9 'Cmp' <Latency = 0> <II = 1> <Delay = 2.07> <FuncUnit> <Opcode : 'seteq' 'setne' 'setle' 'setge' 'setlt' 'setgt'> <InPorts = 2> <OutPorts = 1>
ST_2 : Operation 369 [1/1] (0.00ns) (grouped into LUT with out node empty_61)   --->   "%tmp_316 = bitselect i1 @_ssdm_op_BitSelect.i1.i16.i32, i16 %data_12_val_read, i32 9" [firmware/nnet_utils/nnet_activation.h:46]   --->   Operation 369 'bitselect' 'tmp_316' <Predicate = true> <Delay = 0.00>
ST_2 : Operation 370 [1/1] (0.00ns) (grouped into LUT with out node empty_61)   --->   "%tmp_319 = bitselect i1 @_ssdm_op_BitSelect.i1.i2.i32, i2 %add_ln46_51, i32 1" [firmware/nnet_utils/nnet_activation.h:46]   --->   Operation 370 'bitselect' 'tmp_319' <Predicate = true> <Delay = 0.00>
ST_2 : Operation 371 [1/1] (0.00ns) (grouped into LUT with out node empty_61)   --->   "%not_tmp_374 = xor i1 %tmp_316, i1 1" [firmware/nnet_utils/nnet_activation.h:46]   --->   Operation 371 'xor' 'not_tmp_374' <Predicate = true> <Delay = 0.00> <CoreInst = "LogicGate">   --->   Core 74 'LogicGate' <Latency = 0> <II = 1> <Delay = 0.97> <FuncUnit> <Opcode : 'and' 'or' 'xor'> <InPorts = 2> <OutPorts = 1>
ST_2 : Operation 372 [1/1] (0.00ns) (grouped into LUT with out node empty_61)   --->   "%and_ln46_106 = or i1 %tmp_319, i1 %not_tmp_374" [firmware/nnet_utils/nnet_activation.h:46]   --->   Operation 372 'or' 'and_ln46_106' <Predicate = true> <Delay = 0.00> <CoreInst = "LogicGate">   --->   Core 74 'LogicGate' <Latency = 0> <II = 1> <Delay = 0.97> <FuncUnit> <Opcode : 'and' 'or' 'xor'> <InPorts = 2> <OutPorts = 1>
ST_2 : Operation 373 [1/1] (0.97ns) (out node of the LUT)   --->   "%empty_61 = and i1 %icmp_ln46_106, i1 %and_ln46_106" [firmware/nnet_utils/nnet_activation.h:46]   --->   Operation 373 'and' 'empty_61' <Predicate = true> <Delay = 0.97> <CoreInst = "LogicGate">   --->   Core 74 'LogicGate' <Latency = 0> <II = 1> <Delay = 0.97> <FuncUnit> <Opcode : 'and' 'or' 'xor'> <InPorts = 2> <OutPorts = 1>
ST_2 : Operation 374 [1/1] (0.00ns) (grouped into LUT with out node select_ln46_160)   --->   "%or_ln46_160 = or i1 %empty_61, i1 %tmp_314" [firmware/nnet_utils/nnet_activation.h:46]   --->   Operation 374 'or' 'or_ln46_160' <Predicate = true> <Delay = 0.00> <CoreInst = "LogicGate">   --->   Core 74 'LogicGate' <Latency = 0> <II = 1> <Delay = 0.97> <FuncUnit> <Opcode : 'and' 'or' 'xor'> <InPorts = 2> <OutPorts = 1>
ST_2 : Operation 375 [1/1] (0.00ns) (grouped into LUT with out node res_12_0)   --->   "%xor_ln46_51 = xor i1 %empty_61, i1 1" [firmware/nnet_utils/nnet_activation.h:46]   --->   Operation 375 'xor' 'xor_ln46_51' <Predicate = true> <Delay = 0.00> <CoreInst = "LogicGate">   --->   Core 74 'LogicGate' <Latency = 0> <II = 1> <Delay = 0.97> <FuncUnit> <Opcode : 'and' 'or' 'xor'> <InPorts = 2> <OutPorts = 1>
ST_2 : Operation 376 [1/1] (0.00ns) (grouped into LUT with out node res_12_0)   --->   "%or_ln46_161 = or i1 %tmp_314, i1 %xor_ln46_51" [firmware/nnet_utils/nnet_activation.h:46]   --->   Operation 376 'or' 'or_ln46_161' <Predicate = true> <Delay = 0.00> <CoreInst = "LogicGate">   --->   Core 74 'LogicGate' <Latency = 0> <II = 1> <Delay = 0.97> <FuncUnit> <Opcode : 'and' 'or' 'xor'> <InPorts = 2> <OutPorts = 1>
ST_2 : Operation 377 [1/1] (0.00ns) (grouped into LUT with out node select_ln46_160)   --->   "%select_ln46_159 = select i1 %tmp_314, i2 0, i2 %add_ln46_51" [firmware/nnet_utils/nnet_activation.h:46]   --->   Operation 377 'select' 'select_ln46_159' <Predicate = true> <Delay = 0.00> <CoreInst = "Sel">   --->   Core 73 'Sel' <Latency = 0> <II = 1> <Delay = 0.99> <FuncUnit> <Opcode : 'select'> <InPorts = 3> <OutPorts = 1>
ST_2 : Operation 378 [1/1] (0.99ns) (out node of the LUT)   --->   "%select_ln46_160 = select i1 %or_ln46_160, i2 %select_ln46_159, i2 3" [firmware/nnet_utils/nnet_activation.h:46]   --->   Operation 378 'select' 'select_ln46_160' <Predicate = true> <Delay = 0.99> <CoreInst = "Sel">   --->   Core 73 'Sel' <Latency = 0> <II = 1> <Delay = 0.99> <FuncUnit> <Opcode : 'select'> <InPorts = 3> <OutPorts = 1>
ST_2 : Operation 379 [1/1] (0.00ns) (grouped into LUT with out node res_12_0)   --->   "%select_ln46_161 = select i1 %or_ln46_161, i2 %select_ln46_160, i2 %add_ln46_51" [firmware/nnet_utils/nnet_activation.h:46]   --->   Operation 379 'select' 'select_ln46_161' <Predicate = true> <Delay = 0.00> <CoreInst = "Sel">   --->   Core 73 'Sel' <Latency = 0> <II = 1> <Delay = 0.99> <FuncUnit> <Opcode : 'select'> <InPorts = 3> <OutPorts = 1>
ST_2 : Operation 380 [1/1] (0.99ns) (out node of the LUT)   --->   "%res_12_0 = select i1 %icmp_ln45_51, i2 %select_ln46_161, i2 0" [firmware/nnet_utils/nnet_activation.h:45]   --->   Operation 380 'select' 'res_12_0' <Predicate = true> <Delay = 0.99> <CoreInst = "Sel">   --->   Core 73 'Sel' <Latency = 0> <II = 1> <Delay = 0.99> <FuncUnit> <Opcode : 'select'> <InPorts = 3> <OutPorts = 1>
ST_2 : Operation 381 [1/1] (2.07ns)   --->   "%icmp_ln45_52 = icmp_sgt  i16 %data_13_val_read, i16 0" [firmware/nnet_utils/nnet_activation.h:45]   --->   Operation 381 'icmp' 'icmp_ln45_52' <Predicate = true> <Delay = 2.07> <CoreInst = "Cmp">   --->   Core 9 'Cmp' <Latency = 0> <II = 1> <Delay = 2.07> <FuncUnit> <Opcode : 'seteq' 'setne' 'setle' 'setge' 'setlt' 'setgt'> <InPorts = 2> <OutPorts = 1>
ST_2 : Operation 382 [1/1] (0.00ns) (grouped into LUT with out node empty_62)   --->   "%tmp_322 = bitselect i1 @_ssdm_op_BitSelect.i1.i16.i32, i16 %data_13_val_read, i32 9" [firmware/nnet_utils/nnet_activation.h:46]   --->   Operation 382 'bitselect' 'tmp_322' <Predicate = true> <Delay = 0.00>
ST_2 : Operation 383 [1/1] (0.00ns) (grouped into LUT with out node empty_62)   --->   "%tmp_325 = bitselect i1 @_ssdm_op_BitSelect.i1.i2.i32, i2 %add_ln46_52, i32 1" [firmware/nnet_utils/nnet_activation.h:46]   --->   Operation 383 'bitselect' 'tmp_325' <Predicate = true> <Delay = 0.00>
ST_2 : Operation 384 [1/1] (0.00ns) (grouped into LUT with out node empty_62)   --->   "%not_tmp_381 = xor i1 %tmp_322, i1 1" [firmware/nnet_utils/nnet_activation.h:46]   --->   Operation 384 'xor' 'not_tmp_381' <Predicate = true> <Delay = 0.00> <CoreInst = "LogicGate">   --->   Core 74 'LogicGate' <Latency = 0> <II = 1> <Delay = 0.97> <FuncUnit> <Opcode : 'and' 'or' 'xor'> <InPorts = 2> <OutPorts = 1>
ST_2 : Operation 385 [1/1] (0.00ns) (grouped into LUT with out node empty_62)   --->   "%and_ln46_108 = or i1 %tmp_325, i1 %not_tmp_381" [firmware/nnet_utils/nnet_activation.h:46]   --->   Operation 385 'or' 'and_ln46_108' <Predicate = true> <Delay = 0.00> <CoreInst = "LogicGate">   --->   Core 74 'LogicGate' <Latency = 0> <II = 1> <Delay = 0.97> <FuncUnit> <Opcode : 'and' 'or' 'xor'> <InPorts = 2> <OutPorts = 1>
ST_2 : Operation 386 [1/1] (0.97ns) (out node of the LUT)   --->   "%empty_62 = and i1 %icmp_ln46_108, i1 %and_ln46_108" [firmware/nnet_utils/nnet_activation.h:46]   --->   Operation 386 'and' 'empty_62' <Predicate = true> <Delay = 0.97> <CoreInst = "LogicGate">   --->   Core 74 'LogicGate' <Latency = 0> <II = 1> <Delay = 0.97> <FuncUnit> <Opcode : 'and' 'or' 'xor'> <InPorts = 2> <OutPorts = 1>
ST_2 : Operation 387 [1/1] (0.00ns) (grouped into LUT with out node select_ln46_163)   --->   "%or_ln46_163 = or i1 %empty_62, i1 %tmp_320" [firmware/nnet_utils/nnet_activation.h:46]   --->   Operation 387 'or' 'or_ln46_163' <Predicate = true> <Delay = 0.00> <CoreInst = "LogicGate">   --->   Core 74 'LogicGate' <Latency = 0> <II = 1> <Delay = 0.97> <FuncUnit> <Opcode : 'and' 'or' 'xor'> <InPorts = 2> <OutPorts = 1>
ST_2 : Operation 388 [1/1] (0.00ns) (grouped into LUT with out node res_13_0)   --->   "%xor_ln46_52 = xor i1 %empty_62, i1 1" [firmware/nnet_utils/nnet_activation.h:46]   --->   Operation 388 'xor' 'xor_ln46_52' <Predicate = true> <Delay = 0.00> <CoreInst = "LogicGate">   --->   Core 74 'LogicGate' <Latency = 0> <II = 1> <Delay = 0.97> <FuncUnit> <Opcode : 'and' 'or' 'xor'> <InPorts = 2> <OutPorts = 1>
ST_2 : Operation 389 [1/1] (0.00ns) (grouped into LUT with out node res_13_0)   --->   "%or_ln46_164 = or i1 %tmp_320, i1 %xor_ln46_52" [firmware/nnet_utils/nnet_activation.h:46]   --->   Operation 389 'or' 'or_ln46_164' <Predicate = true> <Delay = 0.00> <CoreInst = "LogicGate">   --->   Core 74 'LogicGate' <Latency = 0> <II = 1> <Delay = 0.97> <FuncUnit> <Opcode : 'and' 'or' 'xor'> <InPorts = 2> <OutPorts = 1>
ST_2 : Operation 390 [1/1] (0.00ns) (grouped into LUT with out node select_ln46_163)   --->   "%select_ln46_162 = select i1 %tmp_320, i2 0, i2 %add_ln46_52" [firmware/nnet_utils/nnet_activation.h:46]   --->   Operation 390 'select' 'select_ln46_162' <Predicate = true> <Delay = 0.00> <CoreInst = "Sel">   --->   Core 73 'Sel' <Latency = 0> <II = 1> <Delay = 0.99> <FuncUnit> <Opcode : 'select'> <InPorts = 3> <OutPorts = 1>
ST_2 : Operation 391 [1/1] (0.99ns) (out node of the LUT)   --->   "%select_ln46_163 = select i1 %or_ln46_163, i2 %select_ln46_162, i2 3" [firmware/nnet_utils/nnet_activation.h:46]   --->   Operation 391 'select' 'select_ln46_163' <Predicate = true> <Delay = 0.99> <CoreInst = "Sel">   --->   Core 73 'Sel' <Latency = 0> <II = 1> <Delay = 0.99> <FuncUnit> <Opcode : 'select'> <InPorts = 3> <OutPorts = 1>
ST_2 : Operation 392 [1/1] (0.00ns) (grouped into LUT with out node res_13_0)   --->   "%select_ln46_164 = select i1 %or_ln46_164, i2 %select_ln46_163, i2 %add_ln46_52" [firmware/nnet_utils/nnet_activation.h:46]   --->   Operation 392 'select' 'select_ln46_164' <Predicate = true> <Delay = 0.00> <CoreInst = "Sel">   --->   Core 73 'Sel' <Latency = 0> <II = 1> <Delay = 0.99> <FuncUnit> <Opcode : 'select'> <InPorts = 3> <OutPorts = 1>
ST_2 : Operation 393 [1/1] (0.99ns) (out node of the LUT)   --->   "%res_13_0 = select i1 %icmp_ln45_52, i2 %select_ln46_164, i2 0" [firmware/nnet_utils/nnet_activation.h:45]   --->   Operation 393 'select' 'res_13_0' <Predicate = true> <Delay = 0.99> <CoreInst = "Sel">   --->   Core 73 'Sel' <Latency = 0> <II = 1> <Delay = 0.99> <FuncUnit> <Opcode : 'select'> <InPorts = 3> <OutPorts = 1>
ST_2 : Operation 394 [1/1] (2.07ns)   --->   "%icmp_ln45_53 = icmp_sgt  i16 %data_14_val_read, i16 0" [firmware/nnet_utils/nnet_activation.h:45]   --->   Operation 394 'icmp' 'icmp_ln45_53' <Predicate = true> <Delay = 2.07> <CoreInst = "Cmp">   --->   Core 9 'Cmp' <Latency = 0> <II = 1> <Delay = 2.07> <FuncUnit> <Opcode : 'seteq' 'setne' 'setle' 'setge' 'setlt' 'setgt'> <InPorts = 2> <OutPorts = 1>
ST_2 : Operation 395 [1/1] (0.00ns) (grouped into LUT with out node empty_63)   --->   "%tmp_328 = bitselect i1 @_ssdm_op_BitSelect.i1.i16.i32, i16 %data_14_val_read, i32 9" [firmware/nnet_utils/nnet_activation.h:46]   --->   Operation 395 'bitselect' 'tmp_328' <Predicate = true> <Delay = 0.00>
ST_2 : Operation 396 [1/1] (0.00ns) (grouped into LUT with out node empty_63)   --->   "%tmp_331 = bitselect i1 @_ssdm_op_BitSelect.i1.i2.i32, i2 %add_ln46_53, i32 1" [firmware/nnet_utils/nnet_activation.h:46]   --->   Operation 396 'bitselect' 'tmp_331' <Predicate = true> <Delay = 0.00>
ST_2 : Operation 397 [1/1] (0.00ns) (grouped into LUT with out node empty_63)   --->   "%not_tmp_388 = xor i1 %tmp_328, i1 1" [firmware/nnet_utils/nnet_activation.h:46]   --->   Operation 397 'xor' 'not_tmp_388' <Predicate = true> <Delay = 0.00> <CoreInst = "LogicGate">   --->   Core 74 'LogicGate' <Latency = 0> <II = 1> <Delay = 0.97> <FuncUnit> <Opcode : 'and' 'or' 'xor'> <InPorts = 2> <OutPorts = 1>
ST_2 : Operation 398 [1/1] (0.00ns) (grouped into LUT with out node empty_63)   --->   "%and_ln46_110 = or i1 %tmp_331, i1 %not_tmp_388" [firmware/nnet_utils/nnet_activation.h:46]   --->   Operation 398 'or' 'and_ln46_110' <Predicate = true> <Delay = 0.00> <CoreInst = "LogicGate">   --->   Core 74 'LogicGate' <Latency = 0> <II = 1> <Delay = 0.97> <FuncUnit> <Opcode : 'and' 'or' 'xor'> <InPorts = 2> <OutPorts = 1>
ST_2 : Operation 399 [1/1] (0.97ns) (out node of the LUT)   --->   "%empty_63 = and i1 %icmp_ln46_110, i1 %and_ln46_110" [firmware/nnet_utils/nnet_activation.h:46]   --->   Operation 399 'and' 'empty_63' <Predicate = true> <Delay = 0.97> <CoreInst = "LogicGate">   --->   Core 74 'LogicGate' <Latency = 0> <II = 1> <Delay = 0.97> <FuncUnit> <Opcode : 'and' 'or' 'xor'> <InPorts = 2> <OutPorts = 1>
ST_2 : Operation 400 [1/1] (0.00ns) (grouped into LUT with out node select_ln46_166)   --->   "%or_ln46_166 = or i1 %empty_63, i1 %tmp_326" [firmware/nnet_utils/nnet_activation.h:46]   --->   Operation 400 'or' 'or_ln46_166' <Predicate = true> <Delay = 0.00> <CoreInst = "LogicGate">   --->   Core 74 'LogicGate' <Latency = 0> <II = 1> <Delay = 0.97> <FuncUnit> <Opcode : 'and' 'or' 'xor'> <InPorts = 2> <OutPorts = 1>
ST_2 : Operation 401 [1/1] (0.00ns) (grouped into LUT with out node res_1445_0)   --->   "%xor_ln46_53 = xor i1 %empty_63, i1 1" [firmware/nnet_utils/nnet_activation.h:46]   --->   Operation 401 'xor' 'xor_ln46_53' <Predicate = true> <Delay = 0.00> <CoreInst = "LogicGate">   --->   Core 74 'LogicGate' <Latency = 0> <II = 1> <Delay = 0.97> <FuncUnit> <Opcode : 'and' 'or' 'xor'> <InPorts = 2> <OutPorts = 1>
ST_2 : Operation 402 [1/1] (0.00ns) (grouped into LUT with out node res_1445_0)   --->   "%or_ln46_167 = or i1 %tmp_326, i1 %xor_ln46_53" [firmware/nnet_utils/nnet_activation.h:46]   --->   Operation 402 'or' 'or_ln46_167' <Predicate = true> <Delay = 0.00> <CoreInst = "LogicGate">   --->   Core 74 'LogicGate' <Latency = 0> <II = 1> <Delay = 0.97> <FuncUnit> <Opcode : 'and' 'or' 'xor'> <InPorts = 2> <OutPorts = 1>
ST_2 : Operation 403 [1/1] (0.00ns) (grouped into LUT with out node select_ln46_166)   --->   "%select_ln46_165 = select i1 %tmp_326, i2 0, i2 %add_ln46_53" [firmware/nnet_utils/nnet_activation.h:46]   --->   Operation 403 'select' 'select_ln46_165' <Predicate = true> <Delay = 0.00> <CoreInst = "Sel">   --->   Core 73 'Sel' <Latency = 0> <II = 1> <Delay = 0.99> <FuncUnit> <Opcode : 'select'> <InPorts = 3> <OutPorts = 1>
ST_2 : Operation 404 [1/1] (0.99ns) (out node of the LUT)   --->   "%select_ln46_166 = select i1 %or_ln46_166, i2 %select_ln46_165, i2 3" [firmware/nnet_utils/nnet_activation.h:46]   --->   Operation 404 'select' 'select_ln46_166' <Predicate = true> <Delay = 0.99> <CoreInst = "Sel">   --->   Core 73 'Sel' <Latency = 0> <II = 1> <Delay = 0.99> <FuncUnit> <Opcode : 'select'> <InPorts = 3> <OutPorts = 1>
ST_2 : Operation 405 [1/1] (0.00ns) (grouped into LUT with out node res_1445_0)   --->   "%select_ln46_167 = select i1 %or_ln46_167, i2 %select_ln46_166, i2 %add_ln46_53" [firmware/nnet_utils/nnet_activation.h:46]   --->   Operation 405 'select' 'select_ln46_167' <Predicate = true> <Delay = 0.00> <CoreInst = "Sel">   --->   Core 73 'Sel' <Latency = 0> <II = 1> <Delay = 0.99> <FuncUnit> <Opcode : 'select'> <InPorts = 3> <OutPorts = 1>
ST_2 : Operation 406 [1/1] (0.99ns) (out node of the LUT)   --->   "%res_1445_0 = select i1 %icmp_ln45_53, i2 %select_ln46_167, i2 0" [firmware/nnet_utils/nnet_activation.h:45]   --->   Operation 406 'select' 'res_1445_0' <Predicate = true> <Delay = 0.99> <CoreInst = "Sel">   --->   Core 73 'Sel' <Latency = 0> <II = 1> <Delay = 0.99> <FuncUnit> <Opcode : 'select'> <InPorts = 3> <OutPorts = 1>
ST_2 : Operation 407 [1/1] (2.07ns)   --->   "%icmp_ln45_54 = icmp_sgt  i16 %data_15_val_read, i16 0" [firmware/nnet_utils/nnet_activation.h:45]   --->   Operation 407 'icmp' 'icmp_ln45_54' <Predicate = true> <Delay = 2.07> <CoreInst = "Cmp">   --->   Core 9 'Cmp' <Latency = 0> <II = 1> <Delay = 2.07> <FuncUnit> <Opcode : 'seteq' 'setne' 'setle' 'setge' 'setlt' 'setgt'> <InPorts = 2> <OutPorts = 1>
ST_2 : Operation 408 [1/1] (0.00ns) (grouped into LUT with out node empty_64)   --->   "%tmp_334 = bitselect i1 @_ssdm_op_BitSelect.i1.i16.i32, i16 %data_15_val_read, i32 9" [firmware/nnet_utils/nnet_activation.h:46]   --->   Operation 408 'bitselect' 'tmp_334' <Predicate = true> <Delay = 0.00>
ST_2 : Operation 409 [1/1] (0.00ns) (grouped into LUT with out node empty_64)   --->   "%tmp_337 = bitselect i1 @_ssdm_op_BitSelect.i1.i2.i32, i2 %add_ln46_54, i32 1" [firmware/nnet_utils/nnet_activation.h:46]   --->   Operation 409 'bitselect' 'tmp_337' <Predicate = true> <Delay = 0.00>
ST_2 : Operation 410 [1/1] (0.00ns) (grouped into LUT with out node empty_64)   --->   "%not_tmp_395 = xor i1 %tmp_334, i1 1" [firmware/nnet_utils/nnet_activation.h:46]   --->   Operation 410 'xor' 'not_tmp_395' <Predicate = true> <Delay = 0.00> <CoreInst = "LogicGate">   --->   Core 74 'LogicGate' <Latency = 0> <II = 1> <Delay = 0.97> <FuncUnit> <Opcode : 'and' 'or' 'xor'> <InPorts = 2> <OutPorts = 1>
ST_2 : Operation 411 [1/1] (0.00ns) (grouped into LUT with out node empty_64)   --->   "%and_ln46_112 = or i1 %tmp_337, i1 %not_tmp_395" [firmware/nnet_utils/nnet_activation.h:46]   --->   Operation 411 'or' 'and_ln46_112' <Predicate = true> <Delay = 0.00> <CoreInst = "LogicGate">   --->   Core 74 'LogicGate' <Latency = 0> <II = 1> <Delay = 0.97> <FuncUnit> <Opcode : 'and' 'or' 'xor'> <InPorts = 2> <OutPorts = 1>
ST_2 : Operation 412 [1/1] (0.97ns) (out node of the LUT)   --->   "%empty_64 = and i1 %icmp_ln46_112, i1 %and_ln46_112" [firmware/nnet_utils/nnet_activation.h:46]   --->   Operation 412 'and' 'empty_64' <Predicate = true> <Delay = 0.97> <CoreInst = "LogicGate">   --->   Core 74 'LogicGate' <Latency = 0> <II = 1> <Delay = 0.97> <FuncUnit> <Opcode : 'and' 'or' 'xor'> <InPorts = 2> <OutPorts = 1>
ST_2 : Operation 413 [1/1] (0.00ns) (grouped into LUT with out node select_ln46_169)   --->   "%or_ln46_169 = or i1 %empty_64, i1 %tmp_332" [firmware/nnet_utils/nnet_activation.h:46]   --->   Operation 413 'or' 'or_ln46_169' <Predicate = true> <Delay = 0.00> <CoreInst = "LogicGate">   --->   Core 74 'LogicGate' <Latency = 0> <II = 1> <Delay = 0.97> <FuncUnit> <Opcode : 'and' 'or' 'xor'> <InPorts = 2> <OutPorts = 1>
ST_2 : Operation 414 [1/1] (0.00ns) (grouped into LUT with out node res_15_0)   --->   "%xor_ln46_54 = xor i1 %empty_64, i1 1" [firmware/nnet_utils/nnet_activation.h:46]   --->   Operation 414 'xor' 'xor_ln46_54' <Predicate = true> <Delay = 0.00> <CoreInst = "LogicGate">   --->   Core 74 'LogicGate' <Latency = 0> <II = 1> <Delay = 0.97> <FuncUnit> <Opcode : 'and' 'or' 'xor'> <InPorts = 2> <OutPorts = 1>
ST_2 : Operation 415 [1/1] (0.00ns) (grouped into LUT with out node res_15_0)   --->   "%or_ln46_170 = or i1 %tmp_332, i1 %xor_ln46_54" [firmware/nnet_utils/nnet_activation.h:46]   --->   Operation 415 'or' 'or_ln46_170' <Predicate = true> <Delay = 0.00> <CoreInst = "LogicGate">   --->   Core 74 'LogicGate' <Latency = 0> <II = 1> <Delay = 0.97> <FuncUnit> <Opcode : 'and' 'or' 'xor'> <InPorts = 2> <OutPorts = 1>
ST_2 : Operation 416 [1/1] (0.00ns) (grouped into LUT with out node select_ln46_169)   --->   "%select_ln46_168 = select i1 %tmp_332, i2 0, i2 %add_ln46_54" [firmware/nnet_utils/nnet_activation.h:46]   --->   Operation 416 'select' 'select_ln46_168' <Predicate = true> <Delay = 0.00> <CoreInst = "Sel">   --->   Core 73 'Sel' <Latency = 0> <II = 1> <Delay = 0.99> <FuncUnit> <Opcode : 'select'> <InPorts = 3> <OutPorts = 1>
ST_2 : Operation 417 [1/1] (0.99ns) (out node of the LUT)   --->   "%select_ln46_169 = select i1 %or_ln46_169, i2 %select_ln46_168, i2 3" [firmware/nnet_utils/nnet_activation.h:46]   --->   Operation 417 'select' 'select_ln46_169' <Predicate = true> <Delay = 0.99> <CoreInst = "Sel">   --->   Core 73 'Sel' <Latency = 0> <II = 1> <Delay = 0.99> <FuncUnit> <Opcode : 'select'> <InPorts = 3> <OutPorts = 1>
ST_2 : Operation 418 [1/1] (0.00ns) (grouped into LUT with out node res_15_0)   --->   "%select_ln46_170 = select i1 %or_ln46_170, i2 %select_ln46_169, i2 %add_ln46_54" [firmware/nnet_utils/nnet_activation.h:46]   --->   Operation 418 'select' 'select_ln46_170' <Predicate = true> <Delay = 0.00> <CoreInst = "Sel">   --->   Core 73 'Sel' <Latency = 0> <II = 1> <Delay = 0.99> <FuncUnit> <Opcode : 'select'> <InPorts = 3> <OutPorts = 1>
ST_2 : Operation 419 [1/1] (0.99ns) (out node of the LUT)   --->   "%res_15_0 = select i1 %icmp_ln45_54, i2 %select_ln46_170, i2 0" [firmware/nnet_utils/nnet_activation.h:45]   --->   Operation 419 'select' 'res_15_0' <Predicate = true> <Delay = 0.99> <CoreInst = "Sel">   --->   Core 73 'Sel' <Latency = 0> <II = 1> <Delay = 0.99> <FuncUnit> <Opcode : 'select'> <InPorts = 3> <OutPorts = 1>
ST_2 : Operation 420 [1/1] (0.00ns)   --->   "%mrv = insertvalue i32 <undef>, i2 %res_0_0" [firmware/nnet_utils/nnet_activation.h:50]   --->   Operation 420 'insertvalue' 'mrv' <Predicate = true> <Delay = 0.00>
ST_2 : Operation 421 [1/1] (0.00ns)   --->   "%mrv_1 = insertvalue i32 %mrv, i2 %res_1_0" [firmware/nnet_utils/nnet_activation.h:50]   --->   Operation 421 'insertvalue' 'mrv_1' <Predicate = true> <Delay = 0.00>
ST_2 : Operation 422 [1/1] (0.00ns)   --->   "%mrv_2 = insertvalue i32 %mrv_1, i2 %res_2_0" [firmware/nnet_utils/nnet_activation.h:50]   --->   Operation 422 'insertvalue' 'mrv_2' <Predicate = true> <Delay = 0.00>
ST_2 : Operation 423 [1/1] (0.00ns)   --->   "%mrv_3 = insertvalue i32 %mrv_2, i2 %res_3_0" [firmware/nnet_utils/nnet_activation.h:50]   --->   Operation 423 'insertvalue' 'mrv_3' <Predicate = true> <Delay = 0.00>
ST_2 : Operation 424 [1/1] (0.00ns)   --->   "%mrv_4 = insertvalue i32 %mrv_3, i2 %res_4_0" [firmware/nnet_utils/nnet_activation.h:50]   --->   Operation 424 'insertvalue' 'mrv_4' <Predicate = true> <Delay = 0.00>
ST_2 : Operation 425 [1/1] (0.00ns)   --->   "%mrv_5 = insertvalue i32 %mrv_4, i2 %res_5_0" [firmware/nnet_utils/nnet_activation.h:50]   --->   Operation 425 'insertvalue' 'mrv_5' <Predicate = true> <Delay = 0.00>
ST_2 : Operation 426 [1/1] (0.00ns)   --->   "%mrv_6 = insertvalue i32 %mrv_5, i2 %res_6_0" [firmware/nnet_utils/nnet_activation.h:50]   --->   Operation 426 'insertvalue' 'mrv_6' <Predicate = true> <Delay = 0.00>
ST_2 : Operation 427 [1/1] (0.00ns)   --->   "%mrv_7 = insertvalue i32 %mrv_6, i2 %res_7_0" [firmware/nnet_utils/nnet_activation.h:50]   --->   Operation 427 'insertvalue' 'mrv_7' <Predicate = true> <Delay = 0.00>
ST_2 : Operation 428 [1/1] (0.00ns)   --->   "%mrv_8 = insertvalue i32 %mrv_7, i2 %res_8_0" [firmware/nnet_utils/nnet_activation.h:50]   --->   Operation 428 'insertvalue' 'mrv_8' <Predicate = true> <Delay = 0.00>
ST_2 : Operation 429 [1/1] (0.00ns)   --->   "%mrv_9 = insertvalue i32 %mrv_8, i2 %res_9_0" [firmware/nnet_utils/nnet_activation.h:50]   --->   Operation 429 'insertvalue' 'mrv_9' <Predicate = true> <Delay = 0.00>
ST_2 : Operation 430 [1/1] (0.00ns)   --->   "%mrv_10 = insertvalue i32 %mrv_9, i2 %res_10_0" [firmware/nnet_utils/nnet_activation.h:50]   --->   Operation 430 'insertvalue' 'mrv_10' <Predicate = true> <Delay = 0.00>
ST_2 : Operation 431 [1/1] (0.00ns)   --->   "%mrv_11 = insertvalue i32 %mrv_10, i2 %res_11_0" [firmware/nnet_utils/nnet_activation.h:50]   --->   Operation 431 'insertvalue' 'mrv_11' <Predicate = true> <Delay = 0.00>
ST_2 : Operation 432 [1/1] (0.00ns)   --->   "%mrv_12 = insertvalue i32 %mrv_11, i2 %res_12_0" [firmware/nnet_utils/nnet_activation.h:50]   --->   Operation 432 'insertvalue' 'mrv_12' <Predicate = true> <Delay = 0.00>
ST_2 : Operation 433 [1/1] (0.00ns)   --->   "%mrv_13 = insertvalue i32 %mrv_12, i2 %res_13_0" [firmware/nnet_utils/nnet_activation.h:50]   --->   Operation 433 'insertvalue' 'mrv_13' <Predicate = true> <Delay = 0.00>
ST_2 : Operation 434 [1/1] (0.00ns)   --->   "%mrv_14 = insertvalue i32 %mrv_13, i2 %res_1445_0" [firmware/nnet_utils/nnet_activation.h:50]   --->   Operation 434 'insertvalue' 'mrv_14' <Predicate = true> <Delay = 0.00>
ST_2 : Operation 435 [1/1] (0.00ns)   --->   "%mrv_15 = insertvalue i32 %mrv_14, i2 %res_15_0" [firmware/nnet_utils/nnet_activation.h:50]   --->   Operation 435 'insertvalue' 'mrv_15' <Predicate = true> <Delay = 0.00>
ST_2 : Operation 436 [1/1] (0.00ns)   --->   "%ret_ln50 = ret i32 %mrv_15" [firmware/nnet_utils/nnet_activation.h:50]   --->   Operation 436 'ret' 'ret_ln50' <Predicate = true> <Delay = 0.00>


============================================================
+ Verbose Summary: Timing violations
============================================================
Target clock period: 5.000ns, clock uncertainty: 0.625ns.

 <State 1>: 3.435ns
The critical path consists of the following:
	wire read operation ('data_0_val_read', firmware/nnet_utils/nnet_activation.h:42) on port 'data_0_val' (firmware/nnet_utils/nnet_activation.h:42) [33]  (0.000 ns)
	'icmp' operation 1 bit ('icmp_ln46', firmware/nnet_utils/nnet_activation.h:46) [39]  (1.870 ns)
	'or' operation 1 bit ('or_ln46', firmware/nnet_utils/nnet_activation.h:46) [42]  (0.000 ns)
	'and' operation 1 bit ('and_ln46', firmware/nnet_utils/nnet_activation.h:46) [43]  (0.000 ns)
	'add' operation 2 bit ('add_ln46', firmware/nnet_utils/nnet_activation.h:46) [45]  (1.565 ns)

 <State 2>: 3.070ns
The critical path consists of the following:
	'icmp' operation 1 bit ('icmp_ln45', firmware/nnet_utils/nnet_activation.h:45) [34]  (2.077 ns)
	'select' operation 2 bit ('res_0_0', firmware/nnet_utils/nnet_activation.h:45) [58]  (0.993 ns)


============================================================
+ Verbose Summary: Binding
============================================================
N/A
* FSMD analyzer results:
  - Output states:
 - Input state : 
  - Chain level:
	State 1
	State 2


============================================================
+ Verbose Summary: Datapath Resource usage 
============================================================
N/A
